timestamp,update_id,episode_id,phase_id,phase_name,max_step,episode_return,episode_len,done_reason,start_distance,final_distance,start_agl,final_agl,start_alt_error,final_alt_error,final_closing_speed,final_theta_deg,final_alpha_deg,final_beta_deg,final_alignment,final_forward_up_dot,final_grounded_flag,final_ang_vel_mag
2026-04-08 23:17:59,1842,1,1,v8_5_phase_1_9,480,201.4190945709338,162,success,99.91725158691406,14.480561256408691,0.40629085898399353,36.35586929321289,48.5619010925293,13.047012329101562,31.00054359436035,28.30593975083906,10.732327469259811,0.0,0.8804282009024744,0.9871804714202881,0.0,3.3198717886631246
2026-04-08 23:18:04,1842,2,1,v8_5_phase_1_9,480,-283.7132639439758,348,wrong_way,98.75425720214844,115.32752227783203,0.40629085898399353,98.98551177978516,48.5619010925293,-49.196136474609375,-14.074847221374512,142.58884594350542,-88.771176340712,155.46047403817784,-0.7942963645845114,-0.0628979355096817,0.0,2.707711542990962
2026-04-08 23:18:06,1842,3,1,v8_5_phase_1_9,480,199.03592565578205,172,success,105.15376281738281,14.983426094055176,0.40629085898399353,36.978580474853516,48.5619010925293,12.428943634033203,31.638336181640625,38.86718122667381,-19.42805132992002,0.0,0.778602715345983,0.975833535194397,0.0,1.3913072799959025
2026-04-08 23:18:08,1842,4,1,v8_5_phase_1_9,480,208.52349629844167,156,success,98.43096160888672,14.833839416503906,0.40629085898399353,35.910274505615234,48.5619010925293,13.489330291748047,30.719789505004883,23.81467885265818,22.81272425236316,0.0,0.9148562518155569,0.9971948266029358,0.0,2.1791353391556005
2026-04-08 23:18:14,1843,5,1,v8_5_phase_1_9,480,-429.95101098278457,480,timeout,105.93340301513672,125.2950439453125,0.40629085898399353,98.55411529541016,48.5619010925293,-48.82295227050781,-5.305643558502197,153.30292656239754,131.4758276355712,-159.40537273672376,-0.893394337545465,0.08910953998565674,0.0,3.7098983001797774
2026-04-08 23:18:16,1843,6,1,v8_5_phase_1_9,480,208.5130574942577,159,success,98.93310546875,14.957596778869629,0.40629085898399353,36.29038619995117,48.5619010925293,13.109283447265625,30.43343734741211,25.667502561260246,8.737026868344925,0.0,0.9013228422972684,0.9965943694114685,0.0,1.3423390703615838
2026-04-08 23:18:18,1843,7,1,v8_5_phase_1_9,480,207.23464217913994,163,success,98.96875,14.626729965209961,0.40629085898399353,35.21512985229492,48.5619010925293,14.184501647949219,27.36448860168457,17.87663874674874,5.881766177337705,0.0,0.9517196435328998,0.997775137424469,0.0,0.31631965357668396
2026-04-08 23:18:21,1843,8,1,v8_5_phase_1_9,480,200.69590109685154,162,success,101.87297821044922,14.66125774383545,0.40629085898399353,36.594757080078125,48.5619010925293,12.806922912597656,32.55043411254883,34.11033696035344,29.13679128223609,0.0,0.8279591740271515,0.99286949634552,0.0,1.6745534583509327
2026-04-08 23:18:23,1843,9,1,v8_5_phase_1_9,480,199.13872357382402,159,success,101.19122314453125,14.685408592224121,0.40629085898399353,38.62468719482422,48.5619010925293,10.779895782470703,30.51331901550293,36.58943266678503,-30.35304989792943,0.0,0.802927426126482,0.9837122559547424,0.0,2.956815061111457
2026-04-08 23:18:25,1843,10,1,v8_5_phase_1_9,480,208.77142261143163,169,success,100.5227279663086,14.671575546264648,0.40629085898399353,35.19138717651367,48.5619010925293,14.209396362304688,26.833019256591797,9.662695085800072,4.662578691150899,0.0,0.9858129625033248,0.9964658617973328,0.0,2.831284158770677
2026-04-08 23:18:27,1843,11,1,v8_5_phase_1_9,480,198.18177374942772,155,success,98.51274108886719,14.854168891906738,0.40629085898399353,36.710941314697266,48.5619010925293,12.690921783447266,32.5758171081543,34.90570224391767,-29.10798495941156,0.0,0.8200949301777896,0.995063304901123,0.0,2.8483967129763004
2026-04-08 23:18:29,1844,12,1,v8_5_phase_1_9,480,199.37863273280539,165,success,98.75808715820312,14.619422912597656,0.40629085898399353,35.503173828125,48.5619010925293,13.897117614746094,27.752878189086914,15.405527531456903,-14.323365165964775,0.0,0.9640697805867767,0.9985418915748596,0.0,4.98616793770735
2026-04-08 23:18:36,1844,13,1,v8_5_phase_1_9,480,-418.1300935503771,480,timeout,104.87157440185547,151.05845642089844,0.40629085898399353,103.56163024902344,48.5619010925293,-53.85997772216797,-14.930403709411621,34.28136831226515,-66.04407021714225,15.843791742192648,0.8262815006363252,0.16765862703323364,0.0,4.372979928834197
2026-04-08 23:18:38,1844,14,1,v8_5_phase_1_9,480,191.85230783622364,170,success,104.10096740722656,14.812088012695312,0.40629085898399353,36.77447509765625,48.5619010925293,12.627216339111328,30.909963607788086,27.716989614181784,-22.19506512307703,0.0,0.8852557496804784,0.9952894449234009,0.0,2.302692085672291
2026-04-08 23:18:40,1844,15,1,v8_5_phase_1_9,480,216.34477376267404,158,success,102.03765106201172,14.755660057067871,0.40629085898399353,37.19480895996094,48.5619010925293,12.205284118652344,32.72542953491211,33.93696626865101,11.348366989939002,0.0,0.8296522646508724,0.9948344230651855,0.0,1.4101538189531004
2026-04-08 23:18:42,1844,16,1,v8_5_phase_1_9,480,204.12983871369931,165,success,101.55611419677734,14.481406211853027,0.40629085898399353,35.780242919921875,48.5619010925293,13.62005615234375,29.106700897216797,24.674814820121643,17.859621330431654,0.0,0.9086917692039232,0.9956589341163635,0.0,2.8545600548464543
2026-04-08 23:18:47,1845,17,1,v8_5_phase_1_9,480,-284.69972701517145,322,wrong_way,102.74544525146484,111.2599105834961,0.40629085898399353,139.25274658203125,48.5619010925293,-89.82170867919922,-46.7697639465332,143.1176118682911,145.3899884843977,24.922125724684047,-0.7998691809293086,0.9028197526931763,0.0,0.48364982374877
2026-04-08 23:18:49,1845,18,1,v8_5_phase_1_9,480,215.71095448188694,166,success,105.3376693725586,14.395817756652832,0.40629085898399353,37.44928741455078,48.5619010925293,11.968589782714844,34.56681442260742,21.980873805800016,7.666389593303548,0.48032761057415185,0.9273088522285288,0.9402596950531006,0.0,1.156234757971003
2026-04-08 23:18:51,1845,19,1,v8_5_phase_1_9,480,194.83138500629778,162,success,102.06271362304688,14.986104011535645,0.40629085898399353,37.3781623840332,48.5619010925293,12.021171569824219,32.34183120727539,36.73473469609329,-26.024443124643238,0.0,0.8014131957630702,0.999904215335846,0.0,0.44783069429092787
2026-04-08 23:18:53,1845,20,1,v8_5_phase_1_9,480,212.12239203726887,159,success,103.7730941772461,14.602222442626953,0.40629085898399353,37.175872802734375,48.5619010925293,12.236518859863281,34.9190673828125,24.593875370909696,17.793189203016816,0.0,0.9092806021638753,0.9558582305908203,0.0,1.7352330794142905
2026-04-08 23:18:58,1845,21,1,v8_5_phase_1_9,480,-223.27382035064727,350,high_altitude,103.62069702148438,105.28382873535156,0.40629085898399353,145.42799377441406,48.5619010925293,-95.7204818725586,-26.495935440063477,89.29233343476231,84.87167790957915,68.57393130457994,0.012350797545148968,0.1517982929944992,0.0,1.7327710538827785
2026-04-08 23:19:00,1845,22,1,v8_5_phase_1_9,480,202.39170143873423,160,success,98.1467514038086,14.775603294372559,0.40629085898399353,35.72761154174805,48.5619010925293,13.671867370605469,29.687339782714844,25.95916359165084,-25.955729714045617,0.0,0.8991062581575204,0.9979270100593567,0.0,2.73063579566723
2026-04-08 23:19:03,1846,23,1,v8_5_phase_1_9,480,220.29577463602746,163,success,97.84120178222656,14.799278259277344,0.40629085898399353,34.77219009399414,48.5619010925293,14.636608123779297,25.32937240600586,7.777837789990646,-3.8118210003046884,0.0,0.9908002616168496,0.9690388441085815,0.0,1.0378290332411007
2026-04-08 23:19:05,1846,24,1,v8_5_phase_1_9,480,216.41799375790947,162,success,98.33473205566406,14.62044620513916,0.40629085898399353,35.46625518798828,48.5619010925293,13.933040618896484,27.242931365966797,17.906807692312686,-3.954185194496203,0.0,0.9515578780802634,0.9985629916191101,0.0,1.1391011579943282
2026-04-08 23:19:11,1846,25,1,v8_5_phase_1_9,480,-450.3633464054999,423,wrong_way,103.5631332397461,175.97250366210938,0.40629085898399353,128.93338012695312,48.5619010925293,-79.10530853271484,-26.999462127685547,129.1548747140875,130.61022410167712,143.39301875600438,-0.6314187721954495,-0.16788001358509064,0.0,3.449078972406416
2026-04-08 23:19:13,1846,26,1,v8_5_phase_1_9,480,192.1351681210182,168,success,104.15791320800781,14.793241500854492,0.40629085898399353,37.688411712646484,48.5619010925293,11.710895538330078,32.20668029785156,36.02363345631951,-10.917674043898215,0.0,0.8087744749414655,0.9990177750587463,0.0,0.232912537461699
2026-04-08 23:19:20,1847,27,1,v8_5_phase_1_9,480,-398.63110119010787,480,timeout,100.10464477539062,101.3691177368164,0.40629085898399353,104.62680053710938,48.5619010925293,-54.7720947265625,10.440930366516113,101.00233759691234,-70.75283678189489,112.48764219574728,-0.19084904439225112,-0.22690215706825256,0.0,4.166244950467852
2026-04-08 23:19:22,1847,28,1,v8_5_phase_1_9,480,211.52591157379754,163,success,102.0232925415039,14.617161750793457,0.40629085898399353,36.37191390991211,48.5619010925293,13.03628921508789,32.09811019897461,18.77831763229151,5.393977118703844,0.0,0.9467711469188573,0.9687788486480713,0.0,1.2768361666978487
2026-04-08 23:19:25,1847,29,1,v8_5_phase_1_9,480,186.4410700569452,168,success,104.05615234375,14.819514274597168,0.40629085898399353,38.005680084228516,48.5619010925293,11.393959045410156,31.041288375854492,38.03426697814743,-37.611922230819694,0.0,0.7876424030575075,0.9991180896759033,0.0,3.4439555944604274
2026-04-08 23:19:29,1847,30,1,v8_5_phase_1_9,480,-291.70997739002166,322,wrong_way,103.45553588867188,112.6700210571289,0.40629085898399353,142.52615356445312,48.5619010925293,-93.1255111694336,-47.504364013671875,144.9069301855377,144.6526285823598,0.0,-0.8182192609447043,0.9931718707084656,0.0,0.35837701505960134
2026-04-08 23:19:32,1847,31,1,v8_5_phase_1_9,480,193.22126892650857,167,success,103.27397155761719,14.592998504638672,0.40629085898399353,38.06183624267578,48.5619010925293,11.338485717773438,31.899490356445312,35.899614296465,-34.846764541569634,0.0,0.8100455877668921,0.9980561137199402,0.0,4.150825943615319
2026-04-08 23:19:38,1848,32,1,v8_5_phase_1_9,480,-497.4747754047515,430,wrong_way,106.10635375976562,204.87521362304688,0.40629085898399353,110.94929504394531,48.5619010925293,-61.125396728515625,-34.16783905029297,128.14009984872035,148.97781855351369,134.80152870472043,-0.6175864796444984,-0.1564841866493225,0.0,2.951062287801525
2026-04-08 23:19:43,1848,33,1,v8_5_phase_1_9,480,-354.2834287239914,358,wrong_way,105.87129211425781,159.46221923828125,0.40629085898399353,75.96685028076172,48.5619010925293,-26.07117462158203,-38.356727600097656,130.38750529322135,148.06374799726922,139.49541228727162,-0.6479538141218769,-0.3443342447280884,0.0,2.9367064712048743
2026-04-08 23:19:45,1848,34,1,v8_5_phase_1_9,480,194.5131771807169,161,success,101.87515258789062,14.382688522338867,0.40629085898399353,38.57337188720703,48.5619010925293,10.830013275146484,34.241172790527344,40.093056748718524,-18.614495545048754,0.0,0.764999451875098,0.9838569760322571,0.0,0.27594526069441494
2026-04-08 23:19:49,1848,35,1,v8_5_phase_1_9,480,-316.37395060877765,310,wrong_way,105.95064544677734,115.4229736328125,0.40629085898399353,141.57908630371094,48.5619010925293,-92.01314544677734,-52.43519973754883,150.35974340752568,151.20000693959898,-150.58523527278447,-0.8691476663794186,0.5314350128173828,0.0,1.4520256332807526
2026-04-08 23:19:52,1848,36,1,v8_5_phase_1_9,480,195.25813499411368,165,success,101.25601196289062,14.809359550476074,0.40629085898399353,36.36722183227539,48.5619010925293,13.032386779785156,30.225788116455078,28.05129493065535,-13.404243684829085,0.0,0.8825269374134604,0.9998613595962524,0.0,3.9013001393422972
2026-04-08 23:19:54,1849,37,1,v8_5_phase_1_9,480,215.92872538200297,165,success,101.87661743164062,14.545503616333008,0.40629085898399353,36.241939544677734,48.5619010925293,13.167530059814453,27.971235275268555,10.23333433906619,4.458521240168067,0.0,0.9840924145734977,0.9652493596076965,0.0,2.4671220437619783
2026-04-08 23:19:56,1849,38,1,v8_5_phase_1_9,480,200.30202595819563,166,success,98.09745788574219,14.988988876342773,0.40629085898399353,34.63936996459961,48.5619010925293,14.761848449707031,25.718616485595703,8.372571389327629,2.975587920171922,0.0,0.9893421524073084,0.9974979162216187,0.0,6.898431973867509
2026-04-08 23:20:03,1849,39,1,v8_5_phase_1_9,480,-303.2032357912926,480,timeout,105.29409790039062,55.022911071777344,0.40629085898399353,71.39522552490234,48.5619010925293,-21.6138916015625,5.6394524574279785,35.24565441928755,-58.84831566237207,-29.261397838359215,0.8166853262116042,-0.03817947953939438,0.0,4.202111855771123
2026-04-08 23:20:06,1849,40,1,v8_5_phase_1_9,480,207.37650070969772,166,success,105.64470672607422,14.657776832580566,0.40629085898399353,38.68472671508789,48.5619010925293,10.727684020996094,36.510459899902344,28.385169945211207,22.676810318069077,0.0,0.8797716507754932,0.9560086131095886,0.0,1.2106602781671982
2026-04-08 23:20:08,1849,41,1,v8_5_phase_1_9,480,199.17140143333515,161,success,101.87200927734375,14.825359344482422,0.40629085898399353,37.73564910888672,48.5619010925293,11.664188385009766,33.365699768066406,37.5730618695369,-13.180747088581574,0.0,0.7925764210603702,0.9974422454833984,0.0,1.4220703574163556
2026-04-08 23:20:10,1850,42,1,v8_5_phase_1_9,480,213.19326336019054,163,success,100.69279479980469,14.989991188049316,0.40629085898399353,36.03725814819336,48.5619010925293,13.362815856933594,29.77785873413086,24.46368001249821,4.030994940581228,0.0,0.9102239634749488,0.9951006770133972,0.0,1.0833062601095635
2026-04-08 23:20:13,1850,43,1,v8_5_phase_1_9,480,204.52850322971227,167,success,101.76457214355469,14.734355926513672,0.40629085898399353,36.1057243347168,48.5619010925293,13.302001953125,29.90207290649414,35.64291529688842,-26.378960678418164,0.0,0.8126645151983443,0.9699478149414062,0.0,0.7963747344786599
2026-04-08 23:20:15,1850,44,1,v8_5_phase_1_9,480,193.95476528871492,170,success,103.65796661376953,14.765026092529297,0.40629085898399353,35.955810546875,48.5619010925293,13.448490142822266,30.12236976623535,22.13585421316219,7.4129357873563615,0.0,0.9262930180875341,0.9897923469543457,0.0,5.0553702703560885
2026-04-08 23:20:18,1850,45,1,v8_5_phase_1_9,480,194.1735447028328,170,success,102.33734130859375,14.958612442016602,0.40629085898399353,35.738155364990234,48.5619010925293,13.66373062133789,29.495601654052734,20.11171399225057,-12.422638779392472,0.0,0.9390239720230633,0.99504154920578,0.0,2.5529620254228
2026-04-08 23:20:20,1850,46,1,v8_5_phase_1_9,480,203.08477820970938,173,success,104.20397186279297,14.765043258666992,0.40629085898399353,35.69879913330078,48.5619010925293,13.700977325439453,28.841405868530273,23.96598461824689,19.182914133060972,0.0,0.9137867682121121,0.9981760382652283,0.0,1.486190139220033
2026-04-08 23:20:27,1850,47,1,v8_5_phase_1_9,480,-206.709458409974,351,high_altitude,106.55179595947266,102.11167907714844,0.40629085898399353,145.13076782226562,48.5619010925293,-95.24987030029297,-23.09160804748535,54.10357107616639,48.39773691146987,28.90949283194182,0.5863218681016441,-0.30664539337158203,0.0,1.7414814843912143
2026-04-08 23:20:31,1851,48,1,v8_5_phase_1_9,480,195.65639301313215,168,success,102.17497253417969,14.780500411987305,0.40629085898399353,36.41402816772461,48.5619010925293,12.986873626708984,29.778532028198242,35.09611425759929,-24.94832633034022,0.0,0.8181887118239728,0.9933972954750061,0.0,3.3796921435362046
2026-04-08 23:20:34,1851,49,1,v8_5_phase_1_9,480,208.45634810157458,164,success,100.16874694824219,14.981088638305664,0.40629085898399353,35.53015899658203,48.5619010925293,13.870285034179688,29.687955856323242,17.783049787193935,17.120405324486807,0.0,0.9522197870646305,0.9961826801300049,0.0,3.594988085044979
2026-04-08 23:20:38,1851,50,1,v8_5_phase_1_9,480,214.54911840529547,165,success,105.04745483398438,14.89975643157959,0.40629085898399353,35.91803741455078,48.5619010925293,13.497730255126953,31.445892333984375,27.57280090570823,4.3604896694449895,0.1665583784181393,0.8864234123662813,0.9459512829780579,0.0,1.9117944428484734
2026-04-08 23:20:40,1851,51,1,v8_5_phase_1_9,480,199.0562226851326,172,success,102.55933380126953,14.669026374816895,0.40629085898399353,36.232295989990234,48.5619010925293,13.170719146728516,29.641429901123047,20.11970702112678,-20.24171639781801,0.0,0.9389759939698304,0.9900434613227844,0.0,3.7288584398636027
2026-04-08 23:20:43,1851,52,1,v8_5_phase_1_9,480,192.89727178946785,167,success,100.965087890625,14.766915321350098,0.40629085898399353,36.545108795166016,48.5619010925293,12.85922622680664,28.777647018432617,37.66269785710956,-36.69448780640899,0.0,0.7916214970066279,0.9820466041564941,0.0,2.9882024398404963
2026-04-08 23:20:46,1851,53,1,v8_5_phase_1_9,480,204.2640050562846,162,success,98.45154571533203,14.65699577331543,0.40629085898399353,35.3790283203125,48.5619010925293,14.020675659179688,28.500574111938477,19.60956189956582,6.49763537017447,0.0,0.9420014572868058,0.9984002709388733,0.0,4.013697132452791
2026-04-08 23:20:49,1851,54,1,v8_5_phase_1_9,480,205.4377729460437,167,success,103.98455810546875,14.916081428527832,0.40629085898399353,36.93143081665039,48.5619010925293,12.47210693359375,32.270896911621094,29.503312893477315,21.56571441747913,0.0,0.8703272221120966,0.9844428300857544,0.0,0.7926143352148808
2026-04-08 23:20:51,1852,55,1,v8_5_phase_1_9,480,193.1099718442447,170,success,104.26688385009766,14.750943183898926,0.40629085898399353,36.84629440307617,48.5619010925293,12.557212829589844,30.3272705078125,37.588443455547775,-36.42285801330676,0.0,0.7924126933656178,0.986371636390686,0.0,1.531247212693052
2026-04-08 23:20:54,1852,56,1,v8_5_phase_1_9,480,197.29183992208405,163,success,102.55375671386719,13.905488014221191,0.40629085898399353,38.889583587646484,48.5619010925293,10.51070785522461,32.40766906738281,40.154497715397376,-27.366337947477085,0.0,0.7643083874189134,0.996448814868927,0.0,2.890511677301698
2026-04-08 23:20:56,1852,57,1,v8_5_phase_1_9,480,202.14415303532184,158,success,99.26480102539062,14.548903465270996,0.40629085898399353,36.97322082519531,48.5619010925293,12.427173614501953,30.81618309020996,32.68066566894847,-17.678177355130266,0.0,0.8416930369028022,0.9974294900894165,0.0,2.571598907102315
2026-04-08 23:20:59,1852,58,1,v8_5_phase_1_9,480,202.5785869830486,165,success,104.72502136230469,14.657536506652832,0.40629085898399353,38.071903228759766,48.5619010925293,11.328433990478516,33.541282653808594,34.108069337549,33.38992958783552,0.0,0.8279813679718724,0.9943509697914124,0.0,0.2709352149918404
2026-04-08 23:21:01,1852,59,1,v8_5_phase_1_9,480,208.40085215240447,167,success,100.53495025634766,14.602521896362305,0.40629085898399353,35.89531326293945,48.5619010925293,13.512027740478516,30.04238510131836,19.51049342074937,-2.446486462343238,0.0,0.9425803403124114,0.9768685698509216,0.0,2.0633990725525364
2026-04-08 23:21:04,1852,60,1,v8_5_phase_1_9,480,193.29076099441227,161,success,101.47383117675781,14.704754829406738,0.40629085898399353,37.0789794921875,48.5619010925293,12.32223892211914,32.758792877197266,29.066413013028278,28.700758835811644,0.0,0.8740571643962806,0.9969905614852905,0.0,5.3138903761258
2026-04-08 23:21:06,1852,61,1,v8_5_phase_1_9,480,199.58269828803478,161,success,99.33665466308594,14.557686805725098,0.40629085898399353,36.306724548339844,48.5619010925293,13.093063354492188,30.100011825561523,23.934200332944233,13.323481820535562,0.0,0.9140119599519663,0.998979926109314,0.0,1.9912456798190112
2026-04-08 23:21:08,1852,62,1,v8_5_phase_1_9,480,216.05388589879158,153,success,97.83492279052734,14.709561347961426,0.40629085898399353,36.19534683227539,48.5619010925293,13.20928955078125,26.539958953857422,37.64923213916089,-24.114431949667946,0.0,0.7917650758141029,0.9794561266899109,0.0,1.705299841306495
2026-04-08 23:21:11,1853,63,1,v8_5_phase_1_9,480,184.06299034469748,166,success,102.91632080078125,13.601725578308105,0.40629085898399353,38.17434310913086,48.5619010925293,10.794967651367188,31.839252471923828,40.2461247031131,-30.5336093637333,0.0,0.7632761697241291,0.9984450936317444,0.0,4.320552021241065
2026-04-08 23:21:13,1853,64,1,v8_5_phase_1_9,480,194.77229834018073,170,success,102.86582946777344,14.805994033813477,0.40629085898399353,36.68526077270508,48.5619010925293,12.725112915039062,29.737886428833008,40.204627888810684,-19.606314144615478,0.0,0.7637438913011826,0.9652947187423706,0.0,3.3213671575419084
2026-04-08 23:21:19,1853,65,1,v8_5_phase_1_9,480,-455.8211651062745,467,wrong_way,106.24984741210938,201.850830078125,0.40629085898399353,58.85784149169922,48.5619010925293,-8.912212371826172,-37.11457443237305,129.50837798477068,98.85308197078443,137.55831599714264,-0.6361910430619895,-0.4555457830429077,0.0,3.2481289326559413
2026-04-08 23:21:22,1853,66,1,v8_5_phase_1_9,480,185.4843693187918,168,success,103.94681549072266,14.467220306396484,0.40629085898399353,38.07213592529297,48.5619010925293,11.327438354492188,31.78203773498535,38.16514023283404,-36.885743348453104,0.0,0.7862329983229676,0.9999271631240845,0.0,4.394302246580587
2026-04-08 23:21:29,1854,67,1,v8_5_phase_1_9,480,-451.9116025805166,480,timeout,103.45842742919922,139.2373809814453,0.40629085898399353,113.78935241699219,48.5619010925293,-63.96867370605469,-14.60051155090332,83.75986654667365,-29.1208222999566,-87.27194298770503,0.10869569303407775,-0.1455540657043457,0.0,3.4799308853348334
2026-04-08 23:21:31,1854,68,1,v8_5_phase_1_9,480,195.80578572783293,172,success,103.8209228515625,14.557351112365723,0.40629085898399353,36.698387145996094,48.5619010925293,12.701492309570312,30.05573081970215,27.90267684450504,-6.027988574636631,0.0,0.8837437675601657,0.9992343187332153,0.0,4.779193862969355
2026-04-08 23:21:33,1854,69,1,v8_5_phase_1_9,480,190.8386059128998,167,success,104.94745635986328,14.68766975402832,0.40629085898399353,37.53085708618164,48.5619010925293,11.869544982910156,33.27043151855469,30.89411699341033,23.605753611231247,0.0,0.8581176305042716,0.995892345905304,0.0,3.882279474746013
2026-04-08 23:21:38,1854,70,1,v8_5_phase_1_9,480,-307.4946784985963,334,wrong_way,106.83255767822266,115.93951416015625,0.40629085898399353,144.21038818359375,48.5619010925293,-94.8111801147461,-47.30516815185547,144.06904355929555,144.51289657231968,0.0,-0.8097247100445791,0.9997202754020691,0.0,1.958530779962713
2026-04-08 23:21:41,1854,71,1,v8_5_phase_1_9,480,209.271312781512,164,success,103.06607055664062,14.973191261291504,0.40629085898399353,37.048099517822266,48.5619010925293,12.358146667480469,32.45390319824219,23.018755201129302,11.771318770329225,0.0,0.9203769022058704,0.974688708782196,0.0,0.20358540188571092
2026-04-08 23:21:43,1855,72,1,v8_5_phase_1_9,480,199.60364533976383,163,success,103.3563461303711,14.47746753692627,0.40629085898399353,37.95298767089844,48.5619010925293,11.448089599609375,33.988441467285156,32.38701534596211,31.149846106124777,0.0,0.8444493355478715,0.9919338226318359,0.0,2.796347651846883
2026-04-08 23:21:46,1855,73,1,v8_5_phase_1_9,480,212.80683692462645,162,success,105.26556396484375,14.973779678344727,0.40629085898399353,37.55660629272461,48.5619010925293,11.871749877929688,35.26912307739258,31.064072590527758,-1.5618513533788823,-9.988443882790905,0.8565908092833054,0.9102872014045715,0.0,1.25408309166904
2026-04-08 23:21:48,1855,74,1,v8_5_phase_1_9,480,199.667821445991,175,success,104.65608978271484,14.530494689941406,0.40629085898399353,36.088050842285156,48.5619010925293,13.315971374511719,29.602548599243164,29.0760196740959,24.837993162035122,0.0,0.8739756951902997,0.9863485097885132,0.0,3.250939471470978
2026-04-08 23:21:51,1855,75,1,v8_5_phase_1_9,480,190.04095942597866,174,success,102.19575500488281,14.634980201721191,0.40629085898399353,35.678802490234375,48.5619010925293,13.72298812866211,26.69272804260254,25.690421261020226,-25.371142360720686,0.0,0.9011495080865731,0.9928670525550842,0.0,4.466311108188289
2026-04-08 23:21:53,1855,76,1,v8_5_phase_1_9,480,209.15635302826212,159,success,98.39319610595703,14.752687454223633,0.40629085898399353,35.707637786865234,48.5619010925293,13.693679809570312,29.854204177856445,15.681771117343484,11.19647468185532,0.0,0.9627777903223009,0.9907049536705017,0.0,1.0133042655678361
2026-04-08 23:21:55,1855,77,1,v8_5_phase_1_9,480,197.80402116692395,163,success,104.82848358154297,14.590879440307617,0.40629085898399353,38.966529846191406,48.5619010925293,10.450218200683594,35.313446044921875,26.09288503522135,23.21073132813085,-0.09143196713861867,0.8980822002896514,0.9433760046958923,0.0,1.464408225980997
2026-04-08 23:21:58,1855,78,1,v8_5_phase_1_9,480,202.01065631775717,167,success,102.85582733154297,14.958857536315918,0.40629085898399353,35.89910125732422,48.5619010925293,13.501243591308594,30.38050079345703,27.47884311593824,27.52943091202594,0.0,0.8871812767418603,0.997185468673706,0.0,1.8578291043629214
2026-04-08 23:22:04,1856,79,1,v8_5_phase_1_9,480,-505.50924481767396,441,wrong_way,106.0254898071289,204.27857971191406,0.40629085898399353,131.59445190429688,48.5619010925293,-81.69535064697266,-30.307762145996094,128.9681919836927,124.41533814712395,154.03831936995448,-0.6288888579292373,-0.3543300926685333,0.0,3.2651019243978086
2026-04-08 23:22:07,1856,80,1,v8_5_phase_1_9,480,197.2481970470776,173,success,105.91647338867188,14.981582641601562,0.40629085898399353,36.6002082824707,48.5619010925293,12.8023681640625,30.763036727905273,24.14114140441728,5.451147936490966,0.0,0.9125407390313944,0.9918860197067261,0.0,4.544634168904261
2026-04-08 23:22:09,1856,81,1,v8_5_phase_1_9,480,209.59684915234632,164,success,103.01130676269531,14.698162078857422,0.40629085898399353,37.13444137573242,48.5619010925293,12.268562316894531,31.2990665435791,37.50377301550171,-14.574776745350128,0.0,0.7933132506915439,0.9851919412612915,0.0,1.09427126990666
2026-04-08 23:22:14,1856,82,1,v8_5_phase_1_9,480,-240.76411431368294,343,high_altitude,106.02702331542969,116.29202270507812,0.40629085898399353,145.1267547607422,48.5619010925293,-95.12177276611328,-28.472414016723633,45.4831210228016,47.57601734299315,-65.37822239571439,0.7011193529901749,-0.6294786930084229,0.0,1.5515259863883264
2026-04-08 23:22:17,1856,83,1,v8_5_phase_1_9,480,195.98727658295095,166,success,100.05899810791016,14.804987907409668,0.40629085898399353,36.019893646240234,48.5619010925293,13.379737854003906,28.133947372436523,27.13828646882682,-27.155136545509244,0.0,0.889908199414544,0.9987697601318359,0.0,4.147246763645955
2026-04-08 23:22:19,1857,84,1,v8_5_phase_1_9,480,197.15797139924945,165,success,102.56040954589844,14.631052017211914,0.40629085898399353,36.87849807739258,48.5619010925293,12.52157211303711,31.519804000854492,31.197739392584907,2.7911992795646117,0.0,0.8553846982723934,0.9987608194351196,0.0,2.6768548891867416
2026-04-08 23:22:21,1857,85,1,v8_5_phase_1_9,480,209.64442484645969,164,success,105.34842681884766,14.89404296875,0.40629085898399353,38.00568771362305,48.5619010925293,11.40066909790039,34.73807907104492,36.72744005405972,7.052380346355143,0.0,0.8014893380943527,0.9746299982070923,0.0,1.0975025152518654
2026-04-08 23:22:24,1857,86,1,v8_5_phase_1_9,480,207.97475533799803,166,success,102.29449462890625,14.47105884552002,0.40629085898399353,36.860774993896484,48.5619010925293,12.538440704345703,30.857486724853516,28.431104674926836,25.680153779150405,0.0,0.8793902368649936,0.9996476173400879,0.0,0.8523069819950368
2026-04-08 23:22:26,1857,87,1,v8_5_phase_1_9,480,196.75568396327463,175,success,105.6841049194336,14.85893726348877,0.40629085898399353,36.23509979248047,48.5619010925293,13.165790557861328,29.731325149536133,31.996874940570983,-3.207721504068326,0.0,0.848076998056918,0.9939883947372437,0.0,3.613366988438154
2026-04-08 23:22:29,1857,88,1,v8_5_phase_1_9,480,194.45623548362786,174,success,103.45944213867188,14.53798770904541,0.40629085898399353,35.9678840637207,48.5619010925293,13.431686401367188,27.72228240966797,23.016677116074327,-0.4029977562560013,0.0,0.9203910841222624,0.9999159574508667,0.0,3.8822864679482354
2026-04-08 23:22:31,1857,89,1,v8_5_phase_1_9,480,205.9140351102801,164,success,104.73589324951172,14.781183242797852,0.40629085898399353,36.90656661987305,48.5619010925293,12.510250091552734,34.588993072509766,23.403513417454462,9.611081907563225,0.30817285262653915,0.917730270570832,0.9429168701171875,0.0,1.5588599137558428
2026-04-08 23:22:36,1858,90,1,v8_5_phase_1_9,480,-295.1329082605307,310,wrong_way,100.6827163696289,108.80799102783203,0.40629085898399353,125.69087219238281,48.5619010925293,-75.96954345703125,-46.50038146972656,135.55022672078056,128.57210931372367,152.77062259962176,-0.7138646072571576,0.11696498095989227,0.0,1.3585726504182847
2026-04-08 23:22:38,1858,91,1,v8_5_phase_1_9,480,209.5200557153406,158,success,102.52217864990234,14.981389999389648,0.40629085898399353,36.320396423339844,48.5619010925293,13.095626831054688,33.61817932128906,30.352752784700535,-1.5568313777823344,0.21971221788007436,0.8629306612005672,0.9453139901161194,0.0,0.8734982346444916
2026-04-08 23:22:41,1858,92,1,v8_5_phase_1_9,480,207.7786804393279,171,success,99.08308410644531,14.56038761138916,0.40629085898399353,35.52734375,48.5619010925293,13.874435424804688,27.074848175048828,16.86558291938468,-5.426683479544449,0.0,0.9569880337241071,0.9923906326293945,0.0,3.3968876857201478
2026-04-08 23:22:43,1858,93,1,v8_5_phase_1_9,480,196.34516757199478,162,success,101.51593780517578,14.962838172912598,0.40629085898399353,36.66740036010742,48.5619010925293,12.732421875,32.19224548339844,36.33031919533684,-10.362361735129607,0.0,0.8056148939382028,0.9964600801467896,0.0,2.759760841103135
2026-04-08 23:22:46,1858,94,1,v8_5_phase_1_9,480,203.60626908479344,162,success,102.41816711425781,14.428592681884766,0.40629085898399353,37.27050018310547,48.5619010925293,12.130928039550781,33.401222229003906,27.587465321856246,24.216891617407306,0.0,0.8863049139473472,0.989952802658081,0.0,1.8249457825911615
2026-04-08 23:22:48,1858,95,1,v8_5_phase_1_9,480,196.2461363016544,166,success,104.62652587890625,14.748153686523438,0.40629085898399353,37.070762634277344,48.5619010925293,12.334980010986328,33.72064971923828,28.017748456546833,19.743392626163047,0.0,0.8828021227604659,0.9765588045120239,0.0,0.30631790325608593
2026-04-08 23:22:51,1858,96,1,v8_5_phase_1_9,480,197.98122466697865,167,success,104.40179443359375,14.897353172302246,0.40629085898399353,37.45443344116211,48.5619010925293,11.95029067993164,33.184288024902344,38.83186231847567,7.1590294813766615,0.0,0.7789893885831247,0.9819130301475525,0.0,1.3072596139331563
2026-04-08 23:22:53,1858,97,1,v8_5_phase_1_9,480,195.9759053306211,168,success,105.52909088134766,14.943592071533203,0.40629085898399353,37.8202018737793,48.5619010925293,11.579643249511719,33.20915985107422,34.87119612823077,31.19979527952508,0.0,0.8204394027697188,0.9960260391235352,0.0,1.1772716797470761
2026-04-08 23:23:00,1859,98,1,v8_5_phase_1_9,480,-269.691808919908,480,timeout,103.61210632324219,17.191993713378906,0.40629085898399353,57.29262924194336,48.5619010925293,-7.437385559082031,19.03749656677246,78.75044871503539,-35.028382686694854,83.75409503682499,0.19508264093650388,-0.23030340671539307,0.0,3.793092620423812
2026-04-08 23:23:03,1859,99,1,v8_5_phase_1_9,480,192.64176847092253,162,success,101.77890014648438,14.810869216918945,0.40629085898399353,36.83877944946289,48.5619010925293,12.56338119506836,33.292293548583984,25.013616108616368,24.040508812280898,0.0,0.9062073279370267,0.9895639419555664,0.0,3.378751462022267
2026-04-08 23:23:05,1859,100,1,v8_5_phase_1_9,480,199.66258246487368,166,success,103.93229675292969,14.896232604980469,0.40629085898399353,37.26125717163086,48.5619010925293,12.140880584716797,33.3311653137207,36.88098953679078,9.566840210988113,0.0,0.7998838309995119,0.9889450073242188,0.0,3.157438524922829
2026-04-08 23:23:10,1859,101,1,v8_5_phase_1_9,480,-333.1787788012521,355,high_altitude,100.63851165771484,151.55213928222656,0.40629085898399353,145.01812744140625,48.5619010925293,-95.02083587646484,-43.332244873046875,92.33442455900513,49.81100208848847,-132.86579845242545,-0.04073212312604408,-0.6068549156188965,0.0,1.669250571867642
2026-04-08 23:23:15,1860,102,1,v8_5_phase_1_9,480,-311.3998016998073,307,wrong_way,103.66211700439453,112.52520751953125,0.40629085898399353,138.21435546875,48.5619010925293,-88.73957061767578,-53.26530456542969,159.71147449456706,173.3042612825661,146.97858120231592,-0.9379583958119309,0.7814509868621826,0.0,1.4935852107369878
2026-04-08 23:23:18,1860,103,1,v8_5_phase_1_9,480,203.9729684928074,180,success,102.49895477294922,5.97313117980957,0.40629085898399353,44.09808349609375,48.5619010925293,5.310016632080078,31.342432022094727,39.94489970033719,-39.576083145534845,0.0,0.7666622458404387,0.9688873291015625,0.0,0.8869051944449415
2026-04-08 23:23:20,1860,104,1,v8_5_phase_1_9,480,193.42276491509614,168,success,103.59732055664062,14.805851936340332,0.40629085898399353,36.47077178955078,48.5619010925293,12.928897857666016,31.20505714416504,31.687743993830793,10.395668298843528,0.0,0.8509234923698265,0.9980127811431885,0.0,1.3259002442370702
2026-04-08 23:23:23,1860,105,1,v8_5_phase_1_9,480,212.49457586546285,162,success,99.71672821044922,14.753157615661621,0.40629085898399353,35.26731872558594,48.5619010925293,14.132148742675781,28.892276763916016,19.29907516027538,1.0669788549671881,0.0,0.9438062864577673,0.9975354075431824,0.0,1.7976353056830976
2026-04-08 23:23:25,1860,106,1,v8_5_phase_1_9,480,206.10296586309806,166,success,98.58824157714844,14.91741943359375,0.40629085898399353,35.22250747680664,48.5619010925293,14.192642211914062,20.273910522460938,34.3990456414753,-32.141483705678496,-0.09240422855871412,0.8251229086488715,0.9477739930152893,0.0,1.947555521473468
2026-04-08 23:23:28,1860,107,1,v8_5_phase_1_9,480,210.07761424255284,156,success,99.18338012695312,14.413878440856934,0.40629085898399353,36.868309020996094,48.5619010925293,12.53664779663086,33.343868255615234,18.52869129360047,18.072781289143997,0.0,0.9481646436137499,0.9784488081932068,0.0,1.6187159758858278
2026-04-08 23:23:33,1861,108,1,v8_5_phase_1_9,480,-221.11681435743782,336,high_altitude,105.2138900756836,103.1122055053711,0.40629085898399353,145.5439453125,48.5619010925293,-95.95874786376953,-33.04680252075195,99.79267694395723,98.82729800666763,29.736007193215894,-0.17008355137436645,0.48195967078208923,0.0,1.2008910404310695
2026-04-08 23:23:35,1861,109,1,v8_5_phase_1_9,480,198.62687910464166,167,success,99.16622924804688,14.864072799682617,0.40629085898399353,35.187583923339844,48.5619010925293,14.21231460571289,26.303606033325195,19.972504491681956,-14.80435477127989,0.0,0.939856643649623,0.996974527835846,0.0,3.200964737030576
2026-04-08 23:23:38,1861,110,1,v8_5_phase_1_9,480,200.81337309204292,165,success,98.91108703613281,14.664583206176758,0.40629085898399353,35.237606048583984,48.5619010925293,14.164085388183594,27.55193328857422,15.739433281864024,5.582406669978862,0.0,0.9625052802254052,0.9962553977966309,0.0,3.590953065378282
2026-04-08 23:23:40,1861,111,1,v8_5_phase_1_9,480,212.89522340720268,158,success,99.20560455322266,14.81953239440918,0.40629085898399353,35.159603118896484,48.5619010925293,14.258552551269531,26.882734298706055,34.54017784029527,-25.05559103616068,-2.2942539254615246,0.8237288018131206,0.9389493465423584,0.0,1.6419443499143966
2026-04-08 23:23:45,1861,112,1,v8_5_phase_1_9,480,-289.9713922798883,281,wrong_way,99.92765808105469,108.8937759399414,0.40629085898399353,93.7618637084961,48.5619010925293,-43.90868377685547,-57.90994644165039,139.7228029451197,137.28804541168523,-164.26267542535666,-0.7629256828702862,-0.23247747123241425,0.0,1.6410138543187112
2026-04-08 23:23:48,1861,113,1,v8_5_phase_1_9,480,196.7792171657136,163,success,99.00044250488281,14.891640663146973,0.40629085898399353,35.54733657836914,48.5619010925293,13.852397918701172,29.165348052978516,20.951359392203994,19.601816465047023,0.0,0.9338843224877199,0.9997718334197998,0.0,6.000244273622454
2026-04-08 23:23:51,1862,114,1,v8_5_phase_1_9,480,195.55619359975267,171,success,103.07378387451172,14.768060684204102,0.40629085898399353,35.81977462768555,48.5619010925293,13.583454132080078,29.455081939697266,16.4166209248614,3.822644715705043,0.0,0.9592320297823576,0.9926196336746216,0.0,4.03166799948208
2026-04-08 23:23:56,1862,115,1,v8_5_phase_1_9,480,-234.4225307842467,334,high_altitude,105.9620361328125,109.39888000488281,0.40629085898399353,145.1302032470703,48.5619010925293,-95.66321563720703,-36.98176574707031,114.38430376598978,122.36846705665452,-5.299375156717759,-0.4128549316596475,0.8020578622817993,0.0,1.1539010615859455
2026-04-08 23:23:59,1862,116,1,v8_5_phase_1_9,480,191.37131208566444,171,success,104.0914535522461,14.481941223144531,0.40629085898399353,37.53158187866211,48.5619010925293,11.868778228759766,31.3342342376709,38.9067450974411,-28.299220552243057,0.0,0.7781692167106986,0.9968107342720032,0.0,2.1590571420809166
2026-04-08 23:24:02,1862,117,1,v8_5_phase_1_9,480,201.01922114085087,163,success,98.28441619873047,14.471349716186523,0.40629085898399353,36.10186004638672,48.5619010925293,13.299312591552734,29.127042770385742,18.147281577515912,-17.269991589951964,0.0,0.9502590318568891,0.9943991303443909,0.0,1.1161117219562218
2026-04-08 23:24:04,1862,118,1,v8_5_phase_1_9,480,195.63071866548916,166,success,102.38683319091797,14.727283477783203,0.40629085898399353,37.86384963989258,48.5619010925293,11.536731719970703,31.272296905517578,38.37414743653102,-33.54494073104896,0.0,0.7839736470905024,0.9949016571044922,0.0,2.7205899320569156
2026-04-08 23:24:07,1862,119,1,v8_5_phase_1_9,480,209.213406419644,164,success,101.14412689208984,14.52918529510498,0.40629085898399353,36.1744384765625,48.5619010925293,12.79446792602539,31.985145568847656,25.356855312524313,9.601852614447246,0.0,0.903658032105227,0.9948370456695557,0.0,1.030694223455897
2026-04-08 23:24:10,1863,120,1,v8_5_phase_1_9,480,189.80416660900497,162,success,99.94789123535156,14.455561637878418,0.40629085898399353,37.34994125366211,48.5619010925293,12.049736022949219,31.56930923461914,31.494739923359155,-31.415813672405072,0.0,0.8526881290845247,0.9990902543067932,0.0,2.31091723275446
2026-04-08 23:24:12,1863,121,1,v8_5_phase_1_9,480,205.26086649213195,162,success,100.7450180053711,14.617294311523438,0.40629085898399353,37.03867721557617,48.5619010925293,12.360645294189453,32.338134765625,33.69954547800678,-6.383558404430563,0.0,0.8319585236326063,0.9982437491416931,0.0,0.6271861605590824
2026-04-08 23:24:15,1863,122,1,v8_5_phase_1_9,480,199.72832240649512,164,success,100.84998321533203,14.458725929260254,0.40629085898399353,37.41336441040039,48.5619010925293,11.995746612548828,28.81344223022461,32.17193610409299,-23.706143731652094,0.0,0.8464540713465413,0.9663316011428833,0.0,2.5182511900708815
2026-04-08 23:24:18,1863,123,1,v8_5_phase_1_9,480,193.07948036900984,168,success,105.00447082519531,14.854866027832031,0.40629085898399353,37.17483901977539,48.5619010925293,12.224506378173828,33.66090774536133,36.53703828566186,17.42875933720891,0.0,0.803472175421708,0.9991544485092163,0.0,3.269392782198159
2026-04-08 23:24:20,1863,124,1,v8_5_phase_1_9,480,200.53529236705535,159,success,98.78839111328125,14.77684497833252,0.40629085898399353,35.89298629760742,48.5619010925293,13.507949829101562,29.20140838623047,23.633378311329363,12.643250474489298,0.0,0.9161293461733555,0.9977380633354187,0.0,5.664077233276828
2026-04-08 23:24:25,1863,125,1,v8_5_phase_1_9,480,-287.75504380247514,324,wrong_way,106.65089416503906,115.5143051147461,0.40629085898399353,141.32994079589844,48.5619010925293,-91.91475677490234,-50.72441864013672,161.21505867807534,-161.30540842041626,0.06431318128675907,-0.9467339264215278,0.9483553767204285,0.0,1.2546141510237387
2026-04-08 23:24:31,1864,126,1,v8_5_phase_1_9,480,-264.4423607858165,334,high_altitude,102.26294708251953,137.48316955566406,0.40629085898399353,145.42178344726562,48.5619010925293,-95.54901885986328,-47.01288604736328,114.39150961556415,102.18658311596583,152.34891305988683,-0.41296947548251906,-0.2843756377696991,0.0,1.8252138250812053
2026-04-08 23:24:34,1864,127,1,v8_5_phase_1_9,480,187.32729576632428,171,success,105.96015167236328,14.796892166137695,0.40629085898399353,37.739933013916016,48.5619010925293,11.229629516601562,31.782052993774414,39.97926579714611,6.123494682914096,0.0,0.7662770050037215,0.9973262548446655,0.0,5.684102398286975
2026-04-08 23:24:36,1864,128,1,v8_5_phase_1_9,480,205.20405587905896,164,success,101.3230972290039,14.678690910339355,0.40629085898399353,36.370018005371094,48.5619010925293,13.032974243164062,30.65686798095703,30.36257118163243,7.812911665152308,0.0,0.862844054798814,0.9857401847839355,0.0,0.654551944325283
2026-04-08 23:24:39,1864,129,1,v8_5_phase_1_9,480,193.7741373417669,163,success,101.32789611816406,14.939603805541992,0.40629085898399353,36.646263122558594,48.5619010925293,12.754589080810547,32.62407684326172,34.925103396255096,0.44146209996906033,0.0,0.819901118932307,0.996190071105957,0.0,2.65736811448423
2026-04-08 23:24:42,1864,130,1,v8_5_phase_1_9,480,191.5545101420379,171,success,100.49283599853516,11.677327156066895,0.40629085898399353,39.55517578125,48.5619010925293,9.848949432373047,30.810710906982422,40.35914042821471,-36.43899092012633,0.0,0.7620003102290477,0.9816830158233643,0.0,0.35653404341291817
2026-04-08 23:24:45,1864,131,1,v8_5_phase_1_9,480,189.71540481854916,169,success,105.24609375,14.98133659362793,0.40629085898399353,37.87920379638672,48.5619010925293,11.522151947021484,34.063377380371094,38.45156080058394,16.533775744600042,0.0,0.7831341656220899,0.9942033290863037,0.0,2.2248468976670033
2026-04-08 23:24:48,1865,132,1,v8_5_phase_1_9,480,197.0670938773019,163,success,103.02300262451172,14.525675773620605,0.40629085898399353,38.25614547729492,48.5619010925293,11.145771026611328,33.03038024902344,33.30064535500511,15.167130023761363,0.0,0.8358011773584835,0.9914401769638062,0.0,1.7176096126575522
2026-04-08 23:24:50,1865,133,1,v8_5_phase_1_9,480,196.46743220837556,166,success,101.5284423828125,14.88522720336914,0.40629085898399353,37.07466125488281,48.5619010925293,12.324775695800781,30.17775535583496,35.00963040232859,-34.91002916875688,0.0,0.8190556247123721,0.9979591965675354,0.0,0.17540166799560117
2026-04-08 23:24:53,1865,134,1,v8_5_phase_1_9,480,201.59078820498593,159,success,99.42491149902344,14.580248832702637,0.40629085898399353,36.32271194458008,48.5619010925293,13.077884674072266,32.69053649902344,21.880884958992905,19.057435020271374,0.0,0.9279606385953799,0.995808482170105,0.0,1.918273316723971
2026-04-08 23:24:56,1865,135,1,v8_5_phase_1_9,480,188.1125665258634,166,success,106.27444458007812,12.822318077087402,0.40629085898399353,41.082393646240234,48.5619010925293,8.324821472167969,36.99565124511719,40.49331607936502,28.216795536886636,0.0,0.7604817227113905,0.9821701645851135,0.0,5.217896029356996
2026-04-08 23:25:01,1865,136,1,v8_5_phase_1_9,480,-265.31628280194434,329,high_altitude,99.40282440185547,121.08470153808594,0.40629085898399353,145.2966766357422,48.5619010925293,-95.69727325439453,-44.2855339050293,108.96885850895094,125.08334430832953,-87.35334518223324,-0.32505419666909385,0.44337326288223267,0.0,1.1520565939250758
2026-04-08 23:25:04,1865,137,1,v8_5_phase_1_9,480,196.60773251798284,162,success,100.38652038574219,14.96713638305664,0.40629085898399353,36.05581283569336,48.5619010925293,13.350719451904297,30.62994384765625,38.724112669224134,-18.43503061705938,0.0,0.7801672076955306,0.9746920466423035,0.0,0.6301178615041488
2026-04-08 23:25:06,1865,138,1,v8_5_phase_1_9,480,197.47391288877216,160,success,99.34786987304688,14.374302864074707,0.40629085898399353,36.72233581542969,48.5619010925293,12.677257537841797,32.340965270996094,30.8672470292155,6.100304056247787,0.0,0.8583583299167733,0.9983252286911011,0.0,1.3622701418114314
2026-04-08 23:25:12,1866,139,1,v8_5_phase_1_9,480,-326.1020768719215,335,wrong_way,107.01195526123047,116.07384490966797,0.40629085898399353,144.1837615966797,48.5619010925293,-94.5781478881836,-47.385108947753906,131.84882426614558,130.32876566635923,127.72255672437915,-0.6671674812201027,0.4246935248374939,0.0,1.2893642916260162
2026-04-08 23:25:15,1866,140,1,v8_5_phase_1_9,480,203.89260782758146,159,success,100.32195281982422,14.64486026763916,0.40629085898399353,36.1348876953125,48.5619010925293,13.266490936279297,31.834400177001953,28.84728005388676,20.28866882571997,0.0,0.8759088421594997,0.9942491054534912,0.0,3.4365729351863776
2026-04-08 23:25:20,1866,141,1,v8_5_phase_1_9,480,-214.56980112959528,331,high_altitude,103.60425567626953,107.13078308105469,0.40629085898399353,145.2161102294922,48.5619010925293,-95.6081771850586,-33.13972854614258,88.21897603688399,88.55755534423068,7.994631409341436,0.031079726463262146,0.41959285736083984,0.0,1.2828446722417666
2026-04-08 23:25:22,1866,142,1,v8_5_phase_1_9,480,206.69085027034532,156,success,98.56877899169922,14.75307846069336,0.40629085898399353,36.62387466430664,48.5619010925293,12.778186798095703,33.82324981689453,22.707810839164473,21.957304530521593,0.0,0.9224854722964819,0.9888775944709778,0.0,2.8297558358067865
2026-04-08 23:25:25,1866,143,1,v8_5_phase_1_9,480,209.1817977571246,162,success,101.87357330322266,14.472480773925781,0.40629085898399353,36.08538818359375,48.5619010925293,13.314334869384766,30.66640281677246,26.212515798534124,10.381709099727315,0.0,0.8971619048936927,0.9965221285820007,0.0,0.2782222932204001
2026-04-08 23:25:28,1867,144,1,v8_5_phase_1_9,480,194.43702250648255,157,success,98.2242431640625,14.986968994140625,0.40629085898399353,36.82804489135742,48.5619010925293,12.571475982666016,32.769474029541016,31.728998336417668,-29.583004125618437,0.0,0.8505450506205208,0.9997531175613403,0.0,4.448421367802647
2026-04-08 23:25:35,1867,145,1,v8_5_phase_1_9,480,-394.39843933920884,398,wrong_way,106.51807403564453,217.07696533203125,0.40629085898399353,30.87173843383789,48.5619010925293,19.035829544067383,-49.987342834472656,130.393556840826,163.63372428582522,131.77888312904466,-0.6480342586761139,-0.3755979537963867,0.0,2.4030203182268512
2026-04-08 23:25:37,1867,146,1,v8_5_phase_1_9,480,213.25310168656603,158,success,98.34671020507812,14.847010612487793,0.40629085898399353,35.30500411987305,48.5619010925293,14.097705841064453,29.79750633239746,12.183951842430853,11.397412017047925,0.0,0.9774750465811514,0.9914413690567017,0.0,4.234943183562926
2026-04-08 23:25:40,1867,147,1,v8_5_phase_1_9,480,214.5393381746147,163,success,103.93113708496094,14.513782501220703,0.40629085898399353,35.42742919921875,48.5619010925293,13.97958755493164,29.88408851623535,23.80605061618916,3.8258194730086297,0.0,0.9149170470838163,0.9722535610198975,0.0,0.23843046459011638
2026-04-08 23:25:42,1867,148,1,v8_5_phase_1_9,480,220.80139065933662,160,success,98.46624755859375,14.73336410522461,0.40629085898399353,34.75639724731445,48.5619010925293,14.645854949951172,25.695749282836914,9.766620682890048,-3.282469813684476,0.0,0.9855068917323853,0.9871554374694824,0.0,0.6493868854009774
2026-04-08 23:25:45,1867,149,1,v8_5_phase_1_9,480,193.60638347269642,166,success,103.70569610595703,14.769120216369629,0.40629085898399353,36.97712326049805,48.5619010925293,12.422183990478516,32.58293533325195,32.308809679965464,31.48408824334852,0.0,0.8451796623239907,0.999455451965332,0.0,3.331179959438599
2026-04-08 23:25:48,1868,150,1,v8_5_phase_1_9,480,197.94782929764736,161,success,101.12793731689453,14.38219165802002,0.40629085898399353,36.69892501831055,48.5619010925293,12.701347351074219,32.83338928222656,29.666598810870223,29.741573797389453,0.0,0.868920199766834,0.9970467686653137,0.0,4.355289521931063
2026-04-08 23:25:51,1868,151,1,v8_5_phase_1_9,480,198.34085714826372,162,success,98.50892639160156,14.59268569946289,0.40629085898399353,36.15641403198242,48.5619010925293,13.244731903076172,28.662792205810547,20.509082445330865,-20.252542247652478,0.0,0.9366166631051295,0.9970847368240356,0.0,3.036230086691244
2026-04-08 23:25:53,1868,152,1,v8_5_phase_1_9,480,212.10244673146883,157,success,98.68367767333984,14.39893913269043,0.40629085898399353,36.55836868286133,48.5619010925293,12.84326171875,32.97554397583008,21.306269681856197,19.749275126585722,0.0,0.9316514726635213,0.9894165992736816,0.0,2.236115217944773
2026-04-08 23:25:59,1868,153,1,v8_5_phase_1_9,480,-289.05468510031676,345,high_altitude,106.22640228271484,102.8536376953125,0.40629085898399353,145.1398468017578,48.5619010925293,-95.27979278564453,-27.57548713684082,64.24702695594438,70.63570586781833,-56.286147780160206,0.4344919935175664,-0.2505634129047394,0.0,1.597982440728619
2026-04-08 23:26:02,1868,154,1,v8_5_phase_1_9,480,200.70030095801346,166,success,101.90420532226562,14.863024711608887,0.40629085898399353,36.136287689208984,48.5619010925293,13.26523208618164,31.622163772583008,20.30822024221913,13.122494966471473,0.0,0.9378391500001959,0.9929299354553223,0.0,3.802731656329457
2026-04-08 23:26:05,1868,155,1,v8_5_phase_1_9,480,202.7966977632384,161,success,98.73017120361328,14.771361351013184,0.40629085898399353,35.20023727416992,48.5619010925293,14.200740814208984,29.360855102539062,18.399564859794086,12.878200444201275,0.0,0.9488784088545565,0.9960581660270691,0.0,4.867597719411965
2026-04-08 23:26:08,1869,156,1,v8_5_phase_1_9,480,210.35872640255258,164,success,103.30789184570312,14.674549102783203,0.40629085898399353,36.86589050292969,48.5619010925293,12.535350799560547,33.485069274902344,23.550410295933926,17.880911030074582,0.0,0.9167088898302986,0.9907958507537842,0.0,0.13829419190656447
2026-04-08 23:26:10,1869,157,1,v8_5_phase_1_9,480,207.1696355007239,167,success,104.27674865722656,14.858175277709961,0.40629085898399353,36.18043899536133,48.5619010925293,13.22210693359375,31.277254104614258,23.75960874492766,23.850581742030354,0.0,0.9152439239224155,0.9871306419372559,0.0,2.7838788851113923
2026-04-08 23:26:13,1869,158,1,v8_5_phase_1_9,480,188.20327461782074,172,success,102.51092529296875,14.246941566467285,0.40629085898399353,37.04546356201172,48.5619010925293,12.359317779541016,28.82108497619629,40.110419089588696,-32.25183224190922,0.0,0.7648042560524905,0.9798620939254761,0.0,0.5197417163478321
2026-04-08 23:26:16,1869,159,1,v8_5_phase_1_9,480,193.6653202572197,169,success,101.28180694580078,14.518078804016113,0.40629085898399353,36.50469207763672,48.5619010925293,12.897533416748047,28.234189987182617,28.219741055966203,-24.955465585570174,0.0,0.8811405840810637,0.9934099316596985,0.0,3.1125425009879697
2026-04-08 23:26:19,1869,160,1,v8_5_phase_1_9,480,201.1154400014144,163,success,99.2673110961914,14.940189361572266,0.40629085898399353,35.18758010864258,48.5619010925293,14.213897705078125,28.28386116027832,16.69177338802807,14.770516306584355,0.0,0.9578637446165916,0.9967334866523743,0.0,3.673280854676932
2026-04-08 23:26:21,1869,161,1,v8_5_phase_1_9,480,198.0718648724763,168,success,101.8985824584961,14.758135795593262,0.40629085898399353,35.8785400390625,48.5619010925293,13.523239135742188,28.583070755004883,23.4242771925313,-9.602549293742587,0.0,0.9175862650139347,0.9946993589401245,0.0,5.643109791082713
2026-04-08 23:26:24,1869,162,1,v8_5_phase_1_9,480,194.2892837402739,170,success,104.60073852539062,14.662302017211914,0.40629085898399353,36.88011169433594,48.5619010925293,12.519977569580078,31.932851791381836,35.39751684529361,1.2730317884047213,0.0,0.8151529005603584,0.9965552091598511,0.0,3.6275468540301996
2026-04-08 23:26:27,1869,163,1,v8_5_phase_1_9,480,183.75919958710068,169,success,102.45722961425781,14.606334686279297,0.40629085898399353,38.99375534057617,48.5619010925293,10.409854888916016,32.18387985229492,35.7072181128295,-33.361386227294034,0.0,0.8120100060224237,0.9866983890533447,0.0,0.7148489154748131
2026-04-08 23:26:30,1870,164,1,v8_5_phase_1_9,480,190.46810010299907,169,success,103.43883514404297,14.796464920043945,0.40629085898399353,37.02256774902344,48.5619010925293,12.377750396728516,31.53250503540039,29.4204080573317,-29.393442470488488,0.0,0.8710389019333002,0.9976957440376282,0.0,4.726074373014503
2026-04-08 23:26:33,1870,165,1,v8_5_phase_1_9,480,197.68789762458306,161,success,100.73097229003906,14.570686340332031,0.40629085898399353,37.09941864013672,48.5619010925293,12.301132202148438,32.75706481933594,30.556845667289686,-8.421075123944828,0.0,0.8611251852800308,0.9932737350463867,0.0,0.10858402903103513
2026-04-08 23:26:36,1870,166,1,v8_5_phase_1_9,480,201.64315334293468,170,success,99.73976135253906,14.673845291137695,0.40629085898399353,35.568748474121094,48.5619010925293,13.836498260498047,28.519773483276367,17.329101754576545,-11.950302169982116,0.0,0.9546096332797877,0.9818587899208069,0.0,3.9098761714343055
2026-04-08 23:26:38,1870,167,1,v8_5_phase_1_9,480,200.2571046584197,166,success,98.92591857910156,14.478880882263184,0.40629085898399353,35.748130798339844,48.5619010925293,13.653633117675781,28.172380447387695,12.97220433774816,1.4129159835972864,0.0,0.9744790796890026,0.9932981133460999,0.0,4.62114079537546
2026-04-08 23:26:44,1870,168,1,v8_5_phase_1_9,480,-235.22618573175203,326,high_altitude,105.21875,103.55431365966797,0.40629085898399353,145.3203125,48.5619010925293,-95.79602813720703,-38.41112518310547,108.27252072306814,108.18484158469269,12.40581602346673,-0.3135370717501494,0.6452417969703674,0.0,1.4621959787215464
2026-04-08 23:26:47,1870,169,1,v8_5_phase_1_9,480,212.6095603465549,164,success,98.96681213378906,14.644523620605469,0.40629085898399353,35.43513107299805,48.5619010925293,13.974590301513672,28.000835418701172,15.76926754815864,0.38613666055745793,0.0,0.962363901456207,0.9675439596176147,0.0,1.272470193199968
2026-04-08 23:26:50,1871,170,1,v8_5_phase_1_9,480,184.46436263142678,167,success,102.3897705078125,14.57708740234375,0.40629085898399353,37.55424499511719,48.5619010925293,11.847099304199219,30.8580379486084,39.1686350407869,-38.25953003206904,0.0,0.7752903591964362,0.9965701699256897,0.0,6.229265197536464
2026-04-08 23:26:52,1871,171,1,v8_5_phase_1_9,480,197.94275132780146,170,success,102.71287536621094,14.507067680358887,0.40629085898399353,36.25360870361328,48.5619010925293,13.146537780761719,28.8831844329834,29.54722076455674,-29.569531577480586,0.0,0.8699495656711044,0.9960029721260071,0.0,3.282174650156596
2026-04-08 23:26:55,1871,172,1,v8_5_phase_1_9,480,196.52183301514796,166,success,102.58272552490234,14.905797004699707,0.40629085898399353,36.4852294921875,48.5619010925293,12.914199829101562,30.756196975708008,33.596781866849355,-16.699903020687678,0.0,0.8329523217500577,0.9979205131530762,0.0,2.468034235393032
2026-04-08 23:26:58,1871,173,1,v8_5_phase_1_9,480,202.59677186887347,163,success,98.3040771484375,14.688014030456543,0.40629085898399353,35.860145568847656,48.5619010925293,13.539737701416016,28.40934181213379,21.326242862536606,-19.014042828474285,0.0,0.9315247519522819,0.9991404414176941,0.0,4.2047081014405485
2026-04-08 23:27:03,1871,174,1,v8_5_phase_1_9,480,-219.69111837772664,332,high_altitude,102.3871841430664,103.75532531738281,0.40629085898399353,145.45819091796875,48.5619010925293,-95.72028350830078,-29.896469116210938,72.72780647097159,71.6830675657156,19.30638858532917,0.2969114798424838,0.07187256217002869,0.0,1.5315475885391066
2026-04-08 23:27:06,1871,175,1,v8_5_phase_1_9,480,207.13047599019615,161,success,100.28527069091797,14.514158248901367,0.40629085898399353,36.1682014465332,48.5619010925293,13.23275375366211,31.146581649780273,26.456317693410433,26.145969265450688,0.0,0.8952742827231643,0.9960300326347351,0.0,1.5555206412156732
2026-04-08 23:27:09,1872,176,1,v8_5_phase_1_9,480,192.4571193508814,162,success,98.73330688476562,14.77537727355957,0.40629085898399353,36.11433410644531,48.5619010925293,13.287166595458984,29.588327407836914,31.076916761261966,-20.434727298478812,0.0,0.856475115285906,0.9946383237838745,0.0,4.832362979486315
2026-04-08 23:27:12,1872,177,1,v8_5_phase_1_9,480,201.1200485763925,164,success,103.1220474243164,14.66842269897461,0.40629085898399353,37.02699279785156,48.5619010925293,12.374969482421875,32.303287506103516,25.949620109833038,4.85445962239089,0.0,0.8991791563339562,0.9902183413505554,0.0,1.212760906633771
2026-04-08 23:27:15,1872,178,1,v8_5_phase_1_9,480,207.4833431742341,159,success,98.44862365722656,14.86764907836914,0.40629085898399353,35.64278030395508,48.5619010925293,13.760452270507812,30.942447662353516,14.83326354694197,6.651513555759333,0.0,0.9666749244954614,0.9879354238510132,0.0,1.5291247446741516
2026-04-08 23:27:17,1872,179,1,v8_5_phase_1_9,480,197.22245429636936,167,success,104.49242401123047,14.880632400512695,0.40629085898399353,37.83686065673828,48.5619010925293,11.56270980834961,33.31559371948242,35.90013680593651,6.43166299986814,0.0,0.8100402403539849,0.9971530437469482,0.0,2.3481464987855434
2026-04-08 23:27:22,1872,180,1,v8_5_phase_1_9,480,-263.8410892217242,317,high_altitude,104.45560455322266,108.59893798828125,0.40629085898399353,145.1052703857422,48.5619010925293,-95.69707489013672,-46.82746124267578,148.33897730006404,148.22006370661413,0.0,-0.8511683815468034,0.9685705304145813,0.0,1.4346357757215884
2026-04-08 23:27:25,1872,181,1,v8_5_phase_1_9,480,197.9488478317708,175,success,106.05729675292969,14.818562507629395,0.40629085898399353,37.076229095458984,48.5619010925293,12.333892822265625,31.14618682861328,19.76244031621092,-16.18212516272923,0.0,0.9411026230810385,0.9707176685333252,0.0,3.994579991281262
2026-04-08 23:27:28,1873,182,1,v8_5_phase_1_9,480,191.43001142576213,165,success,101.88304138183594,14.935471534729004,0.40629085898399353,37.14540100097656,48.5619010925293,12.261722564697266,31.994356155395508,26.25532571670447,-21.293446001689496,0.0,0.8968316263533018,0.9813228249549866,0.0,4.3886042289829765
2026-04-08 23:27:36,1873,183,1,v8_5_phase_1_9,480,-407.65585812337713,480,timeout,102.11431121826172,147.87265014648438,0.40629085898399353,91.26295471191406,48.5619010925293,-41.300865173339844,-16.87436866760254,55.18420604060537,98.08406414194351,-58.739182899813606,0.5709399011919177,-0.5161237120628357,0.0,2.9606014634256006
2026-04-08 23:27:39,1873,184,1,v8_5_phase_1_9,480,199.82660805431436,159,success,101.90780639648438,14.964096069335938,0.40629085898399353,37.32390594482422,48.5619010925293,12.075340270996094,33.75141143798828,36.19270454393942,17.038229611035092,0.0,0.8070355072614533,0.9989510774612427,0.0,0.9939489687954262
2026-04-08 23:27:42,1873,185,1,v8_5_phase_1_9,480,193.8963887357777,161,success,99.80268859863281,14.831921577453613,0.40629085898399353,36.76252746582031,48.5619010925293,12.636798858642578,31.288732528686523,32.09751436289654,-32.04446086851846,0.0,0.8471449740111933,0.9997591972351074,0.0,3.0539180798231786
2026-04-08 23:27:44,1873,186,1,v8_5_phase_1_9,480,197.08803252978157,167,success,102.80917358398438,14.519769668579102,0.40629085898399353,36.42498016357422,48.5619010925293,12.974597930908203,31.507484436035156,25.796480438452182,19.61581835284555,0.0,0.9003455050522046,0.9996500015258789,0.0,4.796744949047391
2026-04-08 23:27:50,1874,187,1,v8_5_phase_1_9,480,-239.06235300655229,341,high_altitude,104.638671875,102.392578125,0.40629085898399353,145.23486328125,48.5619010925293,-95.62818145751953,-31.399572372436523,105.04136996259938,103.6345695596302,65.54523418129953,-0.25951641664719777,0.42154592275619507,0.0,1.5375212262797582
2026-04-08 23:27:53,1874,188,1,v8_5_phase_1_9,480,202.98849377167804,158,success,98.25414276123047,14.647401809692383,0.40629085898399353,35.85798263549805,48.5619010925293,13.542095184326172,31.25774383544922,19.539849573802083,14.89464987210746,0.0,0.942409098356387,0.9986572861671448,0.0,1.971296640287047
2026-04-08 23:27:56,1874,189,1,v8_5_phase_1_9,480,189.71814050627907,167,success,98.63948822021484,14.78179931640625,0.40629085898399353,35.46424102783203,48.5619010925293,13.952869415283203,28.514766693115234,38.25366289957199,-30.08856106760444,-0.46605635719023336,0.785277350811712,0.9454925060272217,0.0,3.403497083923557
2026-04-08 23:27:59,1874,190,1,v8_5_phase_1_9,480,191.60872365857247,168,success,103.9859619140625,12.904057502746582,0.40629085898399353,38.8392448425293,48.5619010925293,10.129463195800781,33.13231658935547,40.43802569803377,37.25984305457846,0.0,0.7611079997656147,0.9991578459739685,0.0,4.675944306012984
2026-04-08 23:28:01,1874,191,1,v8_5_phase_1_9,480,205.85500385036076,159,success,100.38422393798828,14.675007820129395,0.40629085898399353,35.49406433105469,48.5619010925293,13.913009643554688,28.84711456298828,28.70351140204716,15.127791549236674,0.0,0.8771167313082046,0.9776197671890259,0.0,3.1903481840512513
2026-04-08 23:28:04,1874,192,1,v8_5_phase_1_9,480,197.72913253228987,170,success,103.60464477539062,14.645220756530762,0.40629085898399353,36.666114807128906,48.5619010925293,12.736236572265625,31.267601013183594,24.534958159129168,7.7127384032376085,0.0,0.9097080826668517,0.991631269454956,0.0,1.9934699145927661
2026-04-08 23:28:07,1874,193,1,v8_5_phase_1_9,480,196.1049191323771,167,success,100.11121368408203,14.708394050598145,0.40629085898399353,35.59852600097656,48.5619010925293,13.803855895996094,29.120615005493164,14.638019174422569,-4.627026702747336,0.0,0.9675416943614547,0.9950383901596069,0.0,6.58508981049325
2026-04-08 23:28:10,1875,194,1,v8_5_phase_1_9,480,194.54383081041726,178,success,103.95374298095703,14.484478950500488,0.40629085898399353,37.0725212097168,48.5619010925293,12.326744079589844,26.90180206298828,32.8421928126301,-31.918908331195286,0.0,0.8401674597936568,0.9993586540222168,0.0,0.549250664324042
2026-04-08 23:28:13,1875,195,1,v8_5_phase_1_9,480,192.74985710577164,168,success,100.47429656982422,14.552478790283203,0.40629085898399353,36.099422454833984,48.5619010925293,13.303108215332031,29.62019157409668,19.009820064019923,-6.26882232543175,0.0,0.945462761788507,0.9943110942840576,0.0,3.9202527205271096
2026-04-08 23:28:16,1875,196,1,v8_5_phase_1_9,480,190.02279427660494,164,success,103.422607421875,14.828227996826172,0.40629085898399353,37.27298355102539,48.5619010925293,12.1285400390625,33.48099136352539,37.16741693472984,36.89703706624572,0.0,0.7968736137015875,0.9961401224136353,0.0,5.367725096140596
2026-04-08 23:28:18,1875,197,1,v8_5_phase_1_9,480,203.1678011259951,165,success,103.11756896972656,14.805413246154785,0.40629085898399353,36.243377685546875,48.5619010925293,13.159523010253906,32.07921600341797,28.427604202977204,28.705109666312943,0.0,0.8794193225421872,0.9895382523536682,0.0,1.534415942779518
2026-04-08 23:28:21,1875,198,1,v8_5_phase_1_9,480,192.84479396122734,174,success,106.5792007446289,14.485213279724121,0.40629085898399353,37.48538589477539,48.5619010925293,11.915687561035156,31.75143814086914,37.79584897988438,-8.771538106673706,0.0,0.7901994147856697,0.9963480234146118,0.0,5.129792160685223
2026-04-08 23:28:24,1875,199,1,v8_5_phase_1_9,480,200.27006018203437,158,success,101.5296630859375,14.790304183959961,0.40629085898399353,37.240142822265625,48.5619010925293,12.159248352050781,33.77914047241211,35.4482890564889,34.974683739440216,0.0,0.8146392863604742,0.999912440776825,0.0,1.708763084966607
2026-04-08 23:28:32,1876,200,1,v8_5_phase_1_9,480,-448.3036670491231,480,timeout,106.06306457519531,163.36419677734375,0.40629085898399353,92.84840393066406,48.5619010925293,-42.77422332763672,-20.69239616394043,40.768203872701356,31.05241687270913,21.33535945753128,0.757357552944951,-0.7907305955886841,0.0,3.946097232357324
2026-04-08 23:28:35,1876,201,1,v8_5_phase_1_9,480,212.45254377951989,168,success,105.42349243164062,14.386130332946777,0.40629085898399353,36.35514450073242,48.5619010925293,13.047992706298828,33.06754684448242,21.253047140296164,18.845832344689796,0.0,0.9319885925563377,0.9846650958061218,0.0,2.45726439569478
2026-04-08 23:28:38,1876,202,1,v8_5_phase_1_9,480,199.60895018680145,157,success,99.86602783203125,14.639890670776367,0.40629085898399353,37.14442825317383,48.5619010925293,12.263233184814453,32.19352340698242,29.59892871166832,-10.791528987664542,0.0,0.8695041648355434,0.9727134108543396,0.0,3.323286398865014
2026-04-08 23:28:40,1876,203,1,v8_5_phase_1_9,480,201.28086502872577,162,success,101.98478698730469,14.495667457580566,0.40629085898399353,36.72542953491211,48.5619010925293,12.674095153808594,32.29228591918945,28.02801935351124,4.02272742347775,0.0,0.8827179016237852,0.9998332262039185,0.0,2.2732959476186823
2026-04-08 23:28:43,1876,204,1,v8_5_phase_1_9,480,211.35596011680565,163,success,100.03882598876953,14.462032318115234,0.40629085898399353,36.327964782714844,48.5619010925293,13.07413101196289,29.27177619934082,25.71239056448557,17.077672245944623,0.0,0.9009832188101062,0.9901075959205627,0.0,3.65026503055062
2026-04-08 23:28:46,1876,205,1,v8_5_phase_1_9,480,195.94132921596454,158,success,99.39994049072266,14.834284782409668,0.40629085898399353,36.45862579345703,48.5619010925293,12.94180679321289,32.547786712646484,26.30663922039148,18.088395101586645,0.0,0.8964350829343007,0.9986044764518738,0.0,3.331368500012193
2026-04-08 23:28:49,1876,206,1,v8_5_phase_1_9,480,192.17563166531372,172,success,103.53335571289062,14.622810363769531,0.40629085898399353,36.031707763671875,48.5619010925293,13.37070083618164,30.62387466430664,27.92123617602726,-12.825799232888937,0.0,0.8835921353248328,0.9882877469062805,0.0,1.038222377857691
2026-04-08 23:28:52,1877,207,1,v8_5_phase_1_9,480,196.97081337179216,163,success,103.26445770263672,14.537784576416016,0.40629085898399353,37.26833724975586,48.5619010925293,12.13351821899414,33.25743103027344,39.41415985088135,39.25071683913753,0.0,0.7725766851286585,0.9940844774246216,0.0,4.0083498346539574
2026-04-08 23:28:54,1877,208,1,v8_5_phase_1_9,480,190.2013442956701,168,success,104.93621063232422,14.880025863647461,0.40629085898399353,37.19927215576172,48.5619010925293,11.768936157226562,33.206050872802734,39.75377734698189,-2.337493932106171,0.0,0.768799674016876,0.9989468455314636,0.0,1.1623352434442507
2026-04-08 23:28:57,1877,209,1,v8_5_phase_1_9,480,189.17585418135516,165,success,101.96989440917969,14.73834228515625,0.40629085898399353,37.008365631103516,48.5619010925293,12.393611907958984,32.40968322753906,26.59359766553852,-24.636437694722634,0.0,0.8942042646706351,0.9923713207244873,0.0,4.504392271463519
2026-04-08 23:29:03,1877,210,1,v8_5_phase_1_9,480,-267.5521881757176,330,high_altitude,106.15003204345703,119.2686767578125,0.40629085898399353,145.0918426513672,48.5619010925293,-95.41983795166016,-44.57560348510742,115.34607636339761,111.13928089131672,113.24761002393792,-0.4280847740659418,0.2483658790588379,0.0,1.3661549911788125
2026-04-08 23:29:11,1878,211,1,v8_5_phase_1_9,480,-417.31154876210246,480,timeout,102.60839080810547,147.77244567871094,0.40629085898399353,97.4226303100586,48.5619010925293,-47.38063049316406,-10.098374366760254,76.64119750687624,1.7845445486252705,89.46045171099301,0.23104838652667078,-0.7007558345794678,0.0,2.887184224498181
2026-04-08 23:29:14,1878,212,1,v8_5_phase_1_9,480,190.49760747525653,163,success,103.55274963378906,14.953685760498047,0.40629085898399353,37.77277755737305,48.5619010925293,11.627632141113281,32.87085723876953,36.21972818739058,14.0290924419903,0.0,0.8067569058906383,0.9986255764961243,0.0,3.7222475907576924
2026-04-08 23:29:17,1878,213,1,v8_5_phase_1_9,480,189.7787839749776,175,success,105.83806610107422,9.267413139343262,0.40629085898399353,42.3950309753418,48.5619010925293,7.004203796386719,34.63014221191406,40.17359492431673,37.825526151828086,0.0,0.7640934102454369,0.9995244145393372,0.0,2.5253792846014913
2026-04-08 23:29:20,1878,214,1,v8_5_phase_1_9,480,203.66412942782995,169,success,102.29457092285156,14.635183334350586,0.40629085898399353,36.006019592285156,48.5619010925293,13.399345397949219,29.628747940063477,34.18307847501408,-33.1659915906129,0.0,0.8272465418411176,0.9831006526947021,0.0,4.368206857093565
2026-04-08 23:29:23,1878,215,1,v8_5_phase_1_9,480,195.7997429165182,161,success,99.58546447753906,14.818018913269043,0.40629085898399353,36.52741622924805,48.5619010925293,12.873146057128906,30.139846801757812,27.6081573799468,-11.133353488640648,0.0,0.8861376093391834,0.9985218644142151,0.0,6.83568269657406
2026-04-08 23:29:25,1878,216,1,v8_5_phase_1_9,480,193.52809985772748,166,success,100.60496520996094,14.389570236206055,0.40629085898399353,36.50551223754883,48.5619010925293,12.90292739868164,29.4646053314209,40.28893974392532,-26.698091022103252,0.0,0.7627931704158482,0.9690649509429932,0.0,0.6353915530420319
2026-04-08 23:29:28,1878,217,1,v8_5_phase_1_9,480,186.61428878539095,168,success,103.5328369140625,14.763764381408691,0.40629085898399353,37.642154693603516,48.5619010925293,11.75906753540039,31.66919708251953,33.70404998776441,-30.960362998170282,0.0,0.8319149005291055,0.9968309998512268,0.0,6.158613543157902
2026-04-08 23:29:34,1879,218,1,v8_5_phase_1_9,480,-256.7813494725898,349,high_altitude,105.89107513427734,107.59724426269531,0.40629085898399353,145.37393188476562,48.5619010925293,-95.41898345947266,-21.841278076171875,33.80505824030514,35.72485024617189,-14.43722185810795,0.8309353546193772,-0.49992942810058594,0.0,2.009749653953017
2026-04-08 23:29:40,1879,219,1,v8_5_phase_1_9,480,-221.90310217802008,344,high_altitude,103.27320098876953,98.9387435913086,0.40629085898399353,145.42156982421875,48.5619010925293,-95.60601043701172,-20.809219360351562,73.85123598565528,67.21120611232486,54.217741103237735,0.2781322648009099,-0.1334950178861618,0.0,1.6640274777601423
2026-04-08 23:29:43,1879,220,1,v8_5_phase_1_9,480,198.3569517089573,160,success,98.31145477294922,14.546292304992676,0.40629085898399353,36.17490005493164,48.5619010925293,13.228336334228516,31.221054077148438,19.901064128058206,10.703827651174286,0.0,0.9402818051360226,0.989538311958313,0.0,4.777430964778314
2026-04-08 23:29:45,1879,221,1,v8_5_phase_1_9,480,183.93671844043624,169,success,104.40364074707031,14.838449478149414,0.40629085898399353,37.561859130859375,48.5619010925293,11.838748931884766,32.699951171875,38.15940628902582,-23.53152311533155,0.0,0.7862948344862722,0.9985683560371399,0.0,6.792024976057138
2026-04-08 23:29:48,1879,222,1,v8_5_phase_1_9,480,212.3729787063355,165,success,104.69282531738281,14.604085922241211,0.40629085898399353,36.171592712402344,48.5619010925293,13.232696533203125,31.57273292541504,26.84751336302833,14.889214749075421,0.0,0.8922116147943286,0.9807076454162598,0.0,2.180511995698457
2026-04-08 23:29:51,1880,223,1,v8_5_phase_1_9,480,202.64566068826988,160,success,100.60121154785156,14.85576343536377,0.40629085898399353,36.79146194458008,48.5619010925293,12.61013412475586,32.66233444213867,30.606559199163623,21.06226629639937,0.0,0.8606837464951032,0.9925554394721985,0.0,4.104933815630413
2026-04-08 23:29:53,1880,224,1,v8_5_phase_1_9,480,194.5186088548734,169,success,106.11300659179688,14.620943069458008,0.40629085898399353,38.30405807495117,48.5619010925293,10.667362213134766,33.17764663696289,34.366325620256355,26.66353709509216,0.0,0.8254454031307246,0.9870126843452454,0.0,2.7809211620448724
2026-04-08 23:29:56,1880,225,1,v8_5_phase_1_9,480,202.21321399472538,163,success,100.35057830810547,14.89238452911377,0.40629085898399353,35.759788513183594,48.5619010925293,13.64117431640625,31.446794509887695,26.559035200790966,6.052102984388184,0.0,0.8944741428681459,0.9927594661712646,0.0,0.6115806621280908
2026-04-08 23:29:58,1880,226,1,v8_5_phase_1_9,480,192.07662874982827,176,success,104.75951385498047,14.572539329528809,0.40629085898399353,35.91107940673828,48.5619010925293,13.49130630493164,29.86810874938965,28.485493471287647,-1.6853954949209555,0.0,0.8789378947397174,0.9929375052452087,0.0,3.08585817571308
2026-04-08 23:30:01,1880,227,1,v8_5_phase_1_9,480,196.4821360981526,163,success,98.84908294677734,14.87834644317627,0.40629085898399353,35.0385856628418,48.5619010925293,13.930301666259766,29.73512840270996,24.934071725542402,-20.223220245545615,0.0,0.9067934791759177,0.9970276355743408,0.0,1.755400593148412
2026-04-08 23:30:04,1880,228,1,v8_5_phase_1_9,480,190.76108342469715,172,success,103.65605163574219,14.710464477539062,0.40629085898399353,36.67178726196289,48.5619010925293,12.728336334228516,29.39541244506836,33.348832339599554,-13.978243391166847,0.0,0.8353391338924854,0.9981356263160706,0.0,4.807391908390113
2026-04-08 23:30:06,1880,229,1,v8_5_phase_1_9,480,211.1489943861764,157,success,98.59772491455078,14.617655754089355,0.40629085898399353,35.233421325683594,48.5619010925293,14.172508239746094,28.238468170166016,22.02186689365114,15.60640510249427,0.0,0.9270408187042996,0.9808464646339417,0.0,3.275024054618478
2026-04-08 23:30:09,1880,230,1,v8_5_phase_1_9,480,189.75077274018238,174,success,106.65343475341797,14.47423267364502,0.40629085898399353,37.288631439208984,48.5619010925293,12.113456726074219,31.063264846801758,38.56042718576478,-6.982328645567023,0.0,0.7819511845825843,0.9954037666320801,0.0,6.321047460556993
2026-04-10 15:23:30,1882,1,1,v8_5_phase_1_9,480,185.65445585557018,169,success,104.43869018554688,14.37932014465332,0.40629085898399353,37.80832290649414,48.5619010925293,11.592025756835938,32.083744049072266,39.93831881307188,-39.923251415762834,0.0,0.7667359855301435,0.9972504377365112,0.0,4.488884325948807
2026-04-10 15:23:35,1882,2,1,v8_5_phase_1_9,480,-292.4782557862108,320,wrong_way,104.95934295654297,113.70034790039062,0.40629085898399353,138.52264404296875,48.5619010925293,-89.11615753173828,-47.766632080078125,131.09020881541062,-165.6846115275266,0.0,-0.6572464609471009,0.9761331677436829,0.0,3.381548827265014
2026-04-10 15:23:38,1882,3,1,v8_5_phase_1_9,480,193.4240204941304,166,success,103.34929656982422,14.510912895202637,0.40629085898399353,37.49378204345703,48.5619010925293,11.907752990722656,30.910558700561523,30.976857905015866,30.93422044912206,0.0,0.857375257618997,0.9940353631973267,0.0,1.7081653838368371
2026-04-10 15:23:43,1882,4,1,v8_5_phase_1_9,480,-314.51409967455345,323,wrong_way,105.40453338623047,114.1432876586914,0.40629085898399353,134.723388671875,48.5619010925293,-85.14978790283203,-51.45507049560547,148.63469717036892,155.9013764094805,-145.60365046201403,-0.8538661536880237,0.511748194694519,0.0,1.4330315254411246
2026-04-10 15:23:46,1882,5,1,v8_5_phase_1_9,480,213.82399865592856,161,success,101.5710220336914,14.89678955078125,0.40629085898399353,36.4578857421875,48.5619010925293,12.94759750366211,22.32678985595703,32.152032932851576,-14.333368831777905,0.0,0.8466389846322344,0.9811556339263916,0.0,0.6146484165951918
2026-04-10 15:23:50,1883,6,1,v8_5_phase_1_9,480,198.05681741229296,170,success,103.84044647216797,14.642546653747559,0.40629085898399353,36.8191032409668,48.5619010925293,12.581180572509766,30.617015838623047,26.388651009303118,-23.629466320482237,0.0,0.8957998147829112,0.997039258480072,0.0,3.425126895015361
2026-04-10 15:23:54,1883,7,1,v8_5_phase_1_9,480,194.12899016294372,166,success,100.65644073486328,14.99492073059082,0.40629085898399353,35.08150100708008,48.5619010925293,13.887893676757812,28.775392532348633,22.318742773473037,-20.548641193456287,0.0,0.9250855400065913,0.9981973767280579,0.0,3.1297793494132344
2026-04-10 15:23:57,1883,8,1,v8_5_phase_1_9,480,193.8895688049372,173,success,100.9154052734375,14.701227188110352,0.40629085898399353,35.551448822021484,48.5619010925293,13.849353790283203,24.016006469726562,20.813865976664346,-16.371995883919123,0.0,0.9347397106699575,0.9966339468955994,0.0,4.823587171110532
2026-04-10 15:24:00,1883,9,1,v8_5_phase_1_9,480,200.1080795633686,160,success,101.83321380615234,14.876350402832031,0.40629085898399353,35.70427322387695,48.5619010925293,13.698078155517578,31.916717529296875,30.175311300252773,28.57809034586551,0.0,0.8644914725518978,0.9909110069274902,0.0,3.233140142081169
2026-04-10 15:24:03,1883,10,1,v8_5_phase_1_9,480,199.38814494227765,158,success,97.8692855834961,14.84411334991455,0.40629085898399353,35.87421417236328,48.5619010925293,13.527763366699219,30.885347366333008,20.039862109729327,7.661984975062536,0.0,0.9394544413985519,0.9931248426437378,0.0,4.8313923372751075
2026-04-10 15:24:07,1883,11,1,v8_5_phase_1_9,480,186.75195104372207,168,success,103.45406341552734,14.684350967407227,0.40629085898399353,36.371971130371094,48.5619010925293,13.02984619140625,31.357784271240234,29.701063945422106,28.243774784108187,0.0,0.8686223139426704,0.9963419437408447,0.0,4.137003992627088
2026-04-10 15:24:13,1883,12,1,v8_5_phase_1_9,480,190.71250493361862,165,success,104.29869842529297,14.713150024414062,0.40629085898399353,37.22867202758789,48.5619010925293,12.173439025878906,33.04526138305664,38.71232376271669,36.08112315856351,0.0,0.7802959056962411,0.9941825866699219,0.0,4.723756061421624
2026-04-10 15:24:19,1884,13,1,v8_5_phase_1_9,480,198.8219639959914,167,success,103.51457214355469,14.6697416305542,0.40629085898399353,36.39947509765625,48.5619010925293,12.57028579711914,31.815216064453125,34.1404580945932,31.168653032004407,0.0,0.8276642459048931,0.9970770478248596,0.0,5.084795835169923
2026-04-10 15:24:24,1884,14,1,v8_5_phase_1_9,480,192.50767789898956,177,success,106.01591491699219,14.8679780960083,0.40629085898399353,36.50889205932617,48.5619010925293,12.893428802490234,29.02025604248047,26.78843222670772,-17.542020949120644,0.0,0.8926768305104689,0.9926459193229675,0.0,4.088941200012874
2026-04-10 15:24:28,1884,15,1,v8_5_phase_1_9,480,187.0334467904354,174,success,104.28646850585938,14.737957000732422,0.40629085898399353,36.473548889160156,48.5619010925293,12.927471160888672,29.652006149291992,25.524486937776643,-21.945208265501503,0.0,0.9024012110889164,0.997818112373352,0.0,6.755695314830975
2026-04-10 15:24:32,1884,16,1,v8_5_phase_1_9,480,202.30999368979107,168,success,100.05331420898438,14.75747013092041,0.40629085898399353,35.055076599121094,48.5619010925293,14.345596313476562,27.404727935791016,14.099583409319417,9.01127177012563,0.0,0.9698737865543858,0.9973992109298706,0.0,3.0426243864103752
2026-04-10 15:24:35,1884,17,1,v8_5_phase_1_9,480,202.4585117704513,167,success,102.68291473388672,14.799880981445312,0.40629085898399353,36.34189224243164,48.5619010925293,13.060111999511719,27.22736167907715,36.85960421449947,-23.819127013355153,0.0,0.800107779650132,0.9880697131156921,0.0,2.0139170472288916
2026-04-10 15:24:39,1884,18,1,v8_5_phase_1_9,480,198.93136169156563,168,success,103.32537841796875,14.638410568237305,0.40629085898399353,37.57746505737305,48.5619010925293,11.82986068725586,30.11810874938965,25.965083658113947,-6.977129590948174,0.0,0.8990610250131038,0.9792399406433105,0.0,2.0963254830128784
2026-04-10 15:24:42,1884,19,1,v8_5_phase_1_9,480,193.873637371609,174,success,105.42790222167969,14.638147354125977,0.40629085898399353,37.44957733154297,48.5619010925293,11.966388702392578,32.2982177734375,30.397241221859414,-3.515300503763044,0.0,0.8625380336126708,0.9526454210281372,0.0,4.272833671431815
2026-04-10 15:24:47,1885,20,1,v8_5_phase_1_9,480,188.0868233769149,167,success,101.32137298583984,14.643218040466309,0.40629085898399353,36.52096176147461,48.5619010925293,12.880043029785156,29.993947982788086,24.73116046567966,-24.565057095254122,0.0,0.908280785034812,0.9976692795753479,0.0,3.8347128243380877
2026-04-10 15:24:55,1885,21,1,v8_5_phase_1_9,480,-263.2712544980531,333,high_altitude,106.04660034179688,120.86502838134766,0.40629085898399353,145.1510772705078,48.5619010925293,-95.70087432861328,-45.83613586425781,115.11460125242589,142.56612873432596,-30.517674532399663,-0.4244301840575387,0.8480239510536194,0.0,2.0815152766258436
2026-04-10 15:24:58,1885,22,1,v8_5_phase_1_9,480,198.2765797532736,165,success,101.8534927368164,14.414729118347168,0.40629085898399353,37.10737609863281,48.5619010925293,12.293514251708984,32.24481964111328,27.581632340305056,-1.1846513817005777,0.0,0.8863520553450036,0.9976435303688049,0.0,6.330392968716218
2026-04-10 15:25:00,1885,23,1,v8_5_phase_1_9,480,192.4595817284074,156,success,99.39521789550781,14.881450653076172,0.40629085898399353,37.935157775878906,48.5619010925293,11.465202331542969,33.211978912353516,36.05632615678178,-19.075866285746656,0.0,0.8084387654364878,0.9979249238967896,0.0,4.8438642146071045
2026-04-10 15:25:03,1885,24,1,v8_5_phase_1_9,480,192.0859727542205,163,success,100.68877410888672,14.999055862426758,0.40629085898399353,37.367340087890625,48.5619010925293,12.032764434814453,30.180814743041992,34.92733686811369,-30.516216287011865,0.0,0.8198788012352575,0.9990319609642029,0.0,4.895061634591749
2026-04-10 15:25:06,1885,25,1,v8_5_phase_1_9,480,194.151651905385,159,success,99.06703186035156,14.843525886535645,0.40629085898399353,35.71246337890625,48.5619010925293,13.256431579589844,31.500030517578125,27.000864770273456,7.0346397837596815,0.0,0.8909996719680706,0.9993215203285217,0.0,3.9514999836671887
2026-04-10 15:25:12,1886,26,1,v8_5_phase_1_9,480,-328.2545984861251,312,wrong_way,106.74056243896484,116.28105926513672,0.40629085898399353,135.40216064453125,48.5619010925293,-85.77204132080078,-54.325401306152344,152.4382109530956,152.70266221738012,170.25906242225093,-0.8865123574741587,0.3602314293384552,0.0,1.3265297236273943
2026-04-10 15:25:15,1886,27,1,v8_5_phase_1_9,480,193.76913365948118,179,success,103.18877410888672,7.995254993438721,0.40629085898399353,42.647064208984375,48.5619010925293,6.755695343017578,30.51906967163086,39.87258507249968,-34.61782684587456,0.0,0.7674719852849348,0.9868851900100708,0.0,3.0546088062021215
2026-04-10 15:25:18,1886,28,1,v8_5_phase_1_9,480,196.15760143711103,167,success,101.4827651977539,14.652588844299316,0.40629085898399353,36.070526123046875,48.5619010925293,13.329692840576172,31.237194061279297,26.278544944787928,12.056988017270424,0.0,0.8966522805646362,0.9979147911071777,0.0,2.5211360870239616
2026-04-10 15:25:21,1886,29,1,v8_5_phase_1_9,480,186.48283034757978,179,success,100.2484130859375,9.240401268005371,0.40629085898399353,40.4019660949707,48.5619010925293,9.039154052734375,26.5610408782959,40.47602204038655,-34.037554464557786,-80.95409313752411,0.7606776893386984,0.8784199953079224,0.0,1.28010794859762
2026-04-10 15:25:23,1886,30,1,v8_5_phase_1_9,480,198.998268612617,164,success,100.65997314453125,14.483840942382812,0.40629085898399353,35.93299865722656,48.5619010925293,13.470111846923828,30.809080123901367,27.258714656725193,24.30714061445798,0.0,0.8889474888305868,0.9903585314750671,0.0,4.120643924159491
2026-04-10 15:25:26,1886,31,1,v8_5_phase_1_9,480,180.7780854080607,185,success,105.22076416015625,9.766398429870605,0.40629085898399353,42.16214370727539,48.5619010925293,7.244865417480469,28.66924476623535,40.45606081253719,-40.9859878694818,0.0,0.7609037929370334,0.9738913774490356,0.0,0.8303986942573673
2026-04-10 15:25:29,1886,32,1,v8_5_phase_1_9,480,202.19256458491193,163,success,100.23538208007812,14.973382949829102,0.40629085898399353,35.789146423339844,48.5619010925293,13.613933563232422,31.01604461669922,31.42443337113763,28.6125537728701,0.0,0.8533285388789551,0.9900947213172913,0.0,1.5017687770600723
2026-04-10 15:25:32,1887,33,1,v8_5_phase_1_9,480,194.89054936408698,163,success,99.45166778564453,14.868294715881348,0.40629085898399353,35.5721435546875,48.5619010925293,13.828483581542969,29.837297439575195,23.88233529148174,19.639029043192547,0.0,0.9143788198996948,0.9984021782875061,0.0,3.550960823213243
2026-04-10 15:25:34,1887,34,1,v8_5_phase_1_9,480,204.784871923282,166,success,98.97945404052734,14.722868919372559,0.40629085898399353,35.36529541015625,48.5619010925293,14.050418853759766,26.2093563079834,19.406807734053988,-3.612595908159641,0.01617488013294863,0.9431831847763058,0.9486440420150757,0.0,0.9317392306296063
2026-04-10 15:25:37,1887,35,1,v8_5_phase_1_9,480,198.9391078278862,166,success,103.18510437011719,14.41250991821289,0.40629085898399353,36.689430236816406,48.5619010925293,12.712200164794922,32.590389251708984,32.12773111978467,32.18702399196955,0.0,0.8468646256060622,0.9952905178070068,0.0,4.264151567695455
2026-04-10 15:25:39,1887,36,1,v8_5_phase_1_9,480,189.53813101665762,172,success,104.4394760131836,14.58864688873291,0.40629085898399353,36.857730865478516,48.5619010925293,12.545753479003906,28.97383689880371,36.18168744880819,-36.046709250430396,0.0,0.8071490369483104,0.9854141473770142,0.0,1.1531386560864638
2026-04-10 15:25:41,1887,37,1,v8_5_phase_1_9,480,199.29459586532656,164,success,100.74700164794922,14.696784019470215,0.40629085898399353,36.21914291381836,48.5619010925293,13.18112564086914,30.762405395507812,26.91262384883877,7.236383935047995,0.0,0.891697824049277,0.9974350929260254,0.0,4.672295304325824
2026-04-10 15:25:44,1887,38,1,v8_5_phase_1_9,480,193.83395015083218,172,success,103.580810546875,14.55008602142334,0.40629085898399353,35.981075286865234,48.5619010925293,13.422012329101562,29.555511474609375,18.10922888610248,0.7937689402891509,0.0,0.9504656772627936,0.9934335947036743,0.0,5.894610793768724
2026-04-10 15:25:46,1887,39,1,v8_5_phase_1_9,480,191.07676790819693,171,success,106.62117004394531,14.74648666381836,0.40629085898399353,37.56767272949219,48.5619010925293,11.83382797241211,33.144554138183594,39.38478320726112,19.961813538083593,0.0,0.7729021199627241,0.9963893890380859,0.0,3.1443501833923735
2026-04-10 15:25:49,1888,40,1,v8_5_phase_1_9,480,195.7816946377393,171,success,103.54629516601562,14.800518035888672,0.40629085898399353,36.157833099365234,48.5619010925293,13.250499725341797,32.259178161621094,16.67868845312562,9.046372966043972,0.0,0.9579293142442915,0.975969672203064,0.0,4.675895748024798
2026-04-10 15:25:52,1888,41,1,v8_5_phase_1_9,480,191.2490510975663,172,success,103.8150863647461,14.88144302368164,0.40629085898399353,36.46466064453125,48.5619010925293,12.938796997070312,30.597991943359375,31.118676537847424,1.2981473544782103,0.0,0.8560986662521185,0.9882954955101013,0.0,4.5114423194267586
2026-04-10 15:25:54,1888,42,1,v8_5_phase_1_9,480,196.55413032136045,161,success,98.60784912109375,14.813575744628906,0.40629085898399353,35.98253631591797,48.5619010925293,13.422050476074219,29.073062896728516,26.669884048378393,4.0549714658889116,0.0,0.8936074370883436,0.9904648065567017,0.0,6.3790636181496
2026-04-10 15:25:57,1888,43,1,v8_5_phase_1_9,480,189.29714406269414,175,success,104.60440826416016,14.501276969909668,0.40629085898399353,36.58624267578125,48.5619010925293,12.822864532470703,30.866424560546875,26.17260871076103,-5.906077381914719,0.0,0.8974693370335413,0.9750156402587891,0.0,2.8190039608345905
2026-04-10 15:25:59,1888,44,1,v8_5_phase_1_9,480,197.49621392482103,166,success,105.16085052490234,14.837018013000488,0.40629085898399353,36.35521697998047,48.5619010925293,13.051799774169922,31.192686080932617,39.074214505700645,33.358404849721325,0.0,0.7763301589273641,0.9786726832389832,0.0,3.380260697352164
2026-04-10 15:26:01,1888,45,1,v8_5_phase_1_9,480,191.44400380181366,165,success,104.32025909423828,14.509784698486328,0.40629085898399353,37.792335510253906,48.5619010925293,11.610401153564453,32.8131217956543,31.68800695611384,24.087411721311376,0.0,0.8509210815137614,0.9886888265609741,0.0,1.4277500667648113
2026-04-10 15:26:04,1888,46,1,v8_5_phase_1_9,480,200.76456563433985,161,success,98.71781921386719,14.937817573547363,0.40629085898399353,35.66311264038086,48.5619010925293,13.742839813232422,29.149003982543945,27.63167884390103,-26.760481385076737,0.0,0.8859472873509722,0.9791477918624878,0.0,0.43893833815822464
2026-04-10 15:26:07,1889,47,1,v8_5_phase_1_9,480,200.95927986210606,176,success,102.73693084716797,8.635771751403809,0.40629085898399353,42.14614486694336,48.5619010925293,7.255950927734375,27.898324966430664,40.1830991325468,-40.23203743794994,0.0,0.7639863897898164,0.989632785320282,0.0,1.0323865607275875
2026-04-10 15:26:09,1889,48,1,v8_5_phase_1_9,480,204.01494610351972,165,success,103.38480377197266,14.42679500579834,0.40629085898399353,37.68716049194336,48.5619010925293,11.712623596191406,32.76411437988281,37.32216853075482,-3.913966052455406,0.0,0.7952389560124153,0.9989926218986511,0.0,1.7841239941557236
2026-04-10 15:26:12,1889,49,1,v8_5_phase_1_9,480,197.38536971813025,171,success,101.11441802978516,9.734674453735352,0.40629085898399353,40.737464904785156,48.5619010925293,8.669605255126953,30.296810150146484,40.312350217305536,-34.866281807122945,0.0,0.7625288951773205,0.9731717109680176,0.0,2.844188152554814
2026-04-10 15:26:14,1889,50,1,v8_5_phase_1_9,480,197.15693970843753,167,success,100.92339324951172,14.725953102111816,0.40629085898399353,35.827232360839844,48.5619010925293,13.577842712402344,29.15650177001953,32.60558139940252,-14.523007326536018,0.0,0.8423999093024466,0.9813235998153687,0.0,2.976817084718156
2026-04-10 15:26:16,1889,51,1,v8_5_phase_1_9,480,185.68829177071942,176,success,106.65122985839844,14.874631881713867,0.40629085898399353,37.22419357299805,48.5619010925293,12.181289672851562,31.055593490600586,25.58849776313071,-23.630038348825227,0.0,0.9019192502690788,0.9864716529846191,0.0,4.979154542284349
2026-04-10 15:26:19,1889,52,1,v8_5_phase_1_9,480,193.1562446538843,161,success,99.77815246582031,14.998578071594238,0.40629085898399353,36.01477813720703,48.5619010925293,13.39419174194336,30.011892318725586,29.68183013271935,-23.355077130955316,0.0,0.868788592596526,0.9739125967025757,0.0,4.754165632848723
2026-04-10 15:26:21,1889,53,1,v8_5_phase_1_9,480,197.7667593492141,170,success,102.44679260253906,14.806779861450195,0.40629085898399353,35.91849899291992,48.5619010925293,13.482440948486328,29.682540893554688,25.52232347535704,-10.494245857813384,0.0,0.9024174809117026,0.9967127442359924,0.0,5.369079842942643
2026-04-10 15:26:24,1890,54,1,v8_5_phase_1_9,480,186.16614286875966,173,success,103.8403549194336,14.823986053466797,0.40629085898399353,36.86686325073242,48.5619010925293,12.541671752929688,30.034399032592773,33.38779515371989,-30.286721930899436,0.0,0.8349651048402784,0.976990818977356,0.0,4.861425981441541
2026-04-10 15:26:26,1890,55,1,v8_5_phase_1_9,480,185.29968878368194,172,success,102.82050323486328,14.02595329284668,0.40629085898399353,37.0712890625,48.5619010925293,12.335094451904297,29.579195022583008,39.94552124755166,-28.297765721949844,0.0,0.766655280801068,0.9773533344268799,0.0,3.601111690831524
2026-04-10 15:26:29,1890,56,1,v8_5_phase_1_9,480,188.09934018673488,173,success,106.19365692138672,11.568742752075195,0.40629085898399353,40.60855484008789,48.5619010925293,8.796913146972656,33.15007019042969,40.45834551081456,-5.819518821449971,0.0,0.7608779185223999,0.9856306314468384,0.0,2.8086720951036703
2026-04-10 15:26:32,1890,57,1,v8_5_phase_1_9,480,190.5525784506328,169,success,103.68961334228516,14.89920711517334,0.40629085898399353,37.3706169128418,48.5619010925293,12.038074493408203,31.240530014038086,27.005519544192822,-23.137730266281753,0.0,0.890962785233644,0.9791656136512756,0.0,3.2030593914646466
2026-04-10 15:26:37,1890,58,1,v8_5_phase_1_9,480,-287.77312725258906,348,high_altitude,105.69973754882812,109.70186614990234,0.40629085898399353,145.1605987548828,48.5619010925293,-95.67154693603516,-39.90818405151367,149.05453523827126,145.2990103646531,130.1105001412423,-0.8576571356138802,0.7404947876930237,0.0,1.5412887687110937
2026-04-10 15:26:39,1890,59,1,v8_5_phase_1_9,480,191.36357882947726,163,success,103.63160705566406,14.617116928100586,0.40629085898399353,37.679161071777344,48.5619010925293,11.72635269165039,33.6384391784668,34.20361685384831,24.421621415136563,0.0,0.827045090546743,0.9827048778533936,0.0,2.0375367215788898
2026-04-10 15:26:42,1891,60,1,v8_5_phase_1_9,480,196.31984979987254,165,success,101.95410919189453,14.91762638092041,0.40629085898399353,37.16566848754883,48.5619010925293,12.24411392211914,32.182884216308594,38.373580530829905,-10.842625632845408,0.0,0.7839797894193361,0.9678676128387451,0.0,3.7479662056487038
2026-04-10 15:26:44,1891,61,1,v8_5_phase_1_9,480,198.6779077894492,169,success,104.23904418945312,14.435482025146484,0.40629085898399353,37.01474380493164,48.5619010925293,12.389793395996094,32.347835540771484,21.422577558137757,21.469728061525647,0.0,0.9309119628884883,0.9843541979789734,0.0,1.8091054461726537
2026-04-10 15:26:47,1891,62,1,v8_5_phase_1_9,480,197.8640515333571,167,success,102.81561279296875,14.806869506835938,0.40629085898399353,37.466678619384766,48.5619010925293,11.936180114746094,27.443689346313477,36.71562724189018,-27.155090441732344,0.0,0.8016126140626236,0.9887858629226685,0.0,2.8635910532374966
2026-04-10 15:26:49,1891,63,1,v8_5_phase_1_9,480,203.05082954488873,164,success,97.82496643066406,14.766069412231445,0.40629085898399353,35.30701446533203,48.5619010925293,14.095951080322266,27.1813907623291,10.644235958213217,-9.719580316302524,0.0,0.9827930341554858,0.9931114912033081,0.0,3.431357665386575
2026-04-10 15:26:52,1891,64,1,v8_5_phase_1_9,480,204.29416568600027,189,success,106.68558502197266,1.0174598693847656,0.40629085898399353,48.53106689453125,48.5619010925293,0.8712158203125,29.665298461914062,35.42451658308267,20.127073380146637,0.0,0.8148798495406014,0.98808753490448,0.0,0.3686110642008907
2026-04-10 15:26:54,1891,65,1,v8_5_phase_1_9,480,202.9724739380125,168,success,104.09722137451172,14.63771915435791,0.40629085898399353,36.944610595703125,48.5619010925293,12.460731506347656,28.80607795715332,21.585699550990586,-3.276858599837899,0.0,0.9298683371045794,0.982603132724762,0.0,1.0754557118447432
2026-04-10 15:26:57,1891,66,1,v8_5_phase_1_9,480,204.26241727889948,167,success,98.34228515625,14.572273254394531,0.40629085898399353,35.238739013671875,48.5619010925293,14.16549301147461,25.322397232055664,24.43593236899503,-22.534853373906824,0.0,0.9104244081895568,0.9816034436225891,0.0,0.4958566533303909
2026-04-10 15:26:59,1892,67,1,v8_5_phase_1_9,480,202.28399146773683,163,success,97.65804290771484,14.811521530151367,0.40629085898399353,34.80633544921875,48.5619010925293,14.594146728515625,25.583805084228516,12.399917301344777,10.276533578019228,0.0,0.9766725882743528,0.998086154460907,0.0,4.576612557053774
2026-04-10 15:27:02,1892,68,1,v8_5_phase_1_9,480,209.2809417567749,168,success,98.61180114746094,14.584698677062988,0.40629085898399353,37.37082290649414,48.5619010925293,12.0406494140625,21.811708450317383,21.145043066498044,-18.030703908762135,0.0,0.9326702351329891,0.9652128219604492,0.0,3.2450821376338883
2026-04-10 15:27:04,1892,69,1,v8_5_phase_1_9,480,193.01214273105762,174,success,105.75819396972656,14.912901878356934,0.40629085898399353,37.19026184082031,48.5619010925293,12.216323852539062,31.189504623413086,28.46932812106952,-7.8399464076608645,0.0,0.8790724218716811,0.9797818064689636,0.0,4.260607252373244
2026-04-10 15:27:07,1892,70,1,v8_5_phase_1_9,480,189.52001067304136,171,success,103.77882385253906,13.536040306091309,0.40629085898399353,37.831634521484375,48.5619010925293,11.573707580566406,29.444536209106445,39.90594371640602,-39.630215809801776,0.0,0.7670986053569752,0.9858661890029907,0.0,5.413499735474839
2026-04-10 15:27:09,1892,71,1,v8_5_phase_1_9,480,191.0116386922258,174,success,104.96832275390625,14.079360008239746,0.40629085898399353,37.2044563293457,48.5619010925293,12.201271057128906,29.16669273376465,40.30905123593642,-40.35116618235872,0.0,0.7625661442960827,0.9814170002937317,0.0,4.350567765300139
2026-04-10 15:27:12,1892,72,1,v8_5_phase_1_9,480,199.17101470248463,164,success,98.68701171875,14.743130683898926,0.40629085898399353,35.77335739135742,48.5619010925293,13.63747787475586,29.577558517456055,20.188724375142463,-2.9603519025677394,0.0,0.9385609581590341,0.9703880548477173,0.0,2.951420931680025
2026-04-10 15:27:14,1892,73,1,v8_5_phase_1_9,480,203.12592263553,161,success,97.7409896850586,14.670769691467285,0.40629085898399353,35.4148063659668,48.5619010925293,13.988231658935547,29.073110580444336,12.843740432291268,3.94893235213764,0.0,0.9749799368138423,0.9915158748626709,0.0,5.216216587443489
2026-04-10 15:27:17,1893,74,1,v8_5_phase_1_9,480,207.3175448135474,167,success,98.45082092285156,14.570778846740723,0.40629085898399353,35.349552154541016,48.5619010925293,14.054241180419922,25.797279357910156,9.702128329199494,-5.258255283480167,0.0,0.9856972096429748,0.990726888179779,0.0,6.138092705721795
2026-04-10 15:27:19,1893,75,1,v8_5_phase_1_9,480,195.36819426601375,169,success,104.70743560791016,14.881449699401855,0.40629085898399353,36.265647888183594,48.5619010925293,13.138053894042969,30.97577667236328,26.715248457298326,26.680672332172428,0.0,0.8932517768265513,0.9876975417137146,0.0,1.445998228427894
2026-04-10 15:27:22,1893,76,1,v8_5_phase_1_9,480,190.3274918231142,174,success,106.21730041503906,14.843766212463379,0.40629085898399353,36.53394317626953,48.5619010925293,12.866634368896484,31.55832290649414,34.41363151044786,12.65744019249,0.0,0.8249790609500862,0.9966431856155396,0.0,2.267264224999986
2026-04-10 15:27:24,1893,77,1,v8_5_phase_1_9,480,197.61401286971446,166,success,100.95091247558594,14.822966575622559,0.40629085898399353,35.768043518066406,48.5619010925293,13.634124755859375,29.25699806213379,27.852807925827488,11.547821320308069,0.0,0.8841507439691718,0.9947102665901184,0.0,3.3642814412175737
2026-04-10 15:27:29,1893,78,1,v8_5_phase_1_9,480,-278.23377233584984,326,wrong_way,105.46361541748047,114.2994613647461,0.40629085898399353,138.44822692871094,48.5619010925293,-89.0430679321289,-50.00346755981445,150.5294053065088,-156.7119422790426,0.0,-0.8706083026375084,0.9783401489257812,0.0,0.28835051720126736
2026-04-10 15:27:31,1893,79,1,v8_5_phase_1_9,480,198.81559839455716,167,success,98.97407531738281,14.672781944274902,0.40629085898399353,35.59919357299805,48.5619010925293,13.803970336914062,27.45076560974121,18.231543913759065,-2.11090539459876,0.0,0.9497999530892632,0.9921704530715942,0.0,2.688283506988964
2026-04-10 15:27:34,1894,80,1,v8_5_phase_1_9,480,190.03622479350955,171,success,101.08695983886719,14.869791030883789,0.40629085898399353,35.26324462890625,48.5619010925293,14.146316528320312,27.086776733398438,32.147938234444155,-24.409105093482513,0.0,0.8466770143484467,0.9689483642578125,0.0,3.87528441969085
2026-04-10 15:27:36,1894,81,1,v8_5_phase_1_9,480,194.0841848289043,168,success,99.44491577148438,14.883060455322266,0.40629085898399353,35.24665451049805,48.5619010925293,14.15536117553711,26.0780029296875,24.0790925509023,-20.595146243967612,0.0,0.9129831178024459,0.9909631013870239,0.0,3.7845453558604945
2026-04-10 15:27:39,1894,82,1,v8_5_phase_1_9,480,189.01231091197033,167,success,104.93684387207031,14.946629524230957,0.40629085898399353,37.16475296020508,48.5619010925293,11.804340362548828,33.120361328125,35.073946878648016,11.871988074732396,0.0,0.8184110950524692,0.9982324838638306,0.0,5.392337972215405
2026-04-10 15:27:42,1894,83,1,v8_5_phase_1_9,480,189.64471981153784,179,success,106.53276062011719,14.505918502807617,0.40629085898399353,36.75017166137695,48.5619010925293,12.651134490966797,29.937667846679688,34.760567554244076,-19.18884785990242,0.0,0.8215417945538304,0.9927977919578552,0.0,3.4777134407158807
2026-04-10 15:27:44,1894,84,1,v8_5_phase_1_9,480,202.16754991762625,162,success,99.4391098022461,14.926148414611816,0.40629085898399353,35.27407455444336,48.5619010925293,14.126171112060547,29.0004825592041,14.218907667893186,12.745880043184263,0.0,0.9693643454129459,0.9966766238212585,0.0,4.014947865681249
2026-04-10 15:27:47,1894,85,1,v8_5_phase_1_9,480,202.14605179838998,170,success,98.13786315917969,14.819426536560059,0.40629085898399353,34.84886932373047,48.5619010925293,14.550590515136719,21.690048217773438,10.823291928626041,-9.990405854629993,0.0,0.9822109951546948,0.9999477863311768,0.0,2.7642442648079215
2026-04-10 15:27:49,1894,86,1,v8_5_phase_1_9,480,197.18644439008835,167,success,101.19731903076172,14.91808795928955,0.40629085898399353,35.424949645996094,48.5619010925293,13.981674194335938,27.91476058959961,32.35838319296142,-13.6028553406093,0.0,0.8447169006975526,0.9751614332199097,0.0,0.936077280943223
2026-04-10 15:27:51,1894,87,1,v8_5_phase_1_9,480,203.12678440877124,163,success,99.2109146118164,14.436546325683594,0.40629085898399353,35.56002426147461,48.5619010925293,13.844970703125,28.47443962097168,23.325872949611632,16.64321586567116,0.0,0.9182676719532445,0.9889861941337585,0.0,3.589614066203041
2026-04-10 15:27:54,1895,88,1,v8_5_phase_1_9,480,203.4966253558933,166,success,97.50874328613281,14.657403945922852,0.40629085898399353,35.01195526123047,48.5619010925293,14.397354125976562,26.169363021850586,11.812661905375313,-7.4599565171500215,0.0,0.9788221728804792,0.9739523530006409,0.0,2.830175371864648
2026-04-10 15:27:59,1895,89,1,v8_5_phase_1_9,480,-325.04002388622064,316,wrong_way,105.64388275146484,114.57962036132812,0.40629085898399353,129.6309814453125,48.5619010925293,-79.91706085205078,-54.42576217651367,141.4129878967527,140.74007765972303,-165.4767278899481,-0.7816618743395867,0.13524411618709564,0.0,1.3776825400026136
2026-04-10 15:28:01,1895,90,1,v8_5_phase_1_9,480,204.85376226070483,164,success,101.85762786865234,14.536770820617676,0.40629085898399353,36.2073860168457,48.5619010925293,13.19253921508789,31.53944969177246,22.82602092312988,21.155028803064603,0.0,0.9216870660190406,0.9981917142868042,0.0,3.7066815937078004
2026-04-10 15:28:04,1895,91,1,v8_5_phase_1_9,480,207.9929199835881,160,success,98.59529113769531,14.6207857131958,0.40629085898399353,35.265586853027344,48.5619010925293,14.143291473388672,27.571962356567383,10.74581623909694,-7.186871893754572,0.0,0.9824640151665502,0.9694616794586182,0.0,1.2550382660908332
2026-04-10 15:28:06,1895,92,1,v8_5_phase_1_9,480,193.85526455092193,179,success,104.10289001464844,9.49753475189209,0.40629085898399353,40.76093292236328,48.5619010925293,8.214855194091797,27.70909309387207,40.29196893282222,-20.468377932972174,0.0,0.76275898179829,0.9756841063499451,0.0,3.606862284142085
2026-04-10 15:28:09,1895,93,1,v8_5_phase_1_9,480,193.42847935405848,168,success,103.13018798828125,14.666618347167969,0.40629085898399353,37.09329605102539,48.5619010925293,12.313987731933594,31.7982234954834,39.44470104175506,-14.216558082818702,0.0,0.7722381340944954,0.9768332242965698,0.0,3.8389579419819317
2026-04-10 15:28:11,1896,94,1,v8_5_phase_1_9,480,199.35285712051493,162,success,100.4851303100586,14.644352912902832,0.40629085898399353,36.017791748046875,48.5619010925293,13.386726379394531,30.029056549072266,31.62717387627112,15.277401720363926,0.0,0.8514783256725929,0.9889380931854248,0.0,5.54678717341008
2026-04-10 15:28:14,1896,95,1,v8_5_phase_1_9,480,187.02753225277468,178,success,105.6495361328125,11.230759620666504,0.40629085898399353,39.59095001220703,48.5619010925293,9.817062377929688,31.127819061279297,40.339285068297485,-39.37133114969078,0.0,0.7622246765944101,0.9805511236190796,0.0,3.650511490276927
2026-04-10 15:28:17,1896,96,1,v8_5_phase_1_9,480,191.37600967978167,176,success,106.6240234375,14.714380264282227,0.40629085898399353,36.85765075683594,48.5619010925293,12.549480438232422,30.748516082763672,29.554426614131103,4.288067039241229,0.0,0.869887538555966,0.9788488745689392,0.0,2.478458946584877
2026-04-10 15:28:19,1896,97,1,v8_5_phase_1_9,480,203.5355712253687,168,success,100.8057861328125,14.447893142700195,0.40629085898399353,35.58077621459961,48.5619010925293,13.824409484863281,28.292278289794922,7.698118383319196,6.8927007688440005,0.0,0.9909875993412247,0.9870536923408508,0.0,5.4876686568161865
2026-04-10 15:28:22,1896,98,1,v8_5_phase_1_9,480,202.2541099223047,166,success,101.40501403808594,14.805395126342773,0.40629085898399353,35.85261917114258,48.5619010925293,13.546695709228516,29.608535766601562,26.74421528956835,-20.40164015459198,0.0,0.8930243818081414,0.9984641075134277,0.0,2.290782077573998
2026-04-10 15:28:24,1896,99,1,v8_5_phase_1_9,480,204.44472564175268,164,success,101.55612182617188,14.487337112426758,0.40629085898399353,36.131103515625,48.5619010925293,13.268638610839844,30.2729434967041,20.311565327365145,11.328964130054288,0.0,0.9378188854888878,0.9982717633247375,0.0,1.1312041779186168
2026-04-10 15:28:26,1896,100,1,v8_5_phase_1_9,480,200.82100711588987,165,success,98.41561889648438,14.977121353149414,0.40629085898399353,34.83544158935547,48.5619010925293,14.571754455566406,25.715274810791016,25.02482444904436,-4.772739397179449,0.0,0.9061245948499179,0.978976845741272,0.0,4.614466751676173
2026-04-10 15:28:29,1897,101,1,v8_5_phase_1_9,480,196.4375176480322,169,success,102.13963317871094,14.924038887023926,0.40629085898399353,35.155399322509766,48.5619010925293,14.266593933105469,26.16982650756836,15.862043715202214,-12.910124748381914,0.9095904857574669,0.961922586113641,0.93800950050354,0.0,2.496379939685007
2026-04-10 15:28:32,1897,102,1,v8_5_phase_1_9,480,205.72005411113764,168,success,97.52855682373047,14.641674041748047,0.40629085898399353,35.73876190185547,48.5619010925293,13.668964385986328,19.952133178710938,11.835128958876423,-7.294927193971466,0.0,0.9787418249855895,0.9803206324577332,0.0,2.4392415085339776
2026-04-10 15:28:34,1897,103,1,v8_5_phase_1_9,480,195.21809981992226,166,success,102.38813018798828,14.633374214172363,0.40629085898399353,36.47197341918945,48.5619010925293,12.931350708007812,30.38179588317871,25.48736315209033,-8.83526718672451,0.0,0.902680213600347,0.9892127513885498,0.0,2.514107009000874
2026-04-10 15:28:37,1897,104,1,v8_5_phase_1_9,480,207.71234745903604,165,success,99.30402374267578,14.548770904541016,0.40629085898399353,35.211692810058594,48.5619010925293,14.18967056274414,26.377370834350586,5.837073688277373,4.319784730199475,0.0,0.9948151112849664,0.992571234703064,0.0,1.420849450888224
2026-04-10 15:28:39,1897,105,1,v8_5_phase_1_9,480,206.6984293034548,162,success,98.10040283203125,14.84754467010498,0.40629085898399353,35.37569808959961,48.5619010925293,14.023677825927734,27.68915557861328,19.261302506617916,-2.6935540414164634,0.0,0.9440239652844015,0.997964084148407,0.0,1.5215748511840048
2026-04-10 15:28:42,1897,106,1,v8_5_phase_1_9,480,191.36680553575235,171,success,102.30767822265625,14.585546493530273,0.40629085898399353,36.5937614440918,48.5619010925293,12.806705474853516,26.973379135131836,32.520538714046694,-22.506900824728547,0.0,0.8431987868143502,0.9973260760307312,0.0,2.6042818856635925
2026-04-10 15:28:44,1897,107,1,v8_5_phase_1_9,480,194.12271521586797,172,success,104.34542846679688,14.718256950378418,0.40629085898399353,35.87964630126953,48.5619010925293,13.527481079101562,29.3244686126709,21.21783922267204,9.049435452113077,0.0,0.9322111630703932,0.9811387062072754,0.0,5.4060519980744415
2026-04-10 15:28:47,1898,108,1,v8_5_phase_1_9,480,207.2108769518112,170,success,104.62616729736328,14.866470336914062,0.40629085898399353,36.45346450805664,48.5619010925293,12.952484130859375,28.990463256835938,21.538419274008465,-7.067940371058079,0.0,0.9301716040607871,0.9768783450126648,0.0,2.9867704173988368
2026-04-10 15:28:50,1898,109,1,v8_5_phase_1_9,480,205.70388764756694,169,success,101.83826446533203,14.746450424194336,0.40629085898399353,34.9524040222168,48.5619010925293,14.464908599853516,25.808494567871094,7.7481051227599345,-6.727298773468855,-0.0036872995514068683,0.9908703566143047,0.9457926154136658,0.0,1.4337258652336824
2026-04-10 15:28:53,1898,110,1,v8_5_phase_1_9,480,189.44030835109197,176,success,105.8604736328125,14.526979446411133,0.40629085898399353,37.01127624511719,48.5619010925293,12.389019012451172,28.853891372680664,35.09679727651629,-7.111023069908403,0.0,0.8181818578305403,0.997932493686676,0.0,2.7674409525552894
2026-04-10 15:28:55,1898,111,1,v8_5_phase_1_9,480,193.535786316331,174,success,103.92654418945312,14.639580726623535,0.40629085898399353,36.3809928894043,48.5619010925293,13.022262573242188,29.281230926513672,20.472634848372383,-9.187931197913425,0.0,0.936839345654837,0.9914506673812866,0.0,4.912056691430771
2026-04-10 15:28:58,1898,112,1,v8_5_phase_1_9,480,197.8106374815068,175,success,101.79562377929688,14.827298164367676,0.40629085898399353,35.88759231567383,48.5619010925293,13.517230987548828,23.28656768798828,17.021869600425617,-17.082707802910214,0.0,0.9561930890364606,0.9880324006080627,0.0,5.370705596235613
2026-04-10 15:29:00,1898,113,1,v8_5_phase_1_9,480,196.4670075341949,175,success,105.51380157470703,14.434404373168945,0.40629085898399353,36.64038848876953,48.5619010925293,12.759532928466797,30.554546356201172,27.31480075509475,20.607105905204303,0.0,0.8884987237793577,0.9985731840133667,0.0,1.868886126045476
2026-04-10 15:29:03,1898,114,1,v8_5_phase_1_9,480,202.84044528238886,166,success,102.2422866821289,14.485540390014648,0.40629085898399353,37.05210494995117,48.5619010925293,12.352741241455078,29.60529899597168,22.53288457187857,3.7767279152359863,0.0,0.9236597414749971,0.9844502806663513,0.0,1.2888976127077791
2026-04-10 15:29:06,1899,115,1,v8_5_phase_1_9,480,182.78974411644495,178,success,105.90325164794922,14.855687141418457,0.40629085898399353,36.7966194152832,48.5619010925293,12.607086181640625,27.622835159301758,38.75531638844733,-36.69407457996421,0.0,0.779826401246395,0.9843443036079407,0.0,3.2885804669794876
2026-04-10 15:29:09,1899,116,1,v8_5_phase_1_9,480,206.07669326558675,173,success,106.2846450805664,14.892043113708496,0.40629085898399353,36.22758102416992,48.5619010925293,13.175910949707031,30.83835792541504,25.645172965316185,-0.2907401554718303,0.0,0.901491582410113,0.986882209777832,0.0,3.0753324912785867
2026-04-10 15:29:11,1899,117,1,v8_5_phase_1_9,480,199.7506992438956,167,success,104.49864959716797,14.93667221069336,0.40629085898399353,36.993099212646484,48.5619010925293,12.406814575195312,33.03089904785156,32.008820941429335,31.686125238997498,0.0,0.8479665026665056,0.9974892735481262,0.0,1.327427409141393
2026-04-10 15:29:14,1899,118,1,v8_5_phase_1_9,480,201.4509899701272,171,success,98.56352996826172,14.577887535095215,0.40629085898399353,35.73155212402344,48.5619010925293,13.674873352050781,21.241724014282227,10.027954819592138,-9.388623500069556,0.0,0.9847229122202432,0.9833589196205139,0.0,2.225153352116934
2026-04-10 15:29:18,1899,119,1,v8_5_phase_1_9,480,197.74117616308837,165,success,101.55563354492188,14.745086669921875,0.40629085898399353,36.38755798339844,48.5619010925293,13.013904571533203,30.362760543823242,34.12652450868637,-29.042544916973668,0.0,0.8278007036783147,0.9943616986274719,0.0,4.8814710409092035
2026-04-10 15:29:22,1899,120,1,v8_5_phase_1_9,480,189.73007375961538,173,success,106.76304626464844,14.536247253417969,0.40629085898399353,37.12143325805664,48.5619010925293,12.281177520751953,31.408851623535156,25.048871837564683,23.870346601941076,0.0,0.9059469747904817,0.991878867149353,0.0,2.70870713880516
2026-04-10 15:29:26,1899,121,1,v8_5_phase_1_9,480,199.21541482766494,164,success,101.21056365966797,14.5164794921875,0.40629085898399353,35.88238525390625,48.5619010925293,13.523857116699219,29.999727249145508,31.254832943857043,24.262450686718584,0.0,0.8548681087011686,0.9848211407661438,0.0,5.3714212726676385
2026-04-10 15:29:31,1900,122,1,v8_5_phase_1_9,480,187.91845014226155,174,success,105.11307525634766,14.84188175201416,0.40629085898399353,36.61833572387695,48.5619010925293,12.785869598388672,29.704540252685547,23.77973218976981,-23.84886736454868,0.0,0.9151023607229601,0.9905615448951721,0.0,3.299902575276575
2026-04-10 15:29:35,1900,123,1,v8_5_phase_1_9,480,194.79780426027574,173,success,99.71511840820312,14.854414939880371,0.40629085898399353,35.54994201660156,48.5619010925293,13.85260009765625,21.472753524780273,28.361641651067803,-27.680929630458703,0.0,0.8799667963626717,0.9874038100242615,0.0,2.970445776272915
2026-04-10 15:29:38,1900,124,1,v8_5_phase_1_9,480,192.52336043125885,170,success,104.46728515625,14.55776596069336,0.40629085898399353,36.62694549560547,48.5619010925293,12.342945098876953,31.190717697143555,36.15973180572119,-35.54730289379199,0.0,0.8073751979019033,0.9950931072235107,0.0,4.43016569008775
2026-04-10 15:29:42,1900,125,1,v8_5_phase_1_9,480,205.58283823566043,166,success,98.83000946044922,14.501934051513672,0.40629085898399353,35.2836799621582,48.5619010925293,14.125896453857422,25.4700870513916,7.964914110036357,-1.4209264081115363,0.0,0.9903531077045875,0.9748192429542542,0.0,5.270203506678805
2026-04-10 15:29:46,1900,126,1,v8_5_phase_1_9,480,202.78052533665917,167,success,100.927734375,14.723820686340332,0.40629085898399353,35.549068450927734,48.5619010925293,13.850555419921875,28.442852020263672,22.861129803011043,-5.411785556304182,0.0,0.9214491802750282,0.9984332323074341,0.0,0.32919249182406757
2026-04-10 15:29:50,1900,127,1,v8_5_phase_1_9,480,208.47264623310164,162,success,101.1419677734375,14.818227767944336,0.40629085898399353,35.7590217590332,48.5619010925293,13.644783020019531,29.72657012939453,28.06639647891025,27.26679647806061,0.0,0.8824029590274048,0.9896178245544434,0.0,4.172127882823545
2026-04-10 15:29:53,1900,128,1,v8_5_phase_1_9,480,208.26833364434347,161,success,98.01848602294922,14.741729736328125,0.40629085898399353,35.00640869140625,48.5619010925293,14.401695251464844,26.75145721435547,7.5878082669025515,-5.5805800212627075,0.0,0.9912436601042093,0.972396969795227,0.0,3.5728684494712493
2026-04-10 15:29:58,1901,129,1,v8_5_phase_1_9,480,197.62797555740966,174,success,105.9341812133789,14.958561897277832,0.40629085898399353,36.012916564941406,48.5619010925293,13.387565612792969,30.48164939880371,21.209137561669444,20.4436355727038,0.0,0.932266117278842,0.995563805103302,0.0,3.769059091029393
2026-04-10 15:30:02,1901,130,1,v8_5_phase_1_9,480,191.06459683160168,174,success,102.85858917236328,14.58708667755127,0.40629085898399353,35.48039627075195,48.5619010925293,13.922283172607422,26.683361053466797,23.48896591416049,-21.799429830498628,0.0,0.9171368489243426,0.9926760196685791,0.0,3.4676593132670828
2026-04-10 15:30:05,1901,131,1,v8_5_phase_1_9,480,209.53193147186735,173,success,103.9324951171875,14.643723487854004,0.40629085898399353,36.23601150512695,48.5619010925293,13.19887924194336,23.76146125793457,9.600542071900248,-0.9487385687590413,6.373292203221211,0.9859944592373635,0.8966088891029358,0.0,3.5032807273945004
2026-04-10 15:30:09,1901,132,1,v8_5_phase_1_9,480,197.27931951637024,172,success,104.71298217773438,14.678773880004883,0.40629085898399353,36.07538604736328,48.5619010925293,13.329357147216797,29.81356430053711,32.85584977587554,-11.936291744447129,0.0,0.8400381674060926,0.9874879717826843,0.0,5.1539187169631875
2026-04-10 15:30:13,1901,133,1,v8_5_phase_1_9,480,208.16236268577862,164,success,99.5740966796875,14.647462844848633,0.40629085898399353,35.36691665649414,48.5619010925293,14.033119201660156,27.8779296875,15.044261750782002,12.202223452234282,0.0,0.965725596937467,0.9985349774360657,0.0,1.5927296679869083
2026-04-10 15:30:16,1901,134,1,v8_5_phase_1_9,480,194.59846807342282,174,success,106.19464874267578,14.539172172546387,0.40629085898399353,37.085166931152344,48.5619010925293,12.314453125,30.888351440429688,30.39603910856549,-6.244128203374392,0.0,0.8625486495623742,0.9990701079368591,0.0,2.2084067550823385
2026-04-10 15:30:19,1901,135,1,v8_5_phase_1_9,480,196.45025919949907,170,success,99.78974151611328,14.928729057312012,0.40629085898399353,34.71706008911133,48.5619010925293,14.687274932861328,24.838817596435547,17.616850794120012,11.910406181266426,0.0,0.953101699029772,0.9856255650520325,0.0,2.3196656033088727
2026-04-10 15:30:23,1902,136,1,v8_5_phase_1_9,480,193.01152713407348,176,success,104.07373046875,14.943497657775879,0.40629085898399353,36.22929382324219,48.5619010925293,13.17617416381836,26.173181533813477,19.438274415560237,-15.57231050570486,0.0,0.9430005590346845,0.9873290061950684,0.0,5.246073565706207
2026-04-10 15:30:27,1902,137,1,v8_5_phase_1_9,480,204.27657221490065,168,success,99.25407409667969,14.940084457397461,0.40629085898399353,34.98469161987305,48.5619010925293,14.416973114013672,23.400480270385742,15.067860054364397,-13.670819991719158,0.0,0.9656186084225077,0.9902595281600952,0.0,0.7701701509039478
2026-04-10 15:30:30,1902,138,1,v8_5_phase_1_9,480,209.6993453745234,173,success,105.49867248535156,14.871317863464355,0.40629085898399353,35.56139373779297,48.5619010925293,13.849136352539062,28.159019470214844,27.389114920811785,11.158439919688458,0.0,0.8879027980860495,0.9648641347885132,0.0,3.4470141467633484
2026-04-10 15:30:33,1902,139,1,v8_5_phase_1_9,480,211.7364614355185,163,success,100.11093139648438,14.557417869567871,0.40629085898399353,35.481842041015625,48.5619010925293,13.920166015625,27.87055778503418,15.663831625488445,14.449229330668832,0.0,0.9628623730910479,0.993401288986206,0.0,3.8513333994594636
2026-04-10 15:30:37,1902,140,1,v8_5_phase_1_9,480,206.03299632439465,166,success,101.73113250732422,14.746171951293945,0.40629085898399353,35.20458984375,48.5619010925293,14.207622528076172,24.790340423583984,28.75622680206132,-20.995753914261783,0.0,0.8766744775375349,0.9601835012435913,0.0,3.4182845432023163
2026-04-10 15:30:41,1902,141,1,v8_5_phase_1_9,480,205.7135139032817,169,success,101.36358642578125,14.482276916503906,0.40629085898399353,35.53328323364258,48.5619010925293,13.866096496582031,27.07339096069336,15.08953395214814,1.719422003262078,0.0,0.9655202003470823,0.9990255832672119,0.0,3.0822338943931813
2026-04-10 15:30:44,1902,142,1,v8_5_phase_1_9,480,196.0411850461663,172,success,104.14081573486328,14.632356643676758,0.40629085898399353,35.959716796875,48.5619010925293,13.018440246582031,30.07243537902832,29.08728948622642,24.2686422532012,0.0,0.8738800903280232,0.978148877620697,0.0,3.032463930416662
2026-04-10 15:30:48,1903,143,1,v8_5_phase_1_9,480,187.14172624782273,175,success,104.89202880859375,14.83535099029541,0.40629085898399353,36.60578536987305,48.5619010925293,12.795223236083984,29.008411407470703,26.142187048197794,-25.828543053963514,0.0,0.8977034038772869,0.9971739053726196,0.0,4.861684699186588
2026-04-10 15:30:51,1903,144,1,v8_5_phase_1_9,480,196.82675168937124,175,success,103.04438781738281,14.637392044067383,0.40629085898399353,35.3060188293457,48.5619010925293,13.663623809814453,25.40869140625,24.58350202110774,-8.251619838184105,0.0,0.9093559369301462,0.9960846304893494,0.0,2.5455953712442887
2026-04-10 15:30:55,1903,145,1,v8_5_phase_1_9,480,194.34706592882128,179,success,104.77935791015625,14.519462585449219,0.40629085898399353,35.95868682861328,48.5619010925293,13.45233154296875,28.073007583618164,17.82524669588627,-4.251509305482382,0.0,0.9519945993547634,0.9693565368652344,0.0,4.709695577845446
2026-04-10 15:30:58,1903,146,1,v8_5_phase_1_9,480,200.21225894855212,171,success,101.18873596191406,14.918638229370117,0.40629085898399353,35.37826156616211,48.5619010925293,14.024059295654297,23.56679916381836,13.467780665809482,-8.162625888393423,0.0,0.9725010407900876,0.9930360317230225,0.0,4.241683590720787
2026-04-10 15:31:01,1903,147,1,v8_5_phase_1_9,480,195.06892082301587,178,success,101.34248352050781,14.923151969909668,0.40629085898399353,35.12700653076172,48.5619010925293,14.289203643798828,20.993051528930664,22.991133916125772,-21.84310889024086,0.0,0.9205653050865005,0.9562797546386719,0.0,2.6427553317133543
2026-04-10 15:31:04,1903,148,1,v8_5_phase_1_9,480,199.66962837870605,169,success,101.91864013671875,14.928691864013672,0.40629085898399353,36.39876937866211,48.5619010925293,13.0010986328125,27.309057235717773,29.3106913135992,-23.744179347592603,0.0,0.8719779391583962,0.9958716034889221,0.0,1.747730380859744
2026-04-10 15:31:07,1903,149,1,v8_5_phase_1_9,480,199.14615259216077,170,success,103.54741668701172,14.878357887268066,0.40629085898399353,35.41739273071289,48.5619010925293,13.984725952148438,28.79654312133789,24.410377216215426,24.080431267979623,0.0,0.9106088258042024,0.9940853118896484,0.0,2.5408718635566494
2026-04-10 15:31:12,1904,150,1,v8_5_phase_1_9,480,212.94712109186838,172,success,99.67315673828125,14.809422492980957,0.40629085898399353,34.79849624633789,48.5619010925293,14.60434341430664,19.208890914916992,8.076619292590976,6.507195073691548,0.0,0.9900810728965177,0.9925048351287842,0.0,5.221120487819221
2026-04-10 15:31:16,1904,151,1,v8_5_phase_1_9,480,209.8541206668358,170,success,105.06903839111328,14.400550842285156,0.40629085898399353,36.50796890258789,48.5619010925293,12.905014038085938,31.855953216552734,12.018933618309697,3.862394282240402,0.0,0.9780788420828057,0.9561910629272461,0.0,0.8705518149013916
2026-04-10 15:31:19,1904,152,1,v8_5_phase_1_9,480,205.19185903423073,168,success,106.65056610107422,14.761285781860352,0.40629085898399353,36.057533264160156,48.5619010925293,13.351627349853516,29.529586791992188,34.6406635833645,12.006380584388861,0.0,0.8227331549405168,0.9718672633171082,0.0,0.9637365179833128
2026-04-10 15:31:23,1904,153,1,v8_5_phase_1_9,480,205.16118545109404,167,success,98.7464828491211,14.486312866210938,0.40629085898399353,35.41683578491211,48.5619010925293,13.988044738769531,26.708478927612305,6.271198377489268,3.7703971836490306,0.0,0.9940159914590567,0.9851179122924805,0.0,4.4893753687849705
2026-04-10 15:31:27,1904,154,1,v8_5_phase_1_9,480,192.0532819232745,170,success,99.59073638916016,14.479703903198242,0.40629085898399353,35.41082763671875,48.5619010925293,14.00033950805664,25.933048248291016,29.927720357934394,-24.728196163579877,0.0,0.8666554733772283,0.9631487131118774,0.0,1.3702013722720638
2026-04-10 15:31:32,1904,155,1,v8_5_phase_1_9,480,196.11847242203402,168,success,101.4620132446289,14.624464988708496,0.40629085898399353,35.16646957397461,48.5619010925293,13.803096771240234,28.60498809814453,14.8166064231036,13.097124228799462,0.0,0.966749310425458,0.9963018894195557,0.0,2.5821234688237675
2026-04-10 15:31:36,1904,156,1,v8_5_phase_1_9,480,194.5651440827389,173,success,100.93106079101562,14.51838207244873,0.40629085898399353,35.390419006347656,48.5619010925293,14.011802673339844,25.5260066986084,13.048068956406784,-12.695397261255053,0.0,0.9741809966121777,0.9924116134643555,0.0,1.6428276116709009
2026-04-10 15:31:41,1905,157,1,v8_5_phase_1_9,480,187.32559095483114,183,success,106.81211853027344,14.554179191589355,0.40629085898399353,36.41373825073242,48.5619010925293,12.989234924316406,26.83112907409668,21.908516489280192,-20.676234249794003,0.0,0.9277808024548504,0.9932414293289185,0.0,4.269579707442555
2026-04-10 15:31:45,1905,158,1,v8_5_phase_1_9,480,193.70256580907713,172,success,104.12997436523438,14.487163543701172,0.40629085898399353,36.71062469482422,48.5619010925293,12.691093444824219,28.256465911865234,23.2835155314738,-12.89033000639357,0.0,0.918560145033663,0.9949723482131958,0.0,2.8345324880448297
2026-04-10 15:31:50,1905,159,1,v8_5_phase_1_9,480,196.9818701198899,177,success,101.35009002685547,14.830754280090332,0.40629085898399353,34.93025588989258,48.5619010925293,14.48489761352539,24.48472023010254,4.123788183097728,4.096772650496212,0.0,0.9974110125038981,0.9594661593437195,0.0,4.286227600334608
2026-04-10 15:31:54,1905,160,1,v8_5_phase_1_9,480,207.72927030565887,166,success,100.37224578857422,14.893783569335938,0.40629085898399353,35.1165771484375,48.5619010925293,14.285171508789062,27.51653289794922,17.212831444335418,10.318315552719488,0.0,0.9552121140682125,0.9921081066131592,0.0,4.017817767778779
2026-04-10 15:31:57,1905,161,1,v8_5_phase_1_9,480,202.7650260315176,168,success,103.30571746826172,14.59129524230957,0.40629085898399353,36.95195007324219,48.5619010925293,12.458328247070312,31.133817672729492,20.39138121045862,-12.130859928238696,0.0,0.937334413274946,0.968353807926178,0.0,1.2280112124077203
2026-04-10 15:32:01,1905,162,1,v8_5_phase_1_9,480,198.08101254724815,171,success,105.45282745361328,14.969825744628906,0.40629085898399353,35.37847900390625,48.5619010925293,14.037593841552734,28.379173278808594,31.963885126879823,-8.387848814953655,0.0,0.8483819482024608,0.9512602090835571,0.0,1.680193783372244
2026-04-10 15:32:07,1905,163,1,v8_5_phase_1_9,480,216.4238469109595,162,success,99.56295013427734,14.557905197143555,0.40629085898399353,35.285099029541016,48.5619010925293,14.130195617675781,26.81804084777832,16.55194746288686,15.490300424340516,0.0,0.9585618370943372,0.9562157392501831,0.0,3.6843733550297566
2026-04-10 15:32:12,1906,164,1,v8_5_phase_1_9,480,180.76022457571727,183,success,106.61644744873047,13.780306816101074,0.40629085898399353,36.77490997314453,48.5619010925293,12.63759994506836,27.11328125,40.53382593133237,-34.90403567776019,0.0,0.7600224159454099,0.9560684561729431,0.0,0.323281668321631
2026-04-10 15:32:15,1906,165,1,v8_5_phase_1_9,480,202.16532037026488,170,success,106.24295806884766,14.593071937561035,0.40629085898399353,37.51278305053711,48.5619010925293,11.88748550415039,33.27177047729492,30.294689346566255,14.13214035977193,0.0,0.8634423107500077,0.9954399466514587,0.0,0.9570627877443483
2026-04-10 15:32:19,1906,166,1,v8_5_phase_1_9,480,205.85937822161304,169,success,102.07398223876953,14.893787384033203,0.40629085898399353,35.8203010559082,48.5619010925293,13.585830688476562,27.48565101623535,30.78989172177052,-2.7555559373809,0.0,0.8590502195662257,0.977820873260498,0.0,1.350043776587582
2026-04-10 15:32:23,1906,167,1,v8_5_phase_1_9,480,208.69778127888304,169,success,102.34195709228516,14.89005184173584,0.40629085898399353,35.52404022216797,48.5619010925293,13.882545471191406,28.429731369018555,8.799107311484816,6.564172511747795,0.0,0.9882307649000611,0.9752223491668701,0.0,3.067925386662742
2026-04-10 15:32:27,1906,168,1,v8_5_phase_1_9,480,191.11599319232405,173,success,105.59239196777344,14.937827110290527,0.40629085898399353,36.6035270690918,48.5619010925293,12.79989242553711,30.023088455200195,36.21187688493965,-35.98477309503672,0.0,0.8068378677172877,0.9862363934516907,0.0,3.6521288936971
2026-04-10 15:32:32,1906,169,1,v8_5_phase_1_9,480,193.48460884651024,173,success,105.31684112548828,14.92506217956543,0.40629085898399353,36.649723052978516,48.5619010925293,12.749740600585938,28.438575744628906,34.70274317273074,-22.450334905569793,0.0,0.8221167844672338,0.9981661438941956,0.0,1.7475277151603208
2026-04-10 15:32:38,1906,170,1,v8_5_phase_1_9,480,194.31334364348055,173,success,104.85665893554688,14.859931945800781,0.40629085898399353,35.09275436401367,48.5619010925293,14.319664001464844,26.184789657592773,22.69964364046443,-19.13930849785232,0.0,0.9225404896378446,0.9588265419006348,0.0,3.2279125716140644
2026-04-10 15:32:45,1907,171,1,v8_5_phase_1_9,480,202.8439438784291,170,success,101.12706756591797,14.505542755126953,0.40629085898399353,35.362030029296875,48.5619010925293,14.0421142578125,26.788816452026367,15.021536003866078,3.642713627304812,0.0,0.9658284746625853,0.9882802963256836,0.0,4.238653672707995
2026-04-10 15:32:50,1907,172,1,v8_5_phase_1_9,480,199.02378328404515,173,success,105.565185546875,14.480989456176758,0.40629085898399353,36.279945373535156,48.5619010925293,13.119804382324219,30.277231216430664,25.018462127832493,6.536720700813045,0.0,0.9061715618539716,0.9997637867927551,0.0,3.6919986706111474
2026-04-10 15:32:54,1907,173,1,v8_5_phase_1_9,480,202.914604052727,173,success,100.90443420410156,14.765081405639648,0.40629085898399353,35.086570739746094,48.5619010925293,14.327190399169922,25.887136459350586,9.396826557262742,-3.139932089999361,0.0,0.986581206232754,0.9592962265014648,0.0,4.365194642503119
2026-04-10 15:32:57,1907,174,1,v8_5_phase_1_9,480,195.74711994658298,173,success,102.89089965820312,14.584393501281738,0.40629085898399353,36.02145767211914,48.5619010925293,13.386470794677734,28.937931060791016,20.176459062940413,-20.072197932807462,0.0,0.9386348151283478,0.9791857600212097,0.0,2.708968604612116
2026-04-10 15:33:03,1907,175,1,v8_5_phase_1_9,480,200.43387445417355,167,success,99.22206115722656,14.6323881149292,0.40629085898399353,35.38142776489258,48.5619010925293,14.026050567626953,25.856565475463867,19.244379005401917,-8.509970035992545,0.0,0.9441213601050868,0.9822997450828552,0.0,3.2938553466239866
2026-04-10 15:33:08,1907,176,1,v8_5_phase_1_9,480,213.83132231205826,161,success,100.00316619873047,14.651779174804688,0.40629085898399353,35.35200500488281,48.5619010925293,14.06972885131836,25.597015380859375,18.45984298676674,13.704965814927345,-1.1813182493856114,0.9485458122498812,0.9375158548355103,0.0,3.4623307851144403
2026-04-10 15:33:12,1907,177,1,v8_5_phase_1_9,480,204.5180370217615,164,success,97.50810241699219,14.847289085388184,0.40629085898399353,34.83108139038086,48.5619010925293,14.57110595703125,25.93688201904297,17.666861439222846,-4.863451139546389,0.0,0.9528371676297905,0.9895793795585632,0.0,1.2560268016243554
2026-04-10 15:33:16,1908,178,1,v8_5_phase_1_9,480,199.9912559471436,158,success,98.83647918701172,14.914505004882812,0.40629085898399353,35.77870178222656,48.5619010925293,13.625469207763672,31.061626434326172,31.84202430680304,22.379644155207455,0.0,0.8495059620888306,0.9896600246429443,0.0,3.3152956814122985
2026-04-10 15:33:19,1908,179,1,v8_5_phase_1_9,480,184.3843724311718,170,success,104.16340637207031,14.884446144104004,0.40629085898399353,37.126136779785156,48.5619010925293,12.277767181396484,30.174549102783203,38.36670594543029,-38.56817262028357,0.0,0.7840542682982408,0.99147629737854,0.0,6.661334515438852
2026-04-10 15:33:22,1908,180,1,v8_5_phase_1_9,480,193.89002692668933,164,success,100.29635620117188,14.442953109741211,0.40629085898399353,36.42539596557617,48.5619010925293,12.977874755859375,31.007047653198242,25.707290120722863,-14.345091143940941,0.0,0.9010218367168089,0.9929054975509644,0.0,3.7219658070839605
2026-04-10 15:33:26,1908,181,1,v8_5_phase_1_9,480,202.59108259576706,159,success,99.64224243164062,14.6003999710083,0.40629085898399353,36.071495056152344,48.5619010925293,13.341869354248047,30.836559295654297,37.77433046890425,18.273032190325015,0.0,0.7904295263578293,0.9665632843971252,0.0,5.328419412634574
2026-04-10 15:33:31,1908,182,1,v8_5_phase_1_9,480,-297.35534402659204,333,wrong_way,106.97216033935547,116.19386291503906,0.40629085898399353,144.1942596435547,48.5619010925293,-94.7925796508789,-48.886417388916016,138.87562726160633,157.44833229421835,0.0,-0.753283686868932,0.9909877777099609,0.0,2.439592384932406
2026-04-10 15:33:33,1908,183,1,v8_5_phase_1_9,480,191.44348117429675,172,success,105.76595306396484,14.613239288330078,0.40629085898399353,36.638614654541016,48.5619010925293,12.763641357421875,31.49127960205078,26.96197879578128,-3.931886334403404,0.0,0.8913075939011815,0.9898470044136047,0.0,3.790200918544627
2026-04-10 15:33:36,1908,184,1,v8_5_phase_1_9,480,193.94020002768454,172,success,104.57679748535156,14.9395170211792,0.40629085898399353,36.64418411254883,48.5619010925293,12.755374908447266,28.949676513671875,30.87492074674801,-25.31691407380537,0.0,0.8582896085041338,0.9999345541000366,0.0,6.232257550381285
2026-04-10 15:33:39,1909,185,1,v8_5_phase_1_9,480,207.03796753022488,168,success,101.3474349975586,14.90259838104248,0.40629085898399353,35.21023178100586,48.5619010925293,14.189350128173828,28.29547882080078,19.896397401307794,7.747015707587318,0.0,0.9403095272677222,0.9981131553649902,0.0,3.167749166583939
2026-04-10 15:33:42,1909,186,1,v8_5_phase_1_9,480,197.07886222429508,162,success,98.4954605102539,14.495685577392578,0.40629085898399353,35.639732360839844,48.5619010925293,13.760974884033203,28.892818450927734,18.826316786683776,-3.6611576993847854,0.0,0.9465011389324413,0.9983479380607605,0.0,0.49364524413408756
2026-04-10 15:33:44,1909,187,1,v8_5_phase_1_9,480,189.29955303145573,173,success,101.98368072509766,14.666335105895996,0.40629085898399353,35.51950454711914,48.5619010925293,13.890548706054688,26.065988540649414,32.948197348548696,-30.48594488861037,0.0,0.8391626478584184,0.9664589166641235,0.0,3.519432273687598
2026-04-10 15:33:47,1909,188,1,v8_5_phase_1_9,480,200.34990733040235,177,success,100.43345642089844,14.779210090637207,0.40629085898399353,34.780399322509766,48.5619010925293,14.623802185058594,21.14847755432129,13.739518034391148,-13.419143742503469,0.0,0.9713855369590662,0.9826154112815857,0.0,3.193040653552675
2026-04-10 15:33:50,1909,189,1,v8_5_phase_1_9,480,199.30329594572348,170,success,105.06940460205078,14.862781524658203,0.40629085898399353,37.29718017578125,48.5619010925293,12.104015350341797,31.9036922454834,29.858182201994495,29.928522905161874,0.0,0.8672603434032929,0.9934554100036621,0.0,1.6082702910043278
2026-04-10 15:33:52,1909,190,1,v8_5_phase_1_9,480,210.6439142679028,171,success,101.57383728027344,14.673774719238281,0.40629085898399353,36.07847595214844,48.5619010925293,13.326797485351562,27.05514907836914,16.353170175019272,-5.994104859937844,0.0,0.9595444215375976,0.9824786186218262,0.0,1.3068739890183518
2026-04-10 15:33:55,1909,191,1,v8_5_phase_1_9,480,190.71794491336544,178,success,106.43461608886719,14.819371223449707,0.40629085898399353,36.397586822509766,48.5619010925293,13.006572723388672,28.15158462524414,24.89003237332145,1.432858001539608,0.0,0.9071172472833521,0.9899862408638,0.0,5.850902954039171
2026-04-10 15:33:58,1910,192,1,v8_5_phase_1_9,480,187.24345266830093,180,success,106.56047058105469,14.987494468688965,0.40629085898399353,35.12406539916992,48.5619010925293,14.29318618774414,25.332487106323242,31.085799422277567,-31.3320789682753,0.0,0.8563950794513416,0.9512465000152588,0.0,4.355335930551213
2026-04-10 15:34:01,1910,193,1,v8_5_phase_1_9,480,183.91966256894352,175,success,104.47868347167969,14.931071281433105,0.40629085898399353,36.108612060546875,48.5619010925293,13.293453216552734,28.378267288208008,24.400954970255395,-21.54250201958484,0.0,0.9106767753131478,0.9898450374603271,0.0,1.1175457623540488
2026-04-10 15:34:04,1910,194,1,v8_5_phase_1_9,480,189.414664164551,168,success,103.47005462646484,14.438435554504395,0.40629085898399353,37.56718826293945,48.5619010925293,11.832290649414062,29.366846084594727,34.122098546104205,-23.567757268878466,0.0,0.8278440388438839,0.9998558163642883,0.0,3.519151054984375
2026-04-10 15:34:06,1910,195,1,v8_5_phase_1_9,480,209.35068551801177,165,success,102.51847076416016,14.903746604919434,0.40629085898399353,34.935028076171875,48.5619010925293,14.468490600585938,26.23937225341797,21.354359336254962,18.27608357733672,0.0,0.9313461739319895,0.9866304397583008,0.0,3.0663286528821416
2026-04-10 15:34:09,1910,196,1,v8_5_phase_1_9,480,208.12412280931738,162,success,98.16504669189453,14.791997909545898,0.40629085898399353,35.27645492553711,48.5619010925293,14.12527084350586,26.949495315551758,22.475164350750084,22.470661548539752,0.0,0.924045325146225,0.9956725835800171,0.0,5.010726364061454
2026-04-10 15:34:12,1910,197,1,v8_5_phase_1_9,480,199.64550282881586,158,success,97.93885803222656,14.768013000488281,0.40629085898399353,35.870933532714844,48.5619010925293,13.53342056274414,30.256324768066406,31.46521301557719,20.674396928907267,0.0,0.8529572408340125,0.99046391248703,0.0,3.4004331721228866
2026-04-10 15:34:15,1910,198,1,v8_5_phase_1_9,480,195.69540149055436,171,success,103.67678833007812,14.751960754394531,0.40629085898399353,36.253570556640625,48.5619010925293,13.147197723388672,30.950000762939453,32.67884200844008,-2.2581943686252655,0.0,0.8417102226816525,0.995000422000885,0.0,1.449222781904519
2026-04-10 15:34:20,1911,199,1,v8_5_phase_1_9,480,208.82880315975495,171,success,102.97831726074219,14.678586959838867,0.40629085898399353,35.28473663330078,48.5619010925293,14.118057250976562,26.292583465576172,21.567404889298707,21.52370704653626,0.0,0.9299857585350918,0.9928901791572571,0.0,4.879010561694633
2026-04-10 15:34:25,1911,200,1,v8_5_phase_1_9,480,211.40788993511686,176,success,102.2667007446289,14.982782363891602,0.40629085898399353,38.145606994628906,48.5619010925293,11.267593383789062,12.592368125915527,25.297220930880933,-25.31349556412578,0.0,0.9041032771230336,0.9602381587028503,0.0,3.0542148623059666
2026-04-10 15:34:29,1911,201,1,v8_5_phase_1_9,480,197.55547901968114,170,success,102.12315368652344,14.77183723449707,0.40629085898399353,35.633697509765625,48.5619010925293,13.768409729003906,28.660966873168945,13.887186724246822,-7.792989710890673,0.0,0.970770180425942,0.991764485836029,0.0,4.087641901863678
2026-04-10 15:34:31,1911,202,1,v8_5_phase_1_9,480,202.06927852552775,172,success,98.3042221069336,14.792945861816406,0.40629085898399353,34.646297454833984,48.5619010925293,14.757888793945312,21.945783615112305,4.666316085287365,1.5355685720092616,0.0,0.9966853858432552,0.988969087600708,0.0,2.8290138380061123
2026-04-10 15:34:34,1911,203,1,v8_5_phase_1_9,480,230.4138537932319,175,success,103.77872467041016,14.967852592468262,0.40629085898399353,36.96174621582031,48.5619010925293,12.439323425292969,6.074886798858643,29.98752890940161,-28.707384119306557,0.0,0.8661342140650515,0.9953221082687378,0.0,1.6843864613710247
2026-04-10 15:34:37,1911,204,1,v8_5_phase_1_9,480,189.94248564460872,180,success,106.54850769042969,14.674468994140625,0.40629085898399353,35.638824462890625,48.5619010925293,13.765079498291016,29.321788787841797,15.749514641078962,7.498157765177903,0.0,0.9624575358213565,0.9904648661613464,0.0,3.7353199392972445
2026-04-10 15:34:41,1911,205,1,v8_5_phase_1_9,480,189.9017120911038,170,success,105.71585845947266,14.862071990966797,0.40629085898399353,36.699462890625,48.5619010925293,12.701705932617188,32.09854507446289,25.920789881346415,9.934818360069842,0.0,0.8993992253897454,0.995628297328949,0.0,4.829344582179496
2026-04-10 15:34:45,1912,206,1,v8_5_phase_1_9,480,207.62344279585002,167,success,98.6062240600586,14.586398124694824,0.40629085898399353,35.939842224121094,48.5619010925293,13.46108627319336,21.24544906616211,19.29632600913445,-15.79993851262658,0.0,0.9438221432956918,0.9972526431083679,0.0,2.9489401255136953
2026-04-10 15:34:47,1912,207,1,v8_5_phase_1_9,480,202.20286071548756,169,success,101.31503295898438,14.721186637878418,0.40629085898399353,35.03056716918945,48.5619010925293,14.373065948486328,25.59357452392578,21.126972093501482,20.745019377377908,0.0,0.9327839622980877,0.9883965849876404,0.0,1.6966278461421544
2026-04-10 15:34:51,1912,208,1,v8_5_phase_1_9,480,203.45217858056782,163,success,98.5466079711914,14.893986701965332,0.40629085898399353,35.38814926147461,48.5619010925293,14.01748275756836,25.700885772705078,25.200633518280487,8.893067662575744,0.0,0.9048223445776548,0.9863489270210266,0.0,5.310526560137667
2026-04-10 15:34:54,1912,209,1,v8_5_phase_1_9,480,201.80251563241183,163,success,99.62438201904297,14.702749252319336,0.40629085898399353,35.770111083984375,48.5619010925293,13.631393432617188,27.972389221191406,26.15777695497835,12.571355049512098,0.0,0.8975834854273586,0.9957576990127563,0.0,5.354187877308992
2026-04-10 15:34:58,1912,210,1,v8_5_phase_1_9,480,204.86688071803542,168,success,100.45330047607422,14.565802574157715,0.40629085898399353,35.736854553222656,48.5619010925293,13.66497802734375,27.787988662719727,20.235695586064644,-5.180167438246703,0.0,0.9382777179631485,0.9951987862586975,0.0,3.6955275085232593
2026-04-10 15:35:00,1912,211,1,v8_5_phase_1_9,480,197.1660310820504,171,success,105.32020568847656,14.719271659851074,0.40629085898399353,36.305381774902344,48.5619010925293,13.094528198242188,30.29465675354004,28.74782225428762,25.16768127062976,0.0,0.876745036895982,0.9995896816253662,0.0,4.67028137434161
2026-04-10 15:35:03,1912,212,1,v8_5_phase_1_9,480,194.86760941412297,173,success,105.50341033935547,14.405195236206055,0.40629085898399353,36.38682556152344,48.5619010925293,12.584281921386719,31.209936141967773,22.723738840308943,8.729334367792198,0.0,0.922378121330503,0.989312469959259,0.0,3.4780802761249214
2026-04-10 15:35:08,1913,213,1,v8_5_phase_1_9,480,217.60442427336122,163,success,98.33040618896484,14.797714233398438,0.40629085898399353,35.57476043701172,48.5619010925293,13.839759826660156,25.63805389404297,14.41096661093842,2.043538811928101,0.0,0.9685355432797362,0.9526876211166382,0.0,3.348653451045498
2026-04-10 15:35:11,1913,214,1,v8_5_phase_1_9,480,207.3470833807296,163,success,98.57000732421875,14.482526779174805,0.40629085898399353,35.53020477294922,48.5619010925293,13.88717269897461,28.08619499206543,10.292544395207383,-5.571547522972189,0.0,0.9839082962153353,0.9504522681236267,0.0,4.149900684317165
2026-04-10 15:35:14,1913,215,1,v8_5_phase_1_9,480,195.8547005201551,161,success,100.12867736816406,14.838715553283691,0.40629085898399353,36.04093551635742,48.5619010925293,13.36581802368164,30.26986312866211,22.076069567357067,4.926168070939561,0.0,0.9266856857006888,0.9826329946517944,0.0,3.2603745904889947
2026-04-10 15:35:17,1913,216,1,v8_5_phase_1_9,480,203.5602541444416,157,success,98.99019622802734,14.886541366577148,0.40629085898399353,35.89776611328125,48.5619010925293,13.50485610961914,31.369062423706055,30.24986281504346,29.961581020744735,0.0,0.8638367114026508,0.9925658702850342,0.0,2.3978852045225425
2026-04-10 15:35:20,1913,217,1,v8_5_phase_1_9,480,207.70289436211525,169,success,102.7730484008789,14.894052505493164,0.40629085898399353,35.504764556884766,48.5619010925293,13.89804458618164,30.03912925720215,12.334205758887377,9.056120499763226,0.0,0.9769182205227371,0.9880833029747009,0.0,3.667689949032925
2026-04-10 15:35:23,1913,218,1,v8_5_phase_1_9,480,201.11575260083552,173,success,102.86824035644531,14.907763481140137,0.40629085898399353,36.5239372253418,48.5619010925293,12.885658264160156,25.761512756347656,33.339017357762245,-15.051100477688479,0.0,0.8354332932959739,0.9691421985626221,0.0,3.398006842953159
2026-04-10 15:35:26,1913,219,1,v8_5_phase_1_9,480,194.1450001536801,163,success,99.67012023925781,14.471481323242188,0.40629085898399353,36.3858642578125,48.5619010925293,13.016902923583984,29.859615325927734,23.165508645636198,-13.225990261643739,0.0,0.9193723208815157,0.9939518570899963,0.0,5.545077438620384
2026-04-10 15:35:29,1914,220,1,v8_5_phase_1_9,480,208.87369488776702,169,success,103.1716079711914,14.79162311553955,0.40629085898399353,36.287193298339844,48.5619010925293,13.123886108398438,29.347692489624023,15.357103197788804,13.004478689123763,0.0,0.9642939533354893,0.9634413719177246,0.0,3.4685466629439037
2026-04-10 15:35:31,1914,221,1,v8_5_phase_1_9,480,189.38984385735375,167,success,103.18042755126953,14.599655151367188,0.40629085898399353,38.013526916503906,48.5619010925293,11.387157440185547,30.762683868408203,35.00471266612618,-26.43294307852336,0.0,0.8191048639726787,0.9974318742752075,0.0,4.414148056586304
2026-04-10 15:35:34,1914,222,1,v8_5_phase_1_9,480,193.99989624509894,171,success,103.61628723144531,14.867280960083008,0.40629085898399353,36.49810791015625,48.5619010925293,12.901298522949219,29.379928588867188,30.12867818369451,-29.733367325101682,0.0,0.8649002916755936,0.9993883371353149,0.0,1.3634937160510165
2026-04-10 15:35:36,1914,223,1,v8_5_phase_1_9,480,203.4439192691492,161,success,97.98051452636719,14.670169830322266,0.40629085898399353,35.55387496948242,48.5619010925293,13.848526000976562,27.192476272583008,26.45220079688821,20.329738753199255,0.0,0.8953062922069026,0.9921458959579468,0.0,4.8214935492978395
2026-04-10 15:35:39,1914,224,1,v8_5_phase_1_9,480,205.5264204746643,167,success,104.28817749023438,14.821152687072754,0.40629085898399353,36.615013122558594,48.5619010925293,12.793968200683594,31.65155601501465,20.622798264822407,4.511018074128785,0.0,0.9359194621649248,0.9685550332069397,0.0,1.0811796876613309
2026-04-10 15:35:42,1914,225,1,v8_5_phase_1_9,480,212.96486904616816,169,success,102.66056060791016,14.462960243225098,0.40629085898399353,35.90431594848633,48.5619010925293,13.4971923828125,28.954774856567383,19.620802683392366,12.50074113877792,0.0,0.9419355965117194,0.9905992746353149,0.0,2.9032648892845816
2026-04-10 15:35:44,1914,226,1,v8_5_phase_1_9,480,207.27451849317575,173,success,102.81269073486328,14.594449043273926,0.40629085898399353,36.532188415527344,48.5619010925293,12.88759994506836,25.537412643432617,30.640013465718347,15.771931321934943,0.7687283462139735,0.8603863195491477,0.9413086175918579,0.0,1.1769592987923063
2026-04-10 15:35:47,1915,227,1,v8_5_phase_1_9,480,197.98509946594518,166,success,101.31689453125,14.733538627624512,0.40629085898399353,36.41037368774414,48.5619010925293,12.992969512939453,28.797752380371094,34.48982910082852,-32.050618284055226,0.0,0.8242267216240463,0.9838047027587891,0.0,2.27517228161722
2026-04-10 15:35:50,1915,228,1,v8_5_phase_1_9,480,203.12766344861626,167,success,99.7463607788086,14.431775093078613,0.40629085898399353,36.277584075927734,48.5619010925293,13.129676818847656,28.397634506225586,31.851945156572484,-22.506026560514787,0.0,0.8494145982598775,0.9740363955497742,0.0,1.1496696326684357
2026-04-10 15:35:53,1915,229,1,v8_5_phase_1_9,480,197.56474640640369,168,success,100.55887603759766,14.79328727722168,0.40629085898399353,35.87575912475586,48.5619010925293,13.537784576416016,30.10073471069336,30.902688880818697,-20.780741266737074,0.0,0.85804080437844,0.9575268030166626,0.0,1.3052246771691876
2026-04-10 15:35:55,1915,230,1,v8_5_phase_1_9,480,193.5671573256022,168,success,105.90013885498047,14.522253036499023,0.40629085898399353,38.60488510131836,48.5619010925293,10.794597625732422,33.23841857910156,39.05450257975599,7.8499551961158724,0.0,0.7765469692501716,0.9986653923988342,0.0,3.1528860303277604
2026-04-10 15:35:58,1915,231,1,v8_5_phase_1_9,480,208.86923360102088,165,success,98.29779815673828,14.63797378540039,0.40629085898399353,34.93794631958008,48.5619010925293,14.46725082397461,24.15021324157715,17.559743582469537,16.763012261071303,0.0,0.9534028797122194,0.988226056098938,0.0,3.2214761099001077
2026-04-10 15:36:00,1915,232,1,v8_5_phase_1_9,480,203.84687129275537,162,success,101.27157592773438,14.398199081420898,0.40629085898399353,36.65489196777344,48.5619010925293,12.746620178222656,31.849485397338867,32.604440757811126,26.595453769445474,0.0,0.8424106365918173,0.995948076248169,0.0,2.59875733163841
2026-04-10 15:36:03,1915,233,1,v8_5_phase_1_9,480,208.2203934674435,169,success,105.31144714355469,14.53124713897705,0.40629085898399353,37.56104278564453,48.5619010925293,11.847064971923828,32.91578674316406,24.184593360369607,22.543744572658888,0.0,0.9122303101005835,0.9718813896179199,0.0,3.5048774014998694
2026-04-10 15:36:06,1916,234,1,v8_5_phase_1_9,480,200.18198523778912,168,success,104.0821533203125,12.656177520751953,0.40629085898399353,38.604148864746094,48.5619010925293,10.800914764404297,33.002376556396484,40.27777921482152,34.873887222763756,0.0,0.7629191141382471,0.9877455234527588,0.0,2.8141734900157505
2026-04-10 15:36:09,1916,235,1,v8_5_phase_1_9,480,196.11268930828106,167,success,99.94058990478516,14.732806205749512,0.40629085898399353,35.85495376586914,48.5619010925293,13.54526138305664,28.402408599853516,20.920690135283344,-15.710212025047417,0.0,0.9340755914034222,0.9985989332199097,0.0,2.3209825942585316
2026-04-10 15:36:12,1916,236,1,v8_5_phase_1_9,480,210.06750751820417,171,success,104.5196762084961,14.516371726989746,0.40629085898399353,36.20076370239258,48.5619010925293,13.221363067626953,30.885705947875977,6.031207301283,4.402998205518211,-0.4939682987594607,0.9944648143162753,0.9325732588768005,0.0,1.3250278294323659
2026-04-10 15:36:14,1916,237,1,v8_5_phase_1_9,480,207.76806734449036,164,success,99.69164276123047,14.643695831298828,0.40629085898399353,36.562835693359375,48.5619010925293,12.843276977539062,28.592008590698242,28.80394591869761,5.6036050158416435,0.0,0.8762734999402988,0.9776108264923096,0.0,3.4355465281403412
2026-04-10 15:36:17,1916,238,1,v8_5_phase_1_9,480,203.88435535109065,166,success,101.57270050048828,14.919483184814453,0.40629085898399353,35.509090423583984,48.5619010925293,13.891963958740234,29.581510543823242,26.941039143333317,11.99347067308389,0.0,0.891473236286183,0.994895339012146,0.0,1.4902040845563873
2026-04-10 15:36:20,1916,239,1,v8_5_phase_1_9,480,198.45071372244072,168,success,102.72877502441406,14.8464937210083,0.40629085898399353,36.406497955322266,48.5619010925293,12.995548248291016,29.956829071044922,25.952990808188442,-14.73057336031812,0.0,0.8991534120013578,0.9942359924316406,0.0,4.59137436011676
2026-04-10 15:36:22,1916,240,1,v8_5_phase_1_9,480,203.2131593326826,169,success,102.54592895507812,14.714211463928223,0.40629085898399353,35.51156997680664,48.5619010925293,13.89175033569336,28.122446060180664,11.274821220503597,11.329450781032651,0.0,0.9807006728996833,0.9868112802505493,0.0,1.5320104874287337
2026-04-10 15:36:25,1916,241,1,v8_5_phase_1_9,480,192.59419146206585,162,success,99.72282409667969,14.730439186096191,0.40629085898399353,35.96814727783203,48.5619010925293,13.43161392211914,30.05548858642578,24.905323459325817,21.115287347378885,0.0,0.9070048911420684,0.999762237071991,0.0,4.917988066184091
2026-04-10 15:36:28,1917,242,1,v8_5_phase_1_9,480,195.2176372284365,169,success,103.97682189941406,14.783509254455566,0.40629085898399353,36.32514190673828,48.5619010925293,13.079647064208984,30.23090362548828,24.173929727527927,0.18662631463306978,0.0,0.9123065416819813,0.9850780963897705,0.0,4.677710462658118
2026-04-10 15:36:31,1917,243,1,v8_5_phase_1_9,480,205.44144660531535,169,success,104.35729217529297,14.425531387329102,0.40629085898399353,37.45561981201172,48.5619010925293,11.944713592529297,30.643949508666992,36.66351631361757,26.491932007290174,0.0,0.802156025730416,0.9972338676452637,0.0,1.3507920908242401
2026-04-10 15:36:34,1917,244,1,v8_5_phase_1_9,480,197.5415264077396,163,success,98.45462799072266,14.998525619506836,0.40629085898399353,35.54580307006836,48.5619010925293,13.856815338134766,28.119783401489258,23.343875620716496,-21.774026649428055,0.0,0.9181432136010534,0.9935219287872314,0.0,5.500266658536896
2026-04-10 15:36:36,1917,245,1,v8_5_phase_1_9,480,206.87265788336632,164,success,100.39718627929688,14.617144584655762,0.40629085898399353,35.99894714355469,48.5619010925293,13.401649475097656,28.877832412719727,24.80259570666153,18.479688101400214,0.0,0.9077584749003812,0.9978378415107727,0.0,5.202454164381707
2026-04-10 15:36:39,1917,246,1,v8_5_phase_1_9,480,204.9495689043083,172,success,106.1215591430664,14.817761421203613,0.40629085898399353,36.43126678466797,48.5619010925293,12.97890853881836,31.483013153076172,18.403729567640504,7.715791497796604,0.0,0.9488554630173156,0.9667821526527405,0.0,1.25682833202974
2026-04-10 15:36:41,1917,247,1,v8_5_phase_1_9,480,205.49051120915837,166,success,101.70060729980469,14.735061645507812,0.40629085898399353,36.168087005615234,48.5619010925293,13.2318115234375,28.477069854736328,28.476626178197677,12.036943973377374,0.0,0.8790116965161864,0.9964052438735962,0.0,2.9740677452815283
2026-04-10 15:36:44,1917,248,1,v8_5_phase_1_9,480,202.48758739676717,165,success,99.48365020751953,14.883790016174316,0.40629085898399353,35.668121337890625,48.5619010925293,13.735843658447266,28.428895950317383,15.32417314825288,-12.552936590641512,0.0,0.9644460043043293,0.9896720051765442,0.0,4.587467725224439
2026-04-10 15:36:47,1918,249,1,v8_5_phase_1_9,480,211.05160014466023,165,success,101.35570526123047,14.96772575378418,0.40629085898399353,35.382022857666016,48.5619010925293,14.024665832519531,26.372892379760742,15.465346328207874,11.678096933442307,0.0,0.9637919082407391,0.9760636687278748,0.0,3.416362256386408
2026-04-10 15:36:50,1918,250,1,v8_5_phase_1_9,480,194.93292093957032,167,success,102.66303253173828,14.715678215026855,0.40629085898399353,35.92066192626953,48.5619010925293,13.480133056640625,30.49403190612793,20.735154876669117,20.649330134653322,0.0,0.9352269737867375,0.9972599744796753,0.0,5.6391827059321855
2026-04-10 15:36:54,1918,251,1,v8_5_phase_1_9,480,208.81006862847758,163,success,99.10344696044922,14.477124214172363,0.40629085898399353,35.37520980834961,48.5619010925293,14.027252197265625,27.85660743713379,19.42564881087947,19.283031045915017,0.0,0.9430738694537335,0.9946117401123047,0.0,4.260534713800534
2026-04-10 15:36:57,1918,252,1,v8_5_phase_1_9,480,197.98086201687707,158,success,98.0770263671875,14.96890926361084,0.40629085898399353,35.619449615478516,48.5619010925293,13.78908920288086,29.30111312866211,30.362178445755152,-27.968110056753765,0.0,0.8628475195413859,0.9725970029830933,0.0,1.7978012208597702
2026-04-10 15:37:05,1918,253,1,v8_5_phase_1_9,480,-263.8110260217861,329,high_altitude,104.52552795410156,121.56072235107422,0.40629085898399353,145.8231201171875,48.5619010925293,-96.33087921142578,-48.53499984741211,118.9702157181414,144.06771850259656,-76.69954781295566,-0.48435489789072506,0.7318747639656067,0.0,2.1028555870026513
2026-04-10 15:37:08,1918,254,1,v8_5_phase_1_9,480,213.588508763246,173,success,104.45817565917969,14.641014099121094,0.40629085898399353,37.245887756347656,48.5619010925293,12.189327239990234,28.637680053710938,18.908806688837313,0.408782739720017,10.05265363740455,0.9460355596930747,0.8973705768585205,0.0,3.728025138700834
2026-04-10 15:37:12,1919,255,1,v8_5_phase_1_9,480,192.51015127715178,176,success,105.01103210449219,9.848738670349121,0.40629085898399353,42.108421325683594,48.5619010925293,7.291236877441406,33.16640853881836,40.43089839563486,-38.95117547799204,0.0,0.7611886795358656,0.9995009303092957,0.0,1.6967676912016372
2026-04-10 15:37:14,1919,256,1,v8_5_phase_1_9,480,206.39887645662543,169,success,103.77408599853516,14.364441871643066,0.40629085898399353,36.66250991821289,48.5619010925293,12.741085052490234,32.05439758300781,18.381055047143352,17.82445439394255,0.0,0.9489803296954883,0.984739363193512,0.0,1.0855070492433339
2026-04-10 15:37:17,1919,257,1,v8_5_phase_1_9,480,196.79462319673218,171,success,106.46411895751953,14.523453712463379,0.40629085898399353,37.65662384033203,48.5619010925293,11.751419067382812,32.5491943359375,25.551761590679796,10.038657726021547,0.0,0.9021959879713808,0.9692736864089966,0.0,2.2393310495859904
2026-04-10 15:37:19,1919,258,1,v8_5_phase_1_9,480,218.24490523256696,170,success,103.28314208984375,14.667309761047363,0.40629085898399353,35.76470184326172,48.5619010925293,13.654052734375,28.953523635864258,2.2355463151111494,1.4899031011573198,0.044319943595768976,0.9992389082999757,0.9410286545753479,0.0,1.1444180478792723
2026-04-10 15:37:22,1919,259,1,v8_5_phase_1_9,480,190.7951164134041,162,success,99.66419982910156,14.954448699951172,0.40629085898399353,35.43368148803711,48.5619010925293,13.536369323730469,30.516401290893555,29.387776828571962,-27.39540894013195,0.0,0.8713185180434746,0.9967361092567444,0.0,6.170112764679409
2026-04-10 15:37:25,1919,260,1,v8_5_phase_1_9,480,184.7928621135936,175,success,103.74418640136719,9.569092750549316,0.40629085898399353,40.98545837402344,48.5619010925293,8.424877166748047,31.009252548217773,39.6904785688488,-39.85020254258955,0.0,0.7695056950648704,0.9746319055557251,0.0,5.800694630502973
2026-04-10 15:37:27,1919,261,1,v8_5_phase_1_9,480,203.3052911343695,160,success,98.83527374267578,14.5115385055542,0.40629085898399353,36.21693801879883,48.5619010925293,13.183216094970703,30.421648025512695,26.53579035949812,-6.095610435627519,0.0,0.8946554652650497,0.9991238117218018,0.0,5.994342279099818
2026-04-10 15:37:30,1920,262,1,v8_5_phase_1_9,480,184.19897431271778,177,success,106.22183990478516,14.607043266296387,0.40629085898399353,37.432762145996094,48.5619010925293,11.967552185058594,29.620820999145508,31.83440523078389,-31.267315114565243,0.0,0.8495761109605441,0.9977788925170898,0.0,1.9923804921670902
2026-04-10 15:37:33,1920,263,1,v8_5_phase_1_9,480,201.37685619289968,167,success,100.48141479492188,14.678752899169922,0.40629085898399353,35.1884765625,48.5619010925293,14.22708511352539,25.030113220214844,27.598789775500126,-14.35553450318189,0.0,0.8862133649587182,0.9569957852363586,0.0,4.22143302350173
2026-04-10 15:37:36,1920,264,1,v8_5_phase_1_9,480,200.4158043567693,164,success,98.85588836669922,14.90124797821045,0.40629085898399353,35.33130645751953,48.5619010925293,14.068851470947266,28.047752380371094,20.268687107303098,-16.046916445466948,0.0,0.9380783994098261,0.9968297481536865,0.0,1.1317206965100373
2026-04-10 15:37:39,1920,265,1,v8_5_phase_1_9,480,198.8754679575883,171,success,105.46466827392578,13.525165557861328,0.40629085898399353,38.36389923095703,48.5619010925293,11.037033081054688,31.000505447387695,40.42734328217187,24.898097119183944,0.0,0.7612289183725289,0.9960129261016846,0.0,1.4588350307835358
2026-04-10 15:37:41,1920,266,1,v8_5_phase_1_9,480,192.43624947027712,179,success,104.93201446533203,11.998845100402832,0.40629085898399353,38.792503356933594,48.5619010925293,10.614845275878906,29.884843826293945,40.40020352550483,-22.23117121057701,0.0,0.76153600528679,0.9736687541007996,0.0,3.3132558517277517
2026-04-10 15:37:44,1920,267,1,v8_5_phase_1_9,480,195.48057606671819,169,success,104.62998962402344,14.75904655456543,0.40629085898399353,36.459041595458984,48.5619010925293,12.942611694335938,31.543798446655273,21.79145729218993,6.538730057089498,0.0,0.9285411869024782,0.9926527142524719,0.0,3.8055847055526084
2026-04-10 15:37:47,1920,268,1,v8_5_phase_1_9,480,203.2883895061908,168,success,101.30836486816406,14.594775199890137,0.40629085898399353,36.053855895996094,48.5619010925293,13.355709075927734,26.234418869018555,11.75607549564905,9.362755012361779,0.0,0.9790238733380788,0.9763026237487793,0.0,5.594792856574588
2026-04-10 15:37:50,1921,269,1,v8_5_phase_1_9,480,201.51521003688867,167,success,104.06951141357422,14.713764190673828,0.40629085898399353,36.90159225463867,48.5619010925293,12.498283386230469,31.857982635498047,28.565901873291622,25.630595634080084,0.0,0.878267701222942,0.9978938102722168,0.0,3.6179526562243383
