timestamp,update_id,episode_id,phase_id,phase_name,max_step,episode_return,episode_len,done_reason,start_distance,final_distance,start_agl,final_agl,start_alt_error,final_alt_error,final_closing_speed,final_look_angle_deg,final_alignment,final_grounded_flag,final_ang_vel_mag
2026-04-01 17:31:19,342,1,1,phase_1_2_guided_close_range_refine,500,-147.66675866263034,380,low_agl,80.98471069335938,156.14602661132812,0.40629085898399353,0.2727237343788147,48.5619010925293,49.71548843383789,-30.338132858276367,67.16791637336532,0.38803173669692265,0.0,0.9050290290914554
2026-04-01 17:31:24,342,2,1,phase_1_2_guided_close_range_refine,500,-146.90675253224725,419,low_agl,77.32721710205078,178.0301055908203,0.40629085898399353,0.39127814769744873,48.5619010925293,49.74627685546875,-35.55945587158203,90.72185787710013,-0.012598463389008968,0.0,0.4880876433302396
2026-04-01 17:31:30,343,3,1,phase_1_2_guided_close_range_refine,500,-175.62443633956156,443,low_agl,74.98197937011719,338.2226867675781,0.40629085898399353,0.3577565550804138,48.5619010925293,49.70351028442383,-73.21815490722656,66.86600152148324,0.39288285613800483,0.0,0.6408694292587622
2026-04-01 17:31:34,343,4,1,phase_1_2_guided_close_range_refine,500,-112.09794157573492,248,high_altitude,69.39167022705078,108.56546020507812,0.40629085898399353,100.11670684814453,48.5619010925293,-50.662139892578125,-53.17410659790039,144.98016347381858,-0.8189534157565969,0.0,0.31167296543479367
2026-04-01 17:31:40,343,5,1,phase_1_2_guided_close_range_refine,500,-136.07685237944466,460,low_agl,79.5216293334961,151.3939208984375,0.40629085898399353,0.32667094469070435,48.5619010925293,49.688270568847656,-29.278377532958984,59.83852233729467,0.5024387450589891,0.0,0.6021452812034072
2026-04-01 17:31:45,343,6,1,phase_1_2_guided_close_range_refine,500,-184.68888374493406,409,low_agl,85.15597534179688,357.4441833496094,0.40629085898399353,0.37571194767951965,48.5619010925293,49.71257019042969,-91.46011352539062,96.97454089240996,-0.12142829821861671,0.0,0.6134267240958531
2026-04-01 17:31:49,344,7,1,phase_1_2_guided_close_range_refine,500,-91.06900526646615,278,high_altitude,72.948974609375,57.889190673828125,0.40629085898399353,100.22416687011719,48.5619010925293,-50.552337646484375,-18.86090850830078,85.5775711301108,0.07710932614312237,0.0,0.4072607451840812
2026-04-01 17:31:53,344,8,1,phase_1_2_guided_close_range_refine,500,-103.28571882127576,267,high_altitude,85.7017822265625,84.21843719482422,0.40629085898399353,100.10969543457031,48.5619010925293,-50.45661926269531,-43.18834686279297,134.5071475514929,-0.7009982356317997,0.0,0.28585686597217125
2026-04-01 17:31:58,344,9,1,phase_1_2_guided_close_range_refine,500,-154.2148044326326,397,low_agl,81.1759262084961,214.4987030029297,0.40629085898399353,0.3298059403896332,48.5619010925293,49.69099426269531,-49.60599899291992,67.93211891884135,0.3757048098113945,0.0,0.6016871418584655
2026-04-01 17:32:03,345,10,1,phase_1_2_guided_close_range_refine,500,-141.40475740249138,345,low_agl,78.10150146484375,88.32240295410156,0.40629085898399353,0.3178268373012543,48.5619010925293,49.712257385253906,-20.569866180419922,79.10771541995125,0.18896321122490797,0.0,0.9087567479130764
2026-04-01 17:32:09,345,11,1,phase_1_2_guided_close_range_refine,500,-174.74684921201447,428,low_agl,73.80973815917969,328.23736572265625,0.40629085898399353,0.3859533667564392,48.5619010925293,49.76860046386719,-76.2149658203125,99.95297465358826,-0.17283984113701814,0.0,0.4877928141227418
2026-04-01 17:32:13,345,12,1,phase_1_2_guided_close_range_refine,500,-104.89052660834976,305,high_altitude,70.80343627929688,70.81462860107422,0.40629085898399353,100.0648422241211,48.5619010925293,-50.248985290527344,-28.99493980407715,123.40765301811528,-0.5505922461069247,0.0,0.571627831845466
2026-04-01 17:32:19,346,13,1,phase_1_2_guided_close_range_refine,500,-151.93719366368407,432,low_agl,77.64547729492188,257.4384460449219,0.40629085898399353,0.2839154601097107,48.5619010925293,49.679290771484375,-42.53831100463867,51.30293738436728,0.6252026451660397,0.0,0.7829294570601549
2026-04-01 17:32:25,346,14,1,phase_1_2_guided_close_range_refine,500,-141.6410841451174,405,low_agl,71.59390258789062,163.23516845703125,0.40629085898399353,0.2594147026538849,48.5619010925293,49.67352294921875,-38.8538703918457,57.48507820592923,0.5375192382990992,0.0,0.8498733580836442
2026-04-01 17:32:30,346,15,1,phase_1_2_guided_close_range_refine,500,-164.82923813070516,401,low_agl,86.62041473388672,394.4329528808594,0.40629085898399353,0.345451295375824,48.5619010925293,49.707210540771484,-85.04893493652344,54.93069332427659,0.5745668871090841,0.0,0.8624245866235661
2026-04-01 17:32:37,347,16,1,phase_1_2_guided_close_range_refine,500,-175.86167409394903,429,low_agl,85.83686065673828,476.0863342285156,0.40629085898399353,0.38856086134910583,48.5619010925293,49.75030517578125,-107.44634246826172,85.05934418721442,0.08612388607082176,0.0,0.6399300837639633
2026-04-01 17:32:40,347,17,1,phase_1_2_guided_close_range_refine,500,-95.39756498924811,271,high_altitude,76.04325866699219,82.33531188964844,0.40629085898399353,100.22488403320312,48.5619010925293,-50.350067138671875,-34.95013427734375,108.496086474981,-0.3172398814637506,0.0,0.6572862645995418
2026-04-01 17:32:44,347,18,1,phase_1_2_guided_close_range_refine,500,-122.5978947100318,287,high_altitude,71.50963592529297,148.33062744140625,0.40629085898399353,100.26758575439453,48.5619010925293,-50.44617462158203,-63.46208190917969,149.1665913217945,-0.8586611831182333,0.0,0.4631084014713894
2026-04-01 17:32:48,347,19,1,phase_1_2_guided_close_range_refine,500,-123.86372100847974,292,high_altitude,76.65152740478516,189.3065948486328,0.40629085898399353,100.0513916015625,48.5619010925293,-50.22193908691406,-76.86468505859375,141.85323456989505,-0.7864311285862572,0.0,0.6610037435987861
2026-04-01 17:32:55,348,20,1,phase_1_2_guided_close_range_refine,500,-169.65580453952003,462,low_agl,78.3134994506836,386.2274475097656,0.40629085898399353,0.24035212397575378,48.5619010925293,49.7130241394043,-63.166412353515625,62.11286604788219,0.4677313485643142,0.0,0.9568483775858815
2026-04-01 17:32:57,348,21,1,phase_1_2_guided_close_range_refine,500,200.83977469815665,143,success,75.4599609375,13.833139419555664,0.40629085898399353,37.498634338378906,48.5619010925293,11.964385986328125,13.206365585327148,3.680892677217891,0.997937083382921,0.0,0.35841576265098074
2026-04-01 17:33:02,348,22,1,phase_1_2_guided_close_range_refine,500,-124.99890075400606,379,low_agl,71.70591735839844,79.65666198730469,0.40629085898399353,0.20047307014465332,48.5619010925293,49.6719970703125,-3.5421218872070312,69.50245454110816,0.35016725406642224,0.0,0.9262808318567392
2026-04-01 17:33:08,348,23,1,phase_1_2_guided_close_range_refine,500,-168.6485009212712,427,low_agl,74.9461441040039,248.5043182373047,0.40629085898399353,0.37656092643737793,48.5619010925293,49.39513397216797,-52.214508056640625,10.828110627085485,0.982195198926516,0.0,1.0244849092239603
2026-04-01 17:33:12,349,24,1,phase_1_2_guided_close_range_refine,500,-126.84933963765175,280,high_altitude,71.99564361572266,159.2701416015625,0.40629085898399353,100.46214294433594,48.5619010925293,-50.781898498535156,-67.68548583984375,148.4241770797708,-0.8519479644549256,0.0,0.5237487382321135
2026-04-01 17:33:15,349,25,1,phase_1_2_guided_close_range_refine,500,202.3253512702695,158,success,83.62699890136719,3.388087511062622,0.40629085898399353,46.08735656738281,48.5619010925293,3.3799819946289062,26.91717529296875,36.297390853348205,0.8059552406272542,0.0,0.3535045253001601
2026-04-01 17:33:18,349,26,1,phase_1_2_guided_close_range_refine,500,-107.30172900942827,257,high_altitude,88.07711029052734,51.61200714111328,0.40629085898399353,100.02804565429688,48.5619010925293,-50.232452392578125,-24.944658279418945,97.34455273031706,-0.1278358591284052,0.0,0.6696938907869636
2026-04-01 17:33:22,349,27,1,phase_1_2_guided_close_range_refine,500,-134.33944147971303,299,high_altitude,73.15126037597656,202.60140991210938,0.40629085898399353,100.15718078613281,48.5619010925293,-50.20753479003906,-77.52352142333984,135.4035552385437,-0.7120696136512854,0.0,0.7186603344907121
2026-04-01 17:33:29,350,28,1,phase_1_2_guided_close_range_refine,500,-165.7220715890483,425,low_agl,84.16487884521484,163.06146240234375,0.40629085898399353,0.29281672835350037,48.5619010925293,49.678985595703125,-37.01266098022461,57.089760517147226,0.5433244919999918,0.0,0.8088624766746043
2026-04-01 17:33:34,350,29,1,phase_1_2_guided_close_range_refine,500,-150.72824219345938,394,low_agl,72.52655792236328,178.2184295654297,0.40629085898399353,0.19250252842903137,48.5619010925293,49.49320983886719,-26.23137855529785,17.6601985896875,0.9528724527042527,0.0,1.0672321315617106
2026-04-01 17:33:41,350,30,1,phase_1_2_guided_close_range_refine,500,-177.2050587010433,463,low_agl,71.37053680419922,334.885009765625,0.40629085898399353,0.2839300036430359,48.5619010925293,49.6794319152832,-46.00305938720703,60.18525689051037,0.4971972343364965,0.0,0.8179891028110509
2026-04-01 17:33:45,351,31,1,phase_1_2_guided_close_range_refine,500,-111.53567107627295,268,high_altitude,86.13507843017578,79.5169906616211,0.40629085898399353,100.29353332519531,48.5619010925293,-50.50334930419922,-36.19007110595703,105.97455821833071,-0.2752104872662938,0.0,0.4307062257751747
2026-04-01 17:33:49,351,32,1,phase_1_2_guided_close_range_refine,500,-124.34772888999427,282,high_altitude,69.57523345947266,162.3970947265625,0.40629085898399353,100.23036193847656,48.5619010925293,-50.49443817138672,-62.52214431762695,126.22476454128704,-0.5909543990736651,0.0,0.35475452658204437
2026-04-01 17:33:52,351,33,1,phase_1_2_guided_close_range_refine,500,-98.50290296203944,252,high_altitude,84.90706634521484,55.73845291137695,0.40629085898399353,100.48698425292969,48.5619010925293,-50.786964416503906,-26.93081283569336,96.57032346713945,-0.11442261448679115,0.0,0.4905501226492958
2026-04-01 17:33:59,351,34,1,phase_1_2_guided_close_range_refine,500,-172.20293631490443,473,collision,79.25321960449219,177.0155792236328,0.40629085898399353,0.14665062725543976,48.5619010925293,49.6677131652832,-26.440229415893555,23.69706982533973,0.9156831482319489,1.0,0.8979792321657013
2026-04-01 17:34:03,352,35,1,phase_1_2_guided_close_range_refine,500,-115.20997183834139,264,high_altitude,75.45306396484375,142.939208984375,0.40629085898399353,100.33329772949219,48.5619010925293,-50.61463165283203,-67.14299774169922,155.21144534103917,-0.9078612497009133,0.0,0.5562286543773458
2026-04-01 17:34:08,352,36,1,phase_1_2_guided_close_range_refine,500,-166.8716400763827,384,low_agl,71.8205795288086,287.712646484375,0.40629085898399353,0.19769488275051117,48.5619010925293,49.67037582397461,-47.79182434082031,37.780491299535605,0.7903636559385401,0.0,0.9728595670197783
2026-04-01 17:34:12,352,37,1,phase_1_2_guided_close_range_refine,500,-102.55077259257908,267,high_altitude,84.79031372070312,53.13165283203125,0.40629085898399353,100.23059844970703,48.5619010925293,-50.572235107421875,-28.294267654418945,123.23614696805626,-0.5480910153770333,0.0,0.2934993280756893
2026-04-01 17:34:17,352,38,1,phase_1_2_guided_close_range_refine,500,-175.9812910424017,379,low_agl,73.74815368652344,345.5119934082031,0.40629085898399353,0.3248235583305359,48.5619010925293,49.689971923828125,-71.88843536376953,48.495224201493464,0.6626824739258241,0.0,0.7762147863646851
2026-04-01 17:34:24,353,39,1,phase_1_2_guided_close_range_refine,500,-197.8837253191963,458,low_agl,70.9206771850586,479.79779052734375,0.40629085898399353,0.3797498643398285,48.5619010925293,49.71703338623047,-94.70148468017578,66.2753814035739,0.40234117738184605,0.0,0.7274329616454142
2026-04-01 17:34:28,353,40,1,phase_1_2_guided_close_range_refine,500,-116.42001497727452,259,high_altitude,72.93655395507812,115.79307556152344,0.40629085898399353,100.21803283691406,48.5619010925293,-50.51854705810547,-56.530181884765625,164.7696393863117,-0.9648774268727545,0.0,0.5527971840082196
2026-04-01 17:34:31,353,41,1,phase_1_2_guided_close_range_refine,500,-97.07524227058904,275,high_altitude,71.87692260742188,93.7618408203125,0.40629085898399353,100.23472595214844,48.5619010925293,-50.3814697265625,-28.947853088378906,70.21532138478238,0.3384863085181672,0.0,0.6590058521466425
2026-04-01 17:34:35,353,42,1,phase_1_2_guided_close_range_refine,500,-100.5777101112552,256,high_altitude,73.3407211303711,80.12358093261719,0.40629085898399353,100.27230834960938,48.5619010925293,-50.61592102050781,-43.173431396484375,144.38504909143538,-0.8129488326962477,0.0,0.5736795187061399
2026-04-01 17:34:39,354,43,1,phase_1_2_guided_close_range_refine,500,-110.23995146693467,251,high_altitude,73.79987335205078,125.04641723632812,0.40629085898399353,100.23351287841797,48.5619010925293,-50.66709899902344,-62.74948501586914,157.1017684957319,-0.9211974158552851,0.0,0.31078046471232273
2026-04-01 17:34:42,354,44,1,phase_1_2_guided_close_range_refine,500,-100.52409857689625,257,high_altitude,77.68402099609375,70.9985580444336,0.40629085898399353,100.17959594726562,48.5619010925293,-50.44329833984375,-35.07798385620117,123.18522107760465,-0.5473473695762697,0.0,0.5794289711827146
2026-04-01 17:34:46,354,45,1,phase_1_2_guided_close_range_refine,500,-87.29107352380704,253,high_altitude,83.07212829589844,50.61891174316406,0.40629085898399353,100.31453704833984,48.5619010925293,-50.57769012451172,-24.17397117614746,96.50407063219032,-0.11327380272298836,0.0,0.4636442157783273
2026-04-01 17:34:48,354,46,1,phase_1_2_guided_close_range_refine,500,206.6912952177789,139,success,79.88988494873047,13.98598575592041,0.40629085898399353,37.20830535888672,48.5619010925293,12.19354248046875,14.159234046936035,24.921149007632735,0.9068885398406127,0.0,0.15786918395632346
2026-04-01 17:34:55,355,47,1,phase_1_2_guided_close_range_refine,500,-173.01813014764053,452,low_agl,71.94389343261719,302.17279052734375,0.40629085898399353,0.21157172322273254,48.5619010925293,49.4503173828125,-43.8657341003418,9.149502846095642,0.9872767916108338,0.0,1.1217481668161626
2026-04-01 17:35:01,355,48,1,phase_1_2_guided_close_range_refine,500,-195.81181951434527,456,low_agl,75.42527770996094,484.3875427246094,0.40629085898399353,0.24974311888217926,48.5619010925293,49.69660186767578,-82.2620620727539,33.60907279226079,0.8328336006621506,0.0,0.8723871276917464
2026-04-01 17:35:04,355,49,1,phase_1_2_guided_close_range_refine,500,-106.12572882243882,248,high_altitude,75.1776351928711,112.83433532714844,0.40629085898399353,100.42010498046875,48.5619010925293,-50.84403991699219,-60.04275131225586,161.5071995292551,-0.9483635187915201,0.0,0.38725532545925695
2026-04-01 17:35:10,356,50,1,phase_1_2_guided_close_range_refine,500,-168.92835418514633,372,low_agl,75.57308197021484,334.2044372558594,0.40629085898399353,0.36829227209091187,48.5619010925293,49.720848083496094,-76.8231430053711,65.71382374058295,0.4112944525544479,0.0,0.8375041320512521
2026-04-01 17:35:14,356,51,1,phase_1_2_guided_close_range_refine,500,-105.76551466821418,263,high_altitude,82.11972045898438,137.2138671875,0.40629085898399353,100.04376220703125,48.5619010925293,-50.28588104248047,-67.79571533203125,154.87102871280575,-0.9053541892126649,0.0,0.5161304322891794
2026-04-01 17:35:17,356,52,1,phase_1_2_guided_close_range_refine,500,-92.28217161302247,245,high_altitude,84.81107330322266,89.73868560791016,0.40629085898399353,100.42391967773438,48.5619010925293,-50.87837219238281,-52.79682159423828,148.32132809124874,-0.851006654885576,0.0,0.25823461292388916
2026-04-01 17:35:21,356,53,1,phase_1_2_guided_close_range_refine,500,-86.82312231624287,245,high_altitude,85.10209655761719,94.40951538085938,0.40629085898399353,100.6731948852539,48.5619010925293,-51.21678924560547,-55.024314880371094,144.15439360316404,-0.8105979464446169,0.0,0.26196967048191594
2026-04-01 17:35:24,356,54,1,phase_1_2_guided_close_range_refine,500,-86.68366090868476,244,high_altitude,83.92962646484375,93.26365661621094,0.40629085898399353,100.46741485595703,48.5619010925293,-50.97979736328125,-52.793365478515625,138.4760748555389,-0.748678963560717,0.0,0.44980589620014044
2026-04-01 17:35:26,356,55,1,phase_1_2_guided_close_range_refine,500,207.09299407945042,143,success,87.2147216796875,13.660341262817383,0.40629085898399353,35.990962982177734,48.5619010925293,13.4124755859375,24.11501693725586,19.048731651721486,0.9452413288826406,0.0,0.08864526524042458
2026-04-01 17:35:29,357,56,1,phase_1_2_guided_close_range_refine,500,202.93310239196148,138,success,77.08751678466797,13.98966121673584,0.40629085898399353,37.58740997314453,48.5619010925293,11.828876495361328,13.070320129394531,31.311281042252613,0.8543565247623213,0.0,0.20109779537862085
2026-04-01 17:35:34,357,57,1,phase_1_2_guided_close_range_refine,500,-152.5233767951699,391,low_agl,70.44759368896484,220.79173278808594,0.40629085898399353,0.32231295108795166,48.5619010925293,49.687255859375,-42.20954513549805,71.20416885206016,0.32219681599325845,0.0,0.6734704342030247
2026-04-01 17:35:38,357,58,1,phase_1_2_guided_close_range_refine,500,-91.32511885812171,238,high_altitude,72.7939453125,76.35370635986328,0.40629085898399353,100.02345275878906,48.5619010925293,-50.57417297363281,-36.66321563720703,105.2833020931904,-0.2635919344653955,0.0,0.2872586707063946
2026-04-01 17:35:41,357,59,1,phase_1_2_guided_close_range_refine,500,-108.8173656608114,277,high_altitude,80.46241760253906,123.37074279785156,0.40629085898399353,100.18550109863281,48.5619010925293,-50.46686553955078,-53.95551300048828,121.87248603988488,-0.5280305897987715,0.0,0.33636173372622874
2026-04-01 17:35:45,358,60,1,phase_1_2_guided_close_range_refine,500,-109.19979217073879,258,high_altitude,70.44966888427734,108.02479553222656,0.40629085898399353,100.17961883544922,48.5619010925293,-50.595497131347656,-44.541015625,106.48045666977521,-0.2836882791304431,0.0,0.4313545350883317
2026-04-01 17:35:47,358,61,1,phase_1_2_guided_close_range_refine,500,201.9341183826496,143,success,80.23809814453125,13.898479461669922,0.40629085898399353,37.115543365478516,48.5619010925293,12.29422378540039,17.73029327392578,24.71242696433361,0.9084175243655676,0.0,0.1280977182485574
2026-04-01 17:35:49,358,62,1,phase_1_2_guided_close_range_refine,500,206.70960654636445,138,success,78.51749420166016,13.835793495178223,0.40629085898399353,37.46953582763672,48.5619010925293,11.929737091064453,13.30005931854248,28.28924164586567,0.8805663569146291,0.0,0.053421052263558644
2026-04-01 17:35:53,358,63,1,phase_1_2_guided_close_range_refine,500,-111.7148489843694,274,high_altitude,85.71316528320312,63.799598693847656,0.40629085898399353,100.33707427978516,48.5619010925293,-50.562721252441406,-33.85700988769531,125.49553256436147,-0.5806394761693981,0.0,0.4252902923850749
2026-04-01 17:35:57,358,64,1,phase_1_2_guided_close_range_refine,500,-87.5991234183024,239,high_altitude,76.69571685791016,75.84303283691406,0.40629085898399353,100.3934097290039,48.5619010925293,-50.942466735839844,-41.692955017089844,120.4180792184007,-0.506305898115582,0.0,0.19575821708697783
2026-04-01 17:36:00,358,65,1,phase_1_2_guided_close_range_refine,500,-115.39263703891382,265,high_altitude,75.44105529785156,145.0125274658203,0.40629085898399353,100.25459289550781,48.5619010925293,-50.44603729248047,-68.13927459716797,154.39047026318198,-0.901760647146231,0.0,0.5761571625991361
2026-04-01 17:36:04,359,66,1,phase_1_2_guided_close_range_refine,500,-104.62567790026908,249,high_altitude,76.25765991210938,112.10809326171875,0.40629085898399353,100.34568786621094,48.5619010925293,-50.74290466308594,-58.97140884399414,165.6918515280468,-0.9689805939846523,0.0,0.4267445694318457
2026-04-01 17:36:11,359,67,1,phase_1_2_guided_close_range_refine,500,-192.43745841049054,440,low_agl,77.59333801269531,475.3041687011719,0.40629085898399353,0.2927166819572449,48.5619010925293,49.70039749145508,-88.78754425048828,41.903944803364006,0.744265564324479,0.0,0.8324404243168296
2026-04-01 17:36:15,359,68,1,phase_1_2_guided_close_range_refine,500,-115.59762324216814,269,high_altitude,75.71398162841797,149.2152862548828,0.40629085898399353,100.26252746582031,48.5619010925293,-50.618133544921875,-66.69471740722656,149.05857871025992,-0.8576934230994852,0.0,0.3949360628407148
2026-04-01 17:36:18,359,69,1,phase_1_2_guided_close_range_refine,500,-96.76554756268094,241,high_altitude,74.84622192382812,87.8218002319336,0.40629085898399353,100.11473846435547,48.5619010925293,-50.67901611328125,-47.800819396972656,148.25540310537977,-0.850401844228681,0.0,0.30497143255955983
2026-04-01 17:36:22,360,70,1,phase_1_2_guided_close_range_refine,500,-97.20013745336188,252,high_altitude,81.9358901977539,114.79497528076172,0.40629085898399353,100.14331817626953,48.5619010925293,-50.42119598388672,-62.73849105834961,147.20190106741867,-0.8405845768495204,0.0,0.4748569731038658
2026-04-01 17:36:26,360,71,1,phase_1_2_guided_close_range_refine,500,-116.39619696676813,273,high_altitude,69.98722839355469,132.18649291992188,0.40629085898399353,100.05241394042969,48.5619010925293,-50.184471130371094,-51.52268981933594,116.11613921118153,-0.44019211093836347,0.0,0.6051805328727077
2026-04-01 17:36:30,360,72,1,phase_1_2_guided_close_range_refine,500,-110.13485077726651,258,high_altitude,76.4113540649414,133.35421752929688,0.40629085898399353,100.40391540527344,48.5619010925293,-50.714195251464844,-63.08087921142578,145.20837375436705,-0.8212326099144179,0.0,0.42227175640206094
2026-04-01 17:36:34,360,73,1,phase_1_2_guided_close_range_refine,500,-123.07934689495836,266,high_altitude,71.15469360351562,153.98797607421875,0.40629085898399353,100.3556137084961,48.5619010925293,-50.68683624267578,-67.89629364013672,164.24389240513915,-0.9624262960742106,0.0,0.3851392023179442
2026-04-01 17:36:38,361,74,1,phase_1_2_guided_close_range_refine,500,-107.08101868554516,252,high_altitude,74.69219207763672,128.00747680664062,0.40629085898399353,100.09468841552734,48.5619010925293,-50.514625549316406,-61.97966766357422,144.90464890235492,-0.8181963698832802,0.0,0.3442123434310694
2026-04-01 17:36:41,361,75,1,phase_1_2_guided_close_range_refine,500,-94.28156476905743,245,high_altitude,81.50979614257812,90.69183349609375,0.40629085898399353,100.09738159179688,48.5619010925293,-50.58338165283203,-52.403263092041016,152.0134414886125,-0.8830577057597313,0.0,0.23543453352648153
2026-04-01 17:36:46,361,76,1,phase_1_2_guided_close_range_refine,500,-104.02315315501194,260,high_altitude,70.38954162597656,103.73076629638672,0.40629085898399353,100.2671127319336,48.5619010925293,-50.508636474609375,-43.943275451660156,108.3438005772464,-0.31471816601827096,0.0,0.57452220672008
2026-04-01 17:36:48,361,77,1,phase_1_2_guided_close_range_refine,500,211.190106313976,135,success,86.73554229736328,13.533147811889648,0.40629085898399353,36.2247314453125,48.5619010925293,13.181751251220703,28.228416442871094,3.170582563899793,0.9984692930781708,0.0,0.11173785542908575
2026-04-01 17:36:50,361,78,1,phase_1_2_guided_close_range_refine,500,209.5207615808151,134,success,80.63745880126953,13.703607559204102,0.40629085898399353,36.45149612426758,48.5619010925293,12.954296112060547,16.004169464111328,31.345059742792913,0.8540499948748558,0.0,0.09366703473399184
2026-04-01 17:36:54,361,79,1,phase_1_2_guided_close_range_refine,500,-125.47955568927237,262,high_altitude,85.10403442382812,98.05662536621094,0.40629085898399353,100.03675079345703,48.5619010925293,-50.486106872558594,-51.575565338134766,173.48847148448135,-0.9935490578827025,0.0,0.3630773919065077
2026-04-01 17:37:00,362,80,1,phase_1_2_guided_close_range_refine,500,-110.13437291932748,273,high_altitude,81.12983703613281,169.3990478515625,0.40629085898399353,100.06362915039062,48.5619010925293,-50.236602783203125,-76.74311828613281,148.73200004528493,-0.854748851471982,0.0,0.6547028474117168
2026-04-01 17:37:04,362,81,1,phase_1_2_guided_close_range_refine,500,-85.53069629946644,250,high_altitude,82.31246185302734,59.361732482910156,0.40629085898399353,100.5031967163086,48.5619010925293,-50.92186737060547,-28.877941131591797,109.34674555497106,-0.3312842957002219,0.0,0.1768979018319463
2026-04-01 17:37:08,362,82,1,phase_1_2_guided_close_range_refine,500,-108.13545837937912,255,high_altitude,78.28485870361328,135.35354614257812,0.40629085898399353,100.06146240234375,48.5619010925293,-50.523956298828125,-67.58778381347656,164.0716623550281,-0.9616056957498977,0.0,0.1464957293438701
2026-04-01 17:37:11,362,83,1,phase_1_2_guided_close_range_refine,500,-91.67459730732567,249,high_altitude,83.29692077636719,110.66710662841797,0.40629085898399353,100.57306671142578,48.5619010925293,-51.11913299560547,-58.923011779785156,136.27723205603672,-0.7226925490328724,0.0,0.21584607492203095
2026-04-01 17:37:18,363,84,1,phase_1_2_guided_close_range_refine,500,-179.39841615243142,438,collision,71.1418685913086,251.3995819091797,0.40629085898399353,0.10594011098146439,48.5619010925293,49.69618225097656,-40.66360855102539,52.75922933806238,0.6051657583277106,1.0,0.9861812120148031
2026-04-01 17:37:22,363,85,1,phase_1_2_guided_close_range_refine,500,-105.42732997487239,254,high_altitude,78.16997528076172,131.0139923095703,0.40629085898399353,100.39310455322266,48.5619010925293,-50.77404022216797,-66.67900085449219,173.98845499210464,-0.9945008128607263,0.0,0.35248723243980784
2026-04-01 17:37:26,363,86,1,phase_1_2_guided_close_range_refine,500,-99.67111716916754,243,high_altitude,72.1655502319336,98.22081756591797,0.40629085898399353,100.65113830566406,48.5619010925293,-51.135215759277344,-49.22050476074219,127.32311360133845,-0.6063092516684527,0.0,0.2453062757122087
2026-04-01 17:37:29,363,87,1,phase_1_2_guided_close_range_refine,500,205.93625250008884,137,success,78.48648071289062,13.936535835266113,0.40629085898399353,36.19404602050781,48.5619010925293,13.224639892578125,17.517757415771484,10.701290235897627,0.9826086152931128,0.0,0.2789772715244633
2026-04-01 17:37:31,363,88,1,phase_1_2_guided_close_range_refine,500,202.96001849888694,141,success,81.50840759277344,13.955057144165039,0.40629085898399353,35.5271110534668,48.5619010925293,13.878826141357422,23.170223236083984,15.645303029817493,0.9629496343273033,0.0,0.13295139797574623
2026-04-01 17:37:34,363,89,1,phase_1_2_guided_close_range_refine,500,-94.02354019448266,240,high_altitude,86.15662384033203,85.00022888183594,0.40629085898399353,100.24071502685547,48.5619010925293,-50.710174560546875,-52.21598815917969,154.6396902056174,-0.9036322100899977,0.0,0.2997497173397563
2026-04-01 17:37:39,364,90,1,phase_1_2_guided_close_range_refine,500,-93.719092601146,247,high_altitude,84.40372467041016,77.53495025634766,0.40629085898399353,100.67100524902344,48.5619010925293,-51.261695861816406,-46.32783889770508,141.94458151985478,-0.7874148957972406,0.0,0.18637972028953906
2026-04-01 17:37:43,364,91,1,phase_1_2_guided_close_range_refine,500,-116.283161452227,271,high_altitude,72.15058135986328,132.78863525390625,0.40629085898399353,100.420654296875,48.5619010925293,-50.796592712402344,-60.061771392822266,155.56460710226386,-0.9104283031311716,0.0,0.23428674760780283
2026-04-01 17:37:46,364,92,1,phase_1_2_guided_close_range_refine,500,-99.33107865229697,245,high_altitude,81.05104064941406,67.96369934082031,0.40629085898399353,100.60820007324219,48.5619010925293,-51.13703155517578,-39.14047622680664,140.65963169167864,-0.7733937629342279,0.0,0.2864907753514345
2026-04-01 17:37:50,364,93,1,phase_1_2_guided_close_range_refine,500,-90.31082853269352,236,high_altitude,74.9181137084961,71.94377899169922,0.40629085898399353,100.09413146972656,48.5619010925293,-50.687843322753906,-40.6528205871582,123.9470057361145,-0.5584258673188434,0.0,0.07768593707959202
2026-04-01 17:37:55,365,94,1,phase_1_2_guided_close_range_refine,500,-88.3316623302544,258,high_altitude,85.87791442871094,90.75889587402344,0.40629085898399353,100.4691162109375,48.5619010925293,-51.055824279785156,-50.42547607421875,135.91558719986287,-0.7183155928423544,0.0,0.04242729034083481
2026-04-01 17:37:59,365,95,1,phase_1_2_guided_close_range_refine,500,-92.89072653085569,248,high_altitude,77.53739166259766,85.82579040527344,0.40629085898399353,100.40617370605469,48.5619010925293,-50.760231018066406,-42.00298309326172,111.7068901019123,-0.3698584874041552,0.0,0.3569815260811561
2026-04-01 17:38:01,365,96,1,phase_1_2_guided_close_range_refine,500,211.29116716106242,133,success,87.67290496826172,13.370758056640625,0.40629085898399353,36.36211013793945,48.5619010925293,13.049507141113281,31.790266036987305,9.404018746458764,0.9865607034387922,0.0,0.22491958482267918
2026-04-01 17:38:04,365,97,1,phase_1_2_guided_close_range_refine,500,-90.27800901048107,258,high_altitude,75.22018432617188,64.88850402832031,0.40629085898399353,100.14358520507812,48.5619010925293,-50.49976348876953,-22.166061401367188,77.64829523961627,0.21391200322750634,0.0,0.4499510920657077
2026-04-01 17:38:08,365,98,1,phase_1_2_guided_close_range_refine,500,-92.41522352371078,255,high_altitude,87.76152038574219,112.13540649414062,0.40629085898399353,100.56719970703125,48.5619010925293,-50.988372802734375,-61.1009521484375,150.7174267539809,-0.8722180798375355,0.0,0.2781549591061238
2026-04-01 17:38:12,365,99,1,phase_1_2_guided_close_range_refine,500,-96.50293493822903,247,high_altitude,78.13526916503906,97.26557922363281,0.40629085898399353,100.35242462158203,48.5619010925293,-50.82714080810547,-54.06965255737305,164.93764837951568,-0.965643596871948,0.0,0.3086673836989412
2026-04-01 17:38:16,366,100,1,phase_1_2_guided_close_range_refine,500,-104.05755561459605,245,high_altitude,89.1386489868164,51.112457275390625,0.40629085898399353,100.58617401123047,48.5619010925293,-50.98918914794922,-30.616525650024414,114.14144272967164,-0.40899061749945953,0.0,0.405507184209311
2026-04-01 17:38:19,366,101,1,phase_1_2_guided_close_range_refine,500,-109.7393735520865,251,high_altitude,72.28752899169922,116.3807144165039,0.40629085898399353,100.37169647216797,48.5619010925293,-50.85895538330078,-57.65174102783203,162.00697813120328,-0.9510941448430792,0.0,0.2945248806353809
2026-04-01 17:38:21,366,102,1,phase_1_2_guided_close_range_refine,500,199.8978126964974,134,success,72.55973052978516,13.881689071655273,0.40629085898399353,36.55525207519531,48.5619010925293,12.908828735351562,17.57828140258789,14.683733630537464,0.9673397561069226,0.0,0.3757894852369601
2026-04-01 17:38:25,366,103,1,phase_1_2_guided_close_range_refine,500,-100.62017253343969,253,high_altitude,77.3462142944336,99.2879409790039,0.40629085898399353,100.33324432373047,48.5619010925293,-50.67002868652344,-43.4808235168457,97.3278255970397,-0.12754630543267428,0.0,0.5605068267776098
2026-04-01 17:38:27,366,104,1,phase_1_2_guided_close_range_refine,500,199.77680580951628,133,success,78.20836639404297,13.602568626403809,0.40629085898399353,35.8637809753418,48.5619010925293,13.590118408203125,25.358495712280273,34.6568579618866,0.822572458677546,0.0,0.4049613577275827
2026-04-01 17:38:33,367,105,1,phase_1_2_guided_close_range_refine,500,-135.31539553709152,417,low_agl,73.90349578857422,153.10414123535156,0.40629085898399353,0.32656726241111755,48.5619010925293,49.69300079345703,-30.089374542236328,60.88149905374479,0.48661749823583633,0.0,0.8947849115663323
2026-04-01 17:38:35,367,106,1,phase_1_2_guided_close_range_refine,500,214.09640049495295,135,success,87.00542449951172,13.753941535949707,0.40629085898399353,35.845096588134766,48.5619010925293,13.587482452392578,19.682857513427734,33.751748613833186,0.8314526564291982,0.0,0.23622459279131533
2026-04-01 17:38:39,367,107,1,phase_1_2_guided_close_range_refine,500,-91.11224466068826,234,high_altitude,78.3109359741211,67.20073699951172,0.40629085898399353,100.09263610839844,48.5619010925293,-50.58850860595703,-37.4407844543457,114.15703605154677,-0.40923895411406763,0.0,0.24895315320085748
2026-04-01 17:38:43,367,108,1,phase_1_2_guided_close_range_refine,500,-111.75653842622229,272,high_altitude,78.52857971191406,160.58026123046875,0.40629085898399353,100.03706359863281,48.5619010925293,-50.24195098876953,-71.9222412109375,152.1133808165481,-0.8838748859909273,0.0,0.43365015967247506
2026-04-01 17:38:47,367,109,1,phase_1_2_guided_close_range_refine,500,-101.79550913920151,262,high_altitude,79.68167877197266,89.10173797607422,0.40629085898399353,100.1216049194336,48.5619010925293,-50.39762878417969,-38.7104377746582,99.52041877345135,-0.16539908273204557,0.0,0.512530646982962
2026-04-01 17:38:51,368,110,1,phase_1_2_guided_close_range_refine,500,-95.77127943867517,252,high_altitude,76.0160903930664,88.88108825683594,0.40629085898399353,100.3117904663086,48.5619010925293,-50.74102020263672,-47.24245071411133,149.30480702983888,-0.8598951023545327,0.0,0.37132943740637886
2026-04-01 17:38:55,368,111,1,phase_1_2_guided_close_range_refine,500,-93.68856656392333,249,high_altitude,76.98876953125,75.07904052734375,0.40629085898399353,100.20848846435547,48.5619010925293,-50.54942321777344,-35.38397216796875,100.69420727288555,-0.1855672701598604,0.0,0.4327779209927318
2026-04-01 17:38:59,368,112,1,phase_1_2_guided_close_range_refine,500,-100.06988190327284,267,high_altitude,80.03367614746094,89.23271942138672,0.40629085898399353,100.01107788085938,48.5619010925293,-50.227272033691406,-38.59506607055664,99.4781535628673,-0.1646715308083259,0.0,0.4293228502455484
2026-04-01 17:39:04,368,113,1,phase_1_2_guided_close_range_refine,500,-138.06532672169152,385,low_agl,72.447021484375,152.93954467773438,0.40629085898399353,0.2258961945772171,48.5619010925293,49.697166442871094,-32.37651824951172,51.33705759436609,0.6247377611304454,0.0,0.7996932279758967
2026-04-01 17:39:09,369,114,1,phase_1_2_guided_close_range_refine,500,-108.48276414840791,251,high_altitude,88.40868377685547,61.64619827270508,0.40629085898399353,100.44230651855469,48.5619010925293,-50.83734130859375,-35.80459213256836,130.2690288318783,-0.6463774255429736,0.0,0.29080595120382935
2026-04-01 17:39:12,369,115,1,phase_1_2_guided_close_range_refine,500,-98.14199156259137,246,high_altitude,81.32769775390625,109.42432403564453,0.40629085898399353,100.31330871582031,48.5619010925293,-50.6873779296875,-56.830745697021484,124.43015965762287,-0.5654012527723593,0.0,0.44238302624847287
2026-04-01 17:39:16,369,116,1,phase_1_2_guided_close_range_refine,500,-117.35217783741027,255,high_altitude,86.78424835205078,69.88072967529297,0.40629085898399353,100.48355102539062,48.5619010925293,-50.906463623046875,-36.41389846801758,130.67837572921553,-0.6518122263332301,0.0,0.10252888839252605
2026-04-01 17:39:18,369,117,1,phase_1_2_guided_close_range_refine,500,203.68297603358593,131,success,79.58354949951172,13.987982749938965,0.40629085898399353,35.56029510498047,48.5619010925293,13.868522644042969,24.654390335083008,29.985346663961792,0.8661532499408872,0.0,0.20574024417811937
2026-04-01 17:39:22,369,118,1,phase_1_2_guided_close_range_refine,500,-106.72287532524017,239,high_altitude,88.88169860839844,64.42526245117188,0.40629085898399353,100.1032485961914,48.5619010925293,-50.54022216796875,-40.83273696899414,140.50216851055316,-0.7716486569002878,0.0,0.3022573929157102
2026-04-01 17:39:26,370,119,1,phase_1_2_guided_close_range_refine,500,-112.74023503986979,261,high_altitude,70.36556243896484,127.06008911132812,0.40629085898399353,100.1652603149414,48.5619010925293,-50.421546936035156,-51.61237716674805,109.4969755657655,-0.33375710017882193,0.0,0.5122700551212693
2026-04-01 17:39:30,370,120,1,phase_1_2_guided_close_range_refine,500,-108.22618429039966,261,high_altitude,72.69674682617188,116.3280029296875,0.40629085898399353,100.15179443359375,48.5619010925293,-50.46830749511719,-49.54267120361328,108.76527106036036,-0.3216918394388271,0.0,0.5188637466780993
2026-04-01 17:39:34,370,121,1,phase_1_2_guided_close_range_refine,500,-130.4622029290827,291,high_altitude,85.1529541015625,114.26809692382812,0.40629085898399353,100.17427062988281,48.5619010925293,-50.450950622558594,-54.66107177734375,160.30157551809947,-0.9414798138941834,0.0,0.3597243695497977
2026-04-01 17:39:36,370,122,1,phase_1_2_guided_close_range_refine,500,211.8776680387817,135,success,86.89451599121094,13.922161102294922,0.40629085898399353,37.043182373046875,48.5619010925293,12.358287811279297,21.68060302734375,28.940618003989567,0.8751216995052257,0.0,0.04398563559308959
2026-04-01 17:39:40,370,123,1,phase_1_2_guided_close_range_refine,500,-93.21390377853629,240,high_altitude,75.83831787109375,92.08203125,0.40629085898399353,100.56513977050781,48.5619010925293,-50.98515319824219,-52.02058792114258,151.8516069864182,-0.8817287265789464,0.0,0.4223058229706752
2026-04-01 17:39:47,371,124,1,phase_1_2_guided_close_range_refine,500,-152.75815506320419,445,low_agl,84.20362091064453,199.79502868652344,0.40629085898399353,0.27719634771347046,48.5619010925293,49.67913818359375,-28.829246520996094,51.60474295322264,0.6210829038882064,0.0,0.7784406964505174
2026-04-01 17:39:51,371,125,1,phase_1_2_guided_close_range_refine,500,-95.43562863288123,241,high_altitude,74.03057098388672,86.1777572631836,0.40629085898399353,100.60708618164062,48.5619010925293,-51.11268615722656,-47.688995361328125,148.64350811439823,-0.8539461849415618,0.0,0.2361101056055511
2026-04-01 17:39:54,371,126,1,phase_1_2_guided_close_range_refine,500,-95.91131858995554,271,high_altitude,78.6956558227539,95.91555786132812,0.40629085898399353,100.28372955322266,48.5619010925293,-50.445594787597656,-37.366546630859375,90.52803076883352,-0.009215745014192643,0.0,0.5365378913117411
2026-04-01 17:39:58,371,127,1,phase_1_2_guided_close_range_refine,500,-100.11679081171825,237,high_altitude,70.22726440429688,85.64512634277344,0.40629085898399353,100.57978820800781,48.5619010925293,-51.1533203125,-46.74748229980469,145.96306867651842,-0.8286769596033172,0.0,0.334451992119924
2026-04-01 17:40:00,371,128,1,phase_1_2_guided_close_range_refine,500,208.85929716619663,141,success,86.8906021118164,13.635985374450684,0.40629085898399353,35.86000061035156,48.5619010925293,13.555343627929688,24.563722610473633,17.607867387814153,0.9531491398468128,0.0,0.11984699606235065
2026-04-01 17:40:04,372,129,1,phase_1_2_guided_close_range_refine,500,-109.31606330732484,267,high_altitude,85.73985290527344,142.18296813964844,0.40629085898399353,100.34187316894531,48.5619010925293,-50.749725341796875,-69.15299987792969,172.1125025554256,-0.9905394315345026,0.0,0.2615889842560618
2026-04-01 17:40:08,372,130,1,phase_1_2_guided_close_range_refine,500,-89.1989911705864,256,high_altitude,86.21602630615234,101.68638610839844,0.40629085898399353,100.29035186767578,48.5619010925293,-50.73197937011719,-52.12441635131836,126.79742126167925,-0.5989875590123304,0.0,0.14754633125311217
2026-04-01 17:40:10,372,131,1,phase_1_2_guided_close_range_refine,500,205.40711688309753,141,success,87.87774658203125,13.603961944580078,0.40629085898399353,37.50254440307617,48.5619010925293,11.901531219482422,27.06180763244629,36.48759113116555,0.8039856658761667,0.0,0.1470441214817596
2026-04-01 17:40:14,372,132,1,phase_1_2_guided_close_range_refine,500,-102.44976830817771,257,high_altitude,82.3656234741211,104.54727172851562,0.40629085898399353,100.01217651367188,48.5619010925293,-50.43073272705078,-55.00557327270508,161.42332480624736,-0.9478981781046504,0.0,0.3998501067766895
2026-04-01 17:40:16,372,133,1,phase_1_2_guided_close_range_refine,500,209.4630044950202,137,success,84.42375183105469,13.832162857055664,0.40629085898399353,35.57217025756836,48.5619010925293,13.832077026367188,24.0853328704834,9.87406382740258,0.9851870526441078,0.0,0.0973825608305211
2026-04-01 17:40:18,372,134,1,phase_1_2_guided_close_range_refine,500,205.94864083532968,139,success,81.65103149414062,13.792984962463379,0.40629085898399353,36.23172378540039,48.5619010925293,13.172061920166016,20.500545501708984,21.38086559287649,0.9311776176095843,0.0,0.05023306237067454
2026-04-01 17:40:22,373,135,1,phase_1_2_guided_close_range_refine,500,-96.18229588370886,240,high_altitude,71.52401733398438,81.29074096679688,0.40629085898399353,100.31784057617188,48.5619010925293,-50.833702087402344,-36.77609634399414,96.08704660222602,-0.106039269256414,0.0,0.44493592964984435
2026-04-01 17:40:26,373,136,1,phase_1_2_guided_close_range_refine,500,-103.53528371683242,254,high_altitude,85.31492614746094,83.44509887695312,0.40629085898399353,100.37418365478516,48.5619010925293,-50.914581298828125,-47.49796676635742,153.82726652460107,-0.8974683765628736,0.0,0.12227306555631955
2026-04-01 17:40:28,373,137,1,phase_1_2_guided_close_range_refine,500,201.77294141420955,132,success,78.85107421875,13.629352569580078,0.40629085898399353,36.02464294433594,48.5619010925293,13.411273956298828,26.554725646972656,25.847913470449672,0.8999544955874422,0.0,0.34748274337931834
2026-04-01 17:40:31,373,138,1,phase_1_2_guided_close_range_refine,500,-84.05741872182702,252,high_altitude,85.07959747314453,81.0512924194336,0.40629085898399353,100.41848754882812,48.5619010925293,-50.8450927734375,-40.82989501953125,96.93058179491176,-0.12066670891827562,0.0,0.6281445018358701
2026-04-01 17:40:35,373,139,1,phase_1_2_guided_close_range_refine,500,-99.03055568410998,256,high_altitude,82.82157897949219,61.96138000488281,0.40629085898399353,100.34161376953125,48.5619010925293,-50.68292236328125,-36.71650695800781,135.9177455396406,-0.7183418001016434,0.0,0.4741877436086132
2026-04-01 17:40:39,374,140,1,phase_1_2_guided_close_range_refine,500,-97.97729279450016,241,high_altitude,73.52859497070312,99.08988952636719,0.40629085898399353,100.71658325195312,48.5619010925293,-51.29352569580078,-46.80227279663086,104.66879680375352,-0.2532311344015975,0.0,0.4038567317201717
2026-04-01 17:40:41,374,141,1,phase_1_2_guided_close_range_refine,500,207.04509966486276,145,success,86.09941864013672,13.867961883544922,0.40629085898399353,35.604583740234375,48.5619010925293,13.80075454711914,21.286537170410156,10.400700440714536,0.9835692638939363,0.0,0.11015515704975241
2026-04-01 17:40:45,374,142,1,phase_1_2_guided_close_range_refine,500,-96.62467807575615,239,high_altitude,76.41600799560547,91.10945892333984,0.40629085898399353,100.18883514404297,48.5619010925293,-50.749778747558594,-52.13762664794922,143.40415196435148,-0.8028606787860697,0.0,0.3577356395894155
2026-04-01 17:40:47,374,143,1,phase_1_2_guided_close_range_refine,500,203.898421108251,134,success,80.62244415283203,13.801127433776855,0.40629085898399353,35.76143264770508,48.5619010925293,13.657093048095703,23.839412689208984,28.090426791957647,0.8822055522534171,0.0,0.15755414306438995
2026-04-01 17:40:50,374,144,1,phase_1_2_guided_close_range_refine,500,-100.7838280233764,243,high_altitude,71.2469711303711,82.75675201416016,0.40629085898399353,100.6383285522461,48.5619010925293,-51.20709991455078,-43.796478271484375,139.57216995316423,-0.7612234090608306,0.0,0.45303189909581604
2026-04-01 17:40:54,374,145,1,phase_1_2_guided_close_range_refine,500,-108.95122635311584,250,high_altitude,85.31613159179688,61.38134765625,0.40629085898399353,100.07294464111328,48.5619010925293,-50.379180908203125,-35.180320739746094,131.62458915569405,-0.6642470778215721,0.0,0.6293537600604409
2026-04-01 17:40:58,375,146,1,phase_1_2_guided_close_range_refine,500,-98.078372862084,253,high_altitude,77.66558837890625,109.51575469970703,0.40629085898399353,100.39175415039062,48.5619010925293,-50.78716278076172,-50.223594665527344,106.65532317290588,-0.28661356306825553,0.0,0.47763571326416876
2026-04-01 17:41:02,375,147,1,phase_1_2_guided_close_range_refine,500,-91.8753536106079,242,high_altitude,82.90312194824219,100.32942962646484,0.40629085898399353,100.67144012451172,48.5619010925293,-51.26141357421875,-55.8892822265625,135.0708977052074,-0.7079812124095376,0.0,0.15876687854208682
2026-04-01 17:41:06,375,148,1,phase_1_2_guided_close_range_refine,500,-98.30249248515831,239,high_altitude,78.77784729003906,98.8714599609375,0.40629085898399353,100.53436279296875,48.5619010925293,-51.12077331542969,-53.53914260864258,134.823084781741,-0.704920042679074,0.0,0.3011281177556405
2026-04-01 17:41:09,375,149,1,phase_1_2_guided_close_range_refine,500,-110.26509556591112,248,high_altitude,70.17943572998047,119.6368637084961,0.40629085898399353,100.5676498413086,48.5619010925293,-51.06425476074219,-56.994136810302734,139.5485101778793,-0.7609555561851381,0.0,0.4307199003446628
2026-04-01 17:41:13,375,150,1,phase_1_2_guided_close_range_refine,500,-103.72505670321483,244,high_altitude,73.07217407226562,117.54559326171875,0.40629085898399353,100.42477416992188,48.5619010925293,-50.962684631347656,-56.533958435058594,127.02161539099575,-0.6021162733447244,0.0,0.3495379168884067
2026-04-01 17:41:17,376,151,1,phase_1_2_guided_close_range_refine,500,-93.88932913687552,259,high_altitude,83.39715576171875,51.158138275146484,0.40629085898399353,100.1442642211914,48.5619010925293,-50.40382385253906,-24.849153518676758,102.39403645162662,-0.21463367048205673,0.0,0.5193152404480147
2026-04-01 17:41:21,376,152,1,phase_1_2_guided_close_range_refine,500,-98.21086666306465,254,high_altitude,77.02439880371094,83.9477767944336,0.40629085898399353,100.4073486328125,48.5619010925293,-50.8988037109375,-36.22764587402344,97.74730849510522,-0.13480438358285798,0.0,0.4826293693664959
2026-04-01 17:41:25,376,153,1,phase_1_2_guided_close_range_refine,500,-104.42336353535444,264,high_altitude,87.94194793701172,91.61480712890625,0.40629085898399353,100.12523651123047,48.5619010925293,-50.47051239013672,-47.70841979980469,133.56120733258115,-0.6891290780734519,0.0,0.5208396969914603
2026-04-01 17:41:27,376,154,1,phase_1_2_guided_close_range_refine,500,208.10017716754632,137,success,85.52404022216797,13.79150676727295,0.40629085898399353,35.45802307128906,48.5619010925293,13.51373291015625,26.478191375732422,19.997953776529425,0.9397048348672125,0.0,0.15300274644198902
2026-04-01 17:41:30,376,155,1,phase_1_2_guided_close_range_refine,500,-87.78622703762451,238,high_altitude,86.6220474243164,62.49501037597656,0.40629085898399353,100.3875961303711,48.5619010925293,-50.96726989746094,-43.116172790527344,158.7754653707085,-0.9321688644634649,0.0,0.40474234910457985
2026-04-01 17:41:34,377,156,1,phase_1_2_guided_close_range_refine,500,-102.54642245182039,252,high_altitude,87.29790496826172,52.30158233642578,0.40629085898399353,100.63651275634766,48.5619010925293,-51.08998107910156,-32.28758239746094,123.74043349485665,-0.5554313972788743,0.0,0.39669304352561796
2026-04-01 17:41:38,377,157,1,phase_1_2_guided_close_range_refine,500,-89.76342985819129,265,high_altitude,83.32931518554688,100.5768051147461,0.40629085898399353,100.33507537841797,48.5619010925293,-50.70762634277344,-48.27434158325195,111.59640496189816,-0.36806621290051944,0.0,0.438549427523667
2026-04-01 17:41:42,377,158,1,phase_1_2_guided_close_range_refine,500,-111.9388222942777,257,high_altitude,85.74241638183594,63.10034942626953,0.40629085898399353,100.07638549804688,48.5619010925293,-50.62897491455078,-35.42254638671875,141.13219881997347,-0.7785959254219326,0.0,0.18884461136376215
2026-04-01 17:41:46,377,159,1,phase_1_2_guided_close_range_refine,500,-101.14048699539258,246,high_altitude,73.048828125,101.69084930419922,0.40629085898399353,100.55986022949219,48.5619010925293,-51.16032409667969,-48.81062698364258,120.45856857980054,-0.5069151736117675,0.0,0.3112163228781296
2026-04-01 17:41:49,377,160,1,phase_1_2_guided_close_range_refine,500,-103.51706973607703,239,high_altitude,72.72289276123047,95.35496520996094,0.40629085898399353,100.52088165283203,48.5619010925293,-51.098289489746094,-48.86878204345703,134.20362760515584,-0.6972104916873126,0.0,0.4615184564686083
2026-04-01 17:41:54,378,161,1,phase_1_2_guided_close_range_refine,500,-90.82689353744468,262,high_altitude,70.953857421875,52.970218658447266,0.40629085898399353,100.43206787109375,48.5619010925293,-50.85398864746094,-21.774248123168945,105.68713019767823,-0.27038419892236215,0.0,0.41154042739288055
2026-04-01 17:41:57,378,162,1,phase_1_2_guided_close_range_refine,500,-103.06202815032097,250,high_altitude,71.26553344726562,88.95343017578125,0.40629085898399353,100.02225494384766,48.5619010925293,-50.49853515625,-45.262916564941406,155.82265164910694,-0.9122821062601152,0.0,0.41438263086102745
2026-04-01 17:42:01,378,163,1,phase_1_2_guided_close_range_refine,500,-119.53419127046993,266,high_altitude,71.11894989013672,160.4379119873047,0.40629085898399353,100.47412109375,48.5619010925293,-50.92815399169922,-65.54452514648438,124.71148148915736,-0.5694442612704964,0.0,0.5094609286824864
2026-04-01 17:42:05,378,164,1,phase_1_2_guided_close_range_refine,500,-90.53411234201661,255,high_altitude,83.67164611816406,51.9211540222168,0.40629085898399353,100.46002197265625,48.5619010925293,-50.68560028076172,-21.321897506713867,81.90923362124786,0.14074168077421798,0.0,0.6302804876302277
2026-04-01 17:42:07,378,165,1,phase_1_2_guided_close_range_refine,500,203.1324447566358,141,success,85.45793151855469,13.640331268310547,0.40629085898399353,35.95429992675781,48.5619010925293,13.4598388671875,26.557708740234375,25.897304275885325,0.8995783291611035,0.0,0.2917475779609314
2026-04-01 17:42:11,379,166,1,phase_1_2_guided_close_range_refine,500,-104.02719825936174,259,high_altitude,74.12413787841797,89.91180419921875,0.40629085898399353,100.05355834960938,48.5619010925293,-50.38584899902344,-47.538997650146484,161.40959612601563,-0.9478218172956382,0.0,0.6447023806737645
2026-04-01 17:42:15,379,167,1,phase_1_2_guided_close_range_refine,500,-103.09885414724391,244,high_altitude,71.26126098632812,91.713134765625,0.40629085898399353,100.01852416992188,48.5619010925293,-50.54804992675781,-46.3988037109375,120.70741969202078,-0.5106542628274281,0.0,0.4361714639973299
2026-04-01 17:42:17,379,168,1,phase_1_2_guided_close_range_refine,500,200.0885567296541,147,success,76.45001220703125,13.765388488769531,0.40629085898399353,38.29328536987305,48.5619010925293,11.159561157226562,12.161520957946777,23.430658296763383,0.9175419851501442,0.0,0.2535111768688413
2026-04-01 17:42:19,379,169,1,phase_1_2_guided_close_range_refine,500,199.37872432353262,142,success,79.7840347290039,10.918746948242188,0.40629085898399353,38.85235595703125,48.5619010925293,10.592803955078125,24.51505470275879,36.65005742585806,0.8022962669285761,0.0,0.24802877823775732
2026-04-01 17:42:21,379,170,1,phase_1_2_guided_close_range_refine,500,205.07708976340786,138,success,79.37291717529297,13.807839393615723,0.40629085898399353,36.45423889160156,48.5619010925293,12.954971313476562,16.664609909057617,24.717629860933865,0.9083795571896717,0.0,0.13694061268164176
2026-04-01 17:42:25,379,171,1,phase_1_2_guided_close_range_refine,500,-105.794235073062,262,high_altitude,70.40482330322266,86.70443725585938,0.40629085898399353,100.40667724609375,48.5619010925293,-50.590492248535156,-42.885833740234375,131.2770554703455,-0.6597007656252742,0.0,0.6300109457431974
2026-04-01 17:42:29,380,172,1,phase_1_2_guided_close_range_refine,500,-94.53525359771483,261,high_altitude,75.91104888916016,64.95665740966797,0.40629085898399353,100.01826477050781,48.5619010925293,-50.199676513671875,-17.697776794433594,55.52796604643753,0.5660039138161198,0.0,0.7921968921963964
2026-04-01 17:42:33,380,173,1,phase_1_2_guided_close_range_refine,500,-102.59547472639473,269,high_altitude,82.05337524414062,59.66897201538086,0.40629085898399353,100.34506225585938,48.5619010925293,-50.81758117675781,-30.4893856048584,130.0409005135999,-0.6433342856390566,0.0,0.13046293097982584
2026-04-01 17:42:37,380,174,1,phase_1_2_guided_close_range_refine,500,-97.23125855134371,248,high_altitude,75.81005096435547,63.15810012817383,0.40629085898399353,100.53073120117188,48.5619010925293,-50.85192108154297,-33.157554626464844,122.56376948578186,-0.5382379594931784,0.0,0.6839373567577686
2026-04-01 17:42:41,380,175,1,phase_1_2_guided_close_range_refine,500,-99.75408943656846,257,high_altitude,83.35792541503906,89.01982879638672,0.40629085898399353,100.1690673828125,48.5619010925293,-50.45063781738281,-37.896522521972656,91.36616328188578,-0.023841788076114038,0.0,0.5806562830712182
2026-04-01 17:42:44,380,176,1,phase_1_2_guided_close_range_refine,500,-97.39565009582721,247,high_altitude,72.35802459716797,74.69393157958984,0.40629085898399353,100.14402770996094,48.5619010925293,-50.49304962158203,-34.01491165161133,94.4489759939602,-0.07757127305908253,0.0,0.6699750032068619
2026-04-01 17:42:47,381,177,1,phase_1_2_guided_close_range_refine,500,199.50371511473747,166,success,84.45523071289062,4.869143009185791,0.40629085898399353,44.60782241821289,48.5619010925293,4.864307403564453,23.64153289794922,36.69455952339528,0.8018323876645802,0.0,0.3872817235597933
2026-04-01 17:42:49,381,178,1,phase_1_2_guided_close_range_refine,500,200.1921775087041,139,success,72.92107391357422,13.712254524230957,0.40629085898399353,37.39237594604492,48.5619010925293,12.08453369140625,14.69284439086914,10.267724341537203,0.9839856040618365,0.0,0.42425357773189576
2026-04-01 17:42:53,381,179,1,phase_1_2_guided_close_range_refine,500,-104.15165026020927,246,high_altitude,77.8482666015625,84.68489837646484,0.40629085898399353,100.01815032958984,48.5619010925293,-50.53523254394531,-46.36013412475586,159.97378107945224,-0.9395360117665621,0.0,0.31547728346031706
2026-04-01 17:42:59,381,180,1,phase_1_2_guided_close_range_refine,500,-162.00155065140345,409,collision,70.901123046875,156.3541259765625,0.40629085898399353,0.13786543905735016,48.5619010925293,49.67466735839844,-30.880029678344727,38.09652756752668,0.7869724162096127,1.0,0.9236544365442169
2026-04-01 17:43:01,381,181,1,phase_1_2_guided_close_range_refine,500,203.026450728663,136,success,77.98429870605469,13.69974136352539,0.40629085898399353,35.95268249511719,48.5619010925293,13.465423583984375,21.16449546813965,9.34691324235558,0.9867230659384639,0.0,0.24786067328287542
2026-04-01 17:43:06,382,182,1,phase_1_2_guided_close_range_refine,500,-99.41216363753252,252,high_altitude,73.21315002441406,72.38675689697266,0.40629085898399353,100.19564819335938,48.5619010925293,-50.79615783691406,-37.45405578613281,132.60402462229555,-0.6769276736143365,0.0,0.442202464958381
2026-04-01 17:43:09,382,183,1,phase_1_2_guided_close_range_refine,500,-96.07465626699492,242,high_altitude,75.56376647949219,102.2427749633789,0.40629085898399353,100.0341567993164,48.5619010925293,-50.54033660888672,-47.63151550292969,101.48309412202202,-0.19907878599059117,0.0,0.6359061082707063
2026-04-01 17:43:13,382,184,1,phase_1_2_guided_close_range_refine,500,-103.28105623595692,261,high_altitude,78.0880126953125,79.94861602783203,0.40629085898399353,100.14949035644531,48.5619010925293,-50.68103790283203,-37.271018981933594,116.71988695267564,-0.44962905432291317,0.0,0.2907603681099347
2026-04-01 17:43:15,382,185,1,phase_1_2_guided_close_range_refine,500,204.46717851491158,156,success,87.37162780761719,6.864746570587158,0.40629085898399353,42.83869171142578,48.5619010925293,6.597064971923828,27.53631019592285,35.679101639111146,0.8122963167268883,0.0,0.3251079401200845
2026-04-01 17:43:19,382,186,1,phase_1_2_guided_close_range_refine,500,-101.82183802419571,249,high_altitude,77.81400299072266,117.84111785888672,0.40629085898399353,100.60066223144531,48.5619010925293,-51.18724060058594,-58.33009338378906,133.28668836946,-0.6856492496778437,0.0,0.3297586230371172
2026-04-01 17:43:23,383,187,1,phase_1_2_guided_close_range_refine,500,-85.38258228616303,241,high_altitude,82.78643798828125,85.4273452758789,0.40629085898399353,100.59689331054688,48.5619010925293,-51.18537139892578,-49.34787368774414,129.16916346983115,-0.6316121368143575,0.0,0.32541130890640035
2026-04-01 17:43:25,383,188,1,phase_1_2_guided_close_range_refine,500,197.353098834758,155,success,82.00958251953125,11.248424530029297,0.40629085898399353,38.25211715698242,48.5619010925293,11.230785369873047,20.01156234741211,36.834896005176944,0.8003663870246212,0.0,0.45004021963285723
2026-04-01 17:43:29,383,189,1,phase_1_2_guided_close_range_refine,500,-98.85243190603794,239,high_altitude,88.34976959228516,54.21012878417969,0.40629085898399353,100.47400665283203,48.5619010925293,-50.952171325683594,-34.886688232421875,115.48690120370493,-0.4303047391082631,0.0,0.5411521174179784
2026-04-01 17:43:32,383,190,1,phase_1_2_guided_close_range_refine,500,-90.54493488964029,240,high_altitude,80.9498291015625,90.10005950927734,0.40629085898399353,100.63188171386719,48.5619010925293,-51.189842224121094,-52.04930877685547,132.67691640111792,-0.6778635289155381,0.0,0.40028719252505557
2026-04-01 17:43:34,383,191,1,phase_1_2_guided_close_range_refine,500,200.67506687068487,135,success,73.637451171875,13.907575607299805,0.40629085898399353,36.21596908569336,48.5619010925293,13.216678619384766,18.963132858276367,7.7655391806163925,0.9908292880432938,0.0,0.23717670347251385
2026-04-01 17:43:38,383,192,1,phase_1_2_guided_close_range_refine,500,-89.12474165921323,237,high_altitude,80.00402069091797,91.75479888916016,0.40629085898399353,100.48721313476562,48.5619010925293,-51.044517517089844,-49.59934616088867,116.29108767658224,-0.44293173754927667,0.0,0.45330658031074395
2026-04-01 17:43:42,384,193,1,phase_1_2_guided_close_range_refine,500,-106.28139157680579,255,high_altitude,73.53799438476562,101.18336486816406,0.40629085898399353,100.4217529296875,48.5619010925293,-50.94371795654297,-50.83052062988281,156.2955329661036,-0.9156312529196352,0.0,0.3196549893915602
2026-04-01 17:43:46,384,194,1,phase_1_2_guided_close_range_refine,500,-92.21847435609762,248,high_altitude,72.53832244873047,64.80094146728516,0.40629085898399353,100.44202423095703,48.5619010925293,-50.85076904296875,-32.04502868652344,124.85636346183166,-0.571521078866838,0.0,0.549749684093175
2026-04-01 17:43:48,384,195,1,phase_1_2_guided_close_range_refine,500,203.22035729185893,141,success,78.63262939453125,13.884943008422852,0.40629085898399353,36.714359283447266,48.5619010925293,12.719371795654297,14.277308464050293,25.535469881962022,0.9023185965323969,0.0,0.24187032703565284
2026-04-01 17:43:51,384,196,1,phase_1_2_guided_close_range_refine,500,-95.46592473041127,244,high_altitude,76.4240493774414,68.41828918457031,0.40629085898399353,100.42710876464844,48.5619010925293,-50.905853271484375,-39.82675552368164,149.59131980514258,-0.8624369962164354,0.0,0.37760629581635324
2026-04-01 17:43:53,384,197,1,phase_1_2_guided_close_range_refine,500,209.31855572210017,136,success,88.66423797607422,13.553519248962402,0.40629085898399353,37.42290115356445,48.5619010925293,11.977252960205078,30.383220672607422,26.821534738520185,0.8924162921443073,0.0,0.03210915404659244
2026-04-01 17:43:55,384,198,1,phase_1_2_guided_close_range_refine,500,203.31322292832044,136,success,77.73975372314453,13.603974342346191,0.40629085898399353,36.059696197509766,48.5619010925293,13.358589172363281,21.728178024291992,10.06569759117198,0.9846079938315193,0.0,0.22019091774954314
2026-04-01 17:44:00,385,199,1,phase_1_2_guided_close_range_refine,500,-126.61119007362133,277,high_altitude,70.81906127929688,177.81932067871094,0.40629085898399353,100.29435729980469,48.5619010925293,-50.52356719970703,-70.24329376220703,123.75820564707702,-0.555689306706739,0.0,0.6115425584471941
2026-04-01 17:44:02,385,200,1,phase_1_2_guided_close_range_refine,500,206.1016655683305,136,success,79.82964324951172,13.678959846496582,0.40629085898399353,36.56092834472656,48.5619010925293,12.861015319824219,16.41082763671875,31.591660307681636,0.851803193935785,0.0,0.3004837093059665
2026-04-01 17:44:06,385,201,1,phase_1_2_guided_close_range_refine,500,-114.47728312184975,258,high_altitude,82.79492950439453,98.14473724365234,0.40629085898399353,100.42880249023438,48.5619010925293,-50.7352294921875,-52.797279357910156,160.20010622778977,-0.9408813969810754,0.0,0.456337547515047
2026-04-01 17:44:09,385,202,1,phase_1_2_guided_close_range_refine,500,-95.51804686959264,248,high_altitude,79.01416778564453,66.0258560180664,0.40629085898399353,100.08381652832031,48.5619010925293,-50.53821563720703,-37.93102264404297,140.06137542227722,-0.7667325596218952,0.0,0.2672509788732127
2026-04-01 17:44:13,385,203,1,phase_1_2_guided_close_range_refine,500,-115.09152600688172,255,high_altitude,71.61719512939453,139.99969482421875,0.40629085898399353,100.31948852539062,48.5619010925293,-50.76667022705078,-63.36846923828125,142.90011132436123,-0.7975851008427529,0.0,0.3081695191954336
2026-04-01 17:44:18,386,204,1,phase_1_2_guided_close_range_refine,500,-108.27872017206231,243,high_altitude,72.7962875366211,114.88350677490234,0.40629085898399353,100.35375213623047,48.5619010925293,-50.777137756347656,-59.25749206542969,150.53239692936526,-0.870633989365063,0.0,0.49901207334181535
2026-04-01 17:44:21,386,205,1,phase_1_2_guided_close_range_refine,500,-88.9904909831763,246,high_altitude,84.98777770996094,58.764129638671875,0.40629085898399353,100.4398422241211,48.5619010925293,-50.981201171875,-35.72752380371094,134.82070787590982,-0.7048906174291355,0.0,0.12841403034371976
2026-04-01 17:44:25,386,206,1,phase_1_2_guided_close_range_refine,500,-94.82089985081392,239,high_altitude,73.84651184082031,94.00757598876953,0.40629085898399353,100.36598205566406,48.5619010925293,-50.885826110839844,-47.697811126708984,111.59555118825192,-0.3680523577662052,0.0,0.481669073348259
2026-04-01 17:44:27,386,207,1,phase_1_2_guided_close_range_refine,500,197.13498731523006,134,success,74.99165344238281,13.697372436523438,0.40629085898399353,36.03788757324219,48.5619010925293,13.439552307128906,22.579010009765625,34.29093740729233,0.8261874182497093,0.0,0.445646750754108
2026-04-01 17:44:30,386,208,1,phase_1_2_guided_close_range_refine,500,-84.48081533484395,239,high_altitude,77.25943756103516,71.0526123046875,0.40629085898399353,100.48152160644531,48.5619010925293,-51.020835876464844,-37.363494873046875,104.99961018601392,-0.25881247338392277,0.0,0.4366207749755764
2026-04-01 17:44:34,386,209,1,phase_1_2_guided_close_range_refine,500,-91.84118039715315,256,high_altitude,72.81510925292969,67.4843978881836,0.40629085898399353,100.2412338256836,48.5619010925293,-50.487571716308594,-21.39582061767578,67.66433452224184,0.3800320105361854,0.0,0.7018754167790814
2026-04-01 17:44:36,387,210,1,phase_1_2_guided_close_range_refine,500,206.97116472597278,136,success,82.33507537841797,13.572318077087402,0.40629085898399353,35.985748291015625,48.5619010925293,13.442642211914062,22.995216369628906,16.63653764821018,0.9581401955015789,0.0,0.266154607228656
2026-04-01 17:44:40,387,211,1,phase_1_2_guided_close_range_refine,500,-93.4966894902747,253,high_altitude,86.06220245361328,63.622982025146484,0.40629085898399353,100.07831573486328,48.5619010925293,-50.64459991455078,-37.9698486328125,141.8624689856529,-0.7865306701233983,0.0,0.16953838375747343
2026-04-01 17:44:43,387,212,1,phase_1_2_guided_close_range_refine,500,-96.25449989096569,233,high_altitude,72.4417495727539,91.30071258544922,0.40629085898399353,100.2267074584961,48.5619010925293,-50.81610107421875,-47.45698547363281,121.25681278809994,-0.5188749082878298,0.0,0.2928949153715791
2026-04-01 17:44:46,387,213,1,phase_1_2_guided_close_range_refine,500,211.72068144128147,142,success,86.81724548339844,13.653810501098633,0.40629085898399353,35.955955505371094,48.5619010925293,13.446189880371094,19.807973861694336,15.970189515425611,0.9614049774888269,0.0,0.025103722822039192
2026-04-01 17:44:48,387,214,1,phase_1_2_guided_close_range_refine,500,205.2285278021144,151,success,84.32001495361328,6.515083312988281,0.40629085898399353,43.063533782958984,48.5619010925293,6.391376495361328,25.404937744140625,36.86803608302985,0.8000194938179501,0.0,0.40045580832242655
2026-04-01 17:44:55,388,215,1,phase_1_2_guided_close_range_refine,500,-154.45085845265208,455,low_agl,79.47716522216797,169.48464965820312,0.40629085898399353,0.21425215899944305,48.5619010925293,49.68141174316406,-17.43425941467285,37.6221914202368,0.7920532665680688,0.0,0.6434745122805426
2026-04-01 17:44:58,388,216,1,phase_1_2_guided_close_range_refine,500,-89.4264800944389,248,high_altitude,89.28971862792969,56.5865592956543,0.40629085898399353,100.64720916748047,48.5619010925293,-51.14356994628906,-36.370269775390625,129.69153633755374,-0.6386541557859028,0.0,0.3445383340215619
2026-04-01 17:45:02,388,217,1,phase_1_2_guided_close_range_refine,500,-88.32453185378358,243,high_altitude,87.54612731933594,84.10028839111328,0.40629085898399353,100.70208740234375,48.5619010925293,-51.281761169433594,-50.41700744628906,147.24114733438955,-0.8409554179542388,0.0,0.2658142138127967
2026-04-01 17:45:06,388,218,1,phase_1_2_guided_close_range_refine,500,-89.84105619537921,242,high_altitude,84.98365783691406,58.527854919433594,0.40629085898399353,100.0764389038086,48.5619010925293,-50.55278015136719,-34.05470657348633,109.4761571491753,-0.33341456304737643,0.0,0.37048818480216256
2026-04-01 17:45:08,388,219,1,phase_1_2_guided_close_range_refine,500,205.01348911321617,140,success,83.58684539794922,13.745563507080078,0.40629085898399353,35.8592529296875,48.5619010925293,13.558181762695312,21.375009536743164,27.51565612801732,0.8868846268029617,0.0,0.22197651939572294
2026-04-01 17:45:12,389,220,1,phase_1_2_guided_close_range_refine,500,-102.97931626159672,254,high_altitude,82.70903778076172,98.5565185546875,0.40629085898399353,100.36234283447266,48.5619010925293,-50.72785949707031,-48.047210693359375,111.09620971841062,-0.35993508975673144,0.0,0.5778431112395347
2026-04-01 17:45:16,389,221,1,phase_1_2_guided_close_range_refine,500,-110.71930283420335,249,high_altitude,84.39820098876953,74.95140075683594,0.40629085898399353,100.34684753417969,48.5619010925293,-50.84008026123047,-42.681495666503906,137.97024470598612,-0.7427972271199458,0.0,0.1939846044690562
2026-04-01 17:45:20,389,222,1,phase_1_2_guided_close_range_refine,500,-99.14775101537717,250,high_altitude,72.96327209472656,85.76981353759766,0.40629085898399353,100.28129577636719,48.5619010925293,-50.78746032714844,-44.78013610839844,148.2980098254223,-0.850792856600933,0.0,0.19329387295839007
2026-04-01 17:45:23,389,223,1,phase_1_2_guided_close_range_refine,500,-90.36967892339625,233,high_altitude,88.5440902709961,66.79903411865234,0.40629085898399353,100.03273010253906,48.5619010925293,-50.58021545410156,-43.197086334228516,125.81245334185006,-0.5851339473642979,0.0,0.21231697395619306
2026-04-01 17:45:25,389,224,1,phase_1_2_guided_close_range_refine,500,204.38467033223662,137,success,75.37521362304688,13.748964309692383,0.40629085898399353,38.068031311035156,48.5619010925293,11.367202758789062,13.862256050109863,14.978611680027132,0.9660223752566168,0.0,0.3153880377916082
2026-04-01 17:45:29,389,225,1,phase_1_2_guided_close_range_refine,500,-89.68448988767459,240,high_altitude,78.689208984375,88.8797378540039,0.40629085898399353,100.1375732421875,48.5619010925293,-50.602806091308594,-49.142120361328125,120.3772620079207,-0.5056914332939555,0.0,0.4871252460468757
2026-04-01 17:45:33,390,226,1,phase_1_2_guided_close_range_refine,500,-89.88237618076447,248,high_altitude,86.767578125,53.98837661743164,0.40629085898399353,100.54602813720703,48.5619010925293,-51.12054443359375,-35.38654327392578,138.73114143990387,-0.7516227470608744,0.0,0.11847456584952659
2026-04-01 17:45:36,390,227,1,phase_1_2_guided_close_range_refine,500,-97.9508826592306,248,high_altitude,84.98776245117188,56.563594818115234,0.40629085898399353,100.54562377929688,48.5619010925293,-50.92640686035156,-29.161191940307617,105.86411405945161,-0.2733567996609164,0.0,0.39731290780492956
2026-04-01 17:45:38,390,228,1,phase_1_2_guided_close_range_refine,500,206.04789812238516,147,success,81.07928466796875,13.897735595703125,0.40629085898399353,38.69345474243164,48.5619010925293,10.716133117675781,8.712053298950195,26.21093119464668,0.8971741205019172,0.0,0.18240906975920898
2026-04-01 17:45:42,390,229,1,phase_1_2_guided_close_range_refine,500,-102.32584094937886,270,high_altitude,80.74188995361328,56.81278991699219,0.40629085898399353,100.01373291015625,48.5619010925293,-50.12724304199219,-24.24557876586914,101.3715366423082,-0.19717033757358318,0.0,0.6500997179943608
2026-04-01 17:45:49,391,230,1,phase_1_2_guided_close_range_refine,500,-163.55037159261943,449,low_agl,81.84532165527344,275.8966369628906,0.40629085898399353,0.25628170371055603,48.5619010925293,49.58318328857422,-43.66463088989258,52.65959053845024,0.6065492795719964,0.0,0.7274735583208617
2026-04-01 17:45:53,391,231,1,phase_1_2_guided_close_range_refine,500,-93.48189575405888,271,high_altitude,70.60503387451172,63.44883346557617,0.40629085898399353,100.12921142578125,48.5619010925293,-50.402191162109375,-20.6317081451416,78.56969458884016,0.1981758067600074,0.0,0.5909787161429242
2026-04-01 17:45:56,391,232,1,phase_1_2_guided_close_range_refine,500,209.25880719789848,149,success,86.63629150390625,13.85859203338623,0.40629085898399353,36.28315353393555,48.5619010925293,13.150699615478516,12.082085609436035,36.442733863791496,0.8044509740469671,0.0,0.2656651032653183
2026-04-01 17:45:59,391,233,1,phase_1_2_guided_close_range_refine,500,-92.60228897314403,253,high_altitude,84.6590347290039,123.54853820800781,0.40629085898399353,100.49777221679688,48.5619010925293,-50.90852355957031,-64.15377807617188,145.39683233394604,-0.8231049733523405,0.0,0.1490259130956688
2026-04-01 17:46:01,391,234,1,phase_1_2_guided_close_range_refine,500,197.9059179204049,140,success,71.68011474609375,13.831771850585938,0.40629085898399353,37.968624114990234,48.5619010925293,11.515922546386719,11.598237991333008,32.13197949744842,0.8468251906449559,0.0,0.23135561757254605
2026-04-01 17:46:03,391,235,1,phase_1_2_guided_close_range_refine,500,196.22308512579076,137,success,72.38482666015625,13.890233039855957,0.40629085898399353,37.07398223876953,48.5619010925293,12.425491333007812,18.247817993164062,29.099139864436395,0.8737795238998357,0.0,0.5055921069954395
2026-04-01 17:46:05,391,236,1,phase_1_2_guided_close_range_refine,500,212.1791686819268,131,success,88.27545166015625,13.932018280029297,0.40629085898399353,36.049503326416016,48.5619010925293,13.381782531738281,33.10399627685547,10.05778054815029,0.9846321348888354,0.0,0.29171702245867304
2026-04-01 17:46:10,392,237,1,phase_1_2_guided_close_range_refine,500,-115.23278724847519,254,high_altitude,88.9217529296875,61.697635650634766,0.40629085898399353,100.47543334960938,48.5619010925293,-50.71886444091797,-33.726951599121094,124.17513405439294,-0.5617243780618912,0.0,0.7412009118435009
2026-04-01 17:46:12,392,238,1,phase_1_2_guided_close_range_refine,500,197.41551453121258,140,success,70.13299560546875,13.72301197052002,0.40629085898399353,37.96263122558594,48.5619010925293,11.53219223022461,13.947274208068848,24.57325502980543,0.9094303247732116,0.0,0.35089063860578473
2026-04-01 17:46:15,392,239,1,phase_1_2_guided_close_range_refine,500,-95.79949911440505,257,high_altitude,70.79803466796875,67.81990051269531,0.40629085898399353,100.48246002197266,48.5619010925293,-50.830238342285156,-33.19710159301758,131.48581337213776,-0.6624345839484513,0.0,0.5008890657673944
2026-04-01 17:46:19,392,240,1,phase_1_2_guided_close_range_refine,500,-96.06897789863416,248,high_altitude,82.39096069335938,55.471534729003906,0.40629085898399353,100.59356689453125,48.5619010925293,-51.02989196777344,-27.974061965942383,106.54692807077778,-0.2848005700288652,0.0,0.45046090842026576
2026-04-01 17:46:24,392,241,1,phase_1_2_guided_close_range_refine,500,-111.23239040214716,255,high_altitude,83.11797332763672,56.2900390625,0.40629085898399353,100.35385131835938,48.5619010925293,-50.55914306640625,-26.066247940063477,96.55746905112147,-0.11419973323234602,0.0,0.6294696133338912
2026-04-01 17:46:27,393,242,1,phase_1_2_guided_close_range_refine,500,202.40809290093273,142,success,81.02235412597656,13.7440767288208,0.40629085898399353,35.970523834228516,48.5619010925293,13.487613677978516,17.85622787475586,28.59581980940357,0.8780178975345532,0.0,0.40624923457431517
2026-04-01 17:46:31,393,243,1,phase_1_2_guided_close_range_refine,500,-106.42854888022225,254,high_altitude,75.47251892089844,109.03826141357422,0.40629085898399353,100.24390411376953,48.5619010925293,-50.576332092285156,-45.575077056884766,94.8472101735178,-0.08449889801279618,0.0,0.6346354229227226
2026-04-01 17:46:33,393,244,1,phase_1_2_guided_close_range_refine,500,200.9735251934522,138,success,75.62187957763672,13.659951210021973,0.40629085898399353,37.27134704589844,48.5619010925293,12.190231323242188,16.749568939208984,16.752577439566817,0.9575583953825152,0.0,0.4254152922850419
2026-04-01 17:46:39,393,245,1,phase_1_2_guided_close_range_refine,500,-194.79674184622613,457,collision,81.18696594238281,233.8793182373047,0.40629085898399353,0.14623871445655823,48.5619010925293,49.68539047241211,-24.897809982299805,23.499168509233197,0.9170658610353607,1.0,0.7652916263104402
2026-04-01 17:46:41,393,246,1,phase_1_2_guided_close_range_refine,500,199.2787022126599,134,success,73.27474975585938,13.764429092407227,0.40629085898399353,36.54288864135742,48.5619010925293,12.92757797241211,18.57769012451172,27.67223138455069,0.8856188092099945,0.0,0.4531614479794046
2026-04-01 17:46:45,394,247,1,phase_1_2_guided_close_range_refine,500,-107.79875101143595,247,high_altitude,74.4083251953125,112.11444091796875,0.40629085898399353,100.36589813232422,48.5619010925293,-50.786285400390625,-51.70033645629883,115.61259034481151,-0.4322839097269575,0.0,0.42410696167882744
2026-04-01 17:46:48,394,248,1,phase_1_2_guided_close_range_refine,500,213.01377391412532,143,success,86.96190643310547,13.830491065979004,0.40629085898399353,36.15084457397461,48.5619010925293,13.254402160644531,14.992393493652344,24.771608845944478,0.9079852136023253,0.0,0.19404407164735332
2026-04-01 17:46:51,394,249,1,phase_1_2_guided_close_range_refine,500,-106.18482963515218,248,high_altitude,69.98302459716797,117.22391510009766,0.40629085898399353,100.44271087646484,48.5619010925293,-50.808860778808594,-51.08379364013672,107.88085035530293,-0.30703855461732754,0.0,0.48073692316160155
2026-04-01 17:46:56,394,250,1,phase_1_2_guided_close_range_refine,500,-115.0445991628767,304,high_altitude,88.18214416503906,59.04417037963867,0.40629085898399353,100.21492767333984,48.5619010925293,-50.55860900878906,-28.782451629638672,137.09066660505022,-0.7324320006789312,0.0,0.1963828245006513
2026-04-01 17:47:01,394,251,1,phase_1_2_guided_close_range_refine,500,-174.57510559056,388,low_agl,85.57658386230469,162.23570251464844,0.40629085898399353,0.2331801801919937,48.5619010925293,49.67863464355469,-27.572284698486328,44.524770350167934,0.7129473624948318,0.0,0.7417154155099859
2026-04-01 17:47:06,395,252,1,phase_1_2_guided_close_range_refine,500,-95.57532267211757,249,high_altitude,72.09149932861328,66.30705261230469,0.40629085898399353,100.22399139404297,48.5619010925293,-50.65177917480469,-33.716426849365234,130.41848703129654,-0.6483655849403209,0.0,0.40345216055295835
2026-04-01 17:47:09,395,253,1,phase_1_2_guided_close_range_refine,500,-100.81298677006241,250,high_altitude,88.24378204345703,102.13943481445312,0.40629085898399353,100.13077545166016,48.5619010925293,-50.4835205078125,-52.30593490600586,117.2702772563736,-0.45818851394733007,0.0,0.5051608462047097
2026-04-01 17:47:13,395,254,1,phase_1_2_guided_close_range_refine,500,-96.63260771886762,253,high_altitude,80.76342010498047,63.1314582824707,0.40629085898399353,100.01762390136719,48.5619010925293,-50.326942443847656,-24.57673454284668,81.29493323748609,0.15134823383893248,0.0,0.6154435257528632
2026-04-01 17:47:17,395,255,1,phase_1_2_guided_close_range_refine,500,-101.1805805119032,250,high_altitude,72.18344116210938,80.90966033935547,0.40629085898399353,100.61064910888672,48.5619010925293,-51.111427307128906,-42.54759979248047,151.72298086396853,-0.8806674355461009,0.0,0.3684255564092546
2026-04-01 17:47:19,395,256,1,phase_1_2_guided_close_range_refine,500,202.6710895106602,131,success,77.70926666259766,13.988879203796387,0.40629085898399353,35.53672790527344,48.5619010925293,13.906051635742188,24.35386085510254,22.485337917518816,0.9239774315679815,0.0,0.4259471143394761
2026-04-01 17:47:26,396,257,1,phase_1_2_guided_close_range_refine,500,-189.40012138985264,500,timeout,87.4837417602539,437.4750671386719,0.40629085898399353,30.05337905883789,48.5619010925293,19.68433952331543,-114.41484832763672,136.98018146503608,-0.7311177555341458,0.0,0.31758503214809336
2026-04-01 17:47:29,396,258,1,phase_1_2_guided_close_range_refine,500,199.41801973771481,160,success,83.1065673828125,13.986141204833984,0.40629085898399353,38.26406478881836,48.5619010925293,11.215560913085938,10.762823104858398,26.200962533553046,0.8972509525232731,0.0,0.4778423994835662
2026-04-01 17:47:33,396,259,1,phase_1_2_guided_close_range_refine,500,-113.33447699416473,255,high_altitude,71.78028106689453,122.30546569824219,0.40629085898399353,100.47836303710938,48.5619010925293,-50.89801788330078,-55.87242889404297,131.73428199376445,-0.6656769743107074,0.0,0.5529996065004265
2026-04-01 17:47:37,396,260,1,phase_1_2_guided_close_range_refine,500,-106.48837523672712,262,high_altitude,70.75230407714844,96.23843383789062,0.40629085898399353,100.14916229248047,48.5619010925293,-50.718482971191406,-41.55139923095703,116.12777785352723,-0.44037449537798457,0.0,0.3075436153913538
2026-04-01 17:47:42,397,261,1,phase_1_2_guided_close_range_refine,500,-115.18970079605344,314,high_altitude,88.65821075439453,89.23190307617188,0.40629085898399353,100.10482025146484,48.5619010925293,-50.32892608642578,-36.45274353027344,131.06837953082325,-0.6569592681626554,0.0,0.41963762472326593
2026-04-01 17:47:45,397,262,1,phase_1_2_guided_close_range_refine,500,-95.56541110809567,255,high_altitude,70.87394714355469,65.66649627685547,0.40629085898399353,100.18399810791016,48.5619010925293,-50.47828674316406,-31.232030868530273,125.52372758525527,-0.5810400510770787,0.0,0.5629298582471767
2026-04-01 17:47:49,397,263,1,phase_1_2_guided_close_range_refine,500,-110.72643733767359,249,high_altitude,89.43222045898438,68.36003112792969,0.40629085898399353,100.49266052246094,48.5619010925293,-50.779884338378906,-38.76924514770508,134.90597595750828,-0.7059454467794599,0.0,0.6848649104232016
2026-04-01 17:47:53,397,264,1,phase_1_2_guided_close_range_refine,500,-87.5675153153855,265,high_altitude,86.86310577392578,82.74641418457031,0.40629085898399353,100.26655578613281,48.5619010925293,-50.6885986328125,-38.24369812011719,101.82357905214715,-0.20489886986053368,0.0,0.40539208557284595
2026-04-01 17:47:57,398,265,1,phase_1_2_guided_close_range_refine,500,-92.77253828618629,258,high_altitude,75.2569808959961,65.97892761230469,0.40629085898399353,100.27191925048828,48.5619010925293,-50.75487518310547,-32.419700622558594,120.78920437714251,-0.5118810112769093,0.0,0.515849622010712
2026-04-01 17:47:59,398,266,1,phase_1_2_guided_close_range_refine,500,198.37747653705574,137,success,72.76667785644531,13.892425537109375,0.40629085898399353,37.180389404296875,48.5619010925293,12.313423156738281,15.593173027038574,28.816451995067908,0.8761683124557601,0.0,0.47959117237522436
2026-04-01 17:48:03,398,267,1,phase_1_2_guided_close_range_refine,500,-99.99719779384681,246,high_altitude,75.13058471679688,106.67530059814453,0.40629085898399353,100.42254638671875,48.5619010925293,-50.898536682128906,-49.76823043823242,108.26588177919488,-0.313427040921691,0.0,0.6241801904263239
2026-04-01 17:48:07,398,268,1,phase_1_2_guided_close_range_refine,500,-89.47279249529953,251,high_altitude,75.52726745605469,73.33353424072266,0.40629085898399353,100.26700592041016,48.5619010925293,-50.7520751953125,-31.89421844482422,89.26667924423975,0.01279851223200274,0.0,0.601136767804094
2026-04-01 17:48:11,398,269,1,phase_1_2_guided_close_range_refine,500,-88.21638019924612,275,high_altitude,80.5036849975586,57.19772720336914,0.40629085898399353,100.016357421875,48.5619010925293,-50.00959777832031,-18.20792579650879,67.35127963182347,0.38508021774750584,0.0,0.7926459413977669
2026-04-01 17:48:15,399,270,1,phase_1_2_guided_close_range_refine,500,-90.770982154802,244,high_altitude,78.25277709960938,75.65226745605469,0.40629085898399353,100.22799682617188,48.5619010925293,-50.79949951171875,-42.93878173828125,139.52317017605856,-0.7606685375183408,0.0,0.1579530532562958
2026-04-01 17:48:22,399,271,1,phase_1_2_guided_close_range_refine,500,-162.30226353212413,448,low_agl,85.5604248046875,356.396240234375,0.40629085898399353,0.16691313683986664,48.5619010925293,49.687721252441406,-47.3663444519043,25.878061925446108,0.8997249607606426,0.0,0.742858867675502
2026-04-01 17:48:25,399,272,1,phase_1_2_guided_close_range_refine,500,-97.7852694811404,250,high_altitude,85.62080383300781,60.927528381347656,0.40629085898399353,100.32476043701172,48.5619010925293,-50.8907470703125,-36.52342224121094,138.443576815468,-0.7483028291629357,0.0,0.16187852261715902
2026-04-01 17:48:29,399,273,1,phase_1_2_guided_close_range_refine,500,-113.13860231326066,258,high_altitude,86.26750183105469,70.20471954345703,0.40629085898399353,100.43508911132812,48.5619010925293,-50.920616149902344,-32.93737030029297,108.65298275040536,-0.3198355964656696,0.0,0.4197479105050911
2026-04-01 17:48:33,400,274,1,phase_1_2_guided_close_range_refine,500,-111.39412253253562,264,high_altitude,75.37408447265625,134.5081329345703,0.40629085898399353,100.43165588378906,48.5619010925293,-50.75702667236328,-64.24238586425781,160.77748943908762,-0.9442470911073183,0.0,0.5187633323602573
2026-04-01 17:48:38,400,275,1,phase_1_2_guided_close_range_refine,500,-93.33516912225926,273,high_altitude,71.64567565917969,59.73189926147461,0.40629085898399353,100.22859191894531,48.5619010925293,-50.30487060546875,-13.655800819396973,54.0030306915838,0.5877424580739522,0.0,0.8718239934402772
2026-04-01 17:48:41,400,276,1,phase_1_2_guided_close_range_refine,500,-111.53593703681474,257,high_altitude,71.08821105957031,102.12957763671875,0.40629085898399353,100.31109619140625,48.5619010925293,-50.650726318359375,-52.065216064453125,166.8658517633453,-0.9738407103120059,0.0,0.5804455215123658
2026-04-01 17:48:45,400,277,1,phase_1_2_guided_close_range_refine,500,-104.32610676192215,257,high_altitude,80.91458892822266,116.71163177490234,0.40629085898399353,100.1819839477539,48.5619010925293,-50.442962646484375,-61.346290588378906,150.7513181526425,-0.8725072481128286,0.0,0.705411888669285
2026-04-01 17:48:47,400,278,1,phase_1_2_guided_close_range_refine,500,197.78216633491206,136,success,78.99910736083984,13.521040916442871,0.40629085898399353,36.28999328613281,48.5619010925293,13.175701141357422,26.44659423828125,36.85314627063922,0.800175385797134,0.0,0.38521936040437454
2026-04-01 17:48:49,400,279,1,phase_1_2_guided_close_range_refine,500,202.9242663155663,148,success,82.44940185546875,13.968042373657227,0.40629085898399353,36.29257583618164,48.5619010925293,13.124649047851562,17.197324752807617,13.246498758400348,0.9733932626649503,0.0,0.17923639256862875
2026-04-01 17:48:54,401,280,1,phase_1_2_guided_close_range_refine,500,-93.99425312204343,256,high_altitude,80.68494415283203,85.59693908691406,0.40629085898399353,100.239013671875,48.5619010925293,-50.452049255371094,-42.74885940551758,123.52974947971843,-0.5523698864025187,0.0,0.6279650940529513
2026-04-01 17:48:56,401,281,1,phase_1_2_guided_close_range_refine,500,208.57759795205232,151,success,88.6411361694336,5.4379353523254395,0.40629085898399353,44.170677185058594,48.5619010925293,5.255184173583984,31.174728393554688,35.92431909069294,0.809792682792721,0.0,0.32404888418653216
2026-04-01 17:48:58,401,282,1,phase_1_2_guided_close_range_refine,500,200.08947699506854,137,success,74.97892761230469,13.763800621032715,0.40629085898399353,36.30588150024414,48.5619010925293,13.173595428466797,18.846805572509766,25.120669078572565,0.905415712917356,0.0,0.46534189375168955
2026-04-01 17:49:02,401,283,1,phase_1_2_guided_close_range_refine,500,-111.88287714278943,254,high_altitude,70.28482055664062,98.39546203613281,0.40629085898399353,100.33575439453125,48.5619010925293,-50.74500274658203,-48.56057357788086,170.3522535232866,-0.9858567207894543,0.0,0.5998606202584019
2026-04-01 17:49:05,401,284,1,phase_1_2_guided_close_range_refine,500,-93.90299863610483,252,high_altitude,73.67054748535156,75.41028594970703,0.40629085898399353,100.55509948730469,48.5619010925293,-50.927001953125,-33.3025016784668,94.54925683135433,-0.07931611036564434,0.0,0.6635391731123949
2026-04-01 17:49:08,401,285,1,phase_1_2_guided_close_range_refine,500,202.90406050735407,144,success,84.18406677246094,13.812444686889648,0.40629085898399353,35.83061218261719,48.5619010925293,13.597591400146484,23.56917953491211,21.28282676507742,0.9318000628403909,0.0,0.35401612267444205
2026-04-01 17:49:14,402,286,1,phase_1_2_guided_close_range_refine,500,-156.4900991383781,414,low_agl,79.90946960449219,149.6959991455078,0.40629085898399353,0.21115809679031372,48.5619010925293,49.67308044433594,-20.470722198486328,38.20832751895603,0.7857670037762363,0.0,0.8936375322439802
2026-04-01 17:49:18,402,287,1,phase_1_2_guided_close_range_refine,500,-93.05535010636973,257,high_altitude,79.88170623779297,63.68073654174805,0.40629085898399353,100.03754425048828,48.5619010925293,-50.358253479003906,-28.16547966003418,89.77831505458707,0.003869122545963454,0.0,0.6481960627326666
2026-04-01 17:49:20,402,288,1,phase_1_2_guided_close_range_refine,500,198.65800566667627,148,success,79.10918426513672,13.972901344299316,0.40629085898399353,36.08641052246094,48.5619010925293,13.403751373291016,14.990612030029297,27.48903205063261,0.8870992079984337,0.0,0.4690197533878916
2026-04-01 17:49:22,402,289,1,phase_1_2_guided_close_range_refine,500,206.38063075768844,139,success,88.64471435546875,13.476760864257812,0.40629085898399353,36.95503234863281,48.5619010925293,12.45473861694336,29.31983757019043,34.261769084441795,0.8264741263385691,0.0,0.2024858706300766
2026-04-01 17:49:26,402,290,1,phase_1_2_guided_close_range_refine,500,-101.80948035464374,270,high_altitude,81.38981628417969,87.89701080322266,0.40629085898399353,100.00762176513672,48.5619010925293,-50.067543029785156,-41.120567321777344,117.82046265439648,-0.46670253045191884,0.0,0.7691151207562497
2026-04-01 17:49:31,403,291,1,phase_1_2_guided_close_range_refine,500,-109.78230550251135,278,high_altitude,77.25492858886719,74.90312957763672,0.40629085898399353,100.22415161132812,48.5619010925293,-50.47698974609375,-35.98615646362305,140.65983659735375,-0.7733960300250821,0.0,0.5363400458292454
2026-04-01 17:49:34,403,292,1,phase_1_2_guided_close_range_refine,500,-112.90939062066731,256,high_altitude,72.14399719238281,120.57347106933594,0.40629085898399353,100.13822937011719,48.5619010925293,-50.418357849121094,-59.08292007446289,162.2845980002076,-0.9525797180019849,0.0,0.6791632441355698
2026-04-01 17:49:38,403,293,1,phase_1_2_guided_close_range_refine,500,-108.88811854374842,244,high_altitude,87.64915466308594,82.00688171386719,0.40629085898399353,100.29307556152344,48.5619010925293,-50.78791809082031,-48.56884765625,170.5545364057457,-0.9864422536137785,0.0,0.4228415760620077
2026-04-01 17:49:40,403,294,1,phase_1_2_guided_close_range_refine,500,198.4413023333792,138,success,80.60153198242188,13.952290534973145,0.40629085898399353,35.99158477783203,48.5619010925293,13.445148468017578,25.08279800415039,31.67178867192964,0.8510697383053079,0.0,0.2804805636874468
2026-04-01 17:49:42,403,295,1,phase_1_2_guided_close_range_refine,500,202.90482300828046,142,success,81.46267700195312,13.89218521118164,0.40629085898399353,35.827754974365234,48.5619010925293,13.58486557006836,20.517194747924805,21.1202716779257,0.9328261068551116,0.0,0.13122938939395265
2026-04-01 17:49:50,404,296,1,phase_1_2_guided_close_range_refine,500,-180.2264085257867,500,low_agl,85.29251861572266,267.9833984375,0.40629085898399353,0.28109216690063477,48.5619010925293,49.55644226074219,-37.395206451416016,38.95973028992748,0.7775880804051785,0.0,0.8807484471936963
2026-04-01 17:49:57,404,297,1,phase_1_2_guided_close_range_refine,500,-157.84206491251734,431,low_agl,85.56111907958984,205.31686401367188,0.40629085898399353,0.15605445206165314,48.5619010925293,49.55672836303711,-36.49494171142578,31.66923759627464,0.8510931152581362,0.0,0.95201833214646
2026-04-01 17:49:59,404,298,1,phase_1_2_guided_close_range_refine,500,196.2525451070405,135,success,72.25898742675781,13.997363090515137,0.40629085898399353,36.06028366088867,48.5619010925293,13.454780578613281,19.52651596069336,30.410816222834814,0.8624181254422515,0.0,0.4232954894499841
2026-04-01 17:50:05,405,299,1,phase_1_2_guided_close_range_refine,500,-176.37785232542348,396,low_agl,79.80225372314453,307.68963623046875,0.40629085898399353,0.33681052923202515,48.5619010925293,49.70479202270508,-64.10368347167969,56.215943680776235,0.5560643561459085,0.0,0.726743936217902
2026-04-01 17:50:09,405,300,1,phase_1_2_guided_close_range_refine,500,-124.98671565475428,303,high_altitude,80.64619445800781,179.67205810546875,0.40629085898399353,100.19313049316406,48.5619010925293,-50.54814147949219,-73.21878051757812,154.6034082407463,-0.9033608064812316,0.0,0.5268418186779085
2026-04-01 17:50:15,405,301,1,phase_1_2_guided_close_range_refine,500,-144.58686598740906,371,low_agl,74.06097412109375,172.7329559326172,0.40629085898399353,0.31552088260650635,48.5619010925293,49.691585540771484,-46.75428771972656,82.96031777224279,0.12255673722275277,0.0,0.6095202902500122
2026-04-01 17:50:18,405,302,1,phase_1_2_guided_close_range_refine,500,-96.49608648020723,248,high_altitude,70.74127197265625,77.52239227294922,0.40629085898399353,100.37995147705078,48.5619010925293,-50.790199279785156,-29.25267791748047,78.61736247905769,0.19736027735631778,0.0,0.6395280332252979
2026-04-01 17:50:23,406,303,1,phase_1_2_guided_close_range_refine,500,-108.2140912640055,257,high_altitude,78.53194427490234,120.22116088867188,0.40629085898399353,100.17081451416016,48.5619010925293,-50.44074249267578,-61.239810943603516,153.82505354331,-0.897451339749542,0.0,0.6308034759121683
2026-04-01 17:50:26,406,304,1,phase_1_2_guided_close_range_refine,500,-113.03523132401874,257,high_altitude,71.18985748291016,125.37359619140625,0.40629085898399353,100.33531951904297,48.5619010925293,-50.71308898925781,-54.8229866027832,124.21569171768448,-0.5623098710954094,0.0,0.5201614087776513
2026-04-01 17:50:32,406,305,1,phase_1_2_guided_close_range_refine,500,-176.014959177229,394,collision,77.24372100830078,153.43638610839844,0.40629085898399353,0.1273910254240036,48.5619010925293,49.610660552978516,-29.857995986938477,43.35734758704019,0.7270859547490565,1.0,0.8754434592960639
2026-04-01 17:50:36,406,306,1,phase_1_2_guided_close_range_refine,500,-96.77130076461815,245,high_altitude,70.78995513916016,76.68384552001953,0.40629085898399353,100.08287048339844,48.5619010925293,-50.58116149902344,-34.27566146850586,100.98120499162032,-0.19048697725980063,0.0,0.5528716502312659
2026-04-01 17:50:42,407,307,1,phase_1_2_guided_close_range_refine,500,-170.26855639261473,399,low_agl,75.94891357421875,316.29296875,0.40629085898399353,0.22010964155197144,48.5619010925293,49.66887664794922,-62.12476348876953,36.110298311603216,0.8078839690208404,0.0,0.9140614373095741
2026-04-01 17:50:46,407,308,1,phase_1_2_guided_close_range_refine,500,-103.51138460251204,245,high_altitude,85.88324737548828,56.83426284790039,0.40629085898399353,100.15597534179688,48.5619010925293,-50.67512512207031,-31.527429580688477,122.2829667486243,-0.5341010410018807,0.0,0.21533570672869434
2026-04-01 17:50:50,407,309,1,phase_1_2_guided_close_range_refine,500,-89.68320440127522,256,high_altitude,73.27222442626953,67.59490203857422,0.40629085898399353,100.16854858398438,48.5619010925293,-50.42619323730469,-20.367902755737305,60.30308448388226,0.49541190545853464,0.0,0.7033413967045798
2026-04-01 17:50:52,407,310,1,phase_1_2_guided_close_range_refine,500,211.32984595904384,144,success,88.77284240722656,13.949647903442383,0.40629085898399353,36.36471176147461,48.5619010925293,13.054569244384766,21.368284225463867,5.214775152997511,0.9958609936205799,0.0,0.29566409682382144
2026-04-01 17:50:56,407,311,1,phase_1_2_guided_close_range_refine,500,-93.21897023561931,257,high_altitude,83.71995544433594,70.87267303466797,0.40629085898399353,100.5582504272461,48.5619010925293,-51.06285858154297,-33.122169494628906,101.64892428488076,-0.2019142971067507,0.0,0.40422185620433576
2026-04-01 17:51:00,408,312,1,phase_1_2_guided_close_range_refine,500,-102.0993950396963,266,high_altitude,81.76678466796875,79.60677337646484,0.40629085898399353,100.42342376708984,48.5619010925293,-50.911895751953125,-36.472190856933594,116.63300694643307,-0.44827411778736675,0.0,0.1496899440042899
2026-04-01 17:51:02,408,313,1,phase_1_2_guided_close_range_refine,500,206.91813657347316,143,success,82.33187103271484,13.768439292907715,0.40629085898399353,36.19548416137695,48.5619010925293,13.208843231201172,16.35553550720215,10.67101200730696,0.9827066061884788,0.0,0.08328452697651298
2026-04-01 17:51:04,408,314,1,phase_1_2_guided_close_range_refine,500,198.19260393978465,137,success,71.15349578857422,13.773384094238281,0.40629085898399353,37.10911560058594,48.5619010925293,12.390892028808594,16.52773094177246,17.165879016433458,0.9554542938131269,0.0,0.364562463585237
2026-04-01 17:51:11,408,315,1,phase_1_2_guided_close_range_refine,500,-184.4432540617767,449,collision,88.60734558105469,165.7693328857422,0.40629085898399353,0.14627313613891602,48.5619010925293,49.68439865112305,-21.86129379272461,33.887765000964826,0.830131367628157,1.0,0.5904853799465549
2026-04-01 17:51:14,408,316,1,phase_1_2_guided_close_range_refine,500,-94.72637453744863,256,high_altitude,74.82223510742188,76.04822540283203,0.40629085898399353,100.437255859375,48.5619010925293,-50.88984680175781,-31.163516998291016,86.44374156970596,0.062028573357222866,0.0,0.5648314345601473
2026-04-01 17:51:19,409,317,1,phase_1_2_guided_close_range_refine,500,-87.9938681843943,260,high_altitude,87.64602661132812,68.38954162597656,0.40629085898399353,100.3466796875,48.5619010925293,-50.65436553955078,-33.50132751464844,106.7208246870463,-0.2877086304073476,0.0,0.4476778948186986
2026-04-01 17:51:23,409,318,1,phase_1_2_guided_close_range_refine,500,-104.1555614379139,263,high_altitude,75.07394409179688,99.2364501953125,0.40629085898399353,100.30130767822266,48.5619010925293,-50.822914123535156,-40.81435775756836,104.15974963510165,-0.2446262886958609,0.0,0.3179331773383549
2026-04-01 17:51:27,409,319,1,phase_1_2_guided_close_range_refine,500,-93.51596722074356,239,high_altitude,75.7193832397461,78.413330078125,0.40629085898399353,100.48102569580078,48.5619010925293,-50.94013977050781,-47.190826416015625,165.08964740930514,-0.966329603046636,0.0,0.6319586260891547
2026-04-01 17:51:33,409,320,1,phase_1_2_guided_close_range_refine,500,-150.6734421791802,432,low_agl,77.43341827392578,182.74417114257812,0.40629085898399353,0.361991286277771,48.5619010925293,49.45170974731445,-53.172706604003906,42.55092081211512,0.7366766244960615,0.0,0.8226135315848284
2026-04-01 17:51:37,410,321,1,phase_1_2_guided_close_range_refine,500,-89.28310270623653,240,high_altitude,82.44140625,78.43560028076172,0.40629085898399353,100.21331024169922,48.5619010925293,-50.773094177246094,-47.656639099121094,151.57102281531408,-0.8794079147280945,0.0,0.41510698195919155
2026-04-01 17:51:39,410,322,1,phase_1_2_guided_close_range_refine,500,203.03046593146422,141,success,78.79728698730469,13.790522575378418,0.40629085898399353,36.561614990234375,48.5619010925293,12.872413635253906,17.452007293701172,11.932807494196776,0.9783907524289862,0.0,0.36886170323855827
2026-04-01 17:51:43,410,323,1,phase_1_2_guided_close_range_refine,500,-116.6428246409906,260,high_altitude,82.52656555175781,75.37373352050781,0.40629085898399353,100.26013946533203,48.5619010925293,-50.63417053222656,-42.907535552978516,161.38861378488534,-0.9477050054866721,0.0,0.5321867660394363
2026-04-01 17:51:47,410,324,1,phase_1_2_guided_close_range_refine,500,-102.26850321497193,246,high_altitude,69.90522766113281,85.18746185302734,0.40629085898399353,100.07571411132812,48.5619010925293,-50.423240661621094,-41.63748550415039,136.8124046982639,-0.7291168167195442,0.0,0.7078756152714379
2026-04-01 17:51:50,410,325,1,phase_1_2_guided_close_range_refine,500,-94.53692079522726,247,high_altitude,75.61396789550781,82.61394500732422,0.40629085898399353,100.50762176513672,48.5619010925293,-51.023338317871094,-36.75729751586914,91.25614942492439,-0.021922187079655264,0.0,0.5879604914012987
2026-04-01 17:51:53,410,326,1,phase_1_2_guided_close_range_refine,500,210.91235273426724,137,success,87.45154571533203,13.808354377746582,0.40629085898399353,35.63627243041992,48.5619010925293,13.776103973388672,26.62103843688965,12.309945780729139,0.9770085804903299,0.0,0.1787537420086106
2026-04-01 17:51:57,411,327,1,phase_1_2_guided_close_range_refine,500,-85.75467578466541,259,high_altitude,83.01862335205078,78.87356567382812,0.40629085898399353,100.1197280883789,48.5619010925293,-50.593223571777344,-34.02762985229492,84.27637911208835,0.09972996515618725,0.0,0.6488819487674063
2026-04-01 17:51:59,411,328,1,phase_1_2_guided_close_range_refine,500,205.52649401855328,146,success,89.3844985961914,13.7211332321167,0.40629085898399353,36.642005920410156,48.5619010925293,12.758026123046875,26.05392837524414,21.86281740109093,0.9280781121986049,0.0,0.1610147703307482
2026-04-01 17:52:01,411,329,1,phase_1_2_guided_close_range_refine,500,205.12807200870927,140,success,84.23609924316406,13.80812931060791,0.40629085898399353,35.68195343017578,48.5619010925293,13.736812591552734,23.190553665161133,24.611398221225365,0.9091532776164191,0.0,0.1890825938636712
2026-04-01 17:52:08,411,330,1,phase_1_2_guided_close_range_refine,500,-204.76519590331534,476,collision,82.4399642944336,348.4864501953125,0.40629085898399353,0.08635000884532928,48.5619010925293,49.69923782348633,-74.26033020019531,79.39759547851575,0.18399260111847773,1.0,0.48462109254236213
2026-04-01 17:52:12,411,331,1,phase_1_2_guided_close_range_refine,500,-102.48410299416228,240,high_altitude,85.12077331542969,52.635581970214844,0.40629085898399353,100.12370300292969,48.5619010925293,-50.66725158691406,-35.832603454589844,149.17965064348755,-0.8587779839402883,0.0,0.3096595707374982
2026-04-01 17:52:14,412,332,1,phase_1_2_guided_close_range_refine,500,203.57309176836804,143,success,75.66693115234375,13.844481468200684,0.40629085898399353,39.549285888671875,48.5619010925293,9.890251159667969,8.419195175170898,26.498079177543186,0.8949493197363256,0.0,0.33405865526727657
2026-04-01 17:52:16,412,333,1,phase_1_2_guided_close_range_refine,500,212.49762474698144,147,success,88.2735366821289,13.75835132598877,0.40629085898399353,36.29166030883789,48.5619010925293,13.127792358398438,13.552932739257812,26.580420523082275,0.8943071957015231,0.0,0.1745831894805127
2026-04-01 17:52:20,412,334,1,phase_1_2_guided_close_range_refine,500,-93.44509870550202,275,high_altitude,74.70494079589844,60.95978927612305,0.40629085898399353,100.31767272949219,48.5619010925293,-50.51002502441406,-23.23721694946289,94.92593493389137,-0.08586791005740121,0.0,0.7319657903665153
2026-04-01 17:52:24,412,335,1,phase_1_2_guided_close_range_refine,500,-100.55073043015004,253,high_altitude,72.72882843017578,85.2719497680664,0.40629085898399353,100.65900421142578,48.5619010925293,-51.192649841308594,-39.88138961791992,126.97829833127953,-0.6015124843540177,0.0,0.3750778825959557
2026-04-01 17:52:26,412,336,1,phase_1_2_guided_close_range_refine,500,208.86852620424978,143,success,83.47386169433594,13.784229278564453,0.40629085898399353,37.00250244140625,48.5619010925293,12.402259826660156,12.465164184570312,31.034146116679345,0.8568602052947852,0.0,0.10458694060769316
2026-04-01 17:52:31,413,337,1,phase_1_2_guided_close_range_refine,500,-97.18873148009291,260,high_altitude,74.90118408203125,77.549072265625,0.40629085898399353,100.40843200683594,48.5619010925293,-50.88676452636719,-32.31892776489258,96.14248041752984,-0.10700126723577229,0.0,0.6070321279410894
2026-04-01 17:52:37,413,338,1,phase_1_2_guided_close_range_refine,500,-152.05614534597328,441,low_agl,81.39753723144531,185.8640594482422,0.40629085898399353,0.3305491805076599,48.5619010925293,49.69327163696289,-38.43778610229492,67.48157915061981,0.38298044398384906,0.0,0.5187249447238642
2026-04-01 17:52:39,413,339,1,phase_1_2_guided_close_range_refine,500,202.41455681427465,145,success,77.76409149169922,13.883816719055176,0.40629085898399353,37.8884391784668,48.5619010925293,11.535449981689453,10.595929145812988,20.551287891759667,0.9363583284838725,0.0,0.17198631493152697
2026-04-01 17:52:43,413,340,1,phase_1_2_guided_close_range_refine,500,-98.7102939067552,249,high_altitude,73.0417709350586,93.17902374267578,0.40629085898399353,100.3291244506836,48.5619010925293,-50.86015319824219,-39.163291931152344,91.78600817997729,-0.03116667531581775,0.0,0.6253498812339694
2026-04-01 17:52:47,413,341,1,phase_1_2_guided_close_range_refine,500,-91.39683326435835,252,high_altitude,77.14075469970703,64.51927185058594,0.40629085898399353,100.36678314208984,48.5619010925293,-50.872161865234375,-33.41921615600586,140.02954674074496,-0.7663758190441692,0.0,0.4772678878792091
2026-04-01 17:52:51,414,342,1,phase_1_2_guided_close_range_refine,500,-92.6014431912945,254,high_altitude,75.27776336669922,77.97602081298828,0.40629085898399353,100.24100494384766,48.5619010925293,-50.66913604736328,-31.135854721069336,81.86613512758508,0.1414863642641351,0.0,0.6509195649470855
2026-04-01 17:52:55,414,343,1,phase_1_2_guided_close_range_refine,500,-91.90602578106211,255,high_altitude,70.30538940429688,60.35979080200195,0.40629085898399353,100.00445556640625,48.5619010925293,-50.40575408935547,-24.176782608032227,88.3211283461107,0.029297645176907024,0.0,0.6660369231438096
2026-04-01 17:52:57,414,344,1,phase_1_2_guided_close_range_refine,500,202.93048893291194,140,success,83.43290710449219,13.901897430419922,0.40629085898399353,35.556190490722656,48.5619010925293,13.862884521484375,24.434247970581055,22.514144240343345,0.9237850337648209,0.0,0.2546483057901875
2026-04-01 17:52:59,414,345,1,phase_1_2_guided_close_range_refine,500,203.90070109999058,140,success,85.38029479980469,13.587246894836426,0.40629085898399353,36.805389404296875,48.5619010925293,12.605148315429688,26.12928581237793,23.899089745515784,0.9142603915780685,0.0,0.27658160832496875
2026-04-01 17:53:03,414,346,1,phase_1_2_guided_close_range_refine,500,-90.02868537753741,260,high_altitude,81.57544708251953,86.32286834716797,0.40629085898399353,100.05547332763672,48.5619010925293,-50.56414794921875,-39.239070892333984,101.96126200543628,-0.2072503123256676,0.0,0.33907997094299247
2026-04-01 17:53:07,414,347,1,phase_1_2_guided_close_range_refine,500,-93.3271110622273,251,high_altitude,72.32398986816406,61.15735626220703,0.40629085898399353,100.15443420410156,48.5619010925293,-50.56858825683594,-27.71275520324707,106.1143653604517,-0.27755553385992016,0.0,0.6738608880418183
2026-04-01 17:53:09,415,348,1,phase_1_2_guided_close_range_refine,500,208.45330030890253,144,success,81.71668243408203,13.900897979736328,0.40629085898399353,37.829776763916016,48.5619010925293,11.571910858154297,8.394401550292969,28.11519988807728,0.8820018811343778,0.0,0.06768303796944859
2026-04-01 17:53:11,415,349,1,phase_1_2_guided_close_range_refine,500,194.63250149172882,143,success,77.36866760253906,13.810956954956055,0.40629085898399353,36.20133590698242,48.5619010925293,13.271446228027344,21.2427921295166,33.3128782238086,0.8356839378213207,0.0,0.347111279181605
2026-04-01 17:53:14,415,350,1,phase_1_2_guided_close_range_refine,500,206.1014859810969,152,success,89.38253021240234,7.267947196960449,0.40629085898399353,43.17192840576172,48.5619010925293,6.244892120361328,32.13154983520508,36.582305364386116,0.8030015688238205,0.0,0.13231700444092173
2026-04-01 17:53:16,415,351,1,phase_1_2_guided_close_range_refine,500,204.37582143135856,144,success,85.46516418457031,13.788728713989258,0.40629085898399353,36.114501953125,48.5619010925293,13.295768737792969,23.188512802124023,22.9160769673365,0.9210761826735249,0.0,0.21550413978931635
2026-04-01 17:53:18,415,352,1,phase_1_2_guided_close_range_refine,500,206.9470737060392,142,success,87.87646484375,13.583075523376465,0.40629085898399353,36.5225944519043,48.5619010925293,12.885040283203125,27.789539337158203,12.426511496651868,0.9765728129760702,0.0,0.2309878459401467
2026-04-01 17:53:22,415,353,1,phase_1_2_guided_close_range_refine,500,-104.3493807173269,252,high_altitude,75.53331756591797,79.50444030761719,0.40629085898399353,100.2024154663086,48.5619010925293,-50.780494689941406,-41.200477600097656,147.58358569861733,-0.8441743852648131,0.0,0.6149829104610764
2026-04-01 17:53:26,416,354,1,phase_1_2_guided_close_range_refine,500,-96.15176383410403,248,high_altitude,72.29454803466797,71.28862762451172,0.40629085898399353,100.15636444091797,48.5619010925293,-50.73210906982422,-34.935218811035156,125.72437122231356,-0.583886584839184,0.0,0.3337015748248524
2026-04-01 17:53:28,416,355,1,phase_1_2_guided_close_range_refine,500,203.21089498607844,148,success,88.8138427734375,13.645489692687988,0.40629085898399353,37.5844612121582,48.5619010925293,11.818790435791016,24.827625274658203,32.90167009992257,0.8396040313255576,0.0,0.023480966077231553
2026-04-01 17:53:33,416,356,1,phase_1_2_guided_close_range_refine,500,-96.78294253323675,328,high_altitude,86.19889831542969,59.4037971496582,0.40629085898399353,100.16931915283203,48.5619010925293,-50.45439147949219,-22.648723602294922,115.04360826619276,-0.4233079372154854,0.0,0.28990635974854556
2026-04-01 17:53:36,416,357,1,phase_1_2_guided_close_range_refine,500,-107.0453906042448,259,high_altitude,75.65271759033203,119.4891128540039,0.40629085898399353,100.0143814086914,48.5619010925293,-50.32274627685547,-58.25757598876953,148.2420295949849,-0.8502790152489265,0.0,0.7500255477694995
2026-04-01 17:53:40,416,358,1,phase_1_2_guided_close_range_refine,500,-98.55486253968176,260,high_altitude,86.98330688476562,89.35476684570312,0.40629085898399353,100.12528991699219,48.5619010925293,-50.6650390625,-46.58778381347656,128.07621025922407,-0.6167090792186847,0.0,0.1986412128803639
2026-04-01 17:53:45,417,359,1,phase_1_2_guided_close_range_refine,500,-86.20663600372487,272,high_altitude,80.16255950927734,64.65335083007812,0.40629085898399353,100.23291015625,48.5619010925293,-50.577842712402344,-23.321578979492188,76.11215837452373,0.24002204747289366,0.0,0.7238189275429283
2026-04-01 17:53:47,417,360,1,phase_1_2_guided_close_range_refine,500,201.77036549755482,145,success,86.54574584960938,13.98333740234375,0.40629085898399353,36.8726806640625,48.5619010925293,12.532451629638672,25.224136352539062,29.29305235006764,0.8721286082267163,0.0,0.08121808458690244
2026-04-01 17:53:51,417,361,1,phase_1_2_guided_close_range_refine,500,-97.30038292279963,266,high_altitude,82.21226501464844,91.46717834472656,0.40629085898399353,100.46284484863281,48.5619010925293,-50.96806335449219,-35.48592758178711,86.08101754364327,0.06834582607677248,0.0,0.5339362924371502
2026-04-01 17:53:53,417,362,1,phase_1_2_guided_close_range_refine,500,209.60848726103288,144,success,85.22100067138672,13.825203895568848,0.40629085898399353,35.96815872192383,48.5619010925293,13.445903778076172,16.387622833251953,24.174896199295482,0.9122996339249477,0.0,0.22807151862720595
2026-04-01 17:53:55,417,363,1,phase_1_2_guided_close_range_refine,500,199.8504540392361,141,success,77.33637237548828,13.698664665222168,0.40629085898399353,36.46982955932617,48.5619010925293,12.978950500488281,18.404027938842773,25.8149714680827,0.9002050141665437,0.0,0.38676592957910916
2026-04-01 17:54:03,418,364,1,phase_1_2_guided_close_range_refine,500,-134.83871313406263,500,timeout,83.75943756103516,166.10061645507812,0.40629085898399353,1.4931975603103638,48.5619010925293,48.072044372558594,-26.723299026489258,61.40191165717557,0.47866256402515805,0.0,1.2512614179539985
2026-04-01 17:54:07,418,365,1,phase_1_2_guided_close_range_refine,500,-101.8296039062606,250,high_altitude,70.2965087890625,84.35153198242188,0.40629085898399353,100.560546875,48.5619010925293,-51.135772705078125,-42.19486999511719,143.27280742661216,-0.8014919210988581,0.0,0.47071355900194783
2026-04-01 17:54:10,418,366,1,phase_1_2_guided_close_range_refine,500,-88.08829035177179,260,high_altitude,72.8525161743164,60.04429244995117,0.40629085898399353,100.23779296875,48.5619010925293,-50.43736267089844,-16.156755447387695,56.411044619323064,0.5532309809232933,0.0,0.9168130294706852
2026-04-01 17:54:14,418,367,1,phase_1_2_guided_close_range_refine,500,-103.9562649797393,258,high_altitude,69.93946075439453,85.34721374511719,0.40629085898399353,100.28723907470703,48.5619010925293,-50.688148498535156,-27.683198928833008,69.04304235715476,0.3576665140716914,0.0,0.7786316064834977
2026-04-01 17:54:18,418,368,1,phase_1_2_guided_close_range_refine,500,-91.37165566734946,253,high_altitude,75.23711395263672,74.98790740966797,0.40629085898399353,100.59757232666016,48.5619010925293,-51.111793518066406,-33.340301513671875,95.29026405440901,-0.09220138828514685,0.0,0.533563784904372
2026-04-01 17:54:22,419,369,1,phase_1_2_guided_close_range_refine,500,-106.64990579048704,260,high_altitude,70.06280517578125,102.77193450927734,0.40629085898399353,100.23084259033203,48.5619010925293,-50.56355285644531,-40.71590805053711,98.74935188785945,-0.15211220614040422,0.0,0.7088296288886229
2026-04-01 17:54:29,419,370,1,phase_1_2_guided_close_range_refine,500,-152.00035026879584,419,low_agl,86.80067443847656,155.7279815673828,0.40629085898399353,0.32234448194503784,48.5619010925293,49.69486618041992,-48.080223083496094,109.90174623635879,-0.3404082077559118,0.0,0.2874870217379692
2026-04-01 17:54:32,419,371,1,phase_1_2_guided_close_range_refine,500,-90.7367384413193,244,high_altitude,79.951904296875,75.15000915527344,0.40629085898399353,100.4197006225586,48.5619010925293,-50.946144104003906,-44.17109680175781,159.30832940899623,-0.9354954075664625,0.0,0.6130571791210173
2026-04-01 17:54:36,419,372,1,phase_1_2_guided_close_range_refine,500,-102.9224328362478,266,high_altitude,88.81727600097656,85.8246078491211,0.40629085898399353,100.41459655761719,48.5619010925293,-50.71105194091797,-49.15483856201172,136.48754724095974,-0.7252247457644115,0.0,0.6739332216941056
2026-04-01 17:54:41,420,373,1,phase_1_2_guided_close_range_refine,500,-95.70576062491128,273,high_altitude,87.14093017578125,74.36393737792969,0.40629085898399353,100.34192657470703,48.5619010925293,-50.61888122558594,-36.867740631103516,129.1659396205429,-0.6315685130466241,0.0,0.5364796829640847
2026-04-01 17:54:43,420,374,1,phase_1_2_guided_close_range_refine,500,207.0445748130786,142,success,79.18595886230469,13.81125545501709,0.40629085898399353,37.444236755371094,48.5619010925293,11.961097717285156,11.465715408325195,19.06069814314735,0.945173143901921,0.0,0.15636689864323736
2026-04-01 17:54:45,420,375,1,phase_1_2_guided_close_range_refine,500,205.3189844178658,141,success,86.8802719116211,13.458512306213379,0.40629085898399353,37.20242691040039,48.5619010925293,12.203704833984375,27.7135009765625,32.336980795197185,0.8449167665997156,0.0,0.11639914004373624
2026-04-01 17:54:49,420,376,1,phase_1_2_guided_close_range_refine,500,-97.26401249253311,250,high_altitude,74.22704315185547,81.19743347167969,0.40629085898399353,100.56397247314453,48.5619010925293,-51.14678192138672,-41.65017318725586,143.64047650963394,-0.8053128162730768,0.0,0.40053101757851195
2026-04-01 17:54:53,420,377,1,phase_1_2_guided_close_range_refine,500,-105.29505773298922,293,high_altitude,84.96223449707031,58.88432693481445,0.40629085898399353,100.07337188720703,48.5619010925293,-50.33555603027344,-28.096588134765625,127.58495573336006,-0.6099371098052477,0.0,0.42050402784929775
2026-04-01 17:54:57,421,378,1,phase_1_2_guided_close_range_refine,500,-90.03483860006162,245,high_altitude,79.66807556152344,65.43959045410156,0.40629085898399353,100.14505004882812,48.5619010925293,-50.624267578125,-35.80085754394531,128.79366699002054,-0.6265176658498632,0.0,0.4829753333709254
2026-04-01 17:55:01,421,379,1,phase_1_2_guided_close_range_refine,500,-97.10190917439374,263,high_altitude,83.7928695678711,62.09398651123047,0.40629085898399353,100.48713684082031,48.5619010925293,-50.912353515625,-25.04082679748535,88.70516256238383,0.022597252961225594,0.0,0.707189203332811
2026-04-01 17:55:05,421,380,1,phase_1_2_guided_close_range_refine,500,-90.87064874573348,246,high_altitude,83.24523162841797,66.36480712890625,0.40629085898399353,100.26309967041016,48.5619010925293,-50.84721374511719,-40.566532135009766,147.03665147063938,-0.8390187958405433,0.0,0.39318600850563873
2026-04-01 17:55:09,421,381,1,phase_1_2_guided_close_range_refine,500,-89.43040244627782,246,high_altitude,78.92833709716797,77.98836517333984,0.40629085898399353,100.16566467285156,48.5619010925293,-50.70946502685547,-41.14957046508789,126.09370687149284,-0.5891076075739636,0.0,0.5359123477697483
2026-04-01 17:55:13,421,382,1,phase_1_2_guided_close_range_refine,500,-85.00070351127282,252,high_altitude,79.94852447509766,73.82793426513672,0.40629085898399353,100.27865600585938,48.5619010925293,-50.706459045410156,-31.48697853088379,78.39055238728908,0.20123944248301598,0.0,0.6935902395336477
2026-04-01 17:55:17,422,383,1,phase_1_2_guided_close_range_refine,500,-86.6043356230738,243,high_altitude,80.77558898925781,70.62747955322266,0.40629085898399353,100.26178741455078,48.5619010925293,-50.800811767578125,-38.7476806640625,125.23266590396435,-0.5768980993024109,0.0,0.4426069459469671
2026-04-01 17:55:21,422,384,1,phase_1_2_guided_close_range_refine,500,-113.99747998052251,271,high_altitude,69.99629974365234,107.71861267089844,0.40629085898399353,100.0478744506836,48.5619010925293,-50.142356872558594,-47.11097717285156,131.83046471765658,-0.66692875277844,0.0,0.9726681957035516
2026-04-01 17:55:25,422,385,1,phase_1_2_guided_close_range_refine,500,-89.31588074032597,258,high_altitude,76.17927551269531,70.652099609375,0.40629085898399353,100.48013305664062,48.5619010925293,-50.69587707519531,-20.712282180786133,48.09434332363249,0.6679060363291529,0.0,0.9774758724134238
2026-04-01 17:55:29,422,386,1,phase_1_2_guided_close_range_refine,500,-98.58071715929282,259,high_altitude,71.46769714355469,77.78423309326172,0.40629085898399353,100.2157211303711,48.5619010925293,-50.52067565917969,-27.2081356048584,73.74460990252221,0.2799193294327221,0.0,0.7764248711068232
2026-04-01 17:55:33,422,387,1,phase_1_2_guided_close_range_refine,500,-106.21631233282969,266,high_altitude,75.66754913330078,90.51232147216797,0.40629085898399353,100.17313385009766,48.5619010925293,-50.545562744140625,-46.888587951660156,165.5830056334335,-0.9685093552004005,0.0,0.6135080558424846
2026-04-01 17:55:37,423,388,1,phase_1_2_guided_close_range_refine,500,-86.6810758986667,243,high_altitude,87.55917358398438,61.96538543701172,0.40629085898399353,100.44892120361328,48.5619010925293,-50.91526794433594,-40.155513763427734,129.1236470892022,-0.630996043243958,0.0,0.7160563971698056
2026-04-01 17:55:39,423,389,1,phase_1_2_guided_close_range_refine,500,203.04714689555914,154,success,84.18002319335938,13.967676162719727,0.40629085898399353,38.12508010864258,48.5619010925293,11.291332244873047,7.538885593414307,31.935147105946992,0.8486473665498598,0.0,0.3063299072690596
2026-04-01 17:55:43,423,390,1,phase_1_2_guided_close_range_refine,500,-98.61562557717666,265,high_altitude,72.1314468383789,85.2546615600586,0.40629085898399353,100.4791259765625,48.5619010925293,-50.66984558105469,-18.77720069885254,35.03535630983744,0.8187979434959224,0.0,0.945114359651006
2026-04-01 17:55:47,423,391,1,phase_1_2_guided_close_range_refine,500,-90.10229689503225,246,high_altitude,83.49761199951172,54.41822814941406,0.40629085898399353,100.16898345947266,48.5619010925293,-50.75178527832031,-34.59669876098633,150.3812858241679,-0.8693335498669699,0.0,0.4006893495239848
2026-04-01 17:55:51,423,392,1,phase_1_2_guided_close_range_refine,500,-91.14242664607393,256,high_altitude,80.49585723876953,93.29582214355469,0.40629085898399353,100.54550170898438,48.5619010925293,-50.86297607421875,-44.69844055175781,104.85153168480804,-0.2563152131068489,0.0,0.7795439677769642
2026-04-01 17:55:55,424,393,1,phase_1_2_guided_close_range_refine,500,-94.5025748378333,250,high_altitude,78.31131744384766,75.67972564697266,0.40629085898399353,100.06459045410156,48.5619010925293,-50.371788024902344,-31.868701934814453,81.50159427120316,0.14778189142742468,0.0,0.8403559867878627
2026-04-01 17:55:58,424,394,1,phase_1_2_guided_close_range_refine,500,-92.65741896383862,246,high_altitude,72.42605590820312,66.71295166015625,0.40629085898399353,100.35767364501953,48.5619010925293,-50.70606994628906,-24.7247371673584,70.11392039636438,0.34015109082218004,0.0,0.7312502725559231
2026-04-01 17:56:04,424,395,1,phase_1_2_guided_close_range_refine,500,-123.627389038406,405,low_agl,70.07908630371094,87.26964569091797,0.40629085898399353,0.1909172534942627,48.5619010925293,49.478126525878906,-16.044113159179688,52.09581647907363,0.6143428143941918,0.0,1.0246486538361639
2026-04-01 17:56:07,424,396,1,phase_1_2_guided_close_range_refine,500,202.80359254392152,140,success,86.26313018798828,13.944591522216797,0.40629085898399353,36.100215911865234,48.5619010925293,13.316753387451172,28.371845245361328,33.99115698952589,0.82912386831676,0.0,0.22997746754231663
2026-04-01 17:56:09,424,397,1,phase_1_2_guided_close_range_refine,500,205.9051579170026,136,success,78.95697021484375,13.843731880187988,0.40629085898399353,36.042213439941406,48.5619010925293,13.375953674316406,18.30859375,19.91657890275789,0.9401895966332455,0.0,0.19142847341465183
2026-04-01 17:56:13,425,398,1,phase_1_2_guided_close_range_refine,500,-85.8496344608301,244,high_altitude,82.15605926513672,75.05914306640625,0.40629085898399353,100.34305572509766,48.5619010925293,-50.81757354736328,-36.470237731933594,86.36625990376135,0.06337822236575494,0.0,0.7604721123411998
2026-04-01 17:56:17,425,399,1,phase_1_2_guided_close_range_refine,500,-99.89984092696598,248,high_altitude,79.03973388671875,94.18585205078125,0.40629085898399353,100.25857543945312,48.5619010925293,-50.704986572265625,-52.44255828857422,169.49510576358503,-0.9832393373197703,0.0,0.6494189726493454
2026-04-01 17:56:20,425,400,1,phase_1_2_guided_close_range_refine,500,-101.17389720610997,251,high_altitude,70.7956771850586,79.12513732910156,0.40629085898399353,100.67842102050781,48.5619010925293,-51.18220520019531,-37.8173942565918,131.37359336407442,-0.660966081854273,0.0,0.7205204933136378
2026-04-01 17:56:24,425,401,1,phase_1_2_guided_close_range_refine,500,-93.23561977360454,278,high_altitude,72.05472564697266,60.55683135986328,0.40629085898399353,100.25303649902344,48.5619010925293,-50.32256317138672,-10.231351852416992,54.18944021441179,0.5851071465683465,0.0,1.0059069141762311
2026-04-01 17:56:29,425,402,1,phase_1_2_guided_close_range_refine,500,-125.66615930085061,280,high_altitude,84.94152069091797,134.72918701171875,0.40629085898399353,100.15188598632812,48.5619010925293,-50.26514434814453,-62.360443115234375,135.0263238906839,-0.7074315786701323,0.0,0.8649880907560328
2026-04-01 17:56:33,426,403,1,phase_1_2_guided_close_range_refine,500,-93.7169475705235,269,high_altitude,72.08143615722656,61.72300720214844,0.40629085898399353,100.30569458007812,48.5619010925293,-50.360069274902344,-11.716836929321289,40.846047538671996,0.7564696694049942,0.0,0.9954023035363887
2026-04-01 17:56:36,426,404,1,phase_1_2_guided_close_range_refine,500,-88.70424126358668,238,high_altitude,79.53366088867188,84.23178100585938,0.40629085898399353,100.46452331542969,48.5619010925293,-50.955101013183594,-49.31412887573242,156.01132879473937,-0.913625861693095,0.0,0.6714298229941721
2026-04-01 17:56:40,426,405,1,phase_1_2_guided_close_range_refine,500,-83.7161583247611,242,high_altitude,81.81939697265625,77.31327819824219,0.40629085898399353,100.193603515625,48.5619010925293,-50.702796936035156,-39.8901252746582,96.37851809486715,-0.11109633100006122,0.0,0.6291883103720676
2026-04-01 17:56:44,426,406,1,phase_1_2_guided_close_range_refine,500,-87.11986717476636,245,high_altitude,72.21942901611328,61.69495391845703,0.40629085898399353,100.35814666748047,48.5619010925293,-50.596031188964844,-22.458049774169922,67.73715116898335,0.3788561643657766,0.0,0.894469862178916
2026-04-01 17:56:48,427,407,1,phase_1_2_guided_close_range_refine,500,-85.32659569401767,251,high_altitude,78.4604721069336,69.1641845703125,0.40629085898399353,100.21957397460938,48.5619010925293,-50.65104675292969,-30.158666610717773,82.13675405269015,0.13680912655115798,0.0,0.6692451871245282
2026-04-01 17:56:51,427,408,1,phase_1_2_guided_close_range_refine,500,-104.37872774030184,249,high_altitude,80.52436065673828,72.55287170410156,0.40629085898399353,100.1993179321289,48.5619010925293,-50.52666473388672,-42.933937072753906,148.93590851276647,-0.8565906391026555,0.0,0.7176173773415372
2026-04-01 17:56:56,427,409,1,phase_1_2_guided_close_range_refine,500,-125.08911769540643,323,high_altitude,86.03909301757812,69.42520904541016,0.40629085898399353,100.00996398925781,48.5619010925293,-50.239776611328125,-32.20545196533203,123.9842029463344,-0.5589643077743719,0.0,0.5031270593947549
2026-04-01 17:56:58,427,410,1,phase_1_2_guided_close_range_refine,500,205.61499222649167,139,success,79.40856170654297,13.771739959716797,0.40629085898399353,36.266117095947266,48.5619010925293,13.140125274658203,16.659404754638672,11.964231487020712,0.9782772048829251,0.0,0.1004385879750656
2026-04-01 17:57:02,427,411,1,phase_1_2_guided_close_range_refine,500,-87.82089535120323,238,high_altitude,84.57457733154297,56.22709274291992,0.40629085898399353,100.0139389038086,48.5619010925293,-50.541351318359375,-36.08749771118164,124.5409180052038,-0.5669946453801032,0.0,0.5621035451678476
2026-04-01 17:57:06,428,412,1,phase_1_2_guided_close_range_refine,500,-97.09447994011181,255,high_altitude,72.89433288574219,68.93609619140625,0.40629085898399353,100.52172088623047,48.5619010925293,-50.82471466064453,-26.415729522705078,73.76140533769127,0.2796379002968568,0.0,0.8232064994718882
2026-04-01 17:57:10,428,413,1,phase_1_2_guided_close_range_refine,500,-88.85605251656213,246,high_altitude,81.10340881347656,83.94274139404297,0.40629085898399353,100.30779266357422,48.5619010925293,-50.72539520263672,-46.75178909301758,136.91218010165943,-0.7303075124258155,0.0,0.5762516082975849
2026-04-01 17:57:13,428,414,1,phase_1_2_guided_close_range_refine,500,-96.57407875732335,262,high_altitude,72.91373443603516,76.56939697265625,0.40629085898399353,100.09153747558594,48.5619010925293,-50.238136291503906,-28.761999130249023,83.79991194577744,0.10800088355298972,0.0,1.0027591784101006
2026-04-01 17:57:17,428,415,1,phase_1_2_guided_close_range_refine,500,-107.8319394376671,249,high_altitude,73.48892974853516,99.93061065673828,0.40629085898399353,100.01313018798828,48.5619010925293,-50.371437072753906,-50.7092399597168,135.22438571623593,-0.7098705723580168,0.0,0.8808167040152353
2026-04-01 17:57:19,428,416,1,phase_1_2_guided_close_range_refine,500,199.84384454914215,139,success,85.21444702148438,13.56995964050293,0.40629085898399353,37.02589797973633,48.5619010925293,12.39920425415039,31.820491790771484,35.464698585969856,0.8144731499444077,0.0,0.2098007624247882
2026-04-01 17:57:23,428,417,1,phase_1_2_guided_close_range_refine,500,-90.51303095734575,243,high_altitude,72.35079956054688,70.5123291015625,0.40629085898399353,100.12600708007812,48.5619010925293,-50.56968688964844,-31.408231735229492,95.55879294162807,-0.09686710818838774,0.0,0.742717428323319
2026-04-01 17:57:27,429,418,1,phase_1_2_guided_close_range_refine,500,-96.36367075032305,243,high_altitude,75.62250518798828,78.86878967285156,0.40629085898399353,100.08729553222656,48.5619010925293,-50.48528289794922,-45.75080871582031,159.58021191909776,-0.9371615482559296,0.0,0.6526761734936449
2026-04-01 17:57:31,429,419,1,phase_1_2_guided_close_range_refine,500,-92.6291940952735,237,high_altitude,76.19766998291016,86.63695526123047,0.40629085898399353,100.40763092041016,48.5619010925293,-50.895362854003906,-50.234928131103516,166.5741890254074,-0.9726713802067349,0.0,0.6774833003158182
2026-04-01 17:57:34,429,420,1,phase_1_2_guided_close_range_refine,500,-87.26427767648327,242,high_altitude,82.7793960571289,57.574161529541016,0.40629085898399353,100.29920959472656,48.5619010925293,-50.77710723876953,-32.514686584472656,107.38092831938218,-0.29872314380462406,0.0,0.6845365435764982
2026-04-01 17:57:37,429,421,1,phase_1_2_guided_close_range_refine,500,201.69213397466243,161,success,85.2472152709961,4.160789489746094,0.40629085898399353,45.35863494873047,48.5619010925293,4.1095733642578125,24.871532440185547,35.42608411149719,0.8148639914122674,0.0,0.37548560956539134
2026-04-01 17:57:40,429,422,1,phase_1_2_guided_close_range_refine,500,-96.37401188762003,247,high_altitude,79.71699523925781,98.25333404541016,0.40629085898399353,100.6041259765625,48.5619010925293,-51.00092315673828,-55.629364013671875,165.94190475356098,-0.9700499300252233,0.0,0.715606617324528
2026-04-01 17:57:44,430,423,1,phase_1_2_guided_close_range_refine,500,-91.20310280369605,252,high_altitude,88.35745239257812,81.72835540771484,0.40629085898399353,100.44642639160156,48.5619010925293,-51.02256774902344,-45.39287567138672,122.74867636699246,-0.5409550417471984,0.0,0.3408401408086775
2026-04-01 17:57:48,430,424,1,phase_1_2_guided_close_range_refine,500,-94.60874793271589,241,high_altitude,88.56078338623047,79.78868103027344,0.40629085898399353,100.62212371826172,48.5619010925293,-51.08430480957031,-51.615360260009766,166.0847103487276,-0.9706523410201784,0.0,0.5655899597138795
2026-04-01 17:57:52,430,425,1,phase_1_2_guided_close_range_refine,500,-91.85998024461452,251,high_altitude,69.68095397949219,66.47440338134766,0.40629085898399353,100.23872375488281,48.5619010925293,-50.48103332519531,-18.6553955078125,54.587824658131126,0.5794543737584658,0.0,0.8327012638147816
2026-04-01 17:57:55,430,426,1,phase_1_2_guided_close_range_refine,500,-82.928970325318,241,high_altitude,80.12749481201172,72.87175750732422,0.40629085898399353,100.59432983398438,48.5619010925293,-51.143165588378906,-38.63237762451172,105.57765592566126,-0.2685441882864594,0.0,0.46001545562333307
2026-04-01 17:57:59,430,427,1,phase_1_2_guided_close_range_refine,500,-100.13863517577656,266,high_altitude,89.27716827392578,81.32437133789062,0.40629085898399353,100.38136291503906,48.5619010925293,-50.63987731933594,-32.66539764404297,75.39179198314082,0.2522079866905821,0.0,0.8292869110604836
2026-04-01 17:58:04,431,428,1,phase_1_2_guided_close_range_refine,500,-107.35658195349055,286,high_altitude,87.63479614257812,86.88288116455078,0.40629085898399353,100.19513702392578,48.5619010925293,-50.39576721191406,-29.850332260131836,81.69760704000419,0.14439752845011306,0.0,0.5369692004386384
2026-04-01 17:58:07,431,429,1,phase_1_2_guided_close_range_refine,500,-101.16520214197925,253,high_altitude,78.92544555664062,81.43971252441406,0.40629085898399353,100.19032287597656,48.5619010925293,-50.34087371826172,-40.73428726196289,122.814423767943,-0.5419197992359535,0.0,0.8203485071987584
2026-04-01 17:58:11,431,430,1,phase_1_2_guided_close_range_refine,500,-88.88597216907708,276,high_altitude,84.15921783447266,65.91161346435547,0.40629085898399353,100.36357879638672,48.5619010925293,-50.602638244628906,-27.619569778442383,97.58121195486883,-0.13193135044554657,0.0,0.320042071089966
2026-04-01 17:58:15,431,431,1,phase_1_2_guided_close_range_refine,500,-91.37016399519636,238,high_altitude,74.39842224121094,71.1016616821289,0.40629085898399353,100.10563659667969,48.5619010925293,-50.68787384033203,-41.92236328125,151.92906133160614,-0.8823656572613127,0.0,0.515884126568045
2026-04-01 17:58:17,431,432,1,phase_1_2_guided_close_range_refine,500,205.80544670925542,141,success,87.30322265625,13.634347915649414,0.40629085898399353,36.11334228515625,48.5619010925293,13.301227569580078,27.055591583251953,27.208886719182658,0.8893454655577856,0.0,0.1337909711611488
2026-04-01 17:58:21,432,433,1,phase_1_2_guided_close_range_refine,500,-99.41468638459061,242,high_altitude,85.46702575683594,71.42012786865234,0.40629085898399353,100.63221740722656,48.5619010925293,-51.08421325683594,-41.816375732421875,147.1893881608592,-0.8404662584712467,0.0,0.5699029007955412
2026-04-01 17:58:25,432,434,1,phase_1_2_guided_close_range_refine,500,-95.8883614739323,243,high_altitude,71.15106964111328,81.42316436767578,0.40629085898399353,100.54231262207031,48.5619010925293,-50.96514892578125,-36.38513946533203,101.50564740666141,-0.19946452055066802,0.0,0.7058215416035154
2026-04-01 17:58:29,432,435,1,phase_1_2_guided_close_range_refine,500,-94.24216089113024,238,high_altitude,73.16468811035156,78.1911392211914,0.40629085898399353,100.37390899658203,48.5619010925293,-50.83636474609375,-43.82510757446289,149.8163745382945,-0.8644185245293496,0.0,0.5564839583484655
2026-04-01 17:58:31,432,436,1,phase_1_2_guided_close_range_refine,500,201.15367972566594,135,success,80.2169189453125,13.920652389526367,0.40629085898399353,36.09070587158203,48.5619010925293,13.342998504638672,23.886184692382812,36.193732487409505,0.8070249129199467,0.0,0.3909372060779395
2026-04-01 17:58:33,432,437,1,phase_1_2_guided_close_range_refine,500,204.09335916986262,138,success,86.5582046508789,13.935222625732422,0.40629085898399353,36.712772369384766,48.5619010925293,12.687129974365234,31.237184524536133,23.977836704004154,0.9137027241713522,0.0,0.10053770548534095
2026-04-01 17:58:37,433,438,1,phase_1_2_guided_close_range_refine,500,-119.36889652070758,277,high_altitude,83.92329406738281,75.39742279052734,0.40629085898399353,100.22808074951172,48.5619010925293,-50.3575439453125,-37.26870346069336,124.52083724904396,-0.5667059165220506,0.0,0.8423663596069002
2026-04-01 17:58:41,433,439,1,phase_1_2_guided_close_range_refine,500,-90.34687508782065,249,high_altitude,71.30180358886719,64.07625579833984,0.40629085898399353,100.59042358398438,48.5619010925293,-50.90806579589844,-23.42493438720703,73.90011964954506,0.27731264692731283,0.0,0.8302310580583606
2026-04-01 17:58:45,433,440,1,phase_1_2_guided_close_range_refine,500,-120.3447185541804,298,high_altitude,87.22999572753906,60.13605880737305,0.40629085898399353,100.06681060791016,48.5619010925293,-50.313011169433594,-26.625057220458984,125.73483507212202,-0.5840348394599741,0.0,0.10747818786156337
2026-04-01 17:58:47,433,441,1,phase_1_2_guided_close_range_refine,500,208.6970408317062,145,success,87.5635986328125,13.566863059997559,0.40629085898399353,36.24530792236328,48.5619010925293,13.165428161621094,22.967823028564453,1.3471198108272016,0.9997236132756083,0.0,0.2649697383070775
2026-04-01 17:58:51,433,442,1,phase_1_2_guided_close_range_refine,500,-102.36226320864435,244,high_altitude,84.48908233642578,85.3353271484375,0.40629085898399353,100.31169891357422,48.5619010925293,-50.6817626953125,-51.41935729980469,167.39911195260487,-0.9759133807428676,0.0,0.7689891033476145
2026-04-01 17:58:54,433,443,1,phase_1_2_guided_close_range_refine,500,-90.45745430320778,237,high_altitude,76.28871154785156,76.3257827758789,0.40629085898399353,100.15620422363281,48.5619010925293,-50.684974670410156,-46.405277252197266,165.52594623310722,-0.9682609249877568,0.0,0.6276748171472882
2026-04-01 17:58:57,434,444,1,phase_1_2_guided_close_range_refine,500,195.69480164080045,156,success,79.26990509033203,10.217530250549316,0.40629085898399353,39.56620788574219,48.5619010925293,9.93463134765625,18.780738830566406,36.3693673868218,0.8052109477543039,0.0,0.3565829051841597
2026-04-01 17:58:59,434,445,1,phase_1_2_guided_close_range_refine,500,202.80827845469037,148,success,78.29547882080078,13.872334480285645,0.40629085898399353,38.35325241088867,48.5619010925293,11.075428009033203,10.313608169555664,27.232942645439444,0.8891534143562506,0.0,0.16715523113757622
2026-04-01 17:59:03,434,446,1,phase_1_2_guided_close_range_refine,500,-112.35956766550707,261,high_altitude,79.96803283691406,100.56647491455078,0.40629085898399353,100.24634552001953,48.5619010925293,-50.42265319824219,-48.693424224853516,138.66956045434705,-0.7509133882180826,0.0,0.7727766740325549
2026-04-01 17:59:07,434,447,1,phase_1_2_guided_close_range_refine,500,-96.58575056964638,257,high_altitude,84.55187225341797,113.70362854003906,0.40629085898399353,100.09449005126953,48.5619010925293,-50.43434143066406,-59.741432189941406,135.2615692660775,-0.7103275170542284,0.0,0.5699551798395078
2026-04-01 17:59:11,434,448,1,phase_1_2_guided_close_range_refine,500,-91.27064805811432,258,high_altitude,72.81449890136719,59.73408126831055,0.40629085898399353,100.23906707763672,48.5619010925293,-50.61393737792969,-27.36268424987793,109.17434475013077,-0.3284437517174841,0.0,0.631218950157632
2026-04-01 17:59:17,435,449,1,phase_1_2_guided_close_range_refine,500,-165.7065361248805,424,low_agl,82.95250701904297,200.9325408935547,0.40629085898399353,0.35141342878341675,48.5619010925293,49.69807052612305,-57.019187927246094,109.4522173361344,-0.3330206134121624,0.0,0.3054467047106934
2026-04-01 17:59:23,435,450,1,phase_1_2_guided_close_range_refine,500,-178.79402258427783,397,low_agl,86.75948333740234,198.33872985839844,0.40629085898399353,0.332512766122818,48.5619010925293,49.707855224609375,-62.40607833862305,119.10549444484268,-0.48641916958202625,0.0,0.3326037609823063
2026-04-01 17:59:27,435,451,1,phase_1_2_guided_close_range_refine,500,-115.7143414995684,277,high_altitude,87.42591094970703,98.17524719238281,0.40629085898399353,100.0793228149414,48.5619010925293,-50.10936737060547,-46.11799621582031,118.81579880138575,-0.4819952895537164,0.0,0.7526855616371255
2026-04-01 17:59:29,435,452,1,phase_1_2_guided_close_range_refine,500,202.630093926543,136,success,81.25643920898438,13.664594650268555,0.40629085898399353,36.19322967529297,48.5619010925293,13.212371826171875,24.821020126342773,18.463661062512777,0.9485247098947733,0.0,0.10385300330071709
2026-04-01 17:59:32,436,453,1,phase_1_2_guided_close_range_refine,500,203.71357280005248,136,success,83.38368225097656,13.921154975891113,0.40629085898399353,35.62442398071289,48.5619010925293,13.809772491455078,25.469249725341797,28.25685459636876,0.8808341061728051,0.0,0.21987906235512844
2026-04-01 17:59:36,436,454,1,phase_1_2_guided_close_range_refine,500,-91.69106769640426,244,high_altitude,71.09925842285156,74.12877655029297,0.40629085898399353,100.48696899414062,48.5619010925293,-50.879127502441406,-27.9549503326416,73.40510851963755,0.2856029217615373,0.0,0.7717173764373253
2026-04-01 17:59:39,436,455,1,phase_1_2_guided_close_range_refine,500,-91.88018640482288,251,high_altitude,74.00727081298828,79.69586944580078,0.40629085898399353,100.06017303466797,48.5619010925293,-50.447174072265625,-29.314090728759766,67.83554004397737,0.37726640517549875,0.0,0.7858242250805632
2026-04-01 17:59:43,436,456,1,phase_1_2_guided_close_range_refine,500,-96.83773930658259,242,high_altitude,77.25439453125,90.58717346191406,0.40629085898399353,100.44054412841797,48.5619010925293,-50.897239685058594,-50.26692581176758,150.22619954887358,-0.8679926131217909,0.0,0.5464644484906633
2026-04-01 17:59:47,436,457,1,phase_1_2_guided_close_range_refine,500,-95.66513517023249,255,high_altitude,76.01065063476562,57.67802810668945,0.40629085898399353,100.19558715820312,48.5619010925293,-50.483741760253906,-28.626758575439453,121.45085846241999,-0.521767078819811,0.0,0.6639440498563884
2026-04-01 17:59:51,437,458,1,phase_1_2_guided_close_range_refine,500,-113.58057348262602,268,high_altitude,84.58496856689453,55.54269027709961,0.40629085898399353,100.23562622070312,48.5619010925293,-50.533050537109375,-27.4934139251709,125.98677342984712,-0.5875984773262517,0.0,0.7060296813135952
2026-04-01 17:59:55,437,459,1,phase_1_2_guided_close_range_refine,500,-92.30761950782922,249,high_altitude,73.53417205810547,78.23373413085938,0.40629085898399353,100.38488006591797,48.5619010925293,-50.80818176269531,-31.332305908203125,79.59931145527374,0.18053096518228998,0.0,0.6659032348630396
2026-04-01 17:59:58,437,460,1,phase_1_2_guided_close_range_refine,500,-92.98717954882717,247,high_altitude,71.05897521972656,67.71614837646484,0.40629085898399353,100.1020278930664,48.5619010925293,-50.44029235839844,-26.549203872680664,83.27129628515347,0.11716827544012848,0.0,0.8081887579673892
2026-04-01 18:00:00,437,461,1,phase_1_2_guided_close_range_refine,500,207.36180349995857,140,success,81.13725280761719,13.736149787902832,0.40629085898399353,36.6524658203125,48.5619010925293,12.767253875732422,16.858943939208984,2.493792139091335,0.9990529417743063,0.0,0.2965561577078052
2026-04-01 18:00:04,437,462,1,phase_1_2_guided_close_range_refine,500,-96.11453431827634,249,high_altitude,71.78572845458984,88.27549743652344,0.40629085898399353,100.1336898803711,48.5619010925293,-50.59227752685547,-34.43681335449219,78.58669492968433,0.19788497095772511,0.0,0.7218628064247351
2026-04-01 18:00:08,438,463,1,phase_1_2_guided_close_range_refine,500,-87.44043393421347,266,high_altitude,75.26007843017578,65.25495910644531,0.40629085898399353,100.242919921875,48.5619010925293,-50.47596740722656,-23.349658966064453,74.09193185200652,0.2740946442967543,0.0,0.6881933618863766
2026-04-01 18:00:11,438,464,1,phase_1_2_guided_close_range_refine,500,201.3964744455132,140,success,84.63053894042969,13.683440208435059,0.40629085898399353,36.58460998535156,48.5619010925293,12.84698486328125,27.59600257873535,33.74723385879181,0.8314964333041784,0.0,0.32844214559063084
2026-04-01 18:00:14,438,465,1,phase_1_2_guided_close_range_refine,500,-90.00870703118503,244,high_altitude,81.3894271850586,91.1448974609375,0.40629085898399353,100.22805786132812,48.5619010925293,-50.75170135498047,-52.1058235168457,153.10500134062892,-0.8918370191705114,0.0,0.548912934888908
2026-04-01 18:00:16,438,466,1,phase_1_2_guided_close_range_refine,500,204.13150654892684,144,success,81.04070281982422,13.750336647033691,0.40629085898399353,37.66999435424805,48.5619010925293,11.734062194824219,14.256037712097168,26.51482167874618,0.8948189060432739,0.0,0.09315383474384534
2026-04-01 18:00:18,438,467,1,phase_1_2_guided_close_range_refine,500,205.91319248388209,140,success,79.04851531982422,13.892099380493164,0.40629085898399353,36.80812454223633,48.5619010925293,12.630481719970703,15.1731538772583,4.432791490677806,0.9970086811430093,0.0,0.40204813395475997
2026-04-01 18:00:22,438,468,1,phase_1_2_guided_close_range_refine,500,-104.30788437081873,259,high_altitude,81.69532775878906,96.17455291748047,0.40629085898399353,100.00956726074219,48.5619010925293,-50.38337707519531,-51.10832977294922,169.9165967372665,-0.9845539367482096,0.0,0.6639675131645894
2026-04-01 18:00:26,439,469,1,phase_1_2_guided_close_range_refine,500,-98.66808383584204,252,high_altitude,75.70988464355469,66.71236419677734,0.40629085898399353,100.43412780761719,48.5619010925293,-50.741065979003906,-35.79277801513672,130.41392446493097,-0.6483049568702692,0.0,0.7696985361259193
2026-04-01 18:00:30,439,470,1,phase_1_2_guided_close_range_refine,500,-88.85773931116641,260,high_altitude,74.20325469970703,60.83121871948242,0.40629085898399353,100.3936767578125,48.5619010925293,-50.618324279785156,-17.16509246826172,59.58707575318982,0.5062283090232536,0.0,0.7274394808646029
2026-04-01 18:00:34,439,471,1,phase_1_2_guided_close_range_refine,500,-95.95223324546718,248,high_altitude,88.35433959960938,60.11621856689453,0.40629085898399353,100.1099624633789,48.5619010925293,-50.490386962890625,-37.00387191772461,122.32056010981606,-0.5346556300975953,0.0,0.599180677914091
2026-04-01 18:00:38,439,472,1,phase_1_2_guided_close_range_refine,500,-106.18618486481012,244,high_altitude,74.49442291259766,101.76385498046875,0.40629085898399353,100.2757797241211,48.5619010925293,-50.60888671875,-55.895782470703125,164.9833150243064,-0.9658504152191821,0.0,0.828481653006574
2026-04-01 18:00:41,439,473,1,phase_1_2_guided_close_range_refine,500,-91.18887675633641,235,high_altitude,72.61531066894531,72.22903442382812,0.40629085898399353,100.34388732910156,48.5619010925293,-50.888038635253906,-40.35697555541992,139.0516958780309,-0.7553012109181131,0.0,0.669107953094397
2026-04-01 18:00:46,440,474,1,phase_1_2_guided_close_range_refine,500,-97.36780672126885,266,high_altitude,83.86607360839844,93.77449798583984,0.40629085898399353,100.4946060180664,48.5619010925293,-50.796913146972656,-39.77827453613281,92.73094436108104,-0.04764592524160071,0.0,0.6418396794468
2026-04-01 18:00:49,440,475,1,phase_1_2_guided_close_range_refine,500,-91.06563702936407,237,high_altitude,87.22041320800781,69.9803695678711,0.40629085898399353,100.25984191894531,48.5619010925293,-50.797119140625,-47.67729949951172,166.60454238607895,-0.9727942480317673,0.0,0.5148299874097712
2026-04-01 18:00:51,440,476,1,phase_1_2_guided_close_range_refine,500,210.41896418059537,138,success,82.06534576416016,13.752202987670898,0.40629085898399353,36.63167190551758,48.5619010925293,12.784355163574219,13.364005088806152,29.592313673457163,0.869561184824857,0.0,0.16477694342509733
2026-04-01 18:00:57,440,477,1,phase_1_2_guided_close_range_refine,500,-124.69277093980628,395,low_agl,83.45138549804688,98.66259765625,0.40629085898399353,0.30822235345840454,48.5619010925293,49.69091796875,-20.0948486328125,80.14825375886767,0.17109939316741107,0.0,0.3957530095866604
2026-04-01 18:01:01,440,478,1,phase_1_2_guided_close_range_refine,500,-93.9498311164133,259,high_altitude,74.82292175292969,68.3624038696289,0.40629085898399353,100.31940460205078,48.5619010925293,-50.65235900878906,-26.878511428833008,82.32385342462432,0.13357360690268155,0.0,0.6357563676051138
2026-04-01 18:01:03,441,479,1,phase_1_2_guided_close_range_refine,500,202.42770139194633,141,success,86.74068450927734,13.59066104888916,0.40629085898399353,37.508087158203125,48.5619010925293,11.907733917236328,31.447307586669922,26.75315259209731,0.8929541762424196,0.0,0.2136834630986579
2026-04-01 18:01:07,441,480,1,phase_1_2_guided_close_range_refine,500,-86.23269251886217,251,high_altitude,74.16109466552734,57.738929748535156,0.40629085898399353,100.13810729980469,48.5619010925293,-50.35798645019531,-20.608224868774414,68.08449360903518,0.37323887626906893,0.0,0.7900068405600974
2026-04-01 18:01:11,441,481,1,phase_1_2_guided_close_range_refine,500,-95.5294488379894,252,high_altitude,75.30923461914062,93.64643096923828,0.40629085898399353,100.67117309570312,48.5619010925293,-51.157814025878906,-36.73249435424805,79.65380953466128,0.17959534113924647,0.0,0.7220149713211418
2026-04-01 18:01:14,441,482,1,phase_1_2_guided_close_range_refine,500,-86.7000481896092,250,high_altitude,74.4834976196289,66.50639343261719,0.40629085898399353,100.07185363769531,48.5619010925293,-50.361297607421875,-23.502721786499023,61.168667527208804,0.4822328145692135,0.0,0.8104905036040552
2026-04-01 18:01:18,441,483,1,phase_1_2_guided_close_range_refine,500,-86.77135858883852,240,high_altitude,78.75373077392578,85.96139526367188,0.40629085898399353,100.05571746826172,48.5619010925293,-50.59893798828125,-42.96895217895508,98.22096845366725,-0.14299115112360525,0.0,0.6087667327689505
2026-04-01 18:01:22,442,484,1,phase_1_2_guided_close_range_refine,500,-89.83566435083449,250,high_altitude,80.21595001220703,76.87810516357422,0.40629085898399353,100.56185150146484,48.5619010925293,-51.097984313964844,-38.63286590576172,109.71708524195833,-0.33737598404111957,0.0,0.3026370387586397
2026-04-01 18:01:24,442,485,1,phase_1_2_guided_close_range_refine,500,204.1454919943216,135,success,81.14712524414062,13.504341125488281,0.40629085898399353,36.12761306762695,48.5619010925293,13.28786849975586,24.57748031616211,25.66059553246207,0.9013750519022506,0.0,0.1374377533495769
2026-04-01 18:01:28,442,486,1,phase_1_2_guided_close_range_refine,500,-96.36639235317134,250,high_altitude,73.26007080078125,87.1737289428711,0.40629085898399353,100.18497467041016,48.5619010925293,-50.562232971191406,-36.89200210571289,90.86929434052404,-0.0151714663394965,0.0,0.6916942404100551
2026-04-01 18:01:32,442,487,1,phase_1_2_guided_close_range_refine,500,-90.00897583797399,242,high_altitude,77.15982818603516,85.16950225830078,0.40629085898399353,100.30445861816406,48.5619010925293,-50.785804748535156,-40.83458709716797,102.60804676889063,-0.21828029954319644,0.0,0.6205077331541475
2026-04-01 18:01:34,442,488,1,phase_1_2_guided_close_range_refine,500,203.4196256086173,144,success,88.15927124023438,13.54417610168457,0.40629085898399353,36.31534957885742,48.5619010925293,13.108966827392578,27.288908004760742,31.29271658808852,0.854524864248294,0.0,0.24976378582548264
2026-04-01 18:01:37,442,489,1,phase_1_2_guided_close_range_refine,500,-90.82072652161415,248,high_altitude,73.94029998779297,73.87644958496094,0.40629085898399353,100.64762115478516,48.5619010925293,-51.07122802734375,-29.9315242767334,84.11186034555026,0.10258662903399456,0.0,0.7813711349347918
2026-04-01 18:01:42,443,490,1,phase_1_2_guided_close_range_refine,500,-87.04402554333709,250,high_altitude,77.68075561523438,68.01091766357422,0.40629085898399353,100.12366485595703,48.5619010925293,-50.46612548828125,-26.86625099182129,69.78315482542817,0.3455741045478971,0.0,0.7830793474816438
2026-04-01 18:01:44,443,491,1,phase_1_2_guided_close_range_refine,500,203.85954997765322,141,success,84.9420166015625,13.838616371154785,0.40629085898399353,35.63218688964844,48.5619010925293,13.781326293945312,24.874509811401367,19.345406040962867,0.9435387275714533,0.0,0.1252700171140951
2026-04-01 18:01:46,443,492,1,phase_1_2_guided_close_range_refine,500,203.61449765392848,145,success,86.43599700927734,13.856395721435547,0.40629085898399353,35.968074798583984,48.5619010925293,13.456649780273438,21.8073673248291,33.1324177957477,0.8374095995491297,0.0,0.22293237161650387
2026-04-01 18:01:50,443,493,1,phase_1_2_guided_close_range_refine,500,-105.96477999233028,253,high_altitude,71.1414566040039,101.05612182617188,0.40629085898399353,100.63080596923828,48.5619010925293,-51.03446960449219,-44.460060119628906,118.7601874011635,-0.48114464657003997,0.0,0.8023210013280252
2026-04-01 18:01:52,443,494,1,phase_1_2_guided_close_range_refine,500,210.12839250864806,141,success,83.4894027709961,13.712508201599121,0.40629085898399353,36.4857292175293,48.5619010925293,12.91815185546875,18.450157165527344,13.733031062226928,0.9714124211778878,0.0,0.05423008493228858
2026-04-01 18:01:57,443,495,1,phase_1_2_guided_close_range_refine,500,-105.34722242587819,308,high_altitude,87.47119140625,77.7034912109375,0.40629085898399353,100.11474609375,48.5619010925293,-50.31072235107422,-25.668777465820312,92.90767550585512,-0.05072673091270947,0.0,0.30411167063421385
2026-04-01 18:02:01,444,496,1,phase_1_2_guided_close_range_refine,500,-98.2887252070064,260,high_altitude,72.1890869140625,89.16708374023438,0.40629085898399353,100.13561248779297,48.5619010925293,-50.254425048828125,-28.50497817993164,66.6509939966004,0.39633091977193136,0.0,0.9807397331728885
2026-04-01 18:02:05,444,497,1,phase_1_2_guided_close_range_refine,500,-87.19791087894924,255,high_altitude,81.78707122802734,78.17633056640625,0.40629085898399353,100.39282989501953,48.5619010925293,-50.85894012451172,-36.86915588378906,98.00454024943706,-0.13925157164393268,0.0,0.5520852917242788
2026-04-01 18:02:08,444,498,1,phase_1_2_guided_close_range_refine,500,-90.94998668483565,245,high_altitude,76.63736724853516,79.37972259521484,0.40629085898399353,100.49602508544922,48.5619010925293,-51.037567138671875,-41.52033615112305,131.2086716163753,-0.6588033292593451,0.0,0.4144362318476913
2026-04-01 18:02:10,444,499,1,phase_1_2_guided_close_range_refine,500,207.13252064895028,145,success,88.0026626586914,13.83757209777832,0.40629085898399353,35.99899673461914,48.5619010925293,12.974235534667969,22.80475616455078,30.277753892519208,0.8635913773638708,0.0,0.11991612274243564
2026-04-01 18:02:14,444,500,1,phase_1_2_guided_close_range_refine,500,-88.61024505051199,251,high_altitude,82.71424865722656,62.82536315917969,0.40629085898399353,100.4669418334961,48.5619010925293,-50.990577697753906,-31.590526580810547,107.55219531282026,-0.30157449173625156,0.0,0.5070936606648271
2026-04-01 18:02:19,445,501,1,phase_1_2_guided_close_range_refine,500,-108.79353608055482,292,high_altitude,70.74967956542969,102.07276916503906,0.40629085898399353,100.09292602539062,48.5619010925293,-49.98883056640625,-15.309144020080566,35.44517449022737,0.8146708118880035,0.0,1.2916905148959288
2026-04-01 18:02:25,445,502,1,phase_1_2_guided_close_range_refine,500,-167.64541792170542,455,low_agl,78.18779754638672,298.57879638671875,0.40629085898399353,0.36175736784935,48.5619010925293,49.11783981323242,-31.4016056060791,74.8749174177001,0.26092714214062324,0.0,1.3723263483402
2026-04-01 18:02:30,445,503,1,phase_1_2_guided_close_range_refine,500,-100.67421914198313,277,high_altitude,74.87886810302734,93.83424377441406,0.40629085898399353,100.10406494140625,48.5619010925293,-50.17677307128906,-34.38053894042969,85.52893335303114,0.07795566016321454,0.0,0.8868764635166081
2026-04-01 18:02:34,446,504,1,phase_1_2_guided_close_range_refine,500,-97.31310302197095,268,high_altitude,88.61582946777344,99.99744415283203,0.40629085898399353,100.30118560791016,48.5619010925293,-50.65074157714844,-42.65091323852539,88.08039149862442,0.03349722119641373,0.0,0.7466593273158969
2026-04-01 18:02:38,446,505,1,phase_1_2_guided_close_range_refine,500,-85.65069814628592,246,high_altitude,82.55010986328125,84.96739959716797,0.40629085898399353,100.16641235351562,48.5619010925293,-50.660301208496094,-39.58648681640625,84.39014957309325,0.09775400018164795,0.0,0.706420987257171
2026-04-01 18:02:40,446,506,1,phase_1_2_guided_close_range_refine,500,205.65242186829354,141,success,83.61478424072266,13.560194969177246,0.40629085898399353,35.8538818359375,48.5619010925293,13.553997039794922,23.26534080505371,11.38525684164624,0.9803220026941161,0.0,0.12294811018930703
2026-04-01 18:02:43,446,507,1,phase_1_2_guided_close_range_refine,500,-93.93069086373683,258,high_altitude,81.78146362304688,96.24437713623047,0.40629085898399353,100.01593017578125,48.5619010925293,-50.386810302734375,-48.968292236328125,131.60172168235286,-0.663948682956557,0.0,0.6737349033095034
2026-04-01 18:02:50,446,508,1,phase_1_2_guided_close_range_refine,500,-159.29555945165495,425,low_agl,85.4493179321289,223.79684448242188,0.40629085898399353,0.1876274198293686,48.5619010925293,49.64035415649414,-48.7316780090332,43.82192339400611,0.7214953367822633,0.0,0.7568734835975076
2026-04-01 18:02:53,447,509,1,phase_1_2_guided_close_range_refine,500,204.38091170667602,141,success,79.94585418701172,13.724778175354004,0.40629085898399353,36.35315704345703,48.5619010925293,13.06618881225586,18.536977767944336,7.1351212579606775,0.9922559860280513,0.0,0.2015270999049361
2026-04-01 18:02:56,447,510,1,phase_1_2_guided_close_range_refine,500,-91.60911639526455,256,high_altitude,84.61752319335938,54.78945541381836,0.40629085898399353,100.26362609863281,48.5619010925293,-50.597572326660156,-25.541074752807617,87.82648604641837,0.037925877017228674,0.0,0.7312207587262778
2026-04-01 18:02:58,447,511,1,phase_1_2_guided_close_range_refine,500,206.14731706385749,141,success,84.743408203125,13.986295700073242,0.40629085898399353,35.45845031738281,48.5619010925293,13.950874328613281,22.951610565185547,8.942437977443888,0.9878450035117836,0.0,0.23851725849435287
2026-04-01 18:03:02,447,512,1,phase_1_2_guided_close_range_refine,500,-88.54006928295581,247,high_altitude,75.44437408447266,71.30376434326172,0.40629085898399353,100.0780258178711,48.5619010925293,-50.43090057373047,-37.072288513183594,116.02583044997563,-0.43877630231074966,0.0,0.6671816326987628
2026-04-01 18:03:06,447,513,1,phase_1_2_guided_close_range_refine,500,-92.89142214279164,251,high_altitude,79.00884246826172,73.16144561767578,0.40629085898399353,100.41118621826172,48.5619010925293,-50.73979949951172,-33.68075180053711,103.99374188732448,-0.24181591392519142,0.0,0.6811309912319791
2026-04-01 18:03:08,447,514,1,phase_1_2_guided_close_range_refine,500,202.681443093039,140,success,86.20205688476562,13.792985916137695,0.40629085898399353,36.46367263793945,48.5619010925293,12.951080322265625,29.682140350341797,29.24751889396575,0.8725171652497162,0.0,0.15999573052404575
2026-04-01 18:03:10,447,515,1,phase_1_2_guided_close_range_refine,500,209.74700526364896,141,success,83.5894546508789,13.977537155151367,0.40629085898399353,37.265403747558594,48.5619010925293,12.136428833007812,12.202873229980469,33.63570028474009,0.832576267682638,0.0,0.041595939629108895
2026-04-01 18:03:14,448,516,1,phase_1_2_guided_close_range_refine,500,-96.29938418509387,247,high_altitude,77.42827606201172,95.2533187866211,0.40629085898399353,100.50233459472656,48.5619010925293,-51.020965576171875,-50.260684967041016,152.61373315438658,-0.8879256643486398,0.0,0.48774403216829093
2026-04-01 18:03:16,448,517,1,phase_1_2_guided_close_range_refine,500,203.8228610222544,137,success,81.13341522216797,13.662839889526367,0.40629085898399353,35.75539016723633,48.5619010925293,13.653305053710938,24.890159606933594,12.993303645867975,0.9743963489312583,0.0,0.11638740939529038
2026-04-01 18:03:18,448,518,1,phase_1_2_guided_close_range_refine,500,208.76520752821244,138,success,80.8953628540039,13.749948501586914,0.40629085898399353,37.122554779052734,48.5619010925293,12.277545928955078,13.7418851852417,24.713016068149525,0.9084132258654563,0.0,0.05294434186513127
2026-04-01 18:03:20,448,519,1,phase_1_2_guided_close_range_refine,500,205.52318133787338,140,success,82.38593292236328,13.67370319366455,0.40629085898399353,36.32524490356445,48.5619010925293,13.089973449707031,22.60779571533203,11.682786712081166,0.9792836895227955,0.0,0.21465176771643976
2026-04-01 18:03:24,448,520,1,phase_1_2_guided_close_range_refine,500,-92.43269309016226,245,high_altitude,72.77999114990234,78.42784881591797,0.40629085898399353,100.23297119140625,48.5619010925293,-50.664520263671875,-33.97575759887695,90.48947435096879,-0.00854283511565858,0.0,0.7164369089159248
2026-04-01 18:03:31,449,521,1,phase_1_2_guided_close_range_refine,500,-158.9946672216147,444,low_agl,70.60296630859375,193.89462280273438,0.40629085898399353,0.36137595772743225,48.5619010925293,49.114662170410156,-25.170166015625,46.581514479082614,0.6873218921541443,0.0,1.4270090705529357
2026-04-01 18:03:37,449,522,1,phase_1_2_guided_close_range_refine,500,-190.86477462517865,428,low_agl,70.0484848022461,356.0110778808594,0.40629085898399353,0.37857621908187866,48.5619010925293,49.062644958496094,-44.19915008544922,84.99735339030738,0.08720175893310278,0.0,1.5063885203585459
2026-04-01 18:03:39,449,523,1,phase_1_2_guided_close_range_refine,500,204.6231036439321,138,success,85.52593994140625,13.865988731384277,0.40629085898399353,35.91120147705078,48.5619010925293,13.51401138305664,27.735822677612305,27.370178221337923,0.8880547934372434,0.0,0.13880166840725355
2026-04-01 18:03:43,449,524,1,phase_1_2_guided_close_range_refine,500,-102.96767018792828,251,high_altitude,71.03140258789062,100.16744995117188,0.40629085898399353,100.46355438232422,48.5619010925293,-50.929222106933594,-37.864105224609375,74.23162288091163,0.27174913497886244,0.0,0.8317323564767761
2026-04-01 18:03:47,450,525,1,phase_1_2_guided_close_range_refine,500,-90.67709936544138,243,high_altitude,77.86703491210938,78.49557495117188,0.40629085898399353,100.68415069580078,48.5619010925293,-51.27021789550781,-44.5541877746582,143.59542458186854,-0.8048464066650537,0.0,0.4542246442795942
2026-04-01 18:03:49,450,526,1,phase_1_2_guided_close_range_refine,500,201.9972990158338,147,success,78.85409545898438,13.811017990112305,0.40629085898399353,37.7020378112793,48.5619010925293,11.737411499023438,11.773269653320312,22.957780394861306,0.9207925220026797,0.0,0.3144796654855634
2026-04-01 18:03:53,450,527,1,phase_1_2_guided_close_range_refine,500,-100.48480979508659,267,high_altitude,69.76152801513672,77.61475372314453,0.40629085898399353,100.14136505126953,48.5619010925293,-50.24793243408203,-21.5395450592041,64.66972687310896,0.4278354899567242,0.0,0.9777479872522001
2026-04-01 18:03:57,450,528,1,phase_1_2_guided_close_range_refine,500,-88.50692152502623,261,high_altitude,85.9590835571289,66.5093765258789,0.40629085898399353,100.19025421142578,48.5619010925293,-50.647438049316406,-33.605411529541016,105.42994625467057,-0.2660599760122758,0.0,0.4392374526675757
2026-04-01 18:04:01,450,529,1,phase_1_2_guided_close_range_refine,500,-96.83368960364353,250,high_altitude,79.99472045898438,96.13006591796875,0.40629085898399353,100.19609832763672,48.5619010925293,-50.588623046875,-52.96579360961914,167.2341082426357,-0.9752810695817116,0.0,0.7287065219856872
2026-04-01 18:04:03,450,530,1,phase_1_2_guided_close_range_refine,500,203.38508974782235,142,success,82.42825317382812,13.934741020202637,0.40629085898399353,35.61936569213867,48.5619010925293,13.798690795898438,22.253721237182617,11.836977378820558,0.9787352078657735,0.0,0.09840698595068366
2026-04-01 18:04:07,451,531,1,phase_1_2_guided_close_range_refine,500,-91.78781817307895,254,high_altitude,78.03971862792969,85.02593231201172,0.40629085898399353,100.61015319824219,48.5619010925293,-51.00242614746094,-31.302656173706055,65.49662372497656,0.414746863329228,0.0,0.7782628498331553
2026-04-01 18:04:11,451,532,1,phase_1_2_guided_close_range_refine,500,-92.31862214558763,248,high_altitude,72.23268127441406,68.22892761230469,0.40629085898399353,100.2443618774414,48.5619010925293,-50.51847839355469,-23.13058853149414,58.352177551251515,0.5246966250790168,0.0,0.823567131819718
2026-04-01 18:04:13,451,533,1,phase_1_2_guided_close_range_refine,500,202.64361331431502,142,success,76.70580291748047,13.994987487792969,0.40629085898399353,36.93204116821289,48.5619010925293,12.47662353515625,14.239856719970703,13.129247462239677,0.9738601429381789,0.0,0.08289109153454634
2026-04-01 18:04:17,451,534,1,phase_1_2_guided_close_range_refine,500,-92.80775407656931,286,high_altitude,88.18836975097656,95.62299346923828,0.40629085898399353,100.04212951660156,48.5619010925293,-50.276283264160156,-39.024810791015625,95.91524002384352,-0.10305711275176833,0.0,0.6089721615896033
2026-04-01 18:04:20,451,535,1,phase_1_2_guided_close_range_refine,500,-105.89579297117199,244,high_altitude,71.07109069824219,86.9117431640625,0.40629085898399353,100.60408020019531,48.5619010925293,-51.06932067871094,-45.40329360961914,161.66309176687147,-0.9492230160916005,0.0,0.71033768997486
2026-04-01 18:04:25,452,536,1,phase_1_2_guided_close_range_refine,500,-93.17909406810898,251,high_altitude,77.66190338134766,74.57278442382812,0.40629085898399353,100.49040985107422,48.5619010925293,-50.94676971435547,-32.59635925292969,85.15306121281617,0.08449417836682799,0.0,0.7354301893130775
2026-04-01 18:04:28,452,537,1,phase_1_2_guided_close_range_refine,500,-108.26418527775608,258,high_altitude,74.35784912109375,102.47834014892578,0.40629085898399353,100.3789291381836,48.5619010925293,-50.81700897216797,-50.993778228759766,173.09492964488356,-0.9927467066057978,0.0,0.6674649891934727
2026-04-01 18:04:31,452,538,1,phase_1_2_guided_close_range_refine,500,204.3553048952723,140,success,87.25518035888672,13.940741539001465,0.40629085898399353,36.150299072265625,48.5619010925293,13.268562316894531,29.56421661376953,32.68130429163587,0.8416870184603068,0.0,0.33951483385591974
2026-04-01 18:04:34,452,539,1,phase_1_2_guided_close_range_refine,500,-96.90068390919342,266,high_altitude,76.79800415039062,72.80052947998047,0.40629085898399353,100.28165435791016,48.5619010925293,-50.55956268310547,-22.793590545654297,61.9577319612637,0.4701227999363199,0.0,0.8000861677817906
2026-04-01 18:04:38,452,540,1,phase_1_2_guided_close_range_refine,500,-94.93038475891164,265,high_altitude,76.01664733886719,87.50733947753906,0.40629085898399353,100.13815307617188,48.5619010925293,-50.269813537597656,-35.32198715209961,86.16220117211805,0.0669321495280916,0.0,0.8911448988249623
2026-04-01 18:04:40,452,541,1,phase_1_2_guided_close_range_refine,500,207.08907692525813,140,success,82.2857894897461,13.794811248779297,0.40629085898399353,35.83173751831055,48.5619010925293,13.578353881835938,20.229293823242188,10.956985197666224,0.981770156638693,0.0,0.1511759887200895
2026-04-01 18:04:45,453,542,1,phase_1_2_guided_close_range_refine,500,-98.14414380436884,261,high_altitude,76.11821746826172,87.57991027832031,0.40629085898399353,100.2472915649414,48.5619010925293,-50.70085906982422,-44.28001403808594,154.68666824672874,-0.9039830862822382,0.0,0.41887456050497407
2026-04-01 18:04:48,453,543,1,phase_1_2_guided_close_range_refine,500,-96.24734318507814,261,high_altitude,79.16020965576172,89.88420104980469,0.40629085898399353,100.41415405273438,48.5619010925293,-50.72355651855469,-33.11574935913086,69.35144588874834,0.35263476607088245,0.0,0.8160465544158536
2026-04-01 18:04:51,453,544,1,phase_1_2_guided_close_range_refine,500,204.80843414796945,142,success,87.64881896972656,13.470130920410156,0.40629085898399353,36.89054870605469,48.5619010925293,12.51617431640625,30.43634033203125,25.250722710558776,0.9044497647813498,0.0,0.04707632724313904
2026-04-01 18:04:55,453,545,1,phase_1_2_guided_close_range_refine,500,-96.05194338932145,259,high_altitude,84.7067642211914,59.7924690246582,0.40629085898399353,100.31783294677734,48.5619010925293,-50.649330139160156,-31.214893341064453,109.99548375252805,-0.34194607250698206,0.0,0.7191955306174297
2026-04-01 18:04:57,453,546,1,phase_1_2_guided_close_range_refine,500,205.96146250018214,143,success,83.126953125,13.800983428955078,0.40629085898399353,35.738704681396484,48.5619010925293,13.679248809814453,19.643842697143555,19.25329752491066,0.9440700442533644,0.0,0.1324867798854554
2026-04-01 18:05:01,454,547,1,phase_1_2_guided_close_range_refine,500,-101.601783821131,262,high_altitude,70.53781127929688,95.86922454833984,0.40629085898399353,100.29600524902344,48.5619010925293,-50.43579864501953,-26.574445724487305,56.654281316045555,0.5496895685767098,0.0,0.9784041948171275
2026-04-01 18:05:05,454,548,1,phase_1_2_guided_close_range_refine,500,-99.58562556701567,278,high_altitude,75.65614318847656,69.5323257446289,0.40629085898399353,100.3213882446289,48.5619010925293,-50.42401885986328,-28.179237365722656,102.55144499123874,-0.2173161276073254,0.0,0.864147680776553
2026-04-01 18:05:09,454,549,1,phase_1_2_guided_close_range_refine,500,-88.96514616010265,242,high_altitude,77.59109497070312,74.09127807617188,0.40629085898399353,100.15039825439453,48.5619010925293,-50.68744659423828,-40.912315368652344,122.3958287944696,-0.5357653254135912,0.0,0.507137599956268
2026-04-01 18:05:11,454,550,1,phase_1_2_guided_close_range_refine,500,201.68749112073658,139,success,79.08123779296875,13.81015682220459,0.40629085898399353,36.30971145629883,48.5619010925293,13.116382598876953,17.503917694091797,29.013345858271865,0.8745067571120834,0.0,0.18675543553723042
2026-04-01 18:05:13,454,551,1,phase_1_2_guided_close_range_refine,500,202.94594620245283,139,success,83.1790542602539,13.678912162780762,0.40629085898399353,36.1851806640625,48.5619010925293,13.217697143554688,26.680997848510742,21.396701386467164,0.931076820884213,0.0,0.09072190905503244
2026-04-01 18:05:17,454,552,1,phase_1_2_guided_close_range_refine,500,-105.1913324006604,260,high_altitude,74.17707061767578,81.30915832519531,0.40629085898399353,100.31877136230469,48.5619010925293,-50.74225616455078,-38.89043426513672,156.92837731346197,-0.9200157002647329,0.0,0.5913444274030014
2026-04-01 18:05:21,455,553,1,phase_1_2_guided_close_range_refine,500,-92.9574257404546,247,high_altitude,74.41487884521484,78.94096374511719,0.40629085898399353,100.02420806884766,48.5619010925293,-50.39704895019531,-30.411273956298828,70.49634268799339,0.3338670293738052,0.0,0.8010320593967826
2026-04-01 18:05:25,455,554,1,phase_1_2_guided_close_range_refine,500,-106.31746403454136,254,high_altitude,70.1832504272461,94.89305877685547,0.40629085898399353,100.04186248779297,48.5619010925293,-50.311195373535156,-44.932132720947266,138.32406216537112,-0.7469174892428809,0.0,0.7929652658554843
2026-04-01 18:05:27,455,555,1,phase_1_2_guided_close_range_refine,500,199.88210261375494,141,success,81.60993194580078,13.784900665283203,0.40629085898399353,35.889808654785156,48.5619010925293,13.530231475830078,24.988208770751953,28.522504558852653,0.8786296271039366,0.0,0.21170317260135615
2026-04-01 18:05:30,455,556,1,phase_1_2_guided_close_range_refine,500,-101.71983173988107,239,high_altitude,72.09378814697266,85.80619049072266,0.40629085898399353,100.08533477783203,48.5619010925293,-50.53803253173828,-47.33935546875,168.39659277899352,-0.9795632903213298,0.0,0.6989198772772469
2026-04-01 18:05:34,455,557,1,phase_1_2_guided_close_range_refine,500,-94.61066452886764,259,high_altitude,83.99462890625,68.14435577392578,0.40629085898399353,100.16289520263672,48.5619010925293,-50.42865753173828,-35.159217834472656,112.76588361196609,-0.3869666005499845,0.0,0.7661853226398907
2026-04-01 18:05:38,456,558,1,phase_1_2_guided_close_range_refine,500,-89.0698149478385,262,high_altitude,72.72877502441406,55.8956184387207,0.40629085898399353,100.12715911865234,48.5619010925293,-50.26995086669922,-12.645343780517578,53.673248667888075,0.5923894012254692,0.0,0.9339730840935835
2026-04-01 18:05:41,456,559,1,phase_1_2_guided_close_range_refine,500,204.5290955691772,143,success,78.05529022216797,13.815690040588379,0.40629085898399353,37.479949951171875,48.5619010925293,11.938274383544922,13.477814674377441,12.847058196680601,0.9749670631074331,0.0,0.16074845282591016
2026-04-01 18:05:44,456,560,1,phase_1_2_guided_close_range_refine,500,-85.27529706705198,244,high_altitude,75.62263488769531,71.687255859375,0.40629085898399353,100.26963806152344,48.5619010925293,-50.71800994873047,-30.72223472595215,84.49644780714617,0.09590746437293732,0.0,0.6764361996227515
2026-04-01 18:05:48,456,561,1,phase_1_2_guided_close_range_refine,500,-91.4274051188317,279,high_altitude,70.0101547241211,55.365638732910156,0.40629085898399353,100.11343383789062,48.5619010925293,-50.11393737792969,-9.727222442626953,56.55772293174908,0.5510966027371295,0.0,1.0652123174023531
2026-04-01 18:05:52,456,562,1,phase_1_2_guided_close_range_refine,500,-87.91039873505262,258,high_altitude,74.8957748413086,61.080772399902344,0.40629085898399353,100.01691436767578,48.5619010925293,-50.23554229736328,-17.8173770904541,59.18656029044944,0.5122443345845925,0.0,0.7816035747813755
2026-04-01 18:05:56,457,563,1,phase_1_2_guided_close_range_refine,500,-86.95383250337989,265,high_altitude,71.9344711303711,55.88875198364258,0.40629085898399353,100.00762176513672,48.5619010925293,-50.08185577392578,-11.260479927062988,43.88704924774218,0.7207078251530856,0.0,0.9248106701368451
2026-04-01 18:06:00,457,564,1,phase_1_2_guided_close_range_refine,500,-99.62976777850258,263,high_altitude,74.19007110595703,73.71978759765625,0.40629085898399353,100.46642303466797,48.5619010925293,-50.79331970214844,-35.86457824707031,139.5753664816958,-0.7612595870837862,0.0,0.687577585466714
2026-04-01 18:06:02,457,565,1,phase_1_2_guided_close_range_refine,500,202.98815341215783,136,success,79.00035095214844,13.59388256072998,0.40629085898399353,36.1349983215332,48.5619010925293,13.281856536865234,22.249614715576172,21.709076673063112,0.9290739853964828,0.0,0.13018723399008295
2026-04-01 18:06:06,457,566,1,phase_1_2_guided_close_range_refine,500,-98.02003620028884,254,high_altitude,80.97291564941406,106.29129791259766,0.40629085898399353,100.6046142578125,48.5619010925293,-50.999176025390625,-55.40126037597656,174.88472607537204,-0.9960173325531435,0.0,0.7217744789666368
2026-04-01 18:06:10,457,567,1,phase_1_2_guided_close_range_refine,500,-111.24471768638034,275,high_altitude,78.60539245605469,130.7660675048828,0.40629085898399353,100.27238464355469,48.5619010925293,-50.386627197265625,-60.63547134399414,142.121920551465,-0.789319043871907,0.0,0.7721759003765502
2026-04-01 18:06:15,458,568,1,phase_1_2_guided_close_range_refine,500,-93.38738663277164,257,high_altitude,82.45336151123047,93.462158203125,0.40629085898399353,100.59153747558594,48.5619010925293,-51.0765380859375,-51.35690689086914,161.1199278033154,-0.9461979619523083,0.0,0.5489056727305898
2026-04-01 18:06:19,458,569,1,phase_1_2_guided_close_range_refine,500,-96.72181509054218,265,high_altitude,81.8576889038086,69.13296508789062,0.40629085898399353,100.05680847167969,48.5619010925293,-50.292808532714844,-32.33852767944336,116.77794356062074,-0.45053389969475155,0.0,0.5942882815779107
2026-04-01 18:06:21,458,570,1,phase_1_2_guided_close_range_refine,500,205.5263355119763,138,success,85.324462890625,13.858444213867188,0.40629085898399353,35.83815383911133,48.5619010925293,13.572612762451172,28.638256072998047,18.862709742128896,0.9462959761295728,0.0,0.17415695991116148
2026-04-01 18:06:24,458,571,1,phase_1_2_guided_close_range_refine,500,-89.87735376393165,247,high_altitude,85.68924713134766,65.31623840332031,0.40629085898399353,100.27947235107422,48.5619010925293,-50.745338439941406,-33.226112365722656,92.87738361688612,-0.050198711303813495,0.0,0.7356121602980107
2026-04-01 18:06:27,458,572,1,phase_1_2_guided_close_range_refine,500,204.81289241857888,142,success,80.72808074951172,13.93881893157959,0.40629085898399353,36.73116683959961,48.5619010925293,12.671546936035156,17.120525360107422,15.4300359577462,0.9639560602514234,0.0,0.07699449295119216
2026-04-01 18:06:30,458,573,1,phase_1_2_guided_close_range_refine,500,-97.6382247193822,247,high_altitude,71.09272766113281,70.864990234375,0.40629085898399353,100.38323211669922,48.5619010925293,-50.84431457519531,-28.808313369750977,91.15577296488188,-0.02017067563165796,0.0,0.7759841441586248
2026-04-01 18:06:33,459,574,1,phase_1_2_guided_close_range_refine,500,206.24594787032947,140,success,85.45262908935547,13.65551471710205,0.40629085898399353,35.84407043457031,48.5619010925293,13.557876586914062,25.642236709594727,14.163996362060868,0.9695993052373021,0.0,0.08797268251802022
2026-04-01 18:06:39,459,575,1,phase_1_2_guided_close_range_refine,500,-168.9004362229058,412,low_agl,79.16605377197266,174.40374755859375,0.40629085898399353,0.31318843364715576,48.5619010925293,49.68429946899414,-63.01042938232422,158.82625465737672,-0.9324894106319751,0.0,0.05092966463135196
2026-04-01 18:06:41,459,576,1,phase_1_2_guided_close_range_refine,500,202.6967198628758,149,success,88.41482543945312,10.125900268554688,0.40629085898399353,40.19052505493164,48.5619010925293,9.220207214355469,30.781410217285156,36.77536407637111,0.8009888638785808,0.0,0.12662631702049912
2026-04-01 18:06:44,459,577,1,phase_1_2_guided_close_range_refine,500,-88.40267593547655,244,high_altitude,72.33521270751953,69.28001403808594,0.40629085898399353,100.03997802734375,48.5619010925293,-50.45592498779297,-28.836772918701172,88.09080753710869,0.03331552849827851,0.0,0.7340949730826349
2026-04-01 18:06:46,459,578,1,phase_1_2_guided_close_range_refine,500,204.48073070899991,137,success,76.81908416748047,13.880438804626465,0.40629085898399353,36.73130416870117,48.5619010925293,12.681339263916016,15.539323806762695,9.83593258881369,0.9853009591836198,0.0,0.19073761114362076
2026-04-01 18:06:51,460,579,1,phase_1_2_guided_close_range_refine,500,-96.82523716817197,255,high_altitude,87.81379699707031,73.6388168334961,0.40629085898399353,100.13072967529297,48.5619010925293,-50.520606994628906,-43.575927734375,151.5612010032876,-0.8793262926462415,0.0,0.7561945130688166
2026-04-01 18:06:54,460,580,1,phase_1_2_guided_close_range_refine,500,-95.7281203005636,250,high_altitude,71.07554626464844,84.06881713867188,0.40629085898399353,100.48334503173828,48.5619010925293,-50.832374572753906,-30.209043502807617,74.87613319137238,0.2609066578951914,0.0,0.6943123509075751
2026-04-01 18:06:56,460,581,1,phase_1_2_guided_close_range_refine,500,199.85019257468443,139,success,78.97071838378906,13.581772804260254,0.40629085898399353,36.60171890258789,48.5619010925293,12.826793670654297,21.33081817626953,33.1588608731194,0.8371572553619752,0.0,0.23088562979893887
2026-04-01 18:07:03,460,582,1,phase_1_2_guided_close_range_refine,500,-154.51107037678824,457,low_agl,86.0988998413086,268.661376953125,0.40629085898399353,0.3868352174758911,48.5619010925293,49.01353073120117,-32.08317184448242,75.07680414918735,0.25752400360011707,0.0,1.3638509883470866
2026-04-01 18:07:08,461,583,1,phase_1_2_guided_close_range_refine,500,-99.9096620601183,300,high_altitude,80.0577392578125,84.7530288696289,0.40629085898399353,100.09165954589844,48.5619010925293,-50.0738525390625,-16.081796646118164,47.2656911131482,0.6785996173520237,0.0,0.8580729871903353
2026-04-01 18:07:12,461,584,1,phase_1_2_guided_close_range_refine,500,-93.76286530753977,250,high_altitude,70.79839324951172,74.44625854492188,0.40629085898399353,100.1080551147461,48.5619010925293,-50.32312774658203,-20.572673797607422,44.12648494419157,0.7178045357247769,0.0,0.9928469045981698
2026-04-01 18:07:16,461,585,1,phase_1_2_guided_close_range_refine,500,-95.29037373084493,252,high_altitude,72.46821594238281,83.04195404052734,0.40629085898399353,100.4632568359375,48.5619010925293,-50.818206787109375,-28.58785057067871,60.959684229173924,0.48542492016102434,0.0,0.8757356448762526
2026-04-01 18:07:19,461,586,1,phase_1_2_guided_close_range_refine,500,-93.69434583175406,241,high_altitude,73.6719970703125,74.43866729736328,0.40629085898399353,100.33772277832031,48.5619010925293,-50.85289764404297,-43.61780548095703,159.87038567579657,-0.9389165001476678,0.0,0.6487912074601597
2026-04-01 18:07:23,461,587,1,phase_1_2_guided_close_range_refine,500,-103.50231303452453,283,high_altitude,84.92648315429688,73.83490753173828,0.40629085898399353,100.0830078125,48.5619010925293,-50.16485595703125,-19.611652374267578,59.114884285299325,0.5133183268154091,0.0,0.8066565888152201
2026-04-01 18:07:26,462,588,1,phase_1_2_guided_close_range_refine,500,209.1050870785294,142,success,87.06904602050781,13.580405235290527,0.40629085898399353,36.045467376708984,48.5619010925293,13.35715103149414,25.35920524597168,6.746832260721446,0.9930749537837054,0.0,0.08942598298877771
2026-04-01 18:07:30,462,589,1,phase_1_2_guided_close_range_refine,500,-97.43334107897343,244,high_altitude,81.62779998779297,73.58881378173828,0.40629085898399353,100.67958068847656,48.5619010925293,-51.1810302734375,-43.34892654418945,161.07875542299854,-0.9459651891623457,0.0,0.6284960405944638
2026-04-01 18:07:33,462,590,1,phase_1_2_guided_close_range_refine,500,-89.9440439545391,257,high_altitude,75.12265014648438,73.61241149902344,0.40629085898399353,100.40647888183594,48.5619010925293,-50.56440734863281,-27.02421760559082,80.48765268891476,0.1652601477890003,0.0,0.9193931235852649
2026-04-01 18:07:37,462,591,1,phase_1_2_guided_close_range_refine,500,-92.96858324736536,244,high_altitude,75.137939453125,69.2335205078125,0.40629085898399353,100.34453582763672,48.5619010925293,-50.87983703613281,-37.18782043457031,134.76724115508696,-0.7042283979562531,0.0,0.6453707868299301
2026-04-01 18:07:39,462,592,1,phase_1_2_guided_close_range_refine,500,205.5115297012241,141,success,82.86632537841797,13.64513111114502,0.40629085898399353,35.94655227661133,48.5619010925293,13.457931518554688,21.874406814575195,17.214412633128276,0.9552039471602813,0.0,0.1439942998625869
2026-04-01 18:07:43,462,593,1,phase_1_2_guided_close_range_refine,500,-96.44594524390962,250,high_altitude,70.36734008789062,74.118408203125,0.40629085898399353,100.36105346679688,48.5619010925293,-50.67761993408203,-25.621278762817383,61.05400231142263,0.4839850600925652,0.0,0.8461658394595506
2026-04-01 18:07:45,463,594,1,phase_1_2_guided_close_range_refine,500,200.90293550768877,142,success,83.11771392822266,13.82490062713623,0.40629085898399353,35.654754638671875,48.5619010925293,13.797039031982422,22.827529907226562,34.368538601547435,0.8254236000710516,0.0,0.2902359430448555
2026-04-01 18:07:47,463,595,1,phase_1_2_guided_close_range_refine,500,206.42805505172177,141,success,81.10063934326172,13.889239311218262,0.40629085898399353,36.1883659362793,48.5619010925293,13.236343383789062,15.319539070129395,19.448821935186032,0.942939279885709,0.0,0.27647986552460657
2026-04-01 18:07:51,463,596,1,phase_1_2_guided_close_range_refine,500,-95.42677514312716,248,high_altitude,74.2306137084961,92.9657974243164,0.40629085898399353,100.3748779296875,48.5619010925293,-50.846229553222656,-40.283348083496094,94.48383044929477,-0.07817775067392367,0.0,0.6456429035037354
2026-04-01 18:07:57,463,597,1,phase_1_2_guided_close_range_refine,500,-165.11242676498185,418,low_agl,86.0760269165039,197.7694091796875,0.40629085898399353,0.17931827902793884,48.5619010925293,49.693782806396484,-22.050094604492188,33.92090166372314,0.8298087628644483,0.0,0.8016464194190649
2026-04-01 18:07:59,463,598,1,phase_1_2_guided_close_range_refine,500,202.26812987221697,158,success,88.1317138671875,9.363533020019531,0.40629085898399353,40.9644889831543,48.5619010925293,8.470043182373047,23.50214958190918,36.375224274035084,0.8051503271000076,0.0,0.2987037688721575
2026-04-01 18:08:07,464,599,1,phase_1_2_guided_close_range_refine,500,-155.83278506650413,467,low_agl,87.88668060302734,203.94232177734375,0.40629085898399353,0.34990862011909485,48.5619010925293,49.14646911621094,-19.66400146484375,117.19114268464983,-0.45696042732884945,0.0,1.4905227274657595
2026-04-01 18:08:09,464,600,1,phase_1_2_guided_close_range_refine,500,203.21358523768004,145,success,75.40998840332031,13.974410057067871,0.40629085898399353,39.57225036621094,48.5619010925293,9.844371795654297,5.022171497344971,29.645312526321877,0.8691040223372484,0.0,0.19681232718962202
2026-04-01 18:08:12,464,601,1,phase_1_2_guided_close_range_refine,500,-89.74058658734745,241,high_altitude,80.90957641601562,76.9721908569336,0.40629085898399353,100.4109115600586,48.5619010925293,-50.95189666748047,-45.086090087890625,135.70315465629713,-0.7157311867632896,0.0,0.5769662605412677
2026-04-01 18:08:16,464,602,1,phase_1_2_guided_close_range_refine,500,-84.42447622625518,254,high_altitude,86.94784545898438,55.9665641784668,0.40629085898399353,100.13905334472656,48.5619010925293,-50.495025634765625,-28.093019485473633,94.99591705212731,-0.08708475281203536,0.0,0.5727820717115228
2026-04-01 18:08:21,465,603,1,phase_1_2_guided_close_range_refine,500,-90.96897670564817,250,high_altitude,74.09635162353516,68.14774322509766,0.40629085898399353,100.45457458496094,48.5619010925293,-50.72772216796875,-30.37419891357422,107.41778402014357,-0.2993369642210508,0.0,0.8028507901641133
2026-04-01 18:08:23,465,604,1,phase_1_2_guided_close_range_refine,500,206.2324446874513,145,success,83.05484008789062,13.750631332397461,0.40629085898399353,36.31142044067383,48.5619010925293,13.12906265258789,16.286327362060547,15.682440475882144,0.9627746325424116,0.0,0.3192725692281357
2026-04-01 18:08:27,465,605,1,phase_1_2_guided_close_range_refine,500,-88.21909329808969,250,high_altitude,89.29214477539062,67.22756958007812,0.40629085898399353,100.590087890625,48.5619010925293,-51.14845275878906,-41.61201858520508,137.81961171403066,-0.7410344754418501,0.0,0.5497009045790531
2026-04-01 18:08:29,465,606,1,phase_1_2_guided_close_range_refine,500,201.26686370992877,137,success,76.9352035522461,13.67911434173584,0.40629085898399353,35.91850280761719,48.5619010925293,13.512516021728516,20.86310386657715,15.9618327789761,0.9614450967267371,0.0,0.205713856923743
2026-04-01 18:08:31,465,607,1,phase_1_2_guided_close_range_refine,500,204.8088572432681,141,success,80.28695678710938,13.70091724395752,0.40629085898399353,36.582969665527344,48.5619010925293,12.824928283691406,15.640518188476562,24.677000480656044,0.9086758434143766,0.0,0.12851109493527496
2026-04-01 18:08:33,465,608,1,phase_1_2_guided_close_range_refine,500,200.92309952181637,160,success,85.19425964355469,6.734490394592285,0.40629085898399353,42.75236892700195,48.5619010925293,6.716930389404297,24.220434188842773,35.66769180810264,0.8124124475085642,0.0,0.35662850632035364
2026-04-01 18:08:35,465,609,1,phase_1_2_guided_close_range_refine,500,200.3521481685738,146,success,77.24590301513672,13.710723876953125,0.40629085898399353,37.32208251953125,48.5619010925293,12.115272521972656,14.667106628417969,17.80607093979146,0.9520969965684847,0.0,0.3238314183397504
2026-04-01 18:08:38,465,610,1,phase_1_2_guided_close_range_refine,500,203.0910257930551,162,success,86.76290130615234,4.43874454498291,0.40629085898399353,45.23428726196289,48.5619010925293,4.182220458984375,28.612091064453125,36.453259185302485,0.8043418382746567,0.0,0.0617087724113108
2026-04-01 18:08:42,466,611,1,phase_1_2_guided_close_range_refine,500,-88.22883235763436,248,high_altitude,78.08172607421875,78.41157531738281,0.40629085898399353,100.29513549804688,48.5619010925293,-50.823394775390625,-38.51414108276367,99.57296341873626,-0.16630345895786022,0.0,0.6236352000813344
2026-04-01 18:08:49,466,612,1,phase_1_2_guided_close_range_refine,500,-154.68295213677408,486,low_agl,78.63431549072266,195.33447265625,0.40629085898399353,0.31410646438598633,48.5619010925293,49.21675491333008,-21.09571075439453,121.42870132875247,-0.5214371379471776,0.0,1.4562299179704787
2026-04-01 18:08:53,466,613,1,phase_1_2_guided_close_range_refine,500,-97.54384912454418,271,high_altitude,87.1181411743164,74.10301971435547,0.40629085898399353,100.44279479980469,48.5619010925293,-50.7579345703125,-29.01983642578125,81.88748629893054,0.1411174549746981,0.0,0.6457988142841453
2026-04-01 18:08:57,467,614,1,phase_1_2_guided_close_range_refine,500,-110.95966167799136,275,high_altitude,74.65937805175781,121.80372619628906,0.40629085898399353,100.04242706298828,48.5619010925293,-50.127593994140625,-55.88691711425781,135.84968953475058,-0.7175149516113438,0.0,0.8401384463861099
2026-04-01 18:09:01,467,615,1,phase_1_2_guided_close_range_refine,500,-101.61420685389355,243,high_altitude,72.50847625732422,89.14966583251953,0.40629085898399353,100.12187194824219,48.5619010925293,-50.63710021972656,-48.069366455078125,149.7718143841493,-0.8640272458808534,0.0,0.6748993047502766
2026-04-01 18:09:05,467,616,1,phase_1_2_guided_close_range_refine,500,-93.62266874779881,248,high_altitude,73.86760711669922,71.65210723876953,0.40629085898399353,100.52500915527344,48.5619010925293,-51.08793640136719,-35.62520217895508,117.32465922254525,-0.45903195918837664,0.0,0.5798946069834121
2026-04-01 18:09:07,467,617,1,phase_1_2_guided_close_range_refine,500,198.57532244978188,150,success,86.72756958007812,13.785686492919922,0.40629085898399353,36.13169479370117,48.5619010925293,13.288162231445312,24.08061408996582,34.66731839660047,0.8224686252095665,0.0,0.14329502685292497
2026-04-01 18:09:11,467,618,1,phase_1_2_guided_close_range_refine,500,-97.03247995490987,255,high_altitude,75.85693359375,85.2336196899414,0.40629085898399353,100.5055160522461,48.5619010925293,-50.961326599121094,-31.726348876953125,76.8067954433032,0.22823539926276615,0.0,0.6940719417701139
2026-04-01 18:09:14,467,619,1,phase_1_2_guided_close_range_refine,500,-93.9832789551258,243,high_altitude,72.4188232421875,90.10015106201172,0.40629085898399353,100.17921447753906,48.5619010925293,-50.64036560058594,-37.833038330078125,85.02902497748873,0.08665107785884112,0.0,0.8085062194371619
2026-04-01 18:09:18,468,620,1,phase_1_2_guided_close_range_refine,500,-91.12727027246183,242,high_altitude,77.22469329833984,83.95431518554688,0.40629085898399353,100.3253173828125,48.5619010925293,-50.72802734375,-47.0249137878418,144.87762867399834,-0.8179251423694035,0.0,0.7178336473420445
2026-04-01 18:09:22,468,621,1,phase_1_2_guided_close_range_refine,500,-98.52865500035843,244,high_altitude,70.03404998779297,77.44034576416016,0.40629085898399353,100.35653686523438,48.5619010925293,-50.772796630859375,-35.1170768737793,118.5872196906221,-0.47849600448728546,0.0,0.7706627103005068
2026-04-01 18:09:26,468,622,1,phase_1_2_guided_close_range_refine,500,-100.51152120561275,244,high_altitude,74.32295989990234,93.70040130615234,0.40629085898399353,100.54950714111328,48.5619010925293,-50.9505615234375,-51.53167724609375,170.29228446237389,-0.9856807711131758,0.0,0.6979294099013695
2026-04-01 18:09:29,468,623,1,phase_1_2_guided_close_range_refine,500,-97.39024338388441,252,high_altitude,76.19925689697266,84.87792205810547,0.40629085898399353,100.38099670410156,48.5619010925293,-50.81553649902344,-33.66706085205078,79.30716377390479,0.18554375644025212,0.0,0.7025673535955238
2026-04-01 18:09:33,469,624,1,phase_1_2_guided_close_range_refine,500,-91.04116500130498,248,high_altitude,76.19789123535156,73.57636260986328,0.40629085898399353,100.29076385498047,48.5619010925293,-50.706687927246094,-29.660146713256836,79.22367154149055,0.18697547022468683,0.0,0.6773253750720994
2026-04-01 18:09:36,469,625,1,phase_1_2_guided_close_range_refine,500,203.57750692415692,142,success,76.46040344238281,13.790868759155273,0.40629085898399353,38.07094192504883,48.5619010925293,11.348518371582031,10.574969291687012,15.915320898275606,0.9616680184387207,0.0,0.2016693480445759
2026-04-01 18:09:39,469,626,1,phase_1_2_guided_close_range_refine,500,-97.49277484090554,264,high_altitude,71.80404663085938,81.79495239257812,0.40629085898399353,100.23789978027344,48.5619010925293,-50.37828063964844,-16.98744010925293,33.11841932304376,0.8375431136601077,0.0,1.0262423418571411
2026-04-01 18:09:43,469,627,1,phase_1_2_guided_close_range_refine,500,-87.9296394196839,269,high_altitude,72.07483673095703,60.16132354736328,0.40629085898399353,100.09967041015625,48.5619010925293,-50.09076690673828,-8.585112571716309,45.41940901822372,0.7019118129837012,0.0,1.0519205769987146
2026-04-01 18:09:47,469,628,1,phase_1_2_guided_close_range_refine,500,-86.60841609273405,248,high_altitude,75.76802062988281,59.65525817871094,0.40629085898399353,100.13761901855469,48.5619010925293,-50.459205627441406,-25.283649444580078,81.14994198178505,0.153849170425973,0.0,0.7665906917061011
2026-04-01 18:09:49,469,629,1,phase_1_2_guided_close_range_refine,500,201.83584513316822,137,success,81.33613586425781,13.505152702331543,0.40629085898399353,35.98768615722656,48.5619010925293,13.434822082519531,25.79871940612793,24.838717162087146,0.9074938299261387,0.0,0.24956148794386848
2026-04-01 18:09:53,470,630,1,phase_1_2_guided_close_range_refine,500,-101.04815912147721,251,high_altitude,79.37223052978516,73.60320281982422,0.40629085898399353,100.40043640136719,48.5619010925293,-50.706748962402344,-36.793880462646484,125.36103247922557,-0.57872666059216,0.0,0.6373866507173791
2026-04-01 18:09:57,470,631,1,phase_1_2_guided_close_range_refine,500,-88.599394771426,243,high_altitude,77.82841491699219,74.8780288696289,0.40629085898399353,100.2552261352539,48.5619010925293,-50.81170654296875,-42.73337173461914,149.41888484935643,-0.8609097617222112,0.0,0.5216489921604002
2026-04-01 18:09:59,470,632,1,phase_1_2_guided_close_range_refine,500,202.93131331986896,143,success,88.3938217163086,13.595418930053711,0.40629085898399353,37.02296829223633,48.5619010925293,12.376953125,30.768856048583984,26.658849877774237,0.8936938610968334,0.0,0.031071951026926337
2026-04-01 18:10:02,470,633,1,phase_1_2_guided_close_range_refine,500,-104.50957932981724,248,high_altitude,70.18624114990234,102.27245330810547,0.40629085898399353,100.26937866210938,48.5619010925293,-50.756065368652344,-44.25320816040039,104.94992055980208,-0.2579746777962853,0.0,0.7846538289205103
2026-04-01 18:10:06,470,634,1,phase_1_2_guided_close_range_refine,500,-94.07686248385565,254,high_altitude,72.3451156616211,70.84099578857422,0.40629085898399353,100.238037109375,48.5619010925293,-50.585357666015625,-30.160329818725586,101.06478601649377,-0.19191882777585745,0.0,0.792521480519738
2026-04-01 18:10:08,470,635,1,phase_1_2_guided_close_range_refine,500,208.26884655415395,144,success,87.06356048583984,13.565875053405762,0.40629085898399353,36.253902435302734,48.5619010925293,13.147163391113281,22.748668670654297,11.092245141347279,0.9813187124318008,0.0,0.07987066105907863
2026-04-01 18:10:11,471,636,1,phase_1_2_guided_close_range_refine,500,205.21554816316407,139,success,80.17560577392578,13.796249389648438,0.40629085898399353,36.1086540222168,48.5619010925293,13.304813385009766,18.64105987548828,18.495638300659486,0.9483478075971937,0.0,0.18286962431527787
2026-04-01 18:10:13,471,637,1,phase_1_2_guided_close_range_refine,500,207.90639619353766,146,success,86.11074829101562,13.718515396118164,0.40629085898399353,36.9840202331543,48.5619010925293,12.420478820800781,19.385881423950195,14.97953717065967,0.9660182002877568,0.0,0.1651139950489275
2026-04-01 18:10:17,471,638,1,phase_1_2_guided_close_range_refine,500,-90.58645071555438,270,high_altitude,83.7412338256836,51.31016159057617,0.40629085898399353,100.1814956665039,48.5619010925293,-50.46729278564453,-22.32933235168457,96.51776516147619,-0.11351127576731067,0.0,0.7446545726966324
2026-04-01 18:10:21,471,639,1,phase_1_2_guided_close_range_refine,500,-83.78030491549845,248,high_altitude,78.77425384521484,74.5055923461914,0.40629085898399353,100.40958404541016,48.5619010925293,-50.87133026123047,-32.766666412353516,94.70274484238286,-0.0819862539818729,0.0,0.5923898201140411
2026-04-01 18:10:24,471,640,1,phase_1_2_guided_close_range_refine,500,-86.90942682765002,250,high_altitude,77.16554260253906,63.94218444824219,0.40629085898399353,100.28981018066406,48.5619010925293,-50.72169494628906,-28.497539520263672,90.42061238375672,-0.007341005034723181,0.0,0.521816516542358
2026-04-01 18:10:29,472,641,1,phase_1_2_guided_close_range_refine,500,-100.03371931611142,269,high_altitude,70.44084167480469,86.25059509277344,0.40629085898399353,100.14363861083984,48.5619010925293,-50.1785888671875,-25.578208923339844,74.40834036530737,0.26877961323973926,0.0,1.032307580241464
2026-04-01 18:10:33,472,642,1,phase_1_2_guided_close_range_refine,500,-96.86408466856741,289,high_altitude,82.0195541381836,80.05137634277344,0.40629085898399353,100.15069580078125,48.5619010925293,-50.21861267089844,-18.25130271911621,46.658463390271976,0.6863457719613291,0.0,0.7694155619299061
2026-04-01 18:10:37,472,643,1,phase_1_2_guided_close_range_refine,500,-102.25255777561196,259,high_altitude,71.44672393798828,88.13736724853516,0.40629085898399353,100.11361694335938,48.5619010925293,-50.29094696044922,-38.554840087890625,121.55215016781128,-0.5232744145474487,0.0,0.8806476255111314
2026-04-01 18:10:41,472,644,1,phase_1_2_guided_close_range_refine,500,-106.62608148087604,269,high_altitude,85.66414642333984,60.155067443847656,0.40629085898399353,100.22270965576172,48.5619010925293,-50.80480194091797,-30.90909194946289,128.75615559109883,-0.6260072557200097,0.0,0.5281225594438009
2026-04-01 18:10:43,472,645,1,phase_1_2_guided_close_range_refine,500,202.93174327734744,143,success,82.69123840332031,13.946683883666992,0.40629085898399353,35.54896926879883,48.5619010925293,13.862369537353516,21.944782257080078,15.010093729459014,0.9658802154564099,0.0,0.17487191334286717
2026-04-01 18:10:47,473,646,1,phase_1_2_guided_close_range_refine,500,-100.08761792655635,241,high_altitude,72.20344543457031,89.90479278564453,0.40629085898399353,100.37296295166016,48.5619010925293,-50.806007385253906,-48.58454895019531,160.3522691821193,-0.9417776746708547,0.0,0.6955124645939391
2026-04-01 18:10:51,473,647,1,phase_1_2_guided_close_range_refine,500,-96.37072717369972,264,high_altitude,73.49956512451172,91.99573516845703,0.40629085898399353,100.37467193603516,48.5619010925293,-50.52594757080078,-27.969881057739258,59.43235830811069,0.5085552227751549,0.0,0.9649991516835967
2026-04-01 18:10:55,473,648,1,phase_1_2_guided_close_range_refine,500,-89.71778380585714,245,high_altitude,85.74809265136719,77.27141571044922,0.40629085898399353,100.40289306640625,48.5619010925293,-50.975791931152344,-44.827335357666016,134.02695793208431,-0.6949967462951763,0.0,0.5420899064308956
2026-04-01 18:10:58,473,649,1,phase_1_2_guided_close_range_refine,500,-90.807943763708,250,high_altitude,83.46814727783203,93.88333129882812,0.40629085898399353,100.42654418945312,48.5619010925293,-50.89727020263672,-53.656272888183594,166.06307230943702,-0.9705614506504436,0.0,0.5175130089784643
2026-04-01 18:11:02,473,650,1,phase_1_2_guided_close_range_refine,500,-91.09963255307487,242,high_altitude,81.62128448486328,88.83106231689453,0.40629085898399353,100.14301300048828,48.5619010925293,-50.56298065185547,-52.00449752807617,177.54250294558574,-0.999080304269425,0.0,0.7066232007196204
2026-04-01 18:11:06,474,651,1,phase_1_2_guided_close_range_refine,500,-90.96009161394939,244,high_altitude,85.45305633544922,62.29368591308594,0.40629085898399353,100.5107650756836,48.5619010925293,-51.074989318847656,-38.51418685913086,139.3643546174774,-0.758866294724442,0.0,0.4397928704240444
2026-04-01 18:11:10,474,652,1,phase_1_2_guided_close_range_refine,500,-99.52327179291188,313,high_altitude,77.2908706665039,76.75862884521484,0.40629085898399353,100.12094116210938,48.5619010925293,-50.39158630371094,-20.72260284423828,72.45951664037348,0.3013795901863066,0.0,0.621911538002451
2026-04-01 18:11:12,474,653,1,phase_1_2_guided_close_range_refine,500,205.3284193118442,136,success,84.77071380615234,13.798758506774902,0.40629085898399353,35.94643020629883,48.5619010925293,13.481674194335938,29.2285099029541,23.982911534557473,0.9136667262076112,0.0,0.21025195011409586
2026-04-01 18:11:16,474,654,1,phase_1_2_guided_close_range_refine,500,-97.62998564985323,257,high_altitude,81.8375244140625,77.48568725585938,0.40629085898399353,100.36650848388672,48.5619010925293,-50.821006774902344,-43.79853439331055,157.569404227446,-0.9243424113778954,0.0,0.4795008186926762
2026-04-01 18:11:18,474,655,1,phase_1_2_guided_close_range_refine,500,197.97248081563345,148,success,73.81885528564453,13.777405738830566,0.40629085898399353,37.88557815551758,48.5619010925293,11.61471176147461,13.791376113891602,14.634491381716257,0.9675572523743745,0.0,0.4261892794003554
2026-04-01 18:11:23,475,656,1,phase_1_2_guided_close_range_refine,500,-108.64431896581853,258,high_altitude,85.08782958984375,66.11351013183594,0.40629085898399353,100.02659606933594,48.5619010925293,-50.34307861328125,-35.59468460083008,135.30039206131983,-0.7108042870181215,0.0,0.7565503161517794
2026-04-01 18:11:30,475,657,1,phase_1_2_guided_close_range_refine,500,-109.5776278055913,500,timeout,88.13285827636719,198.3520050048828,0.40629085898399353,9.905158042907715,48.5619010925293,39.68812561035156,-20.423587799072266,89.88123234500081,0.002072885140125275,0.0,1.2712986945627964
2026-04-01 18:11:34,475,658,1,phase_1_2_guided_close_range_refine,500,-93.17511577200912,269,high_altitude,70.99334716796875,63.24813461303711,0.40629085898399353,100.1345443725586,48.5619010925293,-50.25495910644531,-9.14150619506836,38.97309697013319,0.7774413709314172,0.0,0.8702525961931203
2026-04-01 18:11:38,475,659,1,phase_1_2_guided_close_range_refine,500,-97.94444631117497,250,high_altitude,71.39718627929688,72.33891296386719,0.40629085898399353,100.63699340820312,48.5619010925293,-51.12678527832031,-37.28849411010742,141.54778851021206,-0.7831271033954008,0.0,0.6481165213059825
2026-04-01 18:11:45,476,660,1,phase_1_2_guided_close_range_refine,500,-133.88840456100075,465,low_agl,79.0511245727539,110.11338806152344,0.40629085898399353,0.3235725164413452,48.5619010925293,49.20188522338867,-10.418367385864258,58.324235247356995,0.5251117238560964,0.0,1.3837066762805712
2026-04-01 18:11:51,476,661,1,phase_1_2_guided_close_range_refine,500,-182.5395879980598,402,collision,86.37834167480469,124.95537567138672,0.40629085898399353,0.09963291138410568,48.5619010925293,49.666561126708984,-16.74094581604004,23.582886137890043,0.9164822702328822,1.0,1.0788841757858683
2026-04-01 18:11:55,476,662,1,phase_1_2_guided_close_range_refine,500,-104.6498386593762,267,high_altitude,88.04878997802734,81.14421844482422,0.40629085898399353,100.1654052734375,48.5619010925293,-50.401817321777344,-35.044761657714844,95.51292139116227,-0.0960702326475823,0.0,0.6923012988281153
2026-04-01 18:11:59,477,663,1,phase_1_2_guided_close_range_refine,500,-92.62791070173682,249,high_altitude,74.99097442626953,79.71175384521484,0.40629085898399353,100.43869018554688,48.5619010925293,-50.913818359375,-36.32396697998047,101.23452304755774,-0.19482538147615092,0.0,0.6464157142404455
2026-04-01 18:12:03,477,664,1,phase_1_2_guided_close_range_refine,500,-96.92742797589213,245,high_altitude,76.15044403076172,94.99491119384766,0.40629085898399353,100.57627868652344,48.5619010925293,-50.969520568847656,-51.763450622558594,162.36150593026196,-0.9529873059977941,0.0,0.6399347152907494
2026-04-01 18:12:06,477,665,1,phase_1_2_guided_close_range_refine,500,-91.4385966577669,245,high_altitude,80.76447296142578,74.27706909179688,0.40629085898399353,100.52180480957031,48.5619010925293,-51.02301025390625,-42.98603439331055,149.85779280542144,-0.8647817457135888,0.0,0.6048681844975594
2026-04-01 18:12:08,477,666,1,phase_1_2_guided_close_range_refine,500,204.5858894031599,142,success,81.67717742919922,13.921540260314941,0.40629085898399353,36.77631378173828,48.5619010925293,12.634151458740234,14.591741561889648,33.207037612430085,0.8366970502254114,0.0,0.16922415327360965
2026-04-01 18:12:10,477,667,1,phase_1_2_guided_close_range_refine,500,206.1273137511817,136,success,84.23970794677734,13.804192543029785,0.40629085898399353,35.76560592651367,48.5619010925293,13.636478424072266,27.735225677490234,17.19709468848771,0.9552933554367383,0.0,0.056316657711949325
2026-04-01 18:12:14,477,668,1,phase_1_2_guided_close_range_refine,500,-92.22716991951538,275,high_altitude,71.50879669189453,66.55622863769531,0.40629085898399353,100.1332015991211,48.5619010925293,-50.1646728515625,-11.372754096984863,43.91584532528296,0.7203593217050789,0.0,1.054536253390137
2026-04-01 18:12:22,478,669,1,phase_1_2_guided_close_range_refine,500,-124.72488214595072,484,low_agl,86.86436462402344,87.64201354980469,0.40629085898399353,0.36531007289886475,48.5619010925293,49.104984283447266,1.9997050762176514,85.56846648794718,0.07726775803213097,0.0,1.2699291287677237
2026-04-01 18:12:24,478,670,1,phase_1_2_guided_close_range_refine,500,200.76013939159438,137,success,80.42745971679688,13.857860565185547,0.40629085898399353,35.76911926269531,48.5619010925293,13.66080093383789,23.784334182739258,30.41215152481755,0.8624063280861317,0.0,0.20351272103287565
2026-04-01 18:12:26,478,671,1,phase_1_2_guided_close_range_refine,500,203.52189148240612,140,success,85.51178741455078,13.891683578491211,0.40629085898399353,35.798221588134766,48.5619010925293,13.616127014160156,27.23723602294922,28.66320304066033,0.8774543958139216,0.0,0.2896782499293491
2026-04-01 18:12:28,478,672,1,phase_1_2_guided_close_range_refine,500,204.77846390471308,141,success,83.61548614501953,13.90043830871582,0.40629085898399353,36.46271896362305,48.5619010925293,12.947265625,20.700281143188477,27.488270484540152,0.8871053431497761,0.0,0.13511042326827222
2026-04-01 18:12:35,479,673,1,phase_1_2_guided_close_range_refine,500,-153.76004226003045,464,low_agl,71.22504425048828,207.11892700195312,0.40629085898399353,0.3908786177635193,48.5619010925293,49.01254653930664,-20.921733856201172,80.90482015285164,0.158074998002641,0.0,1.4045890977782904
2026-04-01 18:12:42,479,674,1,phase_1_2_guided_close_range_refine,500,-147.5113623581487,405,low_agl,79.59962463378906,213.50621032714844,0.40629085898399353,0.33297136425971985,48.5619010925293,49.16807174682617,-26.06554412841797,52.29372121027475,0.6116137431827426,0.0,1.375803904331187
2026-04-01 18:12:49,479,675,1,phase_1_2_guided_close_range_refine,500,-143.07938964851394,473,low_agl,77.49856567382812,161.1060791015625,0.40629085898399353,0.2290610671043396,48.5619010925293,49.51384735107422,-29.828693389892578,128.98973440033492,-0.6291811408626067,0.0,1.7830819336239991
2026-04-01 18:12:52,479,676,1,phase_1_2_guided_close_range_refine,500,-90.95903646361388,263,high_altitude,76.3647689819336,68.78279876708984,0.40629085898399353,100.41873931884766,48.5619010925293,-50.65790557861328,-21.363920211791992,61.69274111203471,0.4741997542343399,0.0,0.7252732517440167
2026-04-01 18:12:57,480,677,1,phase_1_2_guided_close_range_refine,500,-94.61114876165111,256,high_altitude,76.86238861083984,96.81912994384766,0.40629085898399353,100.16044616699219,48.5619010925293,-50.48828887939453,-37.58866882324219,77.3580873319716,0.2188570797955039,0.0,0.7289911277312553
2026-04-01 18:12:59,480,678,1,phase_1_2_guided_close_range_refine,500,204.0020173607109,142,success,76.90805053710938,13.976651191711426,0.40629085898399353,37.61562728881836,48.5619010925293,11.796684265136719,10.235759735107422,27.989024095992345,0.8830375112887683,0.0,0.13175178346885466
2026-04-01 18:13:01,480,679,1,phase_1_2_guided_close_range_refine,500,201.78984212618684,139,success,76.84640502929688,13.681726455688477,0.40629085898399353,37.35041809082031,48.5619010925293,12.069236755371094,17.328420639038086,17.550777251636603,0.9534500816878692,0.0,0.15142161504018153
2026-04-01 18:13:04,480,680,1,phase_1_2_guided_close_range_refine,500,-90.16912621433401,247,high_altitude,88.91307067871094,61.61482620239258,0.40629085898399353,100.01123046875,48.5619010925293,-50.59556579589844,-40.03066635131836,155.40241743023273,-0.909253672005655,0.0,0.4980700008338692
2026-04-01 18:13:06,480,681,1,phase_1_2_guided_close_range_refine,500,202.0290456883173,140,success,83.75588989257812,13.888327598571777,0.40629085898399353,37.07386016845703,48.5619010925293,12.33743667602539,24.010971069335938,34.457856985323694,0.8245425769044492,0.0,0.16431854602134777
2026-04-01 18:13:09,480,682,1,phase_1_2_guided_close_range_refine,500,206.99392109328284,140,success,82.98164367675781,13.935590744018555,0.40629085898399353,35.810264587402344,48.5619010925293,13.593284606933594,20.245346069335938,5.023089735922512,0.9961594941407546,0.0,0.20150425189924248
2026-04-01 18:13:11,480,683,1,phase_1_2_guided_close_range_refine,500,208.76784250023357,140,success,85.79300689697266,13.599508285522461,0.40629085898399353,35.82823181152344,48.5619010925293,13.59084701538086,23.535400390625,18.400073708887252,0.9488756055729768,0.0,0.2592392284680552
2026-04-01 18:13:15,481,684,1,phase_1_2_guided_close_range_refine,500,-95.56751347911874,243,high_altitude,69.65206146240234,75.99211120605469,0.40629085898399353,100.34607696533203,48.5619010925293,-50.77360534667969,-34.383174896240234,108.4037013362674,-0.3157103341575678,0.0,0.770196572366362
2026-04-01 18:13:17,481,685,1,phase_1_2_guided_close_range_refine,500,202.3302876743662,151,success,87.06951141357422,10.629809379577637,0.40629085898399353,39.02289581298828,48.5619010925293,10.411975860595703,26.519433975219727,36.353654536636185,0.8053735392075829,0.0,0.32053536693985907
2026-04-01 18:13:19,481,686,1,phase_1_2_guided_close_range_refine,500,209.12705232126157,142,success,85.33291625976562,13.80321979522705,0.40629085898399353,36.388832092285156,48.5619010925293,13.016277313232422,18.347543716430664,21.17985483315031,0.9324508905993056,0.0,0.23084856849042798
2026-04-01 18:13:21,481,687,1,phase_1_2_guided_close_range_refine,500,204.50365526500858,161,success,88.12318420410156,5.202919960021973,0.40629085898399353,44.78446578979492,48.5619010925293,4.648624420166016,29.510732650756836,36.16675324018796,0.8073028843179314,0.0,0.21548093795395432
2026-04-01 18:13:24,481,688,1,phase_1_2_guided_close_range_refine,500,200.58086899804442,144,success,76.66246795654297,13.876185417175293,0.40629085898399353,38.60051345825195,48.5619010925293,10.820812225341797,12.91600513458252,30.431002846926784,0.8622397271939092,0.0,0.1667941684208099
2026-04-01 18:13:27,481,689,1,phase_1_2_guided_close_range_refine,500,-92.92218041298831,247,high_altitude,77.64358520507812,78.24346923828125,0.40629085898399353,100.71509552001953,48.5619010925293,-51.271141052246094,-44.41929244995117,156.194992581521,-0.9149243961353168,0.0,0.5226018151058734
2026-04-01 18:13:35,482,690,1,phase_1_2_guided_close_range_refine,500,-121.51992114440199,477,low_agl,84.40032196044922,92.7862548828125,0.40629085898399353,0.35448959469795227,48.5619010925293,49.12418746948242,-0.39556437730789185,84.75102944808005,0.09148372676410943,0.0,1.538769954689774
2026-04-01 18:13:38,482,691,1,phase_1_2_guided_close_range_refine,500,-100.79397700188532,245,high_altitude,72.69872283935547,88.40892028808594,0.40629085898399353,100.53826904296875,48.5619010925293,-51.015342712402344,-47.856101989746094,167.7499651098901,-0.9772309772574783,0.0,0.6884277439726516
2026-04-01 18:13:40,482,692,1,phase_1_2_guided_close_range_refine,500,201.638432826488,140,success,83.7086181640625,13.525994300842285,0.40629085898399353,36.5401725769043,48.5619010925293,12.88040542602539,26.104467391967773,31.988702619229063,0.848152567291497,0.0,0.24307515165071958
2026-04-01 18:13:44,482,693,1,phase_1_2_guided_close_range_refine,500,-88.32908927757254,243,high_altitude,83.67124938964844,80.85442352294922,0.40629085898399353,100.05670166015625,48.5619010925293,-50.59873962402344,-48.27628707885742,159.24348359301612,-0.935094909141419,0.0,0.46910003430193276
2026-04-01 18:13:49,483,694,1,phase_1_2_guided_close_range_refine,500,-96.6668327433716,270,high_altitude,77.64385986328125,86.3411865234375,0.40629085898399353,100.00779724121094,48.5619010925293,-50.10862731933594,-26.336267471313477,60.027486350872245,0.4995844864335507,0.0,0.9040662230665105
2026-04-01 18:13:52,483,695,1,phase_1_2_guided_close_range_refine,500,-101.91413441248066,241,high_altitude,70.95304107666016,95.41511535644531,0.40629085898399353,100.07849884033203,48.5619010925293,-50.61920928955078,-46.083194732666016,120.2686620001175,-0.504055313071774,0.0,0.6007380325199068
2026-04-01 18:13:56,483,696,1,phase_1_2_guided_close_range_refine,500,-97.9869921830853,257,high_altitude,72.23397827148438,91.636962890625,0.40629085898399353,100.4437026977539,48.5619010925293,-50.7584228515625,-29.68596076965332,63.18209801150184,0.4511564059034206,0.0,0.9246310199746398
2026-04-01 18:13:58,483,697,1,phase_1_2_guided_close_range_refine,500,207.64867327935627,143,success,83.28642272949219,13.641914367675781,0.40629085898399353,36.42933654785156,48.5619010925293,12.97311782836914,18.331987380981445,9.627962720096912,0.9859145295743448,0.0,0.031371911832281316
2026-04-01 18:14:00,483,698,1,phase_1_2_guided_close_range_refine,500,201.22974799890414,141,success,82.85311126708984,13.82131576538086,0.40629085898399353,35.78823471069336,48.5619010925293,13.644737243652344,26.202486038208008,25.32089778163878,0.9039266171171086,0.0,0.21290975341625257
2026-04-01 18:14:04,483,699,1,phase_1_2_guided_close_range_refine,500,-89.47566925024682,243,high_altitude,72.48143005371094,64.68710327148438,0.40629085898399353,100.45569610595703,48.5619010925293,-50.90522766113281,-32.91783142089844,118.84560574692368,-0.48245103563112113,0.0,0.5429618598964369
2026-04-01 18:14:11,484,700,1,phase_1_2_guided_close_range_refine,500,-148.32168691579213,486,low_agl,82.58163452148438,110.3343276977539,0.40629085898399353,0.28670069575309753,48.5619010925293,49.28635787963867,-5.348268032073975,115.38077372438129,-0.4286319844312992,0.0,1.5683800787051427
2026-04-01 18:14:15,484,701,1,phase_1_2_guided_close_range_refine,500,-95.40049893940606,243,high_altitude,76.84212493896484,81.85960388183594,0.40629085898399353,100.17486572265625,48.5619010925293,-50.569183349609375,-43.5925407409668,133.83575361645896,-0.6925934306911148,0.0,0.7104107287146169
2026-04-01 18:14:18,484,702,1,phase_1_2_guided_close_range_refine,500,-81.94882532306033,243,high_altitude,79.79766845703125,71.96162414550781,0.40629085898399353,100.31355285644531,48.5619010925293,-50.81605529785156,-34.48762130737305,103.70493416845966,-0.23692181255451714,0.0,0.48135511247199336
2026-04-01 18:14:22,484,703,1,phase_1_2_guided_close_range_refine,500,-99.03735432244146,241,high_altitude,70.53324890136719,84.4149169921875,0.40629085898399353,100.26937866210938,48.5619010925293,-50.728248596191406,-41.31813049316406,121.73192074676602,-0.5259455751966304,0.0,0.6884545675466042
2026-04-01 18:14:30,485,704,1,phase_1_2_guided_close_range_refine,500,-124.80668621091583,485,low_agl,76.7442855834961,77.5997314453125,0.40629085898399353,0.1899908035993576,48.5619010925293,49.465946197509766,-7.263282775878906,120.92400499060189,-0.5139007071027936,0.0,1.610688045231324
2026-04-01 18:14:33,485,705,1,phase_1_2_guided_close_range_refine,500,-88.85555555844243,254,high_altitude,82.83307647705078,83.01692962646484,0.40629085898399353,100.04915618896484,48.5619010925293,-50.53834533691406,-43.03382873535156,118.50547598663539,-0.47724275014392614,0.0,0.5744086795689591
2026-04-01 18:14:35,485,706,1,phase_1_2_guided_close_range_refine,500,204.48851507195394,141,success,78.67933654785156,13.786067962646484,0.40629085898399353,38.248268127441406,48.5619010925293,11.163986206054688,12.603726387023926,27.11686699558966,0.8900786606301967,0.0,0.15668584480970002
2026-04-01 18:14:39,485,707,1,phase_1_2_guided_close_range_refine,500,-92.16412653462716,274,high_altitude,78.922119140625,76.77722930908203,0.40629085898399353,100.27130889892578,48.5619010925293,-50.359649658203125,-24.066883087158203,59.301211845857274,0.5105247313197671,0.0,1.0153203384489078
2026-04-01 18:14:44,486,708,1,phase_1_2_guided_close_range_refine,500,-89.668011909318,251,high_altitude,74.38298034667969,69.966796875,0.40629085898399353,100.19086456298828,48.5619010925293,-50.71221160888672,-29.883441925048828,100.76949644810661,-0.18685833068577892,0.0,0.511031449478702
2026-04-01 18:14:50,486,709,1,phase_1_2_guided_close_range_refine,500,-147.5739700634103,465,low_agl,74.37652587890625,149.88278198242188,0.40629085898399353,0.29588717222213745,48.5619010925293,49.267181396484375,-19.406068801879883,96.0054190114552,-0.10462252427518895,0.0,1.6986451036068193
2026-04-01 18:14:57,486,710,1,phase_1_2_guided_close_range_refine,500,-147.1700965767103,430,low_agl,73.97038269042969,152.91473388671875,0.40629085898399353,0.36091378331184387,48.5619010925293,49.119354248046875,-12.01434326171875,103.24939470176567,-0.22919010769589532,0.0,1.4462335324447249
2026-04-01 18:15:01,487,711,1,phase_1_2_guided_close_range_refine,500,-96.78724947306686,267,high_altitude,83.5744857788086,81.85318756103516,0.40629085898399353,100.38014221191406,48.5619010925293,-50.63910675048828,-33.81083297729492,87.42560175346281,0.04491660870861525,0.0,0.6679405770774913
2026-04-01 18:15:04,487,712,1,phase_1_2_guided_close_range_refine,500,205.17295569948973,144,success,86.68171691894531,13.78972053527832,0.40629085898399353,35.68239974975586,48.5619010925293,13.718265533447266,25.84307098388672,9.930780010723073,0.9850168215421731,0.0,0.08456718431622885
2026-04-01 18:15:07,487,713,1,phase_1_2_guided_close_range_refine,500,-95.07404501768673,257,high_altitude,75.15099334716797,68.5869369506836,0.40629085898399353,100.34290313720703,48.5619010925293,-50.796913146972656,-36.253684997558594,150.28358679828003,-0.8684895475238424,0.0,0.7123889613846398
2026-04-01 18:15:11,487,714,1,phase_1_2_guided_close_range_refine,500,-93.80688482673474,248,high_altitude,79.24132537841797,78.75379180908203,0.40629085898399353,100.09745025634766,48.5619010925293,-50.517425537109375,-42.36792755126953,142.28047656285767,-0.7910151102627437,0.0,0.6363751189353324
2026-04-01 18:15:15,487,715,1,phase_1_2_guided_close_range_refine,500,-87.27441976762846,246,high_altitude,73.65077209472656,61.601478576660156,0.40629085898399353,100.36212921142578,48.5619010925293,-50.70173645019531,-28.54960823059082,96.04422131613003,-0.10529601158176186,0.0,0.7565133377477316
2026-04-01 18:15:19,488,716,1,phase_1_2_guided_close_range_refine,500,-94.51671879772799,257,high_altitude,70.3393783569336,59.615562438964844,0.40629085898399353,100.44310760498047,48.5619010925293,-50.96411895751953,-28.684669494628906,139.16876532040493,-0.7566387322498533,0.0,0.4608817364059229
2026-04-01 18:15:23,488,717,1,phase_1_2_guided_close_range_refine,500,-95.77744409995007,262,high_altitude,87.1775894165039,74.18582153320312,0.40629085898399353,100.16788482666016,48.5619010925293,-50.68568420410156,-41.59483337402344,158.7088027244092,-0.9317470252458447,0.0,0.4659558465390369
2026-04-01 18:15:27,488,718,1,phase_1_2_guided_close_range_refine,500,-112.29239612861201,266,high_altitude,70.95332336425781,118.74079895019531,0.40629085898399353,100.51435089111328,48.5619010925293,-50.7869873046875,-52.1002197265625,135.90209074606292,-0.7181516914232098,0.0,0.7653043372269756
2026-04-01 18:15:31,488,719,1,phase_1_2_guided_close_range_refine,500,-105.60276633169005,272,high_altitude,85.41680145263672,84.2315673828125,0.40629085898399353,100.19088745117188,48.5619010925293,-50.307212829589844,-37.34467315673828,103.25451734364317,-0.22927713388363305,0.0,0.7662724585121375
2026-04-01 18:15:37,489,720,1,phase_1_2_guided_close_range_refine,500,-152.06430679726185,433,low_agl,77.70858001708984,208.03530883789062,0.40629085898399353,0.3901522755622864,48.5619010925293,49.083457946777344,-39.42487716674805,46.47253881087506,0.6887021599695051,0.0,1.3692140720487909
2026-04-01 18:15:39,489,721,1,phase_1_2_guided_close_range_refine,500,203.15286724162996,136,success,76.42190551757812,13.685946464538574,0.40629085898399353,36.35533142089844,48.5619010925293,13.07080078125,18.694425582885742,9.28201022354118,0.986906408263928,0.0,0.22282586155777706
2026-04-01 18:15:43,489,722,1,phase_1_2_guided_close_range_refine,500,-94.97415638035343,241,high_altitude,70.77167510986328,73.29959869384766,0.40629085898399353,100.31234741210938,48.5619010925293,-50.88694763183594,-38.61075210571289,146.44204252225475,-0.8333270843312698,0.0,0.41139788906709834
2026-04-01 18:15:47,489,723,1,phase_1_2_guided_close_range_refine,500,-107.65341136930968,280,high_altitude,85.23550415039062,56.15584945678711,0.40629085898399353,100.26197814941406,48.5619010925293,-50.60511016845703,-24.649639129638672,104.04194253229726,-0.24263212142492876,0.0,0.527626073858666
2026-04-01 18:15:51,489,724,1,phase_1_2_guided_close_range_refine,500,-87.06281854611399,244,high_altitude,75.1951675415039,73.46920013427734,0.40629085898399353,100.38878631591797,48.5619010925293,-50.845619201660156,-32.88624572753906,87.24831053317679,0.04800758130180041,0.0,0.7258385333495483
2026-04-01 18:15:53,489,725,1,phase_1_2_guided_close_range_refine,500,200.93832817846302,140,success,84.16700744628906,13.844866752624512,0.40629085898399353,37.04140090942383,48.5619010925293,12.363304138183594,25.64690399169922,30.995316491247824,0.857209398414533,0.0,0.05401053887422815
2026-04-01 18:15:57,490,726,1,phase_1_2_guided_close_range_refine,500,-87.45184618727684,252,high_altitude,77.78228759765625,76.47425079345703,0.40629085898399353,100.44563293457031,48.5619010925293,-50.776084899902344,-29.037315368652344,65.39253164202556,0.4163993053195365,0.0,0.8470124431353339
2026-04-01 18:15:59,490,727,1,phase_1_2_guided_close_range_refine,500,203.26781137150027,145,success,87.86543273925781,13.54400634765625,0.40629085898399353,36.30680847167969,48.5619010925293,13.105339050292969,28.416051864624023,25.735437330292488,0.900808631673971,0.0,0.05894714052923966
2026-04-01 18:16:01,490,728,1,phase_1_2_guided_close_range_refine,500,201.59091559651216,142,success,81.1187973022461,13.799314498901367,0.40629085898399353,37.50941467285156,48.5619010925293,11.901283264160156,17.504634857177734,34.04788512567743,0.8285699358692152,0.0,0.19460366792572517
2026-04-01 18:16:05,490,729,1,phase_1_2_guided_close_range_refine,500,-97.31186271097606,247,high_altitude,71.61116790771484,81.97509765625,0.40629085898399353,100.08478546142578,48.5619010925293,-50.444114685058594,-41.01142883300781,128.80466359458427,-0.6266672435650871,0.0,0.7385166018106926
2026-04-01 18:16:07,490,730,1,phase_1_2_guided_close_range_refine,500,200.035376157923,141,success,83.81818389892578,13.620343208312988,0.40629085898399353,36.20417022705078,48.5619010925293,13.225521087646484,26.030521392822266,35.615017389223496,0.8129481570085386,0.0,0.23195726746879378
2026-04-01 18:16:11,490,731,1,phase_1_2_guided_close_range_refine,500,-98.95065317941355,264,high_altitude,82.99565124511719,91.3515396118164,0.40629085898399353,100.1546630859375,48.5619010925293,-50.332794189453125,-43.31100845336914,117.40240043567833,-0.46023697985481804,0.0,0.8476279055820662
2026-04-01 18:16:15,491,732,1,phase_1_2_guided_close_range_refine,500,-87.26982022912875,247,high_altitude,75.00912475585938,74.9218978881836,0.40629085898399353,100.50545501708984,48.5619010925293,-50.86425018310547,-29.086877822875977,65.33953620425542,0.41724007016595654,0.0,0.9368270245922783
2026-04-01 18:16:19,491,733,1,phase_1_2_guided_close_range_refine,500,-96.68472999185201,280,high_altitude,71.17041015625,68.18273162841797,0.40629085898399353,100.22865295410156,48.5619010925293,-50.20880889892578,-5.820782661437988,26.772348838759633,0.8928033097162076,0.0,1.0548799583376611
2026-04-01 18:16:21,491,734,1,phase_1_2_guided_close_range_refine,500,211.51210889815172,145,success,85.79605865478516,13.876955032348633,0.40629085898399353,37.070106506347656,48.5619010925293,12.330585479736328,8.055307388305664,34.0175317650059,0.8288664279752855,0.0,0.03708258697137199
2026-04-01 18:16:25,491,735,1,phase_1_2_guided_close_range_refine,500,-95.52768140650058,260,high_altitude,87.69174194335938,51.11600875854492,0.40629085898399353,100.30743408203125,48.5619010925293,-50.63734436035156,-26.417783737182617,99.49492167727969,-0.16496018731502318,0.0,0.6827851936227305
2026-04-01 18:16:27,491,736,1,phase_1_2_guided_close_range_refine,500,203.1368967658246,147,success,76.62371826171875,13.923588752746582,0.40629085898399353,39.74545669555664,48.5619010925293,9.65765380859375,4.154481410980225,36.4004823135858,0.8048888019508864,0.0,0.09194744444932516
2026-04-01 18:16:31,491,737,1,phase_1_2_guided_close_range_refine,500,-92.33059590014388,249,high_altitude,73.52497863769531,81.42609405517578,0.40629085898399353,100.45183563232422,48.5619010925293,-50.82518768310547,-29.615129470825195,66.59659153986125,0.397202486100967,0.0,0.886700282305364
2026-04-01 18:16:35,492,738,1,phase_1_2_guided_close_range_refine,500,-91.87637644419831,250,high_altitude,77.76325225830078,72.50797271728516,0.40629085898399353,100.61711120605469,48.5619010925293,-51.176177978515625,-41.60319519042969,156.57080325003346,-0.9175521281446384,0.0,0.5588365911098764
2026-04-01 18:16:37,492,739,1,phase_1_2_guided_close_range_refine,500,206.79991715304405,137,success,82.6808853149414,13.892130851745605,0.40629085898399353,35.52644729614258,48.5619010925293,13.875904083251953,23.359058380126953,6.664856330302953,0.9932420253561922,0.0,0.035160892155995264
2026-04-01 18:16:39,492,740,1,phase_1_2_guided_close_range_refine,500,209.12436103070056,143,success,83.5159683227539,13.695655822753906,0.40629085898399353,36.30803680419922,48.5619010925293,13.116691589355469,16.531494140625,18.057076976694844,0.9507482075317046,0.0,0.24156345010813068
2026-04-01 18:16:41,492,741,1,phase_1_2_guided_close_range_refine,500,206.10503930840648,139,success,78.90677642822266,13.808862686157227,0.40629085898399353,36.44796371459961,48.5619010925293,12.962078094482422,15.866645812988281,8.792474344027088,0.9882484672252803,0.0,0.14607252455556538
2026-04-01 18:16:45,492,742,1,phase_1_2_guided_close_range_refine,500,-98.44070999805459,258,high_altitude,80.23136901855469,81.39872741699219,0.40629085898399353,100.19010162353516,48.5619010925293,-50.6683349609375,-42.58252716064453,158.15701906212053,-0.9282069807795886,0.0,0.5748637690226924
2026-04-01 18:16:47,492,743,1,phase_1_2_guided_close_range_refine,500,206.07680350260617,141,success,83.01737213134766,13.895525932312012,0.40629085898399353,35.58460235595703,48.5619010925293,13.81930160522461,21.296680450439453,7.30672463821537,0.9918795225565641,0.0,0.1251006501198507
2026-04-01 18:16:52,493,744,1,phase_1_2_guided_close_range_refine,500,-100.06598320143301,264,high_altitude,72.01751708984375,65.931884765625,0.40629085898399353,100.08308410644531,48.5619010925293,-50.439727783203125,-31.076608657836914,138.7799499717128,-0.7521843616943416,0.0,0.5741353884006329
2026-04-01 18:16:56,493,745,1,phase_1_2_guided_close_range_refine,500,-103.82430448702439,294,high_altitude,87.06659698486328,61.99335861206055,0.40629085898399353,100.0351791381836,48.5619010925293,-49.98883819580078,-15.623832702636719,71.00030819590279,0.325563068476595,0.0,0.9810572289829358
2026-04-01 18:16:58,493,746,1,phase_1_2_guided_close_range_refine,500,200.0574286745119,147,success,85.53437042236328,12.9888334274292,0.40629085898399353,37.65998077392578,48.5619010925293,11.765396118164062,23.13170623779297,36.84965604397334,0.8002119196312663,0.0,0.2684617170674661
2026-04-01 18:17:02,493,747,1,phase_1_2_guided_close_range_refine,500,-92.65657087021091,259,high_altitude,80.78369140625,73.20387268066406,0.40629085898399353,100.38751220703125,48.5619010925293,-50.86292266845703,-31.832622528076172,94.47187078805808,-0.07796965235453662,0.0,0.81738393128413
2026-04-01 18:17:06,493,748,1,phase_1_2_guided_close_range_refine,500,-93.48549722386628,248,high_altitude,75.01272583007812,84.11903381347656,0.40629085898399353,100.28311157226562,48.5619010925293,-50.84907531738281,-38.71648406982422,103.5545060821793,-0.2343702838922005,0.0,0.5422358872973498
2026-04-01 18:17:10,494,749,1,phase_1_2_guided_close_range_refine,500,-88.21605576715841,248,high_altitude,73.76688385009766,65.07274627685547,0.40629085898399353,100.49601745605469,48.5619010925293,-50.81666564941406,-25.3851261138916,75.90757371831434,0.24348680584428714,0.0,0.6978726721221385
2026-04-01 18:17:14,494,750,1,phase_1_2_guided_close_range_refine,500,-92.52797146730015,253,high_altitude,80.87521362304688,75.6427001953125,0.40629085898399353,100.62935638427734,48.5619010925293,-51.22477722167969,-41.24381637573242,140.71871282799924,-0.7740470309358435,0.0,0.3684858655312489
2026-04-01 18:17:16,494,751,1,phase_1_2_guided_close_range_refine,500,201.3735653315228,143,success,87.4872817993164,13.858636856079102,0.40629085898399353,36.4002571105957,48.5619010925293,13.011993408203125,29.333477020263672,29.0816682405395,0.8739277811008851,0.0,0.12528335817027184
2026-04-01 18:17:19,494,752,1,phase_1_2_guided_close_range_refine,500,-94.704238325634,242,high_altitude,70.198486328125,73.98388671875,0.40629085898399353,100.00618743896484,48.5619010925293,-50.585472106933594,-35.26239776611328,117.05356901438745,-0.4548233528011068,0.0,0.552839816653507
2026-04-01 18:17:21,494,753,1,phase_1_2_guided_close_range_refine,500,198.8782407059104,140,success,78.36561584472656,13.889178276062012,0.40629085898399353,35.960262298583984,48.5619010925293,13.507144927978516,19.6776123046875,30.40728159993933,0.8624493514768072,0.0,0.47972077912788613
2026-04-01 18:17:25,494,754,1,phase_1_2_guided_close_range_refine,500,-91.82111939766315,242,high_altitude,78.5623550415039,75.20793151855469,0.40629085898399353,100.39045715332031,48.5619010925293,-50.96998596191406,-41.00047302246094,135.65229706773724,-0.7151110038489733,0.0,0.5267538941001579
2026-04-01 18:17:28,495,755,1,phase_1_2_guided_close_range_refine,500,211.89304205364738,141,success,86.71398162841797,13.815674781799316,0.40629085898399353,37.07194137573242,48.5619010925293,12.3380126953125,17.25147819519043,29.146537962181696,0.873376913476003,0.0,0.156458036253474
2026-04-01 18:17:31,495,756,1,phase_1_2_guided_close_range_refine,500,-99.54958754153094,254,high_altitude,82.511474609375,91.62049102783203,0.40629085898399353,100.1754379272461,48.5619010925293,-50.732391357421875,-50.20009994506836,150.34290016103242,-0.8690022451272863,0.0,0.3589495136597727
2026-04-01 18:17:33,495,757,1,phase_1_2_guided_close_range_refine,500,206.9034163114162,144,success,83.89064025878906,13.727276802062988,0.40629085898399353,35.93034362792969,48.5619010925293,13.469757080078125,19.294801712036133,5.346724162478403,0.9956490397679048,0.0,0.028535781687233978
2026-04-01 18:17:36,495,758,1,phase_1_2_guided_close_range_refine,500,205.28162724219183,139,success,81.92499542236328,13.665791511535645,0.40629085898399353,36.350833892822266,48.5619010925293,13.05300521850586,20.736957550048828,12.977011083376556,0.9744602439780835,0.0,0.11754791486191381
2026-04-01 18:17:38,495,759,1,phase_1_2_guided_close_range_refine,500,205.97298544266386,143,success,86.71118927001953,13.74761962890625,0.40629085898399353,35.87506103515625,48.5619010925293,13.531932830810547,26.37726593017578,8.286644194474285,0.9895594120166414,0.0,0.10979199102083761
2026-04-01 18:17:42,495,760,1,phase_1_2_guided_close_range_refine,500,-97.24488735474242,279,high_altitude,71.20479583740234,69.77832794189453,0.40629085898399353,100.13111114501953,48.5619010925293,-50.14056396484375,-14.727094650268555,47.26495686781243,0.6786090300201748,0.0,0.9927019038188859
2026-04-01 18:17:44,495,761,1,phase_1_2_guided_close_range_refine,500,209.4875929179442,141,success,88.9761962890625,13.56078052520752,0.40629085898399353,36.25614547729492,48.5619010925293,13.149665832519531,28.128938674926758,10.857103926338542,0.9821000090257187,0.0,0.18438251431775934
2026-04-01 18:17:46,496,762,1,phase_1_2_guided_close_range_refine,500,210.04744755272583,142,success,87.46826934814453,13.678354263305664,0.40629085898399353,36.78425979614258,48.5619010925293,12.619712829589844,20.01951789855957,30.535754043132687,0.8613122756798103,0.0,0.09087451290847161
2026-04-01 18:17:50,496,763,1,phase_1_2_guided_close_range_refine,500,-93.37002104374405,250,high_altitude,72.77406311035156,72.3175048828125,0.40629085898399353,100.46299743652344,48.5619010925293,-50.85430145263672,-27.981313705444336,76.50602123301252,0.2333431758804024,0.0,0.761610257622473
2026-04-01 18:17:52,496,764,1,phase_1_2_guided_close_range_refine,500,204.9822726430996,145,success,84.57022094726562,13.920873641967773,0.40629085898399353,35.841514587402344,48.5619010925293,13.587722778320312,17.380313873291016,32.616601909628336,0.8422962485061992,0.0,0.2476275262536419
2026-04-01 18:17:56,496,765,1,phase_1_2_guided_close_range_refine,500,-100.19274972652289,257,high_altitude,82.90567779541016,84.55486297607422,0.40629085898399353,100.09689331054688,48.5619010925293,-50.40436553955078,-45.082664489746094,138.89359065912345,-0.7534898508958967,0.0,0.7639248695273056
2026-04-01 18:18:00,496,766,1,phase_1_2_guided_close_range_refine,500,-97.53171165146684,267,high_altitude,87.10098266601562,131.84022521972656,0.40629085898399353,100.09306335449219,48.5619010925293,-50.42359924316406,-65.32158660888672,141.4488600502736,-0.7820522132116415,0.0,0.6309191177876197
2026-04-01 18:18:07,497,767,1,phase_1_2_guided_close_range_refine,500,-162.4586006256547,459,low_agl,72.56835174560547,226.01019287109375,0.40629085898399353,0.331667423248291,48.5619010925293,49.19483947753906,-40.2429084777832,30.189480527685966,0.8643671415605728,0.0,1.2839015724186433
2026-04-01 18:18:09,497,768,1,phase_1_2_guided_close_range_refine,500,205.16547127869163,140,success,83.11211395263672,13.692926406860352,0.40629085898399353,36.10210037231445,48.5619010925293,13.302288055419922,23.109519958496094,13.912988617610193,0.9706619983458704,0.0,0.10255993832434851
2026-04-01 18:18:13,497,769,1,phase_1_2_guided_close_range_refine,500,-86.67043637818568,252,high_altitude,80.77318572998047,76.40597534179688,0.40629085898399353,100.70497131347656,48.5619010925293,-51.2886962890625,-39.07472229003906,118.88699669329397,-0.4830836836847563,0.0,0.30052874787677963
2026-04-01 18:18:17,497,770,1,phase_1_2_guided_close_range_refine,500,-121.51414041494442,268,high_altitude,72.05873107910156,139.21856689453125,0.40629085898399353,100.29329681396484,48.5619010925293,-50.47211456298828,-60.9566650390625,131.09411568361585,-0.6572978508432055,0.0,0.8697563023849009
2026-04-01 18:18:19,497,771,1,phase_1_2_guided_close_range_refine,500,207.4842436744054,140,success,82.65724182128906,13.657403945922852,0.40629085898399353,36.624794006347656,48.5619010925293,12.777153015136719,18.208332061767578,25.06204898002093,0.9058495774175502,0.0,0.07885970304182022
2026-04-01 18:18:24,498,772,1,phase_1_2_guided_close_range_refine,500,-92.7738638960176,274,high_altitude,80.12457275390625,92.32139587402344,0.40629085898399353,100.36446380615234,48.5619010925293,-50.51332092285156,-37.41108703613281,88.43894910929342,0.027242107166490274,0.0,0.8015091328898768
2026-04-01 18:18:27,498,773,1,phase_1_2_guided_close_range_refine,500,-87.8418010958115,261,high_altitude,76.48287963867188,67.77986907958984,0.40629085898399353,100.33345794677734,48.5619010925293,-50.51611328125,-21.0367488861084,70.26646584128744,0.33764622593007154,0.0,0.7812037734405473
2026-04-01 18:18:31,498,774,1,phase_1_2_guided_close_range_refine,500,-99.81608675988102,243,high_altitude,73.72379302978516,91.10733032226562,0.40629085898399353,100.10456085205078,48.5619010925293,-50.61711120605469,-49.02422332763672,150.17803305484665,-0.8675748520062719,0.0,0.5659843451277262
2026-04-01 18:18:35,498,775,1,phase_1_2_guided_close_range_refine,500,-97.26695153555289,253,high_altitude,72.88436126708984,68.7137451171875,0.40629085898399353,100.52375030517578,48.5619010925293,-51.09660339355469,-35.39888000488281,144.1042463542778,-0.8100850959554409,0.0,0.391881715108512
2026-04-01 18:18:37,498,776,1,phase_1_2_guided_close_range_refine,500,204.19091600736365,142,success,82.69322967529297,13.765114784240723,0.40629085898399353,36.685482025146484,48.5619010925293,12.72469711303711,18.453622817993164,32.72378806827334,0.8412864123863643,0.0,0.2370911037401762
2026-04-01 18:18:39,499,777,1,phase_1_2_guided_close_range_refine,500,206.8596088766294,141,success,84.170654296875,13.853696823120117,0.40629085898399353,36.113311767578125,48.5619010925293,13.286144256591797,22.08438491821289,15.002496851554668,0.9659145464829307,0.0,0.12843427431084073
2026-04-01 18:18:43,499,778,1,phase_1_2_guided_close_range_refine,500,-85.71387043929546,253,high_altitude,73.96368408203125,57.2592887878418,0.40629085898399353,100.39936065673828,48.5619010925293,-50.75065612792969,-23.015357971191406,84.55565188687183,0.09487887051140802,0.0,0.621148600273488
2026-04-01 18:18:45,499,779,1,phase_1_2_guided_close_range_refine,500,208.2187391540235,142,success,87.36417388916016,13.51673412322998,0.40629085898399353,36.39117431640625,48.5619010925293,13.01858901977539,25.937028884887695,14.758925475562842,0.9670062655598506,0.0,0.17937197158936785
2026-04-01 18:18:49,499,780,1,phase_1_2_guided_close_range_refine,500,-96.37712085929589,266,high_altitude,80.91767120361328,71.70114135742188,0.40629085898399353,100.07096099853516,48.5619010925293,-50.19780731201172,-32.27538299560547,105.93360440406731,-0.2745232400258159,0.0,0.9619438986676695
2026-04-01 18:18:53,499,781,1,phase_1_2_guided_close_range_refine,500,-89.14809208339712,241,high_altitude,77.2814712524414,83.78605651855469,0.40629085898399353,100.07848358154297,48.5619010925293,-50.56665802001953,-43.69731521606445,123.81115327352296,-0.5564573655141721,0.0,0.5112948636507607
2026-04-01 18:18:56,499,782,1,phase_1_2_guided_close_range_refine,500,-96.56443308525644,253,high_altitude,70.14289855957031,71.1841812133789,0.40629085898399353,100.41014099121094,48.5619010925293,-50.77793884277344,-33.18867874145508,126.28558054565684,-0.5918103345369684,0.0,0.6015220472669022
2026-04-01 18:19:01,500,783,1,phase_1_2_guided_close_range_refine,500,-91.75096840587527,260,high_altitude,80.2119140625,73.93672180175781,0.40629085898399353,100.09395599365234,48.5619010925293,-50.429847717285156,-34.38847351074219,114.02476943826947,-0.4071315382955235,0.0,0.6202473071911048
2026-04-01 18:19:04,500,784,1,phase_1_2_guided_close_range_refine,500,-100.90595219594415,243,high_altitude,71.618408203125,90.08741760253906,0.40629085898399353,100.32105255126953,48.5619010925293,-50.86224365234375,-44.879417419433594,132.92557626804143,-0.6810478010152701,0.0,0.5167407614142978
2026-04-01 18:19:06,500,785,1,phase_1_2_guided_close_range_refine,500,204.5881089153234,144,success,75.7614974975586,13.942421913146973,0.40629085898399353,39.600128173828125,48.5619010925293,9.814220428466797,4.317957878112793,30.572609743894073,0.8609852759673311,0.0,0.21369667386747138
2026-04-01 18:19:10,500,786,1,phase_1_2_guided_close_range_refine,500,-93.10654385755467,250,high_altitude,72.50288391113281,72.6855697631836,0.40629085898399353,100.26583099365234,48.5619010925293,-50.548606872558594,-29.546472549438477,88.64242727485727,0.023691896928419366,0.0,0.8584529702018145
2026-04-01 18:19:12,500,787,1,phase_1_2_guided_close_range_refine,500,201.82191158125664,141,success,75.9404067993164,13.819175720214844,0.40629085898399353,37.313018798828125,48.5619010925293,12.140209197998047,13.863043785095215,9.099346205699298,0.9874156114066929,0.0,0.3807483960668048
2026-04-01 18:19:16,501,788,1,phase_1_2_guided_close_range_refine,500,-99.48220339657598,251,high_altitude,71.20807647705078,91.64575958251953,0.40629085898399353,100.42023468017578,48.5619010925293,-50.73576354980469,-38.292457580566406,99.2820929827421,-0.16129538487258097,0.0,0.7802245173204835
2026-04-01 18:19:20,501,789,1,phase_1_2_guided_close_range_refine,500,-93.05819456300787,244,high_altitude,75.51020812988281,80.47972869873047,0.40629085898399353,100.5141830444336,48.5619010925293,-51.01947784423828,-43.43347930908203,151.11539455616088,-0.8755943464592109,0.0,0.5469935643081145
2026-04-01 18:19:24,501,790,1,phase_1_2_guided_close_range_refine,500,-99.95798275723408,260,high_altitude,84.74227905273438,94.40766906738281,0.40629085898399353,100.47408294677734,48.5619010925293,-50.85893249511719,-50.784603118896484,159.35593582751122,-0.9357886698850306,0.0,0.4884699269071749
2026-04-01 18:19:26,501,791,1,phase_1_2_guided_close_range_refine,500,207.68108253277387,140,success,82.86549377441406,13.833781242370605,0.40629085898399353,36.51240158081055,48.5619010925293,12.899681091308594,16.420717239379883,31.345305629603033,0.8540477624496974,0.0,0.1831878088462117
2026-04-01 18:19:33,501,792,1,phase_1_2_guided_close_range_refine,500,-135.45178133945214,491,low_agl,80.97142791748047,108.24980163574219,0.40629085898399353,0.2950470447540283,48.5619010925293,49.26642608642578,-6.41984224319458,85.09346781230781,0.08553051409845044,0.0,1.4310767697495665
2026-04-01 18:19:38,502,793,1,phase_1_2_guided_close_range_refine,500,-108.064038722907,263,high_altitude,73.09442901611328,94.41712951660156,0.40629085898399353,100.0835189819336,48.5619010925293,-50.37542724609375,-43.159297943115234,141.1907062204038,-0.77923631512108,0.0,0.6331604591357534
2026-04-01 18:19:41,502,794,1,phase_1_2_guided_close_range_refine,500,-90.81819852655424,249,high_altitude,75.20452880859375,79.29427337646484,0.40629085898399353,100.0509033203125,48.5619010925293,-50.42375946044922,-33.766902923583984,94.30155319091465,-0.07500575878791574,0.0,0.7415881302782117
2026-04-01 18:19:45,502,795,1,phase_1_2_guided_close_range_refine,500,-91.18314138400733,249,high_altitude,86.54994201660156,96.0293197631836,0.40629085898399353,100.3158187866211,48.5619010925293,-50.67204284667969,-54.197540283203125,144.8643644466302,-0.8177919302397081,0.0,0.6169941356262711
2026-04-01 18:19:47,502,796,1,phase_1_2_guided_close_range_refine,500,210.05653700236877,141,success,86.68146514892578,13.88984489440918,0.40629085898399353,35.77556228637695,48.5619010925293,13.647823333740234,19.313451766967773,28.717865044587942,0.8769963855343018,0.0,0.11355122525567354
2026-04-01 18:19:51,502,797,1,phase_1_2_guided_close_range_refine,500,-97.5111378894935,250,high_altitude,72.38275146484375,88.7210464477539,0.40629085898399353,100.11988830566406,48.5619010925293,-50.492431640625,-38.552024841308594,100.96188238645836,-0.19015589836796182,0.0,0.6544421518820156
2026-04-01 18:19:55,503,798,1,phase_1_2_guided_close_range_refine,500,-93.55705489117145,239,high_altitude,70.71749877929688,77.41252136230469,0.40629085898399353,100.35458374023438,48.5619010925293,-50.87505340576172,-35.51725387573242,107.72510155165912,-0.304450397229863,0.0,0.49215923425017005
2026-04-01 18:19:58,503,799,1,phase_1_2_guided_close_range_refine,500,-95.79446999049713,255,high_altitude,76.94332122802734,91.80338287353516,0.40629085898399353,100.40291595458984,48.5619010925293,-50.74736022949219,-45.53030776977539,141.61835802471663,-0.783892437797697,0.0,0.6969629501941612
2026-04-01 18:20:02,503,800,1,phase_1_2_guided_close_range_refine,500,-97.29447586144485,240,high_altitude,71.70811462402344,84.06548309326172,0.40629085898399353,100.47694396972656,48.5619010925293,-51.024658203125,-41.84830856323242,127.09753977380961,-0.6031737396951088,0.0,0.5776958446167558
2026-04-01 18:20:04,503,801,1,phase_1_2_guided_close_range_refine,500,207.09887123198655,143,success,79.1446533203125,13.966354370117188,0.40629085898399353,38.126224517822266,48.5619010925293,11.274555206298828,6.951430797576904,31.623830498672397,0.8515089239131556,0.0,0.06929955134146845
2026-04-01 18:20:08,503,802,1,phase_1_2_guided_close_range_refine,500,-93.57873882364166,250,high_altitude,73.4998779296875,80.12471008300781,0.40629085898399353,100.5685043334961,48.5619010925293,-50.905296325683594,-33.05678176879883,93.4780167921187,-0.0606655713324441,0.0,0.6942425863021244
2026-04-01 18:20:10,504,803,1,phase_1_2_guided_close_range_refine,500,203.55315755180104,140,success,80.04125213623047,13.953888893127441,0.40629085898399353,37.86389923095703,48.5619010925293,11.535591125488281,14.214006423950195,34.95900162510587,0.8195622609641008,0.0,0.02886145475140393
2026-04-01 18:20:12,504,804,1,phase_1_2_guided_close_range_refine,500,203.52291261058383,142,success,85.8907241821289,13.848345756530762,0.40629085898399353,35.925357818603516,48.5619010925293,13.507610321044922,26.537458419799805,24.971463596153637,0.9065181614213679,0.0,0.25490954384253245
2026-04-01 18:20:14,504,805,1,phase_1_2_guided_close_range_refine,500,209.1779868411137,140,success,87.1419448852539,13.92061710357666,0.40629085898399353,35.6387939453125,48.5619010925293,13.769950866699219,26.896648406982422,5.969593018553961,0.9945772287732686,0.0,0.07073657319113623
2026-04-01 18:20:17,504,806,1,phase_1_2_guided_close_range_refine,500,203.75752089100263,143,success,85.76146697998047,13.600316047668457,0.40629085898399353,35.93370819091797,48.5619010925293,13.471115112304688,26.033153533935547,16.93744846228426,0.956623377046431,0.0,0.08045562824788206
2026-04-01 18:20:19,504,807,1,phase_1_2_guided_close_range_refine,500,205.8003059644254,137,success,82.74778747558594,13.537741661071777,0.40629085898399353,36.00783920288086,48.5619010925293,13.440723419189453,24.0325870513916,23.087967215536334,0.919903872424413,0.0,0.45151120893621594
2026-04-01 18:20:23,504,808,1,phase_1_2_guided_close_range_refine,500,-105.0929864762584,274,high_altitude,87.53170776367188,51.29637908935547,0.40629085898399353,100.11076354980469,48.5619010925293,-50.2945556640625,-21.108755111694336,91.57092552301359,-0.027414387644018687,0.0,0.7151786749868336
2026-04-01 18:20:26,504,809,1,phase_1_2_guided_close_range_refine,500,-89.4900870441528,239,high_altitude,78.508056640625,80.52179718017578,0.40629085898399353,100.084228515625,48.5619010925293,-50.659339904785156,-45.36274337768555,148.79733763488525,-0.8553401880567849,0.0,0.3755972409687782
2026-04-01 18:20:31,505,810,1,phase_1_2_guided_close_range_refine,500,-96.68448496468417,263,high_altitude,87.84619140625,64.1308822631836,0.40629085898399353,100.12276458740234,48.5619010925293,-50.420372009277344,-34.94060134887695,116.1471892511484,-0.4406786430800624,0.0,0.667267765629805
2026-04-01 18:20:37,505,811,1,phase_1_2_guided_close_range_refine,500,-169.88146112072766,403,low_agl,86.5208511352539,232.99632263183594,0.40629085898399353,0.22394119203090668,48.5619010925293,49.42750930786133,-32.14307403564453,32.963551613802885,0.839016867268447,0.0,1.1906239746209046
2026-04-01 18:20:41,505,812,1,phase_1_2_guided_close_range_refine,500,-92.97220130672555,251,high_altitude,84.84253692626953,70.44361114501953,0.40629085898399353,100.61550903320312,48.5619010925293,-51.098899841308594,-37.404273986816406,117.07113626093272,-0.4550963893638229,0.0,0.5005403816159371
2026-04-01 18:20:45,505,813,1,phase_1_2_guided_close_range_refine,500,-88.2811306006301,238,high_altitude,78.86780548095703,75.20451354980469,0.40629085898399353,100.71717071533203,48.5619010925293,-51.272987365722656,-43.056358337402344,143.97562023182812,-0.8087668142717674,0.0,0.5029673646705837
2026-04-01 18:20:49,506,814,1,phase_1_2_guided_close_range_refine,500,-107.46772856799494,244,high_altitude,69.924560546875,100.67160034179688,0.40629085898399353,100.1882553100586,48.5619010925293,-50.56877136230469,-51.832820892333984,176.1718205829476,-0.9977687525451695,0.0,0.5678574967782005
2026-04-01 18:20:53,506,815,1,phase_1_2_guided_close_range_refine,500,-87.96935931008409,254,high_altitude,86.95390319824219,87.64662170410156,0.40629085898399353,100.30751037597656,48.5619010925293,-50.62553405761719,-44.31930160522461,114.12450386053,-0.4087208175995941,0.0,0.5995043947497879
2026-04-01 18:20:55,506,816,1,phase_1_2_guided_close_range_refine,500,207.41696926736145,141,success,88.10403442382812,13.985761642456055,0.40629085898399353,37.13778305053711,48.5619010925293,12.26531982421875,27.579708099365234,21.487197977875248,0.9304994348508788,0.0,0.08560806947959144
2026-04-01 18:20:59,506,817,1,phase_1_2_guided_close_range_refine,500,-98.6136501411222,248,high_altitude,84.8133773803711,55.30135726928711,0.40629085898399353,100.42284393310547,48.5619010925293,-50.999961853027344,-34.02577209472656,138.35408767696248,-0.7472658323167924,0.0,0.3758112011280377
2026-04-01 18:21:01,506,818,1,phase_1_2_guided_close_range_refine,500,206.2823850015031,136,success,84.40138244628906,13.865388870239258,0.40629085898399353,36.273258209228516,48.5619010925293,13.131153106689453,26.558055877685547,23.1199768970816,0.9196846481248744,0.0,0.22784994309286097
2026-04-01 18:21:05,506,819,1,phase_1_2_guided_close_range_refine,500,-91.84147064796049,256,high_altitude,88.3155746459961,78.34554290771484,0.40629085898399353,100.12254333496094,48.5619010925293,-50.493553161621094,-40.92418670654297,111.85315860298812,-0.37222911791395297,0.0,0.5007871695513739
2026-04-01 18:21:07,507,820,1,phase_1_2_guided_close_range_refine,500,203.61624646152686,136,success,80.04166412353516,13.887175559997559,0.40629085898399353,35.52226638793945,48.5619010925293,13.883525848388672,25.398479461669922,9.553083356226061,0.9861322650654908,0.0,0.05812051155482378
2026-04-01 18:21:11,507,821,1,phase_1_2_guided_close_range_refine,500,-91.88085599227597,241,high_altitude,78.47681427001953,82.05619812011719,0.40629085898399353,100.52818298339844,48.5619010925293,-50.97370910644531,-46.87834548950195,144.39924222453064,-0.8130930620055772,0.0,0.7088166224647853
2026-04-01 18:21:15,507,822,1,phase_1_2_guided_close_range_refine,500,-93.66619630894616,240,high_altitude,77.03007507324219,85.7492446899414,0.40629085898399353,100.63992309570312,48.5619010925293,-51.120094299316406,-48.63311767578125,162.3479001934353,-0.9529153248356884,0.0,0.6110877380751345
2026-04-01 18:21:18,507,823,1,phase_1_2_guided_close_range_refine,500,-93.24385894133088,247,high_altitude,86.719482421875,59.66699981689453,0.40629085898399353,100.13005828857422,48.5619010925293,-50.62047576904297,-33.258121490478516,108.23636853179126,-0.31293785090293647,0.0,0.4803760428919535
2026-04-01 18:21:22,507,824,1,phase_1_2_guided_close_range_refine,500,-109.18205197428787,266,high_altitude,76.3520278930664,88.02655792236328,0.40629085898399353,100.47525787353516,48.5619010925293,-50.83478546142578,-40.75717544555664,148.6758149091724,-0.854239460082834,0.0,0.5526088682591789
2026-04-01 18:21:24,507,825,1,phase_1_2_guided_close_range_refine,500,205.84419817072475,139,success,77.64865112304688,13.819879531860352,0.40629085898399353,37.257606506347656,48.5619010925293,12.154712677001953,12.248422622680664,22.679953912634573,0.9226730500244299,0.0,0.15451595336119697
2026-04-01 18:21:29,508,826,1,phase_1_2_guided_close_range_refine,500,-101.37596760909702,262,high_altitude,82.0062026977539,86.60025024414062,0.40629085898399353,100.17154693603516,48.5619010925293,-50.42303466796875,-35.9752197265625,98.42265710966856,-0.146474216132019,0.0,0.5949669227548384
2026-04-01 18:21:33,508,827,1,phase_1_2_guided_close_range_refine,500,-88.36830794278362,245,high_altitude,88.05736541748047,70.28409576416016,0.40629085898399353,100.20455932617188,48.5619010925293,-50.64441680908203,-42.40278625488281,133.56929427655842,-0.6892313494549066,0.0,0.5659365828128423
2026-04-01 18:21:37,508,828,1,phase_1_2_guided_close_range_refine,500,-88.46605995216179,242,high_altitude,74.59355163574219,70.38526916503906,0.40629085898399353,100.68408203125,48.5619010925293,-51.215118408203125,-33.830169677734375,104.5342830582393,-0.2509592525117486,0.0,0.46566000898215115
2026-04-01 18:21:41,508,829,1,phase_1_2_guided_close_range_refine,500,-97.42217598726059,264,high_altitude,77.42583465576172,80.88129425048828,0.40629085898399353,100.17720794677734,48.5619010925293,-50.38282012939453,-29.63448143005371,77.85059178245372,0.21046166261802027,0.0,0.7863812020406601
2026-04-01 18:21:45,509,830,1,phase_1_2_guided_close_range_refine,500,-93.78851662118454,247,high_altitude,87.07906341552734,76.188720703125,0.40629085898399353,100.34163665771484,48.5619010925293,-50.74525451660156,-41.855899810791016,116.82552265837906,-0.4512751022429057,0.0,0.6316029146752097
2026-04-01 18:21:49,509,831,1,phase_1_2_guided_close_range_refine,500,-102.19257960406097,278,high_altitude,84.90282440185547,92.87325286865234,0.40629085898399353,100.22235107421875,48.5619010925293,-50.33720397949219,-37.32461166381836,91.38388079259279,-0.024150927928259337,0.0,0.7896973280324117
2026-04-01 18:21:53,509,832,1,phase_1_2_guided_close_range_refine,500,-88.4950170609066,242,high_altitude,77.17719268798828,69.47300720214844,0.40629085898399353,100.25341796875,48.5619010925293,-50.73698425292969,-33.566253662109375,96.45724285524071,-0.1124617263825552,0.0,0.5700016178053989
2026-04-01 18:21:56,509,833,1,phase_1_2_guided_close_range_refine,500,-89.42944844668762,243,high_altitude,85.745849609375,76.65470123291016,0.40629085898399353,100.04708862304688,48.5619010925293,-50.52018737792969,-41.11264419555664,114.44393131744398,-0.4138025715005023,0.0,0.6311513266936546
2026-04-01 18:21:58,509,834,1,phase_1_2_guided_close_range_refine,500,203.12885426862164,139,success,78.54087829589844,13.702347755432129,0.40629085898399353,36.16984176635742,48.5619010925293,13.260345458984375,19.356300354003906,14.926410251748019,0.9662574523683263,0.0,0.23111829608420056
2026-04-01 18:22:02,510,835,1,phase_1_2_guided_close_range_refine,500,-92.19775893316734,250,high_altitude,79.24864196777344,74.61836242675781,0.40629085898399353,100.35984802246094,48.5619010925293,-50.6551513671875,-36.7969856262207,117.03828305102495,-0.4545857379853203,0.0,0.7523764513877967
2026-04-01 18:22:06,510,836,1,phase_1_2_guided_close_range_refine,500,-99.8877086368863,243,high_altitude,73.92359924316406,98.15332794189453,0.40629085898399353,100.61547088623047,48.5619010925293,-51.112152099609375,-52.31871795654297,162.91134981882632,-0.9558512429953884,0.0,0.4337356597453075
2026-04-01 18:22:08,510,837,1,phase_1_2_guided_close_range_refine,500,203.27549384398492,137,success,82.11717224121094,13.715989112854004,0.40629085898399353,35.978511810302734,48.5619010925293,13.43808364868164,25.962419509887695,15.042550788394914,0.9657333476226985,0.0,0.2196839769726208
2026-04-01 18:22:12,510,838,1,phase_1_2_guided_close_range_refine,500,-86.24190870125754,255,high_altitude,88.35725402832031,62.046974182128906,0.40629085898399353,100.11077880859375,48.5619010925293,-50.43293762207031,-34.09713363647461,114.03878498644634,-0.4073549522504613,0.0,0.623015758915301
2026-04-01 18:22:15,510,839,1,phase_1_2_guided_close_range_refine,500,-87.74456689743985,246,high_altitude,74.3331527709961,65.94007873535156,0.40629085898399353,100.64398956298828,48.5619010925293,-51.078392028808594,-30.795400619506836,93.45538837539844,-0.06027135365688106,0.0,0.517577813728504
2026-04-01 18:22:23,511,840,1,phase_1_2_guided_close_range_refine,500,-148.62249246970833,467,low_agl,82.06027221679688,147.23451232910156,0.40629085898399353,0.3220047652721405,48.5619010925293,49.20124435424805,-15.277310371398926,118.28229272531605,-0.47381607466924486,0.0,1.4176826016943698
2026-04-01 18:22:26,511,841,1,phase_1_2_guided_close_range_refine,500,-93.2958485589908,247,high_altitude,73.24562072753906,62.104942321777344,0.40629085898399353,100.1553726196289,48.5619010925293,-50.73918151855469,-32.06684875488281,136.11464623303374,-0.7207283389715451,0.0,0.3937091532968246
2026-04-01 18:22:29,511,842,1,phase_1_2_guided_close_range_refine,500,203.09837648716086,141,success,86.21746826171875,13.17028522491455,0.40629085898399353,37.29933547973633,48.5619010925293,12.113967895507812,26.62174415588379,36.83288792956096,0.8003873979195564,0.0,0.340228151668511
2026-04-01 18:22:33,511,843,1,phase_1_2_guided_close_range_refine,500,-109.871869698795,261,high_altitude,69.5030288696289,119.81291198730469,0.40629085898399353,100.49612426757812,48.5619010925293,-50.788230895996094,-42.58165740966797,85.04125101610306,0.08643849385837889,0.0,0.7341969084449079
2026-04-01 18:22:40,512,844,1,phase_1_2_guided_close_range_refine,500,-180.7701203842616,451,low_agl,71.84475708007812,317.42352294921875,0.40629085898399353,0.3301173448562622,48.5619010925293,49.195308685302734,-44.5081672668457,112.820839314028,-0.3878508559404836,0.0,1.7464800385643842
2026-04-01 18:22:43,512,845,1,phase_1_2_guided_close_range_refine,500,-89.1756760599204,241,high_altitude,79.102294921875,86.93743896484375,0.40629085898399353,100.0789794921875,48.5619010925293,-50.501129150390625,-48.20808792114258,134.38140376887296,-0.6994314105101245,0.0,0.7351917397370833
2026-04-01 18:22:47,512,846,1,phase_1_2_guided_close_range_refine,500,-93.02666762051182,243,high_altitude,87.48754119873047,59.447486877441406,0.40629085898399353,100.07463836669922,48.5619010925293,-50.65687561035156,-40.571617126464844,152.1961080677753,-0.8845492929142945,0.0,0.28759743567852236
2026-04-01 18:22:51,512,847,1,phase_1_2_guided_close_range_refine,500,-110.39850229767703,277,high_altitude,84.75554656982422,87.01683807373047,0.40629085898399353,100.28880310058594,48.5619010925293,-50.358604431152344,-36.87408447265625,110.22246459902591,-0.3456661379357431,0.0,0.9301756341498837
2026-04-01 18:22:55,512,848,1,phase_1_2_guided_close_range_refine,500,-94.11295824225627,259,high_altitude,72.2894287109375,76.56937408447266,0.40629085898399353,100.19815063476562,48.5619010925293,-50.466087341308594,-22.41570472717285,58.270283583103065,0.5259128529778906,0.0,0.8110914124818118
2026-04-01 18:22:59,513,849,1,phase_1_2_guided_close_range_refine,500,-101.52780963866988,252,high_altitude,75.80680084228516,91.53539276123047,0.40629085898399353,100.48445892333984,48.5619010925293,-50.85657501220703,-48.62964630126953,163.60014707586544,-0.9593146992955871,0.0,0.6223080734431201
2026-04-01 18:23:03,513,850,1,phase_1_2_guided_close_range_refine,500,-92.8796181486479,272,high_altitude,81.48246002197266,54.4065055847168,0.40629085898399353,100.31962585449219,48.5619010925293,-50.48591613769531,-15.532546997070312,60.45561626842698,0.4930976265864293,0.0,0.9904585415812099
2026-04-01 18:23:07,513,851,1,phase_1_2_guided_close_range_refine,500,-102.93874422120851,244,high_altitude,72.12561798095703,99.90399932861328,0.40629085898399353,100.571044921875,48.5619010925293,-51.04009246826172,-50.65747833251953,146.1128820457735,-0.8301376642425291,0.0,0.5521880005993797
2026-04-01 18:23:10,513,852,1,phase_1_2_guided_close_range_refine,500,-87.8682799569739,253,high_altitude,74.45841979980469,67.07743835449219,0.40629085898399353,100.41281127929688,48.5619010925293,-50.723846435546875,-27.152263641357422,91.19510119412281,-0.020856938266567253,0.0,0.7069216922603392
2026-04-01 18:23:12,513,853,1,phase_1_2_guided_close_range_refine,500,206.64179630037202,141,success,87.87303924560547,13.959644317626953,0.40629085898399353,36.04972457885742,48.5619010925293,13.3504638671875,28.774417877197266,14.535245317981389,0.9679934367420963,0.0,0.1288523117525025
2026-04-01 18:23:17,514,854,1,phase_1_2_guided_close_range_refine,500,-104.15382114842004,268,high_altitude,86.74703216552734,52.226505279541016,0.40629085898399353,100.0613784790039,48.5619010925293,-50.27850341796875,-22.51822280883789,90.83863362133984,-0.014636395281899982,0.0,0.6478186210171011
2026-04-01 18:23:21,514,855,1,phase_1_2_guided_close_range_refine,500,-108.70894096451727,265,high_altitude,79.81343841552734,124.04731750488281,0.40629085898399353,100.34809875488281,48.5619010925293,-50.625816345214844,-59.67317199707031,165.59042321887213,-0.9685415799887205,0.0,0.6971638087726142
2026-04-01 18:23:27,514,856,1,phase_1_2_guided_close_range_refine,500,-180.95853449756822,458,low_agl,81.9454574584961,404.2325744628906,0.40629085898399353,0.38787755370140076,48.5619010925293,49.04777145385742,-55.35285949707031,61.71468650983796,0.47386250251776685,0.0,1.4252613791598951
2026-04-01 18:23:31,514,857,1,phase_1_2_guided_close_range_refine,500,-88.85102922554688,260,high_altitude,73.33851623535156,65.47972869873047,0.40629085898399353,100.17333984375,48.5619010925293,-50.33638000488281,-16.753599166870117,49.48418095179795,0.649657967460761,0.0,0.944457943423853
2026-04-01 18:23:34,515,858,1,phase_1_2_guided_close_range_refine,500,204.44807104916998,142,success,81.74101257324219,13.87506103515625,0.40629085898399353,36.9353141784668,48.5619010925293,12.46743392944336,18.287078857421875,20.758802699122995,0.9350807667625042,0.0,0.13871174416764273
2026-04-01 18:23:36,515,859,1,phase_1_2_guided_close_range_refine,500,202.6848837905628,138,success,81.89616394042969,13.978137969970703,0.40629085898399353,36.54493713378906,48.5619010925293,12.865550994873047,24.177820205688477,27.155577092710708,0.889770505833535,0.0,0.17835062837043453
2026-04-01 18:23:40,515,860,1,phase_1_2_guided_close_range_refine,500,-94.4426277994093,250,high_altitude,78.64974212646484,82.86007690429688,0.40629085898399353,100.2820816040039,48.5619010925293,-50.67790985107422,-44.56535339355469,136.85245692755683,-0.7295950562481556,0.0,0.6847448703019784
2026-04-01 18:23:47,515,861,1,phase_1_2_guided_close_range_refine,500,-122.62521593329882,472,low_agl,86.31124114990234,83.64557647705078,0.40629085898399353,0.34006550908088684,48.5619010925293,49.148468017578125,-3.509726047515869,85.67978491104004,0.07533054887241959,0.0,1.4870818630411762
2026-04-01 18:23:49,515,862,1,phase_1_2_guided_close_range_refine,500,207.03867364589527,139,success,84.0443115234375,13.902678489685059,0.40629085898399353,35.5250129699707,48.5619010925293,13.888801574707031,23.77965545654297,16.710727162974855,0.9577686771823793,0.0,0.17781985583721502
2026-04-01 18:23:51,515,863,1,phase_1_2_guided_close_range_refine,500,211.27262731704113,141,success,87.84660339355469,13.640120506286621,0.40629085898399353,36.17911911010742,48.5619010925293,13.22360610961914,23.533275604248047,19.329276549237882,0.9436319447218282,0.0,0.047511901032720204
2026-04-01 18:23:53,516,864,1,phase_1_2_guided_close_range_refine,500,199.1894794718179,141,success,81.87865447998047,13.704345703125,0.40629085898399353,35.8681640625,48.5619010925293,13.57598876953125,25.380367279052734,33.81749942987832,0.8308145252271896,0.0,0.2311056479778025
2026-04-01 18:23:56,516,865,1,phase_1_2_guided_close_range_refine,500,201.82025173932243,159,success,83.12372589111328,4.607919216156006,0.40629085898399353,44.91040802001953,48.5619010925293,4.577869415283203,23.904926300048828,34.52238861260197,0.8239047996380907,0.0,0.40287153859201663
2026-04-01 18:23:59,516,866,1,phase_1_2_guided_close_range_refine,500,-93.21397606449632,246,high_altitude,76.72671508789062,66.28888702392578,0.40629085898399353,100.64717864990234,48.5619010925293,-51.243751525878906,-35.83807373046875,145.24091277557298,-0.8215565249898175,0.0,0.4379122891337039
2026-04-01 18:24:03,516,867,1,phase_1_2_guided_close_range_refine,500,-106.99363022901224,255,high_altitude,70.59178161621094,95.15828704833984,0.40629085898399353,100.39464569091797,48.5619010925293,-50.625030517578125,-44.27511215209961,134.39515976986135,-0.6996029808277812,0.0,0.8594931658246594
2026-04-01 18:24:05,516,868,1,phase_1_2_guided_close_range_refine,500,203.6501183155357,140,success,77.53043365478516,13.928436279296875,0.40629085898399353,36.255977630615234,48.5619010925293,13.157722473144531,17.24146270751953,8.629647756855862,0.9886788714690199,0.0,0.18574282164399858
2026-04-01 18:24:09,516,869,1,phase_1_2_guided_close_range_refine,500,-102.86224469101616,250,high_altitude,75.50732421875,92.39250946044922,0.40629085898399353,100.44548797607422,48.5619010925293,-50.78483581542969,-48.67848587036133,160.855121369194,-0.9446923191139333,0.0,0.8155055471174991
2026-04-01 18:24:12,517,870,1,phase_1_2_guided_close_range_refine,500,202.21079837498624,151,success,86.92213439941406,9.417171478271484,0.40629085898399353,40.86532211303711,48.5619010925293,8.541755676269531,29.229204177856445,36.5395108141414,0.803446483412843,0.0,0.05527527196718943
2026-04-01 18:24:14,517,871,1,phase_1_2_guided_close_range_refine,500,204.59522168193595,141,success,80.97293090820312,13.751860618591309,0.40629085898399353,36.27766036987305,48.5619010925293,13.139404296875,20.201919555664062,11.602760800670712,0.9795655595101228,0.0,0.17667129637377169
2026-04-01 18:24:16,517,872,1,phase_1_2_guided_close_range_refine,500,209.6057193391269,149,success,87.80735778808594,13.723679542541504,0.40629085898399353,36.82193374633789,48.5619010925293,12.585025787353516,13.101689338684082,35.596306085992246,0.8131382893848988,0.0,0.0011709472369963111
2026-04-01 18:24:23,517,873,1,phase_1_2_guided_close_range_refine,500,-167.23568102114854,446,low_agl,74.53839111328125,273.6313781738281,0.40629085898399353,0.3373313844203949,48.5619010925293,49.15986251831055,-37.65531539916992,118.92760899809886,-0.4837041854010533,0.0,1.6820286754259917
2026-04-01 18:24:26,517,874,1,phase_1_2_guided_close_range_refine,500,-94.63026897016533,250,high_altitude,79.43440246582031,98.1440658569336,0.40629085898399353,100.08035278320312,48.5619010925293,-50.40010070800781,-51.26225662231445,139.61285055986082,-0.7616836516814605,0.0,0.8193871726206151
2026-04-01 18:24:30,518,875,1,phase_1_2_guided_close_range_refine,500,-90.37985043120733,248,high_altitude,73.1375503540039,74.50804138183594,0.40629085898399353,100.28929901123047,48.5619010925293,-50.71044158935547,-30.27566909790039,82.67403722337087,0.12751405855654432,0.0,0.6566089425031628
2026-04-01 18:24:35,518,876,1,phase_1_2_guided_close_range_refine,500,-104.77291191545025,298,high_altitude,84.60860443115234,135.70033264160156,0.40629085898399353,100.09156799316406,48.5619010925293,-50.07136535644531,-52.57695388793945,101.94140664551905,-0.20691128260849131,0.0,0.9840985926006478
2026-04-01 18:24:39,518,877,1,phase_1_2_guided_close_range_refine,500,-93.23816999277734,262,high_altitude,70.18792724609375,67.18644714355469,0.40629085898399353,100.12265014648438,48.5619010925293,-50.32635498046875,-14.954782485961914,46.92669516426213,0.6829335034100354,0.0,0.785819576574586
2026-04-01 18:24:43,518,878,1,phase_1_2_guided_close_range_refine,500,-94.9562747426045,275,high_altitude,88.08088684082031,109.89669036865234,0.40629085898399353,100.02174377441406,48.5619010925293,-50.21839904785156,-50.19337844848633,119.8521843852868,-0.49776410631484813,0.0,0.7028012489482168
2026-04-01 18:24:45,518,879,1,phase_1_2_guided_close_range_refine,500,210.80598122610945,143,success,87.98111724853516,13.806241035461426,0.40629085898399353,36.49013900756836,48.5619010925293,12.919410705566406,17.303821563720703,35.15448163915163,0.8176025843444921,0.0,0.1871287556974409
2026-04-01 18:24:48,519,880,1,phase_1_2_guided_close_range_refine,500,210.8207176154235,142,success,83.24556732177734,13.938933372497559,0.40629085898399353,37.57848358154297,48.5619010925293,11.833152770996094,7.735737323760986,31.87480238462993,0.8492040028480656,0.0,0.14282172069628776
2026-04-01 18:24:50,519,881,1,phase_1_2_guided_close_range_refine,500,206.92979713821063,144,success,87.6174545288086,13.695448875427246,0.40629085898399353,35.89177322387695,48.5619010925293,13.53304672241211,21.925561904907227,30.28448504394626,0.8635321385057795,0.0,0.189279707912671
2026-04-01 18:24:52,519,882,1,phase_1_2_guided_close_range_refine,500,203.06461429027604,142,success,85.60939025878906,13.521533966064453,0.40629085898399353,36.475582122802734,48.5619010925293,12.932182312011719,27.84541130065918,26.335621420587138,0.8962107948784589,0.0,0.2350265409831775
2026-04-01 18:24:56,519,883,1,phase_1_2_guided_close_range_refine,500,-86.81641940185534,256,high_altitude,77.08690643310547,69.58855438232422,0.40629085898399353,100.45266723632812,48.5619010925293,-50.66041564941406,-20.372615814208984,48.37144409825991,0.6642988286382279,0.0,0.9417610396310159
2026-04-01 18:25:03,519,884,1,phase_1_2_guided_close_range_refine,500,-139.92181769737795,476,low_agl,80.27629852294922,125.9100112915039,0.40629085898399353,0.36226755380630493,48.5619010925293,49.11649703979492,-10.049409866333008,101.5617710710714,-0.20042428357270345,0.0,1.5548873843164146
2026-04-01 18:25:07,520,885,1,phase_1_2_guided_close_range_refine,500,-98.82899542429723,244,high_altitude,80.10791015625,79.99624633789062,0.40629085898399353,100.12129974365234,48.5619010925293,-50.59930419921875,-44.9522819519043,141.37398751659194,-0.7812371483760663,0.0,0.7394350258127208
2026-04-01 18:25:12,520,886,1,phase_1_2_guided_close_range_refine,500,-147.1270214470076,397,low_agl,82.94239044189453,100.8326644897461,0.40629085898399353,0.24706949293613434,48.5619010925293,49.36957550048828,-6.939480304718018,43.85236554713686,0.7211273416480927,0.0,1.3524121841989785
2026-04-01 18:25:16,520,887,1,phase_1_2_guided_close_range_refine,500,-94.3088008092306,253,high_altitude,75.96788787841797,59.78303527832031,0.40629085898399353,100.59899139404297,48.5619010925293,-51.171897888183594,-30.925437927246094,130.92185831274813,-0.6550291238047425,0.0,0.6345253917472831
2026-04-01 18:25:20,520,888,1,phase_1_2_guided_close_range_refine,500,-90.80146168838884,251,high_altitude,76.9618148803711,61.30000686645508,0.40629085898399353,100.4500961303711,48.5619010925293,-50.92552947998047,-29.330625534057617,107.66301513210371,-0.30341804728693206,0.0,0.6536890182493408
2026-04-01 18:25:24,521,889,1,phase_1_2_guided_close_range_refine,500,-89.33375372390428,254,high_altitude,79.25027465820312,90.515380859375,0.40629085898399353,100.59312438964844,48.5619010925293,-51.0350341796875,-40.74449157714844,96.63019690540378,-0.1154606771417168,0.0,0.6846883419385594
2026-04-01 18:25:28,521,890,1,phase_1_2_guided_close_range_refine,500,-87.53717439264929,254,high_altitude,80.59326934814453,88.9529037475586,0.40629085898399353,100.25895690917969,48.5619010925293,-50.70978546142578,-41.91361618041992,98.65517040939413,-0.15048735272639718,0.0,0.5465117708006961
2026-04-01 18:25:30,521,891,1,phase_1_2_guided_close_range_refine,500,200.72870876869501,158,success,83.99467468261719,6.40745735168457,0.40629085898399353,43.14567947387695,48.5619010925293,6.326015472412109,24.180044174194336,36.284929173207516,0.8060839748777787,0.0,0.39181499578718526
2026-04-01 18:25:34,521,892,1,phase_1_2_guided_close_range_refine,500,-90.27527587499497,243,high_altitude,75.87480926513672,70.70539855957031,0.40629085898399353,100.25252532958984,48.5619010925293,-50.83905029296875,-37.88156509399414,139.2577217041552,-0.7576529493884776,0.0,0.43883913695364046
2026-04-01 18:25:38,521,893,1,phase_1_2_guided_close_range_refine,500,-95.94459517033533,254,high_altitude,87.55415344238281,77.36014556884766,0.40629085898399353,100.54409790039062,48.5619010925293,-51.052711486816406,-46.330604553222656,172.63920576308197,-0.9917590611316184,0.0,0.6704762318421615
2026-04-01 18:25:42,522,894,1,phase_1_2_guided_close_range_refine,500,-90.95741115413597,267,high_altitude,71.89785766601562,63.90665817260742,0.40629085898399353,100.25809478759766,48.5619010925293,-50.342529296875,-14.255044937133789,46.48836094408739,0.6885019139290972,0.0,0.9888069728912189
2026-04-01 18:25:46,522,895,1,phase_1_2_guided_close_range_refine,500,-92.6109912213279,246,high_altitude,76.41497039794922,85.29083251953125,0.40629085898399353,100.55224609375,48.5619010925293,-51.055381774902344,-38.90713119506836,93.60913593361543,-0.06294965620990906,0.0,0.7334953423597613
2026-04-01 18:25:50,522,896,1,phase_1_2_guided_close_range_refine,500,-92.83466368954264,265,high_altitude,81.86665344238281,106.2393569946289,0.40629085898399353,100.41732788085938,48.5619010925293,-50.64238739013672,-43.17530822753906,81.13733345257721,0.1540666070847401,0.0,1.0143002748429677
2026-04-01 18:25:53,522,897,1,phase_1_2_guided_close_range_refine,500,-92.11224886467348,244,high_altitude,87.61177062988281,57.28034210205078,0.40629085898399353,100.13591766357422,48.5619010925293,-50.73436737060547,-36.624752044677734,146.8572087407648,-0.837310627669395,0.0,0.31981184935461915
2026-04-01 18:25:57,522,898,1,phase_1_2_guided_close_range_refine,500,-92.43705319149137,261,high_altitude,72.78248596191406,78.32574462890625,0.40629085898399353,100.10104370117188,48.5619010925293,-50.230690002441406,-25.245817184448242,69.7945134300179,0.3453880662972327,0.0,0.9702301544893943
2026-04-01 18:26:01,523,899,1,phase_1_2_guided_close_range_refine,500,-86.39842823841938,250,high_altitude,80.2188949584961,81.55118560791016,0.40629085898399353,100.07615661621094,48.5619010925293,-50.57042694091797,-36.310455322265625,87.16391671579211,0.04947878031975899,0.0,0.6518053518845519
2026-04-01 18:26:07,523,900,1,phase_1_2_guided_close_range_refine,500,-168.01937301610707,416,low_agl,84.38912963867188,269.78289794921875,0.40629085898399353,0.38810041546821594,48.5619010925293,49.048004150390625,-39.313560485839844,96.4682257994261,-0.11265219679170232,0.0,1.7387500204818669
2026-04-01 18:26:09,523,901,1,phase_1_2_guided_close_range_refine,500,201.43449822356064,139,success,84.93809509277344,13.70797061920166,0.40629085898399353,36.47517776489258,48.5619010925293,12.942481994628906,28.370162963867188,33.40068030558912,0.834841327031608,0.0,0.15970598257230878
2026-04-01 18:26:13,523,902,1,phase_1_2_guided_close_range_refine,500,-103.11589287673489,248,high_altitude,85.1899642944336,72.2470474243164,0.40629085898399353,100.09259796142578,48.5619010925293,-50.43019104003906,-42.162532806396484,144.68848707550237,-0.8160214597956333,0.0,0.7831340293800291
2026-04-01 18:26:21,524,903,1,phase_1_2_guided_close_range_refine,500,-133.34726160247817,500,timeout,70.73768615722656,188.48785400390625,0.40629085898399353,3.412917375564575,48.5619010925293,46.700706481933594,-33.014339447021484,77.63769478602441,0.21409272987890687,0.0,1.98454542380712
2026-04-01 18:26:23,524,904,1,phase_1_2_guided_close_range_refine,500,202.90481322161747,140,success,86.56684875488281,13.552793502807617,0.40629085898399353,36.69451141357422,48.5619010925293,12.718589782714844,29.33738899230957,31.67307616258819,0.8510579396576983,0.0,0.08022667896448148
2026-04-01 18:26:25,524,905,1,phase_1_2_guided_close_range_refine,500,203.18892638671858,139,success,84.07502746582031,13.832286834716797,0.40629085898399353,36.05562973022461,48.5619010925293,13.353652954101562,28.66694450378418,21.369537724138024,0.9312496772121798,0.0,0.08790001079277743
2026-04-01 18:26:27,524,906,1,phase_1_2_guided_close_range_refine,500,202.59771463912983,144,success,88.54718780517578,13.783038139343262,0.40629085898399353,36.46942138671875,48.5619010925293,12.935455322265625,28.872360229492188,30.603956897089848,0.8607068701020179,0.0,0.09725487115488085
2026-04-01 18:26:34,524,907,1,phase_1_2_guided_close_range_refine,500,-168.31231427120923,481,low_agl,78.13489532470703,216.60948181152344,0.40629085898399353,0.21133261919021606,48.5619010925293,49.68046569824219,-33.50485610961914,148.70850419454007,-0.8545359309654994,0.0,1.7996771956089692
2026-04-01 18:26:37,525,908,1,phase_1_2_guided_close_range_refine,500,207.59257092245244,137,success,80.8721923828125,13.861528396606445,0.40629085898399353,36.01339340209961,48.5619010925293,13.406730651855469,18.312870025634766,13.875927157400056,0.9708173277961282,0.0,0.2143937750113873
2026-04-01 18:26:39,525,909,1,phase_1_2_guided_close_range_refine,500,202.6148114672343,141,success,77.97943878173828,13.74851131439209,0.40629085898399353,36.49338912963867,48.5619010925293,12.909832000732422,18.25770378112793,11.155209240211041,0.9811066975619099,0.0,0.014601666094518979
2026-04-01 18:26:45,525,910,1,phase_1_2_guided_close_range_refine,500,-155.28748928729524,435,low_agl,88.3732681274414,90.39961242675781,0.40629085898399353,0.37180787324905396,48.5619010925293,49.08655548095703,-3.5793895721435547,81.27897791558493,0.15162349300074093,0.0,1.5801692550916167
2026-04-01 18:26:47,525,911,1,phase_1_2_guided_close_range_refine,500,199.4822692377771,140,success,80.219970703125,13.852180480957031,0.40629085898399353,35.59379577636719,48.5619010925293,13.829811096191406,23.969913482666016,19.670282281287232,0.9416452600512689,0.0,0.18922941426059295
2026-04-01 18:26:49,525,912,1,phase_1_2_guided_close_range_refine,500,210.35393827951242,141,success,85.90678405761719,13.623779296875,0.40629085898399353,35.868797302246094,48.5619010925293,13.536510467529297,21.84661865234375,11.87588896652212,0.9785956726689076,0.0,0.10300857478470091
2026-04-01 18:26:53,525,913,1,phase_1_2_guided_close_range_refine,500,-95.3445283154411,255,high_altitude,81.51116943359375,96.61199188232422,0.40629085898399353,100.05449676513672,48.5619010925293,-50.41302490234375,-53.064964294433594,163.7639896536757,-0.9601181503638214,0.0,0.739474901124796
2026-04-01 18:26:56,526,914,1,phase_1_2_guided_close_range_refine,500,207.56123139421564,143,success,85.76554870605469,13.929835319519043,0.40629085898399353,35.58186721801758,48.5619010925293,13.832809448242188,21.345653533935547,12.233029312938331,0.9772939094259678,0.0,0.2158753474263478
2026-04-01 18:26:58,526,915,1,phase_1_2_guided_close_range_refine,500,203.01497156317373,144,success,89.6517562866211,13.441690444946289,0.40629085898399353,37.288265228271484,48.5619010925293,12.123580932617188,30.625944137573242,33.41816558986435,0.8346732917438869,0.0,0.09459161632547408
2026-04-01 18:27:00,526,916,1,phase_1_2_guided_close_range_refine,500,201.92423185722876,144,success,84.73416137695312,13.625617980957031,0.40629085898399353,35.965946197509766,48.5619010925293,13.43972396850586,26.833463668823242,18.93517634167544,0.9458863137126262,0.0,0.04578129756058665
2026-04-01 18:27:04,526,917,1,phase_1_2_guided_close_range_refine,500,-103.4868148096322,249,high_altitude,70.63760375976562,91.52041625976562,0.40629085898399353,100.38896179199219,48.5619010925293,-50.81287384033203,-41.992488861083984,123.64669597868739,-0.5540701950053092,0.0,0.8077372105962884
2026-04-01 18:27:07,526,918,1,phase_1_2_guided_close_range_refine,500,-86.85407352046538,261,high_altitude,79.0210952758789,75.9308090209961,0.40629085898399353,100.32685089111328,48.5619010925293,-50.64012908935547,-27.78412437438965,66.93538258307223,0.39176901289538607,0.0,0.8374124412270457
2026-04-01 18:27:11,526,919,1,phase_1_2_guided_close_range_refine,500,-95.12692940474425,263,high_altitude,79.6547622680664,72.6674575805664,0.40629085898399353,100.51244354248047,48.5619010925293,-50.845603942871094,-30.34619140625,112.11019911202321,-0.37638918676562916,0.0,0.7569727423060099
2026-04-01 18:27:15,527,920,1,phase_1_2_guided_close_range_refine,500,-87.6798616071099,250,high_altitude,79.1053237915039,68.7412109375,0.40629085898399353,100.55467987060547,48.5619010925293,-51.03766632080078,-33.15509796142578,95.17191053647103,-0.0901443333904234,0.0,0.6683952911741038
2026-04-01 18:27:17,527,921,1,phase_1_2_guided_close_range_refine,500,207.30854644337617,141,success,85.4579849243164,13.983919143676758,0.40629085898399353,36.236366271972656,48.5619010925293,13.16494369506836,23.72586441040039,14.003909534520464,0.9702792166581945,0.0,0.10949313466897138
2026-04-01 18:27:21,527,922,1,phase_1_2_guided_close_range_refine,500,-93.4555407715888,252,high_altitude,77.67700958251953,79.8360366821289,0.40629085898399353,100.22864532470703,48.5619010925293,-50.77886962890625,-36.97112274169922,104.61464023382449,-0.2523166193331275,0.0,0.529273191253069
2026-04-01 18:27:23,527,923,1,phase_1_2_guided_close_range_refine,500,204.42404886682007,141,success,87.22306060791016,13.786798477172852,0.40629085898399353,37.199424743652344,48.5619010925293,12.205169677734375,27.8557071685791,31.54172137956509,0.8522594677127431,0.0,0.16041704628764644
2026-04-01 18:27:31,528,924,1,phase_1_2_guided_close_range_refine,500,-141.5742584849707,467,low_agl,72.60446166992188,103.90799713134766,0.40629085898399353,0.16713257133960724,48.5619010925293,49.56599044799805,-25.69405174255371,80.66581134322539,0.16219265367108446,0.0,1.8013223205273403
2026-04-01 18:27:34,528,925,1,phase_1_2_guided_close_range_refine,500,-97.58613654462248,252,high_altitude,77.6609878540039,97.03093719482422,0.40629085898399353,100.07353210449219,48.5619010925293,-50.562049865722656,-46.253395080566406,122.77602444442918,-0.5413564257660655,0.0,0.6953545964902591
2026-04-01 18:27:38,528,926,1,phase_1_2_guided_close_range_refine,500,-86.24866386818896,253,high_altitude,86.7354507446289,80.02981567382812,0.40629085898399353,100.4427261352539,48.5619010925293,-50.959564208984375,-38.7689208984375,94.98686705147705,-0.08692739949331071,0.0,0.6841602877622146
2026-04-01 18:27:40,528,927,1,phase_1_2_guided_close_range_refine,500,205.04406674496934,138,success,81.96682739257812,13.616519927978516,0.40629085898399353,35.99618148803711,48.5619010925293,13.414215087890625,22.578636169433594,15.625777226527719,0.9630414829777066,0.0,0.20066995393586112
2026-04-01 18:27:44,528,928,1,phase_1_2_guided_close_range_refine,500,-88.27750371426637,248,high_altitude,77.05860900878906,74.68888092041016,0.40629085898399353,100.43242645263672,48.5619010925293,-50.98870086669922,-36.21653747558594,112.74178670457428,-0.3865787610330202,0.0,0.640410958059433
2026-04-01 18:27:48,528,929,1,phase_1_2_guided_close_range_refine,500,-95.0605719270251,266,high_altitude,80.28936004638672,108.6164321899414,0.40629085898399353,100.01734924316406,48.5619010925293,-50.35380554199219,-42.39454650878906,82.1339195241846,0.13685813307616704,0.0,0.7899231222467908
2026-04-01 18:27:50,529,930,1,phase_1_2_guided_close_range_refine,500,203.16333927806824,143,success,73.75611877441406,13.958186149597168,0.40629085898399353,40.20261001586914,48.5619010925293,9.236164093017578,4.399384498596191,29.22056696750088,0.8727468982966811,0.0,0.3149071488381131
2026-04-01 18:27:54,529,931,1,phase_1_2_guided_close_range_refine,500,-85.85397412998076,249,high_altitude,76.5158920288086,70.35354614257812,0.40629085898399353,100.16909790039062,48.5619010925293,-50.473968505859375,-29.984201431274414,86.57180761664371,0.0597975501977498,0.0,0.9007745139369849
2026-04-01 18:27:58,529,932,1,phase_1_2_guided_close_range_refine,500,-103.76772959802102,250,high_altitude,70.02793884277344,94.94975280761719,0.40629085898399353,100.51903533935547,48.5619010925293,-50.779624938964844,-43.67121505737305,125.32849345801964,-0.5782634219361257,0.0,0.9772472256103492
2026-04-01 18:28:02,529,933,1,phase_1_2_guided_close_range_refine,500,-91.35079732764943,259,high_altitude,70.75660705566406,62.64432144165039,0.40629085898399353,100.19599914550781,48.5619010925293,-50.38121795654297,-16.993215560913086,54.541891635962784,0.5801075624492297,0.0,0.9404978771840274
2026-04-01 18:28:05,529,934,1,phase_1_2_guided_close_range_refine,500,-91.64610842799266,248,high_altitude,81.25054931640625,86.33615112304688,0.40629085898399353,100.61495208740234,48.5619010925293,-50.99122619628906,-41.69023132324219,106.15440392936631,-0.278226814565637,0.0,0.8163759994090773
2026-04-01 18:28:13,530,935,1,phase_1_2_guided_close_range_refine,500,-158.20248942930948,490,low_agl,71.72419738769531,158.7587432861328,0.40629085898399353,0.3912234902381897,48.5619010925293,49.75489807128906,-23.022428512573242,119.47021288614302,-0.49197101026376033,0.0,2.04784455330607
2026-04-01 18:28:15,530,936,1,phase_1_2_guided_close_range_refine,500,205.3982831828647,141,success,79.96800231933594,13.885481834411621,0.40629085898399353,37.919795989990234,48.5619010925293,11.481597900390625,10.1868896484375,36.274038436575935,0.8061964494154187,0.0,0.053159291428832245
2026-04-01 18:28:19,530,937,1,phase_1_2_guided_close_range_refine,500,-91.56839422479209,246,high_altitude,73.20124053955078,72.47138977050781,0.40629085898399353,100.27696990966797,48.5619010925293,-50.750938415527344,-34.20200729370117,119.58547915857615,-0.49372148897801266,0.0,0.5836943328095313
2026-04-01 18:28:23,530,938,1,phase_1_2_guided_close_range_refine,500,-101.42789377866455,266,high_altitude,71.95117950439453,98.36582946777344,0.40629085898399353,100.4205093383789,48.5619010925293,-50.61085510253906,-31.929399490356445,67.48146986759309,0.38298220590875504,0.0,1.0115089723874122
2026-04-01 18:28:25,531,939,1,phase_1_2_guided_close_range_refine,500,205.6768002776513,138,success,77.85899353027344,13.924399375915527,0.40629085898399353,36.489013671875,48.5619010925293,12.924079895019531,15.381319046020508,10.570676528399472,0.9830293650843848,0.0,0.12713091803759086
2026-04-01 18:28:29,531,940,1,phase_1_2_guided_close_range_refine,500,-87.87250114111798,251,high_altitude,73.04132080078125,64.80106353759766,0.40629085898399353,100.17491149902344,48.5619010925293,-50.408775329589844,-20.874950408935547,65.22554034700792,0.4190473870400507,0.0,0.8011010921874113
2026-04-01 18:28:33,531,941,1,phase_1_2_guided_close_range_refine,500,-90.87041193083152,247,high_altitude,83.45308685302734,57.1696891784668,0.40629085898399353,100.3005142211914,48.5619010925293,-50.82362365722656,-32.243812561035156,115.31236254965444,-0.4275529247939134,0.0,0.5652717642992198
2026-04-01 18:28:37,531,942,1,phase_1_2_guided_close_range_refine,500,-93.36806649031827,288,high_altitude,80.48529815673828,54.293880462646484,0.40629085898399353,100.20655059814453,48.5619010925293,-50.37030029296875,-15.011201858520508,77.94182944938674,0.2089046650949224,0.0,0.7636800571399275
2026-04-01 18:28:44,532,943,1,phase_1_2_guided_close_range_refine,500,-176.30739401243056,452,low_agl,73.27357482910156,286.2989501953125,0.40629085898399353,0.2139013707637787,48.5619010925293,49.448360443115234,-41.177093505859375,139.42096322531847,-0.759509360025081,0.0,1.8377966544633768
2026-04-01 18:28:51,532,944,1,phase_1_2_guided_close_range_refine,500,-167.130416804466,494,low_agl,78.51480865478516,229.8239288330078,0.40629085898399353,0.30457454919815063,48.5619010925293,49.69426345825195,-36.05024719238281,143.98955381773496,-0.8089098157606879,0.0,1.8971018926898175
2026-04-01 18:28:56,532,945,1,phase_1_2_guided_close_range_refine,500,-120.53887857358492,311,high_altitude,85.9919662475586,130.05111694335938,0.40629085898399353,100.01763153076172,48.5619010925293,-50.17009735107422,-53.02106475830078,144.6900306982548,-0.8160370321526562,0.0,0.8787748602599812
2026-04-01 18:28:59,532,946,1,phase_1_2_guided_close_range_refine,500,-93.6097458820974,252,high_altitude,86.04509735107422,51.66551208496094,0.40629085898399353,100.03675842285156,48.5619010925293,-50.427398681640625,-27.822553634643555,104.14203212439463,-0.24432644327334563,0.0,0.5792214610048224
2026-04-01 18:29:02,533,947,1,phase_1_2_guided_close_range_refine,500,205.52219959705516,144,success,78.39453887939453,13.918375968933105,0.40629085898399353,38.23775863647461,48.5619010925293,11.175724029541016,7.574558258056641,26.22986106393137,0.8970281465070958,0.0,0.19384793933199873
2026-04-01 18:29:06,533,948,1,phase_1_2_guided_close_range_refine,500,-86.46165073847523,248,high_altitude,76.85511779785156,70.07514953613281,0.40629085898399353,100.3371810913086,48.5619010925293,-50.702842712402344,-30.38248062133789,88.48592032021558,0.02642260007704374,0.0,0.74432129705126
2026-04-01 18:29:10,533,949,1,phase_1_2_guided_close_range_refine,500,-108.53632271750418,261,high_altitude,77.65750885009766,121.11201477050781,0.40629085898399353,100.02466583251953,48.5619010925293,-50.24287414550781,-58.726139068603516,145.24864454971345,-0.8216334532587339,0.0,0.9036698688133482
2026-04-01 18:29:13,533,950,1,phase_1_2_guided_close_range_refine,500,-94.83096946870515,256,high_altitude,87.29586029052734,51.2871208190918,0.40629085898399353,100.46876525878906,48.5619010925293,-50.87147521972656,-27.150917053222656,110.64239828957663,-0.35253422647205707,0.0,0.49056748001765904
2026-04-01 18:29:17,533,951,1,phase_1_2_guided_close_range_refine,500,-87.8376341127579,244,high_altitude,74.6390609741211,69.1395034790039,0.40629085898399353,100.31565856933594,48.5619010925293,-50.79795837402344,-31.855979919433594,95.76296095629809,-0.10041313223003728,0.0,0.59755650509279
2026-04-01 18:29:20,534,952,1,phase_1_2_guided_close_range_refine,500,208.81533587978535,142,success,86.50686645507812,13.677255630493164,0.40629085898399353,36.176734924316406,48.5619010925293,13.229938507080078,19.752103805541992,27.334449501789585,0.8883413056879047,0.0,0.12889231749364014
2026-04-01 18:29:22,534,953,1,phase_1_2_guided_close_range_refine,500,207.63466496038427,144,success,88.43255615234375,13.618404388427734,0.40629085898399353,37.68928146362305,48.5619010925293,11.711143493652344,22.364126205444336,35.5447279124749,0.8136619449566799,0.0,0.022572586666544287
2026-04-01 18:29:25,534,954,1,phase_1_2_guided_close_range_refine,500,-104.56679973576703,247,high_altitude,70.18294525146484,92.14278411865234,0.40629085898399353,100.3003921508789,48.5619010925293,-50.858116149902344,-43.78643798828125,140.0429748926532,-0.7665263526075573,0.0,0.6807567156546422
2026-04-01 18:29:30,534,955,1,phase_1_2_guided_close_range_refine,500,-125.46673645117525,295,high_altitude,73.48461151123047,143.12612915039062,0.40629085898399353,100.23149871826172,48.5619010925293,-50.44731903076172,-57.82322692871094,133.28746701102537,-0.6856591421088019,0.0,0.9838396933525484
2026-04-01 18:29:33,534,956,1,phase_1_2_guided_close_range_refine,500,-82.88493765691331,248,high_altitude,83.10723876953125,84.85101318359375,0.40629085898399353,100.01092529296875,48.5619010925293,-50.511634826660156,-40.91194152832031,92.06973423809963,-0.036115821190276565,0.0,0.6598922518800618
2026-04-01 18:29:38,535,957,1,phase_1_2_guided_close_range_refine,500,-99.53895897107,268,high_altitude,73.38938903808594,110.251953125,0.40629085898399353,100.39033508300781,48.5619010925293,-50.53950500488281,-35.181026458740234,62.23116492430682,0.465905420763164,0.0,1.0443158091804334
2026-04-01 18:29:42,535,958,1,phase_1_2_guided_close_range_refine,500,-96.26711439585566,263,high_altitude,70.50578308105469,74.38619232177734,0.40629085898399353,100.2387924194336,48.5619010925293,-50.32386779785156,-20.33266830444336,49.54910873004809,0.6487960590358762,0.0,0.9747459126531806
2026-04-01 18:29:44,535,959,1,phase_1_2_guided_close_range_refine,500,211.7081395810749,139,success,85.38105010986328,13.786309242248535,0.40629085898399353,36.22703552246094,48.5619010925293,13.187713623046875,18.01539421081543,28.56410894863449,0.8782826638752206,0.0,0.19856690180116823
2026-04-01 18:29:47,535,960,1,phase_1_2_guided_close_range_refine,500,-97.21485595364194,245,high_altitude,83.1827163696289,68.9126205444336,0.40629085898399353,100.48403930664062,48.5619010925293,-50.992897033691406,-35.40016174316406,101.93365438081109,-0.20677890615766836,0.0,0.5947195977413033
2026-04-01 18:29:49,535,961,1,phase_1_2_guided_close_range_refine,500,201.19305019290508,134,success,75.6559066772461,13.91999340057373,0.40629085898399353,35.86629104614258,48.5619010925293,13.588390350341797,20.265756607055664,19.57238517991344,0.9422190207999639,0.0,0.3056078972731622
2026-04-01 18:29:53,535,962,1,phase_1_2_guided_close_range_refine,500,-91.54918116663785,244,high_altitude,72.58293914794922,76.60112762451172,0.40629085898399353,100.1722412109375,48.5619010925293,-50.69305419921875,-33.261234283447266,95.80724107268728,-0.10118202995645907,0.0,0.5435523870946621
2026-04-01 18:29:57,536,963,1,phase_1_2_guided_close_range_refine,500,-87.00162938221936,249,high_altitude,80.44383239746094,65.2687759399414,0.40629085898399353,100.21768188476562,48.5619010925293,-50.61579132080078,-29.451087951660156,90.44911476316318,-0.007838451066835691,0.0,0.6276449906050444
2026-04-01 18:30:04,536,964,1,phase_1_2_guided_close_range_refine,500,-174.57465418505893,450,low_agl,76.51455688476562,301.16778564453125,0.40629085898399353,0.19964058697223663,48.5619010925293,49.483421325683594,-40.848201751708984,154.3729303373934,-0.9016282848020611,0.0,1.6749851313086088
2026-04-01 18:30:08,536,965,1,phase_1_2_guided_close_range_refine,500,-116.56735011480353,271,high_altitude,87.3037338256836,52.346473693847656,0.40629085898399353,100.15161895751953,48.5619010925293,-50.35991668701172,-22.24048614501953,101.89625909510526,-0.20614029702190323,0.0,0.7792615767631885
2026-04-01 18:30:12,536,966,1,phase_1_2_guided_close_range_refine,500,-111.13690693336306,266,high_altitude,72.9457778930664,126.77030944824219,0.40629085898399353,100.41787719726562,48.5619010925293,-50.631797790527344,-52.77585220336914,119.10702440721676,-0.48644250039870635,0.0,0.8508760958721503
2026-04-01 18:30:16,537,967,1,phase_1_2_guided_close_range_refine,500,-100.04164946804993,266,high_altitude,82.85132598876953,120.61077117919922,0.40629085898399353,100.19698333740234,48.5619010925293,-50.691871643066406,-57.218746185302734,152.4776074842282,-0.8868303034032096,0.0,0.5953414870414548
2026-04-01 18:30:18,537,968,1,phase_1_2_guided_close_range_refine,500,202.16880838822874,140,success,74.65629577636719,13.898170471191406,0.40629085898399353,37.82952880859375,48.5619010925293,11.633453369140625,12.10759162902832,8.185180026806451,0.9898130898163606,0.0,0.37853954733727896
2026-04-01 18:30:22,537,969,1,phase_1_2_guided_close_range_refine,500,-109.35836889116045,261,high_altitude,74.7703628540039,118.93980407714844,0.40629085898399353,100.13453674316406,48.5619010925293,-50.459999084472656,-55.0685920715332,138.9304326995065,-0.7539124513792069,0.0,0.6973252389251335
2026-04-01 18:30:26,537,970,1,phase_1_2_guided_close_range_refine,500,-89.7963123359795,248,high_altitude,81.99816131591797,83.62760162353516,0.40629085898399353,100.48946380615234,48.5619010925293,-51.069786071777344,-42.15607452392578,110.01354960288273,-0.3422423571408711,0.0,0.48442980814620995
2026-04-01 18:30:28,537,971,1,phase_1_2_guided_close_range_refine,500,206.3178099311739,139,success,88.34535217285156,13.511374473571777,0.40629085898399353,36.30052947998047,48.5619010925293,12.669017791748047,31.420032501220703,23.578984392326674,0.916509512558516,0.0,0.025156962423514583
2026-04-01 18:30:32,537,972,1,phase_1_2_guided_close_range_refine,500,-98.40653291454647,263,high_altitude,81.66972351074219,104.20159912109375,0.40629085898399353,100.3157958984375,48.5619010925293,-50.60658264160156,-41.407493591308594,87.65204984520541,0.04096799225804567,0.0,0.6873006682479735
2026-04-01 18:30:36,538,973,1,phase_1_2_guided_close_range_refine,500,-90.88852124804419,258,high_altitude,70.9195327758789,66.09524536132812,0.40629085898399353,100.27236938476562,48.5619010925293,-50.57299041748047,-18.520503997802734,66.46042488856789,0.39938240181854523,0.0,0.8171182624782454
2026-04-01 18:30:38,538,974,1,phase_1_2_guided_close_range_refine,500,208.608419627817,136,success,86.71465301513672,13.970739364624023,0.40629085898399353,35.569305419921875,48.5619010925293,13.851207733154297,26.951417922973633,22.46200257621947,0.9241331173848639,0.0,0.17268088375004276
2026-04-01 18:30:42,538,975,1,phase_1_2_guided_close_range_refine,500,-98.816728583877,282,high_altitude,78.11688232421875,72.51921081542969,0.40629085898399353,100.2061996459961,48.5619010925293,-50.34033966064453,-16.00908851623535,53.64408376013212,0.5927994202872046,0.0,0.7448745539513496
2026-04-01 18:30:46,538,976,1,phase_1_2_guided_close_range_refine,500,-95.5150118796742,252,high_altitude,85.73081970214844,54.15353012084961,0.40629085898399353,100.48091125488281,48.5619010925293,-50.879913330078125,-29.462430953979492,113.29476564996769,-0.3954615947349624,0.0,0.611556280053006
2026-04-01 18:30:48,538,977,1,phase_1_2_guided_close_range_refine,500,205.44226180227793,141,success,88.8067398071289,13.393855094909668,0.40629085898399353,37.052330017089844,48.5619010925293,12.357120513916016,32.38642501831055,24.357071004838062,0.9109929246062556,0.0,0.15642315161973538
2026-04-01 18:30:50,539,978,1,phase_1_2_guided_close_range_refine,500,202.8361160948585,141,success,87.89954376220703,13.43270492553711,0.40629085898399353,37.38634490966797,48.5619010925293,12.018997192382812,30.92852783203125,32.50485318461776,0.8433459313340544,0.0,0.0751196406603577
2026-04-01 18:30:53,539,979,1,phase_1_2_guided_close_range_refine,500,201.8031032790289,161,success,83.32331848144531,4.5600762367248535,0.40629085898399353,45.14083480834961,48.5619010925293,4.391654968261719,20.57286834716797,34.600700146530755,0.8231294295006644,0.0,0.5273822317740063
2026-04-01 18:31:00,539,980,1,phase_1_2_guided_close_range_refine,500,-169.14728107853406,500,timeout,75.68966674804688,403.7481689453125,0.40629085898399353,27.449316024780273,48.5619010925293,22.42201042175293,-63.18142318725586,137.0477320359275,-0.7319216077672477,0.0,1.8851984974002993
2026-04-01 18:31:04,539,981,1,phase_1_2_guided_close_range_refine,500,-92.39640026884443,273,high_altitude,72.54159545898438,63.41845703125,0.40629085898399353,100.19035339355469,48.5619010925293,-50.200836181640625,-12.33831787109375,36.19524878940525,0.8070092849121023,0.0,1.0696362682686353
2026-04-01 18:31:08,539,982,1,phase_1_2_guided_close_range_refine,500,-104.52036030045677,253,high_altitude,74.91769409179688,83.89382934570312,0.40629085898399353,100.01555633544922,48.5619010925293,-50.522705078125,-43.05455017089844,158.4958374260882,-0.9303909389852277,0.0,0.7060285301980389
2026-04-01 18:31:10,540,983,1,phase_1_2_guided_close_range_refine,500,205.30730658189134,135,success,80.8952407836914,13.811102867126465,0.40629085898399353,35.94830322265625,48.5619010925293,13.457843780517578,23.373153686523438,20.42994275096522,0.9370996978999676,0.0,0.11337760742161422
2026-04-01 18:31:14,540,984,1,phase_1_2_guided_close_range_refine,500,-109.16369157130647,263,high_altitude,85.15222930908203,101.28426361083984,0.40629085898399353,100.06250762939453,48.5619010925293,-50.44300842285156,-52.51516342163086,173.42275140428748,-0.993418327321098,0.0,0.6052312377364693
2026-04-01 18:31:18,540,985,1,phase_1_2_guided_close_range_refine,500,-95.04846649610128,247,high_altitude,87.83535766601562,81.69474029541016,0.40629085898399353,100.0999984741211,48.5619010925293,-50.586082458496094,-48.70999526977539,147.0973718523608,-0.8395949483316987,0.0,0.5640774812574832
2026-04-01 18:31:22,540,986,1,phase_1_2_guided_close_range_refine,500,-103.43281387952311,257,high_altitude,70.14408874511719,87.06266021728516,0.40629085898399353,100.46331024169922,48.5619010925293,-50.744834899902344,-38.63614273071289,133.14378715164497,-0.6838315859863787,0.0,0.827206315529859
2026-04-01 18:31:26,540,987,1,phase_1_2_guided_close_range_refine,500,-101.25350822524955,269,high_altitude,81.8568344116211,60.08504104614258,0.40629085898399353,100.39140319824219,48.5619010925293,-50.68761444091797,-27.645936965942383,124.26456855138508,-0.5630150858044175,0.0,0.4398095701177699
2026-04-01 18:31:30,541,988,1,phase_1_2_guided_close_range_refine,500,-88.97665105015204,245,high_altitude,81.3542251586914,87.98770141601562,0.40629085898399353,100.6631851196289,48.5619010925293,-51.192771911621094,-43.94581604003906,106.03404233581234,-0.2762084415802087,0.0,0.597076699086063
2026-04-01 18:31:34,541,989,1,phase_1_2_guided_close_range_refine,500,-110.02379270872787,266,high_altitude,76.00393676757812,128.32089233398438,0.40629085898399353,100.02440643310547,48.5619010925293,-50.244300842285156,-59.683799743652344,140.15829580659968,-0.7678173999562522,0.0,0.8677204683701631
2026-04-01 18:31:38,541,990,1,phase_1_2_guided_close_range_refine,500,-94.02900671687198,248,high_altitude,88.59487915039062,60.577293395996094,0.40629085898399353,100.29426574707031,48.5619010925293,-50.827857971191406,-34.15227127075195,114.29534738223953,-0.4114403481135842,0.0,0.5582592106593152
2026-04-01 18:31:42,541,991,1,phase_1_2_guided_close_range_refine,500,-110.7923771143765,262,high_altitude,75.84244537353516,129.1368865966797,0.40629085898399353,100.38346099853516,48.5619010925293,-50.70777893066406,-57.79293441772461,131.35479668347855,-0.6607198619149905,0.0,0.7951509218541957
2026-04-01 18:31:46,542,992,1,phase_1_2_guided_close_range_refine,500,-108.03410672527346,261,high_altitude,70.5569839477539,118.46514892578125,0.40629085898399353,100.1527328491211,48.5619010925293,-50.43388366699219,-42.9296760559082,82.93775765741424,0.12294750772755704,0.0,0.9360139418069017
2026-04-01 18:31:50,542,993,1,phase_1_2_guided_close_range_refine,500,-95.2528876948439,272,high_altitude,73.01203155517578,80.13224792480469,0.40629085898399353,100.2033920288086,48.5619010925293,-50.35413360595703,-17.55535888671875,34.38055290429749,0.8253052095024558,0.0,1.0233439904823074
2026-04-01 18:31:54,542,994,1,phase_1_2_guided_close_range_refine,500,-114.60128162370165,293,high_altitude,83.9637222290039,153.0018310546875,0.40629085898399353,100.25233459472656,48.5619010925293,-50.493553161621094,-65.65991973876953,145.7747330403445,-0.8268326197904512,0.0,0.6620730413036998
2026-04-01 18:31:58,542,995,1,phase_1_2_guided_close_range_refine,500,-98.15075648679657,259,high_altitude,77.9670639038086,111.97054290771484,0.40629085898399353,100.0751724243164,48.5619010925293,-50.32733154296875,-50.139183044433594,107.35621669496508,-0.29831151002520523,0.0,0.8501199493495809
2026-04-01 18:32:01,542,996,1,phase_1_2_guided_close_range_refine,500,-91.41691223284658,239,high_altitude,88.07450103759766,56.92577362060547,0.40629085898399353,100.24201965332031,48.5619010925293,-50.77783966064453,-39.12873458862305,138.11568675417237,-0.7444943612089286,0.0,0.6040641401039
2026-04-01 18:32:04,543,997,1,phase_1_2_guided_close_range_refine,500,198.17146688511133,143,success,73.99565124511719,13.823559761047363,0.40629085898399353,37.628448486328125,48.5619010925293,11.851726531982422,12.772669792175293,27.09675721112585,0.8902385858165975,0.0,0.30368435526512805
2026-04-01 18:32:08,543,998,1,phase_1_2_guided_close_range_refine,500,-101.64673445826226,245,high_altitude,71.56549835205078,93.03748321533203,0.40629085898399353,100.38196563720703,48.5619010925293,-50.88825988769531,-44.28448486328125,128.59627452300717,-0.6238287794916855,0.0,0.6982503100617664
2026-04-01 18:32:11,543,999,1,phase_1_2_guided_close_range_refine,500,-94.41473636380569,252,high_altitude,88.62850189208984,61.22935104370117,0.40629085898399353,100.37114715576172,48.5619010925293,-50.727027893066406,-35.605873107910156,130.62281897050664,-0.6510765577197554,0.0,0.4916390595147672
2026-04-01 18:32:13,543,1000,1,phase_1_2_guided_close_range_refine,500,200.53931046448773,140,success,76.4745864868164,13.9890775680542,0.40629085898399353,36.423912048339844,48.5619010925293,13.041553497314453,15.427452087402344,28.10255208528171,0.8821058851943402,0.0,0.25942935424952657
2026-04-01 18:32:17,543,1001,1,phase_1_2_guided_close_range_refine,500,-103.720239692223,267,high_altitude,81.60400390625,133.12954711914062,0.40629085898399353,100.29138946533203,48.5619010925293,-50.57354736328125,-60.572933197021484,120.03222817180834,-0.5004870495223455,0.0,0.7677719051901765
2026-04-01 18:32:22,544,1002,1,phase_1_2_guided_close_range_refine,500,-114.11723317574618,268,high_altitude,73.40827178955078,128.75787353515625,0.40629085898399353,100.11781311035156,48.5619010925293,-50.36952209472656,-56.07044982910156,127.40932424904236,-0.6075051137985089,0.0,0.9134580132210123
2026-04-01 18:32:26,544,1003,1,phase_1_2_guided_close_range_refine,500,-97.04854854834643,265,high_altitude,73.69336700439453,69.45941162109375,0.40629085898399353,100.1850357055664,48.5619010925293,-50.59596252441406,-24.43162727355957,80.51253506806113,0.16483182411440117,0.0,0.7617782611837328
2026-04-01 18:32:30,544,1004,1,phase_1_2_guided_close_range_refine,500,-100.68074840445104,272,high_altitude,71.95478820800781,85.01593017578125,0.40629085898399353,100.09906768798828,48.5619010925293,-50.233970642089844,-16.443035125732422,30.06807733028357,0.8654307058361306,0.0,0.987227205717066
2026-04-01 18:32:34,544,1005,1,phase_1_2_guided_close_range_refine,500,-90.14553141879769,249,high_altitude,78.081298828125,84.34709167480469,0.40629085898399353,100.45050811767578,48.5619010925293,-51.01915740966797,-41.12062454223633,112.60579763819933,-0.38438873837268056,0.0,0.4102693007382856
2026-04-01 18:32:37,544,1006,1,phase_1_2_guided_close_range_refine,500,-95.00828844672296,266,high_altitude,74.04729461669922,61.97718811035156,0.40629085898399353,100.42459106445312,48.5619010925293,-50.8131103515625,-22.598909378051758,84.88098745741787,0.08922480973436628,0.0,0.8166271432478026
2026-04-01 18:32:42,545,1007,1,phase_1_2_guided_close_range_refine,500,-91.57992984187905,257,high_altitude,70.98824310302734,57.00861358642578,0.40629085898399353,100.26860046386719,48.5619010925293,-50.706756591796875,-26.938379287719727,128.06946203232408,-0.6166163605293228,0.0,0.6565155043493818
2026-04-01 18:32:49,545,1008,1,phase_1_2_guided_close_range_refine,500,-131.78116448484846,500,timeout,84.86361694335938,184.52952575683594,0.40629085898399353,15.490948677062988,48.5619010925293,34.39946746826172,-33.92146301269531,79.38343649636631,0.18423549741605094,0.0,1.8367098053012578
2026-04-01 18:32:53,545,1009,1,phase_1_2_guided_close_range_refine,500,-101.78421778164876,265,high_altitude,74.0513916015625,96.92215728759766,0.40629085898399353,100.18383026123047,48.5619010925293,-50.43684387207031,-31.71321678161621,73.06170709873683,0.2913416027445668,0.0,0.7775566585913287
2026-04-01 18:32:57,545,1010,1,phase_1_2_guided_close_range_refine,500,-117.28633093668931,265,high_altitude,81.73426818847656,103.1527099609375,0.40629085898399353,100.28317260742188,48.5619010925293,-50.67206573486328,-50.663002014160156,171.13086776791138,-0.9880430717106463,0.0,0.5134300622740944
2026-04-01 18:33:03,546,1011,1,phase_1_2_guided_close_range_refine,500,-164.11280517728886,430,low_agl,84.39678955078125,212.4783172607422,0.40629085898399353,0.3138977289199829,48.5619010925293,49.238101959228516,-23.5444278717041,124.77725621086458,-0.5703875642615182,0.0,1.5490193488644088
2026-04-01 18:33:07,546,1012,1,phase_1_2_guided_close_range_refine,500,-98.49534287484948,266,high_altitude,85.3317642211914,108.28121948242188,0.40629085898399353,100.51873779296875,48.5619010925293,-50.86927032470703,-44.15117645263672,76.74935355238338,0.22921137319495105,0.0,0.9418336854170545
2026-04-01 18:33:14,546,1013,1,phase_1_2_guided_close_range_refine,500,-168.76729976155426,424,low_agl,88.59806060791016,368.1076965332031,0.40629085898399353,0.31985950469970703,48.5619010925293,49.22382354736328,-57.46358108520508,70.98204427006218,0.32586445132336844,0.0,1.4811838412350755
2026-04-01 18:33:18,547,1014,1,phase_1_2_guided_close_range_refine,500,-88.01598998727881,240,high_altitude,78.34700775146484,86.0370101928711,0.40629085898399353,100.00152587890625,48.5619010925293,-50.45850372314453,-43.994895935058594,106.62091951005652,-0.28603824565801694,0.0,0.7079096470964589
2026-04-01 18:33:21,547,1015,1,phase_1_2_guided_close_range_refine,500,-114.06200043536947,257,high_altitude,85.89212036132812,55.421871185302734,0.40629085898399353,100.56633758544922,48.5619010925293,-51.03422546386719,-28.058961868286133,114.20681447021782,-0.41003151389521675,0.0,0.6568860051199463
2026-04-01 18:33:29,547,1016,1,phase_1_2_guided_close_range_refine,500,-190.61165355159198,496,low_agl,87.43016815185547,481.0956726074219,0.40629085898399353,0.16120676696300507,48.5619010925293,49.55964660644531,-63.86465835571289,138.7407446858769,-0.7517332897793488,0.0,1.6284650677447547
2026-04-01 18:33:37,548,1017,1,phase_1_2_guided_close_range_refine,500,-139.00558190824884,500,timeout,87.87803649902344,114.71546173095703,0.40629085898399353,36.881072998046875,48.5619010925293,12.90316390991211,-23.013389587402344,121.40286955331148,-0.5210523797025977,0.0,2.0196780999165624
2026-04-01 18:33:41,548,1018,1,phase_1_2_guided_close_range_refine,500,-126.65556830733586,301,high_altitude,79.04170227050781,177.331298828125,0.40629085898399353,100.13026428222656,48.5619010925293,-50.31475830078125,-66.67098236083984,115.21314722177083,-0.4259869040572311,0.0,0.8930799607298326
2026-04-01 18:33:45,548,1019,1,phase_1_2_guided_close_range_refine,500,-98.55372119811508,252,high_altitude,77.84700775146484,108.66372680664062,0.40629085898399353,100.16503143310547,48.5619010925293,-50.63201904296875,-55.808570861816406,149.70277483201883,-0.8634199838443084,0.0,0.6241942976776063
2026-04-01 18:33:51,548,1020,1,phase_1_2_guided_close_range_refine,500,-148.90970508524737,417,low_agl,80.2572021484375,142.60891723632812,0.40629085898399353,0.31623396277427673,48.5619010925293,49.23340606689453,-8.059000015258789,96.38274598196338,-0.11116966445786758,0.0,1.515879427593303
2026-04-01 18:33:55,549,1021,1,phase_1_2_guided_close_range_refine,500,-104.54792680893254,256,high_altitude,69.50801849365234,100.73063659667969,0.40629085898399353,100.48030090332031,48.5619010925293,-50.90838623046875,-40.305484771728516,97.46434741816992,-0.12990923552741435,0.0,0.8439249083275212
2026-04-01 18:34:02,549,1022,1,phase_1_2_guided_close_range_refine,500,-191.97074211436262,494,low_agl,84.82727813720703,246.87474060058594,0.40629085898399353,0.29370859265327454,48.5619010925293,49.66728973388672,-51.1170654296875,150.84870298982855,-0.8733364559964677,0.0,1.913161238191293
2026-04-01 18:34:08,549,1023,1,phase_1_2_guided_close_range_refine,500,-180.30129181092292,425,low_agl,85.07963562011719,167.47215270996094,0.40629085898399353,0.31792110204696655,48.5619010925293,49.224098205566406,-25.33743667602539,54.45876140357456,0.5812887643104411,0.0,1.714765452142846
2026-04-01 18:34:14,550,1024,1,phase_1_2_guided_close_range_refine,500,-177.38253792899266,383,low_agl,88.17102813720703,243.1925048828125,0.40629085898399353,0.28332462906837463,48.5619010925293,49.28927993774414,-42.39674758911133,106.67685875935894,-0.28697364068787873,0.0,1.9554055324029918
2026-04-01 18:34:21,550,1025,1,phase_1_2_guided_close_range_refine,500,-142.54080467118146,500,timeout,83.15800476074219,131.28118896484375,0.40629085898399353,1.5488121509552002,48.5619010925293,48.44472885131836,-40.78361511230469,122.81680067377417,-0.5419546638761702,0.0,2.0294502037721034
2026-04-01 18:34:29,551,1026,1,phase_1_2_guided_close_range_refine,500,-201.5939540217513,479,low_agl,84.48844909667969,382.1620788574219,0.40629085898399353,0.23887525498867035,48.5619010925293,49.650718688964844,-67.0807113647461,150.76545664422443,-0.8726277903494558,0.0,2.128202722917112
2026-04-01 18:34:33,551,1027,1,phase_1_2_guided_close_range_refine,500,-107.01898029765485,270,high_altitude,76.02591705322266,128.7666015625,0.40629085898399353,100.36235046386719,48.5619010925293,-50.59459686279297,-50.13784408569336,87.08233693634548,0.05090082148973374,0.0,1.047005248978145
2026-04-01 18:34:37,551,1028,1,phase_1_2_guided_close_range_refine,500,-96.63511108185696,268,high_altitude,86.34913635253906,137.96128845214844,0.40629085898399353,100.00308227539062,48.5619010925293,-50.43928527832031,-63.54398727416992,119.58811561159577,-0.49376150383719075,0.0,0.6788262616075695
2026-04-01 18:34:41,551,1029,1,phase_1_2_guided_close_range_refine,500,-97.05922223061877,261,high_altitude,87.17809295654297,116.23892974853516,0.40629085898399353,100.4806900024414,48.5619010925293,-50.738670349121094,-59.33287811279297,128.00152897083913,-0.6156825036267538,0.0,0.9218924185701843
2026-04-01 18:34:45,551,1030,1,phase_1_2_guided_close_range_refine,500,-119.20082498279973,288,high_altitude,73.80796813964844,146.26625061035156,0.40629085898399353,100.16755676269531,48.5619010925293,-50.545082092285156,-46.81941223144531,78.20815218550388,0.20435677409434355,0.0,0.9556648326694431
2026-04-01 18:34:48,552,1031,1,phase_1_2_guided_close_range_refine,500,198.4995362036655,141,success,80.06648254394531,13.953566551208496,0.40629085898399353,35.647857666015625,48.5619010925293,13.813861846923828,20.569841384887695,34.19699498544798,0.82711005294764,0.0,0.36853561572855215
2026-04-01 18:34:55,552,1032,1,phase_1_2_guided_close_range_refine,500,-108.67060048886846,500,timeout,74.38565063476562,48.40385818481445,0.40629085898399353,18.8503360748291,48.5619010925293,31.21163558959961,-23.553791046142578,160.91817767561156,-0.9450526778447542,0.0,2.1159803728849256
2026-04-01 18:34:59,552,1033,1,phase_1_2_guided_close_range_refine,500,-126.57787467703803,300,high_altitude,83.67874908447266,151.2183380126953,0.40629085898399353,100.01201629638672,48.5619010925293,-50.15038299560547,-58.48319625854492,96.36382635796245,-0.11084149549513639,0.0,1.1014927843352063
2026-04-01 18:35:01,552,1034,1,phase_1_2_guided_close_range_refine,500,200.16453179613342,142,success,84.65220642089844,13.467229843139648,0.40629085898399353,36.1880989074707,48.5619010925293,13.239204406738281,27.02639389038086,30.87546033169244,0.8582847757115151,0.0,0.22607524533637766
2026-04-01 18:35:09,553,1035,1,phase_1_2_guided_close_range_refine,500,-139.01974707573189,500,timeout,78.48153686523438,281.2804870605469,0.40629085898399353,10.825921058654785,48.5619010925293,39.15361785888672,-39.624122619628906,39.285776200147204,0.7739974240361401,0.0,2.1351131070087552
2026-04-01 18:35:16,553,1036,1,phase_1_2_guided_close_range_refine,500,-199.0439991360832,474,low_agl,79.9100341796875,238.16819763183594,0.40629085898399353,0.19380784034729004,48.5619010925293,49.51094055175781,-48.23447799682617,155.78026349511785,-0.9119788571052744,0.0,2.0376209692550935
2026-04-01 18:35:23,554,1037,1,phase_1_2_guided_close_range_refine,500,-211.86925149305154,496,low_agl,73.41567993164062,415.62542724609375,0.40629085898399353,0.16446667909622192,48.5619010925293,49.69255065917969,-61.496376037597656,75.99836742295132,0.24194954295728277,0.0,2.216426738064776
2026-04-01 18:35:28,554,1038,1,phase_1_2_guided_close_range_refine,500,-130.11690546334967,308,high_altitude,81.67220306396484,174.43690490722656,0.40629085898399353,100.21115112304688,48.5619010925293,-50.45726776123047,-66.20831298828125,138.0498983720868,-0.7437272833297899,0.0,0.8550136161052612
2026-04-01 18:35:32,554,1039,1,phase_1_2_guided_close_range_refine,500,-138.81384964137257,315,high_altitude,81.75479125976562,116.3679428100586,0.40629085898399353,100.15010070800781,48.5619010925293,-50.40082550048828,-46.76831817626953,125.9458469363404,-0.5870203480556682,0.0,0.9579370696407786
2026-04-01 18:35:39,554,1040,1,phase_1_2_guided_close_range_refine,500,-184.54652298843922,446,low_agl,82.79945373535156,240.36370849609375,0.40629085898399353,0.25790441036224365,48.5619010925293,49.364139556884766,-36.08556365966797,75.84209269474142,0.24459511079051255,0.0,1.6031761206117372
2026-04-01 18:35:45,555,1041,1,phase_1_2_guided_close_range_refine,500,-152.42235329446274,380,low_agl,79.37958526611328,79.00833892822266,0.40629085898399353,0.2790276110172272,48.5619010925293,49.31467056274414,-1.920609951019287,46.78872534302787,0.6846905390376805,0.0,1.546284741953577
2026-04-01 18:35:51,555,1042,1,phase_1_2_guided_close_range_refine,500,-168.37418987645833,405,low_agl,84.76891326904297,342.6874694824219,0.40629085898399353,0.3686230480670929,48.5619010925293,49.26640319824219,-60.35117721557617,34.385590168810374,0.8252555608176442,0.0,1.3439731657145824
2026-04-01 18:35:57,555,1043,1,phase_1_2_guided_close_range_refine,500,-168.00202080415477,402,low_agl,84.90470886230469,346.1085205078125,0.40629085898399353,0.2405751645565033,48.5619010925293,49.39971923828125,-55.827415466308594,31.900582933652142,0.848966311194637,0.0,1.2482018701769289
2026-04-01 18:36:02,556,1044,1,phase_1_2_guided_close_range_refine,500,-152.62588520520546,345,low_agl,87.01480865478516,166.80784606933594,0.40629085898399353,0.25247710943222046,48.5619010925293,49.35761642456055,-23.360097885131836,22.151619997313873,0.9261892998116004,0.0,1.2948681166121168
2026-04-01 18:36:08,556,1045,1,phase_1_2_guided_close_range_refine,500,-171.11576961565822,390,low_agl,83.81642150878906,100.25528717041016,0.40629085898399353,0.3196510374546051,48.5619010925293,49.21630859375,-18.816226959228516,11.58488363429185,0.979628265965173,0.0,1.355462902889481
2026-04-01 18:36:14,556,1046,1,phase_1_2_guided_close_range_refine,500,-189.0865364549789,386,low_agl,84.43731689453125,215.3211212158203,0.40629085898399353,0.28520750999450684,48.5619010925293,49.2923698425293,-41.57469940185547,19.38688919488694,0.9432986405938436,0.0,1.3689587770047735
2026-04-01 18:36:20,557,1047,1,phase_1_2_guided_close_range_refine,500,-164.15566784080127,422,low_agl,76.71487426757812,177.59571838378906,0.40629085898399353,0.29045793414115906,48.5619010925293,49.29486846923828,-34.15327072143555,26.752841818490076,0.892956617839937,0.0,1.594841304480591
2026-04-01 18:36:26,557,1048,1,phase_1_2_guided_close_range_refine,500,-175.08767836663375,392,low_agl,70.4744644165039,246.53929138183594,0.40629085898399353,0.3865783214569092,48.5619010925293,49.14408493041992,-46.6949577331543,57.544316436600745,0.5366471116231997,0.0,1.7279576687456295
2026-04-01 18:36:31,557,1049,1,phase_1_2_guided_close_range_refine,500,-170.82098212928983,305,low_agl,89.63228607177734,143.70022583007812,0.40629085898399353,0.16613459587097168,48.5619010925293,49.54005813598633,-40.941558837890625,52.76581364042227,0.6050742683652235,0.0,1.3488382725586803
2026-04-01 18:36:36,558,1050,1,phase_1_2_guided_close_range_refine,500,-167.5648586247607,337,low_agl,84.90369415283203,156.42108154296875,0.40629085898399353,0.17949633300304413,48.5619010925293,49.5150032043457,-40.674808502197266,55.86432554230397,0.5611544666486045,0.0,1.3127567186765676
2026-04-01 18:36:43,558,1051,1,phase_1_2_guided_close_range_refine,500,-182.1944969995184,463,low_agl,79.93550872802734,352.4126281738281,0.40629085898399353,0.2626881003379822,48.5619010925293,49.351463317871094,-47.199920654296875,112.75133530903396,-0.3867324539226697,0.0,1.511651453066811
2026-04-01 18:36:49,558,1052,1,phase_1_2_guided_close_range_refine,500,-162.07940379239255,388,low_agl,78.7656021118164,262.5334777832031,0.40629085898399353,0.3224939703941345,48.5619010925293,49.3089714050293,-41.38646697998047,56.677889864911705,0.5493453107050027,0.0,1.4411591133218014
2026-04-01 18:36:56,559,1053,1,phase_1_2_guided_close_range_refine,500,-175.49602323431054,476,collision,82.02619934082031,151.0923309326172,0.40629085898399353,0.14197328686714172,48.5619010925293,49.60798645019531,-20.978029251098633,127.44594772337196,-0.6080127164627837,1.0,1.67428776471534
2026-04-01 18:37:02,559,1054,1,phase_1_2_guided_close_range_refine,500,-184.61646166369977,406,low_agl,78.25163269042969,226.90274047851562,0.40629085898399353,0.2571384012699127,48.5619010925293,49.3709716796875,-40.52738571166992,61.716209642022875,0.4738390927998084,0.0,1.6822281802880414
2026-04-01 18:37:09,559,1055,1,phase_1_2_guided_close_range_refine,500,-166.83286801932235,456,low_agl,75.06614685058594,237.349365234375,0.40629085898399353,0.18841354548931122,48.5619010925293,49.6969108581543,-39.183284759521484,123.86482490002092,-0.5572354416759662,0.0,1.8933512751780566
2026-04-01 18:37:16,560,1056,1,phase_1_2_guided_close_range_refine,500,-195.89721394891853,480,low_agl,76.28820037841797,356.2619323730469,0.40629085898399353,0.15164491534233093,48.5619010925293,49.69551086425781,-54.97789001464844,164.9736707971983,-0.9658067888598145,0.0,1.8893770336859586
2026-04-01 18:37:23,560,1057,1,phase_1_2_guided_close_range_refine,500,-193.44604412020405,490,low_agl,73.3559799194336,357.86981201171875,0.40629085898399353,0.33014926314353943,48.5619010925293,49.70864486694336,-50.35128402709961,55.64695818706291,0.5642905713808632,0.0,2.2819455713096097
2026-04-01 18:37:30,561,1058,1,phase_1_2_guided_close_range_refine,500,-181.8143802409097,416,low_agl,82.7529296875,287.1612548828125,0.40629085898399353,0.31347236037254333,48.5619010925293,49.23933029174805,-45.25006866455078,68.50796533757597,0.36637187526110665,0.0,1.557556248531041
2026-04-01 18:37:34,561,1059,1,phase_1_2_guided_close_range_refine,500,-94.77309593776083,258,high_altitude,73.51163482666016,76.72077178955078,0.40629085898399353,100.37583923339844,48.5619010925293,-50.57526397705078,-25.62257194519043,72.07678699023182,0.307742124803869,0.0,1.1926700329174436
2026-04-01 18:37:38,561,1060,1,phase_1_2_guided_close_range_refine,500,-108.24853546648632,295,high_altitude,84.34412384033203,170.73097229003906,0.40629085898399353,100.08809661865234,48.5619010925293,-50.317970275878906,-61.65760040283203,81.48414313787377,0.14808312000994034,0.0,1.0704898416245092
2026-04-01 18:37:45,561,1061,1,phase_1_2_guided_close_range_refine,500,-189.135888617449,474,low_agl,70.42953491210938,323.77813720703125,0.40629085898399353,0.37883761525154114,48.5619010925293,49.72663879394531,-53.53439712524414,116.93343964726526,-0.4529551137538494,0.0,2.2720642486549187
2026-04-01 18:37:49,562,1062,1,phase_1_2_guided_close_range_refine,500,-102.5711614749768,253,high_altitude,85.38692474365234,58.58567810058594,0.40629085898399353,100.13316345214844,48.5619010925293,-50.490570068359375,-31.485551834106445,131.95551182098117,-0.668553378610927,0.0,0.7276863907649795
2026-04-01 18:37:51,562,1063,1,phase_1_2_guided_close_range_refine,500,201.94815428374505,136,success,76.54153442382812,13.892627716064453,0.40629085898399353,36.05078887939453,48.5619010925293,13.392642974853516,19.97490882873535,11.098438415377188,0.9812979107741681,0.0,0.2775474836871761
2026-04-01 18:37:55,562,1064,1,phase_1_2_guided_close_range_refine,500,-85.14244338832847,251,high_altitude,77.85618591308594,76.52568054199219,0.40629085898399353,100.05839538574219,48.5619010925293,-50.464515686035156,-30.392621994018555,73.85988983533369,0.2779871830045771,0.0,0.8487262173011687
2026-04-01 18:37:59,562,1065,1,phase_1_2_guided_close_range_refine,500,-95.76924476317414,262,high_altitude,82.31632995605469,128.76905822753906,0.40629085898399353,100.06907653808594,48.5619010925293,-50.45585632324219,-53.378849029541016,84.43623285942333,0.09695351570432242,0.0,1.002235556437596
2026-04-01 18:38:03,562,1066,1,phase_1_2_guided_close_range_refine,500,-115.65234600393578,271,high_altitude,88.26628875732422,71.84854125976562,0.40629085898399353,100.0589828491211,48.5619010925293,-50.21650695800781,-36.826812744140625,127.53068305021515,-0.6091861984772972,0.0,1.0013870050397535
2026-04-01 18:38:07,563,1067,1,phase_1_2_guided_close_range_refine,500,-103.28163373852172,269,high_altitude,79.20722198486328,114.3324203491211,0.40629085898399353,100.1419906616211,48.5619010925293,-50.4810791015625,-41.644134521484375,72.54037241976809,0.3000337057583061,0.0,0.9422801817212229
2026-04-01 18:38:12,563,1068,1,phase_1_2_guided_close_range_refine,500,-120.64304836178741,341,high_altitude,81.71189880371094,63.24860382080078,0.40629085898399353,100.01825714111328,48.5619010925293,-50.20729064941406,-16.4598331451416,69.99164634984281,0.3421571456523024,0.0,1.2429154770532498
2026-04-01 18:38:19,563,1069,1,phase_1_2_guided_close_range_refine,500,-148.79814722366876,500,timeout,77.78416442871094,285.2239685058594,0.40629085898399353,29.87944793701172,48.5619010925293,20.08047103881836,-31.463865280151367,79.9044638168224,0.17529002459001128,0.0,2.51861527669564
2026-04-01 18:38:24,564,1070,1,phase_1_2_guided_close_range_refine,500,-97.25815012999873,260,high_altitude,70.13887023925781,68.94612884521484,0.40629085898399353,100.37727355957031,48.5619010925293,-50.812164306640625,-24.050323486328125,83.7365072997122,0.10910096419105286,0.0,0.6691027818307308
2026-04-01 18:38:31,564,1071,1,phase_1_2_guided_close_range_refine,500,-191.75616805821247,491,collision,80.04412841796875,163.62290954589844,0.40629085898399353,0.12659528851509094,48.5619010925293,49.68408966064453,-20.22152328491211,146.83305719185964,-0.8370800945175286,1.0,1.7945343410645935
2026-04-01 18:38:38,564,1072,1,phase_1_2_guided_close_range_refine,500,-218.61920641142896,474,collision,82.05099487304688,422.8755187988281,0.40629085898399353,0.14515292644500732,48.5619010925293,49.583465576171875,-63.939659118652344,133.16012496413964,-0.6840396139892669,1.0,2.0549040091757895
2026-04-01 18:38:45,565,1073,1,phase_1_2_guided_close_range_refine,500,-141.1848388663539,442,low_agl,73.99669647216797,92.85111236572266,0.40629085898399353,0.2571645975112915,48.5619010925293,49.42774200439453,-24.53481674194336,117.81889171088737,-0.4666782812829562,0.0,1.6002037633605692
2026-04-01 18:38:48,565,1074,1,phase_1_2_guided_close_range_refine,500,-103.02482009959569,251,high_altitude,73.39250946044922,91.73522186279297,0.40629085898399353,100.46786499023438,48.5619010925293,-50.953460693359375,-46.87882995605469,167.84780073956134,-0.977591858225918,0.0,0.6592907644163195
2026-04-01 18:38:53,565,1075,1,phase_1_2_guided_close_range_refine,500,-122.75082477073549,315,high_altitude,76.26979064941406,203.67507934570312,0.40629085898399353,100.00102233886719,48.5619010925293,-50.124656677246094,-57.35791015625,61.80313062940046,0.47250260992751425,0.0,0.9863460736311335
2026-04-01 18:38:55,565,1076,1,phase_1_2_guided_close_range_refine,500,199.45458065591947,134,success,76.40849304199219,13.680512428283691,0.40629085898399353,36.57011795043945,48.5619010925293,12.87872314453125,21.63218879699707,34.33101354224738,0.8257931433626551,0.0,0.3522806432212413
2026-04-01 18:38:59,566,1077,1,phase_1_2_guided_close_range_refine,500,-95.67260489987213,249,high_altitude,73.94864654541016,68.53004455566406,0.40629085898399353,100.46666717529297,48.5619010925293,-50.998130798339844,-33.72728729248047,147.3674375321431,-0.8421460655325532,0.0,0.5165731405593024
2026-04-01 18:39:06,566,1078,1,phase_1_2_guided_close_range_refine,500,-213.52260299000352,444,collision,89.68550872802734,151.81683349609375,0.40629085898399353,0.12226127088069916,48.5619010925293,49.64626693725586,-11.741744995117188,69.37209355060929,0.35229752327221747,1.0,1.3683720047359298
2026-04-01 18:39:13,566,1079,1,phase_1_2_guided_close_range_refine,500,-143.6380219842202,500,timeout,71.83036804199219,185.52476501464844,0.40629085898399353,44.8708610534668,48.5619010925293,4.715740203857422,-26.604185104370117,110.864939513114,-0.3561662732915069,0.0,1.7484904850660519
2026-04-01 18:39:20,567,1080,1,phase_1_2_guided_close_range_refine,500,-193.66665210608244,420,low_agl,78.27540588378906,372.9611511230469,0.40629085898399353,0.2530475854873657,48.5619010925293,49.376888275146484,-56.04410171508789,23.611994696585345,0.9162788976343517,0.0,1.0134178213239848
2026-04-01 18:39:26,567,1081,1,phase_1_2_guided_close_range_refine,500,-159.4986288550983,445,low_agl,82.89329528808594,210.5940399169922,0.40629085898399353,0.37549543380737305,48.5619010925293,49.07710647583008,-64.85035705566406,91.02134118163768,-0.017824822374293475,0.0,1.0187600793836882
2026-04-01 18:39:30,567,1082,1,phase_1_2_guided_close_range_refine,500,-93.76821680423518,245,high_altitude,71.39029693603516,76.10679626464844,0.40629085898399353,100.51860046386719,48.5619010925293,-51.035980224609375,-31.364032745361328,92.85230316225383,-0.049761521873505646,0.0,0.3681415644779385
2026-04-01 18:39:33,567,1083,1,phase_1_2_guided_close_range_refine,500,-100.47133507009562,256,high_altitude,73.64619445800781,77.42633819580078,0.40629085898399353,100.58554077148438,48.5619010925293,-51.169761657714844,-36.55131912231445,145.87877048178214,-0.8278525470268532,0.0,0.6020084837907813
2026-04-01 18:39:41,568,1084,1,phase_1_2_guided_close_range_refine,500,-134.45485735673589,500,timeout,81.31964111328125,248.83839416503906,0.40629085898399353,41.15272903442383,48.5619010925293,8.5780029296875,-22.870695114135742,87.47563971932233,0.044044145849725776,0.0,1.3153805589875913
2026-04-01 18:39:46,568,1085,1,phase_1_2_guided_close_range_refine,500,-130.27384795648092,316,high_altitude,83.91375732421875,92.72160339355469,0.40629085898399353,100.03466796875,48.5619010925293,-50.280914306640625,-26.206632614135742,83.61083864917313,0.11128093902187673,0.0,0.5963282296857734
2026-04-01 18:39:50,568,1086,1,phase_1_2_guided_close_range_refine,500,-121.0729660276122,288,high_altitude,81.66412353515625,95.825439453125,0.40629085898399353,100.33302307128906,48.5619010925293,-50.78460693359375,-40.09769821166992,114.49667403821483,-0.4146404196303707,0.0,0.5438420280002559
2026-04-01 18:39:55,569,1087,1,phase_1_2_guided_close_range_refine,500,-109.58389290888766,288,high_altitude,85.7733154296875,169.1767120361328,0.40629085898399353,100.0922622680664,48.5619010925293,-50.443092346191406,-72.0522689819336,140.33209680021983,-0.7697572687397353,0.0,0.7077613110647168
2026-04-01 18:39:59,569,1088,1,phase_1_2_guided_close_range_refine,500,-126.72794969173931,291,high_altitude,71.28558349609375,156.41116333007812,0.40629085898399353,100.39781188964844,48.5619010925293,-50.74541473388672,-61.405364990234375,147.76014608866214,-0.8458223023175467,0.0,0.8095218516851705
2026-04-01 18:40:03,569,1089,1,phase_1_2_guided_close_range_refine,500,-114.38216445581058,272,high_altitude,75.92887878417969,156.24278259277344,0.40629085898399353,100.07964324951172,48.5619010925293,-50.595611572265625,-64.67078399658203,132.47326748082483,-0.6752461422555113,0.0,0.4718293828540987
2026-04-01 18:40:07,569,1090,1,phase_1_2_guided_close_range_refine,500,-106.98841722354432,258,high_altitude,82.00038146972656,71.02574157714844,0.40629085898399353,100.02086639404297,48.5619010925293,-50.598533630371094,-32.631446838378906,114.50480196332714,-0.4147695051180929,0.0,0.5535741819987713
2026-04-01 18:40:15,570,1091,1,phase_1_2_guided_close_range_refine,500,-201.7336117347233,491,collision,75.9859390258789,295.9481201171875,0.40629085898399353,0.13993138074874878,48.5619010925293,49.6813850402832,-42.543296813964844,99.57587307932269,-0.166353534726067,1.0,1.552242462818478
2026-04-01 18:40:19,570,1092,1,phase_1_2_guided_close_range_refine,500,-117.1032330704622,266,high_altitude,70.96949005126953,111.79896545410156,0.40629085898399353,100.01301574707031,48.5619010925293,-50.35801696777344,-50.397674560546875,169.35716326310745,-0.9827975446733341,0.0,0.5912318666363369
2026-04-01 18:40:22,570,1093,1,phase_1_2_guided_close_range_refine,500,-117.39493735568054,272,high_altitude,74.82412719726562,159.56666564941406,0.40629085898399353,100.3899917602539,48.5619010925293,-50.75544738769531,-67.13461303710938,145.52597755077264,-0.824382908978989,0.0,0.5091725629877838
2026-04-01 18:40:30,571,1094,1,phase_1_2_guided_close_range_refine,500,-200.237016217339,494,low_agl,82.09860229492188,499.5914611816406,0.40629085898399353,0.24314609169960022,48.5619010925293,49.388206481933594,-63.91139602661133,121.86640717152356,-0.5279404871869305,0.0,1.4558165177856188
2026-04-01 18:40:34,571,1095,1,phase_1_2_guided_close_range_refine,500,-99.74174494351576,249,high_altitude,76.5788803100586,59.84910202026367,0.40629085898399353,100.23622131347656,48.5619010925293,-50.82981872558594,-35.112003326416016,142.495463597173,-0.7933051390177269,0.0,0.25963265020354365
2026-04-01 18:40:38,571,1096,1,phase_1_2_guided_close_range_refine,500,-112.81415260980707,274,high_altitude,83.64899444580078,144.0298309326172,0.40629085898399353,100.21212768554688,48.5619010925293,-50.76063537597656,-58.91171646118164,120.62588089370917,-0.509430166839021,0.0,0.5429106903570363
2026-04-01 18:40:45,571,1097,1,phase_1_2_guided_close_range_refine,500,-146.32558536947542,500,timeout,75.30902862548828,216.58914184570312,0.40629085898399353,11.338183403015137,48.5619010925293,38.33332443237305,-33.50136947631836,106.04716312920795,-0.2764285267266101,0.0,1.572105990782961
2026-04-01 18:40:53,572,1098,1,phase_1_2_guided_close_range_refine,500,-182.16555268511556,500,low_agl,83.2756118774414,338.4139404296875,0.40629085898399353,0.2171107977628708,48.5619010925293,49.44904708862305,-35.526580810546875,141.10095753470983,-0.7782536430197232,0.0,1.3807070335746976
2026-04-01 18:40:57,572,1099,1,phase_1_2_guided_close_range_refine,500,-109.74421378740273,259,high_altitude,77.22045135498047,92.08832550048828,0.40629085898399353,100.14714813232422,48.5619010925293,-50.52222442626953,-46.65262985229492,172.07105696754198,-0.9904399065842775,0.0,0.6870307870660279
2026-04-01 18:41:02,572,1100,1,phase_1_2_guided_close_range_refine,500,-151.7552790214599,348,low_agl,86.39673614501953,308.0003967285156,0.40629085898399353,0.21426212787628174,48.5619010925293,49.67945098876953,-79.31668090820312,75.94865730617197,0.24279127943500753,0.0,0.6688387360793285
2026-04-01 18:41:08,573,1101,1,phase_1_2_guided_close_range_refine,500,-144.27812723339733,361,low_agl,87.84426879882812,276.0572814941406,0.40629085898399353,0.38394075632095337,48.5619010925293,49.296382904052734,-62.12038040161133,28.639413491781177,0.8776534778912974,0.0,0.8710415432035252
2026-04-01 18:41:15,573,1102,1,phase_1_2_guided_close_range_refine,500,-148.00868378487564,470,low_agl,81.02369689941406,110.90776062011719,0.40629085898399353,0.3049602806568146,48.5619010925293,49.28703308105469,-23.830894470214844,107.4653153065777,-0.3001284003443592,0.0,1.3626590381579946
2026-04-01 18:41:21,573,1103,1,phase_1_2_guided_close_range_refine,500,-180.63744808848304,437,low_agl,81.05747985839844,402.8690185546875,0.40629085898399353,0.23703788220882416,48.5619010925293,49.40647506713867,-53.6876335144043,55.76989817702855,0.5625178284780885,0.0,1.3151518773994963
2026-04-01 18:41:29,574,1104,1,phase_1_2_guided_close_range_refine,500,-173.61000261333496,500,timeout,88.32930755615234,390.2786560058594,0.40629085898399353,33.79126739501953,48.5619010925293,15.86336898803711,-52.373477935791016,127.02459335347388,-0.6021577700084632,0.0,1.5647388490716931
2026-04-01 18:41:33,574,1105,1,phase_1_2_guided_close_range_refine,500,-110.1033309702072,257,high_altitude,72.23501586914062,107.12078857421875,0.40629085898399353,100.0953598022461,48.5619010925293,-50.540618896484375,-50.84405517578125,165.72634398335538,-0.9691291964651543,0.0,0.5069346474515437
2026-04-01 18:41:40,574,1106,1,phase_1_2_guided_close_range_refine,500,-144.39264445076765,500,timeout,76.59918975830078,292.83233642578125,0.40629085898399353,15.058218955993652,48.5619010925293,34.61669158935547,-44.89541244506836,92.65323046870463,-0.046291058970995946,0.0,1.7233353947443109
2026-04-01 18:41:44,575,1107,1,phase_1_2_guided_close_range_refine,500,-95.08992607490846,241,high_altitude,76.60328674316406,55.03003692626953,0.40629085898399353,100.21897888183594,48.5619010925293,-50.6766357421875,-33.71134567260742,145.13626061711005,-0.8205138039381794,0.0,0.6890608768264647
2026-04-01 18:41:50,575,1108,1,phase_1_2_guided_close_range_refine,500,-165.88507413701285,398,low_agl,85.05953216552734,358.8515319824219,0.40629085898399353,0.2932472825050354,48.5619010925293,49.33147048950195,-68.36615753173828,22.889198465405208,0.9212587477542891,0.0,0.9277642311531696
2026-04-01 18:41:54,575,1109,1,phase_1_2_guided_close_range_refine,500,-123.73035262441746,264,high_altitude,87.19770050048828,109.72748565673828,0.40629085898399353,100.03209686279297,48.5619010925293,-50.47107696533203,-52.61610794067383,135.24695266125366,-0.7101479308251331,0.0,0.6594838242966206
2026-04-01 18:41:58,575,1110,1,phase_1_2_guided_close_range_refine,500,-128.3052776303151,292,high_altitude,77.98633575439453,121.08672332763672,0.40629085898399353,100.20011138916016,48.5619010925293,-50.43058776855469,-51.813140869140625,140.23825000102386,-0.7687106822060937,0.0,0.7562243997848143
2026-04-01 18:42:05,576,1111,1,phase_1_2_guided_close_range_refine,500,-134.90813053074228,475,low_agl,76.12239074707031,84.73936462402344,0.40629085898399353,0.33958548307418823,48.5619010925293,49.711483001708984,-11.409811973571777,88.63813108586932,0.023766858457817074,0.0,2.0226534543224512
2026-04-01 18:42:13,576,1112,1,phase_1_2_guided_close_range_refine,500,-136.6419653695266,500,timeout,78.08989715576172,258.4924621582031,0.40629085898399353,4.994986534118652,48.5619010925293,44.66691207885742,-42.33030700683594,132.6120979058945,-0.6770313802342766,0.0,1.393500405882102
2026-04-01 18:42:17,576,1113,1,phase_1_2_guided_close_range_refine,500,-109.51242932831919,274,high_altitude,79.2586669921875,150.7401123046875,0.40629085898399353,100.00157165527344,48.5619010925293,-50.350738525390625,-63.3548698425293,118.45312941683642,-0.47643968786019963,0.0,0.7960670250143124
2026-04-01 18:42:24,577,1114,1,phase_1_2_guided_close_range_refine,500,-160.65912552584965,448,low_agl,87.50556945800781,238.69903564453125,0.40629085898399353,0.2789074182510376,48.5619010925293,49.31901931762695,-31.935699462890625,138.13384139698624,-0.744705867536841,0.0,1.3130934664291511
2026-04-01 18:42:28,577,1115,1,phase_1_2_guided_close_range_refine,500,-112.16948700908281,267,high_altitude,78.2588882446289,129.8905487060547,0.40629085898399353,100.43356323242188,48.5619010925293,-50.88569641113281,-56.071144104003906,124.72822911300223,-0.5696845172621824,0.0,0.7045828263380947
2026-04-01 18:42:32,577,1116,1,phase_1_2_guided_close_range_refine,500,-116.02950906080025,280,high_altitude,88.2283935546875,150.2794952392578,0.40629085898399353,100.0649185180664,48.5619010925293,-50.45294952392578,-63.491554260253906,120.73618844880488,-0.5110859052553902,0.0,0.822513420585475
2026-04-01 18:42:39,578,1117,1,phase_1_2_guided_close_range_refine,500,-154.0483867173864,448,low_agl,78.89180755615234,92.14795684814453,0.40629085898399353,0.15007087588310242,48.5619010925293,49.57730484008789,-10.108527183532715,132.58826054569116,-0.6767251349757005,0.0,1.7506163455230872
2026-04-01 18:42:45,578,1118,1,phase_1_2_guided_close_range_refine,500,-157.57053528125553,415,low_agl,84.20170593261719,136.63685607910156,0.40629085898399353,0.29040056467056274,48.5619010925293,49.28160858154297,-17.92588233947754,118.57573131243814,-0.47831992907596554,0.0,1.5609178536377026
2026-04-01 18:42:49,578,1119,1,phase_1_2_guided_close_range_refine,500,-100.46821542345987,242,high_altitude,86.62512969970703,57.24020767211914,0.40629085898399353,100.4119873046875,48.5619010925293,-50.93505859375,-31.84725570678711,119.06415813998575,-0.48578868968933603,0.0,0.5836019061265035
2026-04-01 18:42:54,579,1120,1,phase_1_2_guided_close_range_refine,500,-114.92468256825674,302,high_altitude,80.70928955078125,123.00680541992188,0.40629085898399353,100.1144027709961,48.5619010925293,-50.23792266845703,-31.81917953491211,51.60533034949126,0.6210748689039871,0.0,0.9700055524646786
2026-04-01 18:42:57,579,1121,1,phase_1_2_guided_close_range_refine,500,-97.92359492700798,260,high_altitude,85.358642578125,117.21554565429688,0.40629085898399353,100.34052276611328,48.5619010925293,-50.906028747558594,-58.37459182739258,135.57930966626645,-0.7142199745130884,0.0,0.5936983671646641
2026-04-01 18:43:01,579,1122,1,phase_1_2_guided_close_range_refine,500,-105.93792616134891,262,high_altitude,72.21771240234375,76.1751480102539,0.40629085898399353,100.18307495117188,48.5619010925293,-50.77617645263672,-32.043792724609375,120.06144772107766,-0.5009284942551975,0.0,0.5572852655951404
2026-04-01 18:43:05,579,1123,1,phase_1_2_guided_close_range_refine,500,-100.01737676634734,254,high_altitude,71.71568298339844,103.93627166748047,0.40629085898399353,100.21641540527344,48.5619010925293,-50.661293029785156,-34.61665725708008,66.27997812088532,0.402267728306893,0.0,0.6860468923472213
2026-04-01 18:43:09,579,1124,1,phase_1_2_guided_close_range_refine,500,-98.71249304089687,254,high_altitude,76.34254455566406,100.57728576660156,0.40629085898399353,100.00698852539062,48.5619010925293,-50.55689239501953,-41.4354362487793,91.58298080689866,-0.027624712352275666,0.0,0.6804353493819698
2026-04-01 18:43:14,580,1125,1,phase_1_2_guided_close_range_refine,500,-108.52460556969292,287,high_altitude,75.80978393554688,104.89887237548828,0.40629085898399353,100.2601318359375,48.5619010925293,-50.727264404296875,-27.482877731323242,67.91039208709155,0.3760562067690357,0.0,0.8990260254105914
2026-04-01 18:43:18,580,1126,1,phase_1_2_guided_close_range_refine,500,-96.11651895525792,254,high_altitude,77.30277252197266,98.33831024169922,0.40629085898399353,100.54485321044922,48.5619010925293,-51.12071990966797,-41.366416931152344,101.07968265907355,-0.1921739836399359,0.0,0.5359005899892002
2026-04-01 18:43:22,580,1127,1,phase_1_2_guided_close_range_refine,500,-114.01393335699618,265,high_altitude,84.45610046386719,91.46186828613281,0.40629085898399353,100.16645050048828,48.5619010925293,-50.75787353515625,-41.90827941894531,125.28152907728662,-0.5775944892157826,0.0,0.6521383342331885
2026-04-01 18:43:26,580,1128,1,phase_1_2_guided_close_range_refine,500,-96.78880635982375,264,high_altitude,81.08128356933594,86.18888854980469,0.40629085898399353,100.40169525146484,48.5619010925293,-50.943275451660156,-36.7682991027832,100.72831723760059,-0.18615222846060706,0.0,0.6943893492508377
2026-04-01 18:43:29,580,1129,1,phase_1_2_guided_close_range_refine,500,-124.3575762541714,245,high_altitude,88.33570098876953,50.99819564819336,0.40629085898399353,100.0335693359375,48.5619010925293,-50.54051208496094,-33.09493637084961,147.24584650453852,-0.8409997943405177,0.0,0.7178792035088971
2026-04-01 18:43:34,581,1130,1,phase_1_2_guided_close_range_refine,500,-102.7948246763925,248,high_altitude,76.96865844726562,68.21043395996094,0.40629085898399353,100.03137969970703,48.5619010925293,-50.42644500732422,-39.70660400390625,160.10433331524786,-0.9403138674371169,0.0,0.7504869362328287
2026-04-01 18:43:38,581,1131,1,phase_1_2_guided_close_range_refine,500,-101.9647882176219,261,high_altitude,83.2847671508789,122.37584686279297,0.40629085898399353,100.53630828857422,48.5619010925293,-51.1292724609375,-55.33576583862305,117.66403766202484,-0.4642862269673609,0.0,0.5328463139287895
2026-04-01 18:43:41,581,1132,1,phase_1_2_guided_close_range_refine,500,-106.68314387922065,254,high_altitude,72.80296325683594,119.64212799072266,0.40629085898399353,100.3271255493164,48.5619010925293,-50.903236389160156,-48.94199752807617,99.58459523089279,-0.1665036419108602,0.0,0.6366916009748413
2026-04-01 18:43:43,581,1133,1,phase_1_2_guided_close_range_refine,500,202.3186577602495,135,success,74.81037139892578,13.734939575195312,0.40629085898399353,36.65688705444336,48.5619010925293,12.784481048583984,17.43431854248047,16.956123907022366,0.9565283686140699,0.0,0.2899507422118102
2026-04-01 18:43:47,581,1134,1,phase_1_2_guided_close_range_refine,500,-92.22371076810045,243,high_altitude,73.45647430419922,66.50289916992188,0.40629085898399353,100.48529052734375,48.5619010925293,-51.077606201171875,-33.155826568603516,129.8008057038956,-0.640120503167302,0.0,0.4972703980574117
2026-04-01 18:43:51,582,1135,1,phase_1_2_guided_close_range_refine,500,-100.14735479120077,249,high_altitude,76.24249267578125,72.1755599975586,0.40629085898399353,100.4857406616211,48.5619010925293,-51.047447204589844,-31.755931854248047,108.26333411863448,-0.3133848160399226,0.0,0.6849692215986649
2026-04-01 18:43:59,582,1136,1,phase_1_2_guided_close_range_refine,500,-181.23551373904195,487,collision,73.61439514160156,157.43267822265625,0.40629085898399353,0.10342170298099518,48.5619010925293,49.68836212158203,-21.499616622924805,63.8494962858713,0.4407305707258458,1.0,1.7464590912042197
2026-04-01 18:44:03,582,1137,1,phase_1_2_guided_close_range_refine,500,-120.33948446093927,283,high_altitude,72.2666244506836,138.84927368164062,0.40629085898399353,100.16610717773438,48.5619010925293,-50.568450927734375,-42.81898880004883,74.411659837244,0.2687238090096351,0.0,0.7472541769265407
2026-04-01 18:44:09,583,1138,1,phase_1_2_guided_close_range_refine,500,-140.48214260119846,313,high_altitude,82.98345184326172,146.0615997314453,0.40629085898399353,100.24822235107422,48.5619010925293,-50.81944274902344,-47.506752014160156,99.37787955566236,-0.1629450596403727,0.0,0.8173517309210161
2026-04-01 18:44:13,583,1139,1,phase_1_2_guided_close_range_refine,500,-113.28824249870549,261,high_altitude,70.72166442871094,96.37056732177734,0.40629085898399353,100.54596710205078,48.5619010925293,-51.11988067626953,-40.16699981689453,128.4079252264549,-0.6212561758301963,0.0,0.6250035768759653
2026-04-01 18:44:20,583,1140,1,phase_1_2_guided_close_range_refine,500,-152.2297734625736,500,timeout,83.44185638427734,262.25537109375,0.40629085898399353,41.093238830566406,48.5619010925293,8.68906021118164,-37.66669464111328,55.85422027742694,0.5613004414458453,0.0,2.174913388358504
2026-04-01 18:44:28,584,1141,1,phase_1_2_guided_close_range_refine,500,-162.1384554115144,500,timeout,83.17325592041016,433.4765625,0.40629085898399353,49.12723159790039,48.5619010925293,0.5329360961914062,-64.03598022460938,144.11654069478382,-0.8102108862803856,0.0,1.7116408149416507
2026-04-01 18:44:32,584,1142,1,phase_1_2_guided_close_range_refine,500,-132.35170045452833,275,high_altitude,82.10589599609375,70.16049194335938,0.40629085898399353,100.26160430908203,48.5619010925293,-50.844970703125,-33.489898681640625,152.22700784358045,-0.8848007203052087,0.0,0.5156069803123333
2026-04-01 18:44:36,584,1143,1,phase_1_2_guided_close_range_refine,500,-104.77919704094546,270,high_altitude,84.6978988647461,139.4066619873047,0.40629085898399353,100.29508209228516,48.5619010925293,-50.850059509277344,-61.04104232788086,128.48669096796348,-0.622332830590459,0.0,0.508968183436771
2026-04-01 18:44:40,584,1144,1,phase_1_2_guided_close_range_refine,500,-123.82270240598268,269,high_altitude,84.00830078125,64.48877716064453,0.40629085898399353,100.14733123779297,48.5619010925293,-50.62522888183594,-35.67121124267578,170.880404731047,-0.987359658636214,0.0,0.5633411156501862
2026-04-01 18:44:44,584,1145,1,phase_1_2_guided_close_range_refine,500,-96.01482919932015,248,high_altitude,70.47968292236328,76.867431640625,0.40629085898399353,100.5401840209961,48.5619010925293,-50.9713134765625,-27.848939895629883,77.12610678700129,0.22280594350732058,0.0,0.6566995622506402
2026-04-01 18:44:48,585,1146,1,phase_1_2_guided_close_range_refine,500,-104.75593473086606,258,high_altitude,74.6382827758789,110.08036804199219,0.40629085898399353,100.30584716796875,48.5619010925293,-50.861427307128906,-45.76868438720703,112.71172704203705,-0.3860948551799781,0.0,0.6737124449072116
2026-04-01 18:44:56,585,1147,1,phase_1_2_guided_close_range_refine,500,-159.4482876642532,500,timeout,81.64427947998047,428.0641784667969,0.40629085898399353,33.18792724609375,48.5619010925293,16.49343490600586,-64.7286605834961,110.26196358299609,-0.34631294755354036,0.0,1.9454866751054265
2026-04-01 18:45:00,585,1148,1,phase_1_2_guided_close_range_refine,500,-139.07307460443383,296,high_altitude,89.00605773925781,116.21818542480469,0.40629085898399353,100.15174865722656,48.5619010925293,-50.73301696777344,-43.020572662353516,113.98327603906165,-0.4064699726297432,0.0,0.744012292267148
2026-04-01 18:45:04,586,1149,1,phase_1_2_guided_close_range_refine,500,-130.09760891919393,266,high_altitude,86.27462005615234,80.77906799316406,0.40629085898399353,100.44512176513672,48.5619010925293,-50.995819091796875,-39.22334289550781,156.60033698800459,-0.9177569615133708,0.0,0.5881101520476163
2026-04-01 18:45:08,586,1150,1,phase_1_2_guided_close_range_refine,500,-110.36980932119975,266,high_altitude,70.94298553466797,134.75811767578125,0.40629085898399353,100.35581970214844,48.5619010925293,-50.720848083496094,-43.93497085571289,71.16133673577501,0.3229044219228883,0.0,0.8415853189493478
2026-04-01 18:45:12,586,1151,1,phase_1_2_guided_close_range_refine,500,-112.74872072869582,265,high_altitude,74.88549041748047,146.87115478515625,0.40629085898399353,100.0323486328125,48.5619010925293,-50.553565979003906,-58.66120529174805,102.80648425484702,-0.22165885540982466,0.0,0.7089044507799704
2026-04-01 18:45:16,586,1152,1,phase_1_2_guided_close_range_refine,500,-113.42407373256424,256,high_altitude,78.67095184326172,109.46471405029297,0.40629085898399353,100.25260162353516,48.5619010925293,-50.5751953125,-53.775428771972656,142.24087512604996,-0.7905920625474369,0.0,0.8550238110519495
2026-04-01 18:45:20,586,1153,1,phase_1_2_guided_close_range_refine,500,-122.7185846185322,261,high_altitude,87.48359680175781,75.36183166503906,0.40629085898399353,100.57486724853516,48.5619010925293,-51.17426300048828,-37.23313903808594,135.800853682185,-0.7169209950275981,0.0,0.6181205337763926
2026-04-01 18:45:22,587,1154,1,phase_1_2_guided_close_range_refine,500,196.19399669948834,136,success,75.99604797363281,13.558318138122559,0.40629085898399353,36.527931213378906,48.5619010925293,12.934452056884766,22.78379249572754,36.60309304512505,0.8027852875241921,0.0,0.20137377786750607
2026-04-01 18:45:26,587,1155,1,phase_1_2_guided_close_range_refine,500,-111.66499265177252,263,high_altitude,73.7964096069336,143.07925415039062,0.40629085898399353,100.24681854248047,48.5619010925293,-50.79447937011719,-59.49907302856445,116.38511206069663,-0.44440241924472884,0.0,0.5287227467298583
2026-04-01 18:45:30,587,1156,1,phase_1_2_guided_close_range_refine,500,-107.98015874965097,286,high_altitude,86.33963012695312,179.43365478515625,0.40629085898399353,100.34798431396484,48.5619010925293,-50.916954040527344,-69.802001953125,115.87269760878394,-0.4363730845593803,0.0,0.5939520293865506
2026-04-01 18:45:34,587,1157,1,phase_1_2_guided_close_range_refine,500,-105.37652278991719,252,high_altitude,77.49168395996094,123.08436584472656,0.40629085898399353,100.01134490966797,48.5619010925293,-50.59918975830078,-55.39570617675781,117.78427631217374,-0.46614386711476674,0.0,0.4624709933645696
2026-04-01 18:45:39,587,1158,1,phase_1_2_guided_close_range_refine,500,-121.997070568069,316,high_altitude,86.58894348144531,238.0685272216797,0.40629085898399353,100.04989624023438,48.5619010925293,-50.60826873779297,-82.82006072998047,123.69424775568902,-0.5547609001164926,0.0,0.5710909863897841
2026-04-01 18:45:47,588,1159,1,phase_1_2_guided_close_range_refine,500,-146.5472859947152,500,timeout,84.73257446289062,286.28912353515625,0.40629085898399353,41.86124038696289,48.5619010925293,7.786052703857422,-34.026275634765625,154.23374474248686,-0.9005749475828813,0.0,1.5669683235784395
2026-04-01 18:45:51,588,1160,1,phase_1_2_guided_close_range_refine,500,-113.66096076595878,266,high_altitude,73.66789245605469,56.75773620605469,0.40629085898399353,100.10088348388672,48.5619010925293,-50.644065856933594,-33.49190902709961,146.56491762542328,-0.8345106458072722,0.0,0.7887665008663478
2026-04-01 18:45:55,588,1161,1,phase_1_2_guided_close_range_refine,500,-115.01755246805459,285,high_altitude,74.37239074707031,122.6366195678711,0.40629085898399353,100.22924041748047,48.5619010925293,-50.568023681640625,-37.1431884765625,68.82494758676708,0.36121858568877274,0.0,0.8169308877589481
2026-04-01 18:46:03,589,1162,1,phase_1_2_guided_close_range_refine,500,-152.0443051024222,471,low_agl,70.01517486572266,109.35829162597656,0.40629085898399353,0.21510116755962372,48.5619010925293,49.43396759033203,-12.871973991394043,102.07706786281385,-0.20922719689229605,0.0,1.7514339374783405
2026-04-01 18:46:07,589,1163,1,phase_1_2_guided_close_range_refine,500,-139.7180553955691,294,high_altitude,88.26638793945312,98.96794128417969,0.40629085898399353,100.06423950195312,48.5619010925293,-50.5521240234375,-45.02581787109375,161.39226110590212,-0.9477253197911746,0.0,0.38685707269082614
2026-04-01 18:46:11,589,1164,1,phase_1_2_guided_close_range_refine,500,-127.34674972126925,265,high_altitude,84.02416229248047,92.72834777832031,0.40629085898399353,100.37130737304688,48.5619010925293,-50.9576416015625,-43.32793426513672,132.55734710950767,-0.6763278069387791,0.0,0.7200703016838765
2026-04-01 18:46:15,589,1165,1,phase_1_2_guided_close_range_refine,500,-114.520208248364,284,high_altitude,83.96116638183594,142.77169799804688,0.40629085898399353,100.25615692138672,48.5619010925293,-50.82273864746094,-60.2236442565918,128.62209263806983,-0.6241808962351721,0.0,0.5522068437984851
2026-04-01 18:46:20,590,1166,1,phase_1_2_guided_close_range_refine,500,-129.8306324768438,286,high_altitude,79.92439270019531,69.70157623291016,0.40629085898399353,100.34550476074219,48.5619010925293,-50.82233428955078,-30.778385162353516,125.79541885006005,-0.584892823577117,0.0,0.37225941981279953
2026-04-01 18:46:27,590,1167,1,phase_1_2_guided_close_range_refine,500,-148.75268612001042,500,timeout,85.05392456054688,190.7954864501953,0.40629085898399353,36.88515853881836,48.5619010925293,12.853187561035156,-20.768875122070312,137.80302801472587,-0.7408400948972601,0.0,1.593786929231312
2026-04-01 18:46:29,590,1168,1,phase_1_2_guided_close_range_refine,500,198.57366881751213,147,success,70.79452514648438,13.870182991027832,0.40629085898399353,39.68829345703125,48.5619010925293,9.784599304199219,8.993257522583008,25.050340328236235,0.9059361229785219,0.0,0.1816957269861571
2026-04-01 18:46:33,590,1169,1,phase_1_2_guided_close_range_refine,500,-110.52297256949447,282,high_altitude,72.3222885131836,97.74784088134766,0.40629085898399353,100.29666137695312,48.5619010925293,-50.84961700439453,-37.48351287841797,120.55193726575462,-0.5083192007381546,0.0,0.38015622719668807
2026-04-01 18:46:41,591,1170,1,phase_1_2_guided_close_range_refine,500,-207.53815098187613,500,low_agl,88.42369079589844,538.2074584960938,0.40629085898399353,0.194852814078331,48.5619010925293,49.690582275390625,-68.68035888671875,117.56028708853235,-0.4626816775166475,0.0,1.5763807840087396
2026-04-01 18:46:45,591,1171,1,phase_1_2_guided_close_range_refine,500,-120.76977112780118,272,high_altitude,72.17931365966797,159.34320068359375,0.40629085898399353,100.33187866210938,48.5619010925293,-50.66270446777344,-59.50138473510742,102.51683642271428,-0.21672649015772347,0.0,0.6742016610606714
2026-04-01 18:46:50,591,1172,1,phase_1_2_guided_close_range_refine,500,-139.59491815838612,301,high_altitude,72.93930053710938,168.0728302001953,0.40629085898399353,100.05280303955078,48.5619010925293,-50.444297790527344,-65.08763885498047,163.25384282456744,-0.9575906879578219,0.0,0.6154996908259726
2026-04-01 18:46:55,592,1173,1,phase_1_2_guided_close_range_refine,500,-118.62324356185127,298,high_altitude,70.41323852539062,77.48567199707031,0.40629085898399353,100.37823486328125,48.5619010925293,-50.894439697265625,-40.51162338256836,155.79172455254513,-0.9120608999149515,0.0,0.5823404825373062
2026-04-01 18:47:01,592,1174,1,phase_1_2_guided_close_range_refine,500,-175.9402106516458,439,low_agl,70.78365325927734,196.15106201171875,0.40629085898399353,0.23117099702358246,48.5619010925293,49.42335891723633,-31.688650131225586,22.752171210276412,0.922186316686105,0.0,1.3970889978427632
2026-04-01 18:47:08,592,1175,1,phase_1_2_guided_close_range_refine,500,-171.49110741835028,445,low_agl,86.43372344970703,388.5051574707031,0.40629085898399353,0.29328563809394836,48.5619010925293,49.28733444213867,-53.46126174926758,57.094678253349635,0.5432524331806597,0.0,1.2122860678795773
2026-04-01 18:47:14,593,1176,1,phase_1_2_guided_close_range_refine,500,-149.69505260929716,367,high_altitude,81.14578247070312,268.14129638671875,0.40629085898399353,100.13032531738281,48.5619010925293,-50.592620849609375,-76.09098052978516,85.85442601792809,0.0722908020293787,0.0,0.9209401932294253
2026-04-01 18:47:18,593,1177,1,phase_1_2_guided_close_range_refine,500,-119.66175237691834,295,high_altitude,75.21944427490234,131.55628967285156,0.40629085898399353,100.06581115722656,48.5619010925293,-50.447021484375,-37.25984191894531,69.77161180573086,0.34576314934921515,0.0,0.6950568979846266
2026-04-01 18:47:25,593,1178,1,phase_1_2_guided_close_range_refine,500,-144.12892075909824,500,timeout,82.36609649658203,239.78050231933594,0.40629085898399353,13.800875663757324,48.5619010925293,35.812198638916016,-37.46562576293945,117.29623197521965,-0.4585911140789993,0.0,1.6854636109320038
2026-04-01 18:47:30,594,1179,1,phase_1_2_guided_close_range_refine,500,-113.80817721617977,292,high_altitude,82.01031494140625,180.667236328125,0.40629085898399353,100.11544036865234,48.5619010925293,-50.48188781738281,-61.94793701171875,90.35621053007267,-0.006217006530249502,0.0,0.5696179440172471
2026-04-01 18:47:37,594,1180,1,phase_1_2_guided_close_range_refine,500,-189.55003609035518,499,collision,78.88285827636719,212.87863159179688,0.40629085898399353,0.11926773190498352,48.5619010925293,49.6525993347168,-23.98261833190918,83.1748062027487,0.11884057838931529,1.0,1.3030152021331611
2026-04-01 18:47:42,594,1181,1,phase_1_2_guided_close_range_refine,500,-111.14385619128241,286,high_altitude,75.05249786376953,136.35519409179688,0.40629085898399353,100.22132110595703,48.5619010925293,-50.3660888671875,-37.050262451171875,57.46060563813307,0.5378793646363343,0.0,0.831161213728569
2026-04-01 18:47:46,594,1182,1,phase_1_2_guided_close_range_refine,500,-116.90722858102704,264,high_altitude,72.44217681884766,148.18746948242188,0.40629085898399353,100.24527740478516,48.5619010925293,-50.77649688720703,-59.712608337402344,115.55935585042043,-0.43144590338465294,0.0,0.5983931829438132
2026-04-01 18:47:48,595,1183,1,phase_1_2_guided_close_range_refine,500,195.35185676773892,138,success,72.345703125,13.602517127990723,0.40629085898399353,36.53028106689453,48.5619010925293,12.957328796386719,20.651819229125977,26.886619611121237,0.8919031631968765,0.0,0.2534840026327761
2026-04-01 18:47:53,595,1184,1,phase_1_2_guided_close_range_refine,500,-122.38542547960282,285,high_altitude,88.718505859375,75.0661849975586,0.40629085898399353,100.1814193725586,48.5619010925293,-50.262046813964844,-23.118610382080078,72.62562684098819,0.2986139566603988,0.0,0.8035881963422448
2026-04-01 18:47:56,595,1185,1,phase_1_2_guided_close_range_refine,500,-113.53699010463589,261,high_altitude,73.00054931640625,128.17645263671875,0.40629085898399353,100.51663970947266,48.5619010925293,-51.08100891113281,-53.815650939941406,118.62504527824564,-0.4790755983674986,0.0,0.6640713288956789
2026-04-01 18:48:04,595,1186,1,phase_1_2_guided_close_range_refine,500,-139.0394800271987,500,timeout,81.9939956665039,235.82373046875,0.40629085898399353,26.849363327026367,48.5619010925293,22.819730758666992,-23.741422653198242,116.84433299935327,-0.4515680500023878,0.0,1.4421055255214543
2026-04-01 18:48:12,596,1187,1,phase_1_2_guided_close_range_refine,500,-156.841109101305,500,timeout,80.20646667480469,397.1090393066406,0.40629085898399353,16.497331619262695,48.5619010925293,33.26075744628906,-59.237918853759766,130.02743138055664,-0.6431542934993507,0.0,1.693693758106049
2026-04-01 18:48:19,596,1188,1,phase_1_2_guided_close_range_refine,500,-188.04314467657002,477,low_agl,85.84521484375,296.5094909667969,0.40629085898399353,0.24890604615211487,48.5619010925293,49.71141052246094,-44.693565368652344,116.70425947985466,-0.44938541234339796,0.0,1.9159792160951445
2026-04-01 18:48:26,597,1189,1,phase_1_2_guided_close_range_refine,500,-149.97514305736618,500,timeout,85.88641357421875,410.8410339355469,0.40629085898399353,17.5267391204834,48.5619010925293,32.21721649169922,-62.70952606201172,149.1817543417519,-0.8587967949633385,0.0,1.436037688255042
2026-04-01 18:48:32,597,1190,1,phase_1_2_guided_close_range_refine,500,-177.3386622140207,371,low_agl,73.04666137695312,204.10218811035156,0.40629085898399353,0.2000836580991745,48.5619010925293,49.547027587890625,-65.92379760742188,79.95770514140266,0.17437510014638571,0.0,0.7933762993126602
2026-04-01 18:48:38,597,1191,1,phase_1_2_guided_close_range_refine,500,-181.44986459034718,418,low_agl,83.17313385009766,145.62216186523438,0.40629085898399353,0.3468172550201416,48.5619010925293,49.156917572021484,-23.122581481933594,30.43326363954206,0.8622197408907811,0.0,1.1877925419342805
2026-04-01 18:48:44,598,1192,1,phase_1_2_guided_close_range_refine,500,-173.62265785880552,394,low_agl,88.56787872314453,157.68983459472656,0.40629085898399353,0.17676885426044464,48.5619010925293,49.5211181640625,-16.940855026245117,16.00641854633065,0.9612308116962147,0.0,1.1476858936180225
2026-04-01 18:48:50,598,1193,1,phase_1_2_guided_close_range_refine,500,-177.4738328345988,370,low_agl,86.85498809814453,104.18025970458984,0.40629085898399353,0.287004292011261,48.5619010925293,49.271934509277344,-16.119808197021484,22.64895339153918,0.9228815390809998,0.0,1.1182477425132598
2026-04-01 18:48:54,598,1194,1,phase_1_2_guided_close_range_refine,500,-130.90128732224346,298,high_altitude,77.29296112060547,186.68983459472656,0.40629085898399353,100.17749786376953,48.5619010925293,-50.49840545654297,-73.52336120605469,145.5473014013614,-0.8245935129992508,0.0,0.6550235015023893
2026-04-01 18:48:58,598,1195,1,phase_1_2_guided_close_range_refine,500,-103.26418075360544,268,high_altitude,72.75862121582031,91.48759460449219,0.40629085898399353,100.23030853271484,48.5619010925293,-50.474266052246094,-43.604759216308594,146.1375663494339,-0.8303777958620814,0.0,0.6027856039675962
2026-04-01 18:49:04,599,1196,1,phase_1_2_guided_close_range_refine,500,-171.0965118986065,401,low_agl,72.10421752929688,231.7054901123047,0.40629085898399353,0.16644856333732605,48.5619010925293,49.67340087890625,-57.45591354370117,83.69924178760061,0.10974746446773023,0.0,0.7453101998623611
2026-04-01 18:49:08,599,1197,1,phase_1_2_guided_close_range_refine,500,-135.6547702605247,283,high_altitude,70.62184143066406,169.95777893066406,0.40629085898399353,100.14777374267578,48.5619010925293,-50.469696044921875,-68.68817138671875,149.6580234325769,-0.8630256872028994,0.0,0.4978269083881208
2026-04-01 18:49:15,599,1198,1,phase_1_2_guided_close_range_refine,500,-144.03302349845558,431,low_agl,79.5080337524414,111.96736907958984,0.40629085898399353,0.38398993015289307,48.5619010925293,49.06670379638672,-5.162444591522217,88.02023802260412,0.03454648957635671,0.0,1.4508051075870292
2026-04-01 18:49:19,600,1199,1,phase_1_2_guided_close_range_refine,500,-113.6910066254518,290,high_altitude,81.71450805664062,189.89810180664062,0.40629085898399353,100.07903289794922,48.5619010925293,-50.161476135253906,-71.43505859375,103.67350163789926,-0.23638879515505995,0.0,0.7662371450358838
2026-04-01 18:49:27,600,1200,1,phase_1_2_guided_close_range_refine,500,-169.90963674412035,485,low_agl,72.37676239013672,226.72340393066406,0.40629085898399353,0.18404437601566315,48.5619010925293,49.70829772949219,-32.536643981933594,142.05751186759178,-0.7886283399308976,0.0,1.5770663281046462
2026-04-01 18:49:34,600,1201,1,phase_1_2_guided_close_range_refine,500,-173.63738201232616,492,low_agl,84.32547760009766,184.2993621826172,0.40629085898399353,0.21960872411727905,48.5619010925293,49.58540725708008,-38.04032897949219,137.98544870707855,-0.7429748637698665,0.0,1.5727305740187147
2026-04-01 18:49:39,601,1202,1,phase_1_2_guided_close_range_refine,500,-125.74141337803823,297,high_altitude,86.33565521240234,171.93533325195312,0.40629085898399353,100.15853118896484,48.5619010925293,-50.41999053955078,-70.19979858398438,117.07183294022806,-0.4551072165261086,0.0,0.7863680962510565
2026-04-01 18:49:46,601,1203,1,phase_1_2_guided_close_range_refine,500,-172.40582173289766,500,timeout,82.72991943359375,320.9934997558594,0.40629085898399353,11.199173927307129,48.5619010925293,38.43376541137695,-38.49213409423828,89.42151280253476,0.010096334738579698,0.0,1.2857750065922269
2026-04-01 18:49:52,601,1204,1,phase_1_2_guided_close_range_refine,500,-186.01099223445863,444,low_agl,71.45584106445312,349.5855712890625,0.40629085898399353,0.3553716838359833,48.5619010925293,49.13685607910156,-43.65913391113281,116.77991065510172,-0.4505645498880882,0.0,1.505188316439227
2026-04-01 18:49:57,602,1205,1,phase_1_2_guided_close_range_refine,500,-114.34254040939,288,high_altitude,88.39683532714844,172.94906616210938,0.40629085898399353,100.05366516113281,48.5619010925293,-50.178199768066406,-66.73873138427734,98.30606578053644,-0.14446095915176105,0.0,0.9415137117547792
2026-04-01 18:50:03,602,1206,1,phase_1_2_guided_close_range_refine,500,-179.07936449196646,406,low_agl,86.96082305908203,343.1333312988281,0.40629085898399353,0.21149064600467682,48.5619010925293,49.452816009521484,-59.97947692871094,29.894976431053355,0.8669404519209367,0.0,1.0456197001231384
2026-04-01 18:50:07,602,1207,1,phase_1_2_guided_close_range_refine,500,-115.64665861988405,272,high_altitude,72.11414337158203,116.60514831542969,0.40629085898399353,100.22776794433594,48.5619010925293,-50.32987976074219,-51.0498046875,136.24155114781257,-0.7222619834915551,0.0,0.776396662772853
2026-04-01 18:50:14,603,1208,1,phase_1_2_guided_close_range_refine,500,-185.12990627162094,432,low_agl,84.21935272216797,423.374755859375,0.40629085898399353,0.39571675658226013,48.5619010925293,49.234737396240234,-74.51373291015625,16.298755765449076,0.9598113867041985,0.0,1.1547474309645147
2026-04-01 18:50:18,603,1209,1,phase_1_2_guided_close_range_refine,500,-109.38875217404431,268,high_altitude,82.129638671875,135.6366424560547,0.40629085898399353,100.37454986572266,48.5619010925293,-50.79048156738281,-65.3819351196289,162.00007964014156,-0.951056945822507,0.0,0.5024426921753927
2026-04-01 18:50:22,603,1210,1,phase_1_2_guided_close_range_refine,500,-118.21276745021366,257,high_altitude,70.4739761352539,115.7320785522461,0.40629085898399353,100.37324523925781,48.5619010925293,-50.77848815917969,-53.26312255859375,163.37264713499064,-0.9581860783375401,0.0,0.6413230228323579
2026-04-01 18:50:25,603,1211,1,phase_1_2_guided_close_range_refine,500,-101.38806800533146,257,high_altitude,71.88842010498047,114.24241638183594,0.40629085898399353,100.33729553222656,48.5619010925293,-50.586936950683594,-43.770572662353516,90.02310220425115,-0.00040320951772524947,0.0,0.7685962080605059
2026-04-01 18:50:29,603,1212,1,phase_1_2_guided_close_range_refine,500,-101.49036388632472,249,high_altitude,70.58100128173828,82.73759460449219,0.40629085898399353,100.18458557128906,48.5619010925293,-50.45106506347656,-41.49125289916992,144.91623290318725,-0.8183125936993358,0.0,0.7541225164533152
2026-04-01 18:50:33,604,1213,1,phase_1_2_guided_close_range_refine,500,-117.13330050523125,266,high_altitude,72.40449523925781,137.25526428222656,0.40629085898399353,100.38031005859375,48.5619010925293,-50.71411895751953,-63.26248550415039,162.79163026305434,-0.9552351550556488,0.0,0.49174308829714547
2026-04-01 18:50:37,604,1214,1,phase_1_2_guided_close_range_refine,500,-106.52365623006659,249,high_altitude,73.35746765136719,102.53309631347656,0.40629085898399353,100.42845916748047,48.5619010925293,-50.842979431152344,-53.46954345703125,169.10328513165808,-0.9819695531274746,0.0,0.747991585064724
2026-04-01 18:50:41,604,1215,1,phase_1_2_guided_close_range_refine,500,-107.11212199115423,251,high_altitude,70.03167724609375,116.50042724609375,0.40629085898399353,100.12821197509766,48.5619010925293,-50.543296813964844,-46.994510650634766,95.12297223106789,-0.08929364347989524,0.0,0.7113806396446445
2026-04-01 18:50:45,604,1216,1,phase_1_2_guided_close_range_refine,500,-96.55892497023801,255,high_altitude,82.82290649414062,126.35836791992188,0.40629085898399353,100.41177368164062,48.5619010925293,-50.982704162597656,-61.00102233886719,126.673753856567,-0.5972578056008294,0.0,0.517801295912771
2026-04-01 18:50:48,604,1217,1,phase_1_2_guided_close_range_refine,500,-94.0972737267139,237,high_altitude,82.35065460205078,83.34117889404297,0.40629085898399353,100.44682312011719,48.5619010925293,-50.968719482421875,-43.43662643432617,104.28379270061825,-0.24672489665030628,0.0,0.5689371577517174
2026-04-01 18:50:52,605,1218,1,phase_1_2_guided_close_range_refine,500,-110.13865588381175,238,high_altitude,82.68736267089844,53.41389465332031,0.40629085898399353,100.0212173461914,48.5619010925293,-50.512107849121094,-32.57818603515625,127.35055730142356,-0.6066900831941301,0.0,0.3899013276795173
2026-04-01 18:50:55,605,1219,1,phase_1_2_guided_close_range_refine,500,-87.1430443987517,236,high_altitude,82.27790832519531,60.58846664428711,0.40629085898399353,100.24207305908203,48.5619010925293,-50.697120666503906,-37.94621658325195,134.90030690049716,-0.705875364837169,0.0,0.47048106484260754
2026-04-01 18:50:59,605,1220,1,phase_1_2_guided_close_range_refine,500,-88.75157804538622,241,high_altitude,74.21664428710938,67.69237518310547,0.40629085898399353,100.00975799560547,48.5619010925293,-50.431541442871094,-28.40180778503418,81.7425223639862,0.14362177954651315,0.0,0.667303829608247
2026-04-01 18:51:03,605,1221,1,phase_1_2_guided_close_range_refine,500,-110.31726919185564,263,high_altitude,77.49695587158203,105.71114349365234,0.40629085898399353,100.0121078491211,48.5619010925293,-50.35713195800781,-50.349761962890625,162.37412811984814,-0.9530540356505918,0.0,0.4848068040430566
2026-04-01 18:51:08,606,1222,1,phase_1_2_guided_close_range_refine,500,-102.69070747528517,282,high_altitude,79.03328704833984,59.3301887512207,0.40629085898399353,100.14590454101562,48.5619010925293,-50.17760467529297,-22.19731903076172,93.65965201271685,-0.06382955491795239,0.0,0.6154452841102902
2026-04-01 18:51:11,606,1223,1,phase_1_2_guided_close_range_refine,500,-86.80560504651972,235,high_altitude,78.32781982421875,87.62690734863281,0.40629085898399353,100.23178100585938,48.5619010925293,-50.81572723388672,-47.07265853881836,118.52115810096974,-0.4774832560054196,0.0,0.3820830516211132
2026-04-01 18:51:15,606,1224,1,phase_1_2_guided_close_range_refine,500,-112.96348442593893,260,high_altitude,80.8724136352539,85.04518127441406,0.40629085898399353,100.04375457763672,48.5619010925293,-50.26470184326172,-44.49338912963867,145.11652137040872,-0.8203168213594726,0.0,0.7568940719170084
2026-04-01 18:51:17,606,1225,1,phase_1_2_guided_close_range_refine,500,206.8131922436471,130,success,75.74910736083984,13.731027603149414,0.40629085898399353,36.54979705810547,48.5619010925293,12.865619659423828,17.536170959472656,16.882265656432434,0.9569035171465159,0.0,0.09095972011107308
2026-04-01 18:51:20,606,1226,1,phase_1_2_guided_close_range_refine,500,-90.86349784000393,243,high_altitude,80.53180694580078,103.47525024414062,0.40629085898399353,100.51255798339844,48.5619010925293,-50.96959686279297,-53.398529052734375,116.54293041165894,-0.4468682415586688,0.0,0.628660588314541
2026-04-01 18:51:22,606,1227,1,phase_1_2_guided_close_range_refine,500,203.49648328842986,132,success,79.18965911865234,13.911818504333496,0.40629085898399353,35.61583709716797,48.5619010925293,13.810737609863281,26.05764389038086,15.891978726787087,0.9617796537650626,0.0,0.33921390084671493
2026-04-01 18:51:26,607,1228,1,phase_1_2_guided_close_range_refine,500,-104.19874365593688,239,high_altitude,85.96967315673828,54.96581268310547,0.40629085898399353,100.23363494873047,48.5619010925293,-50.62174987792969,-32.122074127197266,126.05855871802396,-0.5886117948560131,0.0,0.5595595079264003
2026-04-01 18:51:30,607,1229,1,phase_1_2_guided_close_range_refine,500,-109.27639825819388,285,high_altitude,85.84211730957031,116.757568359375,0.40629085898399353,100.06493377685547,48.5619010925293,-50.30377197265625,-54.32647705078125,156.57322113699965,-0.9175689067372467,0.0,0.4617777850014362
2026-04-01 18:51:34,607,1230,1,phase_1_2_guided_close_range_refine,500,-114.50629017431258,251,high_altitude,88.50872039794922,52.393245697021484,0.40629085898399353,100.09066772460938,48.5619010925293,-50.40802764892578,-26.749134063720703,104.35943021548697,-0.24800399408205442,0.0,0.6718767253422416
2026-04-01 18:51:41,607,1231,1,phase_1_2_guided_close_range_refine,500,-124.43826392202976,500,timeout,81.68036651611328,234.23724365234375,0.40629085898399353,15.326891899108887,48.5619010925293,34.24739074707031,-25.580244064331055,61.347734596679025,0.47949255769768717,0.0,1.138559337534411
2026-04-01 18:51:49,608,1232,1,phase_1_2_guided_close_range_refine,500,-176.22157685361708,471,low_agl,71.73373413085938,313.671630859375,0.40629085898399353,0.3591230809688568,48.5619010925293,49.11048889160156,-34.710594177246094,114.63969819943489,-0.4169106695185693,0.0,1.4817867935211644
2026-04-01 18:51:56,608,1233,1,phase_1_2_guided_close_range_refine,500,-155.4541064975553,466,low_agl,85.83580780029297,164.8933868408203,0.40629085898399353,0.3801710605621338,48.5619010925293,49.078495025634766,-10.92420768737793,90.19115900877931,-0.003336347908414416,0.0,1.4775730991518694
2026-04-01 18:52:00,608,1234,1,phase_1_2_guided_close_range_refine,500,-131.58772378636752,298,high_altitude,76.53568267822266,204.31390380859375,0.40629085898399353,100.00665283203125,48.5619010925293,-50.30540466308594,-76.76222229003906,150.02414889284628,-0.8662360657017721,0.0,0.4761193765232072
2026-04-01 18:52:08,609,1235,1,phase_1_2_guided_close_range_refine,500,-219.952973589824,477,collision,80.42401885986328,377.55706787109375,0.40629085898399353,0.10540434718132019,48.5619010925293,49.69145584106445,-73.8350601196289,57.92372661480579,0.5310477343823257,1.0,0.8027469954270817
2026-04-01 18:52:12,609,1236,1,phase_1_2_guided_close_range_refine,500,-99.28796446199452,265,high_altitude,86.61290740966797,141.0567626953125,0.40629085898399353,100.36995697021484,48.5619010925293,-50.6846923828125,-69.68070983886719,172.8819780069409,-0.9922930108030562,0.0,0.31337567699753066
2026-04-01 18:52:16,609,1237,1,phase_1_2_guided_close_range_refine,500,-126.59378848920585,275,high_altitude,85.59822082519531,104.75695037841797,0.40629085898399353,100.38844299316406,48.5619010925293,-50.767234802246094,-52.51956558227539,175.60443676859464,-0.9970586900691164,0.0,0.3547437010023495
2026-04-01 18:52:20,610,1238,1,phase_1_2_guided_close_range_refine,500,-117.36278416958743,241,high_altitude,86.45635986328125,54.47856140136719,0.40629085898399353,100.6125259399414,48.5619010925293,-51.11518096923828,-34.7232666015625,136.2246669201843,-0.72205814197002,0.0,0.3623838809752646
2026-04-01 18:52:23,610,1239,1,phase_1_2_guided_close_range_refine,500,-120.78180840698532,240,high_altitude,88.89506530761719,55.29903793334961,0.40629085898399353,100.43260955810547,48.5619010925293,-50.85859680175781,-33.90437698364258,142.61113968095634,-0.7945326940272078,0.0,0.4416390945650043
2026-04-01 18:52:27,610,1240,1,phase_1_2_guided_close_range_refine,500,-98.25224482726574,243,high_altitude,72.99163055419922,79.44661712646484,0.40629085898399353,100.41100311279297,48.5619010925293,-50.870361328125,-43.24699401855469,160.7960129121167,-0.9443534828408453,0.0,0.5671421971307465
2026-04-01 18:52:30,610,1241,1,phase_1_2_guided_close_range_refine,500,-121.1708848359163,238,high_altitude,88.9424819946289,53.02039337158203,0.40629085898399353,100.23404693603516,48.5619010925293,-50.769622802734375,-35.633541107177734,161.18870780825742,-0.9465857276979666,0.0,0.3684961069641551
2026-04-01 18:52:34,610,1242,1,phase_1_2_guided_close_range_refine,500,-93.80081114398027,238,high_altitude,84.2418441772461,73.07942199707031,0.40629085898399353,100.44964599609375,48.5619010925293,-50.900108337402344,-42.62877655029297,116.1791272157074,-0.4411789533457517,0.0,0.5093320942260177
2026-04-01 18:52:38,611,1243,1,phase_1_2_guided_close_range_refine,500,-103.45389422428164,275,high_altitude,87.96839141845703,135.8596649169922,0.40629085898399353,100.1367416381836,48.5619010925293,-50.42041778564453,-64.6372299194336,166.01578007962385,-0.9703623182357817,0.0,0.4513897045791941
2026-04-01 18:52:42,611,1244,1,phase_1_2_guided_close_range_refine,500,-113.96974119851285,286,high_altitude,82.19615936279297,168.35430908203125,0.40629085898399353,100.14276885986328,48.5619010925293,-50.31724548339844,-68.94515991210938,116.76291714444672,-0.4502997487537831,0.0,0.6856779536591362
2026-04-01 18:52:46,611,1245,1,phase_1_2_guided_close_range_refine,500,-110.8255948635536,254,high_altitude,85.6358642578125,51.864437103271484,0.40629085898399353,100.2154541015625,48.5619010925293,-50.298614501953125,-18.133432388305664,70.42172970150018,0.3350942657887357,0.0,0.8253016691500599
2026-04-01 18:52:50,611,1246,1,phase_1_2_guided_close_range_refine,500,-118.02724205896743,275,high_altitude,71.52521514892578,161.99755859375,0.40629085898399353,100.28699493408203,48.5619010925293,-50.55194091796875,-61.868499755859375,113.7727832692202,-0.403110625267471,0.0,0.5300977419880918
2026-04-01 18:52:54,611,1247,1,phase_1_2_guided_close_range_refine,500,-112.0057595792815,260,high_altitude,78.05867767333984,140.0634765625,0.40629085898399353,100.04171752929688,48.5619010925293,-50.53424072265625,-64.68863677978516,145.0566889132794,-0.8197191444722504,0.0,0.37499776774981763
2026-04-01 18:52:58,612,1248,1,phase_1_2_guided_close_range_refine,500,-117.31071455593164,257,high_altitude,77.22856903076172,99.39546203613281,0.40629085898399353,100.05113220214844,48.5619010925293,-50.35205078125,-51.33201599121094,160.6446422597309,-0.9434811764282062,0.0,0.7562963293825525
2026-04-01 18:53:02,612,1249,1,phase_1_2_guided_close_range_refine,500,-93.18505139744865,248,high_altitude,84.05294036865234,113.69141387939453,0.40629085898399353,100.14334869384766,48.5619010925293,-50.6346435546875,-62.4450569152832,147.32207141567588,-0.8417188302707693,0.0,0.25711665986056514
2026-04-01 18:53:05,612,1250,1,phase_1_2_guided_close_range_refine,500,-85.82727203643122,232,high_altitude,71.59286499023438,65.70342254638672,0.40629085898399353,100.66192626953125,48.5619010925293,-51.11553955078125,-32.04805374145508,100.44309536805004,-0.18125889336443726,0.0,0.42709494090930566
2026-04-01 18:53:09,612,1251,1,phase_1_2_guided_close_range_refine,500,-109.74571372833546,256,high_altitude,86.25209045410156,112.83535766601562,0.40629085898399353,100.46109771728516,48.5619010925293,-50.77204132080078,-61.2231559753418,161.08042198915604,-0.9459746207727119,0.0,0.5840154209433298
2026-04-01 18:53:12,612,1252,1,phase_1_2_guided_close_range_refine,500,-90.68356424053391,229,high_altitude,71.23114776611328,70.75518798828125,0.40629085898399353,100.36180877685547,48.5619010925293,-50.93864440917969,-37.3175048828125,118.05904116210502,-0.47038115790652374,0.0,0.1603483451424708
2026-04-01 18:53:16,613,1253,1,phase_1_2_guided_close_range_refine,500,-100.19969303967379,243,high_altitude,71.26219177246094,86.41759490966797,0.40629085898399353,100.45328521728516,48.5619010925293,-50.76282501220703,-43.4094123840332,130.3185477033609,-0.6470366354582505,0.0,0.6114122003799392
2026-04-01 18:53:20,613,1254,1,phase_1_2_guided_close_range_refine,500,-106.01357160750413,257,high_altitude,69.38603210449219,115.10034942626953,0.40629085898399353,100.08548736572266,48.5619010925293,-50.24763488769531,-41.44210433959961,83.07103513868869,0.12063869426243469,0.0,0.7390851257859354
2026-04-01 18:53:24,613,1255,1,phase_1_2_guided_close_range_refine,500,-98.72880079906665,238,high_altitude,71.26499938964844,85.7668685913086,0.40629085898399353,100.48261260986328,48.5619010925293,-50.870582580566406,-35.014312744140625,80.11018911462318,0.17175391202579168,0.0,0.6914841827810435
2026-04-01 18:53:27,613,1256,1,phase_1_2_guided_close_range_refine,500,-93.851468882881,231,high_altitude,71.76123046875,70.28115844726562,0.40629085898399353,100.10822296142578,48.5619010925293,-50.63697814941406,-42.3159294128418,158.44074512024287,-0.9300380375720091,0.0,0.4991512832365896
2026-04-01 18:53:31,613,1257,1,phase_1_2_guided_close_range_refine,500,-107.40802449032597,241,high_altitude,70.0501708984375,111.96438598632812,0.40629085898399353,100.00511169433594,48.5619010925293,-50.5533447265625,-49.548423767089844,106.63490773747671,-0.28627217712173225,0.0,0.4903700725908118
2026-04-01 18:53:34,614,1258,1,phase_1_2_guided_close_range_refine,500,-96.60091820846094,234,high_altitude,83.23419189453125,71.28874206542969,0.40629085898399353,100.06144714355469,48.5619010925293,-50.625732421875,-45.530513763427734,151.96217408870237,-0.8826374615873552,0.0,0.2773468638888972
2026-04-01 18:53:38,614,1259,1,phase_1_2_guided_close_range_refine,500,-87.59737695826752,227,high_altitude,87.64505767822266,69.71070861816406,0.40629085898399353,100.3995361328125,48.5619010925293,-50.96159362792969,-44.982513427734375,114.33201183770416,-0.41202350626757167,0.0,0.5051528231828625
2026-04-01 18:53:41,614,1260,1,phase_1_2_guided_close_range_refine,500,-92.55248398719463,231,high_altitude,82.43045043945312,60.083377838134766,0.40629085898399353,100.34416961669922,48.5619010925293,-50.71710968017578,-35.996421813964844,116.24542103179154,-0.4422170124666934,0.0,0.6806035903435846
2026-04-01 18:53:45,614,1261,1,phase_1_2_guided_close_range_refine,500,-85.43508490340795,227,high_altitude,83.86759185791016,54.58095932006836,0.40629085898399353,100.2486801147461,48.5619010925293,-50.718772888183594,-36.63416290283203,113.94930267813001,-0.4059281467901715,0.0,0.6252384352622747
2026-04-01 18:53:48,614,1262,1,phase_1_2_guided_close_range_refine,500,-92.20410249404773,234,high_altitude,75.22715759277344,91.0740737915039,0.40629085898399353,100.21914672851562,48.5619010925293,-50.67914581298828,-47.75738525390625,116.12978592914321,-0.44040596127797554,0.0,0.594132917405341
2026-04-01 18:53:52,615,1263,1,phase_1_2_guided_close_range_refine,500,-101.52607148206178,249,high_altitude,77.5869369506836,123.54139709472656,0.40629085898399353,100.03523254394531,48.5619010925293,-50.41166687011719,-62.06619644165039,139.05897685968614,-0.7553844883332808,0.0,0.4276645599727591
2026-04-01 18:53:54,615,1264,1,phase_1_2_guided_close_range_refine,500,204.47866735770083,129,success,78.99710845947266,13.705060958862305,0.40629085898399353,35.85988998413086,48.5619010925293,13.558700561523438,28.08551597595215,17.751994624585176,0.9523851858965513,0.0,0.13199563144857446
2026-04-01 18:53:57,615,1265,1,phase_1_2_guided_close_range_refine,500,-91.73243042936039,242,high_altitude,87.33207702636719,85.02497863769531,0.40629085898399353,100.20691680908203,48.5619010925293,-50.534339904785156,-48.69294738769531,119.08918395310468,-0.486170424856682,0.0,0.6571926844821238
2026-04-01 18:54:01,615,1266,1,phase_1_2_guided_close_range_refine,500,-96.50323219730824,238,high_altitude,77.6113510131836,108.62786865234375,0.40629085898399353,100.13134002685547,48.5619010925293,-50.591102600097656,-59.62501525878906,149.9520084348326,-0.8656062946225479,0.0,0.49615877883845844
2026-04-01 18:54:04,615,1267,1,phase_1_2_guided_close_range_refine,500,-88.7952007831069,237,high_altitude,71.39913177490234,67.20414733886719,0.40629085898399353,100.4642105102539,48.5619010925293,-50.801734924316406,-34.170711517333984,111.58194545142524,-0.3678315513195036,0.0,0.5620983987756986
2026-04-01 18:54:08,616,1268,1,phase_1_2_guided_close_range_refine,500,-102.4543503842799,241,high_altitude,75.64140319824219,93.65690612792969,0.40629085898399353,100.25996398925781,48.5619010925293,-50.73945617675781,-51.62364959716797,162.6129525143668,-0.954307906496776,0.0,0.6364033126492799
2026-04-01 18:54:12,616,1269,1,phase_1_2_guided_close_range_refine,500,-97.34517367400007,248,high_altitude,80.97850799560547,126.13976287841797,0.40629085898399353,100.1068115234375,48.5619010925293,-50.60869598388672,-64.14069366455078,134.56631065008352,-0.7017342673898234,0.0,0.494014308583039
2026-04-01 18:54:14,616,1270,1,phase_1_2_guided_close_range_refine,500,201.4550337140965,149,success,79.36412811279297,5.686095714569092,0.40629085898399353,43.80809020996094,48.5619010925293,5.655048370361328,28.33064079284668,35.8465676322761,0.8105881218296683,0.0,0.15661278597137493
2026-04-01 18:54:16,616,1271,1,phase_1_2_guided_close_range_refine,500,202.76308898982242,144,success,71.85807037353516,13.950695991516113,0.40629085898399353,41.90684127807617,48.5619010925293,7.536251068115234,1.7460644245147705,33.290113203304955,0.8359020867397081,0.0,0.2321152403657702
2026-04-01 18:54:20,616,1272,1,phase_1_2_guided_close_range_refine,500,-103.63651500351995,235,high_altitude,70.7911605834961,94.14402770996094,0.40629085898399353,100.26216888427734,48.5619010925293,-50.678932189941406,-53.20903396606445,163.72751644350782,-0.9599399721832549,0.0,0.6594498288104953
2026-04-01 18:54:24,616,1273,1,phase_1_2_guided_close_range_refine,500,-103.29747074186463,239,high_altitude,74.34162139892578,110.44477844238281,0.40629085898399353,100.62860870361328,48.5619010925293,-51.171470642089844,-54.209686279296875,123.04599450156311,-0.5453121068583661,0.0,0.44069785821926527
2026-04-01 18:54:28,617,1274,1,phase_1_2_guided_close_range_refine,500,-94.87604749238979,240,high_altitude,84.09355163574219,84.18205261230469,0.40629085898399353,100.24251556396484,48.5619010925293,-50.68158721923828,-51.81466293334961,160.289021630405,-0.9414059371470372,0.0,0.3373776240791338
2026-04-01 18:54:31,617,1275,1,phase_1_2_guided_close_range_refine,500,-106.26339744406482,260,high_altitude,76.13907623291016,114.5595474243164,0.40629085898399353,100.03113555908203,48.5619010925293,-50.242034912109375,-46.30810546875,94.54961883138034,-0.07932240855134934,0.0,0.7177431151858812
2026-04-01 18:54:33,617,1276,1,phase_1_2_guided_close_range_refine,500,212.8080834825068,133,success,88.47496795654297,13.776556015014648,0.40629085898399353,35.822845458984375,48.5619010925293,13.626312255859375,28.710968017578125,20.92489753181207,0.9340493678001882,0.0,0.3890985661798569
2026-04-01 18:54:37,617,1277,1,phase_1_2_guided_close_range_refine,500,-101.90466632990007,254,high_altitude,84.63720703125,76.24111938476562,0.40629085898399353,100.03780364990234,48.5619010925293,-50.36073303222656,-43.23741912841797,145.38052184220805,-0.8229432779568798,0.0,0.536954413278513
2026-04-01 18:54:45,618,1278,1,phase_1_2_guided_close_range_refine,500,-171.16757922477743,487,low_agl,79.19673919677734,281.354736328125,0.40629085898399353,0.3205021023750305,48.5619010925293,49.227962493896484,-17.220375061035156,97.98978021064066,-0.13899646564847667,0.0,1.3647923593468338
2026-04-01 18:54:52,618,1279,1,phase_1_2_guided_close_range_refine,500,-166.6771329186687,500,timeout,88.240966796875,570.4986572265625,0.40629085898399353,10.371702194213867,48.5619010925293,39.23506164550781,-77.0863037109375,30.38178791886226,0.8626744739190239,0.0,1.0843541924980107
2026-04-01 18:54:58,618,1280,1,phase_1_2_guided_close_range_refine,500,-153.2671399128074,450,low_agl,75.70330047607422,118.68783569335938,0.40629085898399353,0.27780911326408386,48.5619010925293,49.323463439941406,-4.7580647468566895,81.00674706583574,0.15631815524488613,0.0,1.395808601131494
2026-04-01 18:55:05,619,1281,1,phase_1_2_guided_close_range_refine,500,-146.23186491217191,424,low_agl,74.92195892333984,163.1407470703125,0.40629085898399353,0.2802392244338989,48.5619010925293,49.30216598510742,-33.643836975097656,23.897733952965535,0.9142699778615869,0.0,1.0862610265116943
2026-04-01 18:55:12,619,1282,1,phase_1_2_guided_close_range_refine,500,-185.4525051355276,495,low_agl,77.44563293457031,360.5734558105469,0.40629085898399353,0.21990305185317993,48.5619010925293,49.44243240356445,-29.66505241394043,51.10518974751707,0.627892563224228,0.0,1.046639208995686
2026-04-01 18:55:16,619,1283,1,phase_1_2_guided_close_range_refine,500,-95.39284674248292,262,high_altitude,75.39263153076172,83.9826431274414,0.40629085898399353,100.3318099975586,48.5619010925293,-50.53211975097656,-33.23154067993164,82.94322863893942,0.12285274496668559,0.0,0.707251792852793
2026-04-01 18:55:18,619,1284,1,phase_1_2_guided_close_range_refine,500,198.14185863898004,142,success,70.88920593261719,13.813103675842285,0.40629085898399353,38.75558853149414,48.5619010925293,10.76055908203125,12.033933639526367,27.29571208391186,0.8886515546982069,0.0,0.37779004710222813
2026-04-01 18:55:26,620,1285,1,phase_1_2_guided_close_range_refine,500,-171.16260749761594,458,low_agl,84.49481964111328,133.70628356933594,0.40629085898399353,0.29847702383995056,48.5619010925293,49.27722930908203,-12.048018455505371,124.25959617366931,-0.5629433610411612,0.0,1.4670722466678319
2026-04-01 18:55:32,620,1286,1,phase_1_2_guided_close_range_refine,500,-155.28933094995648,442,low_agl,75.45825958251953,151.02276611328125,0.40629085898399353,0.3698123097419739,48.5619010925293,49.2633171081543,-22.842796325683594,38.60116584906932,0.7815077776143643,0.0,1.0922218076003736
2026-04-01 18:55:38,621,1287,1,phase_1_2_guided_close_range_refine,500,-160.42436410196564,390,low_agl,73.8288345336914,130.11611938476562,0.40629085898399353,0.22106699645519257,48.5619010925293,49.41860580444336,-20.502300262451172,18.16789508843101,0.9501469150087355,0.0,1.0672198358299012
2026-04-01 18:55:43,621,1288,1,phase_1_2_guided_close_range_refine,500,-112.70861560747197,289,high_altitude,79.52413940429688,65.82151794433594,0.40629085898399353,100.20909881591797,48.5619010925293,-50.42455291748047,-30.507793426513672,119.7068242993706,-0.495562124571318,0.0,0.6428403761075558
2026-04-01 18:55:47,621,1289,1,phase_1_2_guided_close_range_refine,500,-131.14336256422752,276,high_altitude,88.25962829589844,76.19525909423828,0.40629085898399353,100.24017333984375,48.5619010925293,-50.364356994628906,-35.91552734375,124.68148329832266,-0.569013795324107,0.0,0.6922871189604228
2026-04-01 18:55:50,621,1290,1,phase_1_2_guided_close_range_refine,500,-97.88769590349473,244,high_altitude,72.38082885742188,66.54830932617188,0.40629085898399353,100.38451385498047,48.5619010925293,-50.77912902832031,-27.955739974975586,84.97005995438401,0.08767629472920063,0.0,0.6862579262714802
2026-04-01 18:55:54,621,1291,1,phase_1_2_guided_close_range_refine,500,-95.84833733086249,251,high_altitude,74.66456604003906,74.27776336669922,0.40629085898399353,100.11843872070312,48.5619010925293,-50.481414794921875,-39.22570037841797,141.1416244810281,-0.7786991483823701,0.0,0.5519259712952276
2026-04-01 18:55:58,622,1292,1,phase_1_2_guided_close_range_refine,500,-92.29091380320588,230,high_altitude,78.38412475585938,87.71660614013672,0.40629085898399353,100.66583251953125,48.5619010925293,-51.15220642089844,-53.711421966552734,143.41124170070998,-0.8029344418549276,0.0,0.6955951340954147
2026-04-01 18:56:01,622,1293,1,phase_1_2_guided_close_range_refine,500,-106.14080041351545,243,high_altitude,73.4054183959961,125.07926940917969,0.40629085898399353,100.50928497314453,48.5619010925293,-50.85862731933594,-61.14541244506836,130.60537466736642,-0.6508454383347451,0.0,0.5519000993718418
2026-04-01 18:56:05,622,1294,1,phase_1_2_guided_close_range_refine,500,-95.01583083073928,258,high_altitude,82.30813598632812,113.67501068115234,0.40629085898399353,100.05879974365234,48.5619010925293,-50.235511779785156,-54.427249908447266,108.5658978384877,-0.3183951458153705,0.0,0.758900017568395
2026-04-01 18:56:09,622,1295,1,phase_1_2_guided_close_range_refine,500,-104.79412971637937,257,high_altitude,86.3035659790039,119.94356536865234,0.40629085898399353,100.14904022216797,48.5619010925293,-50.27897644042969,-55.043235778808594,100.0750711151914,-0.17493836091666776,0.0,0.9213389148158414
2026-04-01 18:56:13,622,1296,1,phase_1_2_guided_close_range_refine,500,-98.49129891468505,255,high_altitude,76.27291870117188,57.88396072387695,0.40629085898399353,100.1588363647461,48.5619010925293,-50.30738067626953,-27.492761611938477,107.39655579220317,-0.2989834296900773,0.0,0.760419312302855
2026-04-01 18:56:16,623,1297,1,phase_1_2_guided_close_range_refine,500,-104.34480591005072,243,high_altitude,72.83496856689453,118.75182342529297,0.40629085898399353,100.32743835449219,48.5619010925293,-50.60032653808594,-58.583587646484375,125.18051057946214,-0.5761543272656044,0.0,0.6658130142104967
2026-04-01 18:56:24,623,1298,1,phase_1_2_guided_close_range_refine,500,-202.85347268937284,498,low_agl,79.19889831542969,515.1318359375,0.40629085898399353,0.3130043148994446,48.5619010925293,49.242210388183594,-59.37393569946289,106.16484728860726,-0.2784018840495627,0.0,1.4929883778325301
2026-04-01 18:56:27,623,1299,1,phase_1_2_guided_close_range_refine,500,-111.63791400851558,244,high_altitude,73.3636245727539,92.7859878540039,0.40629085898399353,100.26560974121094,48.5619010925293,-50.75543212890625,-48.80241012573242,164.0686570717933,-0.9615912997464656,0.0,0.45013975214366536
2026-04-01 18:56:29,623,1300,1,phase_1_2_guided_close_range_refine,500,197.39079922346275,134,success,73.53916931152344,13.788924217224121,0.40629085898399353,36.20941162109375,48.5619010925293,13.253047943115234,20.858821868896484,30.732296151594387,0.8595643551511524,0.0,0.1816346085325349
2026-04-01 18:56:34,624,1301,1,phase_1_2_guided_close_range_refine,500,-97.80644104772027,248,high_altitude,82.5848159790039,125.21092224121094,0.40629085898399353,100.36284637451172,48.5619010925293,-50.670387268066406,-67.28448486328125,149.31789367228862,-0.8600116740005761,0.0,0.6449315165244612
2026-04-01 18:56:39,624,1302,1,phase_1_2_guided_close_range_refine,500,-149.52801505902593,387,low_agl,80.8787612915039,132.5402069091797,0.40629085898399353,0.2734524607658386,48.5619010925293,49.448974609375,-37.06623077392578,33.3125367143501,0.8356872113571436,0.0,0.8349471370004823
2026-04-01 18:56:43,624,1303,1,phase_1_2_guided_close_range_refine,500,-93.6692638963467,245,high_altitude,84.80201721191406,107.86380767822266,0.40629085898399353,100.40694427490234,48.5619010925293,-50.73114013671875,-62.4429931640625,151.68008727598084,-0.8803125344904111,0.0,0.6258815967832942
2026-04-01 18:56:50,624,1304,1,phase_1_2_guided_close_range_refine,500,-172.51159441693164,497,low_agl,82.57975006103516,354.9947204589844,0.40629085898399353,0.26973438262939453,48.5619010925293,49.324954986572266,-36.60785675048828,139.27359506378627,-0.7578337341448298,0.0,1.3989466603586618
2026-04-01 18:56:57,625,1305,1,phase_1_2_guided_close_range_refine,500,-136.91637437225796,457,low_agl,78.41506958007812,117.41710662841797,0.40629085898399353,0.3709924519062042,48.5619010925293,49.10125732421875,-4.480997085571289,96.0683523744677,-0.10571482735416919,0.0,1.3372185942920836
2026-04-01 18:57:01,625,1306,1,phase_1_2_guided_close_range_refine,500,-120.88086592014854,274,high_altitude,72.22213745117188,128.4184112548828,0.40629085898399353,100.00847625732422,48.5619010925293,-50.212913513183594,-42.61189270019531,77.35370918071362,0.21893163982132127,0.0,0.8278017771612368
2026-04-01 18:57:06,625,1307,1,phase_1_2_guided_close_range_refine,500,-128.43959141868092,289,high_altitude,87.92738342285156,160.7349395751953,0.40629085898399353,100.05841064453125,48.5619010925293,-50.27495574951172,-64.18272399902344,120.46522118405213,-0.507015256412561,0.0,0.47373684410179767
2026-04-01 18:57:10,626,1308,1,phase_1_2_guided_close_range_refine,500,-106.40040285860209,269,high_altitude,83.19087982177734,146.65066528320312,0.40629085898399353,100.2744369506836,48.5619010925293,-50.57765197753906,-60.92348861694336,104.76237722557187,-0.25481084675546345,0.0,0.6338962788754474
2026-04-01 18:57:17,626,1309,1,phase_1_2_guided_close_range_refine,500,-194.34487558469561,456,low_agl,76.28803253173828,367.1822814941406,0.40629085898399353,0.37727880477905273,48.5619010925293,49.076690673828125,-47.93229675292969,59.470340990085134,0.5079843150149979,0.0,1.3780498071233793
2026-04-01 18:57:20,626,1310,1,phase_1_2_guided_close_range_refine,500,-99.28981325458324,255,high_altitude,75.7007827758789,117.95545196533203,0.40629085898399353,100.0676040649414,48.5619010925293,-50.2947998046875,-48.32985305786133,86.38463994281784,0.06305807183920238,0.0,0.873066705976619
2026-04-01 18:57:25,626,1311,1,phase_1_2_guided_close_range_refine,500,-101.25547860444249,290,high_altitude,71.81031036376953,84.69046020507812,0.40629085898399353,100.01394653320312,48.5619010925293,-50.00536346435547,-34.196189880371094,107.28961552036829,-0.2972018251385294,0.0,0.8052736037752872
2026-04-01 18:57:29,627,1312,1,phase_1_2_guided_close_range_refine,500,-110.30346988138564,247,high_altitude,74.49222564697266,128.62461853027344,0.40629085898399353,100.47077941894531,48.5619010925293,-50.76429748535156,-63.1075439453125,137.53751124093077,-0.7377194840725284,0.0,0.733848149046517
2026-04-01 18:57:33,627,1313,1,phase_1_2_guided_close_range_refine,500,-125.32295308789028,286,high_altitude,76.15762329101562,191.67933654785156,0.40629085898399353,100.03123474121094,48.5619010925293,-50.09074401855469,-75.25684356689453,119.3030098552611,-0.48942826251570926,0.0,0.6808511031613765
2026-04-01 18:57:35,627,1314,1,phase_1_2_guided_close_range_refine,500,196.34053424953387,134,success,71.36460876464844,13.870543479919434,0.40629085898399353,36.38779067993164,48.5619010925293,13.096145629882812,20.981828689575195,24.5761544451081,0.9094092794724233,0.0,0.24636059072941624
2026-04-01 18:57:39,627,1315,1,phase_1_2_guided_close_range_refine,500,-95.77844608873032,237,high_altitude,78.79529571533203,93.07667541503906,0.40629085898399353,100.00826263427734,48.5619010925293,-50.493736267089844,-52.60007095336914,124.56039770471668,-0.5672746654642983,0.0,0.6596656442485422
2026-04-01 18:57:42,627,1316,1,phase_1_2_guided_close_range_refine,500,-103.81946756909014,253,high_altitude,78.06146240234375,120.9326171875,0.40629085898399353,100.43737030029297,48.5619010925293,-50.66313934326172,-51.56382751464844,102.68011209482344,-0.2195075738793258,0.0,0.7311201508881674
2026-04-01 18:57:46,628,1317,1,phase_1_2_guided_close_range_refine,500,-101.04727222861779,238,high_altitude,76.88166046142578,98.47740173339844,0.40629085898399353,100.70006561279297,48.5619010925293,-51.26343536376953,-53.21941375732422,145.50913430427937,-0.8242164767179192,0.0,0.2841195285571813
2026-04-01 18:57:52,628,1318,1,phase_1_2_guided_close_range_refine,500,-144.16149689689834,415,low_agl,72.9304428100586,152.01055908203125,0.40629085898399353,0.30111706256866455,48.5619010925293,49.237308502197266,-8.442410469055176,42.451572295542704,0.7378480976951071,0.0,1.2780267854539742
2026-04-01 18:57:56,628,1319,1,phase_1_2_guided_close_range_refine,500,-113.99944963632734,276,high_altitude,74.17017364501953,73.08087158203125,0.40629085898399353,100.43663787841797,48.5619010925293,-50.940895080566406,-41.66963577270508,171.44657277172772,-0.9888776039230031,0.0,0.5500568835252302
2026-04-01 18:58:00,628,1320,1,phase_1_2_guided_close_range_refine,500,-99.15718472645045,251,high_altitude,82.34693145751953,116.17098999023438,0.40629085898399353,100.40363311767578,48.5619010925293,-50.884361267089844,-55.03181076049805,107.3551648458329,-0.2982939876209155,0.0,0.5625987986208002
2026-04-01 18:58:04,629,1321,1,phase_1_2_guided_close_range_refine,500,-99.84194053289545,243,high_altitude,80.40996551513672,107.88851928710938,0.40629085898399353,100.65013122558594,48.5619010925293,-51.178436279296875,-58.54707336425781,153.4587095169872,-0.894612574610007,0.0,0.268744949422345
2026-04-01 18:58:08,629,1322,1,phase_1_2_guided_close_range_refine,500,-122.47530123677856,258,high_altitude,84.91015625,71.05014038085938,0.40629085898399353,100.31803131103516,48.5619010925293,-50.73890686035156,-40.15920639038086,157.81606967913183,-0.9259765209489119,0.0,0.3278839748796213
2026-04-01 18:58:10,629,1323,1,phase_1_2_guided_close_range_refine,500,208.81031595697362,136,success,87.47370910644531,13.77767562866211,0.40629085898399353,36.50307083129883,48.5619010925293,12.925655364990234,27.13497543334961,32.22686448539824,0.8459432214391263,0.0,0.2301949179834493
2026-04-01 18:58:17,629,1324,1,phase_1_2_guided_close_range_refine,500,-176.67648674023968,500,timeout,84.55776977539062,241.14364624023438,0.40629085898399353,17.674463272094727,48.5619010925293,32.00394821166992,-27.865556716918945,93.67067593803725,-0.06402156518167884,0.0,1.3115238771149011
2026-04-01 18:58:23,630,1325,1,phase_1_2_guided_close_range_refine,500,-123.5772356814827,324,high_altitude,76.14569854736328,131.69287109375,0.40629085898399353,100.1387939453125,48.5619010925293,-50.41405487060547,-31.522916793823242,64.62445637929011,0.4285495107812598,0.0,0.7071751011022164
2026-04-01 18:58:27,630,1326,1,phase_1_2_guided_close_range_refine,500,-111.24691666348652,290,high_altitude,70.09416961669922,88.13897705078125,0.40629085898399353,100.24288940429688,48.5619010925293,-50.565345764160156,-21.17104721069336,62.89287365109765,0.45565562682214006,0.0,0.7306258673548893
2026-04-01 18:58:34,630,1327,1,phase_1_2_guided_close_range_refine,500,-210.46744419275848,478,low_agl,76.8898696899414,332.6146240234375,0.40629085898399353,0.2290124148130417,48.5619010925293,49.42683029174805,-54.608863830566406,12.351220613883525,0.976854741618853,0.0,1.0114021922357113
2026-04-01 18:58:40,631,1328,1,phase_1_2_guided_close_range_refine,500,-148.5681172360067,388,low_agl,79.31926727294922,109.11376190185547,0.40629085898399353,0.30771997570991516,48.5619010925293,49.41864013671875,-40.38835906982422,37.4737782397616,0.7936318605500604,0.0,0.9775058291914084
2026-04-01 18:58:44,631,1329,1,phase_1_2_guided_close_range_refine,500,-136.6495881574362,271,high_altitude,89.31399536132812,93.7588882446289,0.40629085898399353,100.18656158447266,48.5619010925293,-50.60424041748047,-49.68583297729492,156.7056585050062,-0.9184854407571222,0.0,0.6787305200631129
2026-04-01 18:58:48,631,1330,1,phase_1_2_guided_close_range_refine,500,-102.10457354196299,270,high_altitude,77.07726287841797,98.05648040771484,0.40629085898399353,100.29298400878906,48.5619010925293,-50.534461975097656,-36.764060974121094,86.13410860406178,0.06742134977023778,0.0,0.6924317846037108
2026-04-01 18:58:52,631,1331,1,phase_1_2_guided_close_range_refine,500,-127.17857174414647,287,high_altitude,81.393798828125,99.40479278564453,0.40629085898399353,100.12539672851562,48.5619010925293,-50.513648986816406,-50.10710144042969,175.90112652576164,-0.9974421884911321,0.0,0.38467635553886
2026-04-01 18:58:56,631,1332,1,phase_1_2_guided_close_range_refine,500,-125.65407764548155,285,high_altitude,73.24003601074219,195.982177734375,0.40629085898399353,100.23338317871094,48.5619010925293,-50.67939758300781,-71.28231048583984,108.30301068752307,-0.3140423444343334,0.0,0.6633510860172803
2026-04-01 18:59:01,632,1333,1,phase_1_2_guided_close_range_refine,500,-112.13202928778664,280,high_altitude,73.5894546508789,78.34911346435547,0.40629085898399353,100.38623046875,48.5619010925293,-50.79237365722656,-39.123504638671875,166.17369405323456,-0.9710246607925307,0.0,0.3929801567277848
2026-04-01 18:59:05,632,1334,1,phase_1_2_guided_close_range_refine,500,-98.38718265817279,254,high_altitude,78.33245086669922,84.1327896118164,0.40629085898399353,100.53831481933594,48.5619010925293,-50.938079833984375,-36.827816009521484,93.00734845641313,-0.05246403480280617,0.0,0.6286411979184202
2026-04-01 18:59:09,632,1335,1,phase_1_2_guided_close_range_refine,500,-114.42556450822184,287,high_altitude,86.89484405517578,172.29649353027344,0.40629085898399353,100.13288879394531,48.5619010925293,-50.49512481689453,-74.51818084716797,135.6813936736015,-0.7154658914329538,0.0,0.6255663952506364
2026-04-01 18:59:13,632,1336,1,phase_1_2_guided_close_range_refine,500,-145.0263045295783,311,high_altitude,81.60545349121094,126.5958480834961,0.40629085898399353,100.21005249023438,48.5619010925293,-50.62200927734375,-54.67720413208008,166.89783070903928,-0.9739673852746898,0.0,0.4482831427179127
2026-04-01 18:59:18,633,1337,1,phase_1_2_guided_close_range_refine,500,-118.38688933724137,285,high_altitude,75.77789306640625,130.7001190185547,0.40629085898399353,100.20503997802734,48.5619010925293,-50.504905700683594,-44.28985595703125,88.58628995006893,0.024671391533646513,0.0,0.6019926126336248
2026-04-01 18:59:22,633,1338,1,phase_1_2_guided_close_range_refine,500,-112.78145828801487,281,high_altitude,82.1585693359375,165.5578155517578,0.40629085898399353,100.09217834472656,48.5619010925293,-50.60023498535156,-69.13346099853516,125.33778251529085,-0.5783956837374823,0.0,0.4367837120261413
2026-04-01 18:59:26,633,1339,1,phase_1_2_guided_close_range_refine,500,-108.58352079130853,259,high_altitude,76.92815399169922,122.5794448852539,0.40629085898399353,100.42189025878906,48.5619010925293,-50.888587951660156,-61.25554656982422,159.35160548757742,-0.9357620210811413,0.0,0.44462230176254
2026-04-01 18:59:34,634,1340,1,phase_1_2_guided_close_range_refine,500,-164.6289046874117,500,timeout,86.55216217041016,550.8023071289062,0.40629085898399353,25.263992309570312,48.5619010925293,24.483186721801758,-71.64041137695312,7.716121908197704,0.9909454594010924,0.0,0.9332415352990773
2026-04-01 18:59:39,634,1341,1,phase_1_2_guided_close_range_refine,500,-147.92918461801943,339,high_altitude,76.2161865234375,282.5723571777344,0.40629085898399353,100.22140502929688,48.5619010925293,-50.65949249267578,-90.08496856689453,130.31862966563094,-0.647037726163811,0.0,0.478193057109696
2026-04-01 18:59:42,634,1342,1,phase_1_2_guided_close_range_refine,500,-100.15289474331216,256,high_altitude,76.95028686523438,70.16007232666016,0.40629085898399353,100.39464569091797,48.5619010925293,-50.711570739746094,-26.033723831176758,82.66511699631484,0.12766847343013982,0.0,0.6318094298024596
2026-04-01 18:59:47,634,1343,1,phase_1_2_guided_close_range_refine,500,-114.16340425451767,290,high_altitude,84.0583724975586,170.9857635498047,0.40629085898399353,100.15501403808594,48.5619010925293,-50.29930877685547,-65.59919738769531,101.20712715879682,-0.19435637307054285,0.0,0.6826330993961827
2026-04-01 18:59:49,634,1344,1,phase_1_2_guided_close_range_refine,500,197.03280180627917,141,success,71.70745849609375,13.975920677185059,0.40629085898399353,39.08967208862305,48.5619010925293,10.355060577392578,13.181623458862305,29.74257442010286,0.8682631172624857,0.0,0.11787768030148262
2026-04-01 18:59:54,635,1345,1,phase_1_2_guided_close_range_refine,500,-134.02122542709586,301,high_altitude,81.84774017333984,202.1072235107422,0.40629085898399353,100.05951690673828,48.5619010925293,-50.508384704589844,-74.65897369384766,119.1032131616599,-0.48638438102373255,0.0,0.6259730887609208
2026-04-01 18:59:58,635,1346,1,phase_1_2_guided_close_range_refine,500,-118.07454143905392,299,high_altitude,77.29622650146484,81.21845245361328,0.40629085898399353,100.20791625976562,48.5619010925293,-50.56761932373047,-28.60508918762207,97.41273167861213,-0.12901595235845614,0.0,0.5850612549479788
2026-04-01 19:00:04,635,1347,1,phase_1_2_guided_close_range_refine,500,-152.52807769403435,370,high_altitude,76.3551025390625,168.46109008789062,0.40629085898399353,100.1261215209961,48.5619010925293,-50.49475860595703,-56.173492431640625,93.8819883305791,-0.06770165235136738,0.0,0.8511398342514528
2026-04-01 19:00:07,635,1348,1,phase_1_2_guided_close_range_refine,500,-114.55716089108432,262,high_altitude,79.74005126953125,135.33737182617188,0.40629085898399353,100.37345886230469,48.5619010925293,-50.782615661621094,-65.10366821289062,149.026080670189,-0.8574016539088838,0.0,0.44479200687413184
2026-04-01 19:00:12,636,1349,1,phase_1_2_guided_close_range_refine,500,-135.4748411151449,271,high_altitude,87.99818420410156,88.40898132324219,0.40629085898399353,100.34922790527344,48.5619010925293,-50.87351989746094,-45.767059326171875,158.8908136054117,-0.9328958035264566,0.0,0.5063648794965017
2026-04-01 19:00:18,636,1350,1,phase_1_2_guided_close_range_refine,500,-162.49666641360588,391,low_agl,81.5050048828125,167.51295471191406,0.40629085898399353,0.21758237481117249,48.5619010925293,49.42863082885742,-25.19508171081543,21.707201786135943,0.9290860889200798,0.0,0.9698757311906903
2026-04-01 19:00:22,636,1351,1,phase_1_2_guided_close_range_refine,500,-129.4673640873194,288,high_altitude,74.47125244140625,189.20797729492188,0.40629085898399353,100.169189453125,48.5619010925293,-50.55974578857422,-73.7330322265625,140.42302027845105,-0.7707692845679806,0.0,0.46315523428882194
2026-04-01 19:00:24,636,1352,1,phase_1_2_guided_close_range_refine,500,198.84622021794115,146,success,74.09513854980469,13.824495315551758,0.40629085898399353,39.6947135925293,48.5619010925293,9.773815155029297,9.047910690307617,33.156931344678874,0.8371756747302811,0.0,0.3390136075030026
2026-04-01 19:00:32,637,1353,1,phase_1_2_guided_close_range_refine,500,-137.21554689472745,500,timeout,80.69503021240234,272.5827331542969,0.40629085898399353,27.623666763305664,48.5619010925293,21.981393814086914,-26.955833435058594,135.18527605304843,-0.7093896352559124,0.0,1.436989508219362
2026-04-01 19:00:38,637,1354,1,phase_1_2_guided_close_range_refine,500,-220.28377377166325,467,low_agl,87.74505615234375,257.2956237792969,0.40629085898399353,0.3446377217769623,48.5619010925293,49.17058563232422,-58.60222625732422,47.139428236151346,0.6802166065638973,0.0,1.0705962727755793
2026-04-01 19:00:45,637,1355,1,phase_1_2_guided_close_range_refine,500,-181.5267498591088,458,high_altitude,85.88105773925781,464.68145751953125,0.40629085898399353,100.05601501464844,48.5619010925293,-50.49546813964844,-108.42594909667969,100.50121344769767,-0.1822563494703218,0.0,0.7884914926912524
2026-04-01 19:00:53,638,1356,1,phase_1_2_guided_close_range_refine,500,-190.07408834061616,500,timeout,81.23990631103516,345.67767333984375,0.40629085898399353,8.859429359436035,48.5619010925293,40.73396301269531,-68.24971008300781,31.66716804895613,0.8511120784541771,0.0,0.9077562280987006
2026-04-01 19:00:58,638,1357,1,phase_1_2_guided_close_range_refine,500,-124.26266251856504,295,high_altitude,88.38490295410156,170.78529357910156,0.40629085898399353,100.04564666748047,48.5619010925293,-50.47727966308594,-72.32278442382812,141.11362070543103,-0.7783924097778457,0.0,0.4023173042731115
2026-04-01 19:01:05,639,1358,1,phase_1_2_guided_close_range_refine,500,-170.70040454575337,500,timeout,88.42189025878906,637.6106567382812,0.40629085898399353,58.45675277709961,48.5619010925293,-9.049797058105469,-124.07252502441406,78.99954571406575,0.19081677848172748,0.0,0.670399996097061
2026-04-01 19:01:12,639,1359,1,phase_1_2_guided_close_range_refine,500,-190.2640244982919,470,low_agl,83.78514099121094,532.8716430664062,0.40629085898399353,0.22441944479942322,48.5619010925293,49.4257698059082,-95.06055450439453,60.32173773050556,0.4951290783553239,0.0,0.662037197548283
2026-04-01 19:01:18,639,1360,1,phase_1_2_guided_close_range_refine,500,-139.09606382739958,386,high_altitude,84.25611114501953,211.7482452392578,0.40629085898399353,100.03702545166016,48.5619010925293,-50.532020568847656,-59.73414993286133,108.47167537888737,-0.3168358063625712,0.0,0.4816566503912177
2026-04-01 19:01:26,640,1361,1,phase_1_2_guided_close_range_refine,500,-152.92325501350973,500,timeout,78.51729583740234,375.52099609375,0.40629085898399353,80.9906997680664,48.5619010925293,-31.473251342773438,-65.4434814453125,51.438403941270735,0.6233556227964724,0.0,0.7787775285033195
2026-04-01 19:01:30,640,1362,1,phase_1_2_guided_close_range_refine,500,-117.97831101559503,282,high_altitude,77.0558090209961,144.68890380859375,0.40629085898399353,100.30606842041016,48.5619010925293,-50.7191162109375,-48.5694580078125,93.12751880467033,-0.05455839764844709,0.0,0.4198043093854826
2026-04-01 19:01:34,640,1363,1,phase_1_2_guided_close_range_refine,500,-122.29792218138124,287,high_altitude,76.69856262207031,138.53408813476562,0.40629085898399353,100.3712387084961,48.5619010925293,-50.866477966308594,-52.584808349609375,114.03646955231771,-0.40731804490035245,0.0,0.37456827987761143
2026-04-01 19:01:38,640,1364,1,phase_1_2_guided_close_range_refine,500,-125.86178181230522,283,high_altitude,69.585693359375,163.0396728515625,0.40629085898399353,100.4190673828125,48.5619010925293,-50.99360656738281,-61.937744140625,126.3615732303624,-0.5928789321215285,0.0,0.36444969813966066
2026-04-01 19:01:45,641,1365,1,phase_1_2_guided_close_range_refine,500,-172.11795647204193,408,high_altitude,80.02885437011719,236.86953735351562,0.40629085898399353,100.12993621826172,48.5619010925293,-50.590972900390625,-71.37123107910156,104.06403136407309,-0.24300610617655746,0.0,0.6644278465068927
2026-04-01 19:01:52,641,1366,1,phase_1_2_guided_close_range_refine,500,-169.42500374911856,500,timeout,70.02511596679688,480.0229797363281,0.40629085898399353,82.78813934326172,48.5619010925293,-33.27919006347656,-82.483642578125,55.502690931413895,0.5663675307084314,0.0,0.6840383654449826
2026-04-01 19:01:57,641,1367,1,phase_1_2_guided_close_range_refine,500,-112.78945117463164,310,high_altitude,70.39492797851562,90.56824493408203,0.40629085898399353,100.026123046875,48.5619010925293,-50.43284606933594,-22.10895538330078,72.89786452092656,0.29407594852422747,0.0,0.5804900128093502
2026-04-01 19:02:04,642,1368,1,phase_1_2_guided_close_range_refine,500,-167.27593144284174,491,high_altitude,82.42024230957031,249.64256286621094,0.40629085898399353,100.06250762939453,48.5619010925293,-50.468231201171875,-50.400577545166016,43.12836891021009,0.7298238771826964,0.0,0.9097225312681997
2026-04-01 19:02:08,642,1369,1,phase_1_2_guided_close_range_refine,500,-113.67306781443177,267,high_altitude,73.1337661743164,143.3133087158203,0.40629085898399353,100.17472076416016,48.5619010925293,-50.76666259765625,-54.65604019165039,103.22484700188863,-0.2287730527918689,0.0,0.40898412830363284
2026-04-01 19:02:12,642,1370,1,phase_1_2_guided_close_range_refine,500,-111.63870795187346,268,high_altitude,80.24637603759766,102.24540710449219,0.40629085898399353,100.44982147216797,48.5619010925293,-50.934364318847656,-42.6492805480957,110.73869029649548,-0.3541064432955205,0.0,0.29838525433594754
2026-04-01 19:02:17,643,1371,1,phase_1_2_guided_close_range_refine,500,-112.02274788353704,271,high_altitude,77.17184448242188,124.24697875976562,0.40629085898399353,100.0689697265625,48.5619010925293,-50.631752014160156,-55.46821594238281,131.21128074863825,-0.658837587467566,0.0,0.3377662002658172
2026-04-01 19:02:24,643,1372,1,phase_1_2_guided_close_range_refine,500,-160.40751444689334,500,timeout,74.1016616821289,386.53643798828125,0.40629085898399353,90.50455474853516,48.5619010925293,-40.99347686767578,-77.8539810180664,52.7618009042849,0.6051300269438344,0.0,0.965692495760708
2026-04-01 19:02:28,643,1373,1,phase_1_2_guided_close_range_refine,500,-126.67922557581797,296,high_altitude,86.3340835571289,91.5625228881836,0.40629085898399353,100.18728637695312,48.5619010925293,-50.607322692871094,-39.68159866333008,128.49917655376626,-0.6225033890478623,0.0,0.2622134025024539
2026-04-01 19:02:32,643,1374,1,phase_1_2_guided_close_range_refine,500,-113.3907146270214,287,high_altitude,80.50373840332031,92.56897735595703,0.40629085898399353,100.22660064697266,48.5619010925293,-50.671348571777344,-38.78102493286133,117.96464794777545,-0.46892668621929023,0.0,0.2596572820899444
2026-04-01 19:02:37,644,1375,1,phase_1_2_guided_close_range_refine,500,-121.06777974254655,297,high_altitude,87.74654388427734,172.217041015625,0.40629085898399353,100.38516235351562,48.5619010925293,-50.93821716308594,-69.17504119873047,133.0038912170648,-0.6820480280469501,0.0,0.35977402008750814
2026-04-01 19:02:41,644,1376,1,phase_1_2_guided_close_range_refine,500,-107.00603189599457,253,high_altitude,72.74653625488281,112.84210968017578,0.40629085898399353,100.50994873046875,48.5619010925293,-51.082763671875,-48.57496643066406,105.18360865206489,-0.26191309311095873,0.0,0.4276569382744561
2026-04-01 19:02:45,644,1377,1,phase_1_2_guided_close_range_refine,500,-116.28627667863742,288,high_altitude,82.12347412109375,100.7493667602539,0.40629085898399353,100.19090270996094,48.5619010925293,-50.680145263671875,-48.62773513793945,163.95564476178626,-0.9610480246510846,0.0,0.4632937270974483
2026-04-01 19:02:49,644,1378,1,phase_1_2_guided_close_range_refine,500,-123.76577270546248,268,high_altitude,70.68856811523438,158.3837432861328,0.40629085898399353,100.44775390625,48.5619010925293,-50.97332763671875,-65.69951629638672,135.71114597762605,-0.7158285856854002,0.0,0.389723741701421
2026-04-01 19:02:54,645,1379,1,phase_1_2_guided_close_range_refine,500,-119.32854744266987,262,high_altitude,71.91426086425781,139.637451171875,0.40629085898399353,100.3393325805664,48.5619010925293,-50.86224365234375,-56.8788948059082,110.476773032393,-0.349827637708581,0.0,0.5554660900615493
2026-04-01 19:02:57,645,1380,1,phase_1_2_guided_close_range_refine,500,-114.8289274013376,264,high_altitude,88.60542297363281,105.93675231933594,0.40629085898399353,100.37193298339844,48.5619010925293,-50.95277404785156,-54.30567169189453,135.97174501521872,-0.7189971473090297,0.0,0.4477342933024059
2026-04-01 19:03:01,645,1381,1,phase_1_2_guided_close_range_refine,500,-101.71245905083389,272,high_altitude,72.2481918334961,83.31047821044922,0.40629085898399353,100.3885498046875,48.5619010925293,-50.86347198486328,-34.00135803222656,107.5000946298314,-0.30070737466480874,0.0,0.2967374474680614
2026-04-01 19:03:05,645,1382,1,phase_1_2_guided_close_range_refine,500,-113.85679968589088,266,high_altitude,79.87887573242188,67.36703491210938,0.40629085898399353,100.56802368164062,48.5619010925293,-51.071685791015625,-30.9696044921875,111.0743940942016,-0.3595798283784233,0.0,0.48393000079343185
2026-04-01 19:03:10,645,1383,1,phase_1_2_guided_close_range_refine,500,-120.16817360569851,278,high_altitude,85.14611053466797,81.09986114501953,0.40629085898399353,100.05513000488281,48.5619010925293,-50.570091247558594,-41.70219802856445,148.1636736648265,-0.8495584247590359,0.0,0.23335948426703407
2026-04-01 19:03:14,646,1384,1,phase_1_2_guided_close_range_refine,500,-137.993972022174,291,high_altitude,87.75691223144531,129.5151824951172,0.40629085898399353,100.25840759277344,48.5619010925293,-50.76698303222656,-55.37542724609375,151.57721096670213,-0.8794593267756028,0.0,0.42177208163067664
2026-04-01 19:03:19,646,1385,1,phase_1_2_guided_close_range_refine,500,-109.05432769208753,289,high_altitude,77.20140838623047,93.47249603271484,0.40629085898399353,100.1830825805664,48.5619010925293,-50.65839385986328,-41.36365509033203,135.08425755522396,-0.7081458674864844,0.0,0.16909748835462154
2026-04-01 19:03:23,646,1386,1,phase_1_2_guided_close_range_refine,500,-113.30956957106869,280,high_altitude,88.74974822998047,144.6970977783203,0.40629085898399353,100.09381103515625,48.5619010925293,-50.63633728027344,-64.47988891601562,135.77164779329402,-0.7165655351596746,0.0,0.2921420627138852
2026-04-01 19:03:27,646,1387,1,phase_1_2_guided_close_range_refine,500,-114.69732090469131,266,high_altitude,72.36054992675781,139.08360290527344,0.40629085898399353,100.27429962158203,48.5619010925293,-50.814353942871094,-54.86567687988281,99.87457774229485,-0.171491988292791,0.0,0.5638769853812436
2026-04-01 19:03:31,647,1388,1,phase_1_2_guided_close_range_refine,500,-104.00774219390055,284,high_altitude,81.88563537597656,58.05524826049805,0.40629085898399353,100.40753173828125,48.5619010925293,-50.84801483154297,-25.897979736328125,120.54898662403316,-0.5082748512408687,0.0,0.2690109438931295
2026-04-01 19:03:35,647,1389,1,phase_1_2_guided_close_range_refine,500,-95.07449196853116,262,high_altitude,84.49197387695312,113.88082122802734,0.40629085898399353,100.23131561279297,48.5619010925293,-50.80451965332031,-57.539581298828125,131.1640978018518,-0.6582178589503084,0.0,0.2832945637453879
2026-04-01 19:03:39,647,1390,1,phase_1_2_guided_close_range_refine,500,-112.09201746025224,271,high_altitude,83.20565032958984,70.59971618652344,0.40629085898399353,100.16975402832031,48.5619010925293,-50.64789581298828,-32.42812728881836,121.95808197056348,-0.5292986840115609,0.0,0.19382356325039804
2026-04-01 19:03:41,647,1391,1,phase_1_2_guided_close_range_refine,500,197.9347349942516,153,success,70.36548614501953,13.947065353393555,0.40629085898399353,41.74673080444336,48.5619010925293,7.77496337890625,5.558786392211914,27.93724101679989,0.8834612991738128,0.0,0.4343701984582474
2026-04-01 19:03:45,647,1392,1,phase_1_2_guided_close_range_refine,500,-101.38478259632241,251,high_altitude,76.75785064697266,107.30194091796875,0.40629085898399353,100.47843933105469,48.5619010925293,-51.06272888183594,-53.33507537841797,134.89911844758157,-0.7058606720838916,0.0,0.1204743561851968
2026-04-01 19:03:50,648,1393,1,phase_1_2_guided_close_range_refine,500,-114.32213783428398,313,high_altitude,80.59623718261719,76.54388427734375,0.40629085898399353,100.07311248779297,48.5619010925293,-50.40961456298828,-33.93450927734375,136.83079156750955,-0.7293364074946914,0.0,0.2374751109569087
2026-04-01 19:03:54,648,1394,1,phase_1_2_guided_close_range_refine,500,-116.71539987937933,276,high_altitude,78.3464584350586,168.6519317626953,0.40629085898399353,100.2878189086914,48.5619010925293,-50.82421875,-71.42134094238281,139.13792018611315,-0.7562866320840087,0.0,0.4059234173225963
2026-04-01 19:03:58,648,1395,1,phase_1_2_guided_close_range_refine,500,-116.54442024019566,265,high_altitude,75.00830841064453,135.8697509765625,0.40629085898399353,100.45504760742188,48.5619010925293,-50.99546813964844,-59.48857498168945,129.3845056739833,-0.634521521970195,0.0,0.2945916503895656
2026-04-01 19:04:02,648,1396,1,phase_1_2_guided_close_range_refine,500,-102.68487424355654,269,high_altitude,84.15259552001953,122.37608337402344,0.40629085898399353,100.45925903320312,48.5619010925293,-50.9090576171875,-57.7643928527832,130.8219872867042,-0.6537110531365085,0.0,0.17416240099346803
2026-04-01 19:04:06,649,1397,1,phase_1_2_guided_close_range_refine,500,-119.20607508625116,262,high_altitude,72.93424224853516,145.73760986328125,0.40629085898399353,100.48636627197266,48.5619010925293,-50.984771728515625,-63.91106414794922,139.87932356013968,-0.7646889049638247,0.0,0.15870000271770512
2026-04-01 19:04:10,649,1398,1,phase_1_2_guided_close_range_refine,500,-112.59605096211087,281,high_altitude,83.93002319335938,161.58563232421875,0.40629085898399353,100.01649475097656,48.5619010925293,-50.44611358642578,-73.28277587890625,164.73428632716772,-0.9647151498338749,0.0,0.13551310449004064
2026-04-01 19:04:15,649,1399,1,phase_1_2_guided_close_range_refine,500,-118.58528060743224,282,high_altitude,72.36576843261719,112.81526947021484,0.40629085898399353,100.13285064697266,48.5619010925293,-50.51890563964844,-50.7543830871582,156.42053908829317,-0.9165061856867487,0.0,0.22989592849420734
2026-04-01 19:04:19,649,1400,1,phase_1_2_guided_close_range_refine,500,-100.78891416987896,254,high_altitude,73.11040496826172,70.4726333618164,0.40629085898399353,100.03950500488281,48.5619010925293,-50.59077453613281,-37.18288803100586,131.23123856139304,-0.6590995906560594,0.0,0.13778897628579795
2026-04-01 19:04:22,649,1401,1,phase_1_2_guided_close_range_refine,500,-119.67774290397597,264,high_altitude,69.77930450439453,112.95520782470703,0.40629085898399353,100.60909271240234,48.5619010925293,-51.181365966796875,-47.20659637451172,129.7158244902423,-0.638980293195556,0.0,0.2097021671824255
2026-04-01 19:04:27,650,1402,1,phase_1_2_guided_close_range_refine,500,-109.13155492505531,296,high_altitude,78.9292984008789,113.77352142333984,0.40629085898399353,100.2995834350586,48.5619010925293,-50.63030242919922,-44.8979377746582,119.8392480069988,-0.49756826974630647,0.0,0.09449132720043613
2026-04-01 19:04:31,650,1403,1,phase_1_2_guided_close_range_refine,500,-115.27143959999586,284,high_altitude,83.46072387695312,75.60755920410156,0.40629085898399353,100.3703384399414,48.5619010925293,-50.81019592285156,-39.01253890991211,144.90445765705815,-0.8181944508132153,0.0,0.16308809829295265
2026-04-01 19:04:35,650,1404,1,phase_1_2_guided_close_range_refine,500,-114.33573729557287,275,high_altitude,79.45665740966797,134.85769653320312,0.40629085898399353,100.08867645263672,48.5619010925293,-50.53484344482422,-57.7857666015625,126.79515363887481,-0.5989558665430934,0.0,0.19823010074890102
2026-04-01 19:04:39,650,1405,1,phase_1_2_guided_close_range_refine,500,-100.44956139971411,261,high_altitude,79.77753448486328,106.34431457519531,0.40629085898399353,100.44178009033203,48.5619010925293,-50.975303649902344,-54.66166305541992,148.0093387103409,-0.8481344570911055,0.0,0.19937086439241147
2026-04-01 19:04:44,651,1406,1,phase_1_2_guided_close_range_refine,500,-115.87054403792004,264,high_altitude,71.78387451171875,139.8162078857422,0.40629085898399353,100.19123077392578,48.5619010925293,-50.73345184326172,-55.99032974243164,108.47884024732672,-0.31695441187584705,0.0,0.43387723170371817
2026-04-01 19:04:46,651,1407,1,phase_1_2_guided_close_range_refine,500,195.39705665545384,150,success,72.37998962402344,13.801359176635742,0.40629085898399353,38.73151397705078,48.5619010925293,10.742027282714844,13.216361045837402,26.590966335160775,0.8942248226446107,0.0,0.20877874145421116
2026-04-01 19:04:52,651,1408,1,phase_1_2_guided_close_range_refine,500,-181.10506502875253,401,high_altitude,89.59918975830078,191.0138397216797,0.40629085898399353,100.00422668457031,48.5619010925293,-50.492393493652344,-67.71207427978516,149.47214666450418,-0.8613823277905085,0.0,0.38606123968532197
2026-04-01 19:04:56,651,1409,1,phase_1_2_guided_close_range_refine,500,-96.91855448597005,265,high_altitude,76.36634826660156,86.35301971435547,0.40629085898399353,100.51504516601562,48.5619010925293,-50.961402893066406,-41.613243103027344,123.41459249031202,-0.5506933471285304,0.0,0.025264419657183873
2026-04-01 19:05:00,652,1410,1,phase_1_2_guided_close_range_refine,500,-127.28582767406164,309,high_altitude,74.74003601074219,165.1187744140625,0.40629085898399353,100.12615203857422,48.5619010925293,-50.506591796875,-60.59812545776367,129.13667909013859,-0.6311724804847132,0.0,0.13342021575757057
2026-04-01 19:05:06,652,1411,1,phase_1_2_guided_close_range_refine,500,-177.46661344257944,412,low_agl,88.96945190429688,298.57861328125,0.40629085898399353,0.29923123121261597,48.5619010925293,49.704158782958984,-86.55332946777344,141.89664725225964,-0.7868989138422525,0.0,0.31455769995466476
2026-04-01 19:05:10,652,1412,1,phase_1_2_guided_close_range_refine,500,-115.47034915956208,271,high_altitude,75.62675476074219,124.58768463134766,0.40629085898399353,100.41777801513672,48.5619010925293,-50.872894287109375,-56.221839904785156,141.717764597897,-0.7849684957464361,0.0,0.004973467067072857
2026-04-01 19:05:18,653,1413,1,phase_1_2_guided_close_range_refine,500,-186.13734016998228,500,timeout,84.27982330322266,608.439697265625,0.40629085898399353,16.370119094848633,48.5619010925293,33.179290771484375,-127.48999786376953,94.73539314661552,-0.08255414272189697,0.0,0.6278592461131528
2026-04-01 19:05:23,653,1414,1,phase_1_2_guided_close_range_refine,500,-118.32246979700068,285,high_altitude,81.30567932128906,166.49790954589844,0.40629085898399353,100.36808013916016,48.5619010925293,-50.7672119140625,-72.26527404785156,166.9199195408151,-0.9740547063659242,0.0,0.1386560030749275
2026-04-01 19:05:26,653,1415,1,phase_1_2_guided_close_range_refine,500,-105.04448702136452,247,high_altitude,70.0666275024414,87.41486358642578,0.40629085898399353,100.30137634277344,48.5619010925293,-50.83098602294922,-40.23915481567383,117.01215074726048,-0.4541794457695825,0.0,0.11364915646834041
2026-04-01 19:05:30,653,1416,1,phase_1_2_guided_close_range_refine,500,-112.51252160794019,266,high_altitude,78.86137390136719,151.680908203125,0.40629085898399353,100.48922729492188,48.5619010925293,-50.93824005126953,-71.14789581298828,162.42398850078925,-0.9533171799644193,0.0,0.0879397179472943
2026-04-01 19:05:37,654,1417,1,phase_1_2_guided_close_range_refine,500,-180.73239416747234,461,low_agl,72.80265808105469,331.6993713378906,0.40629085898399353,0.2362462431192398,48.5619010925293,49.70052719116211,-94.59391021728516,159.79025389645398,-0.9384342734076148,0.0,0.2837438997496779
2026-04-01 19:05:41,654,1418,1,phase_1_2_guided_close_range_refine,500,-111.61398839781657,268,high_altitude,83.76570892333984,98.06117248535156,0.40629085898399353,100.42903137207031,48.5619010925293,-50.944740295410156,-46.844932556152344,133.7918081793391,-0.69203997367478,0.0,0.14106038921970526
2026-04-01 19:05:43,654,1419,1,phase_1_2_guided_close_range_refine,500,194.4685344622678,156,success,71.80095672607422,13.78221321105957,0.40629085898399353,39.624393463134766,48.5619010925293,9.91257095336914,11.040064811706543,26.092893572957813,0.8980821347502144,0.0,0.4005454017274885
2026-04-01 19:05:48,654,1420,1,phase_1_2_guided_close_range_refine,500,-135.17458166433278,316,high_altitude,73.88834381103516,185.29296875,0.40629085898399353,100.14710235595703,48.5619010925293,-50.438377380371094,-68.29269409179688,156.2236520552784,-0.9151261759026612,0.0,0.2665989104822857
2026-04-01 19:05:52,654,1421,1,phase_1_2_guided_close_range_refine,500,-113.02308642844356,282,high_altitude,78.14295959472656,126.33121490478516,0.40629085898399353,100.357666015625,48.5619010925293,-50.677391052246094,-57.20438003540039,147.8255246593975,-0.8464304728558694,0.0,0.23002912356995586
2026-04-01 19:05:57,655,1422,1,phase_1_2_guided_close_range_refine,500,-123.54208854511141,311,high_altitude,76.84042358398438,123.4068832397461,0.40629085898399353,100.18909454345703,48.5619010925293,-50.57966613769531,-49.38232421875,136.89492704381598,-0.7301017768436346,0.0,0.20011485864592354
2026-04-01 19:06:01,655,1423,1,phase_1_2_guided_close_range_refine,500,-110.14898573233747,256,high_altitude,77.58582305908203,137.47494506835938,0.40629085898399353,100.16041564941406,48.5619010925293,-50.565826416015625,-69.45256042480469,162.40153083879824,-0.9531987462250885,0.0,0.24323370050161072
2026-04-01 19:06:05,655,1424,1,phase_1_2_guided_close_range_refine,500,-100.07175774510242,267,high_altitude,87.56475067138672,133.92254638671875,0.40629085898399353,100.05072784423828,48.5619010925293,-50.40448760986328,-70.5356674194336,168.13048860892982,-0.9786185732941026,0.0,0.15446141993698592
2026-04-01 19:06:08,655,1425,1,phase_1_2_guided_close_range_refine,500,-103.69298012122617,251,high_altitude,77.17890167236328,120.07947540283203,0.40629085898399353,100.44062042236328,48.5619010925293,-50.92408752441406,-62.54073715209961,160.86786650218525,-0.9447652481961367,0.0,0.14840359766175
2026-04-01 19:06:13,656,1426,1,phase_1_2_guided_close_range_refine,500,-109.20070532455178,246,high_altitude,71.83490753173828,104.06330871582031,0.40629085898399353,100.5245361328125,48.5619010925293,-51.02672576904297,-48.921417236328125,122.77689870864295,-0.5413692551892639,0.0,0.16427046658950126
2026-04-01 19:06:18,656,1427,1,phase_1_2_guided_close_range_refine,500,-195.64576383950737,381,low_agl,86.55062866210938,168.94944763183594,0.40629085898399353,0.26838409900665283,48.5619010925293,49.686241149902344,-62.18647003173828,167.58232494690128,-0.976605988618695,0.0,0.3267467713040792
2026-04-01 19:06:26,656,1428,1,phase_1_2_guided_close_range_refine,500,-193.7964195093648,497,high_altitude,83.0307846069336,412.85260009765625,0.40629085898399353,180.0,48.5619010925293,-13.5706787109375,-101.09588623046875,90.07703337793757,-0.0013444856738853157,0.0,0.6628635637155436
2026-04-01 19:06:33,657,1429,1,phase_1_2_guided_close_range_refine,500,-234.04752761097183,473,low_agl,88.43465423583984,332.3526611328125,0.40629085898399353,0.2971223294734955,48.5619010925293,49.2456169128418,-100.17922973632812,131.690473160428,-0.6651061984059388,0.0,0.5407730712248345
2026-04-01 19:06:37,657,1430,1,phase_1_2_guided_close_range_refine,500,-112.18947341069692,256,high_altitude,71.85320281982422,118.15873718261719,0.40629085898399353,100.51216125488281,48.5619010925293,-51.081199645996094,-50.94905090332031,113.00134072322393,-0.3907526682277317,0.0,0.2745615457741217
2026-04-01 19:06:39,657,1431,1,phase_1_2_guided_close_range_refine,500,200.94825335787627,157,success,84.07674407958984,6.293778896331787,0.40629085898399353,43.37271499633789,48.5619010925293,6.117958068847656,25.975053787231445,36.20682596004842,0.8068899443290696,0.0,0.3731211515152116
2026-04-01 19:06:46,657,1432,1,phase_1_2_guided_close_range_refine,500,-181.37737433681582,470,low_agl,82.06151580810547,272.7098693847656,0.40629085898399353,0.23138348758220673,48.5619010925293,49.70083236694336,-85.72196197509766,158.5602461099614,-0.9308024270259753,0.0,0.27460999050367657
2026-04-01 19:06:50,658,1433,1,phase_1_2_guided_close_range_refine,500,-110.42478497139558,250,high_altitude,76.00623321533203,114.66043090820312,0.40629085898399353,100.2047119140625,48.5619010925293,-50.79154968261719,-56.59355545043945,130.67553437052078,-0.6517746166407675,0.0,0.2952817572586349
2026-04-01 19:06:57,658,1434,1,phase_1_2_guided_close_range_refine,500,-176.48298639100295,460,low_agl,86.99197387695312,277.4875793457031,0.40629085898399353,0.183324933052063,48.5619010925293,49.4925651550293,-61.326019287109375,69.7552944838037,0.3460303609275213,0.0,0.5203086098385727
2026-04-01 19:07:01,658,1435,1,phase_1_2_guided_close_range_refine,500,-124.43581498629288,299,high_altitude,86.78630065917969,169.99452209472656,0.40629085898399353,100.46337127685547,48.5619010925293,-50.961524963378906,-69.15486907958984,134.90634478772344,-0.7059500060880741,0.0,0.2524380110855967
2026-04-01 19:07:08,659,1436,1,phase_1_2_guided_close_range_refine,500,-182.57486895223235,450,low_agl,78.1297836303711,395.8948059082031,0.40629085898399353,0.2128753513097763,48.5619010925293,49.429840087890625,-89.01099395751953,87.70206049030824,0.04009585913796904,0.0,0.6794400801548559
2026-04-01 19:07:12,659,1437,1,phase_1_2_guided_close_range_refine,500,-113.68322154036667,270,high_altitude,70.83349609375,105.822021484375,0.40629085898399353,100.4975814819336,48.5619010925293,-51.02435302734375,-44.772979736328125,117.77553367003613,-0.4660088658188426,0.0,0.18711488940988263
2026-04-01 19:07:16,659,1438,1,phase_1_2_guided_close_range_refine,500,-103.23620362984839,258,high_altitude,80.19876861572266,122.00520324707031,0.40629085898399353,100.33065795898438,48.5619010925293,-50.774635314941406,-64.14232635498047,158.1302447205741,-0.9280330136646682,0.0,0.1062853125464868
2026-04-01 19:07:21,659,1439,1,phase_1_2_guided_close_range_refine,500,-145.45539880507084,360,high_altitude,75.12818145751953,161.1282958984375,0.40629085898399353,100.13837432861328,48.5619010925293,-50.59327697753906,-65.16107177734375,155.05122276348902,-0.9066852480134964,0.0,0.3790797625845289
2026-04-01 19:07:25,660,1440,1,phase_1_2_guided_close_range_refine,500,-96.20328165840216,256,high_altitude,84.64729309082031,91.98529052734375,0.40629085898399353,100.42311096191406,48.5619010925293,-50.99125671386719,-53.51963424682617,147.5988306808448,-0.8443169899215054,0.0,0.22377839403671773
2026-04-01 19:07:30,660,1441,1,phase_1_2_guided_close_range_refine,500,-145.02349114256072,317,high_altitude,69.9957275390625,188.90267944335938,0.40629085898399353,100.14374542236328,48.5619010925293,-50.66949462890625,-66.9864730834961,136.92256198919785,-0.7304312802310802,0.0,0.41002387649455285
2026-04-01 19:07:34,660,1442,1,phase_1_2_guided_close_range_refine,500,-103.23044512155415,269,high_altitude,85.4383316040039,121.38567352294922,0.40629085898399353,100.33055877685547,48.5619010925293,-50.82633972167969,-61.65087890625,152.91304570419487,-0.8903165047783987,0.0,0.12200183618204122
2026-04-01 19:07:38,660,1443,1,phase_1_2_guided_close_range_refine,500,-114.95399365806031,253,high_altitude,72.63867950439453,142.91807556152344,0.40629085898399353,100.11717224121094,48.5619010925293,-50.601097106933594,-66.85448455810547,154.01277446245862,-0.8988917616249608,0.0,0.05699070986227866
2026-04-01 19:07:43,661,1444,1,phase_1_2_guided_close_range_refine,500,-131.82624399095874,293,high_altitude,81.5335693359375,145.52423095703125,0.40629085898399353,100.34432983398438,48.5619010925293,-50.89173126220703,-60.64221954345703,135.05264743974513,-0.7077562226141717,0.0,0.3235851935796253
2026-04-01 19:07:47,661,1445,1,phase_1_2_guided_close_range_refine,500,-100.00007528137195,263,high_altitude,75.44444274902344,86.25672149658203,0.40629085898399353,100.17312622070312,48.5619010925293,-50.54253387451172,-41.780460357666016,126.66900004490468,-0.5971912577812377,0.0,0.13770568903848177
2026-04-01 19:07:49,661,1446,1,phase_1_2_guided_close_range_refine,500,201.84504999385547,148,success,81.1819839477539,13.649438858032227,0.40629085898399353,36.33440017700195,48.5619010925293,13.067447662353516,18.296730041503906,19.096930589146975,0.9449664402981439,0.0,0.1648895669243129
2026-04-01 19:07:53,661,1447,1,phase_1_2_guided_close_range_refine,500,-113.85962389342606,288,high_altitude,71.249267578125,111.9909439086914,0.40629085898399353,100.35281372070312,48.5619010925293,-50.752647399902344,-42.68913269042969,107.36004160090029,-0.29837522701142916,0.0,0.2981495846263577
2026-04-01 19:07:57,661,1448,1,phase_1_2_guided_close_range_refine,500,-100.21772365442466,244,high_altitude,73.2799301147461,91.05401611328125,0.40629085898399353,100.55780792236328,48.5619010925293,-51.15709686279297,-46.661800384521484,127.8038359755023,-0.6129599534754512,0.0,0.1348373551483345
2026-04-01 19:08:01,662,1449,1,phase_1_2_guided_close_range_refine,500,-100.17395729153941,241,high_altitude,73.33777618408203,93.24840545654297,0.40629085898399353,100.48726654052734,48.5619010925293,-51.08345031738281,-48.62335968017578,130.7525379232235,-0.6527933082515093,0.0,0.20798199021676808
2026-04-01 19:08:05,662,1450,1,phase_1_2_guided_close_range_refine,500,-100.49735133730317,265,high_altitude,88.4171142578125,124.1384048461914,0.40629085898399353,100.4869613647461,48.5619010925293,-50.95606994628906,-66.50792694091797,160.01485783712067,-0.9397812812298975,0.0,0.1568788264896632
2026-04-01 19:08:08,662,1451,1,phase_1_2_guided_close_range_refine,500,-92.98127348525314,252,high_altitude,79.19371032714844,80.68157958984375,0.40629085898399353,100.19415283203125,48.5619010925293,-50.6759033203125,-40.97076416015625,105.2684054506106,-0.26334112502555074,0.0,0.43544072619064134
2026-04-01 19:08:12,662,1452,1,phase_1_2_guided_close_range_refine,500,-99.67969858098569,250,high_altitude,79.7444839477539,107.26514434814453,0.40629085898399353,100.27165222167969,48.5619010925293,-50.80955505371094,-57.69860076904297,144.07280016333905,-0.809763182561307,0.0,0.1521513615436765
2026-04-01 19:08:16,662,1453,1,phase_1_2_guided_close_range_refine,500,-99.35639441929061,267,high_altitude,79.37457275390625,105.58536529541016,0.40629085898399353,100.29461669921875,48.5619010925293,-50.62218475341797,-47.8929443359375,113.32421059547961,-0.39593356098648874,0.0,0.2800795038173284
2026-04-01 19:08:20,663,1454,1,phase_1_2_guided_close_range_refine,500,-105.16337492359627,275,high_altitude,72.9613037109375,104.6729965209961,0.40629085898399353,100.41631317138672,48.5619010925293,-50.818084716796875,-39.44704818725586,93.5273990598179,-0.06152584439568917,0.0,0.45269060163207187
2026-04-01 19:08:24,663,1455,1,phase_1_2_guided_close_range_refine,500,-102.98614026661802,260,high_altitude,85.68962097167969,86.91161346435547,0.40629085898399353,100.69613647460938,48.5619010925293,-51.235137939453125,-53.490692138671875,160.94827148909462,-0.9452242566707661,0.0,0.06656168774486808
2026-04-01 19:08:28,663,1456,1,phase_1_2_guided_close_range_refine,500,-113.13035315115569,264,high_altitude,72.27984619140625,108.99178314208984,0.40629085898399353,100.09588623046875,48.5619010925293,-50.577911376953125,-43.111595153808594,103.80588436439245,-0.23863319329975707,0.0,0.27994485259599194
2026-04-01 19:08:32,663,1457,1,phase_1_2_guided_close_range_refine,500,-102.52016967858532,244,high_altitude,75.04698181152344,95.14361572265625,0.40629085898399353,100.56602478027344,48.5619010925293,-51.15752410888672,-50.80532455444336,134.319576896506,-0.6986597834822335,0.0,0.19594371175543968
2026-04-01 19:08:36,663,1458,1,phase_1_2_guided_close_range_refine,500,-125.14285849575009,279,high_altitude,77.31511688232422,150.6516571044922,0.40629085898399353,100.15666961669922,48.5619010925293,-50.54106140136719,-69.11891174316406,172.9458675964372,-0.9924305678970332,0.0,0.21742704052861872
2026-04-01 19:08:40,664,1459,1,phase_1_2_guided_close_range_refine,500,-97.7030853788223,239,high_altitude,73.48823547363281,93.17970275878906,0.40629085898399353,100.60400390625,48.5619010925293,-51.204124450683594,-48.56066131591797,121.74079999268703,-0.5260773754558954,0.0,0.20537241162885547
2026-04-01 19:08:44,664,1460,1,phase_1_2_guided_close_range_refine,500,-136.4786960904059,301,high_altitude,85.29325866699219,96.41119384765625,0.40629085898399353,100.0485610961914,48.5619010925293,-50.35242462158203,-46.290748596191406,159.7002593239499,-0.9378905048527405,0.0,0.2238778467488178
2026-04-01 19:08:48,664,1461,1,phase_1_2_guided_close_range_refine,500,-105.55669238849207,250,high_altitude,75.22300720214844,89.98575592041016,0.40629085898399353,100.0925064086914,48.5619010925293,-50.613067626953125,-44.29704666137695,128.65711784813365,-0.6246583800446588,0.0,0.06411689004829514
2026-04-01 19:08:52,664,1462,1,phase_1_2_guided_close_range_refine,500,-93.38005369710436,241,high_altitude,73.11328125,73.87284088134766,0.40629085898399353,100.6421127319336,48.5619010925293,-51.209716796875,-38.72059631347656,112.36066897907673,-0.38043562661640906,0.0,0.2484687014271801
2026-04-01 19:08:56,665,1463,1,phase_1_2_guided_close_range_refine,500,-99.36114663648074,264,high_altitude,86.47220611572266,108.14188385009766,0.40629085898399353,100.38839721679688,48.5619010925293,-50.91981506347656,-55.683998107910156,142.61828405882818,-0.7946084040546068,0.0,0.07250715385938113
2026-04-01 19:09:00,665,1464,1,phase_1_2_guided_close_range_refine,500,-109.70706069365707,280,high_altitude,87.23167419433594,101.499755859375,0.40629085898399353,100.07279968261719,48.5619010925293,-50.43635559082031,-46.34661865234375,119.77264000221284,-0.4965595272478546,0.0,0.20862992104702596
2026-04-01 19:09:04,665,1465,1,phase_1_2_guided_close_range_refine,500,-91.66027251109358,244,high_altitude,78.17560577392578,77.06356811523438,0.40629085898399353,100.39602661132812,48.5619010925293,-50.98139190673828,-43.643821716308594,120.72225486289805,-0.5108768637531432,0.0,0.3041118572182959
2026-04-01 19:09:07,665,1466,1,phase_1_2_guided_close_range_refine,500,-93.4196750257858,246,high_altitude,76.06708526611328,69.16573333740234,0.40629085898399353,100.2401351928711,48.5619010925293,-50.79999542236328,-35.06182098388672,115.78942394242314,-0.4350649047935913,0.0,0.2455872902204364
2026-04-01 19:09:09,665,1467,1,phase_1_2_guided_close_range_refine,500,196.2433257079414,149,success,84.94058990478516,13.62406063079834,0.40629085898399353,35.88571548461914,48.5619010925293,13.561752319335938,25.74161148071289,34.60176565604127,0.8231188691803656,0.0,0.34132491032757795
2026-04-01 19:09:14,666,1468,1,phase_1_2_guided_close_range_refine,500,-105.48963051991072,261,high_altitude,83.02664947509766,75.7706298828125,0.40629085898399353,100.14485168457031,48.5619010925293,-50.62438201904297,-42.62111282348633,132.7066004032508,-0.678244326624488,0.0,0.24055338497241735
2026-04-01 19:09:17,666,1469,1,phase_1_2_guided_close_range_refine,500,-102.05407404099404,250,high_altitude,75.7905044555664,108.01292419433594,0.40629085898399353,100.29806518554688,48.5619010925293,-50.88179016113281,-54.65147399902344,135.02819536251647,-0.7074546641518872,0.0,0.23243969991473984
2026-04-01 19:09:22,666,1470,1,phase_1_2_guided_close_range_refine,500,-119.15302492092351,312,high_altitude,80.21865844726562,114.1133041381836,0.40629085898399353,100.23994445800781,48.5619010925293,-50.680084228515625,-46.85398864746094,132.03444148702985,-0.6695772026860776,0.0,0.2583816516098861
2026-04-01 19:09:26,666,1471,1,phase_1_2_guided_close_range_refine,500,-113.88424831003165,262,high_altitude,70.5344467163086,97.86164093017578,0.40629085898399353,100.23634338378906,48.5619010925293,-50.80731964111328,-39.304500579833984,111.35305215195979,-0.3641137598944988,0.0,0.223486892191394
2026-04-01 19:09:30,666,1472,1,phase_1_2_guided_close_range_refine,500,-114.52152144143668,262,high_altitude,72.28965759277344,121.73820495605469,0.40629085898399353,100.57227325439453,48.5619010925293,-51.159507751464844,-52.801876068115234,124.31712002685916,-0.5637728626391593,0.0,0.3383768881648526
2026-04-01 19:09:37,667,1473,1,phase_1_2_guided_close_range_refine,500,-137.72414842908313,500,timeout,85.62337493896484,187.02676391601562,0.40629085898399353,31.740928649902344,48.5619010925293,17.94013023376465,-34.24759292602539,32.47215365396632,0.8436524794053889,0.0,0.5602376453882796
2026-04-01 19:09:41,667,1474,1,phase_1_2_guided_close_range_refine,500,-103.17335500891153,260,high_altitude,71.04224395751953,78.71651458740234,0.40629085898399353,100.28992462158203,48.5619010925293,-50.80046844482422,-32.28171920776367,104.06614189252662,-0.24304183752404385,0.0,0.28991498312621194
2026-04-01 19:09:46,667,1475,1,phase_1_2_guided_close_range_refine,500,-106.71976443867175,298,high_altitude,75.29742431640625,103.10111236572266,0.40629085898399353,100.2031478881836,48.5619010925293,-50.48419189453125,-33.532310485839844,84.01166830061534,0.10432592645508007,0.0,0.4575792382616528
2026-04-01 19:09:51,668,1476,1,phase_1_2_guided_close_range_refine,500,-136.9917084927239,310,high_altitude,88.15308380126953,94.8306884765625,0.40629085898399353,100.19468688964844,48.5619010925293,-50.59696960449219,-41.55210876464844,124.0012374381244,-0.5592108083711628,0.0,0.37585579772818295
2026-04-01 19:09:56,668,1477,1,phase_1_2_guided_close_range_refine,500,-156.18645903147763,324,high_altitude,84.99174499511719,141.7938690185547,0.40629085898399353,100.30059814453125,48.5619010925293,-50.74187469482422,-58.571533203125,162.63444028949567,-0.9544199084716054,0.0,0.4476040373726157
2026-04-01 19:10:01,668,1478,1,phase_1_2_guided_close_range_refine,500,-208.9651563979171,383,collision,75.38269805908203,202.70849609375,0.40629085898399353,0.09270124137401581,48.5619010925293,49.671234130859375,-75.35911560058594,162.3485422312173,-0.9529187227451494,1.0,0.4767437354878679
2026-04-01 19:10:06,668,1479,1,phase_1_2_guided_close_range_refine,500,-128.1852692348128,298,high_altitude,73.03179168701172,123.93009948730469,0.40629085898399353,100.23694610595703,48.5619010925293,-50.69429016113281,-53.14534378051758,157.55973267958126,-0.9242779900665039,0.0,0.26609635678101723
2026-04-01 19:10:10,669,1480,1,phase_1_2_guided_close_range_refine,500,-106.51083552977337,268,high_altitude,78.43712615966797,116.08393859863281,0.40629085898399353,100.06172180175781,48.5619010925293,-50.49861145019531,-52.19749450683594,116.82556363951407,-0.4512757405261988,0.0,0.3340488180396805
2026-04-01 19:10:14,669,1481,1,phase_1_2_guided_close_range_refine,500,-104.73523725808477,255,high_altitude,77.22242736816406,106.50846862792969,0.40629085898399353,100.30858612060547,48.5619010925293,-50.907066345214844,-52.45365524291992,119.96902160122904,-0.49953168860713815,0.0,0.3238525439460238
2026-04-01 19:10:18,669,1482,1,phase_1_2_guided_close_range_refine,500,-135.35965740255736,295,high_altitude,70.47282409667969,171.0603790283203,0.40629085898399353,100.13238525390625,48.5619010925293,-50.679893493652344,-63.601890563964844,125.96367373007413,-0.587272206886155,0.0,0.2915937111565753
2026-04-01 19:10:22,669,1483,1,phase_1_2_guided_close_range_refine,500,-121.01780169518557,291,high_altitude,83.53050231933594,148.92349243164062,0.40629085898399353,100.27013397216797,48.5619010925293,-50.79261779785156,-64.68415832519531,146.54334788802439,-0.8343031586797005,0.0,0.33178506619394627
2026-04-01 19:10:29,670,1484,1,phase_1_2_guided_close_range_refine,500,-203.54819955719654,444,low_agl,80.96666717529297,353.0705871582031,0.40629085898399353,0.24878092110157013,48.5619010925293,49.36991500854492,-105.00971221923828,138.47561040267536,-0.7486735896497843,0.0,0.6100458817342501
2026-04-01 19:10:33,670,1485,1,phase_1_2_guided_close_range_refine,500,-120.93675013465932,273,high_altitude,79.44667053222656,125.96101379394531,0.40629085898399353,100.16473388671875,48.5619010925293,-50.735076904296875,-56.1557731628418,137.91347217360496,-0.7421334604127136,0.0,0.34005444893823333
2026-04-01 19:10:37,670,1486,1,phase_1_2_guided_close_range_refine,500,-112.32735892378189,259,high_altitude,71.15704345703125,92.45035552978516,0.40629085898399353,100.05156707763672,48.5619010925293,-50.52935028076172,-44.82692337036133,141.75597267611406,-0.7853814627397314,0.0,0.1295879710361259
2026-04-01 19:10:41,670,1487,1,phase_1_2_guided_close_range_refine,500,-112.60655421137788,272,high_altitude,87.89287567138672,85.05613708496094,0.40629085898399353,100.26439666748047,48.5619010925293,-50.74043273925781,-40.11960220336914,124.20032379205195,-0.5620880518718276,0.0,0.11548699523780262
2026-04-01 19:10:45,671,1488,1,phase_1_2_guided_close_range_refine,500,-116.6715212730507,268,high_altitude,79.96379852294922,139.13760375976562,0.40629085898399353,100.12521362304688,48.5619010925293,-50.64122009277344,-64.48252868652344,148.74602925384013,-0.8548759162873504,0.0,0.40057952227194554
2026-04-01 19:10:50,671,1489,1,phase_1_2_guided_close_range_refine,500,-122.03620734984854,302,high_altitude,78.74748992919922,153.11187744140625,0.40629085898399353,100.39905548095703,48.5619010925293,-50.866790771484375,-58.13546371459961,114.50185815179486,-0.41472275327094393,0.0,0.4742070454876363
2026-04-01 19:10:54,671,1490,1,phase_1_2_guided_close_range_refine,500,-99.46909363884821,269,high_altitude,89.04490661621094,121.10629272460938,0.40629085898399353,100.26226043701172,48.5619010925293,-50.789772033691406,-62.76909637451172,147.08036468132747,-0.8394336688281964,0.0,0.12139585070409775
2026-04-01 19:10:58,671,1491,1,phase_1_2_guided_close_range_refine,500,-114.6341779389237,275,high_altitude,74.95138549804688,122.01976776123047,0.40629085898399353,100.2385025024414,48.5619010925293,-50.80152893066406,-53.52177047729492,135.2429501704,-0.7100987463481254,0.0,0.325716413733685
2026-04-01 19:11:02,672,1492,1,phase_1_2_guided_close_range_refine,500,-114.00861096075039,267,high_altitude,77.43031311035156,136.25732421875,0.40629085898399353,100.4023666381836,48.5619010925293,-50.94212341308594,-62.0258674621582,135.68285533408385,-0.715483714252553,0.0,0.39770469870537917
2026-04-01 19:11:10,672,1493,1,phase_1_2_guided_close_range_refine,500,-139.40590691686913,500,timeout,74.50349426269531,248.1776885986328,0.40629085898399353,34.829261779785156,48.5619010925293,14.792991638183594,-22.706741333007812,137.221546689926,-0.733985323774553,0.0,1.4350814891699801
2026-04-01 19:11:14,672,1494,1,phase_1_2_guided_close_range_refine,500,-116.64335389955141,291,high_altitude,77.90003204345703,139.66326904296875,0.40629085898399353,100.19672393798828,48.5619010925293,-50.57090759277344,-58.99385452270508,136.7257569184531,-0.7280809889713116,0.0,0.11927260993430407
2026-04-01 19:11:18,672,1495,1,phase_1_2_guided_close_range_refine,500,-108.92413362498228,276,high_altitude,82.06697082519531,139.25172424316406,0.40629085898399353,100.2529525756836,48.5619010925293,-50.691078186035156,-64.2945785522461,139.23426683454534,-0.757385710909047,0.0,0.3430135238248989
2026-04-01 19:11:22,673,1496,1,phase_1_2_guided_close_range_refine,500,-114.6519920653284,275,high_altitude,75.08698272705078,110.34197998046875,0.40629085898399353,100.49411010742188,48.5619010925293,-50.938194274902344,-52.839752197265625,162.07303972085563,-0.9514496732210809,0.0,0.4008337729985829
2026-04-01 19:11:27,673,1497,1,phase_1_2_guided_close_range_refine,500,-118.75038780267498,325,high_altitude,76.26936340332031,95.36847686767578,0.40629085898399353,100.08363342285156,48.5619010925293,-50.480934143066406,-44.9396858215332,148.65524237939232,-0.8540527378437498,0.0,0.3000188945721939
2026-04-01 19:11:32,673,1498,1,phase_1_2_guided_close_range_refine,500,-126.33156021027585,307,high_altitude,77.65909576416016,122.76307678222656,0.40629085898399353,100.16077423095703,48.5619010925293,-50.538963317871094,-53.03034591674805,171.5468809298785,-0.9891364738673516,0.0,0.34977342327416877
2026-04-01 19:11:36,673,1499,1,phase_1_2_guided_close_range_refine,500,-104.39212712537662,268,high_altitude,81.5763168334961,119.14479064941406,0.40629085898399353,100.08160400390625,48.5619010925293,-50.51739501953125,-55.12128829956055,120.31588592803897,-0.5047669909798573,0.0,0.4052975572228582
2026-04-01 19:11:40,674,1500,1,phase_1_2_guided_close_range_refine,500,-119.75402913170313,267,high_altitude,70.14576721191406,129.85162353515625,0.40629085898399353,100.1688461303711,48.5619010925293,-50.583099365234375,-52.4815673828125,113.09015367300161,-0.3921790387274618,0.0,0.5870129377352739
2026-04-01 19:11:44,674,1501,1,phase_1_2_guided_close_range_refine,500,-92.15541724465093,277,high_altitude,75.37815856933594,51.86286926269531,0.40629085898399353,100.4765625,48.5619010925293,-50.86567687988281,-22.923511505126953,110.97584129466749,-0.35797427449265995,0.0,0.01798133753610549
2026-04-01 19:11:52,674,1502,1,phase_1_2_guided_close_range_refine,500,-123.48932803997677,500,timeout,86.83763122558594,189.13995361328125,0.40629085898399353,32.09485626220703,48.5619010925293,17.508365631103516,-13.245362281799316,119.82646189287254,-0.49737468301786625,0.0,1.2052611645377291
2026-04-01 19:11:55,674,1503,1,phase_1_2_guided_close_range_refine,500,-103.35193819610032,247,high_altitude,70.62359619140625,76.34298706054688,0.40629085898399353,100.62979125976562,48.5619010925293,-51.19505310058594,-39.36941146850586,127.34389103679364,-0.6065975893770008,0.0,0.07678993332843904
2026-04-01 19:11:59,675,1504,1,phase_1_2_guided_close_range_refine,500,-93.51571234955756,260,high_altitude,81.40190124511719,72.6369857788086,0.40629085898399353,100.6395263671875,48.5619010925293,-51.189849853515625,-40.72410202026367,130.58629111882541,-0.6505925315045444,0.0,0.3043537452387406
2026-04-01 19:12:03,675,1505,1,phase_1_2_guided_close_range_refine,500,-110.22052581463949,256,high_altitude,73.79695129394531,112.65178680419922,0.40629085898399353,100.06144714355469,48.5619010925293,-50.58972930908203,-55.85395050048828,153.44347819513806,-0.8944937558218581,0.0,0.2715718553348692
2026-04-01 19:12:07,675,1506,1,phase_1_2_guided_close_range_refine,500,-102.61768692448571,262,high_altitude,80.62301635742188,90.81263732910156,0.40629085898399353,100.48782348632812,48.5619010925293,-50.96051025390625,-44.285743713378906,119.12101263463694,-0.4866557946378064,0.0,0.3650072245251677
2026-04-01 19:12:09,675,1507,1,phase_1_2_guided_close_range_refine,500,195.74486511038367,151,success,74.5750961303711,13.745708465576172,0.40629085898399353,37.67497253417969,48.5619010925293,11.843067169189453,15.576605796813965,17.99095391533995,0.9511052932686082,0.0,0.5355964659533875
2026-04-01 19:12:13,675,1508,1,phase_1_2_guided_close_range_refine,500,-97.27526424750008,266,high_altitude,74.81940460205078,65.26753997802734,0.40629085898399353,100.26191711425781,48.5619010925293,-50.75043487548828,-29.897001266479492,119.70592271440016,-0.4955484569778239,0.0,0.10307690123995229
2026-04-01 19:12:18,676,1509,1,phase_1_2_guided_close_range_refine,500,-100.59288447682336,275,high_altitude,74.15843963623047,57.72471237182617,0.40629085898399353,100.41191101074219,48.5619010925293,-50.90630340576172,-30.80926513671875,144.88006022134286,-0.8179495575523925,0.0,0.3715103465100452
2026-04-01 19:12:22,676,1510,1,phase_1_2_guided_close_range_refine,500,-119.73595960376319,305,high_altitude,81.0294418334961,141.74874877929688,0.40629085898399353,100.06089782714844,48.5619010925293,-50.332252502441406,-35.605987548828125,48.36756455081134,0.6643494387678637,0.0,0.8746790793097985
2026-04-01 19:12:29,676,1511,1,phase_1_2_guided_close_range_refine,500,-205.2921800235443,481,low_agl,86.57816314697266,220.10470581054688,0.40629085898399353,0.17976264655590057,48.5619010925293,49.477657318115234,-32.514305114746094,37.01757965981269,0.7984508218004731,0.0,1.450051906750477
2026-04-01 19:12:33,677,1512,1,phase_1_2_guided_close_range_refine,500,-106.4112638398535,258,high_altitude,74.72503662109375,107.9498062133789,0.40629085898399353,100.454833984375,48.5619010925293,-50.89173889160156,-43.66797637939453,91.35571309245566,-0.023659449313030958,0.0,0.6479110169934574
2026-04-01 19:12:37,677,1513,1,phase_1_2_guided_close_range_refine,500,-103.84598471319843,265,high_altitude,77.61654663085938,91.84298706054688,0.40629085898399353,100.23285675048828,48.5619010925293,-50.53411865234375,-39.53335952758789,100.06951134120702,-0.174842820091661,0.0,0.7349206987137484
2026-04-01 19:12:44,677,1514,1,phase_1_2_guided_close_range_refine,500,-178.8129528251315,500,timeout,77.67509460449219,381.544921875,0.40629085898399353,41.79205322265625,48.5619010925293,7.9543304443359375,-47.945560455322266,93.29588979790032,-0.05749240920432181,0.0,1.494865606281007
2026-04-01 19:12:48,677,1515,1,phase_1_2_guided_close_range_refine,500,-119.26149269636322,264,high_altitude,71.73845672607422,140.96774291992188,0.40629085898399353,100.32908630371094,48.5619010925293,-50.81084442138672,-59.00801467895508,121.35795422932948,-0.5203831243391176,0.0,0.6283516375775996
2026-04-01 19:12:54,678,1516,1,phase_1_2_guided_close_range_refine,500,-157.86120044479867,360,high_altitude,88.2615737915039,108.17012023925781,0.40629085898399353,100.19438934326172,48.5619010925293,-50.743919372558594,-43.11238479614258,122.84290565678195,-0.5423375124175713,0.0,0.7171866963662097
2026-04-01 19:12:59,678,1517,1,phase_1_2_guided_close_range_refine,500,-131.8355477323783,302,high_altitude,80.54402160644531,175.10911560058594,0.40629085898399353,100.13617706298828,48.5619010925293,-50.544151306152344,-67.4019546508789,122.21612651740656,-0.53311442518748,0.0,0.8508590224245346
2026-04-01 19:13:03,678,1518,1,phase_1_2_guided_close_range_refine,500,-105.55559656825581,278,high_altitude,70.39002990722656,82.68294525146484,0.40629085898399353,100.01551055908203,48.5619010925293,-50.162384033203125,-14.83305549621582,42.332829456822026,0.7392453494539339,0.0,0.7109909858989895
2026-04-01 19:13:09,679,1519,1,phase_1_2_guided_close_range_refine,500,-140.91446128518152,381,high_altitude,83.66377258300781,188.9629669189453,0.40629085898399353,100.12348175048828,48.5619010925293,-50.64960479736328,-43.242313385009766,67.15590890080443,0.3882248774655736,0.0,0.8979025122877944
2026-04-01 19:13:13,679,1520,1,phase_1_2_guided_close_range_refine,500,-108.07097507042616,283,high_altitude,84.38241577148438,65.60088348388672,0.40629085898399353,100.14450073242188,48.5619010925293,-50.556304931640625,-22.324687957763672,87.35704031457422,0.0461119914098747,0.0,0.4720198875149202
2026-04-01 19:13:20,679,1521,1,phase_1_2_guided_close_range_refine,500,-177.88032446560038,500,timeout,71.09596252441406,416.75494384765625,0.40629085898399353,18.645523071289062,48.5619010925293,31.123300552368164,-61.002254486083984,149.277172084457,-0.8596487916783753,0.0,1.8696809355658763
2026-04-01 19:13:24,679,1522,1,phase_1_2_guided_close_range_refine,500,-97.98156383413105,276,high_altitude,81.9472885131836,107.78868103027344,0.40629085898399353,100.33586120605469,48.5619010925293,-50.7779541015625,-43.40293502807617,91.70651160822752,-0.029779842874991493,0.0,0.562019830654428
2026-04-01 19:13:29,680,1523,1,phase_1_2_guided_close_range_refine,500,-98.5163292569509,271,high_altitude,84.82545471191406,110.27696990966797,0.40629085898399353,100.09318542480469,48.5619010925293,-50.472137451171875,-55.08463668823242,132.56975073304042,-0.676487253422358,0.0,0.4418631110867732
2026-04-01 19:13:33,680,1524,1,phase_1_2_guided_close_range_refine,500,-98.07958822860675,313,high_altitude,78.00936889648438,52.31647872924805,0.40629085898399353,100.16869354248047,48.5619010925293,-50.37641906738281,-17.780258178710938,100.45017827421934,-0.18138046429773236,0.0,0.5612216712577145
2026-04-01 19:13:41,680,1525,1,phase_1_2_guided_close_range_refine,500,-123.33094615246759,500,timeout,85.23524475097656,138.89059448242188,0.40629085898399353,23.886310577392578,48.5619010925293,25.777603149414062,-16.50098419189453,71.9425874334194,0.30996983414918694,0.0,1.393468116743399
2026-04-01 19:13:45,681,1526,1,phase_1_2_guided_close_range_refine,500,-105.34924486344929,264,high_altitude,78.09725189208984,105.8027114868164,0.40629085898399353,100.09980010986328,48.5619010925293,-50.43255615234375,-51.72769546508789,126.27504839395668,-0.591662150835636,0.0,0.7767391142756452
2026-04-01 19:13:49,681,1527,1,phase_1_2_guided_close_range_refine,500,-102.07093443142513,283,high_altitude,79.33615112304688,72.17183685302734,0.40629085898399353,100.07933807373047,48.5619010925293,-50.540077209472656,-29.242238998413086,102.07890518370057,-0.2092585543398882,0.0,0.4553692721117251
2026-04-01 19:13:57,681,1528,1,phase_1_2_guided_close_range_refine,500,-108.49383422191119,500,timeout,81.95536804199219,127.26541137695312,0.40629085898399353,46.44021224975586,48.5619010925293,3.306232452392578,-8.572623252868652,39.36385892273879,0.773133795558214,0.0,1.077724016258292
2026-04-01 19:14:00,681,1529,1,phase_1_2_guided_close_range_refine,500,-108.10533512247761,261,high_altitude,77.5736312866211,109.8355941772461,0.40629085898399353,100.2787094116211,48.5619010925293,-50.71293640136719,-54.280174255371094,143.50547099049948,-0.8039136546754798,0.0,0.6499641493585808
2026-04-01 19:14:05,682,1530,1,phase_1_2_guided_close_range_refine,500,-111.63845732985419,274,high_altitude,84.47090911865234,70.54654693603516,0.40629085898399353,100.560302734375,48.5619010925293,-51.110450744628906,-40.58802032470703,167.35266666624878,-0.9757362158939185,0.0,0.414104783486291
2026-04-01 19:14:11,682,1531,1,phase_1_2_guided_close_range_refine,500,-137.597821162446,438,low_agl,71.48544311523438,90.77310943603516,0.40629085898399353,0.3004645109176636,48.5619010925293,49.260684967041016,2.036067008972168,66.06117301082395,0.4057610459455725,0.0,1.237539519303878
2026-04-01 19:14:15,682,1532,1,phase_1_2_guided_close_range_refine,500,-112.35921556048955,267,high_altitude,72.98748779296875,98.27632904052734,0.40629085898399353,100.19022369384766,48.5619010925293,-50.66472625732422,-44.78092956542969,148.38222605788857,-0.851564345498952,0.0,0.5796419575328082
2026-04-01 19:14:19,682,1533,1,phase_1_2_guided_close_range_refine,500,-115.6986419043194,261,high_altitude,70.67979431152344,111.84519958496094,0.40629085898399353,100.22146606445312,48.5619010925293,-50.480445861816406,-47.32221984863281,107.8727224301906,-0.30690354468081305,0.0,0.8701067257182555
2026-04-01 19:14:23,683,1534,1,phase_1_2_guided_close_range_refine,500,-105.2439680563584,267,high_altitude,88.53436279296875,98.32963562011719,0.40629085898399353,100.07172393798828,48.5619010925293,-50.56739044189453,-42.085323333740234,95.92067685442285,-0.10315149763149793,0.0,0.5818580896352613
2026-04-01 19:14:27,683,1535,1,phase_1_2_guided_close_range_refine,500,-116.38844884045479,274,high_altitude,74.32373046875,124.5672607421875,0.40629085898399353,100.42461395263672,48.5619010925293,-50.639503479003906,-51.242164611816406,105.08633309790557,-0.2602742046912862,0.0,0.8653669022742463
2026-04-01 19:14:31,683,1536,1,phase_1_2_guided_close_range_refine,500,-103.96486400456558,269,high_altitude,72.91238403320312,75.65089416503906,0.40629085898399353,100.20040893554688,48.5619010925293,-50.56538391113281,-30.328716278076172,111.96877321506892,-0.3741012131360732,0.0,0.6286881595494928
2026-04-01 19:14:34,683,1537,1,phase_1_2_guided_close_range_refine,500,193.47581818607858,165,success,88.04010009765625,11.669943809509277,0.40629085898399353,37.82649230957031,48.5619010925293,11.643394470214844,22.465618133544922,36.7815180768133,0.8009245565754609,0.0,0.2440857964721958
2026-04-01 19:14:42,684,1538,1,phase_1_2_guided_close_range_refine,500,-117.33872375504771,500,timeout,82.59444427490234,141.98927307128906,0.40629085898399353,5.247145652770996,48.5619010925293,44.26240539550781,-27.04710578918457,111.26705324012015,-0.3627154205636159,0.0,1.5395830335491225
2026-04-01 19:14:45,684,1539,1,phase_1_2_guided_close_range_refine,500,-94.20801388173321,260,high_altitude,83.53668212890625,72.58390045166016,0.40629085898399353,100.54756927490234,48.5619010925293,-51.12091827392578,-38.67325210571289,124.60999853846931,-0.5679873798073909,0.0,0.4133694578613118
2026-04-01 19:14:50,684,1540,1,phase_1_2_guided_close_range_refine,500,-112.79667506690583,316,high_altitude,73.78714752197266,65.20264434814453,0.40629085898399353,100.19828796386719,48.5619010925293,-50.53919982910156,-24.6102352142334,95.1868823111317,-0.09040457321745715,0.0,0.5701329995870192
2026-04-01 19:14:52,684,1541,1,phase_1_2_guided_close_range_refine,500,205.75381314287552,147,success,84.61384582519531,13.953070640563965,0.40629085898399353,36.05491638183594,48.5619010925293,13.352672576904297,16.448522567749023,15.055466676115408,0.9656748171713869,0.0,0.2764532358451008
2026-04-01 19:14:56,684,1542,1,phase_1_2_guided_close_range_refine,500,-101.69514531074086,267,high_altitude,81.84484100341797,103.10990142822266,0.40629085898399353,100.5628890991211,48.5619010925293,-51.136451721191406,-48.472984313964844,121.83692807506579,-0.5275034558703728,0.0,0.3576166199653593
2026-04-01 19:15:00,685,1543,1,phase_1_2_guided_close_range_refine,500,-102.88714571772786,269,high_altitude,73.36833953857422,64.5146255493164,0.40629085898399353,100.26051330566406,48.5619010925293,-50.573097229003906,-22.074567794799805,70.54541076699077,0.3330596475538402,0.0,0.7177921420977552
2026-04-01 19:15:04,685,1544,1,phase_1_2_guided_close_range_refine,500,-103.02966031471975,263,high_altitude,80.30165100097656,114.37991333007812,0.40629085898399353,100.0658950805664,48.5619010925293,-50.64497375488281,-53.12685775756836,118.80361374390645,-0.4818089433213354,0.0,0.4666974516768392
2026-04-01 19:15:09,685,1545,1,phase_1_2_guided_close_range_refine,500,-111.00893841294841,294,high_altitude,82.68506622314453,139.5899658203125,0.40629085898399353,100.00855255126953,48.5619010925293,-50.50426483154297,-54.650390625,103.67748363818538,-0.23645632389703042,0.0,0.5529004595232625
2026-04-01 19:15:14,685,1546,1,phase_1_2_guided_close_range_refine,500,-139.67287472872948,358,high_altitude,87.4966812133789,202.0039520263672,0.40629085898399353,100.09890747070312,48.5619010925293,-50.61750030517578,-54.56365203857422,66.4161652627462,0.4000904767403333,0.0,0.9665015297292767
2026-04-01 19:15:19,686,1547,1,phase_1_2_guided_close_range_refine,500,-120.6955556163139,286,high_altitude,75.90167999267578,143.86813354492188,0.40629085898399353,100.09519958496094,48.5619010925293,-50.53618621826172,-53.664703369140625,112.01889997338765,-0.3749124201673853,0.0,0.7288770172301127
2026-04-01 19:15:22,686,1548,1,phase_1_2_guided_close_range_refine,500,-100.11933985096007,262,high_altitude,79.67198181152344,82.84786224365234,0.40629085898399353,100.60469055175781,48.5619010925293,-51.192527770996094,-40.043521881103516,117.06941505326188,-0.4550696396155938,0.0,0.5416451052592074
2026-04-01 19:15:26,686,1549,1,phase_1_2_guided_close_range_refine,500,-102.03119629362102,270,high_altitude,80.15219116210938,110.1207046508789,0.40629085898399353,100.5574722290039,48.5619010925293,-51.09973907470703,-42.5305061340332,85.52532701314938,0.07801841096870836,0.0,0.6809293337755289
2026-04-01 19:15:31,686,1550,1,phase_1_2_guided_close_range_refine,500,-128.86355099848544,305,high_altitude,84.68235778808594,63.89276885986328,0.40629085898399353,100.26607513427734,48.5619010925293,-50.855934143066406,-34.503746032714844,155.60565653917564,-0.9107244401990829,0.0,0.5882827550568137
2026-04-01 19:15:35,687,1551,1,phase_1_2_guided_close_range_refine,500,-106.74457614222769,282,high_altitude,72.19738006591797,63.81364059448242,0.40629085898399353,100.40977478027344,48.5619010925293,-50.728553771972656,-14.533844947814941,65.53773463359086,0.41409385809629234,0.0,0.6479533179553941
2026-04-01 19:15:41,687,1552,1,phase_1_2_guided_close_range_refine,500,-172.13509062505818,406,high_altitude,89.26307678222656,190.76239013671875,0.40629085898399353,100.06436157226562,48.5619010925293,-50.44544219970703,-51.78974151611328,74.81774190415793,0.2618903442372952,0.0,1.050698824805742
2026-04-01 19:15:46,687,1553,1,phase_1_2_guided_close_range_refine,500,-121.72190216196674,295,high_altitude,86.32996368408203,58.73362731933594,0.40629085898399353,100.1252670288086,48.5619010925293,-50.690696716308594,-30.8253173828125,135.03129626839967,-0.7074929136171717,0.0,0.5273501792955467
2026-04-01 19:15:53,688,1554,1,phase_1_2_guided_close_range_refine,500,-146.88338257490338,492,low_agl,71.36360931396484,107.87739562988281,0.40629085898399353,0.3237265646457672,48.5619010925293,49.19587707519531,-10.93998908996582,99.39645084001562,-0.16326484918200612,0.0,1.53064635126009
2026-04-01 19:15:58,688,1555,1,phase_1_2_guided_close_range_refine,500,-103.01036212224192,286,high_altitude,78.88660430908203,60.30343246459961,0.40629085898399353,100.29078674316406,48.5619010925293,-50.80622100830078,-31.18396759033203,146.00012928295493,-0.8290388343231967,0.0,0.4164599030809723
2026-04-01 19:16:02,688,1556,1,phase_1_2_guided_close_range_refine,500,-103.40705588141074,280,high_altitude,71.26592254638672,69.742431640625,0.40629085898399353,100.28398895263672,48.5619010925293,-50.595794677734375,-16.786821365356445,61.86342753939333,0.47157485549706246,0.0,0.6856073187384968
2026-04-01 19:16:09,689,1557,1,phase_1_2_guided_close_range_refine,500,-171.41957431008615,487,low_agl,76.4640121459961,206.70518493652344,0.40629085898399353,0.3452208340167999,48.5619010925293,49.68613815307617,-31.124134063720703,111.53514499523232,-0.36707187204475533,0.0,2.0027966668388006
2026-04-01 19:16:14,689,1558,1,phase_1_2_guided_close_range_refine,500,-110.35180519196065,302,high_altitude,84.14873504638672,107.74979400634766,0.40629085898399353,100.30638885498047,48.5619010925293,-50.58367919921875,-29.29633140563965,53.88134745642544,0.5894593658591942,0.0,0.8868432253183279
2026-04-01 19:16:18,689,1559,1,phase_1_2_guided_close_range_refine,500,-101.33901632681582,296,high_altitude,84.54077911376953,99.9549789428711,0.40629085898399353,100.06881713867188,48.5619010925293,-50.42588806152344,-41.20305252075195,99.67951436978846,-0.16813693871238103,0.0,0.6625554541789466
2026-04-01 19:16:21,689,1560,1,phase_1_2_guided_close_range_refine,500,203.17352945242857,166,success,88.16190338134766,13.948850631713867,0.40629085898399353,37.465545654296875,48.5619010925293,11.951221466064453,10.158751487731934,29.7181257579688,0.8684747305656334,0.0,0.2846167074875943
2026-04-01 19:16:25,689,1561,1,phase_1_2_guided_close_range_refine,500,-101.82658083873888,270,high_altitude,78.23407745361328,69.38565063476562,0.40629085898399353,100.57454681396484,48.5619010925293,-51.076438903808594,-31.500614166259766,119.45096541306192,-0.4916785164134281,0.0,0.7015452841346089
2026-04-01 19:16:30,690,1562,1,phase_1_2_guided_close_range_refine,500,-125.12101147564712,314,high_altitude,83.01454162597656,69.37836456298828,0.40629085898399353,100.07941436767578,48.5619010925293,-50.64384460449219,-34.553470611572266,139.32367401078082,-0.7584037116447753,0.0,0.5314545616680401
2026-04-01 19:16:34,690,1563,1,phase_1_2_guided_close_range_refine,500,-124.53712214007558,299,high_altitude,84.88189697265625,146.23568725585938,0.40629085898399353,100.29450988769531,48.5619010925293,-50.695045471191406,-56.43923568725586,105.14311246047589,-0.2612309089405664,0.0,0.8702226001523683
2026-04-01 19:16:41,690,1564,1,phase_1_2_guided_close_range_refine,500,-160.72407756671285,500,low_agl,71.53641510009766,124.84402465820312,0.40629085898399353,0.264697402715683,48.5619010925293,49.32221603393555,-13.053447723388672,108.05891338696516,-0.30999473813835915,0.0,1.605016282642487
2026-04-01 19:16:49,691,1565,1,phase_1_2_guided_close_range_refine,500,-207.70940274336033,473,low_agl,80.45713806152344,381.78875732421875,0.40629085898399353,0.19020092487335205,48.5619010925293,49.590301513671875,-62.4583625793457,171.5082357195546,-0.9890370993318675,0.0,2.0609650883678374
2026-04-01 19:16:53,691,1566,1,phase_1_2_guided_close_range_refine,500,-120.7586958226772,297,high_altitude,84.31468963623047,136.6455535888672,0.40629085898399353,100.01744842529297,48.5619010925293,-50.4453125,-55.678157806396484,132.2568870879188,-0.6724557785429532,0.0,0.7064073202295288
2026-04-01 19:16:58,691,1567,1,phase_1_2_guided_close_range_refine,500,-128.78242536974213,326,high_altitude,79.52501678466797,128.50668334960938,0.40629085898399353,100.04008483886719,48.5619010925293,-50.36322784423828,-52.9998779296875,142.9469254409325,-0.7980776906950204,0.0,0.8364211390516749
2026-04-01 19:17:02,691,1568,1,phase_1_2_guided_close_range_refine,500,-101.27883430493819,284,high_altitude,75.90003204345703,62.9399299621582,0.40629085898399353,100.37997436523438,48.5619010925293,-50.789764404296875,-31.743051528930664,144.2520926290519,-0.8115953201302285,0.0,0.5931509134253196
2026-04-01 19:17:07,692,1569,1,phase_1_2_guided_close_range_refine,500,-106.66588307168524,274,high_altitude,72.73939514160156,84.68539428710938,0.40629085898399353,100.41462707519531,48.5619010925293,-50.59422302246094,-27.919322967529297,69.32340113201627,0.35309275389356143,0.0,0.9291723258671516
2026-04-01 19:17:11,692,1570,1,phase_1_2_guided_close_range_refine,500,-107.55064122714215,291,high_altitude,79.46483612060547,53.08598327636719,0.40629085898399353,100.37120819091797,48.5619010925293,-50.855316162109375,-26.419021606445312,117.80960265361615,-0.4665348877227711,0.0,0.6243686858226504
2026-04-01 19:17:15,692,1571,1,phase_1_2_guided_close_range_refine,500,-135.85817222188274,305,high_altitude,78.47381591796875,156.576904296875,0.40629085898399353,100.04898071289062,48.5619010925293,-50.334083557128906,-60.50044250488281,130.4054686907385,-0.64819258439809,0.0,0.7933146627618112
2026-04-01 19:17:23,693,1572,1,phase_1_2_guided_close_range_refine,500,-167.1174305296338,475,low_agl,76.9397201538086,161.7672119140625,0.40629085898399353,0.21711653470993042,48.5619010925293,49.42643356323242,-17.95649528503418,90.69025459181049,-0.012046923893321966,0.0,1.676080831573185
2026-04-01 19:17:29,693,1573,1,phase_1_2_guided_close_range_refine,500,-155.11546849021008,396,low_agl,88.12173461914062,102.22132110595703,0.40629085898399353,0.26639267802238464,48.5619010925293,49.31819534301758,-11.863519668579102,2.096951958454659,0.9993303417498062,0.0,1.4443609046705022
2026-04-01 19:17:35,693,1574,1,phase_1_2_guided_close_range_refine,500,-149.07552812622188,422,low_agl,76.7469482421875,129.86793518066406,0.40629085898399353,0.3927208185195923,48.5619010925293,49.02775192260742,-10.795344352722168,69.42736344137305,0.3513945629743897,0.0,1.6239613302923837
2026-04-01 19:17:39,693,1575,1,phase_1_2_guided_close_range_refine,500,-95.39223078225976,277,high_altitude,83.10610961914062,83.16600036621094,0.40629085898399353,100.52495574951172,48.5619010925293,-50.990028381347656,-36.946258544921875,101.03774529756969,-0.19145563000590132,0.0,0.5834731996942627
2026-04-01 19:17:46,694,1576,1,phase_1_2_guided_close_range_refine,500,-197.65169575231795,416,low_agl,70.7756118774414,321.45123291015625,0.40629085898399353,0.26208242774009705,48.5619010925293,49.324302673339844,-49.26337432861328,126.04313615087807,-0.5883941685464796,0.0,2.0309893615837677
2026-04-01 19:17:52,694,1577,1,phase_1_2_guided_close_range_refine,500,-155.1546564921117,450,low_agl,84.25424194335938,137.52139282226562,0.40629085898399353,0.3500073254108429,48.5619010925293,49.12285232543945,-16.2985782623291,100.49199269231815,-0.18209811002138537,0.0,1.736419105234685
2026-04-01 19:17:57,694,1578,1,phase_1_2_guided_close_range_refine,500,-99.48953605268834,289,high_altitude,86.33810424804688,92.54383850097656,0.40629085898399353,100.36112213134766,48.5619010925293,-50.696502685546875,-38.14583969116211,96.60123007313375,-0.11495847701365763,0.0,0.5700953757825704
2026-04-01 19:18:03,695,1579,1,phase_1_2_guided_close_range_refine,500,-145.7156255732461,414,low_agl,82.92415618896484,95.11955261230469,0.40629085898399353,0.3867581784725189,48.5619010925293,49.04902267456055,-3.928858518600464,46.54945015602399,0.6877282719631164,0.0,1.4960287842818358
2026-04-01 19:18:09,695,1580,1,phase_1_2_guided_close_range_refine,500,-184.80690290134817,381,low_agl,73.6478271484375,310.4810791015625,0.40629085898399353,0.34474700689315796,48.5619010925293,49.150447845458984,-52.36164855957031,44.36098582896562,0.7149489327373719,0.0,1.7327223029481547
2026-04-01 19:18:16,696,1581,1,phase_1_2_guided_close_range_refine,500,-125.79921454597856,496,low_agl,84.14122009277344,79.77128601074219,0.40629085898399353,0.24824738502502441,48.5619010925293,49.34885025024414,-0.4538281559944153,81.86098516495089,0.1415753432841162,0.0,1.5512188518298513
2026-04-01 19:18:21,696,1582,1,phase_1_2_guided_close_range_refine,500,-98.84821486259462,285,high_altitude,76.46076965332031,60.308509826660156,0.40629085898399353,100.1988754272461,48.5619010925293,-50.45280456542969,-17.081995010375977,70.35124897945481,0.3362530127138086,0.0,0.6757550472990889
2026-04-01 19:18:27,696,1583,1,phase_1_2_guided_close_range_refine,500,-144.68973345309536,451,low_agl,70.17330169677734,130.62857055664062,0.40629085898399353,0.3740213215351105,48.5619010925293,49.08073425292969,-7.361073017120361,61.08697163454628,0.48348144077613203,0.0,1.3559618457319018
2026-04-01 19:18:35,697,1584,1,phase_1_2_guided_close_range_refine,500,-210.30891433193648,499,low_agl,77.34129333496094,410.4548034667969,0.40629085898399353,0.316942423582077,48.5619010925293,49.676795959472656,-63.25719451904297,134.81402795090156,-0.7048079158351073,0.0,2.1618426449598087
2026-04-01 19:18:42,697,1585,1,phase_1_2_guided_close_range_refine,500,-138.96304763885695,500,timeout,76.25070190429688,205.08470153808594,0.40629085898399353,2.7553703784942627,48.5619010925293,47.19694519042969,-40.792572021484375,142.39745038258332,-0.792262491587743,0.0,2.001742753605171
2026-04-01 19:18:50,697,1586,1,phase_1_2_guided_close_range_refine,500,-158.32794767842648,500,timeout,81.39311218261719,360.5782165527344,0.40629085898399353,29.44546890258789,48.5619010925293,20.409053802490234,-57.80836868286133,136.5104283746793,-0.7254996460507944,0.0,2.0521863374381466
2026-04-01 19:18:54,698,1587,1,phase_1_2_guided_close_range_refine,500,-98.40240827584876,285,high_altitude,82.1427230834961,55.79254150390625,0.40629085898399353,100.3067626953125,48.5619010925293,-50.79198455810547,-23.5963191986084,109.26165505829104,-0.32988268421847877,0.0,0.34858150590787085
2026-04-01 19:19:02,698,1588,1,phase_1_2_guided_close_range_refine,500,-141.13786699450932,500,timeout,86.57752990722656,274.9471740722656,0.40629085898399353,10.403864860534668,48.5619010925293,39.59665298461914,-48.06010055541992,127.51832040781741,-0.6090150737546016,0.0,1.9574322046339143
2026-04-01 19:19:08,698,1589,1,phase_1_2_guided_close_range_refine,500,-165.25211387765205,448,low_agl,75.2408218383789,192.02223205566406,0.40629085898399353,0.32877302169799805,48.5619010925293,49.1706428527832,-27.930587768554688,78.0651553450405,0.2067992313375535,0.0,1.7556858160017255
2026-04-01 19:19:16,699,1590,1,phase_1_2_guided_close_range_refine,500,-150.36309668222117,500,timeout,88.91625213623047,195.35726928710938,0.40629085898399353,44.63716506958008,48.5619010925293,5.112834930419922,-30.340227127075195,150.15851237419875,-0.8674053692165442,0.0,1.995296541957783
2026-04-01 19:19:22,699,1591,1,phase_1_2_guided_close_range_refine,500,-134.9711075299644,442,low_agl,75.75847625732422,110.94874572753906,0.40629085898399353,0.30786052346229553,48.5619010925293,49.23244857788086,-12.890508651733398,51.67920226045953,0.6200638561725605,0.0,1.5630439142392152
2026-04-01 19:19:29,700,1592,1,phase_1_2_guided_close_range_refine,500,-130.3718978371641,418,low_agl,76.72962188720703,71.56328582763672,0.40629085898399353,0.3632814586162567,48.5619010925293,49.10380554199219,0.35840117931365967,66.04794976459081,0.40597197165126503,0.0,1.6197587390764707
2026-04-01 19:19:34,700,1593,1,phase_1_2_guided_close_range_refine,500,-101.8922479750213,302,high_altitude,82.93954467773438,51.44308090209961,0.40629085898399353,100.23118591308594,48.5619010925293,-50.36571502685547,-18.475269317626953,79.82216003732374,0.17670407406594765,0.0,0.8344657294242182
2026-04-01 19:19:36,700,1594,1,phase_1_2_guided_close_range_refine,500,194.35178166332682,166,success,89.19206237792969,12.761098861694336,0.40629085898399353,36.743064880371094,48.5619010925293,12.724571228027344,21.571033477783203,36.22123424410257,0.8067413738563881,0.0,0.37532634708601603
2026-04-01 19:19:40,700,1595,1,phase_1_2_guided_close_range_refine,500,-100.89918106366414,293,high_altitude,82.09671783447266,71.87550354003906,0.40629085898399353,100.0772705078125,48.5619010925293,-50.383338928222656,-32.772727966308594,133.21342776042243,-0.6847179272173326,0.0,0.8012035105345716
2026-04-01 19:19:43,700,1596,1,phase_1_2_guided_close_range_refine,500,189.7797728003735,162,success,83.2890396118164,13.798624992370605,0.40629085898399353,36.946537017822266,48.5619010925293,12.492115020751953,20.183734893798828,32.124640459185244,0.8468933112975823,0.0,0.2728969546059825
2026-04-01 19:19:50,701,1597,1,phase_1_2_guided_close_range_refine,500,-181.36574800102923,478,low_agl,81.80823516845703,209.5769500732422,0.40629085898399353,0.3716334104537964,48.5619010925293,49.70945358276367,-37.958831787109375,109.00167073772369,-0.3255957255214706,0.0,2.335615964666429
2026-04-01 19:19:55,701,1598,1,phase_1_2_guided_close_range_refine,500,-109.27987785941325,314,high_altitude,88.93451690673828,82.66390991210938,0.40629085898399353,100.35340881347656,48.5619010925293,-50.72401428222656,-38.77335739135742,162.4656116735913,-0.9535362985120599,0.0,0.9572690860795078
2026-04-01 19:19:59,701,1599,1,phase_1_2_guided_close_range_refine,500,-109.69083020660563,269,high_altitude,70.26775360107422,86.36840057373047,0.40629085898399353,100.38170623779297,48.5619010925293,-50.64514923095703,-32.9385871887207,102.83183108685694,-0.22209021471506457,0.0,1.0378781497467195
2026-04-01 19:20:07,702,1600,1,phase_1_2_guided_close_range_refine,500,-118.36558417926767,500,timeout,77.45166015625,102.3324203491211,0.40629085898399353,55.171409606933594,48.5619010925293,-5.551605224609375,-11.82453441619873,159.77860159372995,-0.938363997879819,0.0,1.4749504400508768
2026-04-01 19:20:11,702,1601,1,phase_1_2_guided_close_range_refine,500,-93.37309738637165,284,high_altitude,74.58519744873047,52.936424255371094,0.40629085898399353,100.1187744140625,48.5619010925293,-50.58012390136719,-23.244985580444336,110.62804123194127,-0.35229972485363537,0.0,0.5047702732936235
2026-04-01 19:20:15,702,1602,1,phase_1_2_guided_close_range_refine,500,-110.87466806023018,290,high_altitude,76.1012191772461,85.61578369140625,0.40629085898399353,100.18170928955078,48.5619010925293,-50.33502960205078,-17.37015724182129,46.665836579481,0.6862521758074398,0.0,1.0396346801960583
2026-04-01 19:20:23,703,1603,1,phase_1_2_guided_close_range_refine,500,-122.3880585964692,500,timeout,83.63928985595703,132.25323486328125,0.40629085898399353,31.087162017822266,48.5619010925293,18.536663055419922,-21.457557678222656,74.92243504375588,0.2601264430226727,0.0,1.8688244620309091
2026-04-01 19:20:30,703,1604,1,phase_1_2_guided_close_range_refine,500,-223.78286675354744,487,collision,76.45573425292969,347.8625793457031,0.40629085898399353,0.10467486083507538,48.5619010925293,49.65449523925781,-47.22944641113281,22.00178442994401,0.9271721873027755,1.0,2.635133835194416
2026-04-01 19:20:35,703,1605,1,phase_1_2_guided_close_range_refine,500,-133.61270780474194,371,high_altitude,81.96005249023438,176.38816833496094,0.40629085898399353,100.11185455322266,48.5619010925293,-50.35761260986328,-30.180015563964844,23.346503535999656,0.9181250383815327,0.0,1.243594611386882
2026-04-01 19:20:40,703,1606,1,phase_1_2_guided_close_range_refine,500,-112.52232397035948,298,high_altitude,74.62910461425781,115.7131576538086,0.40629085898399353,100.1366195678711,48.5619010925293,-50.100547790527344,-29.858915328979492,52.82680722971049,0.6042263727258114,0.0,1.2759365732203476
2026-04-01 19:20:47,704,1607,1,phase_1_2_guided_close_range_refine,500,-204.35741866265752,459,collision,72.25895690917969,193.4051971435547,0.40629085898399353,0.10956493765115738,48.5619010925293,49.621315002441406,-31.922752380371094,159.99899813786791,-0.939686640148873,1.0,2.129074537400309
2026-04-01 19:20:51,704,1608,1,phase_1_2_guided_close_range_refine,500,-103.72391448957279,280,high_altitude,84.16683959960938,82.3940200805664,0.40629085898399353,100.28244018554688,48.5619010925293,-50.751625061035156,-42.04006576538086,176.4909953228623,-0.9981251916294632,0.0,0.8860761991390002
2026-04-01 19:20:55,704,1609,1,phase_1_2_guided_close_range_refine,500,-104.94538580318282,281,high_altitude,72.3588638305664,82.29456329345703,0.40629085898399353,100.04077911376953,48.5619010925293,-50.04552459716797,-18.462169647216797,48.98140389680414,0.6563039454093247,0.0,1.1457633755780157
2026-04-01 19:21:00,705,1610,1,phase_1_2_guided_close_range_refine,500,-100.51456463722117,274,high_altitude,75.97117614746094,81.94628143310547,0.40629085898399353,100.406982421875,48.5619010925293,-50.67778015136719,-21.662630081176758,49.93878809767024,0.643605645697977,0.0,0.8150563882848135
2026-04-01 19:21:04,705,1611,1,phase_1_2_guided_close_range_refine,500,-109.69062397783654,280,high_altitude,73.92955017089844,86.26158142089844,0.40629085898399353,100.55286407470703,48.5619010925293,-51.004310607910156,-26.2052059173584,72.41774320340969,0.30207469472568843,0.0,0.7467015142594443
2026-04-01 19:21:08,705,1612,1,phase_1_2_guided_close_range_refine,500,-112.04858614504771,298,high_altitude,78.2259750366211,110.74301147460938,0.40629085898399353,100.02033996582031,48.5619010925293,-50.10896301269531,-29.790637969970703,56.28219310063077,0.5551029628569435,0.0,0.927929693891387
2026-04-01 19:21:12,705,1613,1,phase_1_2_guided_close_range_refine,500,-110.10843349459097,269,high_altitude,75.216796875,80.97944641113281,0.40629085898399353,100.5587387084961,48.5619010925293,-51.064056396484375,-41.47901153564453,170.526546290527,-0.9863619655591572,0.0,0.683779124243605
2026-04-01 19:21:16,705,1614,1,phase_1_2_guided_close_range_refine,500,-100.25597167397602,276,high_altitude,80.90399932861328,78.52332305908203,0.40629085898399353,100.64942932128906,48.5619010925293,-51.17994689941406,-36.45405197143555,143.0348436359289,-0.7990013478286364,0.0,0.6897663873597649
2026-04-01 19:21:21,706,1615,1,phase_1_2_guided_close_range_refine,500,-102.80443438147867,294,high_altitude,74.33113098144531,75.73178100585938,0.40629085898399353,100.00758361816406,48.5619010925293,-49.926902770996094,-15.998663902282715,54.22825276437039,0.5845576652672114,0.0,1.1480301817654632
2026-04-01 19:21:25,706,1616,1,phase_1_2_guided_close_range_refine,500,-100.64302266188203,280,high_altitude,89.01670837402344,90.14885711669922,0.40629085898399353,100.39378356933594,48.5619010925293,-50.650146484375,-43.41850280761719,112.95990879571863,-0.39008693399594957,0.0,0.94636802911139
2026-04-01 19:21:29,706,1617,1,phase_1_2_guided_close_range_refine,500,-95.85796896591876,276,high_altitude,82.30248260498047,60.86259460449219,0.40629085898399353,100.02501678466797,48.5619010925293,-50.440093994140625,-26.565269470214844,85.1097100021541,0.08524806977176443,0.0,0.7004631560022436
2026-04-01 19:21:33,706,1618,1,phase_1_2_guided_close_range_refine,500,-122.66785009893107,275,high_altitude,73.81275939941406,109.80067443847656,0.40629085898399353,100.21444702148438,48.5619010925293,-50.428016662597656,-51.508174896240234,148.75463529219434,-0.8549538372079322,0.0,1.0417176126341572
2026-04-01 19:21:38,707,1619,1,phase_1_2_guided_close_range_refine,500,-95.13753170451362,284,high_altitude,87.19747161865234,104.73011016845703,0.40629085898399353,100.49066162109375,48.5619010925293,-50.875816345214844,-39.85890579223633,76.39526971562076,0.2352223564653187,0.0,0.7751923554176652
2026-04-01 19:21:46,707,1620,1,phase_1_2_guided_close_range_refine,500,-94.22589540379742,270,high_altitude,86.10735321044922,90.88237762451172,0.40629085898399353,100.06141662597656,48.5619010925293,-50.52381896972656,-46.17439651489258,124.17875405465304,-0.561776648062598,0.0,0.7763023355266893
2026-04-01 19:21:51,707,1621,1,phase_1_2_guided_close_range_refine,500,-103.84584707295821,315,high_altitude,87.59700012207031,82.9474105834961,0.40629085898399353,100.12327575683594,48.5619010925293,-50.083770751953125,-26.997539520263672,90.34968086922613,-0.0061030446117568094,0.0,1.1113397102126132
