timestamp,update_id,episode_id,phase_id,phase_name,max_step,episode_return,episode_len,done_reason,start_distance,final_distance,start_agl,final_agl,start_alt_error,final_alt_error,final_closing_speed,final_look_angle_deg,final_alignment,final_grounded_flag,final_ang_vel_mag
2026-04-02 11:49:25,522,1,1,phase_1_3_peak_stabilize,500,205.6142892622101,140,success,87.33912658691406,13.407230377197266,0.40629085898399353,36.54168701171875,48.5619010925293,12.863250732421875,30.022470474243164,23.989154327458863,0.913622433550687,0.0,0.1348493218465648
2026-04-02 11:49:29,522,2,1,phase_1_3_peak_stabilize,500,-120.00943215048143,253,high_altitude,85.48504638671875,78.85517883300781,0.40629085898399353,100.50146484375,48.5619010925293,-50.95793151855469,-47.09797668457031,164.58086661803088,-0.9640066705336539,0.0,0.6834765671418158
2026-04-02 11:49:33,522,3,1,phase_1_3_peak_stabilize,500,-116.30087224432692,248,high_altitude,80.39242553710938,80.42002868652344,0.40629085898399353,100.03462982177734,48.5619010925293,-50.52201843261719,-43.83488845825195,150.85008268804089,-0.8733481856667453,0.0,0.41182968031264955
2026-04-02 11:49:35,522,4,1,phase_1_3_peak_stabilize,500,205.33187469313026,138,success,82.0882797241211,13.600337028503418,0.40629085898399353,36.32730484008789,48.5619010925293,13.081268310546875,21.316478729248047,24.465659059810218,0.9102096589846215,0.0,0.12789241353689026
2026-04-02 11:49:37,522,5,1,phase_1_3_peak_stabilize,500,207.75434485475077,141,success,83.58041381835938,13.821998596191406,0.40629085898399353,35.878684997558594,48.5619010925293,13.525016784667969,19.41048812866211,21.882901572345354,0.9279475210358223,0.0,0.1845970669217275
2026-04-02 11:49:45,523,6,1,phase_1_3_peak_stabilize,500,-187.53571069774137,433,low_agl,83.56309509277344,113.96141815185547,0.40629085898399353,0.389375239610672,48.5619010925293,49.02386474609375,-8.181172370910645,71.2250009290287,0.3218525955531066,0.0,1.537608963646636
2026-04-02 11:49:50,523,7,1,phase_1_3_peak_stabilize,500,-120.76980866432837,259,high_altitude,89.57781219482422,54.76737594604492,0.40629085898399353,100.52262878417969,48.5619010925293,-50.92229461669922,-27.053518295288086,98.02563187359407,-0.139616093924013,0.0,0.6884404461847686
2026-04-02 11:49:53,523,8,1,phase_1_3_peak_stabilize,500,-104.85402396582077,250,high_altitude,84.71690368652344,71.23797607421875,0.40629085898399353,100.63441467285156,48.5619010925293,-51.130096435546875,-33.42326354980469,93.58217034677223,-0.062479944395584956,0.0,0.6410173796139605
2026-04-02 11:49:56,523,9,1,phase_1_3_peak_stabilize,500,205.9471240192675,137,success,82.50391387939453,13.674604415893555,0.40629085898399353,35.82780456542969,48.5619010925293,13.601844787597656,22.51432228088379,18.52276951959007,0.9481974824758754,0.0,0.28696426242172896
2026-04-02 11:49:59,523,10,1,phase_1_3_peak_stabilize,500,-109.31410381809712,246,high_altitude,79.77603149414062,87.23772430419922,0.40629085898399353,100.09081268310547,48.5619010925293,-50.52881622314453,-44.982913970947266,121.78555139212895,-0.5267414563912006,0.0,0.6723967811978829
2026-04-02 11:50:04,524,11,1,phase_1_3_peak_stabilize,500,-113.17846774471028,257,high_altitude,86.68885803222656,53.189449310302734,0.40629085898399353,100.02911376953125,48.5619010925293,-50.618629455566406,-31.71033477783203,149.3784637898483,-0.8605506288488531,0.0,0.3834801026224205
2026-04-02 11:50:06,524,12,1,phase_1_3_peak_stabilize,500,208.39216459655523,135,success,80.84861755371094,13.690382957458496,0.40629085898399353,35.75044250488281,48.5619010925293,13.218074798583984,19.18459129333496,17.37169139914616,0.9543879616025988,0.0,0.08178156158960107
2026-04-02 11:50:10,524,13,1,phase_1_3_peak_stabilize,500,-111.69566777398526,260,high_altitude,82.16920471191406,105.85208129882812,0.40629085898399353,100.26081085205078,48.5619010925293,-50.61253356933594,-42.83555221557617,75.85078069536569,0.24444807960588444,0.0,0.8486947793544465
2026-04-02 11:50:14,524,14,1,phase_1_3_peak_stabilize,500,-108.13024009323046,253,high_altitude,88.24000549316406,62.150264739990234,0.40629085898399353,100.28541564941406,48.5619010925293,-50.565338134765625,-27.438617706298828,74.7711463536401,0.2626751191213086,0.0,0.8834156272821546
2026-04-02 11:50:22,525,15,1,phase_1_3_peak_stabilize,500,-225.69552719838728,490,low_agl,86.31193542480469,92.13176727294922,0.40629085898399353,0.32808753848075867,48.5619010925293,49.71533966064453,-15.170280456542969,138.23693627231842,-0.7459055312810038,0.0,2.0898180554797143
2026-04-02 11:50:24,525,16,1,phase_1_3_peak_stabilize,500,205.01990674142334,140,success,85.69912719726562,13.97890567779541,0.40629085898399353,36.257442474365234,48.5619010925293,13.144298553466797,28.948949813842773,17.411702647304097,0.9541792296121487,0.0,0.11689974514057318
2026-04-02 11:50:26,525,17,1,phase_1_3_peak_stabilize,500,205.85525804037223,144,success,82.8478012084961,13.845061302185059,0.40629085898399353,36.47599792480469,48.5619010925293,12.926048278808594,16.329063415527344,18.85647719451126,0.9463311387865938,0.0,0.12167317199468411
2026-04-02 11:50:28,525,18,1,phase_1_3_peak_stabilize,500,199.47508543923638,141,success,79.84911346435547,13.607194900512695,0.40629085898399353,35.944854736328125,48.5619010925293,13.486164093017578,21.6464900970459,28.247901925914167,0.8809080697767117,0.0,0.20980886212035021
2026-04-02 11:50:32,525,19,1,phase_1_3_peak_stabilize,500,-111.1574805414076,259,high_altitude,86.68215942382812,80.28483581542969,0.40629085898399353,100.606201171875,48.5619010925293,-51.205360412597656,-42.455650329589844,127.29404431623088,-0.6059057104741518,0.0,0.4367479811999121
2026-04-02 11:50:36,525,20,1,phase_1_3_peak_stabilize,500,-109.11998409748982,246,high_altitude,82.53822326660156,72.27883911132812,0.40629085898399353,100.15166473388672,48.5619010925293,-50.652259826660156,-40.02817916870117,131.47891488107604,-0.6623443840918823,0.0,0.5729706804022369
2026-04-02 11:50:40,526,21,1,phase_1_3_peak_stabilize,500,-124.04646997513035,249,high_altitude,79.21907806396484,85.85191345214844,0.40629085898399353,100.45579528808594,48.5619010925293,-50.90388488769531,-45.96613693237305,170.23245200524457,-0.9855041461146657,0.0,0.6357239381681564
2026-04-02 11:50:42,526,22,1,phase_1_3_peak_stabilize,500,205.71177606376907,141,success,90.36678314208984,13.740473747253418,0.40629085898399353,37.015987396240234,48.5619010925293,12.383861541748047,32.732398986816406,30.268201872964948,0.8636754213834554,0.0,0.12439999989601222
2026-04-02 11:50:45,526,23,1,phase_1_3_peak_stabilize,500,203.11221659274347,141,success,80.89913177490234,13.699700355529785,0.40629085898399353,36.00603103637695,48.5619010925293,13.405586242675781,21.722301483154297,13.192962028138496,0.9736069451857238,0.0,0.19817470992731398
2026-04-02 11:50:49,526,24,1,phase_1_3_peak_stabilize,500,-123.3621474601316,267,high_altitude,85.16059875488281,53.192527770996094,0.40629085898399353,100.50723266601562,48.5619010925293,-50.990318298339844,-27.384010314941406,130.66897738891757,-0.6516878189253837,0.0,0.2869765771102583
2026-04-02 11:50:53,526,25,1,phase_1_3_peak_stabilize,500,-131.57053150414112,283,high_altitude,79.54171752929688,72.84870910644531,0.40629085898399353,100.08019256591797,48.5619010925293,-50.24333190917969,-16.85140609741211,43.232194615783456,0.7285838639416211,0.0,1.0636744825470656
2026-04-02 11:50:57,526,26,1,phase_1_3_peak_stabilize,500,-128.0243924778473,272,high_altitude,83.77457427978516,51.756866455078125,0.40629085898399353,100.07981872558594,48.5619010925293,-50.61259460449219,-28.373218536376953,155.5119873248981,-0.9100480123706295,0.0,0.4568352103625152
2026-04-02 11:51:02,527,27,1,phase_1_3_peak_stabilize,500,-122.65173688219473,263,high_altitude,81.0668716430664,60.261940002441406,0.40629085898399353,100.5007095336914,48.5619010925293,-51.08546447753906,-32.304325103759766,151.99689877044273,-0.8829221806347819,0.0,0.5130248409539099
2026-04-02 11:51:06,527,28,1,phase_1_3_peak_stabilize,500,-116.79935191146278,256,high_altitude,84.53948974609375,91.66703796386719,0.40629085898399353,100.06443786621094,48.5619010925293,-50.33137512207031,-46.45065689086914,120.64093463063988,-0.5096562378309387,0.0,0.7468167644131193
2026-04-02 11:51:08,527,29,1,phase_1_3_peak_stabilize,500,204.24049711508556,141,success,83.5118179321289,13.874295234680176,0.40629085898399353,36.61104965209961,48.5619010925293,12.790664672851562,21.344837188720703,28.81930701414097,0.8761442932941836,0.0,0.11152396190167001
2026-04-02 11:51:12,527,30,1,phase_1_3_peak_stabilize,500,-109.50980395017712,240,high_altitude,84.01205444335938,63.645179748535156,0.40629085898399353,100.69107055664062,48.5619010925293,-51.23497772216797,-39.165828704833984,120.78662256563625,-0.5118423007228377,0.0,0.6281604285044634
2026-04-02 11:51:16,527,31,1,phase_1_3_peak_stabilize,500,-113.70242600303291,257,high_altitude,88.64976501464844,92.07733917236328,0.40629085898399353,100.44868469238281,48.5619010925293,-51.032630920410156,-47.31236267089844,120.76569486601933,-0.5115284815868519,0.0,0.6182639296359068
2026-04-02 11:51:20,528,32,1,phase_1_3_peak_stabilize,500,-108.22853555036488,253,high_altitude,82.85799407958984,76.6375503540039,0.40629085898399353,100.15460205078125,48.5619010925293,-50.53504943847656,-31.638078689575195,74.60808924758439,0.2654199999908546,0.0,0.8610361428493688
2026-04-02 11:51:24,528,33,1,phase_1_3_peak_stabilize,500,-126.43079143753619,252,high_altitude,85.64015197753906,73.14930725097656,0.40629085898399353,100.40447998046875,48.5619010925293,-51.00250244140625,-41.28352737426758,137.50907033322684,-0.7373842783511328,0.0,0.510196465154517
2026-04-02 11:51:28,528,34,1,phase_1_3_peak_stabilize,500,-112.78963065608656,243,high_altitude,86.41345977783203,58.697208404541016,0.40629085898399353,100.56546020507812,48.5619010925293,-51.16120910644531,-38.292362213134766,143.67513288948257,-0.8056712649628093,0.0,0.3800081487891259
2026-04-02 11:51:34,528,35,1,phase_1_3_peak_stabilize,500,-166.52562304141432,415,low_agl,86.11761474609375,147.28515625,0.40629085898399353,0.39348864555358887,48.5619010925293,49.02204895019531,-18.002851486206055,85.44599436593967,0.07939873121656667,0.0,1.485743454516095
2026-04-02 11:51:37,528,36,1,phase_1_3_peak_stabilize,500,201.15701061583178,143,success,83.12191772460938,13.978645324707031,0.40629085898399353,35.677982330322266,48.5619010925293,13.746978759765625,21.68212890625,29.51761530959932,0.8702042615722546,0.0,0.20437837051145727
2026-04-02 11:51:39,529,37,1,phase_1_3_peak_stabilize,500,205.41989451339754,139,success,85.42906951904297,13.764161109924316,0.40629085898399353,36.28607177734375,48.5619010925293,13.12313461303711,27.845712661743164,17.96951224398799,0.9512208132105614,0.0,0.1675630075569681
2026-04-02 11:51:41,529,38,1,phase_1_3_peak_stabilize,500,201.80209175142184,143,success,82.49407958984375,13.67673110961914,0.40629085898399353,36.749568939208984,48.5619010925293,12.658561706542969,19.967470169067383,28.270139314304437,0.8807243131858786,0.0,0.10200893535962381
2026-04-02 11:51:44,529,39,1,phase_1_3_peak_stabilize,500,204.90516397458725,138,success,84.49861907958984,13.956953048706055,0.40629085898399353,36.3292236328125,48.5619010925293,13.077869415283203,24.990602493286133,28.293032400855026,0.8805349997023045,0.0,0.1566553697175644
2026-04-02 11:51:47,529,40,1,phase_1_3_peak_stabilize,500,-118.57760788901686,256,high_altitude,82.91156768798828,62.026126861572266,0.40629085898399353,100.25853729248047,48.5619010925293,-50.72754669189453,-28.862947463989258,101.13188579489997,-0.19306803793181007,0.0,0.5931226307996373
2026-04-02 11:51:52,529,41,1,phase_1_3_peak_stabilize,500,-125.1632120868801,267,high_altitude,87.59536743164062,64.75775909423828,0.40629085898399353,100.23173522949219,48.5619010925293,-50.31871032714844,-27.918935775756836,84.59959049380252,0.09411542882789772,0.0,0.8894264081145714
2026-04-02 11:51:56,529,42,1,phase_1_3_peak_stabilize,500,-121.97199327264964,269,high_altitude,83.11312866210938,99.5360107421875,0.40629085898399353,100.23902130126953,48.5619010925293,-50.29222869873047,-41.20060729980469,85.13188762638913,0.08486239987001969,0.0,1.0352233343915525
2026-04-02 11:52:00,530,43,1,phase_1_3_peak_stabilize,500,-107.72734929281899,250,high_altitude,81.97720336914062,86.91817474365234,0.40629085898399353,100.47883605957031,48.5619010925293,-50.887542724609375,-42.32292938232422,102.52934932927374,-0.2169396857583754,0.0,0.6966701145076118
2026-04-02 11:52:03,530,44,1,phase_1_3_peak_stabilize,500,198.0670639624421,140,success,81.95394897460938,13.733637809753418,0.40629085898399353,36.13922119140625,48.5619010925293,13.308738708496094,27.02665138244629,33.53585999454743,0.8335402152184016,0.0,0.3474965368798206
2026-04-02 11:52:05,530,45,1,phase_1_3_peak_stabilize,500,206.4034780344662,138,success,82.18034362792969,13.720582008361816,0.40629085898399353,36.31636428833008,48.5619010925293,13.094078063964844,21.835195541381836,18.58760167519183,0.9478374079312353,0.0,0.20228728252879394
2026-04-02 11:52:07,530,46,1,phase_1_3_peak_stabilize,500,206.77072883583347,141,success,85.2786865234375,13.62224292755127,0.40629085898399353,36.036624908447266,48.5619010925293,13.3775634765625,22.002342224121094,26.0930096861737,0.8980812434118908,0.0,0.20904115159717349
2026-04-02 11:52:09,530,47,1,phase_1_3_peak_stabilize,500,208.6079528540052,140,success,82.82817840576172,13.717058181762695,0.40629085898399353,36.66956329345703,48.5619010925293,12.731651306152344,14.729496955871582,27.419640743759864,0.8876575784938237,0.0,0.08529487791560558
2026-04-02 11:52:13,530,48,1,phase_1_3_peak_stabilize,500,-124.51922203997985,258,high_altitude,86.14389038085938,63.388614654541016,0.40629085898399353,100.56990051269531,48.5619010925293,-51.067054748535156,-35.69577407836914,145.99538913167092,-0.828992568914661,0.0,0.34139499496152803
2026-04-02 11:52:17,531,49,1,phase_1_3_peak_stabilize,500,-113.91241500799416,245,high_altitude,82.95201110839844,78.0295639038086,0.40629085898399353,100.66595458984375,48.5619010925293,-51.22816467285156,-44.170753479003906,157.3628593069448,-0.9229609124142865,0.0,0.5671121669177159
2026-04-02 11:52:20,531,50,1,phase_1_3_peak_stabilize,500,209.85469097975542,142,success,88.67243957519531,13.429400444030762,0.40629085898399353,36.36942672729492,48.5619010925293,13.040115356445312,28.377357482910156,3.473163786112766,0.9981632828680876,0.0,0.18415365034733755
2026-04-02 11:52:22,531,51,1,phase_1_3_peak_stabilize,500,200.88912515109075,138,success,78.91674041748047,13.525007247924805,0.40629085898399353,36.08167266845703,48.5619010925293,13.332653045654297,23.82290267944336,16.121061564002023,0.9606771501450825,0.0,0.12594646991738018
2026-04-02 11:52:24,531,52,1,phase_1_3_peak_stabilize,500,205.36010753620627,138,success,81.41614532470703,13.944329261779785,0.40629085898399353,35.72785949707031,48.5619010925293,13.684223175048828,20.719778060913086,19.593864417305838,0.9420933695926345,0.0,0.19120878591790497
2026-04-02 11:52:28,531,53,1,phase_1_3_peak_stabilize,500,-125.33026861957728,252,high_altitude,82.59586334228516,63.98076248168945,0.40629085898399353,100.51251983642578,48.5619010925293,-51.054840087890625,-32.75333786010742,141.3780719697156,-0.7812816462815928,0.0,0.32870977513635896
2026-04-02 11:52:32,531,54,1,phase_1_3_peak_stabilize,500,-124.88597850620216,251,high_altitude,88.10828399658203,52.379364013671875,0.40629085898399353,100.00511932373047,48.5619010925293,-50.54154968261719,-31.87009620666504,130.22184588509185,-0.6457488629528569,0.0,0.5028672058416133
2026-04-02 11:52:34,531,55,1,phase_1_3_peak_stabilize,500,205.74290326847046,140,success,87.1909408569336,13.847990989685059,0.40629085898399353,36.26211929321289,48.5619010925293,13.156856536865234,24.984952926635742,36.70551514682398,0.8017181146442766,0.0,0.1981678696137397
2026-04-02 11:52:38,532,56,1,phase_1_3_peak_stabilize,500,-112.19553908746133,249,high_altitude,80.97110748291016,97.52385711669922,0.40629085898399353,100.13135528564453,48.5619010925293,-50.686431884765625,-51.18533706665039,135.39789984191094,-0.7120003083217943,0.0,0.45901336143110233
2026-04-02 11:52:42,532,57,1,phase_1_3_peak_stabilize,500,-106.16244549137674,247,high_altitude,79.9462890625,76.51931762695312,0.40629085898399353,100.5551528930664,48.5619010925293,-51.05995178222656,-37.4541130065918,98.1408298441355,-0.14160670202156625,0.0,0.5413007858746844
2026-04-02 11:52:47,532,58,1,phase_1_3_peak_stabilize,500,-128.50141962389102,259,high_altitude,85.13650512695312,54.91663360595703,0.40629085898399353,100.58782958984375,48.5619010925293,-51.171592712402344,-32.86661148071289,161.95760952388244,-0.9508276287522422,0.0,0.5429670121028162
2026-04-02 11:52:49,532,59,1,phase_1_3_peak_stabilize,500,202.07402726868057,138,success,84.3118896484375,13.869673728942871,0.40629085898399353,36.007205963134766,48.5619010925293,13.40283203125,28.98172950744629,28.85805126220787,0.8758181244287355,0.0,0.15401411673640317
2026-04-02 11:52:51,532,60,1,phase_1_3_peak_stabilize,500,209.94538865680408,141,success,88.07242584228516,13.63171672821045,0.40629085898399353,35.82822036743164,48.5619010925293,13.593925476074219,25.180356979370117,18.17496945686385,0.9501084091849687,0.0,0.20010073224631564
2026-04-02 11:52:53,532,61,1,phase_1_3_peak_stabilize,500,207.9373176816193,141,success,83.62208557128906,13.916923522949219,0.40629085898399353,35.81833267211914,48.5619010925293,13.588172912597656,19.10158920288086,5.343314617422097,0.9956545830930094,0.0,0.15908290197113803
2026-04-02 11:52:56,533,62,1,phase_1_3_peak_stabilize,500,207.07880965016935,139,success,84.78382873535156,13.899620056152344,0.40629085898399353,36.34209442138672,48.5619010925293,13.057159423828125,24.805490493774414,17.71672352771123,0.9525726993155232,0.0,0.026898439870521054
2026-04-02 11:53:00,533,63,1,phase_1_3_peak_stabilize,500,-119.85737392608524,254,high_altitude,81.938232421875,74.89591979980469,0.40629085898399353,100.46034240722656,48.5619010925293,-51.04084777832031,-35.32820129394531,113.47487773838093,-0.3983469307794798,0.0,0.4432510672968301
2026-04-02 11:53:04,533,64,1,phase_1_3_peak_stabilize,500,-117.16198668446347,263,high_altitude,86.0238037109375,52.27285385131836,0.40629085898399353,100.25829315185547,48.5619010925293,-50.48723602294922,-20.856775283813477,83.413213955728,0.11470804882296279,0.0,0.6757286066830688
2026-04-02 11:53:06,533,65,1,phase_1_3_peak_stabilize,500,202.82239184591887,141,success,84.60894775390625,13.635601997375488,0.40629085898399353,37.10463333129883,48.5619010925293,12.302764892578125,24.244518280029297,34.7668923094155,0.8214788521312071,0.0,0.1229403982083204
2026-04-02 11:53:08,533,66,1,phase_1_3_peak_stabilize,500,208.73228235608457,141,success,85.8755874633789,13.69315242767334,0.40629085898399353,37.13729476928711,48.5619010925293,12.263511657714844,19.44076156616211,32.96575093471563,0.8389959809513229,0.0,0.11464058824902851
2026-04-02 11:53:12,533,67,1,phase_1_3_peak_stabilize,500,-105.85463606372693,246,high_altitude,86.98001098632812,54.51519012451172,0.40629085898399353,100.41596221923828,48.5619010925293,-50.94090270996094,-32.64647674560547,122.94007192791454,-0.5437615363431479,0.0,0.39978887907430294
2026-04-02 11:53:15,534,68,1,phase_1_3_peak_stabilize,500,204.77572873236912,139,success,84.40193939208984,13.560073852539062,0.40629085898399353,36.60504913330078,48.5619010925293,12.802242279052734,26.455883026123047,24.259033884586284,0.9116972737794393,0.0,0.09381101916651224
2026-04-02 11:53:19,534,69,1,phase_1_3_peak_stabilize,500,-107.41958536238634,245,high_altitude,81.72427368164062,84.07624053955078,0.40629085898399353,100.52912139892578,48.5619010925293,-51.077049255371094,-46.801456451416016,151.3695322347987,-0.8777283007740476,0.0,0.4605761176309176
2026-04-02 11:53:23,534,70,1,phase_1_3_peak_stabilize,500,-114.74680532468213,260,high_altitude,81.67623138427734,61.325157165527344,0.40629085898399353,100.11649322509766,48.5619010925293,-50.38825225830078,-22.869577407836914,73.9905581843452,0.2757957591292453,0.0,0.7214103875564106
2026-04-02 11:53:27,534,71,1,phase_1_3_peak_stabilize,500,-120.67530644105018,252,high_altitude,88.82470703125,59.857791900634766,0.40629085898399353,100.04071044921875,48.5619010925293,-50.53961181640625,-34.43097686767578,140.17468826060772,-0.7680006653272068,0.0,0.43700456841712887
2026-04-02 11:53:29,534,72,1,phase_1_3_peak_stabilize,500,207.09283939619687,143,success,89.5490493774414,13.456809997558594,0.40629085898399353,36.740318298339844,48.5619010925293,12.659679412841797,29.651214599609375,23.904635859121832,0.914221171828587,0.0,0.10720919925443378
2026-04-02 11:53:33,535,73,1,phase_1_3_peak_stabilize,500,-107.61009629354763,255,high_altitude,88.05282592773438,67.50249481201172,0.40629085898399353,100.63397216796875,48.5619010925293,-51.12639617919922,-33.39313888549805,96.62289543318103,-0.115334093750902,0.0,0.5181396532592236
2026-04-02 11:53:36,535,74,1,phase_1_3_peak_stabilize,500,208.36371422417145,138,success,79.69649505615234,13.967767715454102,0.40629085898399353,37.85494613647461,48.5619010925293,11.547260284423828,10.245477676391602,27.653482515279006,0.8857707313866471,0.0,0.13018233200974744
2026-04-02 11:53:38,535,75,1,phase_1_3_peak_stabilize,500,205.86763572727654,150,success,89.67119598388672,9.344038963317871,0.40629085898399353,40.760982513427734,48.5619010925293,8.652565002441406,29.830429077148438,36.75285518796134,0.8012239957270205,0.0,0.10257738738328079
2026-04-02 11:53:42,535,76,1,phase_1_3_peak_stabilize,500,-117.13585771101576,246,high_altitude,86.11099243164062,59.091064453125,0.40629085898399353,100.02545928955078,48.5619010925293,-50.574806213378906,-33.01359939575195,119.74111184900406,-0.49608181619415576,0.0,0.34642969614842206
2026-04-02 11:53:46,535,77,1,phase_1_3_peak_stabilize,500,-110.59134845291258,254,high_altitude,88.33651733398438,61.483699798583984,0.40629085898399353,100.59770965576172,48.5619010925293,-51.18840026855469,-36.01652908325195,147.68838812124199,-0.8451535210687734,0.0,0.4273261441675698
2026-04-02 11:53:48,535,78,1,phase_1_3_peak_stabilize,500,204.03771383792184,143,success,87.5772933959961,13.85120964050293,0.40629085898399353,36.47795486450195,48.5619010925293,12.92440414428711,28.707700729370117,22.65999097723792,0.9228073385289485,0.0,0.031389420807712044
2026-04-02 11:53:53,536,79,1,phase_1_3_peak_stabilize,500,-114.27077472677476,249,high_altitude,87.40130615234375,57.14708709716797,0.40629085898399353,100.27729034423828,48.5619010925293,-50.70490264892578,-31.229570388793945,109.1948148270733,-0.32878118089829333,0.0,0.5191183148756545
2026-04-02 11:53:57,536,80,1,phase_1_3_peak_stabilize,500,-120.61915028084276,265,high_altitude,80.2353286743164,51.3814697265625,0.40629085898399353,100.02568817138672,48.5619010925293,-50.355567932128906,-22.137062072753906,99.11603059345157,-0.15843432624862758,0.0,0.6034447714074196
2026-04-02 11:53:59,536,81,1,phase_1_3_peak_stabilize,500,205.4001168821998,142,success,78.56847381591797,13.782388687133789,0.40629085898399353,37.883079528808594,48.5619010925293,11.52804183959961,12.201790809631348,18.903725028094822,0.9460642976594523,0.0,0.1752664933414685
2026-04-02 11:54:01,536,82,1,phase_1_3_peak_stabilize,500,209.18296628941889,139,success,87.72660827636719,13.940693855285645,0.40629085898399353,35.68342971801758,48.5619010925293,13.719593048095703,28.151216506958008,14.783343401845638,0.9668976090182692,0.0,0.12744528093759652
2026-04-02 11:54:05,536,83,1,phase_1_3_peak_stabilize,500,-113.1444427446112,243,high_altitude,90.17214965820312,63.746524810791016,0.40629085898399353,100.07543182373047,48.5619010925293,-50.5804443359375,-44.95090103149414,175.98922230567646,-0.9975509109822084,0.0,0.6259061812574646
2026-04-02 11:54:07,536,84,1,phase_1_3_peak_stabilize,500,205.91433032274168,140,success,88.93704223632812,13.499876976013184,0.40629085898399353,37.13084030151367,48.5619010925293,12.268402099609375,31.409175872802734,25.971456224609568,0.8990123237483247,0.0,0.027034957906392827
2026-04-02 11:54:10,536,85,1,phase_1_3_peak_stabilize,500,202.86524251728696,138,success,80.68354034423828,13.825532913208008,0.40629085898399353,37.019535064697266,48.5619010925293,12.388526916503906,18.999338150024414,35.79865727034304,0.8110775272810022,0.0,0.15657966625175587
2026-04-02 11:54:12,537,86,1,phase_1_3_peak_stabilize,500,204.26289758983177,141,success,87.64805603027344,13.819799423217773,0.40629085898399353,36.74037170410156,48.5619010925293,12.665424346923828,28.419103622436523,32.29692856590423,0.8452904768401535,0.0,0.1063978441711891
2026-04-02 11:54:15,537,87,1,phase_1_3_peak_stabilize,500,211.33330988688226,143,success,89.33914947509766,13.873404502868652,0.40629085898399353,35.57596969604492,48.5619010925293,13.836723327636719,23.265117645263672,15.150962965995943,0.9652405376383913,0.0,0.09270799781358197
2026-04-02 11:54:18,537,88,1,phase_1_3_peak_stabilize,500,-109.28346937873228,247,high_altitude,90.39508056640625,55.87156295776367,0.40629085898399353,100.61882781982422,48.5619010925293,-51.194091796875,-35.7135009765625,141.92347623531944,-0.7871877786970208,0.0,0.30330582093827396
2026-04-02 11:54:22,537,89,1,phase_1_3_peak_stabilize,500,-113.10899031237369,248,high_altitude,87.34170532226562,57.25141525268555,0.40629085898399353,100.55401611328125,48.5619010925293,-51.04423522949219,-32.93265151977539,116.52112844782827,-0.44652779963691347,0.0,0.5010550037331529
2026-04-02 11:54:25,537,90,1,phase_1_3_peak_stabilize,500,208.12356125998346,138,success,81.00077056884766,13.792350769042969,0.40629085898399353,36.167869567871094,48.5619010925293,13.247928619384766,17.126819610595703,24.301997482012958,0.9113889296055222,0.0,0.15074160425739375
2026-04-02 11:54:27,537,91,1,phase_1_3_peak_stabilize,500,200.61410029915024,143,success,85.91717529296875,12.926993370056152,0.40629085898399353,37.37405014038086,48.5619010925293,12.050235748291016,29.200510025024414,36.39372725649665,0.8049587600479914,0.0,0.19692290962110115
2026-04-02 11:54:31,537,92,1,phase_1_3_peak_stabilize,500,-128.9467517431424,262,high_altitude,83.97039794921875,70.767578125,0.40629085898399353,100.4501724243164,48.5619010925293,-50.782386779785156,-26.033206939697266,78.47335477059714,0.1998236238697296,0.0,0.6419818244621158
2026-04-02 11:54:34,538,93,1,phase_1_3_peak_stabilize,500,204.67904009888844,142,success,86.629638671875,13.931692123413086,0.40629085898399353,37.087310791015625,48.5619010925293,12.31533432006836,23.63585662841797,31.964448617486347,0.8483767417874201,0.0,0.07700110695562967
2026-04-02 11:54:38,538,94,1,phase_1_3_peak_stabilize,500,-106.50848199246667,248,high_altitude,89.77875518798828,77.40497589111328,0.40629085898399353,100.6699447631836,48.5619010925293,-51.23240661621094,-41.61555099487305,106.37209571859296,-0.28187421676374774,0.0,0.5349719073542962
2026-04-02 11:54:42,538,95,1,phase_1_3_peak_stabilize,500,-115.83158397601989,245,high_altitude,90.18598937988281,64.56752014160156,0.40629085898399353,100.66043090820312,48.5619010925293,-51.16887664794922,-38.44821548461914,127.60701724437921,-0.6102421942216737,0.0,0.44172589349475644
2026-04-02 11:54:44,538,96,1,phase_1_3_peak_stabilize,500,209.2619799348361,137,success,85.62770080566406,13.784343719482422,0.40629085898399353,35.77348327636719,48.5619010925293,13.649234771728516,27.241506576538086,12.041037818011151,0.9779984341305362,0.0,0.21652778541133222
2026-04-02 11:54:46,538,97,1,phase_1_3_peak_stabilize,500,208.71378282657537,138,success,80.60008239746094,13.990011215209961,0.40629085898399353,36.6818733215332,48.5619010925293,12.736804962158203,12.829789161682129,18.751585979427375,0.9469212315070011,0.0,0.30519196918040326
2026-04-02 11:54:48,538,98,1,phase_1_3_peak_stabilize,500,199.5396760432558,144,success,82.5736312866211,13.733368873596191,0.40629085898399353,36.61631774902344,48.5619010925293,12.809246063232422,23.191652297973633,32.545250338463795,0.8429668411202765,0.0,0.17202582944842854
2026-04-02 11:54:53,539,99,1,phase_1_3_peak_stabilize,500,-109.9383491614632,246,high_altitude,81.69070434570312,93.42686462402344,0.40629085898399353,100.43672180175781,48.5619010925293,-51.03246307373047,-49.04140853881836,129.10557440865833,-0.6307513073864154,0.0,0.29597986023441547
2026-04-02 11:54:57,539,100,1,phase_1_3_peak_stabilize,500,-127.79458635110112,263,high_altitude,89.7863998413086,78.81168365478516,0.40629085898399353,100.05257415771484,48.5619010925293,-50.32806396484375,-39.784183502197266,117.3722519806819,-0.4597697669041035,0.0,0.5938673390657403
2026-04-02 11:54:59,539,101,1,phase_1_3_peak_stabilize,500,204.50632190801974,136,success,83.90985870361328,13.638487815856934,0.40629085898399353,36.63801193237305,48.5619010925293,12.761554718017578,27.588525772094727,24.737582551046767,0.9082338866827555,0.0,0.13176134114995147
2026-04-02 11:55:03,539,102,1,phase_1_3_peak_stabilize,500,-130.64789929602372,262,high_altitude,88.69673919677734,60.09306716918945,0.40629085898399353,100.33787536621094,48.5619010925293,-50.77569580078125,-32.41492462158203,137.64545555057367,-0.7389900653158219,0.0,0.17768480738231884
2026-04-02 11:55:07,539,103,1,phase_1_3_peak_stabilize,500,-107.8686860186269,248,high_altitude,88.02066802978516,59.41222381591797,0.40629085898399353,100.62006378173828,48.5619010925293,-51.20063018798828,-36.15157699584961,132.6160867363698,-0.6770826144151941,0.0,0.40263810218205937
2026-04-02 11:55:09,539,104,1,phase_1_3_peak_stabilize,500,207.50486847308392,137,success,81.76556396484375,13.985481262207031,0.40629085898399353,36.024620056152344,48.5619010925293,13.377613067626953,18.231172561645508,23.468512912690887,0.9172790697787605,0.0,0.10634758366255724
2026-04-02 11:55:14,540,105,1,phase_1_3_peak_stabilize,500,-118.93020067692927,255,high_altitude,85.98831176757812,77.47850799560547,0.40629085898399353,100.51820373535156,48.5619010925293,-50.83815002441406,-38.74813461303711,114.9364562584936,-0.42161286364643863,0.0,0.5461909318049426
2026-04-02 11:55:18,540,106,1,phase_1_3_peak_stabilize,500,-108.82545812077977,246,high_altitude,85.26930236816406,62.07463455200195,0.40629085898399353,100.00599670410156,48.5619010925293,-50.42919921875,-30.72264862060547,95.5189729387669,-0.09617536300550808,0.0,0.5391698127555299
2026-04-02 11:55:20,540,107,1,phase_1_3_peak_stabilize,500,200.87060519963597,143,success,79.49979400634766,13.764043807983398,0.40629085898399353,36.13731384277344,48.5619010925293,13.321163177490234,17.41532325744629,28.512397586428325,0.878713845096356,0.0,0.30236413959172515
2026-04-02 11:55:23,540,108,1,phase_1_3_peak_stabilize,500,201.6328917995129,168,success,85.52896118164062,2.4197447299957275,0.40629085898399353,47.577735900878906,48.5619010925293,1.8972053527832031,23.53008270263672,35.08826978533753,0.8182674216021948,0.0,0.31952091119748766
2026-04-02 11:55:28,540,109,1,phase_1_3_peak_stabilize,500,-129.8755032817359,265,high_altitude,82.34648895263672,113.08814239501953,0.40629085898399353,100.37643432617188,48.5619010925293,-50.686607360839844,-54.470027923583984,151.50823971646332,-0.8788857238621788,0.0,0.4858236403101196
2026-04-02 11:55:33,541,110,1,phase_1_3_peak_stabilize,500,-143.70031258919292,291,high_altitude,89.908203125,164.4371337890625,0.40629085898399353,100.25179290771484,48.5619010925293,-50.47265625,-71.59046936035156,152.90340147708682,-0.8902398473652958,0.0,0.5473672472546016
2026-04-02 11:55:35,541,111,1,phase_1_3_peak_stabilize,500,208.08788282017156,142,success,87.14444732666016,13.800064086914062,0.40629085898399353,36.60564422607422,48.5619010925293,12.798770904541016,21.763242721557617,29.766087346320628,0.8680594540071487,0.0,0.13885443690734428
2026-04-02 11:55:37,541,112,1,phase_1_3_peak_stabilize,500,209.97839810717227,145,success,90.28103637695312,13.491491317749023,0.40629085898399353,36.37859344482422,48.5619010925293,13.03525161743164,26.579198837280273,4.517960107646457,0.9968926907309505,0.0,0.2020918609480679
2026-04-02 11:55:40,541,113,1,phase_1_3_peak_stabilize,500,207.319612768544,142,success,82.77591705322266,13.868154525756836,0.40629085898399353,37.13179016113281,48.5619010925293,12.26824951171875,14.032100677490234,29.833583275698697,0.8674740086328435,0.0,0.015053765570723665
2026-04-02 11:55:42,541,114,1,phase_1_3_peak_stabilize,500,206.16834007506213,143,success,81.4298324584961,13.714103698730469,0.40629085898399353,36.7061653137207,48.5619010925293,12.70346450805664,14.36376667022705,27.563341093707763,0.8864998232468809,0.0,0.17543409148609462
2026-04-02 11:55:44,541,115,1,phase_1_3_peak_stabilize,500,202.38759520267553,137,success,82.5576171875,13.743341445922852,0.40629085898399353,35.89635467529297,48.5619010925293,13.524150848388672,26.340240478515625,25.72237800859942,0.9009075784007056,0.0,0.24469910422699034
2026-04-02 11:55:48,541,116,1,phase_1_3_peak_stabilize,500,-113.80193384527607,246,high_altitude,79.16371154785156,86.29954528808594,0.40629085898399353,100.19198608398438,48.5619010925293,-50.78984069824219,-43.9645881652832,131.4225521600451,-0.6616070648907587,0.0,0.2519095186647288
2026-04-02 11:55:52,542,117,1,phase_1_3_peak_stabilize,500,-113.57700363754401,247,high_altitude,81.748291015625,94.2686538696289,0.40629085898399353,100.16233825683594,48.5619010925293,-50.658226013183594,-51.69190216064453,143.40311377559766,-0.8028498762257947,0.0,0.2283008837572801
2026-04-02 11:55:57,542,118,1,phase_1_3_peak_stabilize,500,-113.6865144404152,249,high_altitude,79.42101287841797,93.58406829833984,0.40629085898399353,100.6365966796875,48.5619010925293,-51.22911834716797,-47.62660217285156,125.75370005460961,-0.5843020743536672,0.0,0.3231273866313922
2026-04-02 11:55:59,542,119,1,phase_1_3_peak_stabilize,500,204.74264066915657,142,success,87.23302459716797,13.468302726745605,0.40629085898399353,36.25129318237305,48.5619010925293,13.155296325683594,28.84783172607422,18.788149689601745,0.9467158930932574,0.0,0.05059352753668357
2026-04-02 11:56:03,542,120,1,phase_1_3_peak_stabilize,500,-121.35516588997115,253,high_altitude,82.38044738769531,88.3062973022461,0.40629085898399353,100.50189971923828,48.5619010925293,-51.049224853515625,-46.404624938964844,151.71498954263961,-0.8806013528508272,0.0,0.31795214411034795
2026-04-02 11:56:05,542,121,1,phase_1_3_peak_stabilize,500,205.7680273631921,145,success,83.28217315673828,13.939108848571777,0.40629085898399353,36.840641021728516,48.5619010925293,12.563850402832031,14.494236946105957,27.442243547270728,0.8874758436277125,0.0,0.07671159151881195
2026-04-02 11:56:10,542,122,1,phase_1_3_peak_stabilize,500,-130.01934683085724,295,high_altitude,84.18614196777344,61.897945404052734,0.40629085898399353,100.08468627929688,48.5619010925293,-50.27320098876953,-23.61690330505371,112.19884130707163,-0.37782206285424,0.0,0.4993047021904061
2026-04-02 11:56:13,543,123,1,phase_1_3_peak_stabilize,500,202.29520309215263,145,success,88.15666198730469,13.838282585144043,0.40629085898399353,36.386714935302734,48.5619010925293,13.018203735351562,28.882732391357422,25.14610982568357,0.9052271235632978,0.0,0.04091553694001896
2026-04-02 11:56:15,543,124,1,phase_1_3_peak_stabilize,500,206.9718751480147,140,success,80.75009155273438,13.744307518005371,0.40629085898399353,36.5300178527832,48.5619010925293,12.883121490478516,15.677318572998047,17.55763817665788,0.9534139654198222,0.0,0.29476070330740156
2026-04-02 11:56:17,543,125,1,phase_1_3_peak_stabilize,500,203.9232275113441,142,success,83.2286148071289,13.886340141296387,0.40629085898399353,35.791786193847656,48.5619010925293,13.628219604492188,20.52971839904785,25.524987249133346,0.9023974484289653,0.0,0.29049879429318315
2026-04-02 11:56:21,543,126,1,phase_1_3_peak_stabilize,500,-110.47656441494914,255,high_altitude,88.88670349121094,60.20066833496094,0.40629085898399353,100.13380432128906,48.5619010925293,-50.711517333984375,-35.374813079833984,130.14861259681098,-0.6447723953067286,0.0,0.33353023891005795
2026-04-02 11:56:23,543,127,1,phase_1_3_peak_stabilize,500,206.34712333141385,141,success,85.94377136230469,13.837538719177246,0.40629085898399353,35.656497955322266,48.5619010925293,13.747566223144531,24.95233154296875,13.901408885646083,0.9707105741508295,0.0,0.034937954414254124
2026-04-02 11:56:27,543,128,1,phase_1_3_peak_stabilize,500,-119.53623828069787,249,high_altitude,80.9206771850586,102.14280700683594,0.40629085898399353,100.53324890136719,48.5619010925293,-51.02405548095703,-54.27627944946289,162.6488929697794,-0.954495165506521,0.0,0.36592470570391
2026-04-02 11:56:32,544,129,1,phase_1_3_peak_stabilize,500,-133.46957916369809,266,high_altitude,80.13188171386719,85.0063247680664,0.40629085898399353,100.30951690673828,48.5619010925293,-50.722564697265625,-41.641334533691406,149.71715921041087,-0.8635466101985672,0.0,0.4235487071758211
2026-04-02 11:56:36,544,130,1,phase_1_3_peak_stabilize,500,-118.99852636701178,262,high_altitude,81.36412048339844,74.29782104492188,0.40629085898399353,100.30317687988281,48.5619010925293,-50.686668395996094,-35.4017333984375,111.14996330717862,-0.3608102292157027,0.0,0.39383271050855573
2026-04-02 11:56:39,544,131,1,phase_1_3_peak_stabilize,500,210.48364468771064,142,success,90.02110290527344,13.858028411865234,0.40629085898399353,36.7245979309082,48.5619010925293,12.678264617919922,23.910383224487305,29.803287971635104,0.8677369326267959,0.0,0.11704071670119351
2026-04-02 11:56:43,544,132,1,phase_1_3_peak_stabilize,500,-128.01505163114612,265,high_altitude,89.71269989013672,50.54690170288086,0.40629085898399353,100.0512924194336,48.5619010925293,-50.34099578857422,-24.633874893188477,104.0438481550757,-0.24266438683770145,0.0,0.4960880982884999
2026-04-02 11:56:45,544,133,1,phase_1_3_peak_stabilize,500,205.8077889125032,141,success,85.82991027832031,13.840856552124023,0.40629085898399353,35.85004806518555,48.5619010925293,13.558002471923828,25.8598690032959,16.836059426697297,0.957137404137081,0.0,0.15824451664160266
2026-04-02 11:56:50,545,134,1,phase_1_3_peak_stabilize,500,-169.18197401598502,302,high_altitude,83.23426055908203,102.24189758300781,0.40629085898399353,100.13066101074219,48.5619010925293,-50.341400146484375,-45.719181060791016,150.4635349621532,-0.870042124117674,0.0,0.45958953203496594
2026-04-02 11:56:52,545,135,1,phase_1_3_peak_stabilize,500,209.84584103513555,139,success,87.26081848144531,13.520649909973145,0.40629085898399353,35.99617385864258,48.5619010925293,13.431427001953125,26.033910751342773,24.536003178072182,0.9097005087917717,0.0,0.19012240679549924
2026-04-02 11:56:56,545,136,1,phase_1_3_peak_stabilize,500,-107.70805878413579,246,high_altitude,80.8134765625,86.53335571289062,0.40629085898399353,100.41161346435547,48.5619010925293,-50.90556335449219,-42.816280364990234,106.55575267518543,-0.28494820665608717,0.0,0.37922129643831926
2026-04-02 11:56:58,545,137,1,phase_1_3_peak_stabilize,500,205.27450452548572,140,success,87.07455444335938,13.546327590942383,0.40629085898399353,36.886070251464844,48.5619010925293,12.533187866210938,28.60780143737793,25.937324061779723,0.8992730432938058,0.0,0.23047806755679878
2026-04-02 11:57:03,545,138,1,phase_1_3_peak_stabilize,500,-120.98950438776406,255,high_altitude,84.22280883789062,51.37385559082031,0.40629085898399353,100.27286529541016,48.5619010925293,-50.663238525390625,-28.63242530822754,118.44388134070022,-0.47629776937418716,0.0,0.34454899483190543
2026-04-02 11:57:06,545,139,1,phase_1_3_peak_stabilize,500,-111.09191199042219,246,high_altitude,87.9660873413086,91.20773315429688,0.40629085898399353,100.47493743896484,48.5619010925293,-50.97496795654297,-53.614349365234375,164.09219390367315,-0.9617039758489406,0.0,0.43342747338476434
2026-04-02 11:57:09,546,140,1,phase_1_3_peak_stabilize,500,206.79273087102905,139,success,82.54947662353516,13.980263710021973,0.40629085898399353,36.49324417114258,48.5619010925293,12.906730651855469,20.164133071899414,22.52341792968893,0.9237230449839695,0.0,0.09134924635107226
2026-04-02 11:57:11,546,141,1,phase_1_3_peak_stabilize,500,206.52845437124975,143,success,88.795654296875,13.96314811706543,0.40629085898399353,36.595279693603516,48.5619010925293,12.814590454101562,24.206289291381836,35.63402922077823,0.8127548820530893,0.0,0.2169188643928218
2026-04-02 11:57:16,546,142,1,phase_1_3_peak_stabilize,500,-146.57554617435292,279,high_altitude,87.9619369506836,56.463436126708984,0.40629085898399353,100.26596069335938,48.5619010925293,-50.40026092529297,-20.459699630737305,90.64295553180814,-0.01122145545768509,0.0,0.5756880155079792
2026-04-02 11:57:18,546,143,1,phase_1_3_peak_stabilize,500,205.7688920521173,138,success,80.6905746459961,13.938464164733887,0.40629085898399353,35.74451446533203,48.5619010925293,13.66366958618164,21.29188346862793,7.886401939300707,0.9905420551843832,0.0,0.12052330794230165
2026-04-02 11:57:22,546,144,1,phase_1_3_peak_stabilize,500,-121.84627936869512,258,high_altitude,89.68836975097656,85.53453063964844,0.40629085898399353,100.11825561523438,48.5619010925293,-50.629249572753906,-45.28502655029297,143.4967146879835,-0.8038227524476612,0.0,0.22035219133707173
2026-04-02 11:57:26,546,145,1,phase_1_3_peak_stabilize,500,-127.37390272142525,263,high_altitude,87.62151336669922,52.288448333740234,0.40629085898399353,100.38701629638672,48.5619010925293,-50.823028564453125,-27.488384246826172,117.04649293840731,-0.45471336176226673,0.0,0.3669737278109091
2026-04-02 11:57:31,547,146,1,phase_1_3_peak_stabilize,500,-104.48402959157505,246,high_altitude,87.41328430175781,56.028099060058594,0.40629085898399353,100.0400161743164,48.5619010925293,-50.53179931640625,-32.85176086425781,110.80131630099532,-0.35512843879975514,0.0,0.4217763378092919
2026-04-02 11:57:35,547,147,1,phase_1_3_peak_stabilize,500,-117.76141191763932,260,high_altitude,83.30127716064453,107.75163269042969,0.40629085898399353,100.10730743408203,48.5619010925293,-50.603675842285156,-56.008811950683594,159.4844936480692,-0.9365773759079132,0.0,0.24441866627585113
2026-04-02 11:57:40,547,148,1,phase_1_3_peak_stabilize,500,-160.25128545187732,293,high_altitude,89.81106567382812,83.99727630615234,0.40629085898399353,100.02997589111328,48.5619010925293,-50.10455322265625,-38.275882720947266,121.1032564751797,-0.5165819950114944,0.0,0.4832754104147004
2026-04-02 11:57:44,547,149,1,phase_1_3_peak_stabilize,500,-130.96708781406738,254,high_altitude,79.42000579833984,99.49040985107422,0.40629085898399353,100.55725860595703,48.5619010925293,-51.08772277832031,-50.64778137207031,153.16692383564424,-0.8923253835533286,0.0,0.3963198847958651
2026-04-02 11:57:48,547,150,1,phase_1_3_peak_stabilize,500,-108.36804323725977,246,high_altitude,84.90737915039062,100.62720489501953,0.40629085898399353,100.03856658935547,48.5619010925293,-50.585716247558594,-56.59926223754883,149.2128043817188,-0.8590743061129824,0.0,0.19337169386000405
2026-04-02 11:57:50,548,151,1,phase_1_3_peak_stabilize,500,204.76303490299617,140,success,79.42291259765625,13.639456748962402,0.40629085898399353,36.574703216552734,48.5619010925293,12.846763610839844,18.019775390625,6.258837015752015,0.9940395353141399,0.0,0.24017535405825094
2026-04-02 11:57:54,548,152,1,phase_1_3_peak_stabilize,500,-108.09948535280331,245,high_altitude,85.13621520996094,53.63247299194336,0.40629085898399353,100.16210174560547,48.5619010925293,-50.646507263183594,-31.701852798461914,117.11980818895823,-0.4558526426975979,0.0,0.36228762303158885
2026-04-02 11:57:56,548,153,1,phase_1_3_peak_stabilize,500,209.58949161325776,139,success,80.25240325927734,13.87853717803955,0.40629085898399353,37.346920013427734,48.5619010925293,12.052867889404297,9.547539710998535,31.297996324316937,0.854476997576972,0.0,0.03374636067619156
2026-04-02 11:57:58,548,154,1,phase_1_3_peak_stabilize,500,208.65438933664169,139,success,80.97112274169922,13.915926933288574,0.40629085898399353,36.75165557861328,48.5619010925293,12.657238006591797,15.22620677947998,19.071696455258362,0.9451104392397087,0.0,0.2152726569263614
2026-04-02 11:58:02,548,155,1,phase_1_3_peak_stabilize,500,-115.81431704737321,251,high_altitude,79.73037719726562,103.8121109008789,0.40629085898399353,100.37545013427734,48.5619010925293,-50.922401428222656,-52.367774963378906,136.64966861109917,-0.7271700208624393,0.0,0.13775220506519312
2026-04-02 11:58:07,548,156,1,phase_1_3_peak_stabilize,500,-132.65590425814082,264,high_altitude,89.98210906982422,98.31555938720703,0.40629085898399353,100.0097427368164,48.5619010925293,-50.26051330566406,-50.1136589050293,140.98397005460586,-0.7769698627264247,0.0,0.4000715638796921
2026-04-02 11:58:11,549,157,1,phase_1_3_peak_stabilize,500,-125.53495527382995,264,high_altitude,82.73406219482422,95.52925872802734,0.40629085898399353,100.4373779296875,48.5619010925293,-50.70240020751953,-45.03607940673828,116.39075379695106,-0.4444906263999263,0.0,0.5930351777752865
2026-04-02 11:58:13,549,158,1,phase_1_3_peak_stabilize,500,210.14026359586433,139,success,87.15333557128906,13.770346641540527,0.40629085898399353,36.264373779296875,48.5619010925293,13.141010284423828,23.619848251342773,19.74582929614945,0.9412006105703541,0.0,0.14140836566641665
2026-04-02 11:58:18,549,159,1,phase_1_3_peak_stabilize,500,-138.3018337275333,262,high_altitude,86.0582504272461,57.51865768432617,0.40629085898399353,100.2574691772461,48.5619010925293,-50.643775939941406,-32.56730651855469,142.29674607346064,-0.79118880201193,0.0,0.40232684426674353
2026-04-02 11:58:20,549,160,1,phase_1_3_peak_stabilize,500,201.42550660361644,141,success,83.31269836425781,13.669500350952148,0.40629085898399353,35.89747619628906,48.5619010925293,13.548690795898438,23.71706771850586,34.76250391287377,0.8215225254477257,0.0,0.46611517668301067
2026-04-02 11:58:24,549,161,1,phase_1_3_peak_stabilize,500,-108.84925188082161,247,high_altitude,78.83381652832031,78.7172622680664,0.40629085898399353,100.53933715820312,48.5619010925293,-51.06123352050781,-40.14580154418945,115.03899105831384,-0.42323492653539346,0.0,0.23230634698928368
2026-04-02 11:58:32,550,162,1,phase_1_3_peak_stabilize,500,-244.97334597695522,500,timeout,90.27572631835938,248.45860290527344,0.40629085898399353,25.34807777404785,48.5619010925293,24.317058563232422,-39.81414031982422,28.363496047427464,0.8799514212346569,0.0,1.149022287903104
2026-04-02 11:58:36,550,163,1,phase_1_3_peak_stabilize,500,-137.43240947009926,265,high_altitude,85.2369613647461,55.08406448364258,0.40629085898399353,100.1666488647461,48.5619010925293,-50.644813537597656,-26.528945922851562,119.16215769419709,-0.48728301145532454,0.0,0.48769899525044774
2026-04-02 11:58:41,550,164,1,phase_1_3_peak_stabilize,500,-125.12156703555067,264,high_altitude,85.0004653930664,57.592857360839844,0.40629085898399353,100.45729064941406,48.5619010925293,-50.83607482910156,-27.189912796020508,110.03431337795956,-0.34258284641153824,0.0,0.39535901139933577
2026-04-02 11:58:45,550,165,1,phase_1_3_peak_stabilize,500,-115.99805035726365,262,high_altitude,86.26191711425781,50.841487884521484,0.40629085898399353,100.08395385742188,48.5619010925293,-50.394989013671875,-23.361324310302734,101.17914387376729,-0.19387726276485953,0.0,0.4623316488129324
2026-04-02 11:58:50,551,166,1,phase_1_3_peak_stabilize,500,-136.95102516875514,265,high_altitude,87.98884582519531,84.65235137939453,0.40629085898399353,100.34357452392578,48.5619010925293,-50.83826446533203,-44.9285774230957,138.7126862687665,-0.7514102507815074,0.0,0.20336641632221922
2026-04-02 11:58:52,551,167,1,phase_1_3_peak_stabilize,500,201.38854314424864,153,success,82.80968475341797,6.535697937011719,0.40629085898399353,43.226593017578125,48.5619010925293,6.2364501953125,27.139822006225586,36.239686000145355,0.8065510347759907,0.0,0.294957914643195
2026-04-02 11:58:54,551,168,1,phase_1_3_peak_stabilize,500,201.1423156713809,141,success,82.25934600830078,13.942378044128418,0.40629085898399353,37.32417297363281,48.5619010925293,12.090187072753906,21.931739807128906,31.573403212030193,0.8519700774222408,0.0,0.11770185251917507
2026-04-02 11:58:57,551,169,1,phase_1_3_peak_stabilize,500,203.376155849475,137,success,82.71533203125,13.88635540008545,0.40629085898399353,35.76297378540039,48.5619010925293,13.652427673339844,26.65904426574707,20.41184616475927,0.9372099005923753,0.0,0.20783291320223682
2026-04-02 11:59:01,551,170,1,phase_1_3_peak_stabilize,500,-135.14149562899445,278,high_altitude,85.16813659667969,64.56395721435547,0.40629085898399353,100.19050598144531,48.5619010925293,-50.3160400390625,-23.049713134765625,81.62746099722816,0.1456088685923369,0.0,0.777926078163891
2026-04-02 11:59:05,551,171,1,phase_1_3_peak_stabilize,500,-125.80167264638379,260,high_altitude,85.79689025878906,125.2491455078125,0.40629085898399353,100.1277084350586,48.5619010925293,-50.670654296875,-60.63581085205078,144.88045637231474,-0.8179535351673707,0.0,0.25217884523355905
2026-04-02 11:59:09,552,172,1,phase_1_3_peak_stabilize,500,-115.3365344171284,242,high_altitude,90.06822204589844,62.913543701171875,0.40629085898399353,100.28360748291016,48.5619010925293,-50.881919860839844,-42.28485107421875,144.9328712440054,-0.8184794698515642,0.0,0.3541786124568848
2026-04-02 11:59:12,552,173,1,phase_1_3_peak_stabilize,500,212.26192833313897,145,success,88.11894989013672,13.846088409423828,0.40629085898399353,36.324066162109375,48.5619010925293,13.093620300292969,14.73976993560791,36.853887346164164,0.8001676282310088,0.0,0.13075399629942794
2026-04-02 11:59:16,552,174,1,phase_1_3_peak_stabilize,500,-129.85325403576124,256,high_altitude,88.75603485107422,60.78889083862305,0.40629085898399353,100.27529907226562,48.5619010925293,-50.65739440917969,-34.723724365234375,135.88463278254437,-0.7179396221797593,0.0,0.39738084566682524
2026-04-02 11:59:20,552,175,1,phase_1_3_peak_stabilize,500,-125.02610731856664,260,high_altitude,88.57788848876953,92.9560546875,0.40629085898399353,100.36328125,48.5619010925293,-50.75054931640625,-51.02384567260742,167.764745639254,-0.9772856801352625,0.0,0.46764734884482323
2026-04-02 11:59:22,552,176,1,phase_1_3_peak_stabilize,500,205.90093215474175,143,success,85.66295623779297,13.632814407348633,0.40629085898399353,37.01382827758789,48.5619010925293,12.395523071289062,19.577165603637695,34.63534628109564,0.8227859040158861,0.0,0.1850290618294657
2026-04-02 11:59:27,553,177,1,phase_1_3_peak_stabilize,500,-108.65081881060996,249,high_altitude,79.6797103881836,80.9776382446289,0.40629085898399353,100.11141967773438,48.5619010925293,-50.66754150390625,-38.79023361206055,106.81787484496301,-0.28933044252662377,0.0,0.420289364820883
2026-04-02 11:59:31,553,178,1,phase_1_3_peak_stabilize,500,-111.19031175232669,243,high_altitude,80.1534194946289,86.0060806274414,0.40629085898399353,100.45729064941406,48.5619010925293,-51.00312805175781,-45.50816345214844,121.96343683887277,-0.5293779765578541,0.0,0.36730441019919247
2026-04-02 11:59:33,553,179,1,phase_1_3_peak_stabilize,500,206.42443158823022,139,success,82.84347534179688,13.683893203735352,0.40629085898399353,35.98482131958008,48.5619010925293,13.42184066772461,22.719478607177734,10.448997562109342,0.9834167368446236,0.0,0.24339065809050012
2026-04-02 11:59:37,553,180,1,phase_1_3_peak_stabilize,500,-114.86348175572364,250,high_altitude,79.50987243652344,100.40387725830078,0.40629085898399353,100.57119750976562,48.5619010925293,-51.133750915527344,-52.01816177368164,136.6256536659774,-0.7268822353373328,0.0,0.4099364342119653
2026-04-02 11:59:42,553,181,1,phase_1_3_peak_stabilize,500,-117.29979360231215,253,high_altitude,82.11488342285156,88.80610656738281,0.40629085898399353,100.37162017822266,48.5619010925293,-50.86060333251953,-43.989505767822266,116.27356141117198,-0.44265746858878136,0.0,0.434376420434992
2026-04-02 11:59:46,553,182,1,phase_1_3_peak_stabilize,500,-144.02535341806754,271,high_altitude,86.57212829589844,74.01068115234375,0.40629085898399353,100.13241577148438,48.5619010925293,-50.401405334472656,-34.470619201660156,137.15866796842687,-0.7332395382393213,0.0,0.46414740538728466
2026-04-02 11:59:49,554,183,1,phase_1_3_peak_stabilize,500,207.44784401254066,143,success,88.0735092163086,13.498729705810547,0.40629085898399353,36.63533401489258,48.5619010925293,12.775100708007812,27.97540855407715,13.937666091081448,0.9705583465638269,0.0,0.11167696770738227
2026-04-02 11:59:53,554,184,1,phase_1_3_peak_stabilize,500,-121.31180130240338,261,high_altitude,81.37383270263672,116.83900451660156,0.40629085898399353,100.46344757080078,48.5619010925293,-51.03612518310547,-54.852203369140625,136.37106519485434,-0.7238235059852657,0.0,0.21729981334230897
2026-04-02 11:59:55,554,185,1,phase_1_3_peak_stabilize,500,202.19570036991163,145,success,84.0633544921875,13.911616325378418,0.40629085898399353,36.182777404785156,48.5619010925293,13.233673095703125,22.421451568603516,18.347126082441314,0.9491668960608926,0.0,0.22512984376312975
2026-04-02 12:00:00,554,186,1,phase_1_3_peak_stabilize,500,-172.68775600532516,289,high_altitude,87.56006622314453,94.19031524658203,0.40629085898399353,100.07613372802734,48.5619010925293,-50.47412109375,-42.751670837402344,176.165850997613,-0.9977617909945076,0.0,0.44506137368456683
2026-04-02 12:00:04,554,187,1,phase_1_3_peak_stabilize,500,-111.7043346805587,250,high_altitude,81.55220794677734,97.69208526611328,0.40629085898399353,100.22306823730469,48.5619010925293,-50.82189178466797,-50.1897087097168,126.81778888578422,-0.5992721764141831,0.0,0.3544813076862992
2026-04-02 12:00:09,555,188,1,phase_1_3_peak_stabilize,500,-122.69199933894112,271,high_altitude,82.80178833007812,67.52477264404297,0.40629085898399353,100.45647430419922,48.5619010925293,-50.82447814941406,-24.667869567871094,85.66790038188422,0.07553738204282037,0.0,0.6015969643295612
2026-04-02 12:00:11,555,189,1,phase_1_3_peak_stabilize,500,213.74424020223807,138,success,89.12299346923828,13.697519302368164,0.40629085898399353,35.77777862548828,48.5619010925293,13.676345825195312,24.37504768371582,27.175563933769457,0.8896112400047915,0.0,0.34931332704749884
2026-04-02 12:00:14,555,190,1,phase_1_3_peak_stabilize,500,213.29371491043003,137,success,87.60721588134766,13.579813003540039,0.40629085898399353,35.86299514770508,48.5619010925293,13.565345764160156,23.601547241210938,21.76630170547677,0.9287040848575132,0.0,0.23846966798276592
2026-04-02 12:00:16,555,191,1,phase_1_3_peak_stabilize,500,201.58978877728308,141,success,83.32401275634766,13.583356857299805,0.40629085898399353,36.27768325805664,48.5619010925293,13.134380340576172,26.519622802734375,24.95782200083383,0.9066186497424743,0.0,0.18859018928380086
2026-04-02 12:00:24,555,192,1,phase_1_3_peak_stabilize,500,-255.89588111918144,500,timeout,82.10346221923828,512.816162109375,0.40629085898399353,11.562378883361816,48.5619010925293,38.23413848876953,-79.1609878540039,15.683437683500966,0.9627699278511203,0.0,0.829833885858216
2026-04-02 12:00:29,556,193,1,phase_1_3_peak_stabilize,500,-109.92379758967994,262,high_altitude,84.08549499511719,55.10903549194336,0.40629085898399353,100.04398345947266,48.5619010925293,-50.519073486328125,-25.72022819519043,111.59891847151273,-0.3681070019414568,0.0,0.20047604905210212
2026-04-02 12:00:33,556,194,1,phase_1_3_peak_stabilize,500,-116.08616067407098,270,high_altitude,86.54974365234375,97.95568084716797,0.40629085898399353,100.52464294433594,48.5619010925293,-51.087745666503906,-44.756954193115234,118.38027861914905,-0.47532140319815425,0.0,0.13506974243894992
2026-04-02 12:00:36,556,195,1,phase_1_3_peak_stabilize,500,204.1733326258531,143,success,88.95093536376953,13.71204662322998,0.40629085898399353,36.4738655090332,48.5619010925293,12.930816650390625,29.873247146606445,25.693990034861557,0.9011225044619479,0.0,0.1718141523836423
2026-04-02 12:00:38,556,196,1,phase_1_3_peak_stabilize,500,205.40928118040065,143,success,87.7337875366211,13.643035888671875,0.40629085898399353,36.09077072143555,48.5619010925293,13.316875457763672,27.532264709472656,21.14961587814737,0.9326414420668512,0.0,0.06977784508736874
2026-04-02 12:00:43,556,197,1,phase_1_3_peak_stabilize,500,-112.2276003604534,261,high_altitude,82.09947967529297,86.3658218383789,0.40629085898399353,100.04281616210938,48.5619010925293,-50.539100646972656,-40.39449691772461,119.30072857207831,-0.48939354092610654,0.0,0.34569438234766164
2026-04-02 12:00:45,556,198,1,phase_1_3_peak_stabilize,500,198.1174107708905,148,success,83.84628295898438,12.307172775268555,0.40629085898399353,37.34122848510742,48.5619010925293,12.125228881835938,24.580425262451172,36.66984789897817,0.8020900354952544,0.0,0.3139697362623353
2026-04-02 12:00:50,557,199,1,phase_1_3_peak_stabilize,500,-114.58013841846547,262,high_altitude,85.6410903930664,80.35736083984375,0.40629085898399353,100.22582244873047,48.5619010925293,-50.700592041015625,-38.86861801147461,113.2702999123607,-0.3950693596108721,0.0,0.3380045775972352
2026-04-02 12:00:52,557,200,1,phase_1_3_peak_stabilize,500,199.9728548241299,147,success,86.34660339355469,13.701329231262207,0.40629085898399353,36.37162399291992,48.5619010925293,13.055946350097656,24.41950225830078,28.470036753195906,0.8790665261415688,0.0,0.22879139575305454
2026-04-02 12:00:55,557,201,1,phase_1_3_peak_stabilize,500,204.7743057116511,143,success,79.85956573486328,13.967352867126465,0.40629085898399353,36.58128356933594,48.5619010925293,12.828266143798828,15.459615707397461,10.710922510174637,0.9825773843631997,0.0,0.0908908809754688
2026-04-02 12:00:59,557,202,1,phase_1_3_peak_stabilize,500,-114.77156112098622,263,high_altitude,80.13594055175781,91.80127716064453,0.40629085898399353,100.11034393310547,48.5619010925293,-50.65125274658203,-39.544334411621094,100.47845525738319,-0.1818657825237773,0.0,0.35210848659726235
2026-04-02 12:01:01,557,203,1,phase_1_3_peak_stabilize,500,204.9604685922078,144,success,87.39651489257812,13.504137992858887,0.40629085898399353,36.15062713623047,48.5619010925293,13.24991226196289,28.220069885253906,15.620374546894238,0.9630668772267496,0.0,0.09897371215218113
2026-04-02 12:01:06,557,204,1,phase_1_3_peak_stabilize,500,-121.7874805151266,263,high_altitude,86.7240982055664,50.74214172363281,0.40629085898399353,100.27372741699219,48.5619010925293,-50.642112731933594,-25.74106788635254,110.48070722135492,-0.3498919628019369,0.0,0.3857254106719196
2026-04-02 12:01:08,558,205,1,phase_1_3_peak_stabilize,500,211.24669298632048,142,success,89.17525482177734,13.589374542236328,0.40629085898399353,36.03511428833008,48.5619010925293,13.391212463378906,25.625762939453125,23.16249653221222,0.9193930005561824,0.0,0.18420242547444343
2026-04-02 12:01:13,558,206,1,phase_1_3_peak_stabilize,500,-126.7683250680216,272,high_altitude,82.54055786132812,127.31397247314453,0.40629085898399353,100.17179870605469,48.5619010925293,-50.65381622314453,-58.934364318847656,159.15831113406605,-0.9345670503074719,0.0,0.21221440838931224
2026-04-02 12:01:17,558,207,1,phase_1_3_peak_stabilize,500,-125.23254936646367,260,high_altitude,82.34004211425781,98.82482147216797,0.40629085898399353,100.03575134277344,48.5619010925293,-50.47991180419922,-51.52522277832031,166.57468079902765,-0.972673373040209,0.0,0.37340397990837065
2026-04-02 12:01:19,558,208,1,phase_1_3_peak_stabilize,500,201.18743212501596,147,success,89.8823013305664,13.805872917175293,0.40629085898399353,36.835052490234375,48.5619010925293,12.56854248046875,30.316316604614258,31.30614132490218,0.8544031398723623,0.0,0.056538316052726446
2026-04-02 12:01:23,558,209,1,phase_1_3_peak_stabilize,500,-112.47285504750224,248,high_altitude,79.55010986328125,89.82437133789062,0.40629085898399353,100.55177307128906,48.5619010925293,-51.08955383300781,-49.16096496582031,155.9923681896034,-0.9134912721285046,0.0,0.3013335082210588
2026-04-02 12:01:28,559,210,1,phase_1_3_peak_stabilize,500,-147.18154908934693,279,high_altitude,82.39436340332031,112.30787658691406,0.40629085898399353,100.3921127319336,48.5619010925293,-50.681549072265625,-52.60793685913086,161.3112960434808,-0.9472734691982942,0.0,0.3852298966286958
2026-04-02 12:01:32,559,211,1,phase_1_3_peak_stabilize,500,-132.51841126988248,258,high_altitude,85.14131164550781,73.96454620361328,0.40629085898399353,100.13166809082031,48.5619010925293,-50.38111877441406,-39.38374710083008,130.1891975808592,-0.645313671844406,0.0,0.5428022385908552
2026-04-02 12:01:35,559,212,1,phase_1_3_peak_stabilize,500,199.09051243548333,143,success,84.95447540283203,13.638874053955078,0.40629085898399353,36.52989196777344,48.5619010925293,12.898059844970703,27.5866641998291,35.78424557119432,0.811224632181261,0.0,0.1713136514921675
2026-04-02 12:01:39,559,213,1,phase_1_3_peak_stabilize,500,-116.86921893076143,258,high_altitude,87.6302490234375,80.3216781616211,0.40629085898399353,100.50218963623047,48.5619010925293,-50.896568298339844,-46.348079681396484,150.33928016077232,-0.8689709809574682,0.0,0.28960900244383264
2026-04-02 12:01:43,559,214,1,phase_1_3_peak_stabilize,500,-113.3786163153268,255,high_altitude,78.86158752441406,87.35862731933594,0.40629085898399353,100.49947357177734,48.5619010925293,-51.098121643066406,-43.62567901611328,126.34549496505619,-0.5926529289231164,0.0,0.15210952970844524
2026-04-02 12:01:47,560,215,1,phase_1_3_peak_stabilize,500,-113.57811564201775,253,high_altitude,81.65828704833984,99.11383056640625,0.40629085898399353,100.01659393310547,48.5619010925293,-50.59515380859375,-51.2666130065918,137.63131705899173,-0.7388237944027348,0.0,0.15889776873012532
2026-04-02 12:01:50,560,216,1,phase_1_3_peak_stabilize,500,201.81993342967462,148,success,88.868408203125,13.864347457885742,0.40629085898399353,36.17639923095703,48.5619010925293,13.23049545288086,28.9986515045166,22.537527392966883,0.9236286856789231,0.0,0.15413318659671538
2026-04-02 12:01:54,560,217,1,phase_1_3_peak_stabilize,500,-110.20632870341025,256,high_altitude,85.06529998779297,91.7989273071289,0.40629085898399353,100.4190673828125,48.5619010925293,-51.017417907714844,-45.99675750732422,120.17519769151505,-0.502645770554856,0.0,0.15888144961213901
2026-04-02 12:01:58,560,218,1,phase_1_3_peak_stabilize,500,-124.4639993110734,256,high_altitude,89.2564697265625,101.2190933227539,0.40629085898399353,100.20701599121094,48.5619010925293,-50.60224151611328,-55.31979751586914,162.1826779174127,-0.9520369291714256,0.0,0.30849171142275483
2026-04-02 12:02:00,560,219,1,phase_1_3_peak_stabilize,500,210.06902596053675,142,success,89.83451080322266,13.554364204406738,0.40629085898399353,37.03305435180664,48.5619010925293,12.376415252685547,27.440765380859375,19.778482723023988,0.9410079147235807,0.0,0.16568841668604004
2026-04-02 12:02:03,560,220,1,phase_1_3_peak_stabilize,500,203.6799516254665,143,success,81.44090270996094,13.700221061706543,0.40629085898399353,36.522186279296875,48.5619010925293,12.88785171508789,19.938629150390625,11.349633136256394,0.9804445500073226,0.0,0.18869442009232953
2026-04-02 12:02:07,561,221,1,phase_1_3_peak_stabilize,500,-117.46127658299555,250,high_altitude,78.59468078613281,99.57501983642578,0.40629085898399353,100.46085357666016,48.5619010925293,-51.0350341796875,-50.02796936035156,133.90775747068923,-0.6934993797886088,0.0,0.24449990710485742
2026-04-02 12:02:14,561,222,1,phase_1_3_peak_stabilize,500,-209.09013072694074,420,low_agl,85.64869689941406,243.66949462890625,0.40629085898399353,0.35186412930488586,48.5619010925293,49.69927215576172,-50.93095779418945,64.46886466999723,0.4310015107192384,0.0,0.5707336924284427
2026-04-02 12:02:16,561,223,1,phase_1_3_peak_stabilize,500,202.2557871994301,144,success,82.7027816772461,13.744851112365723,0.40629085898399353,35.77531433105469,48.5619010925293,13.63958740234375,21.969226837158203,16.152652896460626,0.9605239056551457,0.0,0.08040409315460274
2026-04-02 12:02:20,561,224,1,phase_1_3_peak_stabilize,500,-111.63080933158989,259,high_altitude,85.66643524169922,110.96793365478516,0.40629085898399353,100.23677825927734,48.5619010925293,-50.750083923339844,-56.52446365356445,153.10252881214936,-0.8918174974393449,0.0,0.1798800807342559
2026-04-02 12:02:25,561,225,1,phase_1_3_peak_stabilize,500,-153.28693765576054,294,high_altitude,85.45332336425781,132.2667694091797,0.40629085898399353,100.0486831665039,48.5619010925293,-50.324310302734375,-58.967979431152344,162.41637967005386,-0.9532770700953663,0.0,0.39744539077457997
2026-04-02 12:02:29,562,226,1,phase_1_3_peak_stabilize,500,-108.83962553456645,254,high_altitude,80.76395416259766,81.13033294677734,0.40629085898399353,100.3449935913086,48.5619010925293,-50.939186096191406,-41.25143814086914,123.03667812353521,-0.5451758017174021,0.0,0.09815324141687239
2026-04-02 12:02:32,562,227,1,phase_1_3_peak_stabilize,500,202.30793567084328,151,success,82.69950103759766,13.831777572631836,0.40629085898399353,36.3548583984375,48.5619010925293,13.066688537597656,16.01020050048828,6.7822331311896225,0.9930021762951194,0.0,0.26782064160689323
2026-04-02 12:02:38,562,228,1,phase_1_3_peak_stabilize,500,-209.48619726031114,422,low_agl,88.61614227294922,291.2353210449219,0.40629085898399353,0.3938847482204437,48.5619010925293,49.736576080322266,-61.930946350097656,81.79410395259812,0.14273078630870456,0.0,0.34630185314178774
2026-04-02 12:02:43,562,229,1,phase_1_3_peak_stabilize,500,-120.74620904560526,265,high_altitude,79.70423126220703,84.34404754638672,0.40629085898399353,100.04126739501953,48.5619010925293,-50.46058654785156,-33.332664489746094,98.647411314497,-0.15035347178579667,0.0,0.39850189327728636
2026-04-02 12:02:47,563,230,1,phase_1_3_peak_stabilize,500,-115.54001494241508,251,high_altitude,83.63957977294922,102.74309539794922,0.40629085898399353,100.4466323852539,48.5619010925293,-50.88006591796875,-56.230464935302734,171.1217289748019,-0.9880184674215617,0.0,0.4143746837830188
2026-04-02 12:02:51,563,231,1,phase_1_3_peak_stabilize,500,-120.54475558696993,277,high_altitude,90.0324935913086,52.59412384033203,0.40629085898399353,100.25608825683594,48.5619010925293,-50.44520568847656,-20.535932540893555,89.09387545823843,0.015814197453619245,0.0,0.5135594971464593
2026-04-02 12:02:56,563,232,1,phase_1_3_peak_stabilize,500,-117.42723140296951,254,high_altitude,89.22002410888672,54.8125,0.40629085898399353,100.49150848388672,48.5619010925293,-50.988616943359375,-29.942895889282227,116.836970055428,-0.45145338706684635,0.0,0.20484348475739592
2026-04-02 12:03:02,563,233,1,phase_1_3_peak_stabilize,500,-179.25358348213666,400,low_agl,88.77635955810547,327.5616455078125,0.40629085898399353,0.3545682430267334,48.5619010925293,49.72257995605469,-74.06710815429688,71.38406920460912,0.3192228190738401,0.0,0.6412085210825638
2026-04-02 12:03:06,564,234,1,phase_1_3_peak_stabilize,500,-125.95047284698377,259,high_altitude,80.46459197998047,108.52794647216797,0.40629085898399353,100.0408706665039,48.5619010925293,-50.49108123779297,-55.11470413208008,167.93479002883063,-0.9779103370067903,0.0,0.19785414019796785
2026-04-02 12:03:10,564,235,1,phase_1_3_peak_stabilize,500,-114.69425714804541,251,high_altitude,88.52104187011719,73.49022674560547,0.40629085898399353,100.0306396484375,48.5619010925293,-50.4276123046875,-38.8965950012207,120.17553920097355,-0.5026509233225811,0.0,0.3374389465464561
2026-04-02 12:03:17,564,236,1,phase_1_3_peak_stabilize,500,-189.41039440130788,412,low_agl,80.11880493164062,347.06866455078125,0.40629085898399353,0.3721884787082672,48.5619010925293,49.73698043823242,-71.87164306640625,70.15155473869115,0.33953334133907054,0.0,0.6052015210177141
2026-04-02 12:03:23,564,237,1,phase_1_3_peak_stabilize,500,-186.62113670141304,397,low_agl,84.82365417480469,235.0281524658203,0.40629085898399353,0.37372657656669617,48.5619010925293,49.711219787597656,-51.1239013671875,71.45661947397299,0.3180225725329041,0.0,0.6495517565568466
2026-04-02 12:03:26,565,238,1,phase_1_3_peak_stabilize,500,206.94453351210282,139,success,81.585693359375,13.7494478225708,0.40629085898399353,35.832740783691406,48.5619010925293,13.569889068603516,20.875244140625,2.3777578972633964,0.9991390108576292,0.0,0.1846454420589985
2026-04-02 12:03:30,565,239,1,phase_1_3_peak_stabilize,500,-113.36695569871165,269,high_altitude,89.30429077148438,53.74254608154297,0.40629085898399353,100.4518051147461,48.5619010925293,-50.73753356933594,-23.3502254486084,92.59819280437267,-0.04533147906255673,0.0,0.43510464967329865
2026-04-02 12:03:34,565,240,1,phase_1_3_peak_stabilize,500,-113.69898406742604,253,high_altitude,83.83880615234375,95.28184509277344,0.40629085898399353,100.27446746826172,48.5619010925293,-50.76561737060547,-50.11493682861328,140.12098931335308,-0.7674000842612342,0.0,0.23022636341044733
2026-04-02 12:03:36,565,241,1,phase_1_3_peak_stabilize,500,200.58313324335947,143,success,81.66087341308594,13.020657539367676,0.40629085898399353,37.91969680786133,48.5619010925293,11.527271270751953,20.313631057739258,36.75133205577642,0.8012399021700076,0.0,0.427113559383172
2026-04-02 12:03:43,565,242,1,phase_1_3_peak_stabilize,500,-190.80287753500397,397,low_agl,82.98485565185547,283.3769226074219,0.40629085898399353,0.28644511103630066,48.5619010925293,49.69218444824219,-58.02787780761719,50.94429781142826,0.6300756244138694,0.0,0.775680066758215
2026-04-02 12:03:47,566,243,1,phase_1_3_peak_stabilize,500,-126.59734007461583,266,high_altitude,83.04580688476562,132.19979858398438,0.40629085898399353,100.1482925415039,48.5619010925293,-50.580047607421875,-63.69776153564453,167.07835260880273,-0.9746767766529557,0.0,0.07298780146255976
2026-04-02 12:03:54,566,244,1,phase_1_3_peak_stabilize,500,-258.41168419609886,463,low_agl,79.75827026367188,470.5264587402344,0.40629085898399353,0.36403846740722656,48.5619010925293,49.723506927490234,-89.00355529785156,64.16205940266943,0.4358271845017176,0.0,0.6771061122674038
2026-04-02 12:03:59,566,245,1,phase_1_3_peak_stabilize,500,-110.88919826466247,261,high_altitude,87.21556854248047,82.78812408447266,0.40629085898399353,100.30821228027344,48.5619010925293,-50.83015441894531,-37.24066925048828,102.7214825506262,-0.22021195702289512,0.0,0.28160716941168085
2026-04-02 12:04:05,567,246,1,phase_1_3_peak_stabilize,500,-169.48531307226403,390,low_agl,87.43416595458984,342.4571228027344,0.40629085898399353,0.3788933753967285,48.5619010925293,49.71791458129883,-77.56985473632812,69.33497830265945,0.3529037019484018,0.0,0.5321078923090624
2026-04-02 12:04:10,567,247,1,phase_1_3_peak_stabilize,500,-148.81841647827486,283,high_altitude,79.984130859375,131.65151977539062,0.40629085898399353,100.44062805175781,48.5619010925293,-50.827880859375,-58.138946533203125,174.23109063218016,-0.9949353989264835,0.0,0.35225509713183434
2026-04-02 12:04:14,567,248,1,phase_1_3_peak_stabilize,500,-127.55138006092731,275,high_altitude,84.1996841430664,92.36551666259766,0.40629085898399353,100.35662841796875,48.5619010925293,-50.57139587402344,-39.203914642333984,108.10918357925645,-0.31082877781306345,0.0,0.5835227272880742
2026-04-02 12:04:19,567,249,1,phase_1_3_peak_stabilize,500,-131.49823389753817,264,high_altitude,88.80728912353516,65.05040740966797,0.40629085898399353,100.298095703125,48.5619010925293,-50.57432556152344,-28.77570152282715,105.4132464421499,-0.2657790034892567,0.0,0.4321913810751568
2026-04-02 12:04:26,568,250,1,phase_1_3_peak_stabilize,500,-219.2052655003112,445,low_agl,86.48133850097656,345.9508972167969,0.40629085898399353,0.3715226948261261,48.5619010925293,49.73947525024414,-81.9190444946289,117.95546817353095,-0.4687851703520854,0.0,0.11640661184026052
2026-04-02 12:04:28,568,251,1,phase_1_3_peak_stabilize,500,209.39799411331546,137,success,85.0459213256836,13.799376487731934,0.40629085898399353,35.61279296875,48.5619010925293,13.793327331542969,24.920082092285156,10.890630763653196,0.9819896212149682,0.0,0.1522800416926057
2026-04-02 12:04:30,568,252,1,phase_1_3_peak_stabilize,500,211.85438011521663,137,success,84.32197570800781,13.737303733825684,0.40629085898399353,35.97480773925781,48.5619010925293,13.434616088867188,19.577560424804688,23.445452486505634,0.9174392812859222,0.0,0.2167556504339763
2026-04-02 12:04:36,568,253,1,phase_1_3_peak_stabilize,500,-174.38685049222298,374,low_agl,86.75206756591797,117.30131530761719,0.40629085898399353,0.3716925382614136,48.5619010925293,49.72671890258789,-29.086017608642578,90.4236927990724,-0.007394766964991498,0.0,0.6600984909992653
2026-04-02 12:04:41,568,254,1,phase_1_3_peak_stabilize,500,-134.07754757600756,280,high_altitude,89.94649505615234,68.63605499267578,0.40629085898399353,100.1367416381836,48.5619010925293,-50.36797332763672,-22.778493881225586,89.56374466181111,0.007614018460611151,0.0,0.3722707811476938
2026-04-02 12:04:45,569,255,1,phase_1_3_peak_stabilize,500,-125.89001951553652,262,high_altitude,79.63407135009766,117.11719512939453,0.40629085898399353,100.34085083007812,48.5619010925293,-50.78584289550781,-56.956886291503906,160.67936694147122,-0.9436818672620474,0.0,0.22465621772145639
2026-04-02 12:04:52,569,256,1,phase_1_3_peak_stabilize,500,-257.0355497322949,463,low_agl,89.08716583251953,445.9075622558594,0.40629085898399353,0.26801443099975586,48.5619010925293,49.67647171020508,-76.3006591796875,44.148454247656915,0.7175375172173631,0.0,0.4833255005453639
2026-04-02 12:04:55,569,257,1,phase_1_3_peak_stabilize,500,205.1176309690852,139,success,82.55833435058594,13.714394569396973,0.40629085898399353,36.04071044921875,48.5619010925293,13.368659973144531,22.328096389770508,23.475845120764895,0.91722809838389,0.0,0.1326299856168198
2026-04-02 12:04:57,569,258,1,phase_1_3_peak_stabilize,500,212.73840476064439,137,success,86.14385223388672,13.972040176391602,0.40629085898399353,35.874996185302734,48.5619010925293,13.564247131347656,17.431453704833984,36.51935151080611,0.8036559148156425,0.0,0.276320340725027
2026-04-02 12:05:04,570,259,1,phase_1_3_peak_stabilize,500,-211.4334344687793,418,low_agl,88.25602722167969,305.32391357421875,0.40629085898399353,0.3656345307826996,48.5619010925293,49.734352111816406,-75.93712615966797,102.22835655292963,-0.21180850855022562,0.0,0.3105935081346099
2026-04-02 12:05:09,570,260,1,phase_1_3_peak_stabilize,500,-147.93335074104772,289,high_altitude,82.70179748535156,120.20750427246094,0.40629085898399353,100.20984649658203,48.5619010925293,-50.363243103027344,-52.32573318481445,140.46036775283267,-0.7711844151211754,0.0,0.406887344850234
2026-04-02 12:05:11,570,261,1,phase_1_3_peak_stabilize,500,211.38805398068857,140,success,84.0816879272461,13.870254516601562,0.40629085898399353,36.56465148925781,48.5619010925293,12.846805572509766,12.730879783630371,35.74144760585502,0.8116611823734593,0.0,0.19631798297515848
2026-04-02 12:05:18,570,262,1,phase_1_3_peak_stabilize,500,-221.94194960381841,437,low_agl,83.72718048095703,283.75506591796875,0.40629085898399353,0.3906729817390442,48.5619010925293,49.73109436035156,-67.08316802978516,101.91220075662808,-0.20641254772506562,0.0,0.31917877507770054
2026-04-02 12:05:25,571,263,1,phase_1_3_peak_stabilize,500,-212.8124247078209,443,low_agl,80.5798110961914,245.77120971679688,0.40629085898399353,0.27307435870170593,48.5619010925293,49.69368362426758,-72.48030853271484,122.59018865749148,-0.538626515365408,0.0,0.42525976164537155
2026-04-02 12:05:30,571,264,1,phase_1_3_peak_stabilize,500,-138.14459834489105,281,high_altitude,81.97454071044922,152.6368408203125,0.40629085898399353,100.27979278564453,48.5619010925293,-50.63372802734375,-66.73217010498047,158.99561602803635,-0.9335530033320978,0.0,0.19616832211021923
2026-04-02 12:05:32,571,265,1,phase_1_3_peak_stabilize,500,204.74713825431775,142,success,80.54718017578125,13.983001708984375,0.40629085898399353,36.14854431152344,48.5619010925293,13.259204864501953,16.178316116333008,18.681323823435452,0.9473147346815914,0.0,0.20731442864883945
2026-04-02 12:05:34,571,266,1,phase_1_3_peak_stabilize,500,202.59551308038166,151,success,88.02133178710938,9.009974479675293,0.40629085898399353,41.33553695678711,48.5619010925293,8.071479797363281,32.0005989074707,36.39995980411429,0.8048942136690632,0.0,0.1267336227022422
2026-04-02 12:05:38,571,267,1,phase_1_3_peak_stabilize,500,-106.99237273049101,255,high_altitude,84.19184112548828,81.64778137207031,0.40629085898399353,100.48872375488281,48.5619010925293,-51.02513122558594,-38.766353607177734,111.41655925086256,-0.3651458567477729,0.0,0.1709837814603488
2026-04-02 12:05:46,572,268,1,phase_1_3_peak_stabilize,500,-212.5595855170342,429,low_agl,86.10942077636719,266.42608642578125,0.40629085898399353,0.361675500869751,48.5619010925293,49.73341369628906,-56.97059631347656,77.40666363734874,0.21802973844824677,0.0,0.514016240557127
2026-04-02 12:05:48,572,269,1,phase_1_3_peak_stabilize,500,199.84348576480048,141,success,79.39955139160156,13.994499206542969,0.40629085898399353,36.91583251953125,48.5619010925293,12.50921630859375,18.672208786010742,34.668967887285035,0.8224522493591647,0.0,0.16318786833191878
2026-04-02 12:05:55,572,270,1,phase_1_3_peak_stabilize,500,-222.17669265048278,436,low_agl,87.30042266845703,283.6885070800781,0.40629085898399353,0.39448851346969604,48.5619010925293,49.742427825927734,-64.76557159423828,84.30377500084927,0.09925418910370523,0.0,0.5453955277087326
2026-04-02 12:05:59,572,271,1,phase_1_3_peak_stabilize,500,-122.42813826781449,263,high_altitude,81.0317153930664,110.09256744384766,0.40629085898399353,100.34814453125,48.5619010925293,-50.83631896972656,-52.43082046508789,162.25186773370493,-0.9524057371349811,0.0,0.3633672340756209
2026-04-02 12:06:04,573,272,1,phase_1_3_peak_stabilize,500,-134.5298266433912,277,high_altitude,82.40727233886719,134.701171875,0.40629085898399353,100.1067123413086,48.5619010925293,-50.31842803955078,-60.864009857177734,148.93855862616445,-0.8566145046819142,0.0,0.2721586054193515
2026-04-02 12:06:11,573,273,1,phase_1_3_peak_stabilize,500,-205.09251680858603,428,low_agl,84.92423248291016,171.9486846923828,0.40629085898399353,0.38697129487991333,48.5619010925293,49.751468658447266,-45.392486572265625,97.35506439144972,-0.1280178148199704,0.0,0.5285432091763241
2026-04-02 12:06:15,573,274,1,phase_1_3_peak_stabilize,500,-121.50702568243827,252,high_altitude,83.95655059814453,97.64873504638672,0.40629085898399353,100.24463653564453,48.5619010925293,-50.774192810058594,-51.3677978515625,155.70159337625762,-0.9114147203582019,0.0,0.20358166678767728
2026-04-02 12:06:19,573,275,1,phase_1_3_peak_stabilize,500,-127.98463158801171,264,high_altitude,79.25933837890625,119.3333969116211,0.40629085898399353,100.08692169189453,48.5619010925293,-50.43285369873047,-57.21449661254883,159.9731527020486,-0.9395322559724246,0.0,0.30366461221037233
2026-04-02 12:06:22,574,276,1,phase_1_3_peak_stabilize,500,206.9981143028903,146,success,81.16983032226562,13.865236282348633,0.40629085898399353,37.99186706542969,48.5619010925293,11.417556762695312,7.169508934020996,28.6069052064265,0.8779252777852382,0.0,0.10771546979352288
2026-04-02 12:06:24,574,277,1,phase_1_3_peak_stabilize,500,203.48277383289184,138,success,86.0061264038086,13.860774040222168,0.40629085898399353,36.19449996948242,48.5619010925293,13.214927673339844,29.91312599182129,29.220577212784637,0.8727468110045372,0.0,0.1644383669426104
2026-04-02 12:06:28,574,278,1,phase_1_3_peak_stabilize,500,-126.08553522824226,257,high_altitude,89.36607360839844,102.66893768310547,0.40629085898399353,100.4247817993164,48.5619010925293,-50.66594696044922,-57.1860237121582,152.92437015783875,-0.8904064853195629,0.0,0.45795607176119496
2026-04-02 12:06:30,574,279,1,phase_1_3_peak_stabilize,500,207.8650135914329,134,success,89.01123809814453,13.984835624694824,0.40629085898399353,36.56275177001953,48.5619010925293,12.86861801147461,34.12676239013672,25.991256943013436,0.8988609291371915,0.0,0.3236808735501464
2026-04-02 12:06:33,574,280,1,phase_1_3_peak_stabilize,500,213.0241720335236,137,success,88.5812759399414,13.640545845031738,0.40629085898399353,35.97124481201172,48.5619010925293,13.453960418701172,24.594879150390625,23.80977306928682,0.9148908209158719,0.0,0.19478376932443814
2026-04-02 12:06:37,574,281,1,phase_1_3_peak_stabilize,500,-136.62306156921133,275,high_altitude,83.37256622314453,138.3842010498047,0.40629085898399353,100.16146087646484,48.5619010925293,-50.276458740234375,-63.72842788696289,143.31988109037187,-0.8019829662118589,0.0,0.49914702782141696
2026-04-02 12:06:42,575,282,1,phase_1_3_peak_stabilize,500,-129.93384136081045,269,high_altitude,87.84148406982422,134.01608276367188,0.40629085898399353,100.13848114013672,48.5619010925293,-50.39128875732422,-65.35763549804688,161.6885547120973,-0.9493627362079937,0.0,0.4056157060713514
2026-04-02 12:06:44,575,283,1,phase_1_3_peak_stabilize,500,205.0274132511817,141,success,87.7967758178711,13.64926528930664,0.40629085898399353,36.51826858520508,48.5619010925293,12.885387420654297,28.750356674194336,28.13811346519538,0.8818133511972622,0.0,0.23609941175667215
2026-04-02 12:06:46,575,284,1,phase_1_3_peak_stabilize,500,209.57251206225294,143,success,88.31605529785156,13.738409042358398,0.40629085898399353,35.8229866027832,48.5619010925293,13.587116241455078,26.808351516723633,7.74331630637811,0.9908816213378316,0.0,0.18588231264965033
2026-04-02 12:06:48,575,285,1,phase_1_3_peak_stabilize,500,209.92974762545532,134,success,83.88845825195312,13.717966079711914,0.40629085898399353,35.74877166748047,48.5619010925293,13.65066909790039,26.360618591308594,6.641009151702677,0.9932902455010402,0.0,0.10846595142106812
2026-04-02 12:06:51,575,286,1,phase_1_3_peak_stabilize,500,202.81917922865549,143,success,87.82454681396484,13.601362228393555,0.40629085898399353,36.56211853027344,48.5619010925293,12.860115051269531,30.112897872924805,27.960245093924495,0.883273125016573,0.0,0.14608507294886186
2026-04-02 12:06:58,575,287,1,phase_1_3_peak_stabilize,500,-253.2928344318591,456,low_agl,79.79580688476562,433.88372802734375,0.40629085898399353,0.3043837249279022,48.5619010925293,49.683685302734375,-72.62763977050781,42.406076405481244,0.7383838244917151,0.0,0.6518912509824354
2026-04-02 12:07:02,576,288,1,phase_1_3_peak_stabilize,500,-104.9164672938749,248,high_altitude,81.01863098144531,77.99657440185547,0.40629085898399353,100.34756469726562,48.5619010925293,-50.93708801269531,-39.528533935546875,118.39647982786033,-0.4755701638010433,0.0,0.08882693233722015
2026-04-02 12:07:07,576,289,1,phase_1_3_peak_stabilize,500,-147.36612939857457,281,high_altitude,85.58816528320312,133.2391815185547,0.40629085898399353,100.0724105834961,48.5619010925293,-50.272064208984375,-58.722984313964844,146.27624651034185,-0.8317240251233993,0.0,0.3979534389628913
2026-04-02 12:07:13,576,290,1,phase_1_3_peak_stabilize,500,-178.03033640001928,390,low_agl,78.85933685302734,307.5061340332031,0.40629085898399353,0.38384079933166504,48.5619010925293,49.71893310546875,-70.5966796875,74.97762980243876,0.2591961552653554,0.0,0.6282402843022132
2026-04-02 12:07:15,576,291,1,phase_1_3_peak_stabilize,500,209.05464187593486,141,success,85.98665618896484,13.716675758361816,0.40629085898399353,35.71427536010742,48.5619010925293,13.693767547607422,22.718896865844727,15.131860634434709,0.965327622099834,0.0,0.2225695225575426
2026-04-02 12:07:22,577,292,1,phase_1_3_peak_stabilize,500,-161.73462827530653,413,low_agl,84.33563232421875,78.37788391113281,0.40629085898399353,0.2825232744216919,48.5619010925293,49.364559173583984,-34.53444290161133,32.59690705915661,0.842481479704866,0.0,0.9825870840707212
2026-04-02 12:07:26,577,293,1,phase_1_3_peak_stabilize,500,-118.12152310715624,252,high_altitude,88.73306274414062,84.34447479248047,0.40629085898399353,100.2787857055664,48.5619010925293,-50.81764221191406,-44.87190246582031,137.75691057744993,-0.7402992178296032,0.0,0.12662746069548927
2026-04-02 12:07:28,577,294,1,phase_1_3_peak_stabilize,500,204.59494548484898,137,success,81.91594696044922,13.774024963378906,0.40629085898399353,36.28288269042969,48.5619010925293,13.13375473022461,20.75921058654785,33.572743016065495,0.8331844081538983,0.0,0.215016365873547
2026-04-02 12:07:32,577,295,1,phase_1_3_peak_stabilize,500,-119.46468277443441,247,high_altitude,89.28987884521484,62.08292007446289,0.40629085898399353,100.25863647460938,48.5619010925293,-50.82255554199219,-35.95896911621094,133.64442635742859,-0.6901808492479103,0.0,0.08243236065868126
2026-04-02 12:07:40,578,296,1,phase_1_3_peak_stabilize,500,-218.1245721197301,436,collision,87.02413940429688,151.2847900390625,0.40629085898399353,0.08869074285030365,48.5619010925293,49.67961502075195,-26.79498863220215,27.26646862898045,0.8888854972404304,1.0,0.9538478670728459
2026-04-02 12:07:44,578,297,1,phase_1_3_peak_stabilize,500,-129.47690665403934,278,high_altitude,89.21154022216797,144.67884826660156,0.40629085898399353,100.04044342041016,48.5619010925293,-50.23015594482422,-67.40196990966797,154.64542756452022,-0.9036750946520444,0.0,0.5208212594400661
2026-04-02 12:07:48,578,298,1,phase_1_3_peak_stabilize,500,-121.69380118926429,257,high_altitude,85.0828628540039,109.06143188476562,0.40629085898399353,100.5538558959961,48.5619010925293,-50.96961975097656,-54.914573669433594,148.63596758555454,-0.8538776943239526,0.0,0.35584174809620156
2026-04-02 12:07:52,578,299,1,phase_1_3_peak_stabilize,500,-122.47478852976617,263,high_altitude,86.29678344726562,97.85822296142578,0.40629085898399353,100.32797241210938,48.5619010925293,-50.6705322265625,-47.109092712402344,132.0198522029627,-0.6693880556932298,0.0,0.44579968688060034
2026-04-02 12:07:56,578,300,1,phase_1_3_peak_stabilize,500,-114.34556164399669,248,high_altitude,80.28167724609375,99.18573760986328,0.40629085898399353,100.30876159667969,48.5619010925293,-50.79631805419922,-52.49677658081055,165.25541610046136,-0.9670700018062882,0.0,0.35240656434816675
2026-04-02 12:07:59,579,301,1,phase_1_3_peak_stabilize,500,207.2444096317948,135,success,85.51832580566406,13.649113655090332,0.40629085898399353,35.68120574951172,48.5619010925293,13.29061508178711,31.002641677856445,7.702706562894153,0.9909768693115987,0.0,0.16178017313992574
2026-04-02 12:08:03,579,302,1,phase_1_3_peak_stabilize,500,-119.72459854302133,251,high_altitude,80.30535888671875,110.09739685058594,0.40629085898399353,100.04926300048828,48.5619010925293,-50.493927001953125,-56.3025016784668,168.36607549378192,-0.9794560208015447,0.0,0.3430236418333732
2026-04-02 12:08:07,579,303,1,phase_1_3_peak_stabilize,500,-113.90760207246132,259,high_altitude,83.7242202758789,101.41983032226562,0.40629085898399353,100.4778060913086,48.5619010925293,-51.03385925292969,-50.45182418823242,136.4660731262092,-0.7249666445831803,0.0,0.04719492240490624
2026-04-02 12:08:11,579,304,1,phase_1_3_peak_stabilize,500,-115.09371862260713,255,high_altitude,80.57567596435547,86.35537719726562,0.40629085898399353,100.400146484375,48.5619010925293,-50.696746826171875,-40.585289001464844,111.6385130781313,-0.368749446648956,0.0,0.6593142283064773
2026-04-02 12:08:15,579,305,1,phase_1_3_peak_stabilize,500,-107.24096709912789,251,high_altitude,85.53887176513672,90.42347717285156,0.40629085898399353,100.61012268066406,48.5619010925293,-51.13823699951172,-45.7281494140625,125.62194570552006,-0.5824343652196373,0.0,0.1751758801545153
2026-04-02 12:08:18,580,306,1,phase_1_3_peak_stabilize,500,205.1897972282453,139,success,87.03407287597656,13.962197303771973,0.40629085898399353,35.90424728393555,48.5619010925293,13.51507568359375,29.876853942871094,25.541014288020783,0.9022768784871582,0.0,0.19012935689305274
2026-04-02 12:08:23,580,307,1,phase_1_3_peak_stabilize,500,-139.8022412697868,277,high_altitude,79.69076538085938,150.55580139160156,0.40629085898399353,100.17686462402344,48.5619010925293,-50.40185546875,-66.56520080566406,161.39448774757156,-0.9477377195198439,0.0,0.3981023146746483
2026-04-02 12:08:25,580,308,1,phase_1_3_peak_stabilize,500,197.79236677303535,139,success,82.23381805419922,13.676337242126465,0.40629085898399353,36.458168029785156,48.5619010925293,12.983501434326172,27.945234298706055,36.038489117764286,0.8086219601671285,0.0,0.2745555210862299
2026-04-02 12:08:29,580,309,1,phase_1_3_peak_stabilize,500,-126.21347310910359,255,high_altitude,79.62045288085938,101.75203704833984,0.40629085898399353,100.2475814819336,48.5619010925293,-50.461891174316406,-50.120330810546875,131.33673766331304,-0.6604832376971332,0.0,0.6814985919521387
2026-04-02 12:08:34,580,310,1,phase_1_3_peak_stabilize,500,-133.4810126186989,269,high_altitude,81.85520935058594,139.44020080566406,0.40629085898399353,100.26044464111328,48.5619010925293,-50.45356750488281,-65.17193603515625,155.2104617937987,-0.9078540523079403,0.0,0.48581349181051076
2026-04-02 12:08:37,580,311,1,phase_1_3_peak_stabilize,500,-112.14505275176585,241,high_altitude,89.87284088134766,61.89223098754883,0.40629085898399353,100.37770080566406,48.5619010925293,-50.97032928466797,-39.60208511352539,137.49770489844795,-0.737250274048475,0.0,0.046446768854785256
2026-04-02 12:08:42,581,312,1,phase_1_3_peak_stabilize,500,-109.07223219726093,245,high_altitude,78.58505249023438,81.3612060546875,0.40629085898399353,100.65673065185547,48.5619010925293,-51.22755432128906,-40.40333557128906,119.89174484095952,-0.4983628323519051,0.0,0.11134565331725539
2026-04-02 12:08:46,581,313,1,phase_1_3_peak_stabilize,500,-112.09206422882588,247,high_altitude,84.70796966552734,80.5416030883789,0.40629085898399353,100.29532623291016,48.5619010925293,-50.88988494873047,-45.46685028076172,141.15212931197158,-0.7788141647922414,0.0,0.17137118237244692
2026-04-02 12:08:50,581,314,1,phase_1_3_peak_stabilize,500,-125.79781354071525,287,high_altitude,79.47344207763672,51.05055236816406,0.40629085898399353,100.10649871826172,48.5619010925293,-50.277076721191406,-12.012602806091309,78.82895490935552,0.19373859240989802,0.0,0.49806208131741686
2026-04-02 12:08:54,581,315,1,phase_1_3_peak_stabilize,500,-107.43696779212152,246,high_altitude,80.94242095947266,87.28959655761719,0.40629085898399353,100.2658462524414,48.5619010925293,-50.84187316894531,-45.441619873046875,133.9443946053972,-0.6939599261566587,0.0,0.22569974471426998
2026-04-02 12:08:57,581,316,1,phase_1_3_peak_stabilize,500,208.4267711848156,141,success,86.36922454833984,13.724454879760742,0.40629085898399353,36.08075714111328,48.5619010925293,13.32461929321289,24.69358253479004,4.728244983605047,0.9965968726600233,0.0,0.14905255791519706
2026-04-02 12:09:01,582,317,1,phase_1_3_peak_stabilize,500,-114.30721936002736,258,high_altitude,87.8314437866211,115.96817016601562,0.40629085898399353,100.13606262207031,48.5619010925293,-50.554420471191406,-59.443817138671875,159.5763733527842,-0.9371381716665648,0.0,0.4084667330190767
2026-04-02 12:09:06,582,318,1,phase_1_3_peak_stabilize,500,-135.12549844364054,287,high_altitude,89.16764831542969,108.33158874511719,0.40629085898399353,100.0382308959961,48.5619010925293,-50.00043487548828,-43.93387985229492,95.09634815368318,-0.08883081227351079,0.0,0.6997730173019372
2026-04-02 12:09:08,582,319,1,phase_1_3_peak_stabilize,500,204.48347202442608,137,success,86.04730224609375,13.569896697998047,0.40629085898399353,36.63210678100586,48.5619010925293,12.769660949707031,31.765445709228516,25.689412100570355,0.9011571434056705,0.0,0.14821652605075622
2026-04-02 12:09:10,582,320,1,phase_1_3_peak_stabilize,500,207.5117734365778,144,success,89.6723403930664,13.49697494506836,0.40629085898399353,36.221527099609375,48.5619010925293,13.21084213256836,26.652565002441406,31.655556727367106,0.8512184520302853,0.0,0.3227402908192061
2026-04-02 12:09:14,582,321,1,phase_1_3_peak_stabilize,500,-110.26849943015516,253,high_altitude,79.85787200927734,63.18374252319336,0.40629085898399353,100.27084350585938,48.5619010925293,-50.731414794921875,-28.18099594116211,99.63494055526495,-0.16737000339592953,0.0,0.37891042743381403
2026-04-02 12:09:16,582,322,1,phase_1_3_peak_stabilize,500,209.84224817988817,134,success,82.13705444335938,13.950064659118652,0.40629085898399353,35.600677490234375,48.5619010925293,13.80477523803711,22.180423736572266,14.722296878591356,0.9671689286314308,0.0,0.1675685902874708
2026-04-02 12:09:21,583,323,1,phase_1_3_peak_stabilize,500,-122.14506713337178,254,high_altitude,84.94587707519531,94.90745544433594,0.40629085898399353,100.2480697631836,48.5619010925293,-50.7821044921875,-48.7856559753418,137.38529364508787,-0.7359233261986715,0.0,0.1641587538831962
2026-04-02 12:09:23,583,324,1,phase_1_3_peak_stabilize,500,208.69185697102776,136,success,82.00411224365234,13.862881660461426,0.40629085898399353,36.23955154418945,48.5619010925293,13.174030303955078,16.107873916625977,33.183678365468644,0.8369202617942666,0.0,0.18819231059378153
2026-04-02 12:09:27,583,325,1,phase_1_3_peak_stabilize,500,-108.37634777414799,244,high_altitude,81.3834228515625,96.71145629882812,0.40629085898399353,100.22152709960938,48.5619010925293,-50.76985168457031,-52.04021072387695,149.26965887637,-0.8595817917654563,0.0,0.2738008999658042
2026-04-02 12:09:30,583,326,1,phase_1_3_peak_stabilize,500,204.7488644063386,136,success,83.84081268310547,13.67187786102295,0.40629085898399353,36.93503952026367,48.5619010925293,12.471046447753906,26.4282283782959,35.356084917788316,0.81557155371086,0.0,0.2450551542418232
2026-04-02 12:09:34,583,327,1,phase_1_3_peak_stabilize,500,-114.55630593072746,257,high_altitude,87.28253173828125,92.87163543701172,0.40629085898399353,100.5667953491211,48.5619010925293,-51.140411376953125,-47.83177947998047,129.97395099935542,-0.6424392681870084,0.0,0.17277900772875232
2026-04-02 12:09:36,583,328,1,phase_1_3_peak_stabilize,500,200.41600068342154,137,success,84.76025390625,13.83732795715332,0.40629085898399353,36.62907791137695,48.5619010925293,12.796516418457031,30.434701919555664,36.067244214170046,0.808326593223754,0.0,0.1931647053136589
2026-04-02 12:09:39,584,329,1,phase_1_3_peak_stabilize,500,205.59740894237373,137,success,84.90217590332031,13.948468208312988,0.40629085898399353,35.84323501586914,48.5619010925293,13.556507110595703,28.8220272064209,17.356815247133873,0.9544654493156206,0.0,0.02375641360996684
2026-04-02 12:09:44,584,330,1,phase_1_3_peak_stabilize,500,-166.13556222812215,301,high_altitude,88.51577758789062,106.40412902832031,0.40629085898399353,100.0171890258789,48.5619010925293,-50.07807922363281,-44.64458084106445,123.11096326094827,-0.5462622443043454,0.0,0.5659112031205167
2026-04-02 12:09:46,584,331,1,phase_1_3_peak_stabilize,500,208.26633306152507,136,success,82.51484680175781,13.91834831237793,0.40629085898399353,37.229984283447266,48.5619010925293,12.170055389404297,18.220434188842773,28.78304895493196,0.8764491692613201,0.0,0.04741163124826923
2026-04-02 12:09:50,584,332,1,phase_1_3_peak_stabilize,500,-144.56118689696396,284,high_altitude,83.7882080078125,118.32918548583984,0.40629085898399353,100.20458984375,48.5619010925293,-50.319114685058594,-53.052101135253906,136.1550126510285,-0.7212165505194658,0.0,0.6430994481239921
2026-04-02 12:09:58,585,333,1,phase_1_3_peak_stabilize,500,-238.61114021949413,440,low_agl,83.0652084350586,288.71026611328125,0.40629085898399353,0.21223929524421692,48.5619010925293,49.66952896118164,-48.06509780883789,27.31468976452074,0.8884996126957552,0.0,0.7879148466549496
2026-04-02 12:10:02,585,334,1,phase_1_3_peak_stabilize,500,-134.6994530183611,283,high_altitude,81.52608489990234,84.34490203857422,0.40629085898399353,100.0196533203125,48.5619010925293,-50.082855224609375,-25.784393310546875,79.28788898006701,0.18587431315189148,0.0,0.6251459113027281
2026-04-02 12:10:06,585,335,1,phase_1_3_peak_stabilize,500,-107.21125407218419,241,high_altitude,78.75702667236328,82.46548461914062,0.40629085898399353,100.45759582519531,48.5619010925293,-51.05438232421875,-43.36025619506836,136.82825073713832,-0.729306067327605,0.0,0.2081624547426829
2026-04-02 12:10:13,585,336,1,phase_1_3_peak_stabilize,500,-229.0273720703217,437,low_agl,87.90858459472656,207.46347045898438,0.40629085898399353,0.1990220546722412,48.5619010925293,49.47566604614258,-29.471282958984375,27.726510897884783,0.8851784474274621,0.0,0.9319786894951366
2026-04-02 12:10:18,586,337,1,phase_1_3_peak_stabilize,500,-130.86237319261699,270,high_altitude,87.27499389648438,56.46855926513672,0.40629085898399353,100.0503158569336,48.5619010925293,-50.18396759033203,-22.532535552978516,89.67207829223669,0.005723282243504959,0.0,0.5675136089050349
2026-04-02 12:10:24,586,338,1,phase_1_3_peak_stabilize,500,-203.84284480509524,415,low_agl,84.96177673339844,334.8369445800781,0.40629085898399353,0.3384963274002075,48.5619010925293,49.400245666503906,-65.31975555419922,5.0587305167852845,0.9961048365521021,0.0,0.9876409615095285
2026-04-02 12:10:26,586,339,1,phase_1_3_peak_stabilize,500,204.44529516319574,135,success,80.44013977050781,13.724284172058105,0.40629085898399353,35.71752166748047,48.5619010925293,13.693599700927734,23.778133392333984,10.555847333937729,0.9830768119221921,0.0,0.1807616971086884
2026-04-02 12:10:30,586,340,1,phase_1_3_peak_stabilize,500,-108.65764849943409,254,high_altitude,80.9806900024414,82.68511962890625,0.40629085898399353,100.0992431640625,48.5619010925293,-50.67687225341797,-41.068660736083984,123.32223467235511,-0.5493471269416969,0.0,0.13916057017143327
2026-04-02 12:10:37,587,341,1,phase_1_3_peak_stabilize,500,-178.56933496998448,352,low_agl,88.66539001464844,174.157470703125,0.40629085898399353,0.3639339804649353,48.5619010925293,49.705196380615234,-43.53333282470703,72.32012613979187,0.30369840324879255,0.0,0.8835867531213071
2026-04-02 12:10:41,587,342,1,phase_1_3_peak_stabilize,500,-123.23872653332614,245,high_altitude,86.02593994140625,55.00815963745117,0.40629085898399353,100.39251708984375,48.5619010925293,-50.938621520996094,-32.005435943603516,128.36631571403117,-0.6206869382487239,0.0,0.18655545751092192
2026-04-02 12:10:43,587,343,1,phase_1_3_peak_stabilize,500,205.1133566076684,140,success,82.77046203613281,13.697538375854492,0.40629085898399353,35.92257308959961,48.5619010925293,13.487632751464844,22.339275360107422,14.40614962002627,0.9685564633862316,0.0,0.16082857240983028
2026-04-02 12:10:47,587,344,1,phase_1_3_peak_stabilize,500,-107.36420530018916,244,high_altitude,81.2272720336914,77.93949127197266,0.40629085898399353,100.07125091552734,48.5619010925293,-50.66291809082031,-40.63554382324219,123.4276927931401,-0.5508841831387129,0.0,0.1671614286860942
2026-04-02 12:10:49,587,345,1,phase_1_3_peak_stabilize,500,206.0687251114225,138,success,80.36710357666016,13.937797546386719,0.40629085898399353,36.583980560302734,48.5619010925293,12.817558288574219,17.158477783203125,22.25377913672975,0.925515526955357,0.0,0.10236061141073453
2026-04-02 12:10:53,587,346,1,phase_1_3_peak_stabilize,500,-118.412951996928,257,high_altitude,80.2436752319336,95.47560119628906,0.40629085898399353,100.16094207763672,48.5619010925293,-50.70491027832031,-42.5332145690918,117.90291669805687,-0.4679748026136126,0.0,0.2657690243563365
2026-04-02 12:10:58,588,347,1,phase_1_3_peak_stabilize,500,-137.22604971765497,271,high_altitude,78.59601593017578,129.1430206298828,0.40629085898399353,100.18009185791016,48.5619010925293,-50.42359924316406,-58.99357986450195,159.16012796438528,-0.9345783317280811,0.0,0.6330369247619516
2026-04-02 12:11:02,588,348,1,phase_1_3_peak_stabilize,500,-113.09296231452879,256,high_altitude,80.1308364868164,69.98839569091797,0.40629085898399353,100.2404556274414,48.5619010925293,-50.72637176513672,-28.676143646240234,98.33514872602235,-0.14496320927688883,0.0,0.2497644167936433
2026-04-02 12:11:04,588,349,1,phase_1_3_peak_stabilize,500,213.33101298503695,139,success,88.17340087890625,13.861583709716797,0.40629085898399353,35.6839485168457,48.5619010925293,13.75454330444336,20.264699935913086,28.737730649788926,0.8768297348085461,0.0,0.2484423581617712
2026-04-02 12:11:06,588,350,1,phase_1_3_peak_stabilize,500,204.49114018030494,138,success,83.73670196533203,13.5134859085083,0.40629085898399353,36.406829833984375,48.5619010925293,13.006885528564453,25.517629623413086,30.499605266950393,0.8616326570515015,0.0,0.29474033306063036
2026-04-02 12:11:10,588,351,1,phase_1_3_peak_stabilize,500,-125.7179886730797,269,high_altitude,83.24446105957031,126.66261291503906,0.40629085898399353,100.263916015625,48.5619010925293,-50.60625457763672,-57.51975631713867,135.09275431055144,-0.7082505667390081,0.0,0.3000662194217515
2026-04-02 12:11:13,588,352,1,phase_1_3_peak_stabilize,500,212.38056472771603,142,success,89.02537536621094,13.553484916687012,0.40629085898399353,36.869178771972656,48.5619010925293,12.557430267333984,21.868478775024414,30.113013144833086,0.8650374940228095,0.0,0.28421784895850877
2026-04-02 12:11:17,589,353,1,phase_1_3_peak_stabilize,500,-121.84620224382691,266,high_altitude,80.37010192871094,109.28099822998047,0.40629085898399353,100.4854507446289,48.5619010925293,-50.96565246582031,-47.78920364379883,123.37720403479537,-0.5501485400721547,0.0,0.19826792521508502
2026-04-02 12:11:20,589,354,1,phase_1_3_peak_stabilize,500,205.6250420265732,139,success,87.65508270263672,13.924774169921875,0.40629085898399353,36.86709976196289,48.5619010925293,12.535099029541016,28.47675323486328,30.022806836464728,0.865826307985867,0.0,0.1747258709458561
2026-04-02 12:11:24,589,355,1,phase_1_3_peak_stabilize,500,-129.06814992796814,268,high_altitude,89.69883728027344,122.52888488769531,0.40629085898399353,100.31822967529297,48.5619010925293,-50.57599639892578,-61.504417419433594,161.46642329991013,-0.9481375442442749,0.0,0.40187080483322196
2026-04-02 12:11:28,589,356,1,phase_1_3_peak_stabilize,500,-150.5900064742678,275,high_altitude,87.71160125732422,82.50920867919922,0.40629085898399353,100.13509368896484,48.5619010925293,-50.31201171875,-35.57026672363281,114.44690244973295,-0.4138497789542397,0.0,0.6135114023769768
2026-04-02 12:11:32,589,357,1,phase_1_3_peak_stabilize,500,-113.95671033904578,251,high_altitude,84.19165802001953,106.79779052734375,0.40629085898399353,100.03663635253906,48.5619010925293,-50.562774658203125,-54.802040100097656,152.43143540543892,-0.8864576338210087,0.0,0.17929789801559173
2026-04-02 12:11:35,590,358,1,phase_1_3_peak_stabilize,500,205.72976192990146,138,success,85.23045349121094,13.814216613769531,0.40629085898399353,36.86251449584961,48.5619010925293,12.540679931640625,25.66348648071289,31.261116717893454,0.8548112004672997,0.0,0.11662230405120808
2026-04-02 12:11:41,590,359,1,phase_1_3_peak_stabilize,500,-184.75783948362312,411,low_agl,85.88043212890625,252.97653198242188,0.40629085898399353,0.39131030440330505,48.5619010925293,49.51247787475586,-57.59394073486328,45.60882723938109,0.6995532574119356,0.0,0.8678446143442548
2026-04-02 12:11:45,590,360,1,phase_1_3_peak_stabilize,500,-115.98946611006527,248,high_altitude,89.89800262451172,53.62179946899414,0.40629085898399353,100.46988677978516,48.5619010925293,-50.932586669921875,-31.829669952392578,120.38824495210609,-0.5058567964682127,0.0,0.3080837795095263
2026-04-02 12:11:48,590,361,1,phase_1_3_peak_stabilize,500,209.44435173477822,139,success,83.83717346191406,13.592951774597168,0.40629085898399353,36.43125534057617,48.5619010925293,12.978073120117188,20.518041610717773,6.153483482238683,0.9942383173740124,0.0,0.2026508206326263
2026-04-02 12:11:52,590,362,1,phase_1_3_peak_stabilize,500,-127.00234910715407,255,high_altitude,83.08857727050781,85.22701263427734,0.40629085898399353,100.31871032714844,48.5619010925293,-50.70769500732422,-44.419654846191406,146.76721416826072,-0.8364508494649247,0.0,0.4000412729112424
2026-04-02 12:11:54,590,363,1,phase_1_3_peak_stabilize,500,203.10696208041938,134,success,80.72771453857422,13.859142303466797,0.40629085898399353,35.77375793457031,48.5619010925293,13.636543273925781,26.607088088989258,19.49622344802592,0.9426634913448941,0.0,0.060862888020340324
2026-04-02 12:11:58,591,364,1,phase_1_3_peak_stabilize,500,-114.06512109937277,259,high_altitude,79.91905975341797,87.20308685302734,0.40629085898399353,100.23162078857422,48.5619010925293,-50.69166564941406,-38.483436584472656,111.01034058016522,-0.35853643366176474,0.0,0.3646604946665779
2026-04-02 12:12:05,591,365,1,phase_1_3_peak_stabilize,500,-170.02298135879022,398,low_agl,79.8348159790039,208.78427124023438,0.40629085898399353,0.34101158380508423,48.5619010925293,49.70895004272461,-43.96504592895508,62.67366555987526,0.4590579346644356,0.0,0.6441036940653603
2026-04-02 12:12:07,591,366,1,phase_1_3_peak_stabilize,500,207.44922092040355,138,success,89.41850280761719,13.530425071716309,0.40629085898399353,37.19100570678711,48.5619010925293,12.223457336425781,33.635772705078125,14.557680781857586,0.9678950873723753,0.0,0.12487420465220128
2026-04-02 12:12:09,591,367,1,phase_1_3_peak_stabilize,500,203.63734861450024,141,success,85.02000427246094,13.734965324401855,0.40629085898399353,37.041229248046875,48.5619010925293,12.364105224609375,24.338775634765625,33.12750005954529,0.8374565094462412,0.0,0.030003806224590562
2026-04-02 12:12:13,591,368,1,phase_1_3_peak_stabilize,500,-112.79572424934075,247,high_altitude,80.44939422607422,95.82584381103516,0.40629085898399353,100.22857666015625,48.5619010925293,-50.756439208984375,-50.54032897949219,154.9202333955865,-0.9057185440601386,0.0,0.17018537278638354
2026-04-02 12:12:18,592,369,1,phase_1_3_peak_stabilize,500,-128.21096528029528,266,high_altitude,78.6426010131836,116.52354431152344,0.40629085898399353,100.28338623046875,48.5619010925293,-50.854347229003906,-50.30795669555664,136.56437320874406,-0.7261472962179988,0.0,0.10759388315035731
2026-04-02 12:12:20,592,370,1,phase_1_3_peak_stabilize,500,211.62191118354323,138,success,90.02332305908203,13.790384292602539,0.40629085898399353,36.09428405761719,48.5619010925293,13.323844909667969,27.531538009643555,24.52569642261463,0.9097751947644163,0.0,0.17507098797929144
2026-04-02 12:12:24,592,371,1,phase_1_3_peak_stabilize,500,-112.0137894602934,248,high_altitude,78.5714340209961,90.23187255859375,0.40629085898399353,100.28184509277344,48.5619010925293,-50.843505859375,-46.68427658081055,140.43885265694715,-0.7709453071241401,0.0,0.20280408605581293
2026-04-02 12:12:28,592,372,1,phase_1_3_peak_stabilize,500,-114.24874899328383,256,high_altitude,81.71920013427734,106.65525817871094,0.40629085898399353,100.29207611083984,48.5619010925293,-50.86558532714844,-50.93772888183594,132.1838723656914,-0.6715120408008803,0.0,0.10322376829439847
2026-04-02 12:12:35,593,373,1,phase_1_3_peak_stabilize,500,-186.98076383212572,410,low_agl,79.15383911132812,318.6302795410156,0.40629085898399353,0.3896784484386444,48.5619010925293,49.76359176635742,-75.53534698486328,97.94847122654042,-0.13828245042123868,0.0,0.44667897719093713
2026-04-02 12:12:39,593,374,1,phase_1_3_peak_stabilize,500,-144.36683077321243,285,high_altitude,89.84999084472656,115.31424713134766,0.40629085898399353,100.22840118408203,48.5619010925293,-50.405242919921875,-50.31001281738281,130.64605527406303,-0.6513843215153657,0.0,0.4743084197242735
2026-04-02 12:12:44,593,375,1,phase_1_3_peak_stabilize,500,-115.96695395208383,247,high_altitude,88.05541229248047,56.93186950683594,0.40629085898399353,100.2508544921875,48.5619010925293,-50.808006286621094,-36.341102600097656,142.6943996869388,-0.7954142453842195,0.0,0.1020990238593419
2026-04-02 12:12:46,593,376,1,phase_1_3_peak_stabilize,500,207.820632477231,141,success,85.98133850097656,13.668888092041016,0.40629085898399353,35.873138427734375,48.5619010925293,13.52608871459961,23.83226776123047,10.148346295223721,0.9843548547080032,0.0,0.06372719158549713
2026-04-02 12:12:48,593,377,1,phase_1_3_peak_stabilize,500,203.32501995085005,141,success,87.60295867919922,13.500517845153809,0.40629085898399353,36.620033264160156,48.5619010925293,12.790203094482422,30.35890007019043,30.597475047567507,0.8607644589785749,0.0,0.12372991238128672
2026-04-02 12:12:52,593,378,1,phase_1_3_peak_stabilize,500,-119.95762241771344,251,high_altitude,83.59605407714844,95.17388153076172,0.40629085898399353,100.4432144165039,48.5619010925293,-50.933204650878906,-50.361366271972656,163.25283195657028,-0.9575856043023921,0.0,0.3571116508523237
2026-04-02 12:12:55,594,379,1,phase_1_3_peak_stabilize,500,203.42919057902088,137,success,80.13939666748047,13.858675956726074,0.40629085898399353,35.56057357788086,48.5619010925293,13.855155944824219,24.344385147094727,14.42945251792706,0.9684551957669153,0.0,0.18205628943340005
2026-04-02 12:12:59,594,380,1,phase_1_3_peak_stabilize,500,-114.65466668135639,255,high_altitude,88.92423248291016,54.58158493041992,0.40629085898399353,100.13491821289062,48.5619010925293,-50.485198974609375,-28.375831604003906,107.60238354284151,-0.30240954385963364,0.0,0.3424435795803986
2026-04-02 12:13:01,594,381,1,phase_1_3_peak_stabilize,500,204.97474934385764,141,success,86.0452880859375,13.597747802734375,0.40629085898399353,37.04978942871094,48.5619010925293,12.353950500488281,23.30411148071289,35.05723682084358,0.8185786494377374,0.0,0.10080096239598657
2026-04-02 12:13:05,594,382,1,phase_1_3_peak_stabilize,500,-126.22170545132082,282,high_altitude,81.71880340576172,65.75763702392578,0.40629085898399353,100.175048828125,48.5619010925293,-50.342620849609375,-23.70686149597168,96.53772297423097,-0.11385734706248837,0.0,0.5774706435711144
2026-04-02 12:13:09,594,383,1,phase_1_3_peak_stabilize,500,-106.91938641227875,245,high_altitude,87.92839050292969,69.74813079833984,0.40629085898399353,100.01305389404297,48.5619010925293,-50.58650207519531,-39.841678619384766,123.7032499450151,-0.5548916168576271,0.0,0.22986226945921726
2026-04-02 12:13:11,594,384,1,phase_1_3_peak_stabilize,500,209.18173631512354,138,success,84.72000885009766,13.693517684936523,0.40629085898399353,35.82480239868164,48.5619010925293,13.574501037597656,24.41676902770996,5.2433287588227495,0.9958155748267965,0.0,0.060614883121413776
2026-04-02 12:13:16,595,385,1,phase_1_3_peak_stabilize,500,-109.84084380786126,248,high_altitude,88.24748229980469,54.949031829833984,0.40629085898399353,100.57688903808594,48.5619010925293,-51.051116943359375,-31.64529800415039,114.56821343958154,-0.41577630209130706,0.0,0.3494909928979752
2026-04-02 12:13:23,595,386,1,phase_1_3_peak_stabilize,500,-182.38419844277723,429,low_agl,80.03942108154297,232.9258575439453,0.40629085898399353,0.34050631523132324,48.5619010925293,49.72361755371094,-45.46070098876953,61.75778500350074,0.47319997271778647,0.0,0.5605001038322283
2026-04-02 12:13:26,595,387,1,phase_1_3_peak_stabilize,500,-110.2157364991771,251,high_altitude,78.73413848876953,86.76761627197266,0.40629085898399353,100.3963394165039,48.5619010925293,-50.98771667480469,-40.85228729248047,116.93899942124965,-0.453041622771122,0.0,0.19785584008876955
2026-04-02 12:13:34,596,388,1,phase_1_3_peak_stabilize,500,-222.50603063279544,461,low_agl,88.43189239501953,235.688232421875,0.40629085898399353,0.39233654737472534,48.5619010925293,49.75651931762695,-52.13901138305664,94.45183101303327,-0.07762095230004744,0.0,0.38518077474855245
2026-04-02 12:13:37,596,389,1,phase_1_3_peak_stabilize,500,199.54071111616523,149,success,82.54815673828125,10.054195404052734,0.40629085898399353,39.70089340209961,48.5619010925293,9.757705688476562,24.23847198486328,36.12869201103806,0.8076947307041027,0.0,0.3423134388287011
2026-04-02 12:13:41,596,390,1,phase_1_3_peak_stabilize,500,-120.58940122586489,257,high_altitude,83.9886703491211,95.99220275878906,0.40629085898399353,100.4544906616211,48.5619010925293,-50.93284606933594,-49.979671478271484,159.7782464238931,-0.9383618552260665,0.0,0.2185361985224349
2026-04-02 12:13:45,596,391,1,phase_1_3_peak_stabilize,500,-124.8157790208124,288,high_altitude,82.40026092529297,54.78427505493164,0.40629085898399353,100.05476379394531,48.5619010925293,-50.15296173095703,-13.006105422973633,74.96541742420278,0.2594020112502594,0.0,0.5474685851789677
2026-04-02 12:13:48,596,392,1,phase_1_3_peak_stabilize,500,205.31733797498586,139,success,87.28355407714844,13.51977825164795,0.40629085898399353,37.13529968261719,48.5619010925293,12.264324188232422,30.34988021850586,26.25064703712301,0.8968677467410862,0.0,0.0989644782154267
2026-04-02 12:13:50,596,393,1,phase_1_3_peak_stabilize,500,202.72164095771893,157,success,83.22175598144531,4.2492899894714355,0.40629085898399353,45.31026840209961,48.5619010925293,4.179100036621094,24.723709106445312,35.23290587120172,0.8168137094060207,0.0,0.4224568093940393
2026-04-02 12:13:55,597,394,1,phase_1_3_peak_stabilize,500,-152.7472358034839,303,high_altitude,84.69727325439453,112.91544342041016,0.40629085898399353,100.19644165039062,48.5619010925293,-50.34361267089844,-47.32158660888672,139.80308498862402,-0.7638307810405687,0.0,0.4359482739402736
2026-04-02 12:13:58,597,395,1,phase_1_3_peak_stabilize,500,207.76996137997912,142,success,89.0206527709961,13.51665210723877,0.40629085898399353,36.82252883911133,48.5619010925293,12.582382202148438,27.339200973510742,28.58793435600679,0.8780837613870318,0.0,0.18373959363791068
2026-04-02 12:14:02,597,396,1,phase_1_3_peak_stabilize,500,-113.2352045629842,257,high_altitude,89.89006805419922,53.746055603027344,0.40629085898399353,100.24969482421875,48.5619010925293,-50.74211120605469,-28.677576065063477,117.99396311969313,-0.4693785297862821,0.0,0.20959219040968025
2026-04-02 12:14:04,597,397,1,phase_1_3_peak_stabilize,500,208.5354306879176,138,success,82.70574188232422,13.594048500061035,0.40629085898399353,36.05531692504883,48.5619010925293,13.344924926757812,20.600017547607422,9.51642658472425,0.9862382421870709,0.0,0.03412175794108825
2026-04-02 12:14:08,597,398,1,phase_1_3_peak_stabilize,500,-106.7163733060194,245,high_altitude,87.62487030029297,73.90284729003906,0.40629085898399353,100.00837707519531,48.5619010925293,-50.584922790527344,-40.621116638183594,121.82941486697878,-0.5273920492800318,0.0,0.2554986333451892
2026-04-02 12:14:12,598,399,1,phase_1_3_peak_stabilize,500,-109.65681743139045,256,high_altitude,88.04149627685547,59.37239074707031,0.40629085898399353,100.35845947265625,48.5619010925293,-50.86558532714844,-30.6717529296875,110.35549619349025,-0.34784391975030915,0.0,0.3270556348370966
2026-04-02 12:14:17,598,400,1,phase_1_3_peak_stabilize,500,-139.2125572798144,287,high_altitude,83.45462799072266,125.8944091796875,0.40629085898399353,100.23399353027344,48.5619010925293,-50.45954132080078,-55.95340347290039,151.07086172277238,-0.8752186362533774,0.0,0.3240274824336451
2026-04-02 12:14:19,598,401,1,phase_1_3_peak_stabilize,500,208.7464154444933,140,success,82.72636413574219,13.800616264343262,0.40629085898399353,36.47098922729492,48.5619010925293,12.936103820800781,16.079574584960938,19.336291153515486,0.943591414417379,0.0,0.19116113963678563
2026-04-02 12:14:24,598,402,1,phase_1_3_peak_stabilize,500,-130.74805777076503,267,high_altitude,85.84168243408203,97.77013397216797,0.40629085898399353,100.45841217041016,48.5619010925293,-50.97364807128906,-48.77669906616211,158.6184256613116,-0.9311731078779893,0.0,0.2108435800943634
2026-04-02 12:14:26,598,403,1,phase_1_3_peak_stabilize,500,206.3168658457639,137,success,83.66650390625,13.849752426147461,0.40629085898399353,35.658634185791016,48.5619010925293,13.746818542480469,26.009723663330078,15.114727104901732,0.9654056398273877,0.0,0.19234842328308277
2026-04-02 12:14:30,598,404,1,phase_1_3_peak_stabilize,500,-145.4058839059798,271,high_altitude,89.09204864501953,79.63949584960938,0.40629085898399353,100.20966339111328,48.5619010925293,-50.55403137207031,-40.87007522583008,152.19060293530427,-0.8845044713763616,0.0,0.3187619200040016
2026-04-02 12:14:35,599,405,1,phase_1_3_peak_stabilize,500,-120.82193105419208,256,high_altitude,79.1111831665039,106.7979507446289,0.40629085898399353,100.09208679199219,48.5619010925293,-50.628150939941406,-51.961490631103516,144.94445524483774,-0.8185956121653181,0.0,0.23412432042216855
2026-04-02 12:14:39,599,406,1,phase_1_3_peak_stabilize,500,-113.27406105127048,256,high_altitude,87.26393127441406,52.31648635864258,0.40629085898399353,100.02926635742188,48.5619010925293,-50.465576171875,-26.312963485717773,108.90283107024443,-0.3239641652966922,0.0,0.30875272773743184
2026-04-02 12:14:43,599,407,1,phase_1_3_peak_stabilize,500,-118.43561873991769,255,high_altitude,79.2706527709961,98.4991226196289,0.40629085898399353,100.54365539550781,48.5619010925293,-51.13311767578125,-47.05589294433594,131.45708559648867,-0.6620588963384244,0.0,0.11297359705425067
2026-04-02 12:14:47,599,408,1,phase_1_3_peak_stabilize,500,-138.56767507413036,277,high_altitude,79.12191009521484,148.98306274414062,0.40629085898399353,100.42115783691406,48.5619010925293,-50.860572814941406,-64.41188049316406,161.70338988297456,-0.9494440532242612,0.0,0.1652493924193885
2026-04-02 12:14:49,599,409,1,phase_1_3_peak_stabilize,500,210.94623929593035,135,success,84.88262176513672,13.80495548248291,0.40629085898399353,36.09792709350586,48.5619010925293,13.320919036865234,19.54656982421875,32.805784489259345,0.8405119092269656,0.0,0.17592267904491043
2026-04-02 12:14:54,600,410,1,phase_1_3_peak_stabilize,500,-109.44605340093193,251,high_altitude,88.38561248779297,61.29875946044922,0.40629085898399353,100.5431137084961,48.5619010925293,-51.053558349609375,-33.74814224243164,118.85559148349024,-0.4826036876406007,0.0,0.3156419612967636
2026-04-02 12:14:56,600,411,1,phase_1_3_peak_stabilize,500,202.68884727365193,141,success,81.01710510253906,13.898626327514648,0.40629085898399353,37.58158874511719,48.5619010925293,11.847942352294922,16.762012481689453,32.43135693405384,0.8440345508491724,0.0,0.28770783266192435
2026-04-02 12:15:00,600,412,1,phase_1_3_peak_stabilize,500,-129.41888413743865,266,high_altitude,81.6144027709961,90.08880615234375,0.40629085898399353,100.40983581542969,48.5619010925293,-50.780052185058594,-43.27101516723633,138.92511881233224,-0.7538515171134972,0.0,0.32100239586328877
2026-04-02 12:15:03,600,413,1,phase_1_3_peak_stabilize,500,205.61551167243488,140,success,79.90876007080078,13.687536239624023,0.40629085898399353,36.53534698486328,48.5619010925293,12.87259292602539,15.642187118530273,21.486219553276644,0.9305056898077254,0.0,0.16083651050013317
2026-04-02 12:15:05,600,414,1,phase_1_3_peak_stabilize,500,205.2691393219386,145,success,87.72691345214844,10.322413444519043,0.40629085898399353,39.65437698364258,48.5619010925293,9.764884948730469,30.55113983154297,36.725022167093535,0.8015145734161156,0.0,0.13531911845208636
2026-04-02 12:15:07,600,415,1,phase_1_3_peak_stabilize,500,209.59168885679676,140,success,88.89698028564453,13.542461395263672,0.40629085898399353,37.414878845214844,48.5619010925293,11.990055084228516,25.7869873046875,31.00655556752708,0.8571083663728246,0.0,0.08240947998328615
2026-04-02 12:15:09,600,416,1,phase_1_3_peak_stabilize,500,206.51547284493498,142,success,83.54759979248047,13.622152328491211,0.40629085898399353,36.091941833496094,48.5619010925293,13.311473846435547,20.34441375732422,12.904742559315943,0.974742711708742,0.0,0.02560986466892779
2026-04-02 12:15:12,601,417,1,phase_1_3_peak_stabilize,500,202.95260204224056,142,success,82.76691436767578,13.729809761047363,0.40629085898399353,37.019893646240234,48.5619010925293,12.393070220947266,21.39885902404785,27.696239499483283,0.8854241328790811,0.0,0.15142377610574098
2026-04-02 12:15:14,601,418,1,phase_1_3_peak_stabilize,500,210.57729949762805,138,success,86.25934600830078,13.946590423583984,0.40629085898399353,35.863067626953125,48.5619010925293,13.556747436523438,20.80841064453125,30.592506084946322,0.8608085989455341,0.0,0.2127089258981074
2026-04-02 12:15:17,601,419,1,phase_1_3_peak_stabilize,500,204.82670422300407,140,success,86.21476745605469,13.915190696716309,0.40629085898399353,35.82940673828125,48.5619010925293,13.571296691894531,29.281179428100586,12.277080617990329,0.9771307123956634,0.0,0.059800656847415486
2026-04-02 12:15:21,601,420,1,phase_1_3_peak_stabilize,500,-140.95851289188514,289,high_altitude,90.16004180908203,91.51252746582031,0.40629085898399353,100.14920043945312,48.5619010925293,-50.43858337402344,-40.64501953125,138.12714781159966,-0.744627894220128,0.0,0.31924820129402287
2026-04-02 12:15:26,601,421,1,phase_1_3_peak_stabilize,500,-131.59148803431762,269,high_altitude,79.1061782836914,103.5293197631836,0.40629085898399353,100.4620132446289,48.5619010925293,-50.85424041748047,-48.67577362060547,155.67905375199658,-0.9112527739064188,0.0,0.3132573216172812
2026-04-02 12:15:30,602,422,1,phase_1_3_peak_stabilize,500,-120.72781503830655,249,high_altitude,89.24346160888672,73.40271759033203,0.40629085898399353,100.13059997558594,48.5619010925293,-50.693939208984375,-42.15357971191406,148.2155557817619,-0.850035729954129,0.0,0.11257135432101396
2026-04-02 12:15:34,602,423,1,phase_1_3_peak_stabilize,500,-122.26770471235831,268,high_altitude,85.91767120361328,55.95882034301758,0.40629085898399353,100.31455993652344,48.5619010925293,-50.79602813720703,-27.71143341064453,125.05596891013612,-0.5743763444899715,0.0,0.11814262077283529
2026-04-02 12:15:39,602,424,1,phase_1_3_peak_stabilize,500,-129.72183654161498,265,high_altitude,82.46002960205078,120.43704986572266,0.40629085898399353,100.23899841308594,48.5619010925293,-50.619544982910156,-58.662208557128906,173.331254190166,-0.9932341443206409,0.0,0.2923114448845514
2026-04-02 12:15:44,602,425,1,phase_1_3_peak_stabilize,500,-164.87339296261143,331,high_altitude,81.12149047851562,128.9012908935547,0.40629085898399353,100.0749282836914,48.5619010925293,-50.253211975097656,-46.01700210571289,134.55538234741152,-0.7015983677125113,0.0,0.2403780285872359
2026-04-02 12:15:46,602,426,1,phase_1_3_peak_stabilize,500,205.0046698856393,140,success,84.6217041015625,13.483631134033203,0.40629085898399353,36.3343505859375,48.5619010925293,13.076435089111328,25.83708381652832,20.628924944507908,0.9358817943042763,0.0,0.16898534920865627
2026-04-02 12:15:51,603,427,1,phase_1_3_peak_stabilize,500,-119.12156432010926,259,high_altitude,89.94207763671875,79.83466339111328,0.40629085898399353,100.02985382080078,48.5619010925293,-50.467315673828125,-43.07124328613281,140.2571969457815,-0.7689221461966635,0.0,0.28820493910054873
2026-04-02 12:15:53,603,428,1,phase_1_3_peak_stabilize,500,209.7102941714338,134,success,84.47980499267578,13.606319427490234,0.40629085898399353,36.17702102661133,48.5619010925293,13.241462707519531,23.899192810058594,25.61805540676394,0.901696320047821,0.0,0.1924106659138733
2026-04-02 12:15:57,603,429,1,phase_1_3_peak_stabilize,500,-120.53532592828802,251,high_altitude,87.58609008789062,85.08906555175781,0.40629085898399353,100.15911102294922,48.5619010925293,-50.688209533691406,-46.777645111083984,152.67759542312618,-0.888437817319482,0.0,0.3537960643807971
2026-04-02 12:16:01,603,430,1,phase_1_3_peak_stabilize,500,-107.20457160691709,244,high_altitude,86.35250854492188,80.65998840332031,0.40629085898399353,100.38797760009766,48.5619010925293,-50.93231201171875,-43.97012710571289,127.75684427401261,-0.6123117275812903,0.0,0.22606403238372474
2026-04-02 12:16:03,603,431,1,phase_1_3_peak_stabilize,500,200.80307299295768,141,success,84.53054809570312,13.832499504089355,0.40629085898399353,36.158267974853516,48.5619010925293,13.266242980957031,28.58464241027832,28.980605346485408,0.8747837653566356,0.0,0.19212919031161402
2026-04-02 12:16:05,603,432,1,phase_1_3_peak_stabilize,500,206.1890449062315,137,success,82.67909240722656,13.65346908569336,0.40629085898399353,35.841041564941406,48.5619010925293,13.561004638671875,24.935352325439453,4.847473192643613,0.9964231847943065,0.0,0.06366528006555239
2026-04-02 12:16:11,604,433,1,phase_1_3_peak_stabilize,500,-160.42505191278,306,high_altitude,89.97859954833984,155.88999938964844,0.40629085898399353,100.01235961914062,48.5619010925293,-50.28583526611328,-61.96033477783203,163.10980779535024,-0.9568633319525561,0.0,0.2569175981141941
2026-04-02 12:16:13,604,434,1,phase_1_3_peak_stabilize,500,206.61800364034116,142,success,89.49861907958984,13.510919570922852,0.40629085898399353,36.63755798339844,48.5619010925293,12.766063690185547,32.169612884521484,11.852716695989207,0.9786788217494532,0.0,0.184601301126922
2026-04-02 12:16:15,604,435,1,phase_1_3_peak_stabilize,500,207.73476447851897,137,success,83.85543060302734,13.773019790649414,0.40629085898399353,36.13103103637695,48.5619010925293,13.269195556640625,23.50710678100586,18.142304077158265,0.9502860860368286,0.0,0.09843875988006427
2026-04-02 12:16:17,604,436,1,phase_1_3_peak_stabilize,500,207.89688247571576,137,success,81.44720458984375,13.898042678833008,0.40629085898399353,35.70998764038086,48.5619010925293,13.692878723144531,20.7150936126709,10.766585136815657,0.9823963643407858,0.0,0.07962178771240212
2026-04-02 12:16:21,604,437,1,phase_1_3_peak_stabilize,500,-121.75456440060857,259,high_altitude,88.91715240478516,107.86876678466797,0.40629085898399353,100.17410278320312,48.5619010925293,-50.56891632080078,-57.92898178100586,173.92381408179963,-0.9943820252205822,0.0,0.3672781119348601
2026-04-02 12:16:24,604,438,1,phase_1_3_peak_stabilize,500,204.4301739616442,140,success,83.6292724609375,13.92879581451416,0.40629085898399353,36.13623809814453,48.5619010925293,13.272087097167969,25.597070693969727,13.172596965354456,0.9736880056149444,0.0,0.07437331838930547
2026-04-02 12:16:28,604,439,1,phase_1_3_peak_stabilize,500,-130.78374785076994,265,high_altitude,82.12557983398438,104.26644897460938,0.40629085898399353,100.23806762695312,48.5619010925293,-50.7037353515625,-50.441505432128906,156.82174440013972,-0.9192847784969221,0.0,0.22820015799100682
2026-04-02 12:16:36,605,440,1,phase_1_3_peak_stabilize,500,-241.59665075786734,500,timeout,79.69652557373047,434.2392578125,0.40629085898399353,13.498059272766113,48.5619010925293,36.45783233642578,-97.91963958740234,101.15336673983965,-0.19343588371704518,0.0,0.3858540031051191
2026-04-02 12:16:38,605,441,1,phase_1_3_peak_stabilize,500,206.79662085826158,136,success,82.651123046875,13.755982398986816,0.40629085898399353,36.266456604003906,48.5619010925293,13.13833999633789,22.137392044067383,27.73200920016664,0.8851337961833151,0.0,0.10153645048995476
2026-04-02 12:16:41,605,442,1,phase_1_3_peak_stabilize,500,201.54871319117493,147,success,86.88327026367188,11.315393447875977,0.40629085898399353,38.739288330078125,48.5619010925293,10.68536376953125,29.05466651916504,36.27349543653692,0.8062020565086963,0.0,0.236192840482872
2026-04-02 12:16:43,605,443,1,phase_1_3_peak_stabilize,500,209.70281933888901,142,success,89.20362091064453,13.559380531311035,0.40629085898399353,36.496620178222656,48.5619010925293,12.908302307128906,28.599950790405273,12.84530710693214,0.9749738581550251,0.0,0.11963845554347516
2026-04-02 12:16:45,605,444,1,phase_1_3_peak_stabilize,500,209.00683141280268,141,success,83.89948272705078,13.884384155273438,0.40629085898399353,36.38767623901367,48.5619010925293,13.030635833740234,13.636561393737793,36.257536699541184,0.8063668162885648,0.0,0.047689003698081024
2026-04-02 12:16:50,606,445,1,phase_1_3_peak_stabilize,500,-113.7225224183052,253,high_altitude,88.45043182373047,58.32563400268555,0.40629085898399353,100.18292236328125,48.5619010925293,-50.72425842285156,-32.303619384765625,121.66094142091124,-0.5248915304003955,0.0,0.25767002219723667
2026-04-02 12:16:54,606,446,1,phase_1_3_peak_stabilize,500,-138.89324214545502,284,high_altitude,81.86300659179688,145.96449279785156,0.40629085898399353,100.1439437866211,48.5619010925293,-50.58050537109375,-62.120635986328125,167.234080921879,-0.975280964215871,0.0,0.22260103078145127
2026-04-02 12:16:58,606,447,1,phase_1_3_peak_stabilize,500,-113.4973091547225,254,high_altitude,79.65460205078125,90.19551086425781,0.40629085898399353,100.0802230834961,48.5619010925293,-50.66020202636719,-42.93011474609375,123.36858433606281,-0.5500229046222277,0.0,0.11850202680408176
2026-04-02 12:17:02,606,448,1,phase_1_3_peak_stabilize,500,-114.62341847128765,259,high_altitude,82.68627166748047,98.1390380859375,0.40629085898399353,100.23456573486328,48.5619010925293,-50.81745147705078,-47.83320617675781,134.74546651201297,-0.7039585293372148,0.0,0.18659726882924657
2026-04-02 12:17:07,606,449,1,phase_1_3_peak_stabilize,500,-124.27358856050407,276,high_altitude,88.90192413330078,136.8641357421875,0.40629085898399353,100.12039184570312,48.5619010925293,-50.49987030029297,-63.02295684814453,153.33625788554718,-0.8936555472451213,0.0,0.22279638292228734
2026-04-02 12:17:11,607,450,1,phase_1_3_peak_stabilize,500,-115.8673201579469,258,high_altitude,88.25492858886719,99.18711853027344,0.40629085898399353,100.03911590576172,48.5619010925293,-50.60078430175781,-51.195438385009766,145.0879848400564,-0.8200318765051012,0.0,0.0957517087978567
2026-04-02 12:17:14,607,451,1,phase_1_3_peak_stabilize,500,208.3601527319989,137,success,80.82292938232422,13.796210289001465,0.40629085898399353,36.90225601196289,48.5619010925293,12.50106430053711,15.524964332580566,26.20138771282888,0.897247676069672,0.0,0.10350019895514458
2026-04-02 12:17:18,607,452,1,phase_1_3_peak_stabilize,500,-141.22566210376388,281,high_altitude,79.3444595336914,146.6868896484375,0.40629085898399353,100.41867065429688,48.5619010925293,-50.79228210449219,-63.31819534301758,175.19926994702948,-0.9964917929599206,0.0,0.33212760951945497
2026-04-02 12:17:20,607,453,1,phase_1_3_peak_stabilize,500,212.05274472758288,138,success,82.67530822753906,13.9375581741333,0.40629085898399353,36.98832702636719,48.5619010925293,12.424064636230469,9.71814250946045,35.35262201187912,0.8156065256890979,0.0,0.10580322732341403
2026-04-02 12:17:23,607,454,1,phase_1_3_peak_stabilize,500,204.00188251815433,139,success,84.3113784790039,13.659720420837402,0.40629085898399353,36.21295928955078,48.5619010925293,13.205902099609375,27.876005172729492,19.755408636460395,0.9411441122268419,0.0,0.20790611404039447
2026-04-02 12:17:26,607,455,1,phase_1_3_peak_stabilize,500,-118.6381602762964,255,high_altitude,78.93110656738281,99.00613403320312,0.40629085898399353,100.31707000732422,48.5619010925293,-50.7586669921875,-48.901092529296875,139.67776467773263,-0.7624172663624229,0.0,0.40356155351666817
2026-04-02 12:17:31,608,456,1,phase_1_3_peak_stabilize,500,-129.70576696827914,270,high_altitude,79.524169921875,122.17818450927734,0.40629085898399353,100.20834350585938,48.5619010925293,-50.653358459472656,-55.186710357666016,154.54181359481112,-0.9028992244682389,0.0,0.2702814733984471
2026-04-02 12:17:35,608,457,1,phase_1_3_peak_stabilize,500,-107.63346765112547,241,high_altitude,88.81807708740234,58.40623092651367,0.40629085898399353,100.56484985351562,48.5619010925293,-51.08436584472656,-36.48444366455078,127.92224413495363,-0.6145915025896915,0.0,0.23841547309168393
2026-04-02 12:17:37,608,458,1,phase_1_3_peak_stabilize,500,207.07094301524052,142,success,86.21375274658203,13.974543571472168,0.40629085898399353,36.272579193115234,48.5619010925293,13.1295166015625,22.0848331451416,16.90226957296411,0.956802068150956,0.0,0.09114519173552048
2026-04-02 12:17:40,608,459,1,phase_1_3_peak_stabilize,500,208.3090047079556,140,success,81.24036407470703,13.775850296020508,0.40629085898399353,36.73094940185547,48.5619010925293,12.238754272460938,12.903127670288086,25.6608397117249,0.9013732063966753,0.0,0.04231151200858022
2026-04-02 12:17:44,608,460,1,phase_1_3_peak_stabilize,500,-120.52424755730623,259,high_altitude,89.02278137207031,72.76280975341797,0.40629085898399353,100.3454818725586,48.5619010925293,-50.778221130371094,-39.20866394042969,142.6688001379296,-0.7951433778156833,0.0,0.32510148751011164
2026-04-02 12:17:46,608,461,1,phase_1_3_peak_stabilize,500,203.08031832635328,138,success,81.96241760253906,13.944710731506348,0.40629085898399353,36.61866760253906,48.5619010925293,12.79880142211914,23.487979888916016,28.44535415708277,0.8792718030009357,0.0,0.17677127531140874
2026-04-02 12:17:51,609,462,1,phase_1_3_peak_stabilize,500,-175.07290360671988,318,high_altitude,90.12571716308594,111.5391845703125,0.40629085898399353,100.01219940185547,48.5619010925293,-50.33196258544922,-48.562320709228516,166.8828452740003,-0.9739080627608385,0.0,0.2687348484885664
2026-04-02 12:17:55,609,463,1,phase_1_3_peak_stabilize,500,-120.96954840317488,255,high_altitude,81.96842193603516,88.01432800292969,0.40629085898399353,100.54007720947266,48.5619010925293,-51.10197448730469,-44.93791961669922,149.6945376238798,-0.8633474468114133,0.0,0.2014895555974727
2026-04-02 12:18:00,609,464,1,phase_1_3_peak_stabilize,500,-131.8725352492762,268,high_altitude,89.66861724853516,67.13729095458984,0.40629085898399353,100.40763854980469,48.5619010925293,-50.714393615722656,-32.55533981323242,121.05444794337079,-0.5158524047884399,0.0,0.46276597911028533
2026-04-02 12:18:02,609,465,1,phase_1_3_peak_stabilize,500,203.14872931966954,142,success,89.60183715820312,13.498458862304688,0.40629085898399353,37.7626953125,48.5619010925293,11.640052795410156,33.31591033935547,28.214106149900942,0.8811870839439706,0.0,0.14603425647858181
2026-04-02 12:18:06,609,466,1,phase_1_3_peak_stabilize,500,-108.99597129844246,247,high_altitude,80.1884536743164,85.54157257080078,0.40629085898399353,100.15287017822266,48.5619010925293,-50.743896484375,-45.17244338989258,134.28321296936485,-0.6982055653901195,0.0,0.0938072317462865
2026-04-02 12:18:08,610,467,1,phase_1_3_peak_stabilize,500,206.17602260838171,140,success,86.67142486572266,13.949453353881836,0.40629085898399353,36.403953552246094,48.5619010925293,13.000606536865234,27.38416290283203,20.65715240880028,0.9357081088685898,0.0,0.13603996807251656
2026-04-02 12:18:11,610,468,1,phase_1_3_peak_stabilize,500,205.29175122183085,139,success,86.90804290771484,13.946167945861816,0.40629085898399353,36.21128845214844,48.5619010925293,13.189395904541016,31.169612884521484,21.021445670824786,0.9334462248523316,0.0,0.1019683109187984
2026-04-02 12:18:13,610,469,1,phase_1_3_peak_stabilize,500,213.90943934177676,140,success,86.87723541259766,13.869638442993164,0.40629085898399353,36.38569641113281,48.5619010925293,13.035724639892578,14.076326370239258,30.49783624795536,0.8616483268090386,0.0,0.16425369801962753
2026-04-02 12:18:17,610,470,1,phase_1_3_peak_stabilize,500,-111.8772339240118,252,high_altitude,88.65657806396484,58.229740142822266,0.40629085898399353,100.32052612304688,48.5619010925293,-50.85125732421875,-32.088356018066406,120.50792352674306,-0.5076575142081806,0.0,0.1759738466179007
2026-04-02 12:18:21,610,471,1,phase_1_3_peak_stabilize,500,-109.89055262174439,254,high_altitude,90.02928161621094,62.276580810546875,0.40629085898399353,100.36957550048828,48.5619010925293,-50.82417297363281,-36.163265228271484,125.13693397255746,-0.5755325277416034,0.0,0.29406165424175124
2026-04-02 12:18:23,610,472,1,phase_1_3_peak_stabilize,500,199.28723558632146,139,success,80.77030181884766,13.99630069732666,0.40629085898399353,35.515892028808594,48.5619010925293,13.924034118652344,24.605627059936523,27.71312714220614,0.8852871016948098,0.0,0.2644187593919599
2026-04-02 12:18:28,611,473,1,phase_1_3_peak_stabilize,500,-116.42160253930646,260,high_altitude,83.69284057617188,91.29965209960938,0.40629085898399353,100.40750122070312,48.5619010925293,-50.780242919921875,-42.25654602050781,115.93324040558693,-0.43732359734264725,0.0,0.3891762318805804
2026-04-02 12:18:30,611,474,1,phase_1_3_peak_stabilize,500,206.55331723909805,139,success,83.74481201171875,13.782645225524902,0.40629085898399353,35.760623931884766,48.5619010925293,13.649932861328125,24.72672462463379,8.786730154935107,0.988263786842346,0.0,0.13962812625334978
2026-04-02 12:18:34,611,475,1,phase_1_3_peak_stabilize,500,-125.37043001303553,269,high_altitude,87.7492904663086,55.08530044555664,0.40629085898399353,100.09546661376953,48.5619010925293,-50.509033203125,-27.41794776916504,120.72050633447053,-0.5108506289601572,0.0,0.23085695067919362
2026-04-02 12:18:37,611,476,1,phase_1_3_peak_stabilize,500,202.06738362687148,142,success,83.12149810791016,13.987460136413574,0.40629085898399353,37.20323944091797,48.5619010925293,12.211490631103516,19.844167709350586,32.38968594992759,0.8444243682171589,0.0,0.17033311052676373
2026-04-02 12:18:39,611,477,1,phase_1_3_peak_stabilize,500,206.99807956704834,135,success,84.59051513671875,13.946890830993652,0.40629085898399353,36.03007888793945,48.5619010925293,13.37112808227539,27.617319107055664,20.198389092818033,0.9385027306664974,0.0,0.051928524707264355
2026-04-02 12:18:43,611,478,1,phase_1_3_peak_stabilize,500,-138.84276737338976,274,high_altitude,82.37153625488281,116.64569091796875,0.40629085898399353,100.30322265625,48.5619010925293,-50.72136688232422,-54.293094635009766,167.90848014014773,-0.9778142509307587,0.0,0.12656146831338555
2026-04-02 12:18:46,612,479,1,phase_1_3_peak_stabilize,500,202.9828199180188,140,success,83.0352554321289,13.745938301086426,0.40629085898399353,36.538089752197266,48.5619010925293,12.894912719726562,24.219011306762695,22.206440803139685,0.9258281046601251,0.0,0.31270517376960444
2026-04-02 12:18:50,612,480,1,phase_1_3_peak_stabilize,500,-127.52661510308,261,high_altitude,87.16325378417969,80.6468505859375,0.40629085898399353,100.31817626953125,48.5619010925293,-50.78950500488281,-40.70578384399414,135.43216007078772,-0.7124200516988162,0.0,0.121738947539924
2026-04-02 12:18:52,612,481,1,phase_1_3_peak_stabilize,500,206.6834421840094,134,success,82.09856414794922,13.50210952758789,0.40629085898399353,36.05536651611328,48.5619010925293,13.345897674560547,27.402807235717773,12.772105408276174,0.9752571001668445,0.0,0.07130168922428473
2026-04-02 12:18:56,612,482,1,phase_1_3_peak_stabilize,500,-129.24591713007362,267,high_altitude,80.2098617553711,92.85308074951172,0.40629085898399353,100.24931335449219,48.5619010925293,-50.680938720703125,-43.00443649291992,147.73274336971207,-0.8455670666507104,0.0,0.2585345658752132
2026-04-02 12:19:00,612,483,1,phase_1_3_peak_stabilize,500,-110.14821614617875,250,high_altitude,81.53247833251953,93.11739349365234,0.40629085898399353,100.04713439941406,48.5619010925293,-50.573509216308594,-47.36590576171875,135.71367314761895,-0.7158593841558653,0.0,0.21798040210191827
2026-04-02 12:19:04,612,484,1,phase_1_3_peak_stabilize,500,-115.48298672702941,248,high_altitude,87.58349609375,58.91661071777344,0.40629085898399353,100.33865356445312,48.5619010925293,-50.937110900878906,-36.696311950683594,144.97086075616903,-0.8188602313007917,0.0,0.10095847839208631
2026-04-02 12:19:09,613,485,1,phase_1_3_peak_stabilize,500,-129.6434401583087,275,high_altitude,81.68964385986328,89.82547760009766,0.40629085898399353,100.30225372314453,48.5619010925293,-50.59027862548828,-41.61017608642578,135.02856419273166,-0.7074592137563385,0.0,0.2856897883327652
2026-04-02 12:19:11,613,486,1,phase_1_3_peak_stabilize,500,206.1604660894681,138,success,87.08949279785156,13.926382064819336,0.40629085898399353,35.949363708496094,48.5619010925293,13.464115142822266,30.74917984008789,15.813202739994747,0.9621552260969243,0.0,0.07377890204158431
2026-04-02 12:19:15,613,487,1,phase_1_3_peak_stabilize,500,-118.11282267688878,250,high_altitude,80.1535873413086,80.82808685302734,0.40629085898399353,100.17180633544922,48.5619010925293,-50.74761962890625,-40.524166107177734,137.5839018857735,-0.7382658560455579,0.0,0.12184112152632741
2026-04-02 12:19:17,613,488,1,phase_1_3_peak_stabilize,500,202.29467065803198,141,success,89.71400451660156,13.841691970825195,0.40629085898399353,37.160160064697266,48.5619010925293,12.244407653808594,32.404212951660156,33.65532000313095,0.8323865440555965,0.0,0.09630667319317483
2026-04-02 12:19:19,613,489,1,phase_1_3_peak_stabilize,500,202.54429557164974,138,success,78.96016693115234,13.646495819091797,0.40629085898399353,36.53453063964844,48.5619010925293,12.892776489257812,17.303071975708008,31.816387191753396,0.8497419433626071,0.0,0.20741000812647242
2026-04-02 12:19:24,613,490,1,phase_1_3_peak_stabilize,500,-130.14071169159698,267,high_altitude,81.44003295898438,91.50679016113281,0.40629085898399353,100.1561279296875,48.5619010925293,-50.5545654296875,-43.10254669189453,141.63229161062347,-0.7840434085787678,0.0,0.18238765600907322
2026-04-02 12:19:29,614,491,1,phase_1_3_peak_stabilize,500,-119.77485258775457,257,high_altitude,79.5667724609375,76.0280990600586,0.40629085898399353,100.4482421875,48.5619010925293,-50.94513702392578,-37.89601135253906,135.9261056911847,-0.7184433021427975,0.0,0.157928889954067
2026-04-02 12:19:31,614,492,1,phase_1_3_peak_stabilize,500,200.46308757381848,139,success,85.37225341796875,13.763671875,0.40629085898399353,37.069541931152344,48.5619010925293,12.346351623535156,30.299297332763672,35.78089877850101,0.811258786639623,0.0,0.1395404871390576
2026-04-02 12:19:35,614,493,1,phase_1_3_peak_stabilize,500,-118.51998629212653,258,high_altitude,90.10234832763672,55.788394927978516,0.40629085898399353,100.4476318359375,48.5619010925293,-50.93550109863281,-31.71981430053711,126.79589129930517,-0.5989661762444796,0.0,0.16720921978702177
2026-04-02 12:19:38,614,494,1,phase_1_3_peak_stabilize,500,210.2842602151104,134,success,82.63095092773438,13.777372360229492,0.40629085898399353,36.17203903198242,48.5619010925293,13.234477996826172,21.09141731262207,14.361703871549704,0.9687491674711511,0.0,0.10061314883202385
2026-04-02 12:19:42,614,495,1,phase_1_3_peak_stabilize,500,-111.52347508646439,260,high_altitude,84.41992950439453,67.23441314697266,0.40629085898399353,100.3251953125,48.5619010925293,-50.721229553222656,-27.941959381103516,100.68628425344833,-0.18543138736590045,0.0,0.2626592029133777
2026-04-02 12:19:44,614,496,1,phase_1_3_peak_stabilize,500,205.4379321105593,136,success,78.72711944580078,13.707106590270996,0.40629085898399353,36.461971282958984,48.5619010925293,12.952625274658203,19.67725944519043,4.746893107586475,0.9965699913492382,0.0,0.1523330603453537
2026-04-02 12:19:47,615,497,1,phase_1_3_peak_stabilize,500,201.851894255285,136,success,78.43728637695312,13.773316383361816,0.40629085898399353,35.75835418701172,48.5619010925293,13.666069030761719,22.448148727416992,15.36790514196118,0.9642440071351871,0.0,0.2317703553230222
2026-04-02 12:19:49,615,498,1,phase_1_3_peak_stabilize,500,205.06565812828273,136,success,83.46711730957031,13.939913749694824,0.40629085898399353,35.91239547729492,48.5619010925293,13.492164611816406,28.48556137084961,17.126053890930407,0.955659208151692,0.0,0.04079037293016352
2026-04-02 12:19:53,615,499,1,phase_1_3_peak_stabilize,500,-131.14684943638235,279,high_altitude,81.05974578857422,84.30933380126953,0.40629085898399353,100.42217254638672,48.5619010925293,-50.88336181640625,-35.66127014160156,132.19279259274742,-0.6716273959856078,0.0,0.16703182426509605
2026-04-02 12:19:55,615,500,1,phase_1_3_peak_stabilize,500,211.50623856029938,139,success,85.53108215332031,13.622956275939941,0.40629085898399353,36.18364715576172,48.5619010925293,13.237281799316406,20.26169204711914,19.955990801816156,0.9399550510796184,0.0,0.2147602291321329
2026-04-02 12:19:58,615,501,1,phase_1_3_peak_stabilize,500,204.7921660667562,136,success,79.23655700683594,13.916790008544922,0.40629085898399353,35.784366607666016,48.5619010925293,13.637290954589844,19.998199462890625,11.307264619061158,0.9805898063546903,0.0,0.26555588875385194
2026-04-02 12:20:02,615,502,1,phase_1_3_peak_stabilize,500,-110.63449013708241,249,high_altitude,85.3675537109375,82.77593994140625,0.40629085898399353,100.61204528808594,48.5619010925293,-51.203094482421875,-44.03483200073242,133.68684183217437,-0.6907163610310126,0.0,0.16375197831163774
2026-04-02 12:20:06,616,503,1,phase_1_3_peak_stabilize,500,-138.80988445355,275,high_altitude,88.9656982421875,112.13187408447266,0.40629085898399353,100.40174865722656,48.5619010925293,-50.82160186767578,-53.15596389770508,158.9123560220539,-0.933031147618649,0.0,0.1170383416917352
2026-04-02 12:20:08,616,504,1,phase_1_3_peak_stabilize,500,206.9389742186045,137,success,82.7995376586914,13.716618537902832,0.40629085898399353,36.13399887084961,48.5619010925293,13.278549194335938,20.802749633789062,26.030964247753307,0.8985570069842587,0.0,0.15142304939199727
2026-04-02 12:20:12,616,505,1,phase_1_3_peak_stabilize,500,-110.5665186061329,247,high_altitude,82.33382415771484,84.77336120605469,0.40629085898399353,100.6366195678711,48.5619010925293,-51.1546630859375,-44.654361724853516,130.80451566280732,-0.6534802631512072,0.0,0.2582716220414394
2026-04-02 12:20:17,616,506,1,phase_1_3_peak_stabilize,500,-122.76411241422196,264,high_altitude,85.73948669433594,63.082218170166016,0.40629085898399353,100.37452697753906,48.5619010925293,-50.81629180908203,-31.490312576293945,134.09952186182653,-0.6959068037427949,0.0,0.13543309333360048
2026-04-02 12:20:19,616,507,1,phase_1_3_peak_stabilize,500,206.72771170570408,138,success,85.72975158691406,13.72304916381836,0.40629085898399353,36.3524284362793,48.5619010925293,13.048866271972656,28.21433448791504,18.648071047461247,0.9475004702259922,0.0,0.12448743452256328
2026-04-02 12:20:23,616,508,1,phase_1_3_peak_stabilize,500,-138.42301612420346,288,high_altitude,82.16646575927734,142.2469482421875,0.40629085898399353,100.18217468261719,48.5619010925293,-50.43177032470703,-58.438819885253906,136.96471791675518,-0.7309335962221976,0.0,0.32303918166606027
2026-04-02 12:20:26,617,509,1,phase_1_3_peak_stabilize,500,204.2698115125016,141,success,84.54151916503906,13.659599304199219,0.40629085898399353,36.73434829711914,48.5619010925293,12.666072845458984,26.19196128845215,20.548388476456996,0.9363760917219063,0.0,0.058093164648232436
2026-04-02 12:20:28,617,510,1,phase_1_3_peak_stabilize,500,203.51491593632954,137,success,84.8973617553711,13.947565078735352,0.40629085898399353,36.16161346435547,48.5619010925293,13.255084991455078,29.74591827392578,26.582939155338718,0.8942875254858726,0.0,0.13902994310649824
2026-04-02 12:20:31,617,511,1,phase_1_3_peak_stabilize,500,205.57181021516132,139,success,85.24140167236328,13.870424270629883,0.40629085898399353,35.961090087890625,48.5619010925293,13.01595687866211,24.23768424987793,31.93365129451876,0.8486611757062584,0.0,0.1747505599225436
2026-04-02 12:20:35,617,512,1,phase_1_3_peak_stabilize,500,-111.00645922773967,254,high_altitude,82.1085205078125,93.8724594116211,0.40629085898399353,100.15380096435547,48.5619010925293,-50.64360046386719,-43.25696563720703,117.66003517117122,-0.46422435483811475,0.0,0.19139335317547088
2026-04-02 12:20:39,617,513,1,phase_1_3_peak_stabilize,500,-118.53922652695002,259,high_altitude,79.58233642578125,99.70034790039062,0.40629085898399353,100.49390411376953,48.5619010925293,-50.946250915527344,-47.1425666809082,134.0102649497528,-0.6947872341934096,0.0,0.2354520282631424
2026-04-02 12:20:41,617,514,1,phase_1_3_peak_stabilize,500,205.81305747760857,140,success,85.93531036376953,13.617108345031738,0.40629085898399353,35.97987365722656,48.5619010925293,13.434268951416016,27.87004852294922,21.510224253114654,0.9303521521680193,0.0,0.17150384314359626
2026-04-02 12:20:43,617,515,1,phase_1_3_peak_stabilize,500,203.01361247482748,136,success,82.72187042236328,13.842905044555664,0.40629085898399353,36.001705169677734,48.5619010925293,13.406723022460938,28.891948699951172,23.789081011196267,0.915036555792242,0.0,0.21295038534810476
2026-04-02 12:20:48,618,516,1,phase_1_3_peak_stabilize,500,-123.9396743561336,254,high_altitude,87.91895294189453,75.79199981689453,0.40629085898399353,100.39540100097656,48.5619010925293,-50.819358825683594,-37.53056335449219,122.56528578777761,-0.5382602633660245,0.0,0.2756875876575584
2026-04-02 12:20:50,618,517,1,phase_1_3_peak_stabilize,500,207.07288586013755,159,success,87.34471893310547,2.6985151767730713,0.40629085898399353,46.8923454284668,48.5619010925293,2.527912139892578,30.684114456176758,34.72403628746826,0.8219051488986703,0.0,0.162706358328423
2026-04-02 12:20:52,618,518,1,phase_1_3_peak_stabilize,500,203.87197314733245,143,success,90.00178527832031,13.515054702758789,0.40629085898399353,36.95949172973633,48.5619010925293,12.45083999633789,31.62948989868164,32.84317635987058,0.8401581500088887,0.0,0.11385307000031092
2026-04-02 12:20:55,618,519,1,phase_1_3_peak_stabilize,500,204.84360262330534,140,success,89.31929779052734,13.883261680603027,0.40629085898399353,37.085899353027344,48.5619010925293,12.31374740600586,33.5108528137207,24.17464689739078,0.9123014158093793,0.0,0.08950675442918664
2026-04-02 12:20:57,618,520,1,phase_1_3_peak_stabilize,500,206.25230183973335,137,success,88.47418212890625,13.416851043701172,0.40629085898399353,37.8997917175293,48.5619010925293,11.499710083007812,31.467941284179688,34.04236974792265,0.8286238274566334,0.0,0.08286309868395819
2026-04-02 12:20:59,618,521,1,phase_1_3_peak_stabilize,500,208.80161893905844,137,success,83.7113265991211,13.685210227966309,0.40629085898399353,35.76839065551758,48.5619010925293,13.648773193359375,23.599735260009766,13.158397855843646,0.9737444505029064,0.0,0.2557514199575378
2026-04-02 12:21:01,618,522,1,phase_1_3_peak_stabilize,500,208.2091310849813,136,success,87.63829040527344,13.625612258911133,0.40629085898399353,36.776004791259766,48.5619010925293,12.623836517333984,32.10112762451172,18.126569028857848,0.9503715634845374,0.0,0.056901475837234546
2026-04-02 12:21:04,619,523,1,phase_1_3_peak_stabilize,500,204.58168606261412,134,success,80.24636840820312,13.790789604187012,0.40629085898399353,36.79481506347656,48.5619010925293,12.609481811523438,20.708724975585938,32.135172610885405,0.8467955479591209,0.0,0.05390285486266724
2026-04-02 12:21:06,619,524,1,phase_1_3_peak_stabilize,500,205.05035713063643,141,success,87.09038543701172,13.909525871276855,0.40629085898399353,36.17415237426758,48.5619010925293,13.225593566894531,28.71135902404785,19.577921048235734,0.9421866492365357,0.0,0.038072645873511536
2026-04-02 12:21:08,619,525,1,phase_1_3_peak_stabilize,500,206.74766463623064,137,success,79.74178314208984,13.990218162536621,0.40629085898399353,36.17128372192383,48.5619010925293,13.23476791381836,16.475603103637695,18.74239425235183,0.9469727907425393,0.0,0.20439409977864323
2026-04-02 12:21:10,619,526,1,phase_1_3_peak_stabilize,500,209.65768640540503,135,success,85.32804870605469,13.675447463989258,0.40629085898399353,35.915103912353516,48.5619010925293,13.489818572998047,28.44112777709961,1.9285395572028312,0.9994335770535218,0.0,0.05720850613393388
2026-04-02 12:21:12,619,527,1,phase_1_3_peak_stabilize,500,206.5186962129105,140,success,84.79887390136719,13.897846221923828,0.40629085898399353,35.64752197265625,48.5619010925293,13.752349853515625,26.366336822509766,10.663853969056786,0.9827297319864456,0.0,0.020753159793217492
2026-04-02 12:21:15,619,528,1,phase_1_3_peak_stabilize,500,207.4880502485942,138,success,85.58513641357422,13.616097450256348,0.40629085898399353,36.04502487182617,48.5619010925293,13.354827880859375,28.631547927856445,11.867472465917372,0.9786258921174444,0.0,0.046074741171854235
2026-04-02 12:21:19,619,529,1,phase_1_3_peak_stabilize,500,-122.10978040655485,269,high_altitude,82.88043975830078,50.63268280029297,0.40629085898399353,100.22245025634766,48.5619010925293,-50.536163330078125,-21.359283447265625,106.47320300887667,-0.28356687776682943,0.0,0.2679793423302985
2026-04-02 12:21:23,620,530,1,phase_1_3_peak_stabilize,500,-109.63887149865674,243,high_altitude,88.8792724609375,58.008174896240234,0.40629085898399353,100.51588439941406,48.5619010925293,-51.09248352050781,-36.942230224609375,140.0813059142753,-0.7669558230670671,0.0,0.0389200151443879
2026-04-02 12:21:25,620,531,1,phase_1_3_peak_stabilize,500,204.6657724335688,142,success,89.27749633789062,11.120600700378418,0.40629085898399353,39.72427749633789,48.5619010925293,9.686599731445312,33.94588851928711,36.201269601158614,0.8069472248798323,0.0,0.21928299070732835
2026-04-02 12:21:28,620,532,1,phase_1_3_peak_stabilize,500,202.19803415514465,137,success,79.79191589355469,13.940840721130371,0.40629085898399353,36.08119583129883,48.5619010925293,13.327919006347656,20.768131256103516,26.407208633278042,0.8956558116485946,0.0,0.0764202846556382
2026-04-02 12:21:32,620,533,1,phase_1_3_peak_stabilize,500,-115.62203410434076,256,high_altitude,87.0893783569336,69.35432434082031,0.40629085898399353,100.05122375488281,48.5619010925293,-50.36634826660156,-37.616519927978516,122.03068688144072,-0.530373391842886,0.0,0.42742285889750775
2026-04-02 12:21:34,620,534,1,phase_1_3_peak_stabilize,500,208.21232104201155,137,success,79.64570617675781,13.926732063293457,0.40629085898399353,37.21846008300781,48.5619010925293,12.181625366210938,13.375802993774414,25.267994551422447,0.9043211308933803,0.0,0.08665969275536935
2026-04-02 12:21:36,620,535,1,phase_1_3_peak_stabilize,500,201.1290628266076,139,success,82.03630065917969,13.930659294128418,0.40629085898399353,35.566978454589844,48.5619010925293,13.849712371826172,26.10009765625,23.319196439697947,0.9183138058052697,0.0,0.16155830368995966
2026-04-02 12:21:39,620,536,1,phase_1_3_peak_stabilize,500,204.12359632493377,136,success,79.48965454101562,13.820115089416504,0.40629085898399353,36.36613464355469,48.5619010925293,13.045101165771484,19.846630096435547,25.327669914200847,0.9038760598367693,0.0,0.2589127058165899
2026-04-02 12:21:43,621,537,1,phase_1_3_peak_stabilize,500,-111.79383750190901,248,high_altitude,81.3580322265625,85.64395904541016,0.40629085898399353,100.65414428710938,48.5619010925293,-51.220611572265625,-42.0367546081543,119.28921287313767,-0.4892182578266637,0.0,0.1935567443993709
2026-04-02 12:21:45,621,538,1,phase_1_3_peak_stabilize,500,203.86014432249846,135,success,83.83892059326172,13.886224746704102,0.40629085898399353,36.68974304199219,48.5619010925293,12.71255874633789,28.74916648864746,27.71255340631586,0.8852917584147615,0.0,0.033809695594258136
2026-04-02 12:21:47,621,539,1,phase_1_3_peak_stabilize,500,208.52695245358265,134,success,80.21400451660156,13.943401336669922,0.40629085898399353,36.125728607177734,48.5619010925293,12.842948913574219,17.675323486328125,23.230566197480567,0.9189250480319356,0.0,0.11377302023425252
2026-04-02 12:21:49,621,540,1,phase_1_3_peak_stabilize,500,209.31868650897349,139,success,87.21825408935547,13.863978385925293,0.40629085898399353,35.8028450012207,48.5619010925293,13.600479125976562,26.5500431060791,15.78382609637452,0.9622948166016978,0.0,0.13134044401412415
2026-04-02 12:21:52,621,541,1,phase_1_3_peak_stabilize,500,206.8384847381341,135,success,83.98336791992188,13.562028884887695,0.40629085898399353,36.34027099609375,48.5619010925293,13.060016632080078,28.306076049804688,19.415994338487657,0.9431298971327448,0.0,0.09880420511875067
2026-04-02 12:21:54,621,542,1,phase_1_3_peak_stabilize,500,206.08631633586634,138,success,86.8768081665039,13.522151947021484,0.40629085898399353,37.09074020385742,48.5619010925293,12.32686996459961,30.8447265625,23.10961550011069,0.9197556415159943,0.0,0.22898147653003903
2026-04-02 12:21:58,621,543,1,phase_1_3_peak_stabilize,500,-110.61481689639287,251,high_altitude,79.87026977539062,75.72736358642578,0.40629085898399353,100.50819396972656,48.5619010925293,-51.063499450683594,-36.00142288208008,120.55587145471654,-0.5083783313041277,0.0,0.14627995996989007
2026-04-02 12:22:00,621,544,1,phase_1_3_peak_stabilize,500,207.09092446003615,137,success,83.3363037109375,13.714640617370605,0.40629085898399353,36.57783508300781,48.5619010925293,12.825447082519531,21.031442642211914,28.01582917339006,0.8828178576957714,0.0,0.12390879855878142
2026-04-02 12:22:03,622,545,1,phase_1_3_peak_stabilize,500,209.33657446591792,137,success,82.51477813720703,13.864236831665039,0.40629085898399353,36.76398849487305,48.5619010925293,12.635326385498047,18.423986434936523,21.580138069458904,0.9299040426356351,0.0,0.097179187381731
2026-04-02 12:22:05,622,546,1,phase_1_3_peak_stabilize,500,210.9362568902116,135,success,82.13841247558594,13.650294303894043,0.40629085898399353,36.29499816894531,48.5619010925293,13.104270935058594,18.322254180908203,19.320214595756568,0.9436842836484708,0.0,0.05976182759810456
2026-04-02 12:22:07,622,547,1,phase_1_3_peak_stabilize,500,211.18342514359475,137,success,83.67090606689453,13.593697547912598,0.40629085898399353,36.071475982666016,48.5619010925293,13.32900619506836,19.86962127685547,16.374637459580622,0.95943886177154,0.0,0.062044781260552045
2026-04-02 12:22:11,622,548,1,phase_1_3_peak_stabilize,500,-121.55441276535188,255,high_altitude,80.02972412109375,112.07310485839844,0.40629085898399353,100.03619384765625,48.5619010925293,-50.44404602050781,-56.399417877197266,173.2336098057915,-0.9930347932396517,0.0,0.3111059944503127
2026-04-02 12:22:13,622,549,1,phase_1_3_peak_stabilize,500,212.00219584546744,137,success,85.04724884033203,13.981095314025879,0.40629085898399353,35.9256477355957,48.5619010925293,13.483558654785156,18.895740509033203,25.002371909695235,0.906290290864044,0.0,0.07969612368317505
2026-04-02 12:22:17,622,550,1,phase_1_3_peak_stabilize,500,-109.30148635847803,247,high_altitude,90.04019165039062,66.73345184326172,0.40629085898399353,100.4644775390625,48.5619010925293,-50.919219970703125,-39.497432708740234,127.1267866438356,-0.6035808043645571,0.0,0.30639678996191677
2026-04-02 12:22:20,622,551,1,phase_1_3_peak_stabilize,500,211.95955810841707,135,success,86.27579498291016,13.891987800598145,0.40629085898399353,35.90176010131836,48.5619010925293,13.508392333984375,25.474550247192383,12.759911813060409,0.9753041266323239,0.0,0.11195253451002472
2026-04-02 12:22:25,623,552,1,phase_1_3_peak_stabilize,500,-134.90790320129668,289,high_altitude,85.59264373779297,50.39553451538086,0.40629085898399353,100.05399322509766,48.5619010925293,-50.30348205566406,-14.594856262207031,95.18875378296428,-0.0904371027621663,0.0,0.3686301813798294
2026-04-02 12:22:29,623,553,1,phase_1_3_peak_stabilize,500,-117.07020780524587,258,high_altitude,83.21448516845703,103.92990112304688,0.40629085898399353,100.47652435302734,48.5619010925293,-50.95849609375,-52.679019927978516,157.2317333352589,-0.9220776361521997,0.0,0.15675118796665594
2026-04-02 12:22:33,623,554,1,phase_1_3_peak_stabilize,500,-122.29186002847501,254,high_altitude,84.9510269165039,57.21907424926758,0.40629085898399353,100.13712310791016,48.5619010925293,-50.674110412597656,-31.730743408203125,140.32261649765186,-0.7696516374201418,0.0,0.2584743557352497
2026-04-02 12:22:35,623,555,1,phase_1_3_peak_stabilize,500,206.9212721291572,137,success,84.74449157714844,13.861568450927734,0.40629085898399353,36.068416595458984,48.5619010925293,13.3310546875,26.483482360839844,14.859414633726656,0.9665579764320836,0.0,0.0744014121966446
2026-04-02 12:22:39,623,556,1,phase_1_3_peak_stabilize,500,-110.47001787805485,244,high_altitude,79.78388214111328,88.0696029663086,0.40629085898399353,100.40713500976562,48.5619010925293,-51.0048828125,-44.27880859375,122.45316140236268,-0.5366099667168116,0.0,0.2878385577608857
2026-04-02 12:22:42,624,557,1,phase_1_3_peak_stabilize,500,202.33797863109046,142,success,83.14441680908203,10.080289840698242,0.40629085898399353,40.00132751464844,48.5619010925293,9.426322937011719,30.312955856323242,36.367448103665026,0.805230811117966,0.0,0.2268407531447374
2026-04-02 12:22:46,624,558,1,phase_1_3_peak_stabilize,500,-128.5567594884983,256,high_altitude,90.26529693603516,96.63807678222656,0.40629085898399353,100.54376983642578,48.5619010925293,-51.00774383544922,-51.043418884277344,160.81709087589536,-0.9444744265299398,0.0,0.16730433166965078
2026-04-02 12:22:48,624,559,1,phase_1_3_peak_stabilize,500,207.7581188289971,135,success,87.7231216430664,13.953080177307129,0.40629085898399353,36.17231750488281,48.5619010925293,13.228008270263672,32.10868835449219,20.82949686457992,0.934642737277198,0.0,0.10538404916491259
2026-04-02 12:22:52,624,560,1,phase_1_3_peak_stabilize,500,-113.79328358879316,260,high_altitude,82.96743774414062,65.80731201171875,0.40629085898399353,100.1478271484375,48.5619010925293,-50.520774841308594,-24.67913818359375,87.08216618161623,0.05090379785851017,0.0,0.3519151489332063
2026-04-02 12:22:55,624,561,1,phase_1_3_peak_stabilize,500,208.42286982844377,135,success,82.53679656982422,13.870375633239746,0.40629085898399353,36.74626159667969,48.5619010925293,12.654937744140625,20.182493209838867,28.576184723087074,0.8781818702396332,0.0,0.026587627573349704
2026-04-02 12:22:59,624,562,1,phase_1_3_peak_stabilize,500,-113.940286983266,253,high_altitude,89.10625457763672,84.89410400390625,0.40629085898399353,100.35872650146484,48.5619010925293,-50.72529602050781,-45.47657012939453,132.65082507848848,-0.6775286692202921,0.0,0.32724293707709884
2026-04-02 12:23:01,624,563,1,phase_1_3_peak_stabilize,500,208.41796296831885,136,success,83.03784942626953,13.533681869506836,0.40629085898399353,35.98130416870117,48.5619010925293,13.418006896972656,24.565778732299805,8.592080008873499,0.9887770418594466,0.0,0.10424235608898882
2026-04-02 12:23:03,625,564,1,phase_1_3_peak_stabilize,500,202.39214946069734,134,success,81.60394287109375,13.745823860168457,0.40629085898399353,36.006195068359375,48.5619010925293,13.411979675292969,28.5220947265625,24.078397579154252,0.9129880665574237,0.0,0.13792735346078033
2026-04-02 12:23:07,625,565,1,phase_1_3_peak_stabilize,500,-118.54372351401125,256,high_altitude,85.27032470703125,90.77616119384766,0.40629085898399353,100.31050872802734,48.5619010925293,-50.807044982910156,-39.948631286621094,102.92097188571476,-0.22360689138276435,0.0,0.4045535276369855
2026-04-02 12:23:12,625,566,1,phase_1_3_peak_stabilize,500,-117.20491427846981,240,high_altitude,89.90086364746094,55.564056396484375,0.40629085898399353,100.49129486083984,48.5619010925293,-51.07185363769531,-36.14287185668945,136.8275267370863,-0.7292974217486112,0.0,0.037812189060071714
2026-04-02 12:23:14,625,567,1,phase_1_3_peak_stabilize,500,202.46967929652988,138,success,86.85096740722656,13.693036079406738,0.40629085898399353,37.02994155883789,48.5619010925293,12.376754760742188,32.43577575683594,35.16834692316676,0.8174632238909293,0.0,0.12209953355381226
2026-04-02 12:23:18,625,568,1,phase_1_3_peak_stabilize,500,-113.11700070214974,242,high_altitude,89.1278305053711,69.78294372558594,0.40629085898399353,100.61796569824219,48.5619010925293,-51.218421936035156,-41.51028823852539,134.34958874771903,-0.6990344464730575,0.0,0.119339239062631
2026-04-02 12:23:20,625,569,1,phase_1_3_peak_stabilize,500,206.80584571080192,136,success,79.3521728515625,13.757932662963867,0.40629085898399353,37.562164306640625,48.5619010925293,11.844108581542969,13.522939682006836,28.430997099447406,0.8793911307663995,0.0,0.1544949906825824
2026-04-02 12:23:22,626,570,1,phase_1_3_peak_stabilize,500,211.63610202612546,134,success,87.38897705078125,13.859613418579102,0.40629085898399353,35.77960205078125,48.5619010925293,13.625675201416016,29.911998748779297,4.114231467788411,0.9974229932001933,0.0,0.046028999887344726
2026-04-02 12:23:27,626,571,1,phase_1_3_peak_stabilize,500,-150.8353571962165,296,high_altitude,88.1574478149414,147.1140594482422,0.40629085898399353,100.11429595947266,48.5619010925293,-50.3865966796875,-56.78818130493164,126.75126284326831,-0.5983422606787016,0.0,0.19274732149105359
2026-04-02 12:23:29,626,572,1,phase_1_3_peak_stabilize,500,210.16566806246522,135,success,84.91362762451172,13.759199142456055,0.40629085898399353,36.078453063964844,48.5619010925293,13.33504867553711,21.723983764648438,31.473436563337888,0.8528823131978664,0.0,0.10267742672570787
2026-04-02 12:23:33,626,573,1,phase_1_3_peak_stabilize,500,-129.27042400700492,247,high_altitude,89.85952758789062,52.32087326049805,0.40629085898399353,100.02555084228516,48.5619010925293,-50.582496643066406,-32.87734603881836,144.48064441905888,-0.8139192996372028,0.0,0.16144635664988238
2026-04-02 12:23:36,626,574,1,phase_1_3_peak_stabilize,500,205.54014896330534,134,success,81.90235137939453,13.676661491394043,0.40629085898399353,35.77324676513672,48.5619010925293,13.627769470214844,27.23324203491211,11.77528540268971,0.9789555072892385,0.0,0.06371540255250405
2026-04-02 12:23:40,626,575,1,phase_1_3_peak_stabilize,500,-114.49975246052492,252,high_altitude,78.70719146728516,86.98275756835938,0.40629085898399353,100.55879974365234,48.5619010925293,-51.1053466796875,-39.136375427246094,109.29295781525721,-0.3303983882930092,0.0,0.3004619298529459
2026-04-02 12:23:42,627,576,1,phase_1_3_peak_stabilize,500,207.39164231168402,136,success,86.92168426513672,13.853572845458984,0.40629085898399353,35.972320556640625,48.5619010925293,13.436443328857422,28.300228118896484,26.063837948228578,0.898305063108203,0.0,0.07223723912155791
2026-04-02 12:23:46,627,577,1,phase_1_3_peak_stabilize,500,-107.82245554989694,250,high_altitude,79.60538482666016,84.9469985961914,0.40629085898399353,100.42760467529297,48.5619010925293,-50.905242919921875,-39.96478271484375,110.20158471073319,-0.3453241561006339,0.0,0.24426234032790817
2026-04-02 12:23:51,627,578,1,phase_1_3_peak_stabilize,500,-108.58712220966218,250,high_altitude,84.31267547607422,92.34890747070312,0.40629085898399353,100.41773986816406,48.5619010925293,-51.01568603515625,-47.218162536621094,129.18274188590115,-0.6317958522594818,0.0,0.17687588574413587
2026-04-02 12:23:53,627,579,1,phase_1_3_peak_stabilize,500,208.83194947519453,138,success,83.71150970458984,13.997060775756836,0.40629085898399353,37.38426208496094,48.5619010925293,12.016571044921875,16.993480682373047,34.61370141161587,0.8230005538309361,0.0,0.058893350866352924
2026-04-02 12:23:57,627,580,1,phase_1_3_peak_stabilize,500,-107.85752308805283,242,high_altitude,81.94752502441406,72.11675262451172,0.40629085898399353,100.45450592041016,48.5619010925293,-51.02098846435547,-36.793270111083984,110.3064007937362,-0.3470404256005194,0.0,0.38071795509711887
2026-04-02 12:23:59,627,581,1,phase_1_3_peak_stabilize,500,206.94346873689722,140,success,87.00515747070312,13.551192283630371,0.40629085898399353,37.88007354736328,48.5619010925293,11.519477844238281,23.970226287841797,35.29456540393401,0.8161923971260336,0.0,0.058321662833436726
2026-04-02 12:24:04,628,582,1,phase_1_3_peak_stabilize,500,-110.71848893843806,250,high_altitude,78.90706634521484,55.784420013427734,0.40629085898399353,100.13811492919922,48.5619010925293,-50.60481262207031,-26.16324806213379,106.70488985571266,-0.2874422632847707,0.0,0.3337461846684802
2026-04-02 12:24:06,628,583,1,phase_1_3_peak_stabilize,500,207.07279473402411,140,success,81.78936004638672,13.661800384521484,0.40629085898399353,36.56234359741211,48.5619010925293,12.83951187133789,17.53757667541504,14.175407900616667,0.9695505497389917,0.0,0.08581125861715204
2026-04-02 12:24:08,628,584,1,phase_1_3_peak_stabilize,500,208.10315510638944,136,success,84.64483642578125,13.533266067504883,0.40629085898399353,35.910545349121094,48.5619010925293,13.488670349121094,27.6152286529541,6.049122460589119,0.994431912529858,0.0,0.1105902586988976
2026-04-02 12:24:10,628,585,1,phase_1_3_peak_stabilize,500,205.4527383230979,137,success,82.78861999511719,13.748734474182129,0.40629085898399353,35.7038688659668,48.5619010925293,13.73257064819336,23.73110008239746,29.00870474473084,0.8745460416383605,0.0,0.29272465332154135
2026-04-02 12:24:12,628,586,1,phase_1_3_peak_stabilize,500,205.10460906523863,135,success,87.67562103271484,13.581920623779297,0.40629085898399353,37.3238525390625,48.5619010925293,12.07684326171875,33.92376708984375,30.997806095200293,0.857187021325692,0.0,0.16809616629426694
2026-04-02 12:24:15,628,587,1,phase_1_3_peak_stabilize,500,211.18125214512085,135,success,85.11975860595703,13.857365608215332,0.40629085898399353,35.65275192260742,48.5619010925293,13.75338363647461,24.391361236572266,9.299842139916791,0.9868561616503881,0.0,0.10584144271139112
2026-04-02 12:24:17,628,588,1,phase_1_3_peak_stabilize,500,202.5041531134007,137,success,81.35157012939453,13.637873649597168,0.40629085898399353,35.84257888793945,48.5619010925293,13.577766418457031,26.25050163269043,23.54566672955535,0.916741966250797,0.0,0.18618788771072606
2026-04-02 12:24:21,628,589,1,phase_1_3_peak_stabilize,500,-120.39654750237696,247,high_altitude,80.58472442626953,73.37194061279297,0.40629085898399353,100.49684143066406,48.5619010925293,-51.08075714111328,-38.54070281982422,147.1877489154584,-0.840450755277205,0.0,0.22958871221614663
2026-04-02 12:24:23,629,590,1,phase_1_3_peak_stabilize,500,209.62475579718915,132,success,83.67749786376953,13.57652759552002,0.40629085898399353,36.10310745239258,48.5619010925293,13.298397064208984,27.727968215942383,13.37020031445845,0.9728962793265642,0.0,0.06072192529367667
2026-04-02 12:24:26,629,591,1,phase_1_3_peak_stabilize,500,205.65493517948917,138,success,85.92351531982422,13.81855297088623,0.40629085898399353,36.39266586303711,48.5619010925293,13.010490417480469,27.698572158813477,28.325977818316584,0.8802623121517044,0.0,0.11088565541682541
2026-04-02 12:24:28,629,592,1,phase_1_3_peak_stabilize,500,206.9620110058141,136,success,79.28903198242188,13.664300918579102,0.40629085898399353,36.31012725830078,48.5619010925293,13.091564178466797,17.969776153564453,13.201219726845041,0.9735740414622743,0.0,0.07031401109574108
2026-04-02 12:24:30,629,593,1,phase_1_3_peak_stabilize,500,205.27925636220374,136,success,82.56412506103516,13.799063682556152,0.40629085898399353,36.806034088134766,48.5619010925293,12.604198455810547,20.881582260131836,36.15644306963583,0.8074090643458678,0.0,0.08884895295166112
2026-04-02 12:24:34,629,594,1,phase_1_3_peak_stabilize,500,-104.89115329797752,240,high_altitude,87.59284973144531,70.09654998779297,0.40629085898399353,100.38146209716797,48.5619010925293,-50.966148376464844,-41.2606086730957,122.72438821430389,-0.540598464493465,0.0,0.36541609968552
2026-04-02 12:24:36,629,595,1,phase_1_3_peak_stabilize,500,210.17962445778997,139,success,87.32225799560547,13.76608657836914,0.40629085898399353,36.289276123046875,48.5619010925293,13.112323760986328,26.06977653503418,21.881142798634073,0.9279589614778531,0.0,0.13362451718260843
2026-04-02 12:24:40,629,596,1,phase_1_3_peak_stabilize,500,-115.32500860252367,247,high_altitude,80.76998901367188,82.579833984375,0.40629085898399353,100.02239227294922,48.5619010925293,-50.608489990234375,-43.37157440185547,143.37815626437043,-0.8025901090360793,0.0,0.34824372582613866
2026-04-02 12:24:43,630,597,1,phase_1_3_peak_stabilize,500,207.00440024828924,139,success,85.33706665039062,13.624117851257324,0.40629085898399353,35.873680114746094,48.5619010925293,13.531272888183594,26.85953712463379,17.779706409595214,0.952237607228081,0.0,0.17878541279740823
2026-04-02 12:24:47,630,598,1,phase_1_3_peak_stabilize,500,-112.70947435757171,250,high_altitude,79.8464126586914,80.98658752441406,0.40629085898399353,100.25633239746094,48.5619010925293,-50.81108856201172,-42.05888748168945,145.53879098565557,-0.8245094739676421,0.0,0.22466296459947036
2026-04-02 12:24:51,630,599,1,phase_1_3_peak_stabilize,500,-112.15131679155533,245,high_altitude,81.5984115600586,91.10498046875,0.40629085898399353,100.13672637939453,48.5619010925293,-50.71986389160156,-44.123924255371094,118.1126854678463,-0.47120717536770884,0.0,0.3757287759501406
2026-04-02 12:24:53,630,600,1,phase_1_3_peak_stabilize,500,208.18543021030737,136,success,81.1404800415039,13.880900382995605,0.40629085898399353,35.979652404785156,48.5619010925293,13.42828369140625,20.789274215698242,8.853104225742,0.9880861630624114,0.0,0.1543965822716934
2026-04-02 12:24:55,630,601,1,phase_1_3_peak_stabilize,500,204.571240763713,139,success,84.75901794433594,13.448698043823242,0.40629085898399353,36.65965270996094,48.5619010925293,12.741497039794922,28.530818939208984,21.593086400577956,0.9298208988953948,0.0,0.026028570300320557
2026-04-02 12:25:00,630,602,1,phase_1_3_peak_stabilize,500,-129.17489415647947,256,high_altitude,87.11927795410156,73.24919891357422,0.40629085898399353,100.08552551269531,48.5619010925293,-50.447898864746094,-33.501792907714844,107.0996952803069,-0.29403524197495295,0.0,0.4059947357637868
2026-04-02 12:25:02,631,603,1,phase_1_3_peak_stabilize,500,206.68195437385015,137,success,84.03142547607422,13.829154968261719,0.40629085898399353,37.22227096557617,48.5619010925293,12.179981231689453,23.568584442138672,24.3082522277454,0.9113439973682478,0.0,0.10827602161872125
2026-04-02 12:25:04,631,604,1,phase_1_3_peak_stabilize,500,206.10994688960216,135,success,82.36739349365234,13.554683685302734,0.40629085898399353,36.06047058105469,48.5619010925293,13.34539794921875,26.079103469848633,22.011044458911254,0.9271116273608004,0.0,0.19051923632968482
2026-04-02 12:25:08,631,605,1,phase_1_3_peak_stabilize,500,-110.8220425666787,243,high_altitude,80.44509887695312,68.04795837402344,0.40629085898399353,100.2624740600586,48.5619010925293,-50.81108856201172,-35.06856918334961,111.9508507986868,-0.37381110310923016,0.0,0.2824930693471887
2026-04-02 12:25:12,631,606,1,phase_1_3_peak_stabilize,500,-111.18802726020817,248,high_altitude,83.9344253540039,95.17288970947266,0.40629085898399353,100.26255798339844,48.5619010925293,-50.82427215576172,-46.28766632080078,113.90926410921539,-0.4052894064813285,0.0,0.4231232064224475
2026-04-02 12:25:16,631,607,1,phase_1_3_peak_stabilize,500,-120.09127997940867,257,high_altitude,81.80546569824219,105.553955078125,0.40629085898399353,100.26112365722656,48.5619010925293,-50.77452850341797,-50.71974182128906,129.56147587537836,-0.6369057735438687,0.0,0.4588826205241647
2026-04-02 12:25:20,631,608,1,phase_1_3_peak_stabilize,500,-119.55024865486351,250,high_altitude,87.87202453613281,83.04138946533203,0.40629085898399353,100.08938598632812,48.5619010925293,-50.619178771972656,-43.30564498901367,143.66607605864314,-0.8055776191939246,0.0,0.19601778170057169
2026-04-02 12:25:24,632,609,1,phase_1_3_peak_stabilize,500,-108.68005229887656,241,high_altitude,88.46719360351562,62.68590545654297,0.40629085898399353,100.0182113647461,48.5619010925293,-50.608558654785156,-37.041465759277344,129.59553119858003,-0.6373638913996521,0.0,0.3188512121304712
2026-04-02 12:25:29,632,610,1,phase_1_3_peak_stabilize,500,-121.85531975747142,262,high_altitude,84.44247436523438,118.38723754882812,0.40629085898399353,100.49346160888672,48.5619010925293,-50.912269592285156,-58.430450439453125,169.64348479311437,-0.9837081930403929,0.0,0.40221744358120004
2026-04-02 12:25:31,632,611,1,phase_1_3_peak_stabilize,500,207.81705924049814,135,success,79.02053833007812,13.80252742767334,0.40629085898399353,36.97084045410156,48.5619010925293,12.430107116699219,16.517841339111328,22.166595187069124,0.9260907176741505,0.0,0.06920512734350896
2026-04-02 12:25:35,632,612,1,phase_1_3_peak_stabilize,500,-106.21900241274739,241,high_altitude,89.5015869140625,60.62643051147461,0.40629085898399353,100.3583984375,48.5619010925293,-50.87181854248047,-33.55815505981445,107.19134275859014,-0.2955637066240049,0.0,0.35407102630355697
2026-04-02 12:25:37,632,613,1,phase_1_3_peak_stabilize,500,209.33852554256106,136,success,85.16515350341797,13.509443283081055,0.40629085898399353,36.748329162597656,48.5619010925293,12.65329360961914,24.474451065063477,26.814706256897466,0.8924700611390205,0.0,0.07590930416531425
2026-04-02 12:25:42,633,614,1,phase_1_3_peak_stabilize,500,-138.4159390130323,283,high_altitude,84.67253112792969,155.55711364746094,0.40629085898399353,100.21092987060547,48.5619010925293,-50.621673583984375,-64.76280975341797,149.6659737727708,-0.8630957747055166,0.0,0.18273319332109283
2026-04-02 12:25:44,633,615,1,phase_1_3_peak_stabilize,500,209.86011678499978,134,success,82.46231842041016,13.662593841552734,0.40629085898399353,36.37419128417969,48.5619010925293,13.028636932373047,22.611631393432617,16.443762389075737,0.9590980429580179,0.0,0.07008724986389647
2026-04-02 12:25:46,633,616,1,phase_1_3_peak_stabilize,500,206.07720378499994,134,success,84.2373275756836,13.49528694152832,0.40629085898399353,36.94521713256836,48.5619010925293,12.454540252685547,30.079744338989258,23.969978571364052,0.9137584511549671,0.0,0.08562117198638208
2026-04-02 12:25:48,633,617,1,phase_1_3_peak_stabilize,500,204.2210748207998,134,success,82.9532241821289,13.784686088562012,0.40629085898399353,36.03986358642578,48.5619010925293,13.3746337890625,28.946218490600586,25.927906938461568,0.8993449201040924,0.0,0.21211449754791925
2026-04-02 12:25:50,633,618,1,phase_1_3_peak_stabilize,500,208.52577522328573,137,success,80.45994567871094,13.969138145446777,0.40629085898399353,36.534610748291016,48.5619010925293,12.86569595336914,13.466402053833008,25.453818385529107,0.9029319922031447,0.0,0.03981249298683423
2026-04-02 12:25:54,633,619,1,phase_1_3_peak_stabilize,500,-116.9317306458818,249,high_altitude,85.9465560913086,77.57442474365234,0.40629085898399353,100.1779556274414,48.5619010925293,-50.73047637939453,-45.33979415893555,155.87490259625753,-0.9126552277223918,0.0,0.24437460677785888
2026-04-02 12:25:57,633,620,1,phase_1_3_peak_stabilize,500,210.95901759774463,135,success,81.35895538330078,13.84730052947998,0.40629085898399353,36.612361907958984,48.5619010925293,12.800155639648438,11.937938690185547,36.808647588196585,0.8006409518642916,0.0,0.18715857613180006
2026-04-02 12:26:01,634,621,1,phase_1_3_peak_stabilize,500,-114.3775688446839,252,high_altitude,78.51054382324219,80.55801391601562,0.40629085898399353,100.1750717163086,48.5619010925293,-50.62004089355469,-29.519733428955078,75.27259835193493,0.25422051036253474,0.0,0.606459551066309
2026-04-02 12:26:05,634,622,1,phase_1_3_peak_stabilize,500,-109.59945278076768,252,high_altitude,81.33480072021484,89.58149719238281,0.40629085898399353,100.11491394042969,48.5619010925293,-50.642921447753906,-45.950782775878906,132.3827128328088,-0.6740795516369704,0.0,0.4111090846218255
2026-04-02 12:26:09,634,623,1,phase_1_3_peak_stabilize,500,-107.26210045494952,242,high_altitude,85.92459106445312,69.39811706542969,0.40629085898399353,100.61833953857422,48.5619010925293,-51.14204406738281,-39.36341857910156,120.16144169052664,-0.5024382022264741,0.0,0.30548854801267233
2026-04-02 12:26:11,634,624,1,phase_1_3_peak_stabilize,500,205.75753209177915,137,success,82.30230712890625,13.900382041931152,0.40629085898399353,35.53926086425781,48.5619010925293,13.862556457519531,25.2221622467041,7.3342238335874885,0.9918183675943748,0.0,0.12664346816372785
2026-04-02 12:26:13,634,625,1,phase_1_3_peak_stabilize,500,209.07674325565023,132,success,79.58824157714844,13.986922264099121,0.40629085898399353,36.123878479003906,48.5619010925293,13.275531768798828,19.251516342163086,15.696179401397625,0.9627097884718705,0.0,0.07732117906316477
2026-04-02 12:26:16,634,626,1,phase_1_3_peak_stabilize,500,208.5042982223826,138,success,81.13933563232422,13.639639854431152,0.40629085898399353,36.360965728759766,48.5619010925293,13.039104461669922,17.838455200195312,15.047721241596614,0.9657099227612947,0.0,0.051778503096825336
2026-04-02 12:26:18,634,627,1,phase_1_3_peak_stabilize,500,206.86705140130738,135,success,86.412353515625,13.991116523742676,0.40629085898399353,36.75838851928711,48.5619010925293,12.643501281738281,30.714929580688477,20.737729857986213,0.9352110612186131,0.0,0.11955611604928719
2026-04-02 12:26:20,635,628,1,phase_1_3_peak_stabilize,500,207.1747590046333,137,success,81.42796325683594,13.74477481842041,0.40629085898399353,36.30349349975586,48.5619010925293,13.100345611572266,17.722984313964844,23.340634695955323,0.9181656258643036,0.0,0.0348013892666171
2026-04-02 12:26:22,635,629,1,phase_1_3_peak_stabilize,500,205.49776975612463,139,success,83.79505920410156,13.768099784851074,0.40629085898399353,35.738304138183594,48.5619010925293,13.672306060791016,24.664052963256836,19.135942922138796,0.9447434551404134,0.0,0.13747359872105322
2026-04-02 12:26:26,635,630,1,phase_1_3_peak_stabilize,500,-116.03815828921105,245,high_altitude,85.79505157470703,83.09701538085938,0.40629085898399353,100.29277038574219,48.5619010925293,-50.821693420410156,-47.76148986816406,160.18020305654835,-0.9407636714416713,0.0,0.2812896771304181
2026-04-02 12:26:28,635,631,1,phase_1_3_peak_stabilize,500,205.83549561597454,135,success,86.50324249267578,13.450775146484375,0.40629085898399353,37.268409729003906,48.5619010925293,12.134456634521484,33.27372360229492,24.270901338269184,0.9116121538376881,0.0,0.0825391201324491
2026-04-02 12:26:31,635,632,1,phase_1_3_peak_stabilize,500,203.95677285339596,136,success,83.05174255371094,13.577948570251465,0.40629085898399353,36.04090118408203,48.5619010925293,13.376789093017578,28.320737838745117,24.547522292107406,0.9096170028550798,0.0,0.2104210850740268
2026-04-02 12:26:35,635,633,1,phase_1_3_peak_stabilize,500,-120.81790890767232,261,high_altitude,80.21253967285156,73.04122161865234,0.40629085898399353,100.02676391601562,48.5619010925293,-50.304351806640625,-31.23221778869629,106.95011413748362,-0.2915389657072211,0.0,0.49893974944660535
2026-04-02 12:26:37,635,634,1,phase_1_3_peak_stabilize,500,205.6326680052507,143,success,87.01765441894531,13.651650428771973,0.40629085898399353,37.898719787597656,48.5619010925293,11.500919342041016,22.308307647705078,36.208144186558236,0.806876353607098,0.0,0.03137636972969562
2026-04-02 12:26:41,636,635,1,phase_1_3_peak_stabilize,500,-109.62894256146106,242,high_altitude,89.78923797607422,68.86605072021484,0.40629085898399353,100.25119018554688,48.5619010925293,-50.84319305419922,-42.46087646484375,140.25889083269564,-0.7689410473185092,0.0,0.2507395134314203
2026-04-02 12:26:44,636,636,1,phase_1_3_peak_stabilize,500,213.42890192740478,136,success,90.13123321533203,13.500765800476074,0.40629085898399353,37.26893997192383,48.5619010925293,12.15433120727539,30.053918838500977,11.401749187170882,0.9802651398690634,0.0,0.303605324035195
2026-04-02 12:26:48,636,637,1,phase_1_3_peak_stabilize,500,-121.65082229107256,246,high_altitude,88.44230651855469,70.20356750488281,0.40629085898399353,100.51707458496094,48.5619010925293,-51.10932159423828,-40.675636291503906,137.05188479094286,-0.7319709923959431,0.0,0.3484906380496665
2026-04-02 12:26:50,636,638,1,phase_1_3_peak_stabilize,500,202.68172276334866,133,success,78.6747055053711,13.680415153503418,0.40629085898399353,36.17683029174805,48.5619010925293,13.242206573486328,23.923099517822266,23.771896255244513,0.9151574979047246,0.0,0.2915884915104771
2026-04-02 12:26:54,636,639,1,phase_1_3_peak_stabilize,500,-130.96745371365202,252,high_altitude,89.96660614013672,83.02648162841797,0.40629085898399353,100.03755187988281,48.5619010925293,-50.44432830810547,-45.97209167480469,160.40766201628813,-0.942102303433876,0.0,0.38285985986661386
2026-04-02 12:26:58,636,640,1,phase_1_3_peak_stabilize,500,-105.21142826070468,236,high_altitude,90.0273666381836,63.28734588623047,0.40629085898399353,100.57637023925781,48.5619010925293,-51.17649841308594,-41.5604248046875,144.49154540097422,-0.8140298206225802,0.0,0.1431613300535359
2026-04-02 12:27:02,637,641,1,phase_1_3_peak_stabilize,500,-113.66578910115922,245,high_altitude,88.87767028808594,54.51308059692383,0.40629085898399353,100.4140396118164,48.5619010925293,-50.88142395019531,-30.680442810058594,111.42390170422033,-0.3652651550202241,0.0,0.2941293090515969
2026-04-02 12:27:04,637,642,1,phase_1_3_peak_stabilize,500,204.67290297686495,137,success,85.16192626953125,13.795382499694824,0.40629085898399353,35.915950775146484,48.5619010925293,13.493831634521484,29.18758773803711,23.418331512858803,0.917627513129547,0.0,0.18867812292020647
2026-04-02 12:27:06,637,643,1,phase_1_3_peak_stabilize,500,201.17798337094,135,success,78.94661712646484,13.940230369567871,0.40629085898399353,35.782066345214844,48.5619010925293,13.643619537353516,23.567211151123047,22.6598133923195,0.922808532620783,0.0,0.15763430528058942
2026-04-02 12:27:14,637,644,1,phase_1_3_peak_stabilize,500,-228.30288182267145,457,low_agl,88.46138000488281,143.05674743652344,0.40629085898399353,0.2329312562942505,48.5619010925293,49.68995666503906,-28.55974006652832,60.42684751164289,0.49353438663516414,0.0,0.5873546973960331
2026-04-02 12:27:16,637,645,1,phase_1_3_peak_stabilize,500,207.0312849630274,138,success,83.1359634399414,13.95968246459961,0.40629085898399353,36.68061065673828,48.5619010925293,12.72414779663086,19.06845474243164,34.19110053219426,0.8271678699062274,0.0,0.09857902173119497
2026-04-02 12:27:21,638,646,1,phase_1_3_peak_stabilize,500,-136.85532649524797,292,high_altitude,82.98705291748047,114.52484130859375,0.40629085898399353,100.1903076171875,48.5619010925293,-50.466217041015625,-39.70569610595703,94.43952301214891,-0.07740678348060828,0.0,0.3816466869920406
2026-04-02 12:27:25,638,647,1,phase_1_3_peak_stabilize,500,-121.21242922792668,269,high_altitude,89.1341552734375,128.37338256835938,0.40629085898399353,100.3211441040039,48.5619010925293,-50.806968688964844,-61.7942008972168,155.97730079229436,-0.9133842466933544,0.0,0.2347521868816645
2026-04-02 12:27:30,638,648,1,phase_1_3_peak_stabilize,500,-125.30103789362856,268,high_altitude,82.09294891357422,94.38101196289062,0.40629085898399353,100.13497924804688,48.5619010925293,-50.507476806640625,-38.48349380493164,106.49570165200268,-0.28394341293668585,0.0,0.37752635203715434
2026-04-02 12:27:32,638,649,1,phase_1_3_peak_stabilize,500,208.34730178989443,136,success,85.22917175292969,13.624946594238281,0.40629085898399353,36.036231994628906,48.5619010925293,13.369735717773438,28.3468074798584,18.475227987872195,0.9484607542425173,0.0,0.1700275948038327
2026-04-02 12:27:34,638,650,1,phase_1_3_peak_stabilize,500,203.72705491926166,137,success,85.33320617675781,13.802464485168457,0.40629085898399353,36.15241622924805,48.5619010925293,13.269771575927734,29.769269943237305,29.168213567512733,0.8731925966819172,0.0,0.16212609132664613
2026-04-02 12:27:38,639,651,1,phase_1_3_peak_stabilize,500,-105.2459445745757,245,high_altitude,86.18983459472656,65.65608215332031,0.40629085898399353,100.02606201171875,48.5619010925293,-50.56507873535156,-33.74639892578125,107.11207158308298,-0.294241693655554,0.0,0.4822522301772848
2026-04-02 12:27:42,639,652,1,phase_1_3_peak_stabilize,500,-122.50641156882352,254,high_altitude,79.53278350830078,100.6985092163086,0.40629085898399353,100.16372680664062,48.5619010925293,-50.625457763671875,-50.50996780395508,164.7275244398894,-0.9646840696831253,0.0,0.32804180824907175
2026-04-02 12:27:46,639,653,1,phase_1_3_peak_stabilize,500,-111.0945907336212,249,high_altitude,88.33818054199219,67.79935455322266,0.40629085898399353,100.3041000366211,48.5619010925293,-50.65258026123047,-34.285728454589844,100.75559701314563,-0.18662000707043977,0.0,0.5870409617305213
2026-04-02 12:27:50,639,654,1,phase_1_3_peak_stabilize,500,-114.31235539405061,249,high_altitude,87.29783630371094,78.05838775634766,0.40629085898399353,100.51399993896484,48.5619010925293,-51.01872253417969,-42.29844284057617,132.75928848250828,-0.6789197810141551,0.0,0.3485562986764203
2026-04-02 12:27:52,639,655,1,phase_1_3_peak_stabilize,500,210.96846393789275,135,success,85.62042999267578,13.852959632873535,0.40629085898399353,35.81483840942383,48.5619010925293,13.589981079101562,24.56085968017578,20.763360142846686,0.9350525712179321,0.0,0.1573337081566369
2026-04-02 12:27:55,639,656,1,phase_1_3_peak_stabilize,500,207.19689451045093,137,success,85.116943359375,13.67153263092041,0.40629085898399353,35.89921951293945,48.5619010925293,13.52175521850586,25.06329917907715,27.926517619802972,0.8835489682726626,0.0,0.27408728229919155
2026-04-02 12:27:57,639,657,1,phase_1_3_peak_stabilize,500,207.27428784558896,135,success,78.65261840820312,13.97463321685791,0.40629085898399353,36.404537200927734,48.5619010925293,13.000518798828125,16.048362731933594,9.526398660912468,0.9862094522332768,0.0,0.22361927845299667
2026-04-02 12:27:59,640,658,1,phase_1_3_peak_stabilize,500,205.5646689454208,140,success,81.57987976074219,13.593903541564941,0.40629085898399353,36.249149322509766,48.5619010925293,13.169231414794922,21.166406631469727,8.993746358489023,0.9877054090073397,0.0,0.26301838311600767
2026-04-02 12:28:02,640,659,1,phase_1_3_peak_stabilize,500,205.4439858198696,134,success,83.37200927734375,13.617607116699219,0.40629085898399353,36.7427978515625,48.5619010925293,12.667587280273438,26.664756774902344,32.03161669778425,0.8477555494053374,0.0,0.18520405008952923
2026-04-02 12:28:04,640,660,1,phase_1_3_peak_stabilize,500,210.55209126598191,134,success,82.4313735961914,13.713357925415039,0.40629085898399353,35.93166732788086,48.5619010925293,13.468196868896484,21.36136817932129,12.477953920159466,0.9763792157622099,0.0,0.07877791156702259
2026-04-02 12:28:06,640,661,1,phase_1_3_peak_stabilize,500,205.33486081517674,138,success,85.23013305664062,13.78480052947998,0.40629085898399353,35.882225036621094,48.5619010925293,13.533287048339844,27.642427444458008,23.770091377756337,0.9151701954142415,0.0,0.10528430367706558
2026-04-02 12:28:10,640,662,1,phase_1_3_peak_stabilize,500,-111.15796441853776,255,high_altitude,79.56775665283203,88.98497009277344,0.40629085898399353,100.39396667480469,48.5619010925293,-50.938079833984375,-40.65846633911133,110.0749188525753,-0.3432485744753556,0.0,0.21849200285276285
2026-04-02 12:28:14,640,663,1,phase_1_3_peak_stabilize,500,-119.08069918241779,256,high_altitude,81.10418701171875,59.83708572387695,0.40629085898399353,100.28822326660156,48.5619010925293,-50.77465057373047,-32.67829895019531,139.1061598064726,-0.7559238552668035,0.0,0.26761855496340203
2026-04-02 12:28:19,641,664,1,phase_1_3_peak_stabilize,500,-102.63870015359414,240,high_altitude,90.47203826904297,59.207881927490234,0.40629085898399353,100.04942321777344,48.5619010925293,-50.62237548828125,-38.4084587097168,131.45435352082066,-0.6620231589385629,0.0,0.22879331175683637
2026-04-02 12:28:23,641,665,1,phase_1_3_peak_stabilize,500,-106.93376088378155,253,high_altitude,83.39295196533203,68.24067687988281,0.40629085898399353,100.27616119384766,48.5619010925293,-50.69055938720703,-28.4388427734375,84.41518221640135,0.09731918131437707,0.0,0.5738292627337874
2026-04-02 12:28:27,641,666,1,phase_1_3_peak_stabilize,500,-133.65293805480752,274,high_altitude,88.5258560180664,50.769996643066406,0.40629085898399353,100.1370849609375,48.5619010925293,-50.412933349609375,-18.320676803588867,91.49046589459084,-0.02601060343725438,0.0,0.6407063520024086
2026-04-02 12:28:32,641,667,1,phase_1_3_peak_stabilize,500,-129.19304085228424,275,high_altitude,85.71839141845703,60.827369689941406,0.40629085898399353,100.33148956298828,48.5619010925293,-50.64350128173828,-22.890504837036133,94.02366011434351,-0.07016840876360826,0.0,0.37235245859788274
2026-04-02 12:28:34,641,668,1,phase_1_3_peak_stabilize,500,203.4847588735475,141,success,90.03804779052734,13.086140632629395,0.40629085898399353,37.868377685546875,48.5619010925293,11.536754608154297,33.29438400268555,36.34986378164683,0.8054127556362904,0.0,0.0991101651265315
2026-04-02 12:28:39,642,669,1,phase_1_3_peak_stabilize,500,-138.46480727896932,301,high_altitude,83.15392303466797,105.17545318603516,0.40629085898399353,100.24783325195312,48.5619010925293,-50.531005859375,-32.438899993896484,85.36677783194587,0.08077687930889559,0.0,0.5068593962332456
2026-04-02 12:28:41,642,670,1,phase_1_3_peak_stabilize,500,202.70903002546953,134,success,80.64743041992188,13.851035118103027,0.40629085898399353,35.774314880371094,48.5619010925293,13.641178131103516,25.886621475219727,27.288852866437875,0.8887064480259868,0.0,0.180870518778176
2026-04-02 12:28:45,642,671,1,phase_1_3_peak_stabilize,500,-120.51449726553537,255,high_altitude,89.2430419921875,55.073490142822266,0.40629085898399353,100.39671325683594,48.5619010925293,-50.76347351074219,-25.506561279296875,95.68269940336127,-0.09901928582893635,0.0,0.4524353166615719
2026-04-02 12:28:48,642,672,1,phase_1_3_peak_stabilize,500,211.095057048634,135,success,87.18943786621094,13.560636520385742,0.40629085898399353,36.011714935302734,48.5619010925293,13.40755844116211,27.87796974182129,18.350836582707924,0.9491465092138488,0.0,0.22671713592190082
2026-04-02 12:28:52,642,673,1,phase_1_3_peak_stabilize,500,-114.67967544994971,252,high_altitude,88.84136199951172,64.30831146240234,0.40629085898399353,100.48388671875,48.5619010925293,-50.823646545410156,-29.0111026763916,86.28231687886189,0.0648402905605593,0.0,0.6074277181052293
2026-04-02 12:28:59,643,674,1,phase_1_3_peak_stabilize,500,-210.09172688256433,446,collision,79.11671447753906,118.02315521240234,0.40629085898399353,0.10774879157543182,48.5619010925293,49.66251754760742,-6.443521022796631,73.11345261188885,0.2904775330579975,1.0,0.9038294207833808
2026-04-02 12:29:01,643,675,1,phase_1_3_peak_stabilize,500,206.62563824277183,137,success,82.86837768554688,13.658973693847656,0.40629085898399353,36.08966064453125,48.5619010925293,13.311569213867188,23.37000846862793,15.461350667543417,0.9638105017678024,0.0,0.09567996160795224
2026-04-02 12:29:06,643,676,1,phase_1_3_peak_stabilize,500,-120.61725392010732,269,high_altitude,85.95578002929688,72.42060089111328,0.40629085898399353,100.38162994384766,48.5619010925293,-50.58421325683594,-28.027376174926758,90.12031628670795,-0.0020999138035140068,0.0,0.7186620384282728
2026-04-02 12:29:10,643,677,1,phase_1_3_peak_stabilize,500,-114.61659321691536,255,high_altitude,79.88896179199219,84.50140380859375,0.40629085898399353,100.58316040039062,48.5619010925293,-51.13990783691406,-36.73633575439453,101.17193119400375,-0.19375376478743467,0.0,0.3908224553713481
2026-04-02 12:29:14,643,678,1,phase_1_3_peak_stabilize,500,-111.57362688355974,251,high_altitude,85.4251480102539,66.26546478271484,0.40629085898399353,100.58073425292969,48.5619010925293,-51.15435791015625,-37.27436828613281,135.44154475070732,-0.7125349848129117,0.0,0.35617763224739435
2026-04-02 12:29:18,644,679,1,phase_1_3_peak_stabilize,500,-110.51945441516037,248,high_altitude,89.48314666748047,74.06084442138672,0.40629085898399353,100.03166198730469,48.5619010925293,-50.605865478515625,-43.954376220703125,144.98763570077057,-0.8190282487228796,0.0,0.334146660274726
2026-04-02 12:29:22,644,680,1,phase_1_3_peak_stabilize,500,-107.65988912852254,246,high_altitude,87.6695556640625,67.91712188720703,0.40629085898399353,100.24481964111328,48.5619010925293,-50.788612365722656,-35.3304443359375,105.65178396872342,-0.26979021771647266,0.0,0.4625082506928963
2026-04-02 12:29:25,644,681,1,phase_1_3_peak_stabilize,500,204.16667377924233,137,success,86.10948181152344,13.48377799987793,0.40629085898399353,37.15964126586914,48.5619010925293,12.241817474365234,30.397615432739258,30.568883875701832,0.8610183496701765,0.0,0.14550068095555901
2026-04-02 12:29:29,644,682,1,phase_1_3_peak_stabilize,500,-121.8872608823169,249,high_altitude,85.77625274658203,68.30355834960938,0.40629085898399353,100.02848052978516,48.5619010925293,-50.50440216064453,-40.96905517578125,169.71567989264142,-0.9839339331327367,0.0,0.5552566658124631
2026-04-02 12:29:37,644,683,1,phase_1_3_peak_stabilize,500,-253.45048265339284,472,low_agl,89.48820495605469,234.86643981933594,0.40629085898399353,0.3450520634651184,48.5619010925293,49.69824981689453,-62.4733772277832,119.18143248803487,-0.4875767507166756,0.0,0.37118283094592275
2026-04-02 12:29:44,645,684,1,phase_1_3_peak_stabilize,500,-192.48899647586228,439,low_agl,85.35454559326172,212.4912872314453,0.40629085898399353,0.22840286791324615,48.5619010925293,49.67213439941406,-37.853519439697266,47.78573830145839,0.6719049648482104,0.0,0.8167275198041963
2026-04-02 12:29:47,645,685,1,phase_1_3_peak_stabilize,500,204.72890898007054,135,success,81.13296508789062,13.907530784606934,0.40629085898399353,36.17693328857422,48.5619010925293,13.225372314453125,23.74726676940918,20.665669654695286,0.9356556570925992,0.0,0.06569174426337165
2026-04-02 12:29:51,645,686,1,phase_1_3_peak_stabilize,500,-117.17868449026633,254,high_altitude,90.54151916503906,73.74359130859375,0.40629085898399353,100.22904205322266,48.5619010925293,-50.61613464355469,-41.96548080444336,137.9027624369864,-0.7420081638079975,0.0,0.5986968298094902
2026-04-02 12:29:53,645,687,1,phase_1_3_peak_stabilize,500,204.53236060896722,141,success,80.46818542480469,13.832798957824707,0.40629085898399353,36.26885986328125,48.5619010925293,13.141181945800781,17.924726486206055,13.91391154692179,0.9706581250447441,0.0,0.21035105149361855
2026-04-02 12:29:57,646,688,1,phase_1_3_peak_stabilize,500,-112.19486780303455,252,high_altitude,84.67842864990234,101.92427825927734,0.40629085898399353,100.34174346923828,48.5619010925293,-50.799339294433594,-53.86345672607422,169.41765141839707,-0.9829919733834069,0.0,0.38926381016753636
2026-04-02 12:30:00,646,689,1,phase_1_3_peak_stabilize,500,202.34595187891333,163,success,86.33407592773438,4.197872161865234,0.40629085898399353,45.46138381958008,48.5619010925293,4.015129089355469,22.58143424987793,36.53424132319674,0.8035012368159348,0.0,0.3727686154338419
2026-04-02 12:30:02,646,690,1,phase_1_3_peak_stabilize,500,206.7445500659588,138,success,80.56775665283203,13.996598243713379,0.40629085898399353,36.703399658203125,48.5619010925293,12.700180053710938,18.400550842285156,18.268064935251125,0.9496003407684418,0.0,0.19386061371319216
2026-04-02 12:30:09,646,691,1,phase_1_3_peak_stabilize,500,-155.85625150961008,409,low_agl,84.52862548828125,105.56660461425781,0.40629085898399353,0.2786214053630829,48.5619010925293,49.69356155395508,-14.064727783203125,71.43155950990823,0.31843721364657973,0.0,0.6872842368295817
2026-04-02 12:30:11,646,692,1,phase_1_3_peak_stabilize,500,205.81635461732614,140,success,86.61251068115234,13.925289154052734,0.40629085898399353,35.887203216552734,48.5619010925293,13.083133697509766,26.5399227142334,24.990774248484556,0.9063758251698623,0.0,0.11578227587170155
2026-04-02 12:30:17,647,693,1,phase_1_3_peak_stabilize,500,-127.94789513752659,371,low_agl,81.12216186523438,68.14234161376953,0.40629085898399353,0.34652605652809143,48.5619010925293,49.69863510131836,-10.083664894104004,93.67419348545981,-0.06408283189875075,0.0,0.7541483408926783
2026-04-02 12:30:20,647,694,1,phase_1_3_peak_stabilize,500,203.41601190839708,140,success,80.5421371459961,13.995137214660645,0.40629085898399353,36.57827377319336,48.5619010925293,12.82257080078125,19.021352767944336,18.990256694689716,0.9455739256903071,0.0,0.047230048501315805
2026-04-02 12:30:22,647,695,1,phase_1_3_peak_stabilize,500,207.0944947414633,138,success,81.94084930419922,13.91388988494873,0.40629085898399353,35.71900177001953,48.5619010925293,13.704017639160156,20.782371520996094,13.88102418606818,0.9707959895682099,0.0,0.26047732685047076
2026-04-02 12:30:28,647,696,1,phase_1_3_peak_stabilize,500,-152.39599131446207,378,low_agl,87.773681640625,75.13249969482422,0.40629085898399353,0.334250807762146,48.5619010925293,49.70782470703125,-12.759373664855957,89.63004530808442,0.006456882590279504,0.0,0.7182209934646044
2026-04-02 12:30:30,647,697,1,phase_1_3_peak_stabilize,500,202.56477540825537,138,success,79.67316436767578,13.695082664489746,0.40629085898399353,36.609291076660156,48.5619010925293,12.808094024658203,19.052661895751953,27.570845764058312,0.8864392068488062,0.0,0.14258996456581893
2026-04-02 12:30:37,648,698,1,phase_1_3_peak_stabilize,500,-158.4126430299769,383,low_agl,86.5029296875,146.76646423339844,0.40629085898399353,0.38211390376091003,48.5619010925293,49.68632125854492,-49.36608123779297,83.42623229628603,0.11448233273439565,0.0,0.7245873143240753
2026-04-02 12:30:44,648,699,1,phase_1_3_peak_stabilize,500,-191.65230496138287,446,low_agl,81.09925842285156,93.00920104980469,0.40629085898399353,0.1780114620923996,48.5619010925293,49.52175521850586,-9.886507034301758,45.32441133215259,0.7030917970894746,0.0,0.8932468468755947
2026-04-02 12:30:48,648,700,1,phase_1_3_peak_stabilize,500,-111.03421946257436,259,high_altitude,86.97563171386719,62.93098449707031,0.40629085898399353,100.35931396484375,48.5619010925293,-50.653648376464844,-26.99000358581543,86.41572413373058,0.06251662080307598,0.0,0.7018652263385808
2026-04-02 12:30:50,648,701,1,phase_1_3_peak_stabilize,500,202.0747223334745,139,success,81.2459945678711,13.65200138092041,0.40629085898399353,35.77968978881836,48.5619010925293,13.649276733398438,24.28000259399414,21.36301318593337,0.9312911650237752,0.0,0.1831939268504197
2026-04-02 12:30:55,648,702,1,phase_1_3_peak_stabilize,500,-131.24601530029258,282,high_altitude,85.97869873046875,88.7158432006836,0.40629085898399353,100.16407775878906,48.5619010925293,-50.25804901123047,-35.371849060058594,105.9533094998228,-0.2748539293839425,0.0,0.6648880596705946
2026-04-02 12:30:59,649,703,1,phase_1_3_peak_stabilize,500,-117.96581141069436,252,high_altitude,81.97816467285156,75.65569305419922,0.40629085898399353,100.06781005859375,48.5619010925293,-50.65559387207031,-40.29635238647461,145.60110963164277,-0.8251244396845138,0.0,0.37472079180838797
2026-04-02 12:31:02,649,704,1,phase_1_3_peak_stabilize,500,203.06098906834407,142,success,81.13682556152344,13.678184509277344,0.40629085898399353,35.89756774902344,48.5619010925293,13.523990631103516,21.644084930419922,13.620153648456004,0.9718782297961084,0.0,0.20639128505612528
2026-04-02 12:31:04,649,705,1,phase_1_3_peak_stabilize,500,199.57064589057333,143,success,79.85765075683594,13.93368148803711,0.40629085898399353,36.14093017578125,48.5619010925293,13.301925659179688,18.126766204833984,28.120483039400288,0.881958424562905,0.0,0.3191220335294078
2026-04-02 12:31:06,649,706,1,phase_1_3_peak_stabilize,500,207.84622683876913,138,success,85.52539825439453,13.569788932800293,0.40629085898399353,35.991294860839844,48.5619010925293,13.436080932617188,23.440305709838867,28.89438445349775,0.8755118891931357,0.0,0.22158488215193337
2026-04-02 12:31:10,649,707,1,phase_1_3_peak_stabilize,500,-111.15650730441457,258,high_altitude,83.322021484375,69.32024383544922,0.40629085898399353,100.46952819824219,48.5619010925293,-50.965606689453125,-31.135215759277344,98.23210166201437,-0.14318346281719505,0.0,0.4838496737310499
2026-04-02 12:31:12,649,708,1,phase_1_3_peak_stabilize,500,203.5467102628872,140,success,83.15308380126953,13.734886169433594,0.40629085898399353,36.11075973510742,48.5619010925293,13.303398132324219,22.523906707763672,18.86237164776498,0.9462978838705322,0.0,0.22074724077877558
2026-04-02 12:31:15,649,709,1,phase_1_3_peak_stabilize,500,204.48256374796335,146,success,81.12090301513672,13.925749778747559,0.40629085898399353,38.07493209838867,48.5619010925293,11.329803466796875,7.934548854827881,31.919984085989565,0.8487873229908917,0.0,0.21420762425254944
2026-04-02 12:31:17,650,710,1,phase_1_3_peak_stabilize,500,200.27199295818116,139,success,83.75078582763672,13.568758964538574,0.40629085898399353,36.842830657958984,48.5619010925293,12.577106475830078,28.448097229003906,34.0027034243178,0.8290111868669365,0.0,0.21910018135617845
2026-04-02 12:31:24,650,711,1,phase_1_3_peak_stabilize,500,-199.39124305388188,442,low_agl,86.03718566894531,127.0516128540039,0.40629085898399353,0.37786078453063965,48.5619010925293,49.71805953979492,-30.707603454589844,81.98575223051951,0.1394193470989028,0.0,0.5595904043161535
2026-04-02 12:31:29,650,712,1,phase_1_3_peak_stabilize,500,-113.39310750223183,257,high_altitude,79.8770751953125,78.2914047241211,0.40629085898399353,100.5705337524414,48.5619010925293,-51.03557586669922,-31.94548797607422,92.50069868415991,-0.043631570094805845,0.0,0.45866872545746057
2026-04-02 12:31:31,650,713,1,phase_1_3_peak_stabilize,500,207.37875228927666,136,success,79.29468536376953,13.648205757141113,0.40629085898399353,36.48563003540039,48.5619010925293,12.914093017578125,17.398090362548828,14.967932679259818,0.9660705309255753,0.0,0.034349816956348825
2026-04-02 12:31:35,650,714,1,phase_1_3_peak_stabilize,500,-109.46163341347385,253,high_altitude,87.12513732910156,65.64337921142578,0.40629085898399353,100.06193542480469,48.5619010925293,-50.46440124511719,-30.308753967285156,90.66891025065419,-0.011674421069415639,0.0,0.5922920369191969
2026-04-02 12:31:39,651,715,1,phase_1_3_peak_stabilize,500,-134.02439580323926,256,high_altitude,88.6952133178711,54.86250686645508,0.40629085898399353,100.10491943359375,48.5619010925293,-50.66937255859375,-33.44003677368164,176.32693417899858,-0.9979458440085712,0.0,0.5321097545020075
2026-04-02 12:31:42,651,716,1,phase_1_3_peak_stabilize,500,204.9484689925655,142,success,82.58567810058594,13.988585472106934,0.40629085898399353,36.367862701416016,48.5619010925293,13.042369842529297,17.06190299987793,27.33250802051801,0.8883568647300363,0.0,0.2050186001309687
2026-04-02 12:31:44,651,717,1,phase_1_3_peak_stabilize,500,207.53625489930062,136,success,81.98199462890625,13.53421401977539,0.40629085898399353,36.007877349853516,48.5619010925293,13.407093048095703,23.76885986328125,8.511400960623662,0.9889864320298708,0.0,0.2164884615540243
2026-04-02 12:31:46,651,718,1,phase_1_3_peak_stabilize,500,202.61585346486876,139,success,79.58476257324219,13.868890762329102,0.40629085898399353,35.801753997802734,48.5619010925293,13.61212158203125,22.353120803833008,9.120763971389167,0.9873564254810699,0.0,0.19044517578175846
2026-04-02 12:31:49,651,719,1,phase_1_3_peak_stabilize,500,204.92214074444462,146,success,88.49138641357422,10.25850772857666,0.40629085898399353,40.53085708618164,48.5619010925293,8.870052337646484,31.933256149291992,36.597939667396275,0.8028389146726848,0.0,0.027023237128638675
2026-04-02 12:31:53,651,720,1,phase_1_3_peak_stabilize,500,-111.46232849480249,249,high_altitude,90.26994323730469,64.07655334472656,0.40629085898399353,100.58306121826172,48.5619010925293,-51.17784118652344,-40.336917877197266,147.11384626863887,-0.8397511051703495,0.0,0.30363913728938074
2026-04-02 12:31:55,651,721,1,phase_1_3_peak_stabilize,500,201.01841686108546,139,success,80.3875732421875,13.750439643859863,0.40629085898399353,35.78281021118164,48.5619010925293,13.646697998046875,23.163818359375,17.46917698162246,0.953878581376463,0.0,0.268446876660096
2026-04-02 12:31:57,652,722,1,phase_1_3_peak_stabilize,500,201.96443545534564,141,success,85.28050231933594,13.746914863586426,0.40629085898399353,36.37726974487305,48.5619010925293,13.041038513183594,29.15827178955078,26.011144746329222,0.8987087606212462,0.0,0.19324189865345123
2026-04-02 12:32:02,652,723,1,phase_1_3_peak_stabilize,500,-113.77939890792956,251,high_altitude,86.6704330444336,63.55305099487305,0.40629085898399353,100.4405288696289,48.5619010925293,-50.96052551269531,-35.57387924194336,132.50075216204496,-0.6755998863162314,0.0,0.36263195711020424
2026-04-02 12:32:06,652,724,1,phase_1_3_peak_stabilize,500,-114.8171063213065,254,high_altitude,85.21320343017578,100.80329132080078,0.40629085898399353,100.46491241455078,48.5619010925293,-50.98585510253906,-51.18602752685547,156.16002201297056,-0.9146778724254356,0.0,0.34387926427846127
2026-04-02 12:32:10,652,725,1,phase_1_3_peak_stabilize,500,-128.97220515801266,270,high_altitude,87.58533477783203,68.19656372070312,0.40629085898399353,100.2742691040039,48.5619010925293,-50.47483825683594,-29.978002548217773,100.8782808710174,-0.1887231980178219,0.0,0.6419476535702461
2026-04-02 12:32:12,652,726,1,phase_1_3_peak_stabilize,500,200.89296369869226,136,success,83.16315460205078,13.988554954528809,0.40629085898399353,35.967803955078125,48.5619010925293,13.437908172607422,29.71466827392578,28.60691886680484,0.8779251636309536,0.0,0.06399447845149625
2026-04-02 12:32:14,652,727,1,phase_1_3_peak_stabilize,500,201.94702866405515,135,success,80.09938049316406,13.614567756652832,0.40629085898399353,35.8359489440918,48.5619010925293,13.58292007446289,25.613048553466797,22.997226444865422,0.920523766757091,0.0,0.11239016316685271
2026-04-02 12:32:17,653,728,1,phase_1_3_peak_stabilize,500,209.01037589589615,140,success,84.82505798339844,13.849309921264648,0.40629085898399353,36.07420349121094,48.5619010925293,13.336318969726562,21.141143798828125,11.989574903936044,0.9781854145422009,0.0,0.2257880832744713
2026-04-02 12:32:19,653,729,1,phase_1_3_peak_stabilize,500,201.27428250235633,137,success,79.2108383178711,13.92891788482666,0.40629085898399353,36.232200622558594,48.5619010925293,13.186187744140625,20.79888153076172,30.105455540516466,0.8651036642275909,0.0,0.24911257834300735
2026-04-02 12:32:21,653,730,1,phase_1_3_peak_stabilize,500,206.56168993456504,139,success,84.07301330566406,13.893290519714355,0.40629085898399353,35.53204345703125,48.5619010925293,13.86996841430664,24.229087829589844,9.402137883116072,0.9865660667223213,0.0,0.1051125180342396
2026-04-02 12:32:24,653,731,1,phase_1_3_peak_stabilize,500,202.7928422502691,139,success,80.12871551513672,13.545218467712402,0.40629085898399353,36.469486236572266,48.5619010925293,12.960384368896484,23.430822372436523,13.492042351515014,0.9724023335844207,0.0,0.2816422253489375
2026-04-02 12:32:28,653,732,1,phase_1_3_peak_stabilize,500,-115.4301067575168,253,high_altitude,80.4678726196289,76.27417755126953,0.40629085898399353,100.57855224609375,48.5619010925293,-51.13634490966797,-38.769100189208984,130.43665533448876,-0.6486069673071114,0.0,0.5072883789609832
2026-04-02 12:32:30,653,733,1,phase_1_3_peak_stabilize,500,206.46429713264538,139,success,81.29951477050781,13.942732810974121,0.40629085898399353,35.84192657470703,48.5619010925293,13.561725616455078,19.36443328857422,10.760934862824763,0.9824147818407835,0.0,0.06815663401140375
2026-04-02 12:32:32,653,734,1,phase_1_3_peak_stabilize,500,206.4798222499654,138,success,82.09947204589844,13.740411758422852,0.40629085898399353,36.13744354248047,48.5619010925293,13.2635498046875,22.104421615600586,17.99726501013304,0.9510712660074931,0.0,0.12743783178842272
2026-04-02 12:32:34,653,735,1,phase_1_3_peak_stabilize,500,205.52744598353286,136,success,80.93081665039062,13.627486228942871,0.40629085898399353,36.058536529541016,48.5619010925293,13.349056243896484,23.345691680908203,16.983948390153706,0.9563866273731602,0.0,0.16259886085037129
2026-04-02 12:32:37,654,736,1,phase_1_3_peak_stabilize,500,205.72138643139687,139,success,87.63229370117188,13.747950553894043,0.40629085898399353,36.281463623046875,48.5619010925293,13.142993927001953,28.190322875976562,33.18939864889853,0.8368656139268215,0.0,0.22945103339162162
2026-04-02 12:32:41,654,737,1,phase_1_3_peak_stabilize,500,-107.30608991672726,250,high_altitude,80.41600036621094,73.13533782958984,0.40629085898399353,100.3017578125,48.5619010925293,-50.78186798095703,-32.36272048950195,88.8911895946183,0.019351184416410084,0.0,0.5792992152715146
2026-04-02 12:32:43,654,738,1,phase_1_3_peak_stabilize,500,207.90472190713413,136,success,83.32324981689453,13.787291526794434,0.40629085898399353,36.13983917236328,48.5619010925293,13.261222839355469,25.214710235595703,13.787790396350212,0.9711850888105568,0.0,0.007821406922879859
2026-04-02 12:32:47,654,739,1,phase_1_3_peak_stabilize,500,-108.00541313597415,239,high_altitude,88.41236114501953,57.31204605102539,0.40629085898399353,100.01483917236328,48.5619010925293,-50.612937927246094,-38.09754180908203,144.98361954953862,-0.8189880294449763,0.0,0.183554111232785
2026-04-02 12:32:49,654,740,1,phase_1_3_peak_stabilize,500,207.27577023870217,136,success,80.28107452392578,13.782795906066895,0.40629085898399353,36.80068588256836,48.5619010925293,12.598640441894531,17.68724822998047,21.572011851893883,0.9299561983962383,0.0,0.11242174354198457
2026-04-02 12:32:53,654,741,1,phase_1_3_peak_stabilize,500,-114.29619953977735,246,high_altitude,79.78729248046875,81.13506317138672,0.40629085898399353,100.19796752929688,48.5619010925293,-50.706626892089844,-44.674678802490234,167.36739255409933,-0.9757924569946763,0.0,0.5427873151872197
2026-04-02 12:32:55,655,742,1,phase_1_3_peak_stabilize,500,204.72739594413244,138,success,87.84850311279297,13.945089340209961,0.40629085898399353,36.60520935058594,48.5619010925293,12.798702239990234,32.25635528564453,25.0958567088652,0.9055994722310273,0.0,0.09216583785919363
2026-04-02 12:32:58,655,743,1,phase_1_3_peak_stabilize,500,207.0606945254952,135,success,83.74138641357422,13.92629623413086,0.40629085898399353,35.6043815612793,48.5619010925293,13.794986724853516,28.54842185974121,8.586089079197752,0.9887926577951127,0.0,0.00861289513366379
2026-04-02 12:33:00,655,744,1,phase_1_3_peak_stabilize,500,211.080910989137,140,success,86.2902603149414,13.582002639770508,0.40629085898399353,36.260009765625,48.5619010925293,13.139846801757812,22.90789031982422,14.145897214533981,0.969676554490516,0.0,0.05243068505189296
2026-04-02 12:33:02,655,745,1,phase_1_3_peak_stabilize,500,208.3334163237292,138,success,85.6783218383789,13.833867073059082,0.40629085898399353,36.06713104248047,48.5619010925293,13.333538055419922,26.592178344726562,12.692257935557786,0.9755642416516315,0.0,0.1225717679042848
2026-04-02 12:33:06,655,746,1,phase_1_3_peak_stabilize,500,-113.53153616499245,256,high_altitude,79.06578063964844,86.10379791259766,0.40629085898399353,100.5147933959961,48.5619010925293,-50.97212219238281,-32.24691390991211,76.62647844921486,0.2312983238933668,0.0,0.6774339292700133
2026-04-02 12:33:10,655,747,1,phase_1_3_peak_stabilize,500,-112.62749813126938,255,high_altitude,87.83328247070312,68.84587860107422,0.40629085898399353,100.52310180664062,48.5619010925293,-50.957237243652344,-30.507055282592773,85.33761975437908,0.08128411029056352,0.0,0.6753290610672323
2026-04-02 12:33:12,655,748,1,phase_1_3_peak_stabilize,500,208.07036322919805,140,success,87.2393569946289,13.456512451171875,0.40629085898399353,36.92185974121094,48.5619010925293,12.477840423583984,26.792953491210938,26.318079787251254,0.8963465738341605,0.0,0.18594404478040794
2026-04-02 12:33:15,656,749,1,phase_1_3_peak_stabilize,500,206.8235909545616,137,success,85.14334869384766,13.743912696838379,0.40629085898399353,35.6976432800293,48.5619010925293,13.271617889404297,27.350234985351562,18.45361897688557,0.9485802030788982,0.0,0.1176082417204763
2026-04-02 12:33:17,656,750,1,phase_1_3_peak_stabilize,500,206.2774774841806,136,success,81.64470672607422,13.684209823608398,0.40629085898399353,35.76959228515625,48.5619010925293,13.640010833740234,23.453102111816406,17.823228374986535,0.9520053820703633,0.0,0.1619966530488121
2026-04-02 12:33:21,656,751,1,phase_1_3_peak_stabilize,500,-109.12230696564556,250,high_altitude,87.59025573730469,60.3739013671875,0.40629085898399353,100.07383728027344,48.5619010925293,-50.525535583496094,-29.78584861755371,95.72488948186444,-0.09975199588930402,0.0,0.5375397911225617
2026-04-02 12:33:25,656,752,1,phase_1_3_peak_stabilize,500,-119.39864465744041,253,high_altitude,86.30902862548828,51.44895553588867,0.40629085898399353,100.3947982788086,48.5619010925293,-50.72392272949219,-24.35677719116211,98.37484578547847,-0.1456487003358817,0.0,0.5200599948900484
2026-04-02 12:33:27,656,753,1,phase_1_3_peak_stabilize,500,207.21492593695976,141,success,89.19208526611328,13.890707969665527,0.40629085898399353,36.18324661254883,48.5619010925293,13.231910705566406,27.330472946166992,32.13028561053426,0.8468409144672971,0.0,0.16979108380548813
2026-04-02 12:33:31,656,754,1,phase_1_3_peak_stabilize,500,-114.47292273046561,263,high_altitude,87.08031463623047,55.93952941894531,0.40629085898399353,100.03368377685547,48.5619010925293,-50.35753631591797,-22.5407772064209,81.23085240269303,0.152453676855178,0.0,0.7227822352553024
2026-04-02 12:33:34,657,755,1,phase_1_3_peak_stabilize,500,205.68905622801975,139,success,89.37989044189453,13.581275939941406,0.40629085898399353,36.91333770751953,48.5619010925293,12.489204406738281,33.01927947998047,30.650600258931867,0.8602921359931925,0.0,0.11596756729283719
2026-04-02 12:33:36,657,756,1,phase_1_3_peak_stabilize,500,209.27048095148953,137,success,84.75550842285156,13.81685733795166,0.40629085898399353,35.9122428894043,48.5619010925293,13.489578247070312,23.61093521118164,13.73398045852156,0.9714084873346013,0.0,0.019207469279907716
2026-04-02 12:33:38,657,757,1,phase_1_3_peak_stabilize,500,209.87007650894222,136,success,83.5922622680664,13.76375961303711,0.40629085898399353,35.706974029541016,48.5619010925293,13.692481994628906,22.64586639404297,9.192057485945758,0.987158418801603,0.0,0.05210984614434654
2026-04-02 12:33:40,657,758,1,phase_1_3_peak_stabilize,500,203.1099749373794,139,success,84.56743621826172,13.514046669006348,0.40629085898399353,37.13658905029297,48.5619010925293,12.271736145019531,27.489484786987305,34.830365257372435,0.820846630636739,0.0,0.12335893581481394
2026-04-02 12:33:42,657,759,1,phase_1_3_peak_stabilize,500,207.49270446791525,137,success,78.88105010986328,13.866950988769531,0.40629085898399353,36.8043327331543,48.5619010925293,12.59634017944336,13.828591346740723,21.85600257984655,0.9281223975721804,0.0,0.0830876058237778
2026-04-02 12:33:44,657,760,1,phase_1_3_peak_stabilize,500,204.8014582687535,138,success,85.62687683105469,13.5601167678833,0.40629085898399353,37.58167266845703,48.5619010925293,11.821449279785156,25.95024871826172,36.08106851705015,0.8081845201100585,0.0,0.1440287100618691
2026-04-02 12:33:47,657,761,1,phase_1_3_peak_stabilize,500,210.76073686620444,136,success,86.06072235107422,13.909846305847168,0.40629085898399353,35.623741149902344,48.5619010925293,13.780147552490234,25.1564998626709,16.01720170748281,0.9611788989974515,0.0,0.017316389914269748
2026-04-02 12:33:49,657,762,1,phase_1_3_peak_stabilize,500,204.10285110351185,139,success,89.03418731689453,13.555854797363281,0.40629085898399353,37.295928955078125,48.5619010925293,12.109138488769531,33.065765380859375,35.052800612977656,0.8186231202984932,0.0,0.030839790128596424
2026-04-02 12:33:51,657,763,1,phase_1_3_peak_stabilize,500,209.68482837828236,135,success,84.73688507080078,13.952729225158691,0.40629085898399353,35.933982849121094,48.5619010925293,13.466243743896484,25.967937469482422,14.42087038523494,0.9684925098563816,0.0,0.09896922481839898
2026-04-02 12:33:53,658,764,1,phase_1_3_peak_stabilize,500,208.83612015732885,138,success,83.18819427490234,13.67527961730957,0.40629085898399353,36.752891540527344,48.5619010925293,12.653430938720703,17.614477157592773,31.90607099065025,0.8489156901844499,0.0,0.11211934248105516
2026-04-02 12:33:55,658,765,1,phase_1_3_peak_stabilize,500,206.6955356110314,140,success,87.9407958984375,13.7568359375,0.40629085898399353,36.42277145385742,48.5619010925293,12.545551300048828,29.060394287109375,22.90295275884632,0.9211653506980777,0.0,0.142106848113273
2026-04-02 12:33:59,658,766,1,phase_1_3_peak_stabilize,500,-117.46968601462237,250,high_altitude,84.05193328857422,82.54486083984375,0.40629085898399353,100.60578155517578,48.5619010925293,-51.180091857910156,-44.02727508544922,143.54762691805678,-0.8043510272185231,0.0,0.27950653733167025
2026-04-02 12:34:02,658,767,1,phase_1_3_peak_stabilize,500,207.69144230543165,137,success,86.60646057128906,13.882709503173828,0.40629085898399353,36.49558639526367,48.5619010925293,12.90481948852539,27.161514282226562,26.244885772558106,0.896912216695839,0.0,0.04897646043750201
2026-04-02 12:34:05,658,768,1,phase_1_3_peak_stabilize,500,-109.61605976893986,242,high_altitude,81.00072479248047,84.59783172607422,0.40629085898399353,100.04108428955078,48.5619010925293,-50.59674835205078,-45.61402893066406,143.6654203604828,-0.8055708386283329,0.0,0.4350326050202526
2026-04-02 12:34:09,658,769,1,phase_1_3_peak_stabilize,500,-122.41340426370789,256,high_altitude,80.20614624023438,66.73307800292969,0.40629085898399353,100.34632873535156,48.5619010925293,-50.88013458251953,-28.93369483947754,107.24155147917891,-0.29640074975883934,0.0,0.4196265393934299
2026-04-02 12:34:12,659,770,1,phase_1_3_peak_stabilize,500,204.15681825278682,138,success,85.19093322753906,13.940225601196289,0.40629085898399353,36.20260238647461,48.5619010925293,13.198963165283203,29.401790618896484,20.785380672730806,0.934916253421815,0.0,0.0813081446693988
2026-04-02 12:34:16,659,771,1,phase_1_3_peak_stabilize,500,-124.28126535207223,275,high_altitude,79.42787170410156,87.14005279541016,0.40629085898399353,100.0279769897461,48.5619010925293,-50.32013702392578,-27.428258895874023,74.99898097378423,0.2588362244026789,0.0,0.5849372586747628
2026-04-02 12:34:20,659,772,1,phase_1_3_peak_stabilize,500,-133.50192132942743,262,high_altitude,84.1107177734375,101.31499481201172,0.40629085898399353,100.37823486328125,48.5619010925293,-50.72888946533203,-50.73068618774414,169.1252100388938,-0.982041819292319,0.0,0.5731236939607324
2026-04-02 12:34:22,659,773,1,phase_1_3_peak_stabilize,500,203.46067798094734,141,success,89.4603500366211,13.890286445617676,0.40629085898399353,37.25421905517578,48.5619010925293,12.148189544677734,33.04336166381836,24.169884547991987,0.9123354513674714,0.0,0.11142384826825914
2026-04-02 12:34:26,659,774,1,phase_1_3_peak_stabilize,500,-116.37624428581616,248,high_altitude,79.35418701171875,90.17120361328125,0.40629085898399353,100.55860137939453,48.5619010925293,-51.138023376464844,-45.22515106201172,136.42699078377842,-0.7244966456995262,0.0,0.3500463648303415
2026-04-02 12:34:30,660,775,1,phase_1_3_peak_stabilize,500,-104.93146364484463,239,high_altitude,86.31574249267578,55.017372131347656,0.40629085898399353,100.17515563964844,48.5619010925293,-50.65092468261719,-32.80281066894531,109.2232420743989,-0.32924970662777225,0.0,0.5219702857858852
2026-04-02 12:34:32,660,776,1,phase_1_3_peak_stabilize,500,203.36979842731824,138,success,89.09654235839844,13.787065505981445,0.40629085898399353,37.85963821411133,48.5619010925293,11.540428161621094,34.55888748168945,36.35348719700152,0.8053752704576429,0.0,0.10750964716451425
2026-04-02 12:34:36,660,777,1,phase_1_3_peak_stabilize,500,-114.82910810735329,247,high_altitude,80.75558471679688,94.84954833984375,0.40629085898399353,100.48633575439453,48.5619010925293,-50.87971496582031,-51.15987777709961,162.93353427325053,-0.9559649480267887,0.0,0.5888901053932108
2026-04-02 12:34:38,660,778,1,phase_1_3_peak_stabilize,500,208.7227989764437,134,success,88.77616882324219,13.995854377746582,0.40629085898399353,36.50697708129883,48.5619010925293,12.894332885742188,34.183223724365234,18.415042068453335,0.9487931104607517,0.0,0.014993352720701581
2026-04-02 12:34:40,660,779,1,phase_1_3_peak_stabilize,500,206.80633724016585,137,success,84.46845245361328,13.69648265838623,0.40629085898399353,35.78044509887695,48.5619010925293,13.632637023925781,26.738685607910156,19.33820872912497,0.9435803322254894,0.0,0.13497341316760403
2026-04-02 12:34:43,660,780,1,phase_1_3_peak_stabilize,500,207.3886722830089,135,success,81.75210571289062,13.771160125732422,0.40629085898399353,36.63853454589844,48.5619010925293,12.76266860961914,19.812923431396484,27.549728526691926,0.8866097352691453,0.0,0.094365294251988
2026-04-02 12:34:47,660,781,1,phase_1_3_peak_stabilize,500,-112.07461971844248,241,high_altitude,89.48928833007812,63.99674606323242,0.40629085898399353,100.21800994873047,48.5619010925293,-50.73448181152344,-43.01004409790039,169.90759454794042,-0.9845264161619482,0.0,0.414547666903369
2026-04-02 12:34:51,661,782,1,phase_1_3_peak_stabilize,500,-108.14670114564326,253,high_altitude,86.17757415771484,52.70275115966797,0.40629085898399353,100.33587646484375,48.5619010925293,-50.591156005859375,-23.268535614013672,81.23627557289402,0.15236013042199603,0.0,0.8073240646243401
2026-04-02 12:34:53,661,783,1,phase_1_3_peak_stabilize,500,209.537549700689,136,success,84.12005615234375,13.52269458770752,0.40629085898399353,36.01539993286133,48.5619010925293,13.39181900024414,25.765993118286133,4.820523400612859,0.9964628218411987,0.0,0.10652203240442576
2026-04-02 12:34:55,661,784,1,phase_1_3_peak_stabilize,500,203.4995702977337,135,success,84.3801040649414,13.564512252807617,0.40629085898399353,37.09012985229492,48.5619010925293,12.31143569946289,29.98464012145996,33.101381416159164,0.8377055497165152,0.0,0.0724474204796664
2026-04-02 12:34:57,661,785,1,phase_1_3_peak_stabilize,500,205.65664921939933,137,success,82.27938842773438,13.647132873535156,0.40629085898399353,35.81882858276367,48.5619010925293,13.603885650634766,24.299781799316406,19.103757363222403,0.9449274517126705,0.0,0.23603905250631457
2026-04-02 12:35:00,661,786,1,phase_1_3_peak_stabilize,500,209.58137650129186,137,success,85.87751770019531,13.550507545471191,0.40629085898399353,37.08440017700195,48.5619010925293,12.315185546875,22.88237190246582,26.88051000690866,0.8919513802560283,0.0,0.045873073692446746
2026-04-02 12:35:02,661,787,1,phase_1_3_peak_stabilize,500,204.0401053416112,137,success,86.49674987792969,13.575935363769531,0.40629085898399353,36.509063720703125,48.5619010925293,12.89626693725586,31.606517791748047,27.292308942157902,0.8886787911426131,0.0,0.14848566493302376
2026-04-02 12:35:06,661,788,1,phase_1_3_peak_stabilize,500,-120.3270429997377,254,high_altitude,78.68963623046875,108.00995635986328,0.40629085898399353,100.07953643798828,48.5619010925293,-50.637474060058594,-49.89589309692383,128.18940015414952,-0.6182629995134039,0.0,0.4291808328417142
2026-04-02 12:35:08,661,789,1,phase_1_3_peak_stabilize,500,205.9687291625972,140,success,86.30736541748047,13.60462474822998,0.40629085898399353,37.16630935668945,48.5619010925293,12.234527587890625,26.745071411132812,29.971747757324298,0.8662718458186102,0.0,0.12150915241293174
2026-04-02 12:35:12,662,790,1,phase_1_3_peak_stabilize,500,-114.39331592916507,247,high_altitude,80.15058898925781,97.5318374633789,0.40629085898399353,100.32752227783203,48.5619010925293,-50.794525146484375,-52.182533264160156,161.95655767475026,-0.950821942670702,0.0,0.5359981138197747
2026-04-02 12:35:14,662,791,1,phase_1_3_peak_stabilize,500,205.2057831394042,134,success,82.7427978515625,13.891877174377441,0.40629085898399353,35.604496002197266,48.5619010925293,13.801982879638672,27.779741287231445,17.150980666306367,0.9555310051354804,0.0,0.17841001900520623
2026-04-02 12:35:18,662,792,1,phase_1_3_peak_stabilize,500,-106.42147730192687,243,high_altitude,86.66500854492188,76.99959564208984,0.40629085898399353,100.30828094482422,48.5619010925293,-50.88658142089844,-42.38773727416992,128.27690853779572,-0.6194626992919721,0.0,0.39908056823582916
2026-04-02 12:35:20,662,793,1,phase_1_3_peak_stabilize,500,208.99445137943144,136,success,83.17820739746094,13.551440238952637,0.40629085898399353,35.980308532714844,48.5619010925293,13.433128356933594,24.174840927124023,14.323916703740254,0.9689125433685348,0.0,0.26343635588433767
2026-04-02 12:35:24,662,794,1,phase_1_3_peak_stabilize,500,-117.07531748359665,257,high_altitude,83.91863250732422,93.37293243408203,0.40629085898399353,100.49043273925781,48.5619010925293,-51.06456756591797,-43.0891227722168,109.65098267117094,-0.3362896941374533,0.0,0.6206956279036525
2026-04-02 12:35:29,663,795,1,phase_1_3_peak_stabilize,500,-131.94509261100077,270,high_altitude,88.2477798461914,58.423545837402344,0.40629085898399353,100.06721496582031,48.5619010925293,-50.305870056152344,-29.56682014465332,119.05353036563722,-0.48562654922531723,0.0,0.7239395474229126
2026-04-02 12:35:31,663,796,1,phase_1_3_peak_stabilize,500,206.15196237692993,137,success,79.83252716064453,13.676238059997559,0.40629085898399353,36.44184112548828,48.5619010925293,12.963363647460938,17.01129150390625,22.87579592670635,0.9213497051868624,0.0,0.13415970455880966
2026-04-02 12:35:33,663,797,1,phase_1_3_peak_stabilize,500,206.9981521084858,139,success,86.55976867675781,13.656100273132324,0.40629085898399353,36.345802307128906,48.5619010925293,13.062797546386719,26.338937759399414,27.96251783937082,0.8832545261501997,0.0,0.15641612273290714
2026-04-02 12:35:35,663,798,1,phase_1_3_peak_stabilize,500,206.69185629688639,137,success,85.78588104248047,13.847317695617676,0.40629085898399353,37.532833099365234,48.5619010925293,11.867794036865234,25.973758697509766,31.5083729809425,0.8525637993549695,0.0,0.10469678040336947
2026-04-02 12:35:37,663,799,1,phase_1_3_peak_stabilize,500,206.23939381065236,136,success,81.9725112915039,13.527463912963867,0.40629085898399353,35.902069091796875,48.5619010925293,13.503524780273438,25.867969512939453,8.627029233082808,0.9886857278617104,0.0,0.10076431458434998
2026-04-02 12:35:39,663,800,1,phase_1_3_peak_stabilize,500,207.08827391760786,137,success,79.2626724243164,13.931373596191406,0.40629085898399353,36.59221267700195,48.5619010925293,12.821170806884766,13.938423156738281,26.20029829765626,0.8972560710607314,0.0,0.1721643540172696
2026-04-02 12:35:43,663,801,1,phase_1_3_peak_stabilize,500,-122.15266276524272,250,high_altitude,88.62980651855469,64.37457275390625,0.40629085898399353,100.29618835449219,48.5619010925293,-50.79002380371094,-39.7235107421875,167.77863824402579,-0.9773370375026397,0.0,0.46443811565579224
2026-04-02 12:35:45,663,802,1,phase_1_3_peak_stabilize,500,203.36297433923258,134,success,81.9257583618164,13.92931842803955,0.40629085898399353,35.6760368347168,48.5619010925293,13.743476867675781,27.340681076049805,28.161226825346706,0.8816230345896943,0.0,0.3135630606875714
2026-04-02 12:35:48,664,803,1,phase_1_3_peak_stabilize,500,208.941021114558,137,success,88.78213500976562,13.509937286376953,0.40629085898399353,36.44809341430664,48.5619010925293,12.967914581298828,32.23145294189453,13.095993832491825,0.9739918125419684,0.0,0.20840415062245957
2026-04-02 12:35:50,664,804,1,phase_1_3_peak_stabilize,500,204.50485025169306,137,success,89.3892822265625,13.949624061584473,0.40629085898399353,37.661773681640625,48.5619010925293,11.739402770996094,33.14617919921875,34.463771929144926,0.824484162018511,0.0,0.04172304627837711
2026-04-02 12:35:54,664,805,1,phase_1_3_peak_stabilize,500,-116.56748628372925,256,high_altitude,83.93013763427734,106.8738021850586,0.40629085898399353,100.41458892822266,48.5619010925293,-51.006996154785156,-51.25865173339844,127.51026078459681,-0.6089034965125684,0.0,0.4809836675534147
2026-04-02 12:35:58,664,806,1,phase_1_3_peak_stabilize,500,-122.91934220953577,249,high_altitude,90.24604797363281,63.9010124206543,0.40629085898399353,100.2146224975586,48.5619010925293,-50.67829132080078,-39.791664123535156,153.5306587297041,-0.8951729920343444,0.0,0.5842203262264759
2026-04-02 12:36:00,664,807,1,phase_1_3_peak_stabilize,500,200.55877913047624,135,success,79.89654541015625,13.831387519836426,0.40629085898399353,36.399410247802734,48.5619010925293,13.01089096069336,26.045251846313477,30.10721772932233,0.8650882368223255,0.0,0.1597466000676372
2026-04-02 12:36:02,664,808,1,phase_1_3_peak_stabilize,500,204.04457542962456,136,success,82.79393005371094,13.498974800109863,0.40629085898399353,36.5704345703125,48.5619010925293,12.8455810546875,26.03413200378418,32.864520701026876,0.8399560537697877,0.0,0.09930101462855012
2026-04-02 12:36:07,665,809,1,phase_1_3_peak_stabilize,500,-120.13380484901448,253,high_altitude,82.50715637207031,81.18314361572266,0.40629085898399353,100.07810974121094,48.5619010925293,-50.519691467285156,-41.2888069152832,155.39710354305848,-0.9092150637629833,0.0,0.5154971928852166
2026-04-02 12:36:09,665,810,1,phase_1_3_peak_stabilize,500,205.19213026367134,139,success,80.43761444091797,13.868093490600586,0.40629085898399353,38.12253189086914,48.5619010925293,11.278877258300781,12.351775169372559,35.76796581530759,0.8113907432087311,0.0,0.07618585769244941
2026-04-02 12:36:13,665,811,1,phase_1_3_peak_stabilize,500,-115.51070646791794,249,high_altitude,90.37068176269531,60.01222229003906,0.40629085898399353,100.32402801513672,48.5619010925293,-50.843955993652344,-35.25065994262695,141.65760429168753,-0.7843175535263013,0.0,0.5183274827807234
2026-04-02 12:36:16,665,812,1,phase_1_3_peak_stabilize,500,-113.66822876706658,247,high_altitude,79.70222473144531,87.8172378540039,0.40629085898399353,100.50696563720703,48.5619010925293,-51.106475830078125,-44.828495025634766,126.59362207722441,-0.5961355050409637,0.0,0.38191483878609495
2026-04-02 12:36:19,665,813,1,phase_1_3_peak_stabilize,500,209.03941225110265,134,success,80.31099700927734,13.622922897338867,0.40629085898399353,35.73426055908203,48.5619010925293,13.233753204345703,19.749305725097656,15.457968016356968,0.9638262390344053,0.0,0.08549514439638085
2026-04-02 12:36:21,665,814,1,phase_1_3_peak_stabilize,500,205.825447086033,136,success,82.04890441894531,13.774384498596191,0.40629085898399353,36.797515869140625,48.5619010925293,12.607040405273438,21.33437156677246,29.678312585296794,0.868818991633288,0.0,0.03596905516955696
2026-04-02 12:36:23,665,815,1,phase_1_3_peak_stabilize,500,206.21185726576823,135,success,83.27677917480469,13.610645294189453,0.40629085898399353,37.2188606262207,48.5619010925293,12.180503845214844,24.713476181030273,26.94509456815301,0.8914411652871082,0.0,0.09645849510160161
2026-04-02 12:36:25,666,816,1,phase_1_3_peak_stabilize,500,209.62317556486545,133,success,84.20231628417969,13.967763900756836,0.40629085898399353,35.454769134521484,48.5619010925293,13.948047637939453,26.9569149017334,6.53405009684757,0.9935044051084553,0.0,0.05451539826891627
2026-04-02 12:36:27,666,817,1,phase_1_3_peak_stabilize,500,205.69518932040512,135,success,81.38845825195312,13.65617847442627,0.40629085898399353,35.83841323852539,48.5619010925293,13.58078384399414,23.730043411254883,23.966472976772543,0.9137833059970478,0.0,0.2956217583763047
2026-04-02 12:36:29,666,818,1,phase_1_3_peak_stabilize,500,204.0867185351651,136,success,87.80017852783203,13.502772331237793,0.40629085898399353,37.27619552612305,48.5619010925293,12.125877380371094,33.92612075805664,33.719062743560094,0.8317694751077743,0.0,0.12735232398458668
2026-04-02 12:36:33,666,819,1,phase_1_3_peak_stabilize,500,-126.12308420960014,253,high_altitude,89.6986312866211,51.87141799926758,0.40629085898399353,100.45909118652344,48.5619010925293,-50.791236877441406,-24.030038833618164,94.15671902956453,-0.07248480949770233,0.0,0.6373466570653004
2026-04-02 12:36:35,666,820,1,phase_1_3_peak_stabilize,500,206.89974158062694,135,success,84.84500122070312,13.63898754119873,0.40629085898399353,35.937076568603516,48.5619010925293,13.033550262451172,29.2998046875,20.149481523266157,0.9387971120895434,0.0,0.1899991149422906
2026-04-02 12:36:37,666,821,1,phase_1_3_peak_stabilize,500,207.1478552390496,134,success,83.01596069335938,13.872754096984863,0.40629085898399353,35.68922424316406,48.5619010925293,13.710796356201172,28.110519409179688,9.698500644976573,0.9857078778963113,0.0,0.08411025513769227
2026-04-02 12:36:41,666,822,1,phase_1_3_peak_stabilize,500,-107.30348778257874,237,high_altitude,86.36770629882812,59.48539352416992,0.40629085898399353,100.20050811767578,48.5619010925293,-50.67054748535156,-34.31867599487305,108.71358701891089,-0.3208376013238023,0.0,0.5413419928743687
2026-04-02 12:36:43,666,823,1,phase_1_3_peak_stabilize,500,209.37126291222157,136,success,84.71155548095703,13.88165283203125,0.40629085898399353,35.99481201171875,48.5619010925293,13.406661987304688,25.010765075683594,19.214630116471927,0.9442923654243629,0.0,0.10627253907451596
2026-04-02 12:36:47,667,824,1,phase_1_3_peak_stabilize,500,-105.89803835830658,238,high_altitude,89.25331115722656,59.572391510009766,0.40629085898399353,100.32377624511719,48.5619010925293,-50.896507263183594,-38.16463088989258,137.19638427302365,-0.7336869859875403,0.0,0.3632735407776792
2026-04-02 12:36:52,667,825,1,phase_1_3_peak_stabilize,500,-136.47998674132722,275,high_altitude,81.20804595947266,135.44456481933594,0.40629085898399353,100.15558624267578,48.5619010925293,-50.40003967285156,-61.01522445678711,159.16464954961583,-0.9346064039659664,0.0,0.5700564067950795
2026-04-02 12:36:55,667,826,1,phase_1_3_peak_stabilize,500,-109.716534876575,245,high_altitude,86.03862762451172,72.97517395019531,0.40629085898399353,100.01482391357422,48.5619010925293,-50.47346496582031,-40.328697204589844,130.68094388034345,-0.6518462183299172,0.0,0.37146736290572246
2026-04-02 12:36:59,667,827,1,phase_1_3_peak_stabilize,500,-116.15013305489389,252,high_altitude,86.59842681884766,85.67598724365234,0.40629085898399353,100.55918884277344,48.5619010925293,-50.991973876953125,-45.09630584716797,132.77252538911978,-0.6790893862383731,0.0,0.463982708428896
2026-04-02 12:37:02,667,828,1,phase_1_3_peak_stabilize,500,203.73817925161836,134,success,80.71941375732422,13.697074890136719,0.40629085898399353,36.02968978881836,48.5619010925293,13.383125305175781,24.757198333740234,26.40578795393068,0.8956668391333814,0.0,0.2558622501551871
2026-04-02 12:37:04,668,829,1,phase_1_3_peak_stabilize,500,207.21556228543173,131,success,79.27064514160156,13.818619728088379,0.40629085898399353,35.78645324707031,48.5619010925293,13.615642547607422,22.321245193481445,16.19233117289652,0.9603310189975396,0.0,0.015209394264814716
2026-04-02 12:37:06,668,830,1,phase_1_3_peak_stabilize,500,206.91263524032135,135,success,86.13119506835938,13.60054874420166,0.40629085898399353,36.6580696105957,48.5619010925293,12.741561889648438,31.990652084350586,21.49551373318974,0.9304462622224263,0.0,0.03828482194464182
2026-04-02 12:37:08,668,831,1,phase_1_3_peak_stabilize,500,208.48000171863652,135,success,86.17436218261719,13.597349166870117,0.40629085898399353,36.05413818359375,48.5619010925293,13.349632263183594,30.178876876831055,8.59740499510517,0.9887631526948727,0.0,0.20129932061605346
2026-04-02 12:37:10,668,832,1,phase_1_3_peak_stabilize,500,209.7662641466366,133,success,85.79508209228516,13.697595596313477,0.40629085898399353,35.84285354614258,48.5619010925293,13.557376861572266,29.233051300048828,10.427169985069273,0.9834857570210976,0.0,0.12105749189778495
2026-04-02 12:37:14,668,833,1,phase_1_3_peak_stabilize,500,-134.58282052559477,267,high_altitude,84.89163970947266,55.19086837768555,0.40629085898399353,100.29037475585938,48.5619010925293,-50.53144836425781,-26.03004264831543,111.72257904643581,-0.370112879911905,0.0,0.6459025071927726
2026-04-02 12:37:16,668,834,1,phase_1_3_peak_stabilize,500,204.15442388127582,134,success,80.76049041748047,13.981348037719727,0.40629085898399353,36.20277786254883,48.5619010925293,13.202594757080078,23.726091384887695,27.413327941419478,0.8877083110723769,0.0,0.07105509990558466
2026-04-02 12:37:19,668,835,1,phase_1_3_peak_stabilize,500,200.90446222152417,137,success,82.90713500976562,13.54918098449707,0.40629085898399353,36.65263748168945,48.5619010925293,12.756465911865234,27.83920669555664,33.6379747377337,0.8325542786143375,0.0,0.17074499965869724
2026-04-02 12:37:23,669,836,1,phase_1_3_peak_stabilize,500,-129.6153623493891,261,high_altitude,87.25276184082031,55.4284553527832,0.40629085898399353,100.1019058227539,48.5619010925293,-50.579254150390625,-32.28147888183594,144.71565756802067,-0.8162954742901927,0.0,0.5195265554115741
2026-04-02 12:37:25,669,837,1,phase_1_3_peak_stabilize,500,207.58278366536535,150,success,88.32022094726562,5.917078018188477,0.40629085898399353,44.67771530151367,48.5619010925293,4.733306884765625,32.09206771850586,36.72540465768706,0.8015105814828529,0.0,0.14815762703433857
2026-04-02 12:37:27,669,838,1,phase_1_3_peak_stabilize,500,209.37908599778655,133,success,86.02227783203125,13.516454696655273,0.40629085898399353,36.24905776977539,48.5619010925293,13.153545379638672,31.67009162902832,11.494284590046215,0.9799445872394713,0.0,0.048259330370544175
2026-04-02 12:37:31,669,839,1,phase_1_3_peak_stabilize,500,-123.46743093099083,259,high_altitude,83.86618041992188,79.61260986328125,0.40629085898399353,100.17330932617188,48.5619010925293,-50.531890869140625,-36.58747100830078,119.43248292116786,-0.4913975953624878,0.0,0.5008207797965754
2026-04-02 12:37:35,669,840,1,phase_1_3_peak_stabilize,500,-117.61997118193085,249,high_altitude,81.76695251464844,92.44598388671875,0.40629085898399353,100.41838073730469,48.5619010925293,-50.93029022216797,-46.03346633911133,129.20570498189073,-0.6321064613106148,0.0,0.4393768108076138
2026-04-02 12:37:37,669,841,1,phase_1_3_peak_stabilize,500,205.5007823773436,138,success,89.14256286621094,13.752114295959473,0.40629085898399353,37.194366455078125,48.5619010925293,12.206729888916016,33.53992462158203,29.58281629541626,0.8696430296017,0.0,0.046034394290338905
2026-04-02 12:37:39,669,842,1,phase_1_3_peak_stabilize,500,211.28195182766763,135,success,87.0700454711914,13.477667808532715,0.40629085898399353,36.20115661621094,48.5619010925293,13.203948974609375,28.77135467529297,16.45937961661297,0.9590208492465744,0.0,0.05210963335944817
2026-04-02 12:37:42,670,843,1,phase_1_3_peak_stabilize,500,207.45772988111747,134,success,86.06488800048828,13.737968444824219,0.40629085898399353,36.30388259887695,48.5619010925293,13.101207733154297,31.507814407348633,20.972562006935004,0.9337519358751484,0.0,0.13244079288525182
2026-04-02 12:37:46,670,844,1,phase_1_3_peak_stabilize,500,-114.5322055224774,254,high_altitude,80.9521713256836,62.027320861816406,0.40629085898399353,100.02171325683594,48.5619010925293,-50.31623077392578,-26.638713836669922,94.90472719651848,-0.08549912645832689,0.0,0.6181384233295827
2026-04-02 12:37:48,670,845,1,phase_1_3_peak_stabilize,500,204.0874678270938,133,success,82.12303924560547,13.569486618041992,0.40629085898399353,36.73959732055664,48.5619010925293,12.667488098144531,27.817180633544922,30.68025694030806,0.8600281441369307,0.0,0.08539409843902238
2026-04-02 12:37:52,670,846,1,phase_1_3_peak_stabilize,500,-103.58944891961931,244,high_altitude,89.5328598022461,59.107505798339844,0.40629085898399353,100.43558502197266,48.5619010925293,-50.93262481689453,-34.56617736816406,118.03352357536585,-0.46998809217955223,0.0,0.545818836635537
2026-04-02 12:37:56,670,847,1,phase_1_3_peak_stabilize,500,-114.68835680926797,247,high_altitude,86.43877410888672,77.33526611328125,0.40629085898399353,100.49118041992188,48.5619010925293,-50.956268310546875,-43.781005859375,146.8870703278161,-0.8375954590005228,0.0,0.47642821653814765
2026-04-02 12:37:58,670,848,1,phase_1_3_peak_stabilize,500,206.113951093777,137,success,88.92131042480469,13.747373580932617,0.40629085898399353,38.076045989990234,48.5619010925293,11.324447631835938,33.36431884765625,31.67901159697693,0.85100354139631,0.0,0.04960264009347248
2026-04-02 12:38:02,671,849,1,phase_1_3_peak_stabilize,500,-113.89788163898706,255,high_altitude,80.37747955322266,54.7848014831543,0.40629085898399353,100.0159683227539,48.5619010925293,-50.402610778808594,-22.8843994140625,93.69764835506963,-0.06449134980299379,0.0,0.5528074768610147
2026-04-02 12:38:04,671,850,1,phase_1_3_peak_stabilize,500,205.78950316797747,132,success,79.28123474121094,13.528402328491211,0.40629085898399353,35.949398040771484,48.5619010925293,13.455268859863281,24.47041130065918,8.203031579975926,0.9897686828753691,0.0,0.160654128668401
2026-04-02 12:38:06,671,851,1,phase_1_3_peak_stabilize,500,206.54493689852154,138,success,87.94015502929688,13.59997844696045,0.40629085898399353,36.87279510498047,48.5619010925293,12.527118682861328,31.591764450073242,22.808354638841646,0.9218066358326895,0.0,0.048762075699427684
2026-04-02 12:38:09,671,852,1,phase_1_3_peak_stabilize,500,202.6486661797285,141,success,82.5025863647461,9.82483196258545,0.40629085898399353,39.96232223510742,48.5619010925293,9.471614837646484,29.997661590576172,36.41006506899132,0.804789539876088,0.0,0.24252396439585938
2026-04-02 12:38:11,671,853,1,phase_1_3_peak_stabilize,500,205.99410284083888,134,success,84.67350769042969,13.847885131835938,0.40629085898399353,36.60690689086914,48.5619010925293,12.794063568115234,28.585861206054688,27.12825292093607,0.8899880642389222,0.0,0.06704411409664193
2026-04-02 12:38:15,671,854,1,phase_1_3_peak_stabilize,500,-139.32334091513206,268,high_altitude,89.24517059326172,55.227195739746094,0.40629085898399353,100.07406616210938,48.5619010925293,-50.274269104003906,-23.068748474121094,97.29868117985126,-0.12704177738558,0.0,0.6345170845081524
2026-04-02 12:38:17,671,855,1,phase_1_3_peak_stabilize,500,208.98075421617068,132,success,84.06048583984375,13.676305770874023,0.40629085898399353,36.20018768310547,48.5619010925293,13.199283599853516,29.193944931030273,16.354698429846064,0.9595369111967652,0.0,0.02468831835092484
2026-04-02 12:38:21,672,856,1,phase_1_3_peak_stabilize,500,-117.32640224719272,255,high_altitude,78.934326171875,85.82939910888672,0.40629085898399353,100.11572265625,48.5619010925293,-50.43757629394531,-34.86979675292969,85.57819950751444,0.07709839153727249,0.0,0.7639219369916316
2026-04-02 12:38:25,672,857,1,phase_1_3_peak_stabilize,500,-132.36175846170894,264,high_altitude,89.62812042236328,57.39812469482422,0.40629085898399353,100.12411499023438,48.5619010925293,-50.15064239501953,-19.513309478759766,71.23422851459739,0.3217001092269537,0.0,0.9333759267727305
2026-04-02 12:38:27,672,858,1,phase_1_3_peak_stabilize,500,200.93654958008966,136,success,80.18437957763672,13.616328239440918,0.40629085898399353,37.389102935791016,48.5619010925293,12.018867492675781,23.505556106567383,36.71343475116661,0.801635490675592,0.0,0.15504936328439803
2026-04-02 12:38:31,672,859,1,phase_1_3_peak_stabilize,500,-106.91870681403556,244,high_altitude,85.6312484741211,57.498233795166016,0.40629085898399353,100.16009521484375,48.5619010925293,-50.644081115722656,-30.468481063842773,110.18582746431797,-0.34506604523288903,0.0,0.5082390932542287
2026-04-02 12:38:35,672,860,1,phase_1_3_peak_stabilize,500,-121.79291351116683,246,high_altitude,85.7313461303711,68.88265228271484,0.40629085898399353,100.12621307373047,48.5619010925293,-50.63856506347656,-40.429466247558594,157.25327575190113,-0.9222230794560751,0.0,0.6206573175652818
2026-04-02 12:38:37,672,861,1,phase_1_3_peak_stabilize,500,206.77222713672322,136,success,85.27503967285156,13.700096130371094,0.40629085898399353,36.91484069824219,48.5619010925293,12.486621856689453,27.427732467651367,29.054200634792295,0.8741606958906342,0.0,0.056015295599140855
2026-04-02 12:38:44,673,862,1,phase_1_3_peak_stabilize,500,-166.1742305672375,393,low_agl,89.66890716552734,90.62932586669922,0.40629085898399353,0.2372858226299286,48.5619010925293,49.40141677856445,-7.7924675941467285,43.76863084300709,0.7221390648828854,0.0,1.2189532291608238
2026-04-02 12:38:46,673,863,1,phase_1_3_peak_stabilize,500,205.04496921751334,133,success,79.80805206298828,13.893815994262695,0.40629085898399353,35.813446044921875,48.5619010925293,13.587688446044922,24.954479217529297,13.965909777073097,0.9704394948148204,0.0,0.08855087316592379
2026-04-02 12:38:53,673,864,1,phase_1_3_peak_stabilize,500,-211.46863932990766,446,low_agl,88.18148040771484,160.53128051757812,0.40629085898399353,0.2979876399040222,48.5619010925293,49.24258804321289,-19.329498291015625,94.6006471746695,-0.08021018326893394,0.0,1.4946141416768577
2026-04-02 12:38:55,673,865,1,phase_1_3_peak_stabilize,500,205.62165112075894,132,success,81.05730438232422,13.996201515197754,0.40629085898399353,35.85363006591797,48.5619010925293,13.550579071044922,25.83790397644043,19.95826183971519,0.9399415222718294,0.0,0.15057629022663901
2026-04-02 12:38:59,674,866,1,phase_1_3_peak_stabilize,500,-115.04934193791013,249,high_altitude,81.0173110961914,90.42935180664062,0.40629085898399353,100.44705200195312,48.5619010925293,-50.98473358154297,-48.14622497558594,158.36438360532213,-0.9295474714434966,0.0,0.43685951507649207
2026-04-02 12:39:05,674,867,1,phase_1_3_peak_stabilize,500,-180.3438277699565,411,low_agl,87.95149230957031,203.97808837890625,0.40629085898399353,0.3341364562511444,48.5619010925293,49.18457794189453,-25.731935501098633,55.34208244817563,0.5686755238169161,0.0,1.3019800865178257
2026-04-02 12:39:09,674,868,1,phase_1_3_peak_stabilize,500,-111.50212746034161,246,high_altitude,78.8214340209961,90.67877960205078,0.40629085898399353,100.0404281616211,48.5619010925293,-50.56182861328125,-43.45043182373047,110.4030206497352,-0.3486214606095154,0.0,0.5254270480327353
2026-04-02 12:39:11,674,869,1,phase_1_3_peak_stabilize,500,206.2150721259271,135,success,83.34390258789062,13.609132766723633,0.40629085898399353,36.5164909362793,48.5619010925293,12.893104553222656,24.2005615234375,30.724755622750692,0.8596316025333409,0.0,0.13333158213066673
2026-04-02 12:39:18,675,870,1,phase_1_3_peak_stabilize,500,-150.84628247871152,413,low_agl,86.29176330566406,60.99155807495117,0.40629085898399353,0.20293375849723816,48.5619010925293,49.46388244628906,-0.7605313658714294,43.38206604164646,0.7267896983152768,0.0,0.9606900725187699
2026-04-02 12:39:20,675,871,1,phase_1_3_peak_stabilize,500,210.04533570682253,134,success,79.70303344726562,13.937761306762695,0.40629085898399353,36.72966384887695,48.5619010925293,12.680305480957031,11.758172035217285,34.924543320743155,0.8199067152236463,0.0,0.09689063938076257
2026-04-02 12:39:24,675,872,1,phase_1_3_peak_stabilize,500,-108.65157504249363,244,high_altitude,85.05636596679688,63.538246154785156,0.40629085898399353,100.58415985107422,48.5619010925293,-51.12672424316406,-34.00688934326172,111.07345152809614,-0.3595644777761224,0.0,0.49567511826703137
2026-04-02 12:39:28,675,873,1,phase_1_3_peak_stabilize,500,-114.8037365300282,249,high_altitude,79.69992065429688,94.72186279296875,0.40629085898399353,100.47795867919922,48.5619010925293,-50.959083557128906,-48.87767791748047,165.37916546784365,-0.967617446225794,0.0,0.5647339813462715
2026-04-02 12:39:30,675,874,1,phase_1_3_peak_stabilize,500,203.3378918552185,137,success,84.1334457397461,13.737937927246094,0.40629085898399353,36.92451477050781,48.5619010925293,12.489166259765625,28.56117820739746,24.911639676760785,0.9069584618619116,0.0,0.12534960736282186
2026-04-02 12:39:35,675,875,1,phase_1_3_peak_stabilize,500,-114.93608960481188,263,high_altitude,80.18611145019531,55.28891372680664,0.40629085898399353,100.33430480957031,48.5619010925293,-50.5377197265625,-18.280149459838867,70.87716671535662,0.32759445024254696,0.0,0.7082873217877933
2026-04-02 12:39:39,676,876,1,phase_1_3_peak_stabilize,500,-118.52633554903639,250,high_altitude,81.2203598022461,97.18262481689453,0.40629085898399353,100.1307144165039,48.5619010925293,-50.59850311279297,-50.399253845214844,153.91511641770578,-0.8981436142103346,0.0,0.5000661392594111
2026-04-02 12:39:43,676,877,1,phase_1_3_peak_stabilize,500,-109.91844186850338,245,high_altitude,80.2115707397461,88.98440551757812,0.40629085898399353,100.25582885742188,48.5619010925293,-50.782859802246094,-46.78038787841797,145.8964333509758,-0.8280254333703804,0.0,0.3773211122093911
2026-04-02 12:39:45,676,878,1,phase_1_3_peak_stabilize,500,202.26781886095873,136,success,86.1146240234375,13.7449951171875,0.40629085898399353,37.04392623901367,48.5619010925293,12.36166000366211,32.55476379394531,35.584510349295634,0.8132581056017064,0.0,0.14695804022652806
2026-04-02 12:39:47,676,879,1,phase_1_3_peak_stabilize,500,208.89110565834588,134,success,85.94829559326172,13.754203796386719,0.40629085898399353,35.85511016845703,48.5619010925293,13.545989990234375,30.013519287109375,9.215864110297838,0.9870919591787582,0.0,0.03519364961468712
2026-04-02 12:39:51,676,880,1,phase_1_3_peak_stabilize,500,-106.74855836821156,240,high_altitude,80.04747009277344,76.93879699707031,0.40629085898399353,100.35932159423828,48.5619010925293,-50.903076171875,-40.32192611694336,128.2737666507775,-0.619419650455414,0.0,0.45176773092389116
2026-04-02 12:39:53,676,881,1,phase_1_3_peak_stabilize,500,203.93981239698655,136,success,82.50407409667969,13.727752685546875,0.40629085898399353,36.32430648803711,48.5619010925293,13.091110229492188,22.770673751831055,35.672817865074734,0.8123602778024971,0.0,0.14900783700183765
2026-04-02 12:39:57,677,882,1,phase_1_3_peak_stabilize,500,-109.805982719643,245,high_altitude,83.86487579345703,60.096778869628906,0.40629085898399353,100.11507415771484,48.5619010925293,-50.61077880859375,-31.768217086791992,111.6649800611651,-0.3691787901176945,0.0,0.41913113367146726
2026-04-02 12:40:01,677,883,1,phase_1_3_peak_stabilize,500,-119.07441448677062,258,high_altitude,83.35588836669922,87.2320785522461,0.40629085898399353,100.2380599975586,48.5619010925293,-50.602699279785156,-36.4108772277832,93.25861062541038,-0.05684282898086794,0.0,0.6515199210542707
2026-04-02 12:40:03,677,884,1,phase_1_3_peak_stabilize,500,209.69639550059205,134,success,83.90792846679688,13.544913291931152,0.40629085898399353,36.212432861328125,48.5619010925293,13.191032409667969,26.684419631958008,5.246802763789348,0.9958100320249113,0.0,0.08357796996023728
2026-04-02 12:40:05,677,885,1,phase_1_3_peak_stabilize,500,207.96549141183317,133,success,78.98284149169922,13.751378059387207,0.40629085898399353,36.81017303466797,48.5619010925293,12.59598159790039,15.183043479919434,30.582113952124146,0.8609008927369509,0.0,0.11603188349171789
2026-04-02 12:40:07,677,886,1,phase_1_3_peak_stabilize,500,200.3802230574379,132,success,81.2742919921875,13.868002891540527,0.40629085898399353,36.2044792175293,48.5619010925293,13.208087921142578,30.143325805664062,34.09755084622718,0.828084298826747,0.0,0.12211191537799683
2026-04-02 12:40:09,677,887,1,phase_1_3_peak_stabilize,500,209.34865272688302,133,success,84.12437438964844,13.898195266723633,0.40629085898399353,35.57914733886719,48.5619010925293,13.833667755126953,26.073537826538086,18.522865142238448,0.9481969522863553,0.0,0.07447076140837502
2026-04-02 12:40:13,677,888,1,phase_1_3_peak_stabilize,500,-112.04980958263089,250,high_altitude,82.57084655761719,74.94487762451172,0.40629085898399353,100.1371078491211,48.5619010925293,-50.529335021972656,-35.18800735473633,104.46660954394281,-0.24981575087962266,0.0,0.5486988647857897
2026-04-02 12:40:18,678,889,1,phase_1_3_peak_stabilize,500,-118.43766940816364,247,high_altitude,81.75633239746094,96.18070220947266,0.40629085898399353,100.2233657836914,48.5619010925293,-50.657379150390625,-49.825252532958984,160.19999694476306,-0.9408807508913821,0.0,0.46737835851323833
2026-04-02 12:40:20,678,890,1,phase_1_3_peak_stabilize,500,207.29666584464317,134,success,86.93415832519531,13.510235786437988,0.40629085898399353,36.77286911010742,48.5619010925293,12.644237518310547,31.8821964263916,29.42932486929315,0.870962444860848,0.0,0.23093710955772034
2026-04-02 12:40:24,678,891,1,phase_1_3_peak_stabilize,500,-112.39566079965668,251,high_altitude,82.54537200927734,99.96471405029297,0.40629085898399353,100.22179412841797,48.5619010925293,-50.73042297363281,-47.228172302246094,119.14262335317086,-0.48698526054568103,0.0,0.45244002297617575
2026-04-02 12:40:26,678,892,1,phase_1_3_peak_stabilize,500,204.73735527879344,135,success,87.8297348022461,13.908982276916504,0.40629085898399353,36.87039566040039,48.5619010925293,12.528831481933594,34.68410110473633,24.63479844932183,0.9089831142623713,0.0,0.06450537529335074
2026-04-02 12:40:28,678,893,1,phase_1_3_peak_stabilize,500,207.14905422672422,132,success,81.5130844116211,13.992806434631348,0.40629085898399353,35.469600677490234,48.5619010925293,13.933475494384766,26.455459594726562,7.649064818473811,0.9911019200400093,0.0,0.12505944729223684
2026-04-02 12:40:32,678,894,1,phase_1_3_peak_stabilize,500,-116.67314320776347,254,high_altitude,83.0951919555664,104.83521270751953,0.40629085898399353,100.30443572998047,48.5619010925293,-50.689239501953125,-52.741539001464844,143.32157497728605,-0.8020006257677453,0.0,0.6122812805122493
2026-04-02 12:40:36,679,895,1,phase_1_3_peak_stabilize,500,-112.73463792892755,248,high_altitude,79.05998992919922,98.7770004272461,0.40629085898399353,100.34868621826172,48.5619010925293,-50.80194854736328,-46.01403045654297,110.37835683664228,-0.3482179693811537,0.0,0.6774298202912704
2026-04-02 12:40:38,679,896,1,phase_1_3_peak_stabilize,500,204.7010953857214,141,success,85.66094207763672,9.437865257263184,0.40629085898399353,41.010929107666016,48.5619010925293,8.403388977050781,33.48466491699219,36.78703345456808,0.8008669148204401,0.0,0.1824435300908227
2026-04-02 12:40:40,679,897,1,phase_1_3_peak_stabilize,500,210.47943352048142,132,success,81.77360534667969,13.782059669494629,0.40629085898399353,35.814823150634766,48.5619010925293,13.584453582763672,22.243101119995117,12.699561115327821,0.9755362279353292,0.0,0.01944844885409977
2026-04-02 12:40:42,679,898,1,phase_1_3_peak_stabilize,500,205.90255477716377,135,success,86.27086639404297,13.757707595825195,0.40629085898399353,37.30280303955078,48.5619010925293,12.102577209472656,28.518310546875,34.54017784029527,0.8237288018131206,0.0,0.12440901586184566
2026-04-02 12:40:46,679,899,1,phase_1_3_peak_stabilize,500,-112.75368601003876,247,high_altitude,78.4132080078125,93.77165985107422,0.40629085898399353,100.28711700439453,48.5619010925293,-50.861595153808594,-46.440643310546875,132.01328156098114,-0.6693028545290924,0.0,0.15123140448221079
2026-04-02 12:40:50,679,900,1,phase_1_3_peak_stabilize,500,-109.78440521137021,247,high_altitude,89.47054290771484,71.47360229492188,0.40629085898399353,100.09469604492188,48.5619010925293,-50.65254211425781,-37.84401321411133,111.70181527135897,-0.369776194295672,0.0,0.3764186192404949
2026-04-02 12:40:54,680,901,1,phase_1_3_peak_stabilize,500,-107.93881055911191,247,high_altitude,87.84678649902344,61.20904541015625,0.40629085898399353,100.17743682861328,48.5619010925293,-50.5057373046875,-27.202157974243164,84.50345558123459,0.0957857187369534,0.0,0.6701062776400457
2026-04-02 12:40:56,680,902,1,phase_1_3_peak_stabilize,500,207.17746307162622,133,success,80.8149642944336,13.636922836303711,0.40629085898399353,36.92778778076172,48.5619010925293,12.478946685791016,23.510656356811523,15.355400773138179,0.9643018219070199,0.0,0.09962269178635215
2026-04-02 12:40:58,680,903,1,phase_1_3_peak_stabilize,500,211.46872454652086,135,success,83.40946197509766,13.900924682617188,0.40629085898399353,35.97661590576172,48.5619010925293,13.43259048461914,17.55592155456543,24.089954259229913,0.9129057562928827,0.0,0.034175300947717015
2026-04-02 12:41:00,680,904,1,phase_1_3_peak_stabilize,500,206.20529927893426,131,success,82.99658966064453,13.693964004516602,0.40629085898399353,35.93049240112305,48.5619010925293,13.478126525878906,30.010690689086914,20.99248396119664,0.93362742903731,0.0,0.20584792421200102
2026-04-02 12:41:04,680,905,1,phase_1_3_peak_stabilize,500,-113.44318534208816,244,high_altitude,80.28804779052734,87.19257354736328,0.40629085898399353,100.338134765625,48.5619010925293,-50.848426818847656,-44.283409118652344,142.83868060296615,-0.7969379036852015,0.0,0.4137913624928789
2026-04-02 12:41:09,680,906,1,phase_1_3_peak_stabilize,500,-152.53238329951054,280,high_altitude,86.20372772216797,114.5431900024414,0.40629085898399353,100.09791564941406,48.5619010925293,-50.219947814941406,-50.37082290649414,139.88159118294413,-0.764714408080914,0.0,0.7301501068583548
2026-04-02 12:41:11,680,907,1,phase_1_3_peak_stabilize,500,203.99294185531664,135,success,87.60222625732422,13.722149848937988,0.40629085898399353,38.251224517822266,48.5619010925293,11.152961730957031,33.47026824951172,34.11965333838134,0.8278679780669149,0.0,0.19302960403474506
2026-04-02 12:41:15,681,908,1,phase_1_3_peak_stabilize,500,-117.67147327104149,246,high_altitude,83.02810668945312,80.98907470703125,0.40629085898399353,100.21142578125,48.5619010925293,-50.568389892578125,-43.412445068359375,139.49333590976394,-0.7603304229488793,0.0,0.4840543669197489
2026-04-02 12:41:17,681,909,1,phase_1_3_peak_stabilize,500,207.31552001475518,133,success,83.5665512084961,13.845637321472168,0.40629085898399353,35.63023376464844,48.5619010925293,13.784896850585938,26.996644973754883,21.84837667363823,0.9281719381258192,0.0,0.16774268088555072
2026-04-02 12:41:21,681,910,1,phase_1_3_peak_stabilize,500,-125.14519899349114,261,high_altitude,83.2979965209961,124.31414031982422,0.40629085898399353,100.24761199951172,48.5619010925293,-50.467063903808594,-59.57461929321289,147.65845823229898,-0.8448741839249787,0.0,0.6717553708040159
2026-04-02 12:41:23,681,911,1,phase_1_3_peak_stabilize,500,206.6089687287295,131,success,83.30014038085938,13.39182186126709,0.40629085898399353,36.371849060058594,48.5619010925293,13.029308319091797,31.419960021972656,19.24620266591031,0.9441108688907996,0.0,0.14128107871191914
2026-04-02 12:41:27,681,912,1,phase_1_3_peak_stabilize,500,-107.20025954951271,242,high_altitude,89.4276351928711,64.42019653320312,0.40629085898399353,100.56802368164062,48.5619010925293,-50.99383544921875,-36.686676025390625,116.13791385425553,-0.44053331772755827,0.0,0.5101677011420508
2026-04-02 12:41:29,681,913,1,phase_1_3_peak_stabilize,500,209.1790693319954,133,success,83.81514739990234,13.814912796020508,0.40629085898399353,36.36466598510742,48.5619010925293,13.039955139160156,24.821245193481445,24.566996868978407,0.9094757414682787,0.0,0.09207294517930323
2026-04-02 12:41:31,682,914,1,phase_1_3_peak_stabilize,500,210.21520038173134,134,success,81.71537017822266,13.794999122619629,0.40629085898399353,36.00465774536133,48.5619010925293,13.411052703857422,18.51673698425293,28.197582214751392,0.881323392125495,0.0,0.19850130208827463
2026-04-02 12:41:35,682,915,1,phase_1_3_peak_stabilize,500,-110.9616155899325,245,high_altitude,82.77947235107422,53.135833740234375,0.40629085898399353,100.48937225341797,48.5619010925293,-51.03459167480469,-31.492952346801758,133.40468671756113,-0.6871469413347631,0.0,0.2937185578390987
2026-04-02 12:41:37,682,916,1,phase_1_3_peak_stabilize,500,208.12533364886082,137,success,86.92511749267578,13.761730194091797,0.40629085898399353,36.67981719970703,48.5619010925293,12.727069854736328,27.833057403564453,29.13927405599939,0.8734386535652547,0.0,0.17690880497489828
2026-04-02 12:41:40,682,917,1,phase_1_3_peak_stabilize,500,206.78693673684177,136,success,88.59870910644531,13.84749984741211,0.40629085898399353,36.884178161621094,48.5619010925293,12.517467498779297,33.10072708129883,22.672778798911477,0.9227213291325687,0.0,0.05474516029682304
2026-04-02 12:41:43,682,918,1,phase_1_3_peak_stabilize,500,-116.80366761564645,256,high_altitude,85.32100677490234,62.01301956176758,0.40629085898399353,100.0118179321289,48.5619010925293,-50.40723419189453,-25.80815315246582,88.58321636494242,0.02472501934993077,0.0,0.5739358191389684
2026-04-02 12:41:46,682,919,1,phase_1_3_peak_stabilize,500,207.0731655726247,149,success,86.84103393554688,7.176114082336426,0.40629085898399353,42.898353576660156,48.5619010925293,6.527233123779297,28.336042404174805,36.65266997321559,0.802269047727538,0.0,0.26325389501721286
2026-04-02 12:41:50,683,920,1,phase_1_3_peak_stabilize,500,-109.03013664985862,253,high_altitude,83.03589630126953,91.87349700927734,0.40629085898399353,100.4684066772461,48.5619010925293,-50.894554138183594,-40.42353057861328,96.06089380789405,-0.10558537936045918,0.0,0.6277331561912864
2026-04-02 12:41:54,683,921,1,phase_1_3_peak_stabilize,500,-118.15667234704979,260,high_altitude,90.38941192626953,57.550697326660156,0.40629085898399353,100.12812042236328,48.5619010925293,-50.6142578125,-26.759824752807617,108.31099517866282,-0.31417464689868624,0.0,0.39930683535660916
2026-04-02 12:41:58,683,922,1,phase_1_3_peak_stabilize,500,-116.64623734270023,258,high_altitude,88.60128021240234,54.107147216796875,0.40629085898399353,100.29267883300781,48.5619010925293,-50.703590393066406,-26.671239852905273,108.93203012894622,-0.3244462587987935,0.0,0.4198451249576654
2026-04-02 12:42:02,683,923,1,phase_1_3_peak_stabilize,500,-109.59089546406291,245,high_altitude,79.79335021972656,79.36847686767578,0.40629085898399353,100.4974365234375,48.5619010925293,-51.07490539550781,-38.19013977050781,110.8994661193684,-0.3567292944103569,0.0,0.379542880691884
2026-04-02 12:42:06,683,924,1,phase_1_3_peak_stabilize,500,-109.84624960277871,243,high_altitude,87.19078063964844,64.07374572753906,0.40629085898399353,100.40856170654297,48.5619010925293,-50.99995422363281,-38.93864440917969,150.79128841966542,-0.8728478901874335,0.0,0.37010580516976055
2026-04-02 12:42:08,683,925,1,phase_1_3_peak_stabilize,500,205.50421351445425,132,success,80.62922668457031,13.963624954223633,0.40629085898399353,35.46205520629883,48.5619010925293,13.93924331665039,26.913881301879883,10.000873119533036,0.9848051067061684,0.0,0.10546966456651988
2026-04-02 12:42:12,684,926,1,phase_1_3_peak_stabilize,500,-113.0976327510754,246,high_altitude,82.24449157714844,95.70722198486328,0.40629085898399353,100.35043334960938,48.5619010925293,-50.840415954589844,-49.83350372314453,152.00789537500643,-0.8830122777928953,0.0,0.5178655973675297
2026-04-02 12:42:14,684,927,1,phase_1_3_peak_stabilize,500,207.8126381114328,134,success,82.44855499267578,13.622949600219727,0.40629085898399353,35.920406341552734,48.5619010925293,13.488761901855469,25.830997467041016,11.003959823682987,0.9816139939194618,0.0,0.14315096112006837
2026-04-02 12:42:16,684,928,1,phase_1_3_peak_stabilize,500,212.04054239657734,134,success,85.39236450195312,13.969316482543945,0.40629085898399353,35.577816009521484,48.5619010925293,13.83353042602539,21.66294288635254,23.9756168925239,0.9137184679989536,0.0,0.20883023533222114
2026-04-02 12:42:20,684,929,1,phase_1_3_peak_stabilize,500,-121.04787874024495,258,high_altitude,89.21540069580078,57.35898971557617,0.40629085898399353,100.2771224975586,48.5619010925293,-50.653358459472656,-29.93174934387207,119.57961885626828,-0.4936325402877077,0.0,0.5881178319459328
2026-04-02 12:42:22,684,930,1,phase_1_3_peak_stabilize,500,207.61897785098637,133,success,81.5655517578125,13.575152397155762,0.40629085898399353,35.864845275878906,48.5619010925293,13.551719665527344,24.977169036865234,15.910326322445036,0.9616919187182619,0.0,0.1750312715770333
2026-04-02 12:42:24,684,931,1,phase_1_3_peak_stabilize,500,210.79529744048043,133,success,84.1627426147461,13.809908866882324,0.40629085898399353,35.693695068359375,48.5619010925293,13.714302062988281,25.502256393432617,9.312259423827875,0.9868211158820336,0.0,0.08649299030362964
2026-04-02 12:42:26,684,932,1,phase_1_3_peak_stabilize,500,209.37302368024297,134,success,86.96217346191406,13.453179359436035,0.40629085898399353,36.44970703125,48.5619010925293,12.971031188964844,31.998926162719727,15.41273679612585,0.9640363475463704,0.0,0.19134833455512917
2026-04-02 12:42:29,685,933,1,phase_1_3_peak_stabilize,500,202.79722077481352,141,success,87.38682556152344,11.956524848937988,0.40629085898399353,38.684635162353516,48.5619010925293,10.723159790039062,32.57452392578125,36.67640488058139,0.8020216857689543,0.0,0.10954388415779016
2026-04-02 12:42:31,685,934,1,phase_1_3_peak_stabilize,500,211.50764986272588,129,success,84.78216552734375,13.868692398071289,0.40629085898399353,35.678043365478516,48.5619010925293,13.727039337158203,29.93191909790039,3.4765445163085107,0.9981597065547408,0.0,0.05703691718680965
2026-04-02 12:42:35,685,935,1,phase_1_3_peak_stabilize,500,-125.12004871637149,258,high_altitude,88.34814453125,71.04190063476562,0.40629085898399353,100.4111099243164,48.5619010925293,-50.843475341796875,-35.73079299926758,136.85236130490847,-0.7295939149002311,0.0,0.5178353397418207
2026-04-02 12:42:39,685,936,1,phase_1_3_peak_stabilize,500,-121.29166714790671,264,high_altitude,89.18586730957031,53.34794998168945,0.40629085898399353,100.44332122802734,48.5619010925293,-50.771209716796875,-22.977243423461914,98.54581908078224,-0.14860027365620138,0.0,0.5894213072676251
2026-04-02 12:42:41,685,937,1,phase_1_3_peak_stabilize,500,207.62881729626807,150,success,85.93790435791016,4.0403733253479,0.40629085898399353,45.74723434448242,48.5619010925293,3.664447784423828,33.64820098876953,35.654745184530874,0.8125441809510334,0.0,0.11287946966122177
2026-04-02 12:42:45,685,938,1,phase_1_3_peak_stabilize,500,-110.51156579449707,247,high_altitude,80.10892486572266,81.03121948242188,0.40629085898399353,100.31535339355469,48.5619010925293,-50.86426544189453,-38.07930374145508,111.44585393221274,-0.3656217933266124,0.0,0.32823684761609667
2026-04-02 12:42:47,686,939,1,phase_1_3_peak_stabilize,500,209.73485404520656,137,success,87.01399993896484,13.777284622192383,0.40629085898399353,37.12797546386719,48.5619010925293,12.293289184570312,22.054128646850586,34.75110432714902,0.821635951589426,0.0,0.26904408664185153
2026-04-02 12:42:49,686,940,1,phase_1_3_peak_stabilize,500,208.37308559644,135,success,81.74555206298828,13.854619979858398,0.40629085898399353,36.33851623535156,48.5619010925293,13.060916900634766,19.655508041381836,20.634245661871347,0.9358490729539254,0.0,0.025059429037016887
2026-04-02 12:42:53,686,941,1,phase_1_3_peak_stabilize,500,-119.6707081743803,255,high_altitude,89.34892272949219,65.4150619506836,0.40629085898399353,100.3664779663086,48.5619010925293,-50.94407653808594,-35.2978630065918,129.82158313935076,-0.6403990640412506,0.0,0.2529840274671426
2026-04-02 12:42:55,686,942,1,phase_1_3_peak_stabilize,500,208.18893502428523,136,success,79.1705093383789,13.859319686889648,0.40629085898399353,37.4082145690918,48.5619010925293,11.99245834350586,12.576885223388672,26.66295140637083,0.8936617401654116,0.0,0.06115802289408342
2026-04-02 12:42:58,686,943,1,phase_1_3_peak_stabilize,500,206.05849733973992,136,success,84.9134292602539,13.554883003234863,0.40629085898399353,36.720245361328125,48.5619010925293,12.679954528808594,29.510929107666016,22.315172292084412,0.9251092035086929,0.0,0.08066168439298876
2026-04-02 12:43:00,686,944,1,phase_1_3_peak_stabilize,500,207.91344331816953,132,success,79.5860824584961,13.879471778869629,0.40629085898399353,35.71369552612305,48.5619010925293,13.687015533447266,22.753162384033203,4.824260794749325,0.9964573381464158,0.0,0.06988652765476785
2026-04-02 12:43:02,686,945,1,phase_1_3_peak_stabilize,500,202.6933113683949,135,success,79.8464126586914,13.58017349243164,0.40629085898399353,36.9127311706543,48.5619010925293,12.500503540039062,23.751996994018555,26.969691786901517,0.8912465505534507,0.0,0.15293475498966136
2026-04-02 12:43:06,687,946,1,phase_1_3_peak_stabilize,500,-106.06903719423813,246,high_altitude,81.64769744873047,94.38550567626953,0.40629085898399353,100.1194839477539,48.5619010925293,-50.67138671875,-44.401092529296875,106.83376186497246,-0.28959585270848265,0.0,0.4332338957428467
2026-04-02 12:43:08,687,947,1,phase_1_3_peak_stabilize,500,203.0073591884844,135,success,84.48500061035156,13.874625205993652,0.40629085898399353,36.40090560913086,48.5619010925293,13.007854461669922,30.242107391357422,31.53818334157502,0.852291768919997,0.0,0.13731289169302408
2026-04-02 12:43:10,687,948,1,phase_1_3_peak_stabilize,500,210.76223972155273,132,success,82.52862548828125,13.868143081665039,0.40629085898399353,36.33570098876953,48.5619010925293,13.077808380126953,19.188621520996094,33.05128197859712,0.8381827587022712,0.0,0.1507913926709652
2026-04-02 12:43:14,687,949,1,phase_1_3_peak_stabilize,500,-119.73645714465299,253,high_altitude,85.646484375,56.33378219604492,0.40629085898399353,100.60494995117188,48.5619010925293,-51.204566955566406,-32.29411697387695,151.29341660668808,-0.8770909793283567,0.0,0.45595301709455893
2026-04-02 12:43:16,687,950,1,phase_1_3_peak_stabilize,500,210.63590819981633,133,success,86.35413360595703,13.460826873779297,0.40629085898399353,36.66025924682617,48.5619010925293,12.741413116455078,28.154876708984375,22.690784885110922,0.9226001443734198,0.0,0.06648366173857603
2026-04-02 12:43:20,687,951,1,phase_1_3_peak_stabilize,500,-125.74193885794628,262,high_altitude,88.17781829833984,65.7795639038086,0.40629085898399353,100.00274658203125,48.5619010925293,-50.5787353515625,-35.90855026245117,162.03843798252035,-0.95126361229168,0.0,0.43438364579397004
2026-04-02 12:43:22,687,952,1,phase_1_3_peak_stabilize,500,210.16026939935105,133,success,85.49188995361328,13.978015899658203,0.40629085898399353,35.6112060546875,48.5619010925293,13.792984008789062,28.9827880859375,7.668821140648073,0.9910559647490852,0.0,0.18290254519893434
2026-04-02 12:43:27,688,953,1,phase_1_3_peak_stabilize,500,-164.24800553674032,314,high_altitude,82.38766479492188,101.06282043457031,0.40629085898399353,100.08647918701172,48.5619010925293,-50.365211486816406,-38.26907730102539,158.45230180031854,-0.9301121367709262,0.0,0.5667451815187142
2026-04-02 12:43:31,688,954,1,phase_1_3_peak_stabilize,500,-121.64814922803849,243,high_altitude,89.77078247070312,61.151920318603516,0.40629085898399353,100.0042724609375,48.5619010925293,-50.46430969238281,-38.045738220214844,146.04294090867256,-0.8294564325322086,0.0,0.5916284032801175
2026-04-02 12:43:35,688,955,1,phase_1_3_peak_stabilize,500,-122.34878062867118,263,high_altitude,82.7605972290039,66.11528778076172,0.40629085898399353,100.19453430175781,48.5619010925293,-50.44384765625,-22.269805908203125,75.75898295292072,0.24600133194204193,0.0,0.6231054232289477
2026-04-02 12:43:37,688,956,1,phase_1_3_peak_stabilize,500,210.52328060469088,132,success,86.62892150878906,13.431920051574707,0.40629085898399353,36.292381286621094,48.5619010925293,13.12356185913086,31.466096878051758,8.130741711574158,0.9899479154938848,0.0,0.19031244005241688
2026-04-02 12:43:41,688,957,1,phase_1_3_peak_stabilize,500,-118.77643672617789,244,high_altitude,88.95919799804688,56.42705154418945,0.40629085898399353,100.09307861328125,48.5619010925293,-50.524497985839844,-31.01122283935547,103.45157513138722,-0.23262345938773143,0.0,0.5450216949601565
2026-04-02 12:43:45,689,958,1,phase_1_3_peak_stabilize,500,-106.61991966691409,243,high_altitude,81.39041900634766,92.80097961425781,0.40629085898399353,100.08635711669922,48.5619010925293,-50.680084228515625,-47.786495208740234,122.98392174238603,-0.5444036670690973,0.0,0.28820989152341936
2026-04-02 12:43:47,689,959,1,phase_1_3_peak_stabilize,500,205.45358365300848,134,success,85.40150451660156,13.757102012634277,0.40629085898399353,36.13214111328125,48.5619010925293,13.280582427978516,31.629016876220703,19.45656395461024,0.9428942798407624,0.0,0.19475918856548405
2026-04-02 12:43:49,689,960,1,phase_1_3_peak_stabilize,500,206.77287729117245,132,success,79.15511322021484,13.904623031616211,0.40629085898399353,36.58029556274414,48.5619010925293,12.828094482421875,17.755163192749023,31.945064540621853,0.8485557953211725,0.0,0.17093929034972957
2026-04-02 12:43:53,689,961,1,phase_1_3_peak_stabilize,500,-110.74236317357276,245,high_altitude,88.77748107910156,71.66983032226562,0.40629085898399353,100.35997772216797,48.5619010925293,-50.77581024169922,-39.98236083984375,130.9540285037389,-0.6554532736500422,0.0,0.4979820454919589
2026-04-02 12:43:55,689,962,1,phase_1_3_peak_stabilize,500,203.9390838600473,144,success,87.01062774658203,10.315889358520508,0.40629085898399353,40.53792953491211,48.5619010925293,8.876190185546875,32.34153366088867,36.5060975287217,0.8037935538629283,0.0,0.11841775287302517
2026-04-02 12:43:58,689,963,1,phase_1_3_peak_stabilize,500,211.7373356257676,134,success,84.42924499511719,13.624604225158691,0.40629085898399353,36.99003982543945,48.5619010925293,12.418842315673828,19.431331634521484,31.079966440726377,0.8564476389441682,0.0,0.09633350133479623
2026-04-02 12:44:00,689,964,1,phase_1_3_peak_stabilize,500,206.53327966662,139,success,88.36814880371094,13.982003211975098,0.40629085898399353,36.517364501953125,48.5619010925293,12.453178405761719,30.829771041870117,25.750612303080963,0.9006935964829453,0.0,0.09192595929558758
2026-04-02 12:44:02,689,965,1,phase_1_3_peak_stabilize,500,200.93862161717686,134,success,83.58885192871094,13.846139907836914,0.40629085898399353,36.7899055480957,48.5619010925293,12.616134643554688,30.578542709350586,36.51280135939207,0.803723941755711,0.0,0.08634479903872277
2026-04-02 12:44:06,690,966,1,phase_1_3_peak_stabilize,500,-127.61461249176003,262,high_altitude,80.52947998046875,113.47274017333984,0.40629085898399353,100.03971099853516,48.5619010925293,-50.488319396972656,-53.777008056640625,165.86103531378805,-0.9697061176938577,0.0,0.5952741495039584
2026-04-02 12:44:08,690,967,1,phase_1_3_peak_stabilize,500,209.65306307333813,135,success,87.13208770751953,13.377224922180176,0.40629085898399353,36.45965576171875,48.5619010925293,12.946361541748047,31.943632125854492,12.669311061267482,0.975652158692661,0.0,0.0792080207427175
2026-04-02 12:44:10,690,968,1,phase_1_3_peak_stabilize,500,205.79073133468597,133,success,82.7742691040039,13.917502403259277,0.40629085898399353,35.684234619140625,48.5619010925293,13.729827880859375,28.9654483795166,14.352283333136963,0.9687899373682943,0.0,0.1970843303379174
2026-04-02 12:44:12,690,969,1,phase_1_3_peak_stabilize,500,206.36609225382594,131,success,81.876708984375,13.870612144470215,0.40629085898399353,35.59663391113281,48.5619010925293,13.810707092285156,28.32489013671875,15.416192871845878,0.9640203145467615,0.0,0.13386931452859924
2026-04-02 12:44:15,690,970,1,phase_1_3_peak_stabilize,500,206.76833434205244,134,success,86.61931610107422,13.435797691345215,0.40629085898399353,37.269805908203125,48.5619010925293,12.12966537475586,32.486209869384766,25.450323036221352,0.9029582096146608,0.0,0.08313368603549244
2026-04-02 12:44:17,690,971,1,phase_1_3_peak_stabilize,500,205.2266316282377,137,success,87.31364440917969,13.6965913772583,0.40629085898399353,36.63554000854492,48.5619010925293,12.769107818603516,32.006103515625,25.951664043942166,0.8991635457802555,0.0,0.09311290360535569
2026-04-02 12:44:19,690,972,1,phase_1_3_peak_stabilize,500,200.74076280848726,134,success,79.0885009765625,13.642797470092773,0.40629085898399353,35.8419303894043,48.5619010925293,13.578044891357422,26.75743865966797,23.45462543056096,0.9173755703759556,0.0,0.1510940558634962
2026-04-02 12:44:21,690,973,1,phase_1_3_peak_stabilize,500,201.6277682487079,136,success,86.00916290283203,13.810368537902832,0.40629085898399353,37.73085403442383,48.5619010925293,11.682857513427734,32.25565719604492,35.64955424076167,0.8125969877728736,0.0,0.22306541047205838
2026-04-02 12:44:23,691,974,1,phase_1_3_peak_stabilize,500,206.59612139426642,132,success,80.28068542480469,13.696882247924805,0.40629085898399353,36.26649856567383,48.5619010925293,13.147628784179688,20.621776580810547,31.635691122166126,0.8514003636321207,0.0,0.20294790876027324
2026-04-02 12:44:25,691,975,1,phase_1_3_peak_stabilize,500,209.32958773887148,133,success,80.11492919921875,13.966425895690918,0.40629085898399353,35.977542877197266,48.5619010925293,13.42489242553711,18.4516658782959,21.216367316905902,0.9322204602108032,0.0,0.0755668945432239
2026-04-02 12:44:28,691,976,1,phase_1_3_peak_stabilize,500,207.1380867717056,134,success,83.80249786376953,13.523146629333496,0.40629085898399353,36.111568450927734,48.5619010925293,13.287891387939453,29.93355369567871,10.021598474795795,0.9847422238438425,0.0,0.05810619723973539
2026-04-02 12:44:32,691,977,1,phase_1_3_peak_stabilize,500,-123.72716898448309,259,high_altitude,83.06468200683594,57.35616683959961,0.40629085898399353,100.30933380126953,48.5619010925293,-50.89646911621094,-28.970844268798828,141.98522114541638,-0.787851923875067,0.0,0.2758683912419986
2026-04-02 12:44:34,691,978,1,phase_1_3_peak_stabilize,500,210.03473506246598,132,success,82.35391998291016,13.809904098510742,0.40629085898399353,35.67726516723633,48.5619010925293,13.72476577758789,24.850353240966797,13.237777460603889,0.9734281301546168,0.0,0.15164748876578782
2026-04-02 12:44:36,691,979,1,phase_1_3_peak_stabilize,500,206.80380072944607,136,success,79.56580352783203,13.965332984924316,0.40629085898399353,37.365169525146484,48.5619010925293,11.604022979736328,13.417455673217773,36.21547980972683,0.8068007166068476,0.0,0.03431730657516376
2026-04-02 12:44:38,691,980,1,phase_1_3_peak_stabilize,500,209.0116361900831,133,success,87.47512817382812,13.917999267578125,0.40629085898399353,37.15250015258789,48.5619010925293,12.253299713134766,30.116548538208008,28.67156660729901,0.8773843696339577,0.0,0.07610364821175628
2026-04-02 12:44:42,692,981,1,phase_1_3_peak_stabilize,500,-108.86347308824892,245,high_altitude,88.35539245605469,61.09709930419922,0.40629085898399353,100.38491821289062,48.5619010925293,-50.860801696777344,-32.37764358520508,108.24175072085723,-0.31302706832944494,0.0,0.32710820303597754
2026-04-02 12:44:46,692,982,1,phase_1_3_peak_stabilize,500,-109.28994840409348,236,high_altitude,88.76667785644531,55.24697494506836,0.40629085898399353,100.06002044677734,48.5619010925293,-50.64054870605469,-35.9609260559082,138.0460051642599,-0.7436818586537844,0.0,0.18282052362603513
2026-04-02 12:44:50,692,983,1,phase_1_3_peak_stabilize,500,-109.85059088691966,245,high_altitude,86.50677490234375,60.86750793457031,0.40629085898399353,100.06233978271484,48.5619010925293,-50.517547607421875,-33.70752716064453,113.65636269481733,-0.4012502780996001,0.0,0.35485778048188943
2026-04-02 12:44:52,692,984,1,phase_1_3_peak_stabilize,500,203.99714220998672,135,success,82.24436950683594,13.524795532226562,0.40629085898399353,36.073089599609375,48.5619010925293,13.339103698730469,28.4379825592041,22.568398140468048,0.9234220372578263,0.0,0.11151739592395234
2026-04-02 12:44:56,692,985,1,phase_1_3_peak_stabilize,500,-106.06369519358634,247,high_altitude,80.37352752685547,80.84119415283203,0.40629085898399353,100.19609069824219,48.5619010925293,-50.75830841064453,-38.587066650390625,105.81775073536555,-0.27257833754844557,0.0,0.40228591407980074
2026-04-02 12:44:58,692,986,1,phase_1_3_peak_stabilize,500,208.97943090654962,134,success,83.933349609375,13.858367919921875,0.40629085898399353,36.67805099487305,48.5619010925293,12.729618072509766,24.508150100708008,25.80079711800763,0.9003127162347467,0.0,0.21913136078270912
2026-04-02 12:45:00,693,987,1,phase_1_3_peak_stabilize,500,210.37406171035195,135,success,85.51799011230469,13.457984924316406,0.40629085898399353,36.013790130615234,48.5619010925293,13.38601303100586,27.176807403564453,8.869066377832318,0.9880432489182386,0.0,0.1618074229927233
2026-04-02 12:45:02,693,988,1,phase_1_3_peak_stabilize,500,210.79811888912525,134,success,84.4019546508789,13.945221900939941,0.40629085898399353,35.53572082519531,48.5619010925293,13.870254516601562,22.560976028442383,18.106723914224375,0.950479265823594,0.0,0.09100765005925152
2026-04-02 12:45:04,693,989,1,phase_1_3_peak_stabilize,500,204.53286635187447,136,success,89.28372192382812,13.503983497619629,0.40629085898399353,37.736480712890625,48.5619010925293,11.663471221923828,35.3184700012207,34.005613084904226,0.8289827862303086,0.0,0.09640095464307448
2026-04-02 12:45:07,693,990,1,phase_1_3_peak_stabilize,500,209.2174817604778,135,success,88.16649627685547,13.711261749267578,0.40629085898399353,36.37581253051758,48.5619010925293,13.034759521484375,33.20185852050781,12.53655352814359,0.9761577244251909,0.0,0.14475767542559934
2026-04-02 12:45:09,693,991,1,phase_1_3_peak_stabilize,500,205.2195001537847,133,success,78.73394775390625,13.902542114257812,0.40629085898399353,35.79433822631836,48.5619010925293,13.613178253173828,22.463455200195312,2.5918587145339087,0.9989770054344314,0.0,0.11344543151699109
2026-04-02 12:45:12,693,992,1,phase_1_3_peak_stabilize,500,-107.41068542181608,245,high_altitude,88.05819702148438,69.88052368164062,0.40629085898399353,100.601318359375,48.5619010925293,-51.11793518066406,-34.264339447021484,97.4490887755641,-0.1296451741412523,0.0,0.5329175868091491
2026-04-02 12:45:14,693,993,1,phase_1_3_peak_stabilize,500,202.52704824564313,135,success,83.95958709716797,13.605320930480957,0.40629085898399353,36.78628158569336,48.5619010925293,12.63144302368164,30.71893882751465,31.653876500831284,0.8512338420171742,0.0,0.17437218039530866
2026-04-02 12:45:17,693,994,1,phase_1_3_peak_stabilize,500,207.171787918512,132,success,80.6957778930664,13.989794731140137,0.40629085898399353,35.74923324584961,48.5619010925293,13.6539306640625,25.625743865966797,7.29401280239633,0.9919077149573969,0.0,0.06791427670835103
2026-04-02 12:45:19,694,995,1,phase_1_3_peak_stabilize,500,206.77906745311293,135,success,80.28237915039062,13.915297508239746,0.40629085898399353,35.96567153930664,48.5619010925293,13.444068908691406,19.070749282836914,22.88774022001741,0.9212686467007672,0.0,0.12001328261358409
2026-04-02 12:45:21,694,996,1,phase_1_3_peak_stabilize,500,205.08074255520313,133,success,82.29886627197266,13.542520523071289,0.40629085898399353,36.65616226196289,48.5619010925293,12.74380111694336,28.858104705810547,21.63269637512215,0.9295662607716809,0.0,0.008948445106194296
2026-04-02 12:45:23,694,997,1,phase_1_3_peak_stabilize,500,207.24773189250197,134,success,83.24855041503906,13.508207321166992,0.40629085898399353,36.104862213134766,48.5619010925293,13.302509307861328,28.833663940429688,5.7105542522998185,0.9950372577404233,0.0,0.1965824338534895
2026-04-02 12:45:30,694,998,1,phase_1_3_peak_stabilize,500,-232.996850426576,460,low_agl,88.44335174560547,213.7842254638672,0.40629085898399353,0.3501633107662201,48.5619010925293,49.1353874206543,-25.022958755493164,74.56750426353618,0.26610286877707845,0.0,1.3612021500212255
2026-04-02 12:45:34,694,999,1,phase_1_3_peak_stabilize,500,-105.32473501308546,243,high_altitude,87.68223571777344,69.00879669189453,0.40629085898399353,100.43341827392578,48.5619010925293,-50.967308044433594,-36.44368362426758,104.97503516538022,-0.25839814873597106,0.0,0.391438272974259
2026-04-02 12:45:38,695,1000,1,phase_1_3_peak_stabilize,500,-131.9506390407575,261,high_altitude,87.35576629638672,68.40643310546875,0.40629085898399353,100.42098999023438,48.5619010925293,-50.863990783691406,-39.905879974365234,168.6512905331433,-0.9804477224350245,0.0,0.5010329831577147
2026-04-02 12:45:42,695,1001,1,phase_1_3_peak_stabilize,500,-116.24354557158965,246,high_altitude,79.52156066894531,80.0725326538086,0.40629085898399353,100.5486068725586,48.5619010925293,-50.978187561035156,-39.84245681762695,124.86602134931806,-0.5716593905446326,0.0,0.40123649031931363
2026-04-02 12:45:46,695,1002,1,phase_1_3_peak_stabilize,500,-112.7746557364776,247,high_altitude,78.82649993896484,90.00714874267578,0.40629085898399353,100.53888702392578,48.5619010925293,-51.040382385253906,-44.00502395629883,126.82631296186841,-0.5993912694700165,0.0,0.4586215375349668
2026-04-02 12:45:50,695,1003,1,phase_1_3_peak_stabilize,500,-131.9684091645965,269,high_altitude,86.54627990722656,93.87501525878906,0.40629085898399353,100.06288146972656,48.5619010925293,-50.3348388671875,-36.18614959716797,95.7714303908689,-0.10056020354639135,0.0,0.6894589309618924
2026-04-02 12:45:54,695,1004,1,phase_1_3_peak_stabilize,500,-119.12372264996137,255,high_altitude,89.44418334960938,75.21205139160156,0.40629085898399353,100.45649719238281,48.5619010925293,-50.856971740722656,-37.991798400878906,117.71835132630478,-0.4651256055448771,0.0,0.38460650406198854
2026-04-02 12:45:58,696,1005,1,phase_1_3_peak_stabilize,500,-110.16285028116022,244,high_altitude,84.09295654296875,76.02616119384766,0.40629085898399353,100.0992660522461,48.5619010925293,-50.504493713378906,-39.65513229370117,112.17303685238733,-0.37740503427785793,0.0,0.4819806159921396
2026-04-02 12:46:01,696,1006,1,phase_1_3_peak_stabilize,500,203.88879902031493,145,success,85.17031860351562,8.495248794555664,0.40629085898399353,41.4151725769043,48.5619010925293,8.02557373046875,31.004623413085938,36.28476183357285,0.8060857033051696,0.0,0.3195655677358368
2026-04-02 12:46:03,696,1007,1,phase_1_3_peak_stabilize,500,203.46115379211543,136,success,85.51238250732422,13.95714282989502,0.40629085898399353,36.66432189941406,48.5619010925293,12.75732421875,31.655916213989258,29.764304666947254,0.8680749002649545,0.0,0.13311240366398244
2026-04-02 12:46:05,696,1008,1,phase_1_3_peak_stabilize,500,206.24774886535155,134,success,83.35783386230469,13.893281936645508,0.40629085898399353,36.273887634277344,48.5619010925293,13.134624481201172,28.636096954345703,20.2490298228718,0.9381971965137718,0.0,0.20231266935852232
2026-04-02 12:46:07,696,1009,1,phase_1_3_peak_stabilize,500,204.50172736435886,133,success,83.5575180053711,13.805377960205078,0.40629085898399353,36.3842887878418,48.5619010925293,13.029533386230469,27.902587890625,34.67480769902539,0.8223942672673568,0.0,0.20548000936830904
2026-04-02 12:46:11,696,1010,1,phase_1_3_peak_stabilize,500,-125.44921287188653,262,high_altitude,83.23706817626953,76.06674194335938,0.40629085898399353,100.43717193603516,48.5619010925293,-50.88121795654297,-34.4502067565918,129.91515673097996,-0.6416525510484901,0.0,0.3642198536869252
2026-04-02 12:46:15,696,1011,1,phase_1_3_peak_stabilize,500,-112.4577589740813,246,high_altitude,80.27239227294922,81.5797348022461,0.40629085898399353,100.20866394042969,48.5619010925293,-50.68524932861328,-42.609676361083984,141.27180788660854,-0.7801226652273394,0.0,0.41729901690720167
2026-04-02 12:46:17,697,1012,1,phase_1_3_peak_stabilize,500,206.4173533179695,134,success,89.0728759765625,13.851734161376953,0.40629085898399353,37.34407043457031,48.5619010925293,12.080318450927734,35.89321517944336,29.69392981283403,0.8686840008090883,0.0,0.34583612744621867
2026-04-02 12:46:21,697,1013,1,phase_1_3_peak_stabilize,500,-100.55964801910336,243,high_altitude,88.35187530517578,60.70164489746094,0.40629085898399353,100.26209259033203,48.5619010925293,-50.67144775390625,-30.129764556884766,88.38538676582218,0.028176587423632493,0.0,0.6139547823103565
2026-04-02 12:46:23,697,1014,1,phase_1_3_peak_stabilize,500,208.7215225829282,134,success,80.87533569335938,13.9143648147583,0.40629085898399353,35.78989791870117,48.5619010925293,13.610908508300781,19.749128341674805,15.74288252739488,0.9624889482644808,0.0,0.06954166765922326
2026-04-02 12:46:27,697,1015,1,phase_1_3_peak_stabilize,500,-115.58367087620276,246,high_altitude,79.63965606689453,90.73275756835938,0.40629085898399353,100.37298583984375,48.5619010925293,-50.88304138183594,-47.66588592529297,145.22005337784776,-0.8213489071395148,0.0,0.47917835323915675
2026-04-02 12:46:29,697,1016,1,phase_1_3_peak_stabilize,500,207.85641186206774,135,success,83.67707061767578,13.797696113586426,0.40629085898399353,35.63756561279297,48.5619010925293,13.773189544677734,25.865121841430664,10.227912022638845,0.9841092231702001,0.0,0.1501236662456802
2026-04-02 12:46:33,697,1017,1,phase_1_3_peak_stabilize,500,-105.11790903354131,241,high_altitude,88.00355529785156,62.07158279418945,0.40629085898399353,100.29666900634766,48.5619010925293,-50.776214599609375,-33.66957473754883,104.78485537813037,-0.25519019485812716,0.0,0.42220452637658423
2026-04-02 12:46:37,698,1018,1,phase_1_3_peak_stabilize,500,-133.20713969389553,271,high_altitude,80.01618957519531,83.03670501708984,0.40629085898399353,100.04330444335938,48.5619010925293,-50.350494384765625,-36.3516960144043,128.7579177799047,-0.6260312394801523,0.0,0.4971782987130725
2026-04-02 12:46:39,698,1019,1,phase_1_3_peak_stabilize,500,204.98524236274457,136,success,85.9737319946289,13.815203666687012,0.40629085898399353,36.14771270751953,48.5619010925293,13.274486541748047,30.85546112060547,29.12153946981945,0.873589330966499,0.0,0.3604108560172399
2026-04-02 12:46:43,698,1020,1,phase_1_3_peak_stabilize,500,-122.46586785405849,250,high_altitude,89.29524230957031,53.19224166870117,0.40629085898399353,100.0140609741211,48.5619010925293,-50.445472717285156,-27.279102325439453,106.40499673982491,-0.2824251171204534,0.0,0.4393195101724295
2026-04-02 12:46:45,698,1021,1,phase_1_3_peak_stabilize,500,197.35645136620198,137,success,81.92404174804688,13.877030372619629,0.40629085898399353,36.720603942871094,48.5619010925293,12.70492172241211,28.429073333740234,36.61497074409171,0.8026616609202553,0.0,0.1717654148862691
2026-04-02 12:46:47,698,1022,1,phase_1_3_peak_stabilize,500,203.8248240467341,133,success,81.0472183227539,13.818167686462402,0.40629085898399353,36.06278991699219,48.5619010925293,13.359310150146484,23.472278594970703,33.37307268096393,0.835106480696913,0.0,0.3088403281615293
2026-04-02 12:46:50,698,1023,1,phase_1_3_peak_stabilize,500,204.60156249774536,135,success,82.96057891845703,13.741896629333496,0.40629085898399353,36.17802429199219,48.5619010925293,13.239913940429688,24.532068252563477,34.70637000318002,0.8220807448591935,0.0,0.22969148527990457
2026-04-02 12:46:52,698,1024,1,phase_1_3_peak_stabilize,500,202.2104364865782,140,success,89.23133850097656,13.864072799682617,0.40629085898399353,37.0767707824707,48.5619010925293,12.339279174804688,32.558223724365234,36.72457820479748,0.8015192068652894,0.0,0.25739794088130363
2026-04-02 12:46:55,699,1025,1,phase_1_3_peak_stabilize,500,200.76341970085264,144,success,81.62696075439453,10.340757369995117,0.40629085898399353,40.079769134521484,48.5619010925293,9.36478042602539,25.393205642700195,36.86183768635806,0.800084395782548,0.0,0.22043998840837364
2026-04-02 12:47:00,699,1026,1,phase_1_3_peak_stabilize,500,-108.85600242575943,241,high_altitude,86.59168243408203,58.20800018310547,0.40629085898399353,100.66783905029297,48.5619010925293,-51.23834228515625,-35.75355911254883,129.83617242341793,-0.6405946107005286,0.0,0.18145545954602493
2026-04-02 12:47:04,699,1027,1,phase_1_3_peak_stabilize,500,-135.4880697275705,273,high_altitude,87.7218246459961,113.5208740234375,0.40629085898399353,100.11776733398438,48.5619010925293,-50.27998352050781,-54.43794631958008,144.65693160153688,-0.8157029924350768,0.0,0.5766962883281627
2026-04-02 12:47:08,699,1028,1,phase_1_3_peak_stabilize,500,-107.09569548824112,239,high_altitude,85.11270141601562,59.74519348144531,0.40629085898399353,100.13277435302734,48.5619010925293,-50.712684631347656,-36.43326950073242,130.39261427472053,-0.6480217294126962,0.0,0.27509462489658126
2026-04-02 12:47:12,699,1029,1,phase_1_3_peak_stabilize,500,-119.07109872217767,247,high_altitude,87.5179214477539,65.4153060913086,0.40629085898399353,100.55652618408203,48.5619010925293,-51.129981994628906,-38.3820915222168,154.04927499338316,-0.8991707178231098,0.0,0.35188706865329233
2026-04-02 12:47:16,700,1030,1,phase_1_3_peak_stabilize,500,-117.86348537496978,263,high_altitude,88.63986206054688,52.444068908691406,0.40629085898399353,100.23261260986328,48.5619010925293,-50.458641052246094,-18.960147857666016,76.35700016570118,0.2358714925486728,0.0,0.6732819227543856
2026-04-02 12:47:18,700,1031,1,phase_1_3_peak_stabilize,500,212.90741057130913,132,success,86.3486328125,13.652820587158203,0.40629085898399353,35.788394927978516,48.5619010925293,13.631340026855469,26.59394645690918,17.13542149537708,0.9556110500430748,0.0,0.1076702896586624
2026-04-02 12:47:20,700,1032,1,phase_1_3_peak_stabilize,500,204.3817921349537,133,success,85.5870590209961,13.598431587219238,0.40629085898399353,37.20063781738281,48.5619010925293,12.19986343383789,33.7485466003418,29.007857801273758,0.8745532099394142,0.0,0.015761942710104816
2026-04-02 12:47:22,700,1033,1,phase_1_3_peak_stabilize,500,205.66644973082677,138,success,88.94669342041016,13.778770446777344,0.40629085898399353,37.4516487121582,48.5619010925293,11.949302673339844,33.08937072753906,33.509461313405325,0.833794668753045,0.0,0.12232865863278083
2026-04-02 12:47:24,700,1034,1,phase_1_3_peak_stabilize,500,209.4226057370811,133,success,80.350341796875,13.8168306350708,0.40629085898399353,36.16993713378906,48.5619010925293,13.234573364257812,17.125150680541992,19.7152283411205,0.9413809168001542,0.0,0.05301818782370655
2026-04-02 12:47:26,700,1035,1,phase_1_3_peak_stabilize,500,206.3684839498302,130,success,81.25682067871094,13.781576156616211,0.40629085898399353,35.754947662353516,48.5619010925293,13.653247833251953,28.390104293823242,18.2319912911497,0.9497975102008119,0.0,0.214628409348797
2026-04-02 12:47:28,700,1036,1,phase_1_3_peak_stabilize,500,204.00084972906538,135,success,88.88316345214844,13.931597709655762,0.40629085898399353,37.420528411865234,48.5619010925293,11.978675842285156,35.77009963989258,31.99144835527541,0.8481271794692014,0.0,0.07321522237616329
2026-04-02 12:47:31,700,1037,1,phase_1_3_peak_stabilize,500,201.37887432409244,135,success,80.18346405029297,13.54653263092041,0.40629085898399353,35.993064880371094,48.5619010925293,13.423934936523438,27.1373233795166,24.64308859142693,0.9089227930752047,0.0,0.1556452531551444
2026-04-02 12:47:35,701,1038,1,phase_1_3_peak_stabilize,500,-135.0432821152811,269,high_altitude,89.7975845336914,70.49983978271484,0.40629085898399353,100.39059448242188,48.5619010925293,-50.756736755371094,-35.434200286865234,142.69534225304426,-0.7954242155992802,0.0,0.47497031003131074
2026-04-02 12:47:37,701,1039,1,phase_1_3_peak_stabilize,500,206.07116380185883,136,success,87.44407653808594,13.770976066589355,0.40629085898399353,36.72710037231445,48.5619010925293,12.681415557861328,30.47293472290039,33.490787576214515,0.833974555650003,0.0,0.19472187116736953
2026-04-02 12:47:39,701,1040,1,phase_1_3_peak_stabilize,500,205.47916722690434,132,success,81.15522003173828,13.84309196472168,0.40629085898399353,35.619991302490234,48.5619010925293,13.792098999023438,27.195341110229492,15.820446155609545,0.9621207683142866,0.0,0.12385542448083127
2026-04-02 12:47:41,701,1041,1,phase_1_3_peak_stabilize,500,211.6581096088511,135,success,84.93331146240234,13.995793342590332,0.40629085898399353,35.470001220703125,48.5619010925293,13.929912567138672,24.982074737548828,5.9469581985313615,0.9946182368426142,0.0,0.06628530230380597
2026-04-02 12:47:43,701,1042,1,phase_1_3_peak_stabilize,500,209.89670600543158,135,success,88.74217224121094,13.839112281799316,0.40629085898399353,36.7268180847168,48.5619010925293,12.689495086669922,31.636577606201172,17.836154507990784,0.9519363048102305,0.0,0.20622268503180852
2026-04-02 12:47:46,701,1043,1,phase_1_3_peak_stabilize,500,205.42233998246596,133,success,78.95358276367188,13.741437911987305,0.40629085898399353,35.889156341552734,48.5619010925293,13.526077270507812,21.670080184936523,4.85409634170441,0.9964134098941231,0.0,0.22330572469816798
2026-04-02 12:47:48,701,1044,1,phase_1_3_peak_stabilize,500,208.05280938818248,135,success,80.25691986083984,13.807046890258789,0.40629085898399353,36.78962707519531,48.5619010925293,12.611946105957031,18.804027557373047,21.937940944224607,0.9275890600680634,0.0,0.11503604976941309
2026-04-02 12:47:50,701,1045,1,phase_1_3_peak_stabilize,500,209.2548925200225,134,success,86.19762420654297,13.528367042541504,0.40629085898399353,36.562767028808594,48.5619010925293,12.846202850341797,28.174659729003906,27.00388883652848,0.890975708438205,0.0,0.17762998011107153
2026-04-02 12:47:54,702,1046,1,phase_1_3_peak_stabilize,500,-114.41100137972643,247,high_altitude,79.73255920410156,87.741943359375,0.40629085898399353,100.15937805175781,48.5619010925293,-50.61833190917969,-46.117801666259766,148.20487336590003,-0.849937510812516,0.0,0.36616938295901214
2026-04-02 12:47:56,702,1047,1,phase_1_3_peak_stabilize,500,203.2941115468187,136,success,78.55862426757812,13.935466766357422,0.40629085898399353,36.54936981201172,48.5619010925293,12.871700286865234,21.054515838623047,17.28907684604027,0.9548174751850719,0.0,0.22056005798028583
2026-04-02 12:47:58,702,1048,1,phase_1_3_peak_stabilize,500,208.90542650558095,138,success,90.03792572021484,13.734384536743164,0.40629085898399353,37.2015266418457,48.5619010925293,12.209190368652344,29.63642692565918,30.797896703477775,0.8589786931635686,0.0,0.13063404621570776
2026-04-02 12:48:01,702,1049,1,phase_1_3_peak_stabilize,500,205.26694683299104,134,success,83.20120239257812,13.997008323669434,0.40629085898399353,36.42386245727539,48.5619010925293,12.977031707763672,27.538352966308594,27.14071972371864,0.8898888271315033,0.0,0.053555838844871126
2026-04-02 12:48:03,702,1050,1,phase_1_3_peak_stabilize,500,204.7079775616211,135,success,79.73713684082031,13.849496841430664,0.40629085898399353,36.49696731567383,48.5619010925293,12.908889770507812,20.686229705810547,26.541599435387216,0.8946101651159791,0.0,0.18234894495824627
2026-04-02 12:48:05,702,1051,1,phase_1_3_peak_stabilize,500,205.28947691390817,132,success,83.20527648925781,13.908421516418457,0.40629085898399353,35.81710433959961,48.5619010925293,13.5926513671875,29.74807357788086,19.698263858769483,0.9414807588315949,0.0,0.18757172548271148
2026-04-02 12:48:09,702,1052,1,phase_1_3_peak_stabilize,500,-116.66677954613615,248,high_altitude,85.92151641845703,73.7641830444336,0.40629085898399353,100.5461196899414,48.5619010925293,-51.02735137939453,-37.103729248046875,118.97981896411444,-0.4845015267958018,0.0,0.4352965486728239
2026-04-02 12:48:13,703,1053,1,phase_1_3_peak_stabilize,500,-114.77747018504195,240,high_altitude,89.7135238647461,60.199493408203125,0.40629085898399353,100.44578552246094,48.5619010925293,-50.993255615234375,-36.263824462890625,118.2027893233771,-0.47259366869646874,0.0,0.3751512612507789
2026-04-02 12:48:16,703,1054,1,phase_1_3_peak_stabilize,500,-116.20496144342084,242,high_altitude,87.57060241699219,61.870059967041016,0.40629085898399353,100.28759765625,48.5619010925293,-50.842430114746094,-36.31826400756836,140.5696917606879,-0.7723977065635316,0.0,0.19854593200894866
2026-04-02 12:48:19,703,1055,1,phase_1_3_peak_stabilize,500,207.83630740401858,137,success,89.2246322631836,13.34814739227295,0.40629085898399353,37.654056549072266,48.5619010925293,11.754261016845703,35.03483963012695,16.835764021015695,0.9571388974210576,0.0,0.09020707397497178
2026-04-02 12:48:21,703,1056,1,phase_1_3_peak_stabilize,500,207.3225255908571,133,success,78.4303207397461,13.65394115447998,0.40629085898399353,36.27043151855469,48.5619010925293,13.142631530761719,18.997127532958984,11.656058474311614,0.9793780451352488,0.0,0.22376433600631285
2026-04-02 12:48:23,703,1057,1,phase_1_3_peak_stabilize,500,207.13100283618772,139,success,85.40660095214844,13.724466323852539,0.40629085898399353,38.59554672241211,48.5619010925293,10.804454803466797,19.915245056152344,34.948086982812185,0.8196713986774332,0.0,0.10048264051345715
2026-04-02 12:48:25,703,1058,1,phase_1_3_peak_stabilize,500,211.02467292965682,136,success,84.13460540771484,13.809045791625977,0.40629085898399353,36.45580291748047,48.5619010925293,12.966835021972656,18.84575653076172,28.236606500574258,0.8810013576560347,0.0,0.33433056196054356
2026-04-02 12:48:27,703,1059,1,phase_1_3_peak_stabilize,500,205.61016096296953,134,success,88.3958740234375,13.76034927368164,0.40629085898399353,37.06413269042969,48.5619010925293,11.907478332519531,35.954872131347656,28.28400972096144,0.8806096291863882,0.0,0.1597894099123456
2026-04-02 12:48:29,703,1060,1,phase_1_3_peak_stabilize,500,207.08828903929236,136,success,85.3414077758789,13.9765043258667,0.40629085898399353,36.47263717651367,48.5619010925293,12.929290771484375,25.85744285583496,29.12076082825407,0.8735959445786277,0.0,0.055769957104032986
2026-04-02 12:48:33,704,1061,1,phase_1_3_peak_stabilize,500,-116.78942938586147,246,high_altitude,89.23697662353516,76.82513427734375,0.40629085898399353,100.01636505126953,48.5619010925293,-50.43977355957031,-45.291099548339844,163.22753293588457,-0.957458278445735,0.0,0.5170088508817196
2026-04-02 12:48:37,704,1062,1,phase_1_3_peak_stabilize,500,-127.49964058925842,259,high_altitude,84.8766860961914,63.28038024902344,0.40629085898399353,100.35359954833984,48.5619010925293,-50.68486022949219,-28.241989135742188,106.62592603871815,-0.28612197406451556,0.0,0.5010715573007445
2026-04-02 12:48:40,704,1063,1,phase_1_3_peak_stabilize,500,208.27851008867736,135,success,79.86199951171875,13.734803199768066,0.40629085898399353,36.40922546386719,48.5619010925293,12.993186950683594,16.587024688720703,20.93079710770767,0.9340125888023878,0.0,0.07010166892746436
2026-04-02 12:48:43,704,1064,1,phase_1_3_peak_stabilize,500,-112.3684039488082,247,high_altitude,83.33509063720703,72.2582015991211,0.40629085898399353,100.06083679199219,48.5619010925293,-50.648956298828125,-38.51914596557617,125.81873711588646,-0.5852228813333694,0.0,0.22460390778616385
2026-04-02 12:48:45,704,1065,1,phase_1_3_peak_stabilize,500,205.0809378856145,134,success,80.0484848022461,13.52067756652832,0.40629085898399353,35.95938491821289,48.5619010925293,13.445884704589844,25.160886764526367,10.010799091944357,0.9847750063616681,0.0,0.15922094174128484
2026-04-02 12:48:48,704,1066,1,phase_1_3_peak_stabilize,500,209.92329727769902,134,success,81.46080780029297,13.746769905090332,0.40629085898399353,35.93992614746094,48.5619010925293,13.465576171875,20.275632858276367,19.660651714557513,0.9417018253526768,0.0,0.20284793515605948
2026-04-02 12:48:52,705,1067,1,phase_1_3_peak_stabilize,500,-125.10312838074401,253,high_altitude,85.94120788574219,80.41212463378906,0.40629085898399353,100.53448486328125,48.5619010925293,-51.01024627685547,-43.826419830322266,160.49976028705657,-0.942640094509426,0.0,0.31939672431255023
2026-04-02 12:48:54,705,1068,1,phase_1_3_peak_stabilize,500,206.0953508479172,134,success,85.11248016357422,13.938405990600586,0.40629085898399353,36.012081146240234,48.5619010925293,13.388874053955078,31.335468292236328,19.946382433201244,0.9400122727846429,0.0,0.16920512463424003
2026-04-02 12:48:58,705,1069,1,phase_1_3_peak_stabilize,500,-108.09216979146359,241,high_altitude,84.27263641357422,73.83080291748047,0.40629085898399353,100.0724868774414,48.5619010925293,-50.66950225830078,-41.603981018066406,139.2421625332259,-0.7574756865511976,0.0,0.08972287578153519
2026-04-02 12:49:02,705,1070,1,phase_1_3_peak_stabilize,500,-132.8906463223494,254,high_altitude,89.44273376464844,56.445133209228516,0.40629085898399353,100.43673706054688,48.5619010925293,-50.92350769042969,-28.91422462463379,128.79701378271383,-0.6265631919456559,0.0,0.27200323464043324
2026-04-02 12:49:04,705,1071,1,phase_1_3_peak_stabilize,500,201.6364032546578,134,success,78.56441497802734,13.609615325927734,0.40629085898399353,36.20613479614258,48.5619010925293,13.206573486328125,24.931631088256836,20.470927301079882,0.9368497688983422,0.0,0.0976840302190788
2026-04-02 12:49:06,705,1072,1,phase_1_3_peak_stabilize,500,206.3938632244284,138,success,79.45690155029297,13.75927734375,0.40629085898399353,37.01206588745117,48.5619010925293,12.401237487792969,12.023380279541016,32.77675960038138,0.8407862628338846,0.0,0.11478993975785014
2026-04-02 12:49:10,706,1073,1,phase_1_3_peak_stabilize,500,-112.16634419332028,243,high_altitude,79.0843505859375,72.9283676147461,0.40629085898399353,100.19026947021484,48.5619010925293,-50.68273162841797,-37.868255615234375,123.48592698600363,-0.5517321492709883,0.0,0.32083850623758564
2026-04-02 12:49:14,706,1074,1,phase_1_3_peak_stabilize,500,-135.7012793040459,272,high_altitude,80.15788269042969,142.7287139892578,0.40629085898399353,100.23387908935547,48.5619010925293,-50.47474670410156,-63.16947555541992,155.59450967045018,-0.9106440711709086,0.0,0.5037464022566653
2026-04-02 12:49:16,706,1075,1,phase_1_3_peak_stabilize,500,203.42953089372867,132,success,79.8989486694336,13.91247844696045,0.40629085898399353,35.62073516845703,48.5619010925293,13.797828674316406,27.596723556518555,19.802832347415084,0.9408640227060961,0.0,0.19159170930723604
2026-04-02 12:49:18,706,1076,1,phase_1_3_peak_stabilize,500,213.372882638596,133,success,85.6195068359375,13.77200984954834,0.40629085898399353,35.7859001159668,48.5619010925293,13.638908386230469,22.17804527282715,26.737193855101577,0.8930795223346019,0.0,0.20126740615248506
2026-04-02 12:49:21,706,1077,1,phase_1_3_peak_stabilize,500,206.72704578034055,137,success,84.86143493652344,13.670188903808594,0.40629085898399353,38.16548538208008,48.5619010925293,11.236549377441406,23.138595581054688,31.4267863713067,0.8533071265978113,0.0,0.22664380573350418
2026-04-02 12:49:23,706,1078,1,phase_1_3_peak_stabilize,500,210.1750597549687,135,success,81.28998565673828,13.95522689819336,0.40629085898399353,36.29610061645508,48.5619010925293,13.120101928710938,15.900920867919922,28.951546306661587,0.8750293864350398,0.0,0.26469817806707263
2026-04-02 12:49:27,706,1079,1,phase_1_3_peak_stabilize,500,-128.45800922486035,262,high_altitude,87.61488342285156,51.95995330810547,0.40629085898399353,100.29920959472656,48.5619010925293,-50.65637969970703,-21.4838809967041,97.19995079539873,-0.12533238155371357,0.0,0.5174438148436782
2026-04-02 12:49:32,707,1080,1,phase_1_3_peak_stabilize,500,-121.18469418703627,254,high_altitude,90.28277587890625,92.63330841064453,0.40629085898399353,100.197509765625,48.5619010925293,-50.593292236328125,-51.13127136230469,162.98261601262624,-0.9562160040868333,0.0,0.40645269604331946
2026-04-02 12:49:34,707,1081,1,phase_1_3_peak_stabilize,500,210.0856051635421,136,success,82.25422668457031,13.883845329284668,0.40629085898399353,36.06966018676758,48.5619010925293,13.338798522949219,16.97258186340332,26.186842824991338,0.8973597316646871,0.0,0.16786728151180627
2026-04-02 12:49:42,707,1082,1,phase_1_3_peak_stabilize,500,-241.87306847379296,500,timeout,89.25028228759766,358.5474853515625,0.40629085898399353,7.454460620880127,48.5619010925293,42.221553802490234,-67.45336151123047,30.361915483472107,0.8628498393898396,0.0,0.9754870811792073
2026-04-02 12:49:45,707,1083,1,phase_1_3_peak_stabilize,500,-107.92163911422455,251,high_altitude,86.46148681640625,58.93503189086914,0.40629085898399353,100.32489776611328,48.5619010925293,-50.782958984375,-30.04938316345215,112.526519632503,-0.3831110135297489,0.0,0.4061006319407072
2026-04-02 12:49:48,708,1084,1,phase_1_3_peak_stabilize,500,207.3433307157482,143,success,87.95814514160156,8.514938354492188,0.40629085898399353,41.5755615234375,48.5619010925293,7.856792449951172,33.55545425415039,36.574085231720005,0.8030870644015323,0.0,0.3109661635237539
2026-04-02 12:49:50,708,1085,1,phase_1_3_peak_stabilize,500,205.05860994855746,138,success,80.24504852294922,13.891975402832031,0.40629085898399353,36.19041061401367,48.5619010925293,13.22292709350586,17.68414878845215,19.122540383439937,0.9448201102381019,0.0,0.19220433347257979
2026-04-02 12:49:52,708,1086,1,phase_1_3_peak_stabilize,500,201.8282321646305,137,success,83.7139663696289,13.647768020629883,0.40629085898399353,36.37419128417969,48.5619010925293,13.04360580444336,27.486684799194336,34.28659682207479,0.8262300973060313,0.0,0.272884556278638
2026-04-02 12:49:56,708,1087,1,phase_1_3_peak_stabilize,500,-135.87379428664465,269,high_altitude,88.61699676513672,120.18085479736328,0.40629085898399353,100.32096099853516,48.5619010925293,-50.556724548339844,-57.87395095825195,153.90325920930664,-0.898052599778135,0.0,0.44029576813565513
2026-04-02 12:49:58,708,1088,1,phase_1_3_peak_stabilize,500,204.3870298320169,135,success,82.99070739746094,13.973590850830078,0.40629085898399353,36.31215286254883,48.5619010925293,13.0946044921875,25.758821487426758,32.18554867110883,0.8463275430072724,0.0,0.13292830357770075
2026-04-02 12:50:02,708,1089,1,phase_1_3_peak_stabilize,500,-112.87257590181957,247,high_altitude,81.15226745605469,97.95401000976562,0.40629085898399353,100.42765045166016,48.5619010925293,-50.90528106689453,-52.258270263671875,156.29400300372953,-0.9156205175233393,0.0,0.34862724752383184
2026-04-02 12:50:07,709,1090,1,phase_1_3_peak_stabilize,500,-121.80802720796383,253,high_altitude,86.90605163574219,61.55921173095703,0.40629085898399353,100.5064926147461,48.5619010925293,-50.85490417480469,-30.192899703979492,114.52711619134557,-0.4151238506749695,0.0,0.4488941927455959
2026-04-02 12:50:11,709,1091,1,phase_1_3_peak_stabilize,500,-115.34434976599627,257,high_altitude,84.74497985839844,53.291664123535156,0.40629085898399353,100.02705383300781,48.5619010925293,-50.32843017578125,-24.614471435546875,98.1834433943672,-0.14234291480809722,0.0,0.5829302380835713
2026-04-02 12:50:13,709,1092,1,phase_1_3_peak_stabilize,500,207.10034216715113,137,success,82.67415618896484,13.842254638671875,0.40629085898399353,36.98048782348633,48.5619010925293,12.420886993408203,19.081239700317383,31.86630904439702,0.8492822721461235,0.0,0.07925350382776604
2026-04-02 12:50:15,709,1093,1,phase_1_3_peak_stabilize,500,208.2272177602682,135,success,87.99117279052734,13.97619915008545,0.40629085898399353,36.54648208618164,48.5619010925293,12.869068145751953,29.940921783447266,29.09192035448369,0.8738407956201216,0.0,0.21764595868485304
2026-04-02 12:50:20,709,1094,1,phase_1_3_peak_stabilize,500,-134.0462268817405,283,high_altitude,83.36968994140625,80.1357421875,0.40629085898399353,100.06389617919922,48.5619010925293,-50.29857635498047,-29.72391128540039,98.61367017999714,-0.14977124622449633,0.0,0.4617518112002432
2026-04-02 12:50:23,709,1095,1,phase_1_3_peak_stabilize,500,-115.65914426712251,243,high_altitude,88.72122955322266,63.56312561035156,0.40629085898399353,100.52288055419922,48.5619010925293,-51.01057434082031,-38.3411865234375,137.40531975973437,-0.7361599300684742,0.0,0.3133729708176449
2026-04-02 12:50:26,710,1096,1,phase_1_3_peak_stabilize,500,202.80954909934374,145,success,81.20597076416016,8.949850082397461,0.40629085898399353,40.5989875793457,48.5619010925293,8.856948852539062,25.579761505126953,36.568863552099536,0.8031413652215468,0.0,0.3561800645561291
2026-04-02 12:50:28,710,1097,1,phase_1_3_peak_stabilize,500,207.4844998463445,137,success,79.07040405273438,13.985063552856445,0.40629085898399353,37.02726364135742,48.5619010925293,12.375255584716797,11.84288501739502,30.76925772028791,0.8592345119220155,0.0,0.1255594232832066
2026-04-02 12:50:30,710,1098,1,phase_1_3_peak_stabilize,500,205.7851990759632,138,success,87.54471588134766,13.748368263244629,0.40629085898399353,36.750160217285156,48.5619010925293,12.656646728515625,30.058292388916016,32.236119391723605,0.8458570715731889,0.0,0.1365349406892142
2026-04-02 12:50:34,710,1099,1,phase_1_3_peak_stabilize,500,-115.51387354478595,254,high_altitude,86.69813537597656,106.78218841552734,0.40629085898399353,100.32087707519531,48.5619010925293,-50.764976501464844,-56.28187561035156,170.59236199336922,-0.9865503801239633,0.0,0.37251004813975336
2026-04-02 12:50:36,710,1100,1,phase_1_3_peak_stabilize,500,213.51749220246583,137,success,89.74022674560547,13.52707576751709,0.40629085898399353,36.73046112060547,48.5619010925293,12.696002960205078,29.937597274780273,8.243930752725962,0.9896665812036991,0.0,0.22118773898935948
2026-04-02 12:50:41,710,1101,1,phase_1_3_peak_stabilize,500,-148.5114204105387,287,high_altitude,87.53772735595703,110.65860748291016,0.40629085898399353,100.10587310791016,48.5619010925293,-50.266815185546875,-46.225982666015625,133.88922033728184,-0.6932662510811791,0.0,0.47084057351131353
2026-04-02 12:50:45,711,1102,1,phase_1_3_peak_stabilize,500,-123.64432903106575,254,high_altitude,89.3578109741211,86.42323303222656,0.40629085898399353,100.37621307373047,48.5619010925293,-50.78301239013672,-47.705535888671875,158.66783524976745,-0.9314871585213488,0.0,0.3595057380303733
2026-04-02 12:50:49,711,1103,1,phase_1_3_peak_stabilize,500,-120.02288089380136,266,high_altitude,86.90486907958984,67.0541763305664,0.40629085898399353,100.1321792602539,48.5619010925293,-50.55791473388672,-30.92515754699707,104.70211446652485,-0.2537936408507428,0.0,0.4407703297906162
2026-04-02 12:50:53,711,1104,1,phase_1_3_peak_stabilize,500,-126.90865339693593,268,high_altitude,86.93629455566406,106.44377136230469,0.40629085898399353,100.09196472167969,48.5619010925293,-50.280250549316406,-48.901039123535156,122.49489385819146,-0.5372244440222689,0.0,0.5989491590562733
2026-04-02 12:50:57,711,1105,1,phase_1_3_peak_stabilize,500,-120.37126045177835,249,high_altitude,79.14004516601562,82.54531860351562,0.40629085898399353,100.06568908691406,48.5619010925293,-50.518516540527344,-42.97823715209961,147.3823546652904,-0.8422864322572253,0.0,0.5487030193836788
2026-04-02 12:50:59,711,1106,1,phase_1_3_peak_stabilize,500,202.91290408336164,138,success,81.29106903076172,13.775189399719238,0.40629085898399353,36.02016067504883,48.5619010925293,13.405994415283203,20.732852935791016,30.16777760159825,0.8645575571138377,0.0,0.21413804374102755
2026-04-02 12:51:06,712,1107,1,phase_1_3_peak_stabilize,500,-211.98263013728177,437,low_agl,88.54271697998047,134.40896606445312,0.40629085898399353,0.3847271800041199,48.5619010925293,49.741119384765625,-37.8115348815918,111.08162726453264,-0.35969762432660124,0.0,0.3555535427272851
2026-04-02 12:51:11,712,1108,1,phase_1_3_peak_stabilize,500,-140.00867369026867,273,high_altitude,86.90894317626953,106.15570831298828,0.40629085898399353,100.19607543945312,48.5619010925293,-50.53309631347656,-49.99146270751953,157.2511174121234,-0.9222085133335893,0.0,0.375964561190065
2026-04-02 12:51:15,712,1109,1,phase_1_3_peak_stabilize,500,-117.47951174820756,256,high_altitude,83.7214126586914,52.946170806884766,0.40629085898399353,100.28999328613281,48.5619010925293,-50.62518310546875,-23.745492935180664,98.93753042968247,-0.15535749598661125,0.0,0.5363369857658912
2026-04-02 12:51:17,712,1110,1,phase_1_3_peak_stabilize,500,204.18385787112823,141,success,86.24664306640625,13.837297439575195,0.40629085898399353,36.72165298461914,48.5619010925293,12.699501037597656,27.288467407226562,18.621481121022388,0.9476487603616309,0.0,0.2912186891707775
2026-04-02 12:51:19,712,1111,1,phase_1_3_peak_stabilize,500,205.59867047862227,139,success,79.24480438232422,13.86159896850586,0.40629085898399353,37.409461975097656,48.5619010925293,12.003395080566406,12.18740463256836,36.012571964958674,0.808888001777888,0.0,0.2960206125980105
2026-04-02 12:51:24,713,1112,1,phase_1_3_peak_stabilize,500,-117.57657004385399,266,high_altitude,88.95132446289062,62.985469818115234,0.40629085898399353,100.03980255126953,48.5619010925293,-50.2269287109375,-22.997222900390625,84.64274362897866,0.09336558099000805,0.0,0.6453480916301089
2026-04-02 12:51:28,713,1113,1,phase_1_3_peak_stabilize,500,-110.00472413472905,258,high_altitude,88.02755737304688,67.47429656982422,0.40629085898399353,100.1589126586914,48.5619010925293,-50.46849060058594,-32.5473518371582,107.40163745294566,-0.29906806331606356,0.0,0.4658713212454428
2026-04-02 12:51:30,713,1114,1,phase_1_3_peak_stabilize,500,209.16831381587482,137,success,80.27619934082031,13.826310157775879,0.40629085898399353,36.937870025634766,48.5619010925293,12.46316909790039,14.001992225646973,21.63349209216046,0.9295611408437234,0.0,0.10098076435982735
2026-04-02 12:51:34,713,1115,1,phase_1_3_peak_stabilize,500,-125.6351584605654,263,high_altitude,81.39153289794922,116.88851165771484,0.40629085898399353,100.21607971191406,48.5619010925293,-50.626251220703125,-55.711334228515625,156.03859490990607,-0.913819231521459,0.0,0.3911876251280558
2026-04-02 12:51:36,713,1116,1,phase_1_3_peak_stabilize,500,204.4932781861618,136,success,78.7538070678711,13.952589988708496,0.40629085898399353,36.85234832763672,48.5619010925293,12.554168701171875,16.68247413635254,30.10138474777114,0.865139299600963,0.0,0.13501314049291274
2026-04-02 12:51:40,713,1117,1,phase_1_3_peak_stabilize,500,-119.88933480912,257,high_altitude,79.27601623535156,102.08963012695312,0.40629085898399353,100.52937316894531,48.5619010925293,-50.993316650390625,-50.519222259521484,159.6503306411171,-0.9375878258528562,0.0,0.3884611242387211
2026-04-02 12:51:44,714,1118,1,phase_1_3_peak_stabilize,500,-108.17122846587047,247,high_altitude,82.56073760986328,89.3437728881836,0.40629085898399353,100.56560516357422,48.5619010925293,-51.10901641845703,-47.348915100097656,151.67286093583897,-0.8802526952681046,0.0,0.33197307551253474
2026-04-02 12:51:48,714,1119,1,phase_1_3_peak_stabilize,500,-121.10075299433593,255,high_altitude,82.343994140625,99.40083312988281,0.40629085898399353,100.31250762939453,48.5619010925293,-50.701141357421875,-52.455467224121094,176.82811979991578,-0.9984680401855524,0.0,0.4577860529527985
2026-04-02 12:51:50,714,1120,1,phase_1_3_peak_stabilize,500,200.15456118106385,156,success,82.75843811035156,7.3571085929870605,0.40629085898399353,42.826210021972656,48.5619010925293,6.633464813232422,21.54860496520996,36.79613126654254,0.8007718164766543,0.0,0.24453569393120156
2026-04-02 12:51:53,714,1121,1,phase_1_3_peak_stabilize,500,211.2952524291772,137,success,84.49421691894531,13.661443710327148,0.40629085898399353,36.04662322998047,48.5619010925293,13.373985290527344,20.202411651611328,19.811539131059558,0.9408125294689574,0.0,0.21548377448155023
2026-04-02 12:51:59,714,1122,1,phase_1_3_peak_stabilize,500,-183.6178507105923,407,low_agl,86.75541687011719,269.6312561035156,0.40629085898399353,0.23769089579582214,48.5619010925293,49.671905517578125,-51.71438980102539,38.58617358384114,0.7816710020937565,0.0,0.7619385688790984
2026-04-02 12:52:01,715,1123,1,phase_1_3_peak_stabilize,500,199.55568941356674,135,success,79.0160903930664,13.991385459899902,0.40629085898399353,35.48603820800781,48.5619010925293,13.964645385742188,24.90982437133789,31.96320210796282,0.8483882588985577,0.0,0.3357436838218329
2026-04-02 12:52:04,715,1124,1,phase_1_3_peak_stabilize,500,208.67433449364384,136,success,79.77513885498047,13.79503059387207,0.40629085898399353,37.03485870361328,48.5619010925293,12.370513916015625,15.7275972366333,16.975470417846427,0.9564298390704105,0.0,0.2179499474823252
2026-04-02 12:52:07,715,1125,1,phase_1_3_peak_stabilize,500,-109.21840177832377,246,high_altitude,88.14647674560547,54.689048767089844,0.40629085898399353,100.14347076416016,48.5619010925293,-50.5400390625,-27.830284118652344,96.11528943444402,-0.10652940759628698,0.0,0.49138266360043537
2026-04-02 12:52:11,715,1126,1,phase_1_3_peak_stabilize,500,-110.48447175568063,246,high_altitude,87.8250732421875,75.1629638671875,0.40629085898399353,100.24528503417969,48.5619010925293,-50.70880889892578,-41.57582092285156,127.70519438350897,-0.6115987692819578,0.0,0.37991683465995607
2026-04-02 12:52:18,715,1127,1,phase_1_3_peak_stabilize,500,-199.75676309764089,451,low_agl,87.89175415039062,135.574951171875,0.40629085898399353,0.34240877628326416,48.5619010925293,49.70815658569336,-33.82258987426758,77.66525459932542,0.2136228486492588,0.0,0.7295221072832162
2026-04-02 12:52:21,716,1128,1,phase_1_3_peak_stabilize,500,208.5414213227749,133,success,83.02247619628906,13.695569038391113,0.40629085898399353,36.03891372680664,48.5619010925293,13.363349914550781,26.554580688476562,17.70788867801982,0.9526196119169663,0.0,0.07079874919081341
2026-04-02 12:52:25,716,1129,1,phase_1_3_peak_stabilize,500,-129.1513863246025,261,high_altitude,86.90862274169922,99.14179992675781,0.40629085898399353,100.14239501953125,48.5619010925293,-50.35569763183594,-50.72291564941406,142.99670385960354,-0.7986008872086787,0.0,0.6282566603734023
2026-04-02 12:52:27,716,1130,1,phase_1_3_peak_stabilize,500,200.4692130582084,138,success,82.37259674072266,12.49392318725586,0.40629085898399353,37.33586502075195,48.5619010925293,12.094467163085938,28.280168533325195,36.308848495680905,0.8058368448557753,0.0,0.3225549385954101
2026-04-02 12:52:29,716,1131,1,phase_1_3_peak_stabilize,500,212.37161631251146,135,success,84.39109802246094,13.700967788696289,0.40629085898399353,35.93952178955078,48.5619010925293,13.478187561035156,19.446748733520508,23.194478893000806,0.9191732958193874,0.0,0.194049407235652
2026-04-02 12:52:36,716,1132,1,phase_1_3_peak_stabilize,500,-231.18649892937123,456,low_agl,81.31616973876953,212.54190063476562,0.40629085898399353,0.23686006665229797,48.5619010925293,49.395904541015625,-28.062883377075195,47.81550768095589,0.6715200584811528,0.0,1.0369211701059768
2026-04-02 12:52:38,716,1133,1,phase_1_3_peak_stabilize,500,206.63569510531633,138,success,89.49565887451172,13.660977363586426,0.40629085898399353,36.87118911743164,48.5619010925293,12.555267333984375,30.45341682434082,36.159970862342135,0.8073727360629129,0.0,0.17035904229212995
2026-04-02 12:52:42,717,1134,1,phase_1_3_peak_stabilize,500,-117.27571070306914,251,high_altitude,84.58830261230469,87.19270324707031,0.40629085898399353,100.12985229492188,48.5619010925293,-50.6392822265625,-41.88118362426758,117.61180037525259,-0.46347854370625413,0.0,0.29600792452772995
2026-04-02 12:52:44,717,1135,1,phase_1_3_peak_stabilize,500,207.22570218649213,135,success,82.6392822265625,13.589813232421875,0.40629085898399353,36.66682815551758,48.5619010925293,12.738399505615234,22.567012786865234,30.234283153546663,0.8639736633040958,0.0,0.14233551322091917
2026-04-02 12:52:47,717,1136,1,phase_1_3_peak_stabilize,500,202.7994437848491,136,success,82.09481811523438,13.742557525634766,0.40629085898399353,36.13972473144531,48.5619010925293,13.278602600097656,25.624156951904297,31.38035133023437,0.8537294189886644,0.0,0.26806945281012307
2026-04-02 12:52:50,717,1137,1,phase_1_3_peak_stabilize,500,-109.4927993437427,244,high_altitude,83.87265014648438,57.9183464050293,0.40629085898399353,100.44522094726562,48.5619010925293,-50.78710174560547,-28.201120376586914,98.54558002416128,-0.14859614765366078,0.0,0.5193993939710941
2026-04-02 12:52:53,717,1138,1,phase_1_3_peak_stabilize,500,206.84381938089024,137,success,83.34907531738281,13.668097496032715,0.40629085898399353,35.946659088134766,48.5619010925293,13.484554290771484,22.223922729492188,30.351328690258587,0.8629432207901047,0.0,0.25350782521130566
2026-04-02 12:52:55,717,1139,1,phase_1_3_peak_stabilize,500,211.61434334106156,138,success,89.16983795166016,13.464095115661621,0.40629085898399353,36.13737487792969,48.5619010925293,13.29941177368164,28.842966079711914,17.536807807236634,0.9535235753160398,0.0,0.33011648541912636
2026-04-02 12:52:59,718,1140,1,phase_1_3_peak_stabilize,500,-117.73046211558014,254,high_altitude,80.12076568603516,63.22721862792969,0.40629085898399353,100.24539947509766,48.5619010925293,-50.55176544189453,-27.847415924072266,106.03113267522592,-0.27615963364549273,0.0,0.440630547116635
2026-04-02 12:53:01,718,1141,1,phase_1_3_peak_stabilize,500,204.2477425390373,138,success,79.60690307617188,13.716339111328125,0.40629085898399353,36.995704650878906,48.5619010925293,12.410747528076172,19.570877075195312,23.805458097278663,0.91492122125978,0.0,0.1001511410629442
2026-04-02 12:53:05,718,1142,1,phase_1_3_peak_stabilize,500,-117.17691833455058,248,high_altitude,88.14089965820312,62.81326675415039,0.40629085898399353,100.33906555175781,48.5619010925293,-50.730377197265625,-35.68932342529297,130.13189229372279,-0.6445493047356756,0.0,0.5619446917987672
2026-04-02 12:53:11,718,1143,1,phase_1_3_peak_stabilize,500,-185.0946625742767,412,low_agl,85.40753173828125,168.99862670898438,0.40629085898399353,0.31311243772506714,48.5619010925293,49.69145965576172,-31.486642837524414,60.41334422765377,0.49373934720439405,0.0,0.7009456345468812
2026-04-02 12:53:15,718,1144,1,phase_1_3_peak_stabilize,500,-126.44553844353538,260,high_altitude,84.1033935546875,112.58799743652344,0.40629085898399353,100.05345916748047,48.5619010925293,-50.26403045654297,-56.44108581542969,143.6303268485273,-0.8052077832006133,0.0,0.6303434238252431
2026-04-02 12:53:23,719,1145,1,phase_1_3_peak_stabilize,500,-204.2990268363364,450,low_agl,80.49738311767578,110.85630798339844,0.40629085898399353,0.3275599777698517,48.5619010925293,49.19272994995117,-7.688630104064941,24.64170377057271,0.9089328707085947,0.0,1.0600231907688984
2026-04-02 12:53:27,719,1146,1,phase_1_3_peak_stabilize,500,-117.19863349474113,251,high_altitude,79.76303100585938,101.45713806152344,0.40629085898399353,100.19659423828125,48.5619010925293,-50.64874267578125,-52.22087097167969,170.64246826112046,-0.9866929495848307,0.0,0.39519449075209884
2026-04-02 12:53:29,719,1147,1,phase_1_3_peak_stabilize,500,206.0525782859952,135,success,79.39668273925781,13.66357421875,0.40629085898399353,35.97251510620117,48.5619010925293,13.43349838256836,21.037107467651367,13.729146392136483,0.9714285146107632,0.0,0.10773473822526657
2026-04-02 12:53:31,719,1148,1,phase_1_3_peak_stabilize,500,207.24157712986158,138,success,82.25403594970703,13.80709457397461,0.40629085898399353,36.91523742675781,48.5619010925293,12.488605499267578,16.786012649536133,29.50603813895615,0.8703037968503259,0.0,0.12587200551432065
2026-04-02 12:53:33,719,1149,1,phase_1_3_peak_stabilize,500,204.64877060998936,134,success,81.61307525634766,13.977154731750488,0.40629085898399353,35.757659912109375,48.5619010925293,13.655609130859375,25.2993106842041,25.114521908319553,0.9054612544126632,0.0,0.21059939436090794
2026-04-02 12:53:37,720,1150,1,phase_1_3_peak_stabilize,500,-113.22884514607074,245,high_altitude,81.29948425292969,88.66026306152344,0.40629085898399353,100.21849060058594,48.5619010925293,-50.760643005371094,-47.807437896728516,149.70949573816213,-0.8634791550685162,0.0,0.2557733659464129
2026-04-02 12:53:39,720,1151,1,phase_1_3_peak_stabilize,500,206.67862345872845,137,success,84.07463073730469,13.438628196716309,0.40629085898399353,36.213436126708984,48.5619010925293,13.188854217529297,28.118602752685547,10.54982481463707,0.9830960625067937,0.0,0.1787999088156898
2026-04-02 12:53:43,720,1152,1,phase_1_3_peak_stabilize,500,-124.0708306848241,262,high_altitude,87.25253295898438,51.79994583129883,0.40629085898399353,100.43962860107422,48.5619010925293,-50.842185974121094,-24.413408279418945,109.22459445185456,-0.329271993915764,0.0,0.3678003593936942
2026-04-02 12:53:50,720,1153,1,phase_1_3_peak_stabilize,500,-229.9889469767176,446,low_agl,89.69171142578125,266.2886047363281,0.40629085898399353,0.23055678606033325,48.5619010925293,49.687015533447266,-47.62632369995117,41.79978441852131,0.7454785075770632,0.0,0.7932426949564982
2026-04-02 12:53:54,720,1154,1,phase_1_3_peak_stabilize,500,-131.26920924121657,275,high_altitude,88.53905487060547,141.6023712158203,0.40629085898399353,100.24089050292969,48.5619010925293,-50.43794250488281,-64.99238586425781,151.97750103319987,-0.8827631722033786,0.0,0.5151459744251766
2026-04-02 12:53:59,721,1155,1,phase_1_3_peak_stabilize,500,-109.72646197610291,255,high_altitude,87.45610809326172,58.9911994934082,0.40629085898399353,100.24613952636719,48.5619010925293,-50.54469299316406,-28.684885025024414,103.21016892536228,-0.22852365849344228,0.0,0.454942726094416
2026-04-02 12:54:03,721,1156,1,phase_1_3_peak_stabilize,500,-132.72495955235286,267,high_altitude,80.24356079101562,128.14280700683594,0.40629085898399353,100.43118286132812,48.5619010925293,-50.77893829345703,-58.94539260864258,168.70198419716314,-0.9806214437251313,0.0,0.3827039747301744
2026-04-02 12:54:07,721,1157,1,phase_1_3_peak_stabilize,500,-132.40155973045069,279,high_altitude,79.49522399902344,97.1737060546875,0.40629085898399353,100.24461364746094,48.5619010925293,-50.451995849609375,-39.64513397216797,124.24489760657545,-0.5627313146995486,0.0,0.42031000655919815
2026-04-02 12:54:11,721,1158,1,phase_1_3_peak_stabilize,500,-119.93076029456044,256,high_altitude,83.53363037109375,109.36792755126953,0.40629085898399353,100.02787017822266,48.5619010925293,-50.383705139160156,-53.13848114013672,141.0229294536316,-0.7773977497531492,0.0,0.3841958767936098
2026-04-02 12:54:13,721,1159,1,phase_1_3_peak_stabilize,500,208.23636459234396,135,success,80.20498657226562,13.976550102233887,0.40629085898399353,36.13731002807617,48.5619010925293,13.266937255859375,16.249279022216797,24.329142361321882,0.9111938501395733,0.0,0.1419648219059689
2026-04-02 12:54:16,722,1160,1,phase_1_3_peak_stabilize,500,206.4929057362132,136,success,81.06355285644531,13.970653533935547,0.40629085898399353,36.641151428222656,48.5619010925293,12.767127990722656,18.1201171875,34.33113990074703,0.8257918995901917,0.0,0.2187049610194308
2026-04-02 12:54:20,722,1161,1,phase_1_3_peak_stabilize,500,-120.92471411828167,256,high_altitude,79.8422622680664,100.13499450683594,0.40629085898399353,100.36640930175781,48.5619010925293,-50.87419128417969,-49.635868072509766,147.0194257335526,-0.8388551757970815,0.0,0.08550796390365469
2026-04-02 12:54:22,722,1162,1,phase_1_3_peak_stabilize,500,205.44541041804192,134,success,82.40303802490234,13.645162582397461,0.40629085898399353,35.93698501586914,48.5619010925293,13.467201232910156,28.001089096069336,17.288882185648927,0.954818484881788,0.0,0.11288629526466665
2026-04-02 12:54:26,722,1163,1,phase_1_3_peak_stabilize,500,-137.78729499391218,274,high_altitude,80.05531311035156,125.4533920288086,0.40629085898399353,100.34032440185547,48.5619010925293,-50.68904113769531,-53.12099838256836,149.57405308692077,-0.862284418795613,0.0,0.37072684977814735
2026-04-02 12:54:28,722,1164,1,phase_1_3_peak_stabilize,500,207.91620260601627,136,success,86.20952606201172,13.622021675109863,0.40629085898399353,36.1544189453125,48.5619010925293,13.260856628417969,29.386266708374023,22.60984714344627,0.9231441565341255,0.0,0.11245845968616447
2026-04-02 12:54:33,722,1165,1,phase_1_3_peak_stabilize,500,-117.87239965223823,253,high_altitude,82.24201965332031,103.20885467529297,0.40629085898399353,100.50205993652344,48.5619010925293,-51.003807067871094,-51.753536224365234,152.14986768709431,-0.8841725605109105,0.0,0.20107213878595095
2026-04-02 12:54:37,723,1166,1,phase_1_3_peak_stabilize,500,-122.59207678435298,272,high_altitude,84.29238891601562,85.66616821289062,0.40629085898399353,100.20845794677734,48.5619010925293,-50.367340087890625,-34.49038314819336,104.1461370680858,-0.24439591609357225,0.0,0.5093882576714875
2026-04-02 12:54:42,723,1167,1,phase_1_3_peak_stabilize,500,-157.76739756228744,308,high_altitude,83.90885925292969,197.36102294921875,0.40629085898399353,100.00126647949219,48.5619010925293,-50.162818908691406,-73.0911865234375,136.0044343005864,-0.7193935599804511,0.0,0.45748806149942717
2026-04-02 12:54:49,723,1168,1,phase_1_3_peak_stabilize,500,-259.89484524733734,476,low_agl,85.70234680175781,404.052490234375,0.40629085898399353,0.2789003551006317,48.5619010925293,49.690887451171875,-96.03781127929688,149.7284290225414,-0.8636457808546546,0.0,0.1197551986212427
2026-04-02 12:54:54,724,1169,1,phase_1_3_peak_stabilize,500,-124.20678550737841,262,high_altitude,85.27674865722656,104.94375610351562,0.40629085898399353,100.48817443847656,48.5619010925293,-51.00639343261719,-50.293670654296875,139.39715318587182,-0.7592389718478779,0.0,0.04681795895492741
2026-04-02 12:54:57,724,1170,1,phase_1_3_peak_stabilize,500,-112.61278293937187,246,high_altitude,80.61458587646484,68.77306365966797,0.40629085898399353,100.42240142822266,48.5619010925293,-50.87786865234375,-32.61623001098633,111.76022021895174,-0.37072310938398506,0.0,0.3110484325450861
2026-04-02 12:55:01,724,1171,1,phase_1_3_peak_stabilize,500,-109.63536453788821,243,high_altitude,88.37227630615234,65.87979888916016,0.40629085898399353,100.56278991699219,48.5619010925293,-51.15472412109375,-41.79376220703125,150.92047461762704,-0.87394595894249,0.0,0.09586354092570894
2026-04-02 12:55:05,724,1172,1,phase_1_3_peak_stabilize,500,-118.88736846245743,265,high_altitude,87.67310333251953,51.83283233642578,0.40629085898399353,100.29774475097656,48.5619010925293,-50.55536651611328,-18.707653045654297,83.47788901697884,0.11358663410183484,0.0,0.4804738822512321
2026-04-02 12:55:07,724,1173,1,phase_1_3_peak_stabilize,500,206.4938517574689,136,success,81.68562316894531,13.622931480407715,0.40629085898399353,36.62361526489258,48.5619010925293,12.776317596435547,22.59290313720703,20.01943301392182,0.939576563740549,0.0,0.056218132087292316
2026-04-02 12:55:10,724,1174,1,phase_1_3_peak_stabilize,500,207.89774646863228,135,success,81.41841125488281,13.747254371643066,0.40629085898399353,35.81876754760742,48.5619010925293,13.595439910888672,21.512849807739258,17.5547182707877,0.9534293376280527,0.0,0.2136377001763454
2026-04-02 12:55:12,725,1175,1,phase_1_3_peak_stabilize,500,202.8143144840959,141,success,85.65216064453125,13.98470401763916,0.40629085898399353,37.45939254760742,48.5619010925293,11.951950073242188,24.768898010253906,34.19791706098593,0.8271010077880226,0.0,0.21010653111412034
2026-04-02 12:55:14,725,1176,1,phase_1_3_peak_stabilize,500,204.09168712454309,138,success,87.24883270263672,13.471397399902344,0.40629085898399353,37.41498565673828,48.5619010925293,11.991153717041016,30.259531021118164,35.90856867446689,0.8099539384739801,0.0,0.20337235909401913
2026-04-02 12:55:18,725,1177,1,phase_1_3_peak_stabilize,500,-114.51494904718339,261,high_altitude,86.12681579589844,59.92168045043945,0.40629085898399353,100.1865234375,48.5619010925293,-50.63386535644531,-31.685884475708008,127.39563654994565,-0.6073153380691964,0.0,0.30769754479374095
2026-04-02 12:55:20,725,1178,1,phase_1_3_peak_stabilize,500,206.6199729626744,137,success,79.91065216064453,13.676209449768066,0.40629085898399353,36.37107849121094,48.5619010925293,13.036739349365234,18.407506942749023,6.211356101963024,0.99412953882525,0.0,0.18576111638700454
2026-04-02 12:55:25,725,1179,1,phase_1_3_peak_stabilize,500,-151.26176052902667,305,high_altitude,82.77692413330078,123.3899917602539,0.40629085898399353,100.15940856933594,48.5619010925293,-50.352943420410156,-47.382530212402344,127.79872699400312,-0.6128894977222367,0.0,0.2027528346952308
2026-04-02 12:55:29,725,1180,1,phase_1_3_peak_stabilize,500,-122.10147407508838,257,high_altitude,87.25589752197266,98.46407318115234,0.40629085898399353,100.2870864868164,48.5619010925293,-50.808990478515625,-51.78998947143555,156.87063489421868,-0.9196202967752912,0.0,0.15872943886255245
2026-04-02 12:55:33,726,1181,1,phase_1_3_peak_stabilize,500,-108.24081424716422,247,high_altitude,88.35388946533203,57.331207275390625,0.40629085898399353,100.5800552368164,48.5619010925293,-51.10246276855469,-34.20601272583008,127.6351029822463,-0.6106304556069282,0.0,0.21513807302634835
2026-04-02 12:55:36,726,1182,1,phase_1_3_peak_stabilize,500,211.15988932540168,135,success,89.9607162475586,13.88634967803955,0.40629085898399353,36.297637939453125,48.5619010925293,13.129215240478516,32.93881607055664,1.815422446480723,0.999498069245201,0.0,0.2664817209471683
2026-04-02 12:55:39,726,1183,1,phase_1_3_peak_stabilize,500,-107.15853234051767,252,high_altitude,83.86090850830078,58.511962890625,0.40629085898399353,100.53421783447266,48.5619010925293,-50.954078674316406,-25.645605087280273,93.2685143997069,-0.05701540212068687,0.0,0.35232950004285607
2026-04-02 12:55:42,726,1184,1,phase_1_3_peak_stabilize,500,211.99101555424824,134,success,84.48778533935547,13.620406150817871,0.40629085898399353,36.12874221801758,48.5619010925293,13.284919738769531,21.46425437927246,26.07450841125943,0.8982232211574734,0.0,0.19652264784033677
2026-04-02 12:55:44,726,1185,1,phase_1_3_peak_stabilize,500,202.56221851772338,141,success,83.68018341064453,13.800825119018555,0.40629085898399353,35.703338623046875,48.5619010925293,13.739749908447266,22.49649429321289,31.393984387817714,0.8536054945385654,0.0,0.26959621578751947
2026-04-02 12:55:48,726,1186,1,phase_1_3_peak_stabilize,500,-107.49967517774282,257,high_altitude,87.75958251953125,58.21515655517578,0.40629085898399353,100.32809448242188,48.5619010925293,-50.72941589355469,-27.776758193969727,96.7958699739116,-0.11833239250965763,0.0,0.4668692514874077
2026-04-02 12:55:52,727,1187,1,phase_1_3_peak_stabilize,500,-121.51148899593731,263,high_altitude,88.65029907226562,81.19805145263672,0.40629085898399353,100.41975402832031,48.5619010925293,-50.857505798339844,-40.57437515258789,133.6674714156882,-0.6904718489704317,0.0,0.3142975831090716
2026-04-02 12:55:56,727,1188,1,phase_1_3_peak_stabilize,500,-144.1156349337618,276,high_altitude,79.57737731933594,146.6606903076172,0.40629085898399353,100.14794158935547,48.5619010925293,-50.45130157470703,-63.94550704956055,173.7076659153254,-0.9939756285114925,0.0,0.20610850059953675
2026-04-02 12:55:59,727,1189,1,phase_1_3_peak_stabilize,500,201.5167685775451,142,success,86.86674499511719,13.48603630065918,0.40629085898399353,36.94418716430664,48.5619010925293,12.4644775390625,29.592418670654297,32.38558783642558,0.8444626805041973,0.0,0.17020702974443225
2026-04-02 12:56:01,727,1190,1,phase_1_3_peak_stabilize,500,201.91799974738004,142,success,82.63068389892578,13.958229064941406,0.40629085898399353,37.07964324951172,48.5619010925293,12.335880279541016,22.564584732055664,25.102683482940627,0.9055489303780444,0.0,0.19267617296362272
2026-04-02 12:56:05,727,1191,1,phase_1_3_peak_stabilize,500,-131.8897483311181,293,high_altitude,78.9561767578125,56.49342727661133,0.40629085898399353,100.19916534423828,48.5619010925293,-50.39423370361328,-16.575576782226562,92.2471484017907,-0.039210084303463885,0.0,0.38981478284051096
2026-04-02 12:56:10,728,1192,1,phase_1_3_peak_stabilize,500,-139.35949594121183,276,high_altitude,89.7988052368164,92.67059326171875,0.40629085898399353,100.04448699951172,48.5619010925293,-50.497955322265625,-43.017333984375,150.29709691245833,-0.8686064092073176,0.0,0.3472101750867631
2026-04-02 12:56:14,728,1193,1,phase_1_3_peak_stabilize,500,-111.13662210321674,257,high_altitude,88.81824493408203,60.531410217285156,0.40629085898399353,100.50862121582031,48.5619010925293,-50.977012634277344,-32.66001510620117,119.19240177184192,-0.4877438930747084,0.0,0.290812190692841
2026-04-02 12:56:16,728,1194,1,phase_1_3_peak_stabilize,500,202.0182973928989,134,success,81.63910675048828,13.946891784667969,0.40629085898399353,36.10313034057617,48.5619010925293,13.30923080444336,26.662410736083984,29.94417769873954,0.8665121341564548,0.0,0.13916754618985666
2026-04-02 12:56:21,728,1195,1,phase_1_3_peak_stabilize,500,-136.87348074838974,285,high_altitude,88.76315307617188,154.26614379882812,0.40629085898399353,100.10526275634766,48.5619010925293,-50.3607177734375,-66.45863342285156,151.6357730086458,-0.8799453605960813,0.0,0.2936382745666628
2026-04-02 12:56:23,728,1196,1,phase_1_3_peak_stabilize,500,206.44970867014857,157,success,89.58592987060547,7.041250705718994,0.40629085898399353,43.22441482543945,48.5619010925293,6.195671081542969,24.59827995300293,36.81842158889887,0.800538733067086,0.0,0.15018712948666924
2026-04-02 12:56:27,729,1197,1,phase_1_3_peak_stabilize,500,-108.13790814080288,249,high_altitude,88.39431762695312,65.9051513671875,0.40629085898399353,100.2703857421875,48.5619010925293,-50.754112243652344,-35.6638298034668,110.53802616886966,-0.35082895641546263,0.0,0.41002233923890885
2026-04-02 12:56:31,729,1198,1,phase_1_3_peak_stabilize,500,-121.79289145456143,269,high_altitude,82.3107681274414,102.55420684814453,0.40629085898399353,100.25059509277344,48.5619010925293,-50.48145294189453,-42.71870803833008,106.4568856869495,-0.2832937652471895,0.0,0.5616814542403434
2026-04-02 12:56:36,729,1199,1,phase_1_3_peak_stabilize,500,-132.02883372636848,268,high_altitude,81.21266174316406,117.04639434814453,0.40629085898399353,100.42399597167969,48.5619010925293,-50.77693176269531,-54.650997161865234,155.0596512169248,-0.9067472879358969,0.0,0.2534965091988563
2026-04-02 12:56:40,729,1200,1,phase_1_3_peak_stabilize,500,-124.93727244000598,261,high_altitude,87.39823913574219,54.2950439453125,0.40629085898399353,100.0899429321289,48.5619010925293,-50.571136474609375,-26.465415954589844,115.55934219004209,-0.43144568829798746,0.0,0.34498755375333945
2026-04-02 12:56:42,729,1201,1,phase_1_3_peak_stabilize,500,209.55397940601662,135,success,82.99190521240234,13.572848320007324,0.40629085898399353,35.88513946533203,48.5619010925293,13.52456283569336,23.568675994873047,10.93545729517599,0.9818415036115338,0.0,0.18087091002157382
2026-04-02 12:56:44,729,1202,1,phase_1_3_peak_stabilize,500,204.97958884187898,136,success,82.14666748046875,13.582306861877441,0.40629085898399353,37.14435577392578,48.5619010925293,12.260761260986328,23.72366714477539,25.782900314834905,0.9004486242013785,0.0,0.14168326913051335
2026-04-02 12:56:48,730,1203,1,phase_1_3_peak_stabilize,500,-108.04738820370777,244,high_altitude,79.85077667236328,77.79566192626953,0.40629085898399353,100.51634216308594,48.5619010925293,-51.03363037109375,-38.3672981262207,118.8481329169166,-0.4824896698778579,0.0,0.3604165057080924
2026-04-02 12:56:50,730,1204,1,phase_1_3_peak_stabilize,500,208.83209391957712,138,success,85.30390930175781,13.73793888092041,0.40629085898399353,36.2780647277832,48.5619010925293,13.134979248046875,22.04988670349121,29.028973331092853,0.8743744367845049,0.0,0.09504868296019853
2026-04-02 12:56:54,730,1205,1,phase_1_3_peak_stabilize,500,-130.91375497724354,262,high_altitude,79.90699005126953,111.317138671875,0.40629085898399353,100.37605285644531,48.5619010925293,-50.75697326660156,-54.34698486328125,173.55296213062462,-0.9936760721094657,0.0,0.4327811402610447
2026-04-02 12:56:56,730,1206,1,phase_1_3_peak_stabilize,500,208.22312327200225,138,success,89.58512878417969,13.899794578552246,0.40629085898399353,36.68914031982422,48.5619010925293,12.724376678466797,29.868820190429688,29.76144964787419,0.868099636199237,0.0,0.18600041986828927
2026-04-02 12:57:04,730,1207,1,phase_1_3_peak_stabilize,500,-232.50899053679638,500,timeout,81.68001556396484,279.6912536621094,0.40629085898399353,16.550552368164062,48.5619010925293,33.42095184326172,-85.2463607788086,143.21621247914942,-0.8009008392913524,0.0,0.09202024585329134
2026-04-02 12:57:09,731,1208,1,phase_1_3_peak_stabilize,500,-114.35923913221217,255,high_altitude,82.49378967285156,65.80182647705078,0.40629085898399353,100.03360748291016,48.5619010925293,-50.354949951171875,-28.763486862182617,100.70254693386214,-0.18571029468124248,0.0,0.4669937387416273
2026-04-02 12:57:11,731,1209,1,phase_1_3_peak_stabilize,500,213.1677219122171,138,success,89.58707427978516,13.823768615722656,0.40629085898399353,36.60697937011719,48.5619010925293,12.830047607421875,24.05202293395996,29.593071824455038,0.8695546503393043,0.0,0.31315629058613476
2026-04-02 12:57:15,731,1210,1,phase_1_3_peak_stabilize,500,-109.19448871435854,256,high_altitude,86.45221710205078,59.03382110595703,0.40629085898399353,100.17134094238281,48.5619010925293,-50.56321716308594,-25.356565475463867,90.55585695951214,-0.009701381929977401,0.0,0.4470769368745529
2026-04-02 12:57:19,731,1211,1,phase_1_3_peak_stabilize,500,-118.17977257559582,256,high_altitude,88.29058837890625,68.66615295410156,0.40629085898399353,100.42243194580078,48.5619010925293,-50.87427520751953,-37.06705856323242,124.93004754259776,-0.5725759058079313,0.0,0.38664587858785077
2026-04-02 12:57:21,731,1212,1,phase_1_3_peak_stabilize,500,210.87368041820696,139,success,87.51768493652344,13.47697639465332,0.40629085898399353,36.80094909667969,48.5619010925293,12.611339569091797,26.021970748901367,9.636657550910337,0.9858891374716856,0.0,0.25160223485186106
2026-04-02 12:57:23,731,1213,1,phase_1_3_peak_stabilize,500,209.92995481365546,135,success,83.46311950683594,13.77923583984375,0.40629085898399353,35.83981704711914,48.5619010925293,13.57296371459961,22.730871200561523,22.36205641809467,0.9247981910698275,0.0,0.2158843373340109
2026-04-02 12:57:27,732,1214,1,phase_1_3_peak_stabilize,500,-115.57173867476885,248,high_altitude,80.23049926757812,105.25643920898438,0.40629085898399353,100.29476928710938,48.5619010925293,-50.822418212890625,-53.57275390625,147.8060722806413,-0.8462496362905292,0.0,0.2735764044415527
2026-04-02 12:57:29,732,1215,1,phase_1_3_peak_stabilize,500,199.82538704136894,139,success,82.4984359741211,13.51960563659668,0.40629085898399353,36.31660842895508,48.5619010925293,13.099166870117188,28.014148712158203,25.98636311247312,0.8988983569379588,0.0,0.11196908500266477
2026-04-02 12:57:33,732,1216,1,phase_1_3_peak_stabilize,500,-109.4844994843571,249,high_altitude,82.47401428222656,73.27562713623047,0.40629085898399353,100.15861511230469,48.5619010925293,-50.69477844238281,-34.31504821777344,111.82942369562232,-0.37184460151205184,0.0,0.19608354620133753
2026-04-02 12:57:35,732,1217,1,phase_1_3_peak_stabilize,500,203.6032046116796,136,success,83.47952270507812,13.701532363891602,0.40629085898399353,36.111507415771484,48.5619010925293,13.31009292602539,26.708393096923828,32.816063923960215,0.8404146926160828,0.0,0.07732365735522093
2026-04-02 12:57:37,732,1218,1,phase_1_3_peak_stabilize,500,202.23507465034794,140,success,85.75689697265625,13.519049644470215,0.40629085898399353,36.90077209472656,48.5619010925293,12.504878997802734,29.84296989440918,31.51584862298908,0.8524956030675013,0.0,0.18401294290820763
2026-04-02 12:57:40,732,1219,1,phase_1_3_peak_stabilize,500,199.91741224137434,141,success,86.7557144165039,13.944112777709961,0.40629085898399353,37.01304626464844,48.5619010925293,12.392623901367188,29.81533432006836,36.19066914756676,0.8070564839951655,0.0,0.11950564122513652
2026-04-02 12:57:44,733,1220,1,phase_1_3_peak_stabilize,500,-118.4764333431352,271,high_altitude,85.25711822509766,70.4280014038086,0.40629085898399353,100.27658081054688,48.5619010925293,-50.6097412109375,-26.571842193603516,93.31437228979436,-0.05781445297887917,0.0,0.4213527263103045
2026-04-02 12:57:49,733,1221,1,phase_1_3_peak_stabilize,500,-137.42867830604135,277,high_altitude,88.33828735351562,101.78793334960938,0.40629085898399353,100.16535949707031,48.5619010925293,-50.44511413574219,-48.310829162597656,141.79218633909346,-0.7857725509738248,0.0,0.24125901242135528
2026-04-02 12:57:51,733,1222,1,phase_1_3_peak_stabilize,500,207.5366842619863,140,success,89.73240661621094,13.495692253112793,0.40629085898399353,36.740901947021484,48.5619010925293,12.665725708007812,32.73182678222656,16.054685785647838,0.9609981768873488,0.0,0.15409165479521442
2026-04-02 12:57:54,733,1223,1,phase_1_3_peak_stabilize,500,-107.00022842897357,252,high_altitude,86.7118911743164,55.665733337402344,0.40629085898399353,100.032470703125,48.5619010925293,-50.44727325439453,-27.140132904052734,97.7572190995909,-0.1349757753898399,0.0,0.3873679759296981
2026-04-02 12:57:59,733,1224,1,phase_1_3_peak_stabilize,500,-126.77516902193108,268,high_altitude,87.59814453125,119.25325012207031,0.40629085898399353,100.4101791381836,48.5619010925293,-50.81451416015625,-57.677215576171875,158.24527876657544,-0.9287790153900688,0.0,0.2622077502127709
2026-04-02 12:58:01,733,1225,1,phase_1_3_peak_stabilize,500,199.6016940495006,139,success,82.40277862548828,13.265667915344238,0.40629085898399353,36.490875244140625,48.5619010925293,12.947441101074219,26.36601448059082,36.6672455969044,0.8021171588810926,0.0,0.34164817441425355
2026-04-02 12:58:05,734,1226,1,phase_1_3_peak_stabilize,500,-108.82985655633485,257,high_altitude,87.542724609375,54.00429916381836,0.40629085898399353,100.19786071777344,48.5619010925293,-50.51201629638672,-23.632890701293945,85.29213752469597,0.08207527250130166,0.0,0.4998486956210874
2026-04-02 12:58:09,734,1227,1,phase_1_3_peak_stabilize,500,-123.64055634530537,263,high_altitude,79.28888702392578,112.11143493652344,0.40629085898399353,100.03948211669922,48.5619010925293,-50.43772888183594,-52.60103225708008,145.56037438343282,-0.8247225712263541,0.0,0.3189320659041289
2026-04-02 12:58:13,734,1228,1,phase_1_3_peak_stabilize,500,-126.74899688767604,261,high_altitude,80.70110321044922,85.72216796875,0.40629085898399353,100.39643096923828,48.5619010925293,-50.784019470214844,-39.22417068481445,126.08781924842829,-0.589024570060515,0.0,0.33282308811917466
2026-04-02 12:58:17,734,1229,1,phase_1_3_peak_stabilize,500,-129.8043604778415,265,high_altitude,84.19187927246094,116.6201171875,0.40629085898399353,100.36077117919922,48.5619010925293,-50.626800537109375,-55.97809600830078,143.18939715646795,-0.8006205052084643,0.0,0.443576298554651
2026-04-02 12:58:20,734,1230,1,phase_1_3_peak_stabilize,500,202.9662015744857,143,success,81.8976821899414,13.919261932373047,0.40629085898399353,37.8476676940918,48.5619010925293,11.558502197265625,15.337261199951172,31.02711443692882,0.8569234700678012,0.0,0.12553581572687286
2026-04-02 12:58:22,735,1231,1,phase_1_3_peak_stabilize,500,204.22434670563305,143,success,88.84363555908203,13.674394607543945,0.40629085898399353,36.64746856689453,48.5619010925293,12.780891418457031,31.199344635009766,22.867114756271263,0.9214085937622953,0.0,0.39306562458360944
2026-04-02 12:58:26,735,1232,1,phase_1_3_peak_stabilize,500,-129.924803387066,260,high_altitude,83.28434753417969,107.57084655761719,0.40629085898399353,100.25370025634766,48.5619010925293,-50.66991424560547,-53.98329544067383,161.4826654897564,-0.9482276130980216,0.0,0.20099621860780295
2026-04-02 12:58:28,735,1233,1,phase_1_3_peak_stabilize,500,208.84387208133634,136,success,85.09220886230469,13.478986740112305,0.40629085898399353,36.083919525146484,48.5619010925293,12.886428833007812,28.012042999267578,11.693811491175213,0.9792447079361765,0.0,0.08972659751391827
2026-04-02 12:58:32,735,1234,1,phase_1_3_peak_stabilize,500,-118.69060019887092,264,high_altitude,82.9326400756836,65.1537094116211,0.40629085898399353,100.24456024169922,48.5619010925293,-50.605133056640625,-30.811710357666016,119.07702621638207,-0.48598498649190475,0.0,0.2355133392222092
2026-04-02 12:58:36,735,1235,1,phase_1_3_peak_stabilize,500,-122.85659776767832,264,high_altitude,83.28375244140625,90.29650115966797,0.40629085898399353,100.38959503173828,48.5619010925293,-50.82715606689453,-43.411407470703125,136.62550340181565,-0.7268804342294835,0.0,0.17589631585655363
2026-04-02 12:58:41,736,1236,1,phase_1_3_peak_stabilize,500,-119.7917662181538,255,high_altitude,85.1668701171875,103.16637420654297,0.40629085898399353,100.51342010498047,48.5619010925293,-50.939186096191406,-55.5914306640625,168.97454972618166,-0.9815423309576075,0.0,0.2835877487515711
2026-04-02 12:58:48,736,1237,1,phase_1_3_peak_stabilize,500,-220.04642661350593,470,low_agl,84.83734130859375,193.1561737060547,0.40629085898399353,0.39248940348625183,48.5619010925293,49.74396896362305,-51.646644592285156,102.10563171392283,-0.20971467011256376,0.0,0.2847107472627048
2026-04-02 12:58:50,736,1238,1,phase_1_3_peak_stabilize,500,202.58099679157212,140,success,82.92009735107422,13.698134422302246,0.40629085898399353,36.514137268066406,48.5619010925293,12.906352996826172,24.591575622558594,23.440172750277213,0.9174759411620853,0.0,0.26007280063839444
2026-04-02 12:58:54,736,1239,1,phase_1_3_peak_stabilize,500,-113.96189607051674,251,high_altitude,80.11189270019531,99.55204010009766,0.40629085898399353,100.30746459960938,48.5619010925293,-50.858787536621094,-51.14872741699219,144.63006163734207,-0.815431617607558,0.0,0.17968513763625196
2026-04-02 12:58:58,736,1240,1,phase_1_3_peak_stabilize,500,-123.84990956272485,261,high_altitude,82.45401000976562,124.247314453125,0.40629085898399353,100.3493423461914,48.5619010925293,-50.800376892089844,-59.64640426635742,166.33409421570312,-0.9716898800160478,0.0,0.28231264457877603
2026-04-02 12:59:06,737,1241,1,phase_1_3_peak_stabilize,500,-260.2655964279084,491,low_agl,80.79888916015625,351.43048095703125,0.40629085898399353,0.34182214736938477,48.5619010925293,49.71941375732422,-88.6561050415039,140.3346376305911,-0.7697855755701971,0.0,0.10087621879757139
2026-04-02 12:59:10,737,1242,1,phase_1_3_peak_stabilize,500,-106.13980288177152,249,high_altitude,89.9002456665039,68.86109924316406,0.40629085898399353,100.62760162353516,48.5619010925293,-51.173919677734375,-39.91244888305664,128.64310229995678,-0.6244673400357931,0.0,0.1317493464656508
2026-04-02 12:59:14,737,1243,1,phase_1_3_peak_stabilize,500,-131.68283619813843,267,high_altitude,86.62532806396484,102.46891021728516,0.40629085898399353,100.27095031738281,48.5619010925293,-50.72027587890625,-51.36894607543945,158.68664559074168,-0.9316065362593272,0.0,0.25546544515769526
2026-04-02 12:59:19,738,1244,1,phase_1_3_peak_stabilize,500,-121.06136703506512,258,high_altitude,86.27080535888672,100.65914154052734,0.40629085898399353,100.00202941894531,48.5619010925293,-50.525634765625,-51.95161437988281,154.20534481591795,-0.9003593678593793,0.0,0.1603975491768685
2026-04-02 12:59:21,738,1245,1,phase_1_3_peak_stabilize,500,209.00020540696525,136,success,84.03018188476562,13.62172794342041,0.40629085898399353,35.9607048034668,48.5619010925293,13.454769134521484,26.11935806274414,8.499093813512946,0.9890182009826767,0.0,0.23987684450061453
2026-04-02 12:59:23,738,1246,1,phase_1_3_peak_stabilize,500,201.55608933447576,140,success,81.38111877441406,13.733965873718262,0.40629085898399353,35.80659103393555,48.5619010925293,13.614921569824219,23.49630355834961,20.872165056324988,0.9343776714641016,0.0,0.131868856336694
2026-04-02 12:59:27,738,1247,1,phase_1_3_peak_stabilize,500,-111.91782089307083,259,high_altitude,85.78784942626953,60.829612731933594,0.40629085898399353,100.06881713867188,48.5619010925293,-50.554039001464844,-27.755605697631836,108.75637815406101,-0.32154487537308996,0.0,0.11249696409938255
2026-04-02 12:59:29,738,1248,1,phase_1_3_peak_stabilize,500,203.4091868511498,139,success,86.166259765625,13.527510643005371,0.40629085898399353,36.63017272949219,48.5619010925293,12.784843444824219,31.41236686706543,24.89328525091367,0.9070933511356428,0.0,0.2795300814191762
2026-04-02 12:59:31,738,1249,1,phase_1_3_peak_stabilize,500,210.15123916278378,141,success,86.18739318847656,13.822918891906738,0.40629085898399353,35.71894073486328,48.5619010925293,13.706298828125,21.01370620727539,22.458935821282132,0.9241535663815169,0.0,0.17884969871120243
2026-04-02 12:59:39,739,1250,1,phase_1_3_peak_stabilize,500,-214.83549913755206,459,low_agl,79.06048583984375,333.5412902832031,0.40629085898399353,0.2680774927139282,48.5619010925293,49.704586029052734,-88.88672637939453,152.081155984044,-0.8836116847995314,0.0,0.25043406621427833
2026-04-02 12:59:41,739,1251,1,phase_1_3_peak_stabilize,500,209.16108969130647,136,success,83.09786224365234,13.95123291015625,0.40629085898399353,35.594661712646484,48.5619010925293,13.821590423583984,20.99178123474121,20.55303812773448,0.9363476045205662,0.0,0.2571953175202611
2026-04-02 12:59:44,739,1252,1,phase_1_3_peak_stabilize,500,205.85320697105595,140,success,86.9788818359375,13.876394271850586,0.40629085898399353,36.795955657958984,48.5619010925293,12.614959716796875,24.390989303588867,36.565752400932595,0.8031737152530948,0.0,0.2121398645292925
2026-04-02 12:59:48,739,1253,1,phase_1_3_peak_stabilize,500,-119.99025122374557,262,high_altitude,89.08448028564453,62.43745040893555,0.40629085898399353,100.54118347167969,48.5619010925293,-51.07769012451172,-31.148082733154297,123.60456737188674,-0.5534579443660654,0.0,0.12155814697244594
2026-04-02 12:59:52,739,1254,1,phase_1_3_peak_stabilize,500,-130.8143142293694,284,high_altitude,85.13220977783203,104.69659423828125,0.40629085898399353,100.06068420410156,48.5619010925293,-50.426231384277344,-44.96345520019531,134.37520195710658,-0.6993540458599186,0.0,0.24339822471248795
2026-04-02 12:59:54,739,1255,1,phase_1_3_peak_stabilize,500,202.33956719903645,145,success,90.26917266845703,13.726640701293945,0.40629085898399353,36.66758346557617,48.5619010925293,12.752311706542969,30.665061950683594,34.95940802136148,0.8195581967515088,0.0,0.26750730355908914
2026-04-02 12:59:57,740,1256,1,phase_1_3_peak_stabilize,500,208.56527775863918,140,success,82.73684692382812,13.710773468017578,0.40629085898399353,36.4973030090332,48.5619010925293,12.910736083984375,16.22223663330078,17.951758874787835,0.9513163611067348,0.0,0.27064902316347705
2026-04-02 12:59:59,740,1257,1,phase_1_3_peak_stabilize,500,209.9049084769307,139,success,83.2225341796875,13.636364936828613,0.40629085898399353,37.16218948364258,48.5619010925293,12.256805419921875,17.46866226196289,28.39033527577103,0.8797287892421951,0.0,0.26138489404577964
2026-04-02 13:00:03,740,1258,1,phase_1_3_peak_stabilize,500,-113.00685316704754,258,high_altitude,85.13396453857422,67.51799774169922,0.40629085898399353,100.30167388916016,48.5619010925293,-50.638694763183594,-31.095449447631836,105.69715691537981,-0.2705526757350506,0.0,0.470272480299987
2026-04-02 13:00:07,740,1259,1,phase_1_3_peak_stabilize,500,-117.56439157440354,265,high_altitude,86.7419662475586,83.68487548828125,0.40629085898399353,100.13875579833984,48.5619010925293,-50.48534393310547,-40.531795501708984,125.35966644139157,-0.5787072168779737,0.0,0.22952911934774115
2026-04-02 13:00:09,740,1260,1,phase_1_3_peak_stabilize,500,212.5110524902657,137,success,88.44021606445312,13.460965156555176,0.40629085898399353,36.59297180175781,48.5619010925293,12.814258575439453,27.828336715698242,17.240864248236445,0.9550672155589326,0.0,0.08856896796368494
2026-04-02 13:00:13,740,1261,1,phase_1_3_peak_stabilize,500,-111.37033569753353,263,high_altitude,86.86800384521484,68.43925476074219,0.40629085898399353,100.23303985595703,48.5619010925293,-50.66600799560547,-29.848827362060547,100.37585898586043,-0.1801047110572246,0.0,0.38712621067019787
2026-04-02 13:00:16,741,1262,1,phase_1_3_peak_stabilize,500,199.10737341870475,139,success,83.51042938232422,13.543915748596191,0.40629085898399353,36.6136474609375,48.5619010925293,12.816604614257812,29.149093627929688,34.711127229936935,0.8220334675733282,0.0,0.2276964484742354
2026-04-02 13:00:20,741,1263,1,phase_1_3_peak_stabilize,500,-116.27525792491747,250,high_altitude,79.95684814453125,82.52019500732422,0.40629085898399353,100.4394302368164,48.5619010925293,-50.88545227050781,-41.554073333740234,127.21299729153951,-0.6047797885571997,0.0,0.30751859640932255
2026-04-02 13:00:22,741,1264,1,phase_1_3_peak_stabilize,500,199.5992800072194,140,success,81.54985809326172,13.655534744262695,0.40629085898399353,35.99397277832031,48.5619010925293,13.433368682861328,24.999948501586914,30.632595880279712,0.8604522913012504,0.0,0.17871459843701842
2026-04-02 13:00:24,741,1265,1,phase_1_3_peak_stabilize,500,207.07189372370846,139,success,79.13969421386719,13.729499816894531,0.40629085898399353,37.09496307373047,48.5619010925293,12.306461334228516,12.808104515075684,23.301410627099234,0.918436642699887,0.0,0.024840562790524257
2026-04-02 13:00:26,741,1266,1,phase_1_3_peak_stabilize,500,205.80748278132924,138,success,79.00133514404297,13.860986709594727,0.40629085898399353,36.72898483276367,48.5619010925293,12.683479309082031,16.4829158782959,12.999742806708005,0.9743710745514037,0.0,0.1943691422933276
2026-04-02 13:00:28,741,1267,1,phase_1_3_peak_stabilize,500,211.11746790232377,135,success,87.86044311523438,13.904280662536621,0.40629085898399353,36.316856384277344,48.5619010925293,13.099918365478516,28.06901741027832,21.19845856090213,0.9323335297317168,0.0,0.18214954520108922
2026-04-02 13:00:31,741,1268,1,phase_1_3_peak_stabilize,500,204.20349697504318,138,success,80.95353698730469,13.609304428100586,0.40629085898399353,36.03372573852539,48.5619010925293,13.403179168701172,22.663679122924805,13.988264132452903,0.9703452586692024,0.0,0.30021606358473124
2026-04-02 13:00:33,741,1269,1,phase_1_3_peak_stabilize,500,198.94375733822665,147,success,87.76239013671875,13.693934440612793,0.40629085898399353,36.611995697021484,48.5619010925293,12.799579620361328,28.922164916992188,33.63447768087865,0.8325880870900951,0.0,0.12656486344667456
2026-04-02 13:00:36,742,1270,1,phase_1_3_peak_stabilize,500,210.11998405902358,136,success,83.31324768066406,13.755658149719238,0.40629085898399353,35.83206558227539,48.5619010925293,13.59002685546875,21.10465431213379,20.437846987382216,0.9370515341764427,0.0,0.19602679905567222
2026-04-02 13:00:40,742,1271,1,phase_1_3_peak_stabilize,500,-143.69909500837136,286,high_altitude,82.21060180664062,158.39186096191406,0.40629085898399353,100.01461791992188,48.5619010925293,-50.21844482421875,-67.31439971923828,154.55954476589648,-0.9030322064648255,0.0,0.3859963400914261
2026-04-02 13:00:44,742,1272,1,phase_1_3_peak_stabilize,500,-109.13913814657292,248,high_altitude,81.14965057373047,86.568115234375,0.40629085898399353,100.2652359008789,48.5619010925293,-50.69329071044922,-43.49318313598633,121.88427494639232,-0.5282053111809419,0.0,0.5241568163027963
2026-04-02 13:00:48,742,1273,1,phase_1_3_peak_stabilize,500,-109.7944390216876,255,high_altitude,80.42652893066406,79.4610595703125,0.40629085898399353,100.0385513305664,48.5619010925293,-50.39772033691406,-36.407962799072266,99.27101441590834,-0.16110455617972297,0.0,0.5248936738402454
2026-04-02 13:00:52,742,1274,1,phase_1_3_peak_stabilize,500,-118.96565417072247,257,high_altitude,88.82569885253906,104.89496612548828,0.40629085898399353,100.33214569091797,48.5619010925293,-50.766632080078125,-56.188232421875,172.68632040797672,-0.9918640771460817,0.0,0.29498195359731644
2026-04-02 13:00:54,743,1275,1,phase_1_3_peak_stabilize,500,206.59153488884104,138,success,86.91485595703125,13.975080490112305,0.40629085898399353,36.57128143310547,48.5619010925293,12.834644317626953,28.749027252197266,23.87723997036091,0.9144148205093628,0.0,0.17557867482919848
2026-04-02 13:00:58,743,1276,1,phase_1_3_peak_stabilize,500,-130.99375198922002,268,high_altitude,78.92737579345703,117.8309555053711,0.40629085898399353,100.39434051513672,48.5619010925293,-50.60542297363281,-54.09280776977539,142.41923868603567,-0.7924944722632473,0.0,0.6498649981427894
2026-04-02 13:01:02,743,1277,1,phase_1_3_peak_stabilize,500,-105.34863668450721,246,high_altitude,81.25956726074219,84.0946273803711,0.40629085898399353,100.21864318847656,48.5619010925293,-50.770423889160156,-42.316650390625,115.7340857497677,-0.43419506625095655,0.0,0.3379803228662907
2026-04-02 13:01:06,743,1278,1,phase_1_3_peak_stabilize,500,-119.8576494656174,254,high_altitude,81.13971710205078,110.71200561523438,0.40629085898399353,100.2918701171875,48.5619010925293,-50.650291442871094,-56.61691665649414,159.18410192837203,-0.934727107569546,0.0,0.44633193431247903
2026-04-02 13:01:08,743,1279,1,phase_1_3_peak_stabilize,500,208.63296921095687,133,success,81.96012878417969,13.912010192871094,0.40629085898399353,35.60150146484375,48.5619010925293,13.818866729736328,22.8160343170166,22.343217048816484,0.9249232391052856,0.0,0.24585866109751403
2026-04-02 13:01:12,743,1280,1,phase_1_3_peak_stabilize,500,-117.59297184324583,259,high_altitude,88.95111846923828,111.42033386230469,0.40629085898399353,100.5143814086914,48.5619010925293,-50.928497314453125,-58.55669021606445,174.90661000147276,-0.996051314187568,0.0,0.28450437450941635
2026-04-02 13:01:15,744,1281,1,phase_1_3_peak_stabilize,500,203.8600062838373,141,success,86.75625610351562,13.628101348876953,0.40629085898399353,36.4262809753418,48.5619010925293,12.989089965820312,26.480819702148438,33.52135608784491,0.8336800384388662,0.0,0.18046709016360876
2026-04-02 13:01:22,744,1282,1,phase_1_3_peak_stabilize,500,-231.90585281862676,485,low_agl,89.1030502319336,211.41629028320312,0.40629085898399353,0.3651752769947052,48.5619010925293,49.740657806396484,-63.41572189331055,128.33573012692787,-0.6202683043543785,0.0,0.30437536716944574
2026-04-02 13:01:26,744,1283,1,phase_1_3_peak_stabilize,500,-119.2069054537413,251,high_altitude,81.56437683105469,90.59494018554688,0.40629085898399353,100.03539276123047,48.5619010925293,-50.43811798095703,-48.61445999145508,152.82832403773003,-0.8896422299206193,0.0,0.41912456186080377
2026-04-02 13:01:28,744,1284,1,phase_1_3_peak_stabilize,500,211.78494628549606,139,success,86.19749450683594,13.693033218383789,0.40629085898399353,36.366065979003906,48.5619010925293,13.085151672363281,18.84340476989746,34.276392519454795,0.8263304130264061,0.0,0.416347973510823
2026-04-02 13:01:31,744,1285,1,phase_1_3_peak_stabilize,500,209.81509989791826,138,success,88.62194061279297,13.687076568603516,0.40629085898399353,36.204803466796875,48.5619010925293,13.199726104736328,31.062353134155273,8.634903587422187,0.9886651032697072,0.0,0.1362733565715761
2026-04-02 13:01:33,745,1286,1,phase_1_3_peak_stabilize,500,207.52757365243406,164,success,89.08316040039062,1.6351850032806396,0.40629085898399353,47.87858200073242,48.5619010925293,1.5619125366210938,25.09662437438965,32.322357360184185,0.8450532594875525,0.0,0.31398488847048406
2026-04-02 13:01:38,745,1287,1,phase_1_3_peak_stabilize,500,-116.05883023626026,271,high_altitude,86.88957214355469,52.049320220947266,0.40629085898399353,100.09223175048828,48.5619010925293,-50.420326232910156,-20.488187789916992,93.53489860752657,-0.06165648769245367,0.0,0.38550320300025653
2026-04-02 13:01:40,745,1288,1,phase_1_3_peak_stabilize,500,208.16853449502696,137,success,81.76854705810547,13.723413467407227,0.40629085898399353,36.15390396118164,48.5619010925293,13.272850036621094,17.34233856201172,29.47007719297603,0.8706127461797917,0.0,0.34993486957831166
2026-04-02 13:01:44,745,1289,1,phase_1_3_peak_stabilize,500,-123.49190950875507,257,high_altitude,81.30679321289062,86.54328155517578,0.40629085898399353,100.26434326171875,48.5619010925293,-50.66181182861328,-40.783634185791016,125.54895830404931,-0.5813983919888739,0.0,0.3994272439623707
2026-04-02 13:01:46,745,1290,1,phase_1_3_peak_stabilize,500,206.52846783684657,138,success,85.59142303466797,13.781562805175781,0.40629085898399353,38.08652877807617,48.5619010925293,11.313201904296875,23.437498092651367,36.03977319332825,0.80860877472829,0.0,0.020361511239405095
2026-04-02 13:01:48,745,1291,1,phase_1_3_peak_stabilize,500,200.1255515538755,142,success,82.60488891601562,13.629860877990723,0.40629085898399353,36.0932731628418,48.5619010925293,13.333625793457031,24.01032829284668,32.408813894698206,0.844245488482014,0.0,0.21150875324967297
2026-04-02 13:01:53,746,1292,1,phase_1_3_peak_stabilize,500,-120.58694414205883,265,high_altitude,86.0571517944336,53.096160888671875,0.40629085898399353,100.15011596679688,48.5619010925293,-50.55805206298828,-23.35909080505371,111.2495474652774,-0.3624306770683751,0.0,0.3531786548318539
2026-04-02 13:01:55,746,1293,1,phase_1_3_peak_stabilize,500,204.651576599732,139,success,88.2803955078125,13.828688621520996,0.40629085898399353,37.493690490722656,48.5619010925293,11.906536102294922,30.103609085083008,33.90454677575554,0.8299680219454711,0.0,0.0935661297168885
2026-04-02 13:01:57,746,1294,1,phase_1_3_peak_stabilize,500,207.01536864324052,136,success,83.96537017822266,13.84266185760498,0.40629085898399353,36.294166564941406,48.5619010925293,13.119647979736328,26.46567726135254,6.809794225151093,0.9929452534497449,0.0,0.2669184148257033
2026-04-02 13:01:59,746,1295,1,phase_1_3_peak_stabilize,500,203.5570136249671,136,success,79.61892700195312,13.984938621520996,0.40629085898399353,35.92566680908203,48.5619010925293,13.482746124267578,21.625659942626953,21.381550319340782,0.9311732607148208,0.0,0.10322405549045122
2026-04-02 13:02:03,746,1296,1,phase_1_3_peak_stabilize,500,-122.65951497296183,267,high_altitude,87.47315979003906,60.540225982666016,0.40629085898399353,100.09037017822266,48.5619010925293,-50.384063720703125,-25.07600975036621,95.2208215211175,-0.09099448267759198,0.0,0.5331359445067047
2026-04-02 13:02:05,746,1297,1,phase_1_3_peak_stabilize,500,206.20535235855363,137,success,84.73726654052734,13.495593070983887,0.40629085898399353,36.60042190551758,48.5619010925293,12.803657531738281,27.198787689208984,25.716507461007797,0.900952042604058,0.0,0.21229503240075318
2026-04-02 13:02:07,746,1298,1,phase_1_3_peak_stabilize,500,210.26054650623777,135,success,82.4917984008789,13.948665618896484,0.40629085898399353,35.828834533691406,48.5619010925293,13.581768035888672,20.914249420166016,14.636748759236948,0.9675472974760433,0.0,0.21862054516869803
2026-04-02 13:02:12,747,1299,1,phase_1_3_peak_stabilize,500,-106.14256858376919,245,high_altitude,89.2578353881836,64.2366943359375,0.40629085898399353,100.6646499633789,48.5619010925293,-51.208168029785156,-38.0108642578125,120.97566854148387,-0.5146740203316067,0.0,0.3192360482751516
2026-04-02 13:02:14,747,1300,1,phase_1_3_peak_stabilize,500,210.77732973939646,138,success,85.4056396484375,13.692641258239746,0.40629085898399353,36.29813003540039,48.5619010925293,13.119071960449219,22.246688842773438,13.64734804663641,0.9717663521465034,0.0,0.17212926250830693
2026-04-02 13:02:18,747,1301,1,phase_1_3_peak_stabilize,500,-107.71263828506268,248,high_altitude,88.79637908935547,55.94269943237305,0.40629085898399353,100.2723159790039,48.5619010925293,-50.717681884765625,-30.103240966796875,104.95186033352635,-0.2580073871369052,0.0,0.43085059503936707
2026-04-02 13:02:22,747,1302,1,phase_1_3_peak_stabilize,500,-133.51774801104284,278,high_altitude,89.890625,114.1978530883789,0.40629085898399353,100.0108642578125,48.5619010925293,-50.281166076660156,-51.2486572265625,129.22754792685643,-0.6324018244772115,0.0,0.42475944979486235
2026-04-02 13:02:24,747,1303,1,phase_1_3_peak_stabilize,500,202.40553799921548,139,success,81.96504974365234,13.836637496948242,0.40629085898399353,36.093563079833984,48.5619010925293,13.32779312133789,25.388975143432617,17.94415687424161,0.9513572468301884,0.0,0.19020631994573603
2026-04-02 13:02:26,747,1304,1,phase_1_3_peak_stabilize,500,209.4434530092987,139,success,80.16533660888672,13.820202827453613,0.40629085898399353,37.495243072509766,48.5619010925293,11.923774719238281,10.51701831817627,18.79472374667788,0.9466789329027383,0.0,0.2604129315082004
2026-04-02 13:02:30,748,1305,1,phase_1_3_peak_stabilize,500,-117.23616929631577,253,high_altitude,82.95747375488281,110.09092712402344,0.40629085898399353,100.4251708984375,48.5619010925293,-50.81803894042969,-58.00045394897461,175.75444138314646,-0.9972559267533102,0.0,0.34290621839856544
2026-04-02 13:02:37,748,1306,1,phase_1_3_peak_stabilize,500,-216.2285224861903,444,low_agl,86.00312805175781,314.96502685546875,0.40629085898399353,0.32698121666908264,48.5619010925293,49.700618743896484,-70.01605987548828,95.67853981815672,-0.09894704389479181,0.0,0.44003307009197895
2026-04-02 13:02:39,748,1307,1,phase_1_3_peak_stabilize,500,207.74948401681564,135,success,84.79480743408203,13.830622673034668,0.40629085898399353,35.72846221923828,48.5619010925293,13.68914794921875,28.432830810546875,16.415907170093135,0.9592355504067156,0.0,0.2328447555150917
2026-04-02 13:02:43,748,1308,1,phase_1_3_peak_stabilize,500,-117.23215954822503,262,high_altitude,85.17369079589844,51.899600982666016,0.40629085898399353,100.28790283203125,48.5619010925293,-50.5489501953125,-21.980165481567383,91.75178210204636,-0.03056960223638116,0.0,0.5581038631880242
2026-04-02 13:02:45,748,1309,1,phase_1_3_peak_stabilize,500,203.08016682186874,138,success,80.15536499023438,13.996061325073242,0.40629085898399353,35.87590789794922,48.5619010925293,13.5458984375,20.650306701660156,27.60906408755912,0.8861302755564985,0.0,0.23461568010160022
2026-04-02 13:02:48,749,1310,1,phase_1_3_peak_stabilize,500,205.6871975762586,136,success,80.78849029541016,13.642034530639648,0.40629085898399353,36.357078552246094,48.5619010925293,13.059093475341797,21.222579956054688,19.985048134092683,0.9397818421220414,0.0,0.2944008964942539
2026-04-02 13:02:50,749,1311,1,phase_1_3_peak_stabilize,500,208.65459992825308,138,success,89.54180908203125,13.790679931640625,0.40629085898399353,36.45484924316406,48.5619010925293,12.973464965820312,28.09874725341797,34.28468436910719,0.8262489001060557,0.0,0.2760488811175779
2026-04-02 13:02:54,749,1312,1,phase_1_3_peak_stabilize,500,-122.04019586068895,268,high_altitude,79.62242889404297,76.01498413085938,0.40629085898399353,100.26092529296875,48.5619010925293,-50.544410705566406,-26.084941864013672,86.25681295250106,0.06528447490724794,0.0,0.42794363592439194
2026-04-02 13:02:56,749,1313,1,phase_1_3_peak_stabilize,500,211.45883427932702,138,success,85.55238342285156,13.868585586547852,0.40629085898399353,36.253082275390625,48.5619010925293,13.164424896240234,18.42188835144043,30.799833062107474,0.8589613888232361,0.0,0.1463712378941333
2026-04-02 13:03:04,749,1314,1,phase_1_3_peak_stabilize,500,-268.83481836618546,498,collision,87.15339660644531,237.20924377441406,0.40629085898399353,0.13949668407440186,48.5619010925293,49.68772888183594,-24.611530303955078,20.797338626420206,0.9348421700106198,1.0,0.795759257604595
2026-04-02 13:03:09,750,1315,1,phase_1_3_peak_stabilize,500,-135.72728342396206,286,high_altitude,85.30843353271484,143.98268127441406,0.40629085898399353,100.34942626953125,48.5619010925293,-50.75836181640625,-58.66010665893555,132.7868961071335,-0.6792734780157146,0.0,0.2859586313762011
2026-04-02 13:03:13,750,1316,1,phase_1_3_peak_stabilize,500,-122.65594019257041,266,high_altitude,86.95256042480469,94.5696792602539,0.40629085898399353,100.30062103271484,48.5619010925293,-50.721771240234375,-44.27789306640625,126.56299550898608,-0.5957062508203572,0.0,0.35557159980854486
2026-04-02 13:03:15,750,1317,1,phase_1_3_peak_stabilize,500,205.70599953184268,136,success,87.16703033447266,13.97365665435791,0.40629085898399353,36.33430480957031,48.5619010925293,13.069896697998047,31.581995010375977,27.1781508679176,0.8895906180183454,0.0,0.12278314637624667
2026-04-02 13:03:17,750,1318,1,phase_1_3_peak_stabilize,500,204.00464214063936,142,success,80.48588562011719,13.670337677001953,0.40629085898399353,37.26131057739258,48.5619010925293,12.140438079833984,16.60809326171875,27.339773634247614,0.8882986328257636,0.0,0.07258475795520196
2026-04-02 13:03:20,750,1319,1,phase_1_3_peak_stabilize,500,200.4484025694069,139,success,81.23617553710938,13.761553764343262,0.40629085898399353,36.366268157958984,48.5619010925293,13.056262969970703,24.66496467590332,29.409981773563675,0.871128275193537,0.0,0.17347732923827544
2026-04-02 13:03:23,750,1320,1,phase_1_3_peak_stabilize,500,-109.10039284693232,246,high_altitude,79.52242279052734,85.42979431152344,0.40629085898399353,100.64329528808594,48.5619010925293,-51.238868713378906,-44.441871643066406,131.9290653285149,-0.6682100481146791,0.0,0.17450243308788474
2026-04-02 13:03:27,751,1321,1,phase_1_3_peak_stabilize,500,-119.76386289342346,251,high_altitude,79.6678466796875,100.38648986816406,0.40629085898399353,100.3097915649414,48.5619010925293,-50.73828125,-52.222564697265625,156.64558016106676,-0.9180702758789401,0.0,0.4596466044719956
2026-04-02 13:03:30,751,1322,1,phase_1_3_peak_stabilize,500,203.12687098276297,140,success,84.19450378417969,13.689825057983398,0.40629085898399353,36.05717849731445,48.5619010925293,13.3662109375,26.50802230834961,26.02276119056012,0.8986198290617949,0.0,0.35164177716874645
2026-04-02 13:03:33,751,1323,1,phase_1_3_peak_stabilize,500,-105.74928926814793,251,high_altitude,82.50935363769531,74.32689666748047,0.40629085898399353,100.35520935058594,48.5619010925293,-50.92530822753906,-36.5321044921875,111.93930094880031,-0.37362412638868303,0.0,0.30325194086652874
2026-04-02 13:03:36,751,1324,1,phase_1_3_peak_stabilize,500,205.80607044555404,136,success,84.7009506225586,13.925400733947754,0.40629085898399353,36.10621643066406,48.5619010925293,13.305126190185547,28.412261962890625,23.660181681179786,0.9159417101328553,0.0,0.23170248475233807
2026-04-02 13:03:38,751,1325,1,phase_1_3_peak_stabilize,500,210.40102417618084,135,success,84.0235366821289,13.74273681640625,0.40629085898399353,35.72328567504883,48.5619010925293,13.685836791992188,23.608070373535156,15.686355881823854,0.9627561585088374,0.0,0.14077968765701593
2026-04-02 13:03:42,751,1326,1,phase_1_3_peak_stabilize,500,-125.20801842344923,277,high_altitude,83.45869445800781,54.654876708984375,0.40629085898399353,100.22027587890625,48.5619010925293,-50.337158203125,-13.248169898986816,68.14481100959556,0.3722620081578358,0.0,0.6363743020980549
2026-04-02 13:03:46,752,1327,1,phase_1_3_peak_stabilize,500,-112.49098523988353,249,high_altitude,85.31622314453125,55.01725387573242,0.40629085898399353,100.2474594116211,48.5619010925293,-50.71479797363281,-30.733375549316406,118.6896042262806,-0.48006433971872164,0.0,0.36416308537870146
2026-04-02 13:03:48,752,1328,1,phase_1_3_peak_stabilize,500,206.6887077037681,137,success,83.1579360961914,13.571072578430176,0.40629085898399353,36.07643508911133,48.5619010925293,13.347049713134766,22.65040397644043,30.263215834870838,0.8637192818048334,0.0,0.20341993931984814
2026-04-02 13:03:52,752,1329,1,phase_1_3_peak_stabilize,500,-122.4204156036364,263,high_altitude,83.89021301269531,114.15959167480469,0.40629085898399353,100.09050750732422,48.5619010925293,-50.46080017089844,-52.119388580322266,129.1678384131322,-0.6315942069484652,0.0,0.3574788813191584
2026-04-02 13:03:54,752,1330,1,phase_1_3_peak_stabilize,500,204.8820248116507,140,success,84.67350006103516,13.664175033569336,0.40629085898399353,36.170108795166016,48.5619010925293,13.261898040771484,22.27248191833496,36.09615640492671,0.8080294073684721,0.0,0.2835028398943352
2026-04-02 13:03:58,752,1331,1,phase_1_3_peak_stabilize,500,-125.29869538823155,255,high_altitude,78.9958267211914,112.5901870727539,0.40629085898399353,100.16317749023438,48.5619010925293,-50.53398895263672,-55.75812911987305,150.7873815514602,-0.8728146130737842,0.0,0.33779298917168477
2026-04-02 13:04:03,752,1332,1,phase_1_3_peak_stabilize,500,-132.63102563714443,276,high_altitude,84.50917053222656,131.09371948242188,0.40629085898399353,100.22906494140625,48.5619010925293,-50.52733612060547,-59.31987380981445,164.64587635855108,-0.9643077242243898,0.0,0.368466651040704
2026-04-02 13:04:05,753,1333,1,phase_1_3_peak_stabilize,500,205.06565328305652,143,success,89.14480590820312,13.398130416870117,0.40629085898399353,37.314579010009766,48.5619010925293,12.086639404296875,31.187692642211914,23.572615240925636,0.9165539733937665,0.0,0.20052749951678084
2026-04-02 13:04:09,753,1334,1,phase_1_3_peak_stabilize,500,-110.60842391433268,245,high_altitude,80.17135620117188,85.75142669677734,0.40629085898399353,100.48938751220703,48.5619010925293,-51.051513671875,-46.00387191772461,138.32183552370168,-0.7468916485328511,0.0,0.22417805533259574
2026-04-02 13:04:11,753,1335,1,phase_1_3_peak_stabilize,500,209.80332382904902,139,success,89.35784912109375,13.457924842834473,0.40629085898399353,36.852561950683594,48.5619010925293,12.551883697509766,30.542741775512695,17.856178915089966,0.9518291987062768,0.0,0.14792829752643322
2026-04-02 13:04:15,753,1336,1,phase_1_3_peak_stabilize,500,-118.13069302931078,255,high_altitude,79.33101654052734,103.11713409423828,0.40629085898399353,100.09418487548828,48.5619010925293,-50.474281311035156,-48.22750473022461,132.67911572203067,-0.6778917488857711,0.0,0.3857353602772787
2026-04-02 13:04:20,753,1337,1,phase_1_3_peak_stabilize,500,-133.4976839873839,282,high_altitude,88.26393127441406,145.9128875732422,0.40629085898399353,100.21514129638672,48.5619010925293,-50.529579162597656,-65.57125091552734,174.71839730870389,-0.9957543064593307,0.0,0.24418934914470372
2026-04-02 13:04:22,753,1338,1,phase_1_3_peak_stabilize,500,209.614975460819,137,success,89.38592529296875,13.925034523010254,0.40629085898399353,35.997947692871094,48.5619010925293,13.413528442382812,31.748083114624023,12.611177613694212,0.9758741866403826,0.0,0.13118462001778
2026-04-02 13:04:26,754,1339,1,phase_1_3_peak_stabilize,500,-126.23292222087392,271,high_altitude,86.6775131225586,66.29145812988281,0.40629085898399353,100.26348876953125,48.5619010925293,-50.50880432128906,-27.50227165222168,103.06768434908665,-0.22610193483934682,0.0,0.33536323065350215
2026-04-02 13:04:34,754,1340,1,phase_1_3_peak_stabilize,500,-253.58719244407592,483,low_agl,83.63887786865234,504.38629150390625,0.40629085898399353,0.25397807359695435,48.5619010925293,49.687355041503906,-102.14776611328125,91.60655178972438,-0.028035944259893742,0.0,0.5899072810795406
2026-04-02 13:04:38,754,1341,1,phase_1_3_peak_stabilize,500,-115.08913853436034,250,high_altitude,87.19098663330078,87.25067901611328,0.40629085898399353,100.26297760009766,48.5619010925293,-50.75993347167969,-50.413856506347656,166.1586949578172,-0.9709620666580618,0.0,0.19175749126675934
2026-04-02 13:04:42,755,1342,1,phase_1_3_peak_stabilize,500,-128.43719957145282,264,high_altitude,79.45012664794922,126.52117156982422,0.40629085898399353,100.29930114746094,48.5619010925293,-50.69654083251953,-59.14784622192383,169.13403464330148,-0.9820708652743272,0.0,0.2678963327857783
2026-04-02 13:04:46,755,1343,1,phase_1_3_peak_stabilize,500,-112.61110959207316,243,high_altitude,81.40357971191406,83.0469970703125,0.40629085898399353,100.36317443847656,48.5619010925293,-50.907310485839844,-44.69329833984375,141.07280349495105,-0.7779449865450011,0.0,0.18859553113808783
2026-04-02 13:04:52,755,1344,1,phase_1_3_peak_stabilize,500,-134.4336056422407,296,high_altitude,81.5542984008789,81.35818481445312,0.40629085898399353,100.09862518310547,48.5619010925293,-50.07783508300781,-21.48805046081543,76.0973368640248,0.24027316159662418,0.0,0.7315380253724142
2026-04-02 13:04:54,755,1345,1,phase_1_3_peak_stabilize,500,204.0122366604568,137,success,83.95774841308594,13.91940689086914,0.40629085898399353,36.60856246948242,48.5619010925293,12.799564361572266,25.53917121887207,31.06870004369044,0.8565491324126285,0.0,0.19865026820244525
2026-04-02 13:04:58,755,1346,1,phase_1_3_peak_stabilize,500,-121.86199308324493,268,high_altitude,90.46080017089844,76.8770751953125,0.40629085898399353,100.35009002685547,48.5619010925293,-50.80039978027344,-41.99453353881836,144.65292911068326,-0.8156625804064992,0.0,0.25351370780198607
2026-04-02 13:05:03,756,1347,1,phase_1_3_peak_stabilize,500,-121.02219977820144,278,high_altitude,88.52760314941406,52.06972885131836,0.40629085898399353,100.0676040649414,48.5619010925293,-50.56428527832031,-25.45452117919922,124.62804389825648,-0.5682465679947263,0.0,0.2550262118909379
2026-04-02 13:05:06,756,1348,1,phase_1_3_peak_stabilize,500,202.25783842917403,144,success,86.97250366210938,13.609835624694824,0.40629085898399353,36.379913330078125,48.5619010925293,13.02840805053711,28.91480255126953,26.66572104807927,0.8936400472542035,0.0,0.11986140140367704
2026-04-02 13:05:11,756,1349,1,phase_1_3_peak_stabilize,500,-137.2980497571649,283,high_altitude,85.9193115234375,77.08641052246094,0.40629085898399353,100.0919418334961,48.5619010925293,-50.477378845214844,-34.45003890991211,142.49849620116447,-0.7933373623188228,0.0,0.3032357288511277
2026-04-02 13:05:13,756,1350,1,phase_1_3_peak_stabilize,500,205.2848446317067,138,success,85.64895629882812,13.744845390319824,0.40629085898399353,36.67236328125,48.5619010925293,12.734180450439453,30.189193725585938,17.368843210262266,0.9544028023843486,0.0,0.26940827642699755
2026-04-02 13:05:17,756,1351,1,phase_1_3_peak_stabilize,500,-116.47132674448308,256,high_altitude,83.66313171386719,74.8787612915039,0.40629085898399353,100.40400695800781,48.5619010925293,-50.94329833984375,-33.04424285888672,108.6388305984451,-0.31960155930535455,0.0,0.25151200767168547
2026-04-02 13:05:19,756,1352,1,phase_1_3_peak_stabilize,500,201.57019028193503,142,success,84.85604095458984,13.776077270507812,0.40629085898399353,36.0538215637207,48.5619010925293,13.374114990234375,25.152761459350586,32.78552614818109,0.8407034210353479,0.0,0.21099820319778867
2026-04-02 13:05:21,756,1353,1,phase_1_3_peak_stabilize,500,202.70428909520538,140,success,80.76173400878906,13.88259506225586,0.40629085898399353,36.4538459777832,48.5619010925293,12.961498260498047,19.68828773498535,24.865971324422787,0.907293912707634,0.0,0.19981860982165614
2026-04-02 13:05:24,757,1354,1,phase_1_3_peak_stabilize,500,207.09137561944306,135,success,85.40438842773438,13.554300308227539,0.40629085898399353,36.22433853149414,48.5619010925293,13.17794418334961,30.350191116333008,12.12936497058411,0.977675675599036,0.0,0.1877582524435527
2026-04-02 13:05:29,757,1355,1,phase_1_3_peak_stabilize,500,-146.94938322234194,286,high_altitude,80.16034698486328,103.02867126464844,0.40629085898399353,100.21414947509766,48.5619010925293,-50.57696533203125,-43.45085525512695,153.05098820467245,-0.8914101829385264,0.0,0.2909081863281253
2026-04-02 13:05:33,757,1356,1,phase_1_3_peak_stabilize,500,-112.90943149858796,247,high_altitude,85.53246307373047,61.61240005493164,0.40629085898399353,100.35384368896484,48.5619010925293,-50.92089080810547,-35.292205810546875,138.0344348238059,-0.743546839439245,0.0,0.14266937993472387
2026-04-02 13:05:35,757,1357,1,phase_1_3_peak_stabilize,500,207.18704228926552,146,success,88.06644439697266,13.757680892944336,0.40629085898399353,36.92058181762695,48.5619010925293,12.479705810546875,20.547170639038086,27.87884119184899,0.8839383720299551,0.0,0.0755357032937583
2026-04-02 13:05:37,757,1358,1,phase_1_3_peak_stabilize,500,206.70209091714796,139,success,79.23955535888672,13.7377347946167,0.40629085898399353,36.97264099121094,48.5619010925293,12.432624816894531,13.606411933898926,19.991762210046808,0.9397417855521134,0.0,0.17249707671968773
2026-04-02 13:05:41,757,1359,1,phase_1_3_peak_stabilize,500,-109.89105857923563,246,high_altitude,88.78851318359375,57.719051361083984,0.40629085898399353,100.64430236816406,48.5619010925293,-51.22644805908203,-35.698707580566406,133.76731512097544,-0.6917313268321842,0.0,0.14278027335634128
2026-04-02 13:05:44,758,1360,1,phase_1_3_peak_stabilize,500,204.00299282661584,136,success,81.0517578125,13.777861595153809,0.40629085898399353,35.66923141479492,48.5619010925293,13.738834381103516,25.402568817138672,12.233996638479535,0.9772903319746818,0.0,0.11597597685278575
2026-04-02 13:05:47,758,1361,1,phase_1_3_peak_stabilize,500,-119.95764045145714,257,high_altitude,80.77179718017578,74.03707885742188,0.40629085898399353,100.0013427734375,48.5619010925293,-50.38903045654297,-34.825408935546875,127.2607403138379,-0.6054431910386865,0.0,0.4095329392979578
2026-04-02 13:05:50,758,1362,1,phase_1_3_peak_stabilize,500,204.55909451277267,141,success,89.537109375,13.746850967407227,0.40629085898399353,36.819759368896484,48.5619010925293,12.59139633178711,32.710777282714844,31.69816686250423,0.8508279210783225,0.0,0.2070956032521793
2026-04-02 13:05:52,758,1363,1,phase_1_3_peak_stabilize,500,208.64377794364364,141,success,85.01313781738281,13.97986888885498,0.40629085898399353,36.885250091552734,48.5619010925293,12.517860412597656,18.739791870117188,23.60062584671186,0.9163583564607659,0.0,0.21292577779247202
2026-04-02 13:05:54,758,1364,1,phase_1_3_peak_stabilize,500,204.6826443364061,138,success,81.33358001708984,13.896540641784668,0.40629085898399353,36.07552719116211,48.5619010925293,13.331230163574219,22.33771514892578,20.955590694394814,0.9338579129521993,0.0,0.21079100138635537
2026-04-02 13:05:56,758,1365,1,phase_1_3_peak_stabilize,500,201.52184483697172,145,success,89.731689453125,13.85803508758545,0.40629085898399353,37.1736946105957,48.5619010925293,12.229259490966797,31.219688415527344,32.745801767968295,0.8410786495137574,0.0,0.09981512304406034
2026-04-02 13:05:58,758,1366,1,phase_1_3_peak_stabilize,500,205.43393650383297,140,success,90.17266845703125,13.834661483764648,0.40629085898399353,36.8134651184082,48.5619010925293,12.602054595947266,32.54326248168945,29.34638929729627,0.8716727601105788,0.0,0.3113534735016582
2026-04-02 13:06:01,759,1367,1,phase_1_3_peak_stabilize,500,204.50617426248138,145,success,89.3810043334961,13.525516510009766,0.40629085898399353,36.40508270263672,48.5619010925293,13.01125717163086,27.339126586914062,31.96963956125556,0.8483287758012694,0.0,0.24861164865501592
2026-04-02 13:06:03,759,1368,1,phase_1_3_peak_stabilize,500,205.04968708176744,139,success,79.51496887207031,13.913145065307617,0.40629085898399353,37.120609283447266,48.5619010925293,12.287761688232422,14.612593650817871,31.194908279173937,0.8554102924408986,0.0,0.11657594662917872
2026-04-02 13:06:07,759,1369,1,phase_1_3_peak_stabilize,500,-111.66344799694451,248,high_altitude,85.16984558105469,57.98580551147461,0.40629085898399353,100.34858703613281,48.5619010925293,-50.82355499267578,-31.2465763092041,117.07493384611124,-0.45515540719685116,0.0,0.3698195175940908
2026-04-02 13:06:09,759,1370,1,phase_1_3_peak_stabilize,500,203.68063043532138,140,success,86.692138671875,13.564502716064453,0.40629085898399353,36.34779739379883,48.5619010925293,13.062091827392578,29.67416000366211,27.470981568203555,0.8872445799224677,0.0,0.1831941195115698
2026-04-02 13:06:11,759,1371,1,phase_1_3_peak_stabilize,500,209.20693900331986,143,success,85.9324722290039,13.885878562927246,0.40629085898399353,36.245582580566406,48.5619010925293,13.158676147460938,20.046621322631836,10.890069834367608,0.9819914708521377,0.0,0.15551407459530056
2026-04-02 13:06:15,759,1372,1,phase_1_3_peak_stabilize,500,-113.877230100596,249,high_altitude,89.73042297363281,68.63619995117188,0.40629085898399353,100.46098327636719,48.5619010925293,-51.044822692871094,-38.463111877441406,126.1080639291282,-0.5893100697217626,0.0,0.16960317824260082
2026-04-02 13:06:17,759,1373,1,phase_1_3_peak_stabilize,500,205.55615427930513,137,success,79.1591796875,13.989741325378418,0.40629085898399353,36.1807746887207,48.5619010925293,13.252918243408203,16.591087341308594,17.953753290025478,0.9513056318005316,0.0,0.3252963500403737
2026-04-02 13:06:20,760,1374,1,phase_1_3_peak_stabilize,500,209.65576190130702,138,success,83.52569580078125,13.604728698730469,0.40629085898399353,36.72727584838867,48.5619010925293,12.673942565917969,19.79200553894043,21.06507179660095,0.9331728198851461,0.0,0.10900432890699328
2026-04-02 13:06:22,760,1375,1,phase_1_3_peak_stabilize,500,204.85627555528274,141,success,87.7095718383789,13.700499534606934,0.40629085898399353,36.629051208496094,48.5619010925293,12.773406982421875,30.74694061279297,19.08076694647614,0.945058699456573,0.0,0.07485697626078597
2026-04-02 13:06:26,760,1376,1,phase_1_3_peak_stabilize,500,-117.27713364008835,256,high_altitude,81.13040924072266,101.65469360351562,0.40629085898399353,100.39930725097656,48.5619010925293,-50.96745300292969,-50.13459014892578,140.14773633414285,-0.7676993132297799,0.0,0.24822958636740147
2026-04-02 13:06:28,760,1377,1,phase_1_3_peak_stabilize,500,202.65201366294883,140,success,79.76692199707031,13.726249694824219,0.40629085898399353,35.83775329589844,48.5619010925293,13.568870544433594,21.612821578979492,3.2328898973861766,0.9984085560721416,0.0,0.05238425929106525
2026-04-02 13:06:32,760,1378,1,phase_1_3_peak_stabilize,500,-111.5336959849526,245,high_altitude,80.6246109008789,95.3193130493164,0.40629085898399353,100.08029174804688,48.5619010925293,-50.60004425048828,-50.78935241699219,153.20043274371233,-0.8925892238157271,0.0,0.45401240128296433
2026-04-02 13:06:36,760,1379,1,phase_1_3_peak_stabilize,500,-118.22799800371772,265,high_altitude,89.11922454833984,51.898433685302734,0.40629085898399353,100.32942962646484,48.5619010925293,-50.697296142578125,-22.56900978088379,105.3664596463353,-0.26499170059188215,0.0,0.37706735529787055
2026-04-02 13:06:40,761,1380,1,phase_1_3_peak_stabilize,500,-119.28988235941767,256,high_altitude,80.38631439208984,95.0604248046875,0.40629085898399353,100.5755615234375,48.5619010925293,-51.15386199951172,-42.398765563964844,111.55299910972273,-0.3673617143965734,0.0,0.3691855259666436
2026-04-02 13:06:42,761,1381,1,phase_1_3_peak_stabilize,500,203.71652991665746,144,success,87.33357238769531,11.606304168701172,0.40629085898399353,38.41604232788086,48.5619010925293,11.003746032714844,29.774465560913086,36.508221717553575,0.8037714976260759,0.0,0.2350625021205253
2026-04-02 13:06:46,761,1382,1,phase_1_3_peak_stabilize,500,-111.77961454733875,248,high_altitude,82.39127349853516,80.39307403564453,0.40629085898399353,100.16326141357422,48.5619010925293,-50.73638916015625,-43.819053649902344,149.3164866533196,-0.8599991428758572,0.0,0.3178865710399603
2026-04-02 13:06:50,761,1383,1,phase_1_3_peak_stabilize,500,-108.48824448186195,246,high_altitude,81.58475494384766,78.82291412353516,0.40629085898399353,100.43660736083984,48.5619010925293,-50.97034454345703,-36.67028045654297,100.9803648783524,-0.19047258297559388,0.0,0.3568002281716842
2026-04-02 13:06:52,761,1384,1,phase_1_3_peak_stabilize,500,205.98093051700204,135,success,80.73831939697266,13.882428169250488,0.40629085898399353,35.5855598449707,48.5619010925293,13.833297729492188,23.254751205444336,13.756460318627363,0.9713152636438942,0.0,0.1921685511264372
2026-04-02 13:06:54,761,1385,1,phase_1_3_peak_stabilize,500,207.09151379601388,136,success,82.76013946533203,13.712430953979492,0.40629085898399353,35.800315856933594,48.5619010925293,13.604789733886719,24.56930160522461,16.235187194843768,0.9601221671173991,0.0,0.20546404753558226
2026-04-02 13:06:56,761,1386,1,phase_1_3_peak_stabilize,500,208.7821754331272,140,success,84.40076446533203,13.594430923461914,0.40629085898399353,36.569698333740234,48.5619010925293,12.841411590576172,21.55352210998535,10.115791052318501,0.9844548104877754,0.0,0.3022836527067108
2026-04-02 13:06:59,762,1387,1,phase_1_3_peak_stabilize,500,205.6568041210384,137,success,84.56663513183594,13.80448055267334,0.40629085898399353,35.796722412109375,48.5619010925293,13.604137420654297,28.90338134765625,14.535299959494747,0.9679931973927586,0.0,0.05299241311615711
2026-04-02 13:07:01,762,1388,1,phase_1_3_peak_stabilize,500,204.06899729213302,136,success,79.42341613769531,13.905609130859375,0.40629085898399353,35.62063980102539,48.5619010925293,13.793773651123047,21.868894577026367,15.61593492393373,0.9630877384049712,0.0,0.2184933404027175
2026-04-02 13:07:05,762,1389,1,phase_1_3_peak_stabilize,500,-117.3444476129242,253,high_altitude,84.39360046386719,87.47028350830078,0.40629085898399353,100.29765319824219,48.5619010925293,-50.74098205566406,-44.59807205200195,132.476368386708,-0.6752860605213471,0.0,0.4912575376180697
2026-04-02 13:07:09,762,1390,1,phase_1_3_peak_stabilize,500,-125.1750625693525,262,high_altitude,86.73597717285156,71.14656829833984,0.40629085898399353,100.15795135498047,48.5619010925293,-50.5689697265625,-37.62112045288086,146.31113511662227,-0.8320619373522335,0.0,0.53765903244555
2026-04-02 13:07:13,762,1391,1,phase_1_3_peak_stabilize,500,-118.66909867553125,255,high_altitude,87.82551574707031,66.30155944824219,0.40629085898399353,100.07666015625,48.5619010925293,-50.605552673339844,-39.22491455078125,160.55630059300594,-0.9429690448235176,0.0,0.4817187345216705
2026-04-02 13:07:17,763,1392,1,phase_1_3_peak_stabilize,500,-119.82996236950407,268,high_altitude,80.63488006591797,55.391807556152344,0.40629085898399353,100.00457000732422,48.5619010925293,-50.511558532714844,-23.402965545654297,121.17068410266607,-0.5175892868202943,0.0,0.28829877806646176
2026-04-02 13:07:19,763,1393,1,phase_1_3_peak_stabilize,500,202.3396037543548,140,success,81.6198501586914,13.78824520111084,0.40629085898399353,36.69865036010742,48.5619010925293,12.728233337402344,17.749677658081055,35.71622371725016,0.8119182603944949,0.0,0.16510481232986568
2026-04-02 13:07:21,763,1394,1,phase_1_3_peak_stabilize,500,202.36201092029177,144,success,84.83757781982422,13.637401580810547,0.40629085898399353,36.16134262084961,48.5619010925293,13.25661849975586,25.143634796142578,22.153448780464142,0.9261772642669249,0.0,0.21224452968779695
2026-04-02 13:07:25,763,1395,1,phase_1_3_peak_stabilize,500,-112.53906624068834,244,high_altitude,86.57756042480469,67.33071899414062,0.40629085898399353,100.39305114746094,48.5619010925293,-50.97034454345703,-41.6151008605957,153.14524481521863,-0.8921545260815046,0.0,0.38709828255536566
2026-04-02 13:07:29,763,1396,1,phase_1_3_peak_stabilize,500,-116.51185647550136,253,high_altitude,85.89752960205078,67.11917877197266,0.40629085898399353,100.11223602294922,48.5619010925293,-50.70616149902344,-36.24980163574219,136.4109125184722,-0.7243031928107718,0.0,0.18476350721830906
2026-04-02 13:07:31,763,1397,1,phase_1_3_peak_stabilize,500,212.29946490366962,137,success,87.44664001464844,13.857298851013184,0.40629085898399353,35.73857116699219,48.5619010925293,13.674705505371094,24.553197860717773,8.024434939784786,0.990208625516493,0.0,0.19596289184981733
2026-04-02 13:07:35,764,1398,1,phase_1_3_peak_stabilize,500,-109.25799690796535,249,high_altitude,83.87619018554688,65.722412109375,0.40629085898399353,100.28146362304688,48.5619010925293,-50.759315490722656,-33.17868423461914,122.03179337208626,-0.5303897636847598,0.0,0.4335766914225641
2026-04-02 13:07:40,764,1399,1,phase_1_3_peak_stabilize,500,-114.08130844729487,270,high_altitude,84.95094299316406,91.78447723388672,0.40629085898399353,100.43428802490234,48.5619010925293,-50.95336151123047,-36.49165725708008,92.85578655873054,-0.04982224319980197,0.0,0.48088045785474887
2026-04-02 13:07:42,764,1400,1,phase_1_3_peak_stabilize,500,205.13396609841047,144,success,89.73800659179688,13.927200317382812,0.40629085898399353,36.613548278808594,48.5619010925293,12.794559478759766,31.00392723083496,26.751188912710933,0.8929696034775969,0.0,0.16689548381072944
2026-04-02 13:07:46,764,1401,1,phase_1_3_peak_stabilize,500,-143.3439588305221,298,high_altitude,88.4674072265625,108.07860565185547,0.40629085898399353,100.09101104736328,48.5619010925293,-50.159080505371094,-36.97202682495117,93.67326457973269,-0.06406665275032418,0.0,0.7638976670801838
2026-04-02 13:07:48,764,1402,1,phase_1_3_peak_stabilize,500,206.46284123242927,141,success,78.3798599243164,13.850533485412598,0.40629085898399353,38.57213592529297,48.5619010925293,10.828365325927734,7.296907901763916,34.62051452531296,0.8229330015891039,0.0,0.0894424500554552
2026-04-02 13:07:51,764,1403,1,phase_1_3_peak_stabilize,500,207.40444034220891,140,success,88.12689971923828,13.858859062194824,0.40629085898399353,36.28726577758789,48.5619010925293,13.11337661743164,30.294639587402344,18.53656820926079,0.9481209469279931,0.0,0.053705265956366155
2026-04-02 13:07:53,764,1404,1,phase_1_3_peak_stabilize,500,202.87827692067074,141,success,89.5259017944336,13.660289764404297,0.40629085898399353,37.378990173339844,48.5619010925293,12.031208038330078,32.46989059448242,36.16709816474104,0.8072993316358623,0.0,0.1993352721200323
2026-04-02 13:07:57,765,1405,1,phase_1_3_peak_stabilize,500,-112.14105618049904,248,high_altitude,85.421875,60.11592102050781,0.40629085898399353,100.64617919921875,48.5619010925293,-51.199066162109375,-34.95975875854492,138.92897103902413,-0.7538956911865834,0.0,0.420848024265657
2026-04-02 13:07:59,765,1406,1,phase_1_3_peak_stabilize,500,203.08790106818137,137,success,82.3644027709961,13.956705093383789,0.40629085898399353,36.48520278930664,48.5619010925293,12.92462158203125,24.200298309326172,29.042080464110107,0.8742634064218644,0.0,0.13757333550989684
2026-04-02 13:08:03,765,1407,1,phase_1_3_peak_stabilize,500,-117.84548530997625,249,high_altitude,82.1299057006836,72.61073303222656,0.40629085898399353,100.42121124267578,48.5619010925293,-51.01134490966797,-38.65828323364258,146.24055194173937,-0.8313779876199299,0.0,0.4291936964361635
2026-04-02 13:08:10,765,1408,1,phase_1_3_peak_stabilize,500,-188.66282757859116,441,low_agl,87.44475555419922,111.9924087524414,0.40629085898399353,0.2716306149959564,48.5619010925293,49.31098937988281,-11.890198707580566,48.66152906249952,0.6605059513360106,0.0,1.1036348827674154
2026-04-02 13:08:12,765,1409,1,phase_1_3_peak_stabilize,500,202.24382996681288,144,success,88.56041717529297,13.629481315612793,0.40629085898399353,36.765167236328125,48.5619010925293,12.646652221679688,29.23102378845215,35.794330345503845,0.8111216990010294,0.0,0.18311418664603296
2026-04-02 13:08:15,766,1410,1,phase_1_3_peak_stabilize,500,201.88686644874488,139,success,81.61302185058594,13.707908630371094,0.40629085898399353,36.469383239746094,48.5619010925293,12.959224700927734,20.584524154663086,34.77323414005986,0.8214157297269603,0.0,0.21023993486995537
2026-04-02 13:08:17,766,1411,1,phase_1_3_peak_stabilize,500,206.9978065698782,137,success,86.47760009765625,13.588571548461914,0.40629085898399353,36.301570892333984,48.5619010925293,13.104461669921875,30.682096481323242,18.32595761865615,0.9492831272132719,0.0,0.19416081934929758
2026-04-02 13:08:19,766,1412,1,phase_1_3_peak_stabilize,500,208.4627605421807,137,success,84.90943145751953,13.988591194152832,0.40629085898399353,35.52626419067383,48.5619010925293,13.87509536743164,26.77263069152832,1.0417382110545235,0.9998347163235723,0.0,0.1025230621443609
2026-04-02 13:08:21,766,1413,1,phase_1_3_peak_stabilize,500,208.88216903672424,135,success,81.40922546386719,13.788887977600098,0.40629085898399353,36.00177764892578,48.5619010925293,13.414737701416016,19.0336856842041,17.584619131426724,0.9532718036758676,0.0,0.29248630806498527
2026-04-02 13:08:28,766,1414,1,phase_1_3_peak_stabilize,500,-241.60641534192973,469,collision,84.57148742675781,181.35848999023438,0.40629085898399353,0.12648051977157593,48.5619010925293,49.62229919433594,-17.369720458984375,41.44945035561302,0.7495400308873567,1.0,0.9860871423423411
2026-04-02 13:08:31,766,1415,1,phase_1_3_peak_stabilize,500,199.6680829492828,140,success,82.79457092285156,13.797182083129883,0.40629085898399353,35.93574523925781,48.5619010925293,13.474639892578125,27.823246002197266,27.881718409036857,0.8839148893152808,0.0,0.16676646034272466
2026-04-02 13:08:33,767,1416,1,phase_1_3_peak_stabilize,500,205.6577631956828,141,success,80.53345489501953,13.874064445495605,0.40629085898399353,38.21139144897461,48.5619010925293,11.189563751220703,11.67752456665039,32.69924719858549,0.8415178800163893,0.0,0.10528937066013966
2026-04-02 13:08:37,767,1417,1,phase_1_3_peak_stabilize,500,-110.13001469915565,251,high_altitude,87.0189437866211,71.514404296875,0.40629085898399353,100.38595581054688,48.5619010925293,-50.96791076660156,-39.989646911621094,125.7296031472178,-0.5839607145842002,0.0,0.420268263168235
2026-04-02 13:08:41,767,1418,1,phase_1_3_peak_stabilize,500,-117.88040203140108,261,high_altitude,90.16130065917969,66.39877319335938,0.40629085898399353,100.31402587890625,48.5619010925293,-50.77460479736328,-37.35358810424805,141.840216229337,-0.7862907638799831,0.0,0.4005356949537428
2026-04-02 13:08:49,767,1419,1,phase_1_3_peak_stabilize,500,-234.38951381452088,470,collision,88.34122467041016,129.88600158691406,0.40629085898399353,0.11144831776618958,48.5619010925293,49.66341781616211,-15.98714828491211,26.950459681746054,0.8913987301809686,1.0,0.9701546945172683
2026-04-02 13:08:53,768,1420,1,phase_1_3_peak_stabilize,500,-107.30696260149179,253,high_altitude,82.76720428466797,91.47347259521484,0.40629085898399353,100.40411376953125,48.5619010925293,-50.851234436035156,-39.602779388427734,88.48756639580556,0.02639388065789598,0.0,0.6350892877450985
2026-04-02 13:08:55,768,1421,1,phase_1_3_peak_stabilize,500,196.18526607053528,141,success,81.76176452636719,13.970107078552246,0.40629085898399353,35.62826919555664,48.5619010925293,13.822551727294922,25.145389556884766,34.75230644044294,0.8216239920683207,0.0,0.2933569321691152
2026-04-02 13:08:59,768,1422,1,phase_1_3_peak_stabilize,500,-110.09712478834554,250,high_altitude,84.08064270019531,89.77513122558594,0.40629085898399353,100.17251586914062,48.5619010925293,-50.641029357910156,-45.36806869506836,112.8994684517532,-0.38911540404046013,0.0,0.4509597953227676
2026-04-02 13:09:01,768,1423,1,phase_1_3_peak_stabilize,500,206.26469794417707,135,success,83.84033966064453,13.896757125854492,0.40629085898399353,36.3557014465332,48.5619010925293,13.044052124023438,28.008005142211914,17.79679895799317,0.9521464700623491,0.0,0.06517083909916606
2026-04-02 13:09:05,768,1424,1,phase_1_3_peak_stabilize,500,-108.84021720883021,245,high_altitude,79.60847473144531,74.75920104980469,0.40629085898399353,100.6661605834961,48.5619010925293,-51.21406555175781,-36.633384704589844,105.86578745579826,-0.2733848934323393,0.0,0.3857221639857908
2026-04-02 13:09:08,768,1425,1,phase_1_3_peak_stabilize,500,-111.24094828864673,249,high_altitude,80.94291687011719,86.47441864013672,0.40629085898399353,100.5294189453125,48.5619010925293,-51.095558166503906,-42.5543098449707,112.19742062772427,-0.3777991050947132,0.0,0.42173462643375775
2026-04-02 13:09:11,769,1426,1,phase_1_3_peak_stabilize,500,204.5963230892404,138,success,82.81475830078125,13.592689514160156,0.40629085898399353,36.21528625488281,48.5619010925293,13.191165924072266,24.8687744140625,24.634675505916768,0.9089840086867294,0.0,0.201655903255155
2026-04-02 13:09:15,769,1427,1,phase_1_3_peak_stabilize,500,-107.107784703962,248,high_altitude,80.84327697753906,77.6882553100586,0.40629085898399353,100.52859497070312,48.5619010925293,-51.062347412109375,-37.903297424316406,102.93963879271641,-0.22392442907648563,0.0,0.5262341933926061
2026-04-02 13:09:17,769,1428,1,phase_1_3_peak_stabilize,500,208.21784383547296,137,success,86.29461669921875,13.718645095825195,0.40629085898399353,35.848114013671875,48.5619010925293,13.557270050048828,27.579715728759766,17.164641044646395,0.95546067056744,0.0,0.20953539946787192
2026-04-02 13:09:19,769,1429,1,phase_1_3_peak_stabilize,500,201.69041235696218,143,success,86.10848999023438,13.766443252563477,0.40629085898399353,37.572174072265625,48.5619010925293,11.835540771484375,24.88477325439453,36.43197290075414,0.804562525091771,0.0,0.09411107656290615
2026-04-02 13:09:21,769,1430,1,phase_1_3_peak_stabilize,500,206.58251697764086,146,success,81.55902099609375,13.877249717712402,0.40629085898399353,37.902584075927734,48.5619010925293,11.50259780883789,7.844552040100098,32.2674392241627,0.8455653652776787,0.0,0.08901222425599159
2026-04-02 13:09:24,769,1431,1,phase_1_3_peak_stabilize,500,201.63663282477222,141,success,86.1559829711914,13.814743995666504,0.40629085898399353,36.16069793701172,48.5619010925293,13.257110595703125,29.31254005432129,29.04895163441514,0.8742051825431565,0.0,0.17869893400188847
2026-04-02 13:09:28,769,1432,1,phase_1_3_peak_stabilize,500,-114.99639333723684,254,high_altitude,81.824951171875,82.4020767211914,0.40629085898399353,100.59154510498047,48.5619010925293,-51.18028259277344,-40.2124137878418,114.52377622884144,-0.41507081673219703,0.0,0.4779558056061744
2026-04-02 13:09:30,770,1433,1,phase_1_3_peak_stabilize,500,204.9103050128889,141,success,80.34394836425781,13.76014232635498,0.40629085898399353,37.9979133605957,48.5619010925293,11.403518676757812,13.872876167297363,34.105207488286766,0.8280093759484451,0.0,0.030820213783858637
2026-04-02 13:09:35,770,1434,1,phase_1_3_peak_stabilize,500,-112.97529989540149,251,high_altitude,90.25852966308594,56.4060173034668,0.40629085898399353,100.17469787597656,48.5619010925293,-50.77201843261719,-37.486236572265625,160.17120086722227,-0.9407103869834273,0.0,0.33286013845686635
2026-04-02 13:09:37,770,1435,1,phase_1_3_peak_stabilize,500,204.69330579631952,138,success,82.3097915649414,13.758147239685059,0.40629085898399353,36.36939239501953,48.5619010925293,13.032459259033203,21.138917922973633,26.88678524320861,0.8919018558855462,0.0,0.1585437429988762
2026-04-02 13:09:44,770,1436,1,phase_1_3_peak_stabilize,500,-236.27084949987278,471,low_agl,85.24000549316406,292.4136962890625,0.40629085898399353,0.3058261275291443,48.5619010925293,49.249542236328125,-41.073238372802734,29.762501497006372,0.8680905232110627,0.0,1.1499661319707724
2026-04-02 13:09:48,770,1437,1,phase_1_3_peak_stabilize,500,-106.88847262088656,245,high_altitude,79.9949722290039,73.71512603759766,0.40629085898399353,100.29879760742188,48.5619010925293,-50.74089813232422,-35.50826644897461,90.71857255610936,-0.012541128250748955,0.0,0.71370233633653
2026-04-02 13:09:52,771,1438,1,phase_1_3_peak_stabilize,500,-111.44488850743386,256,high_altitude,82.07511138916016,89.78660583496094,0.40629085898399353,100.17984008789062,48.5619010925293,-50.76585388183594,-44.485809326171875,115.14153951851242,-0.4248558498204088,0.0,0.5475411511411892
2026-04-02 13:09:56,771,1439,1,phase_1_3_peak_stabilize,500,-119.06772591443415,258,high_altitude,80.28932189941406,98.03374481201172,0.40629085898399353,100.20149993896484,48.5619010925293,-50.731170654296875,-50.19563293457031,154.77470938513022,-0.9046390234297891,0.0,0.38740044348621405
2026-04-02 13:10:00,771,1440,1,phase_1_3_peak_stabilize,500,-108.02896852123544,252,high_altitude,80.14175415039062,76.89354705810547,0.40629085898399353,100.02465057373047,48.5619010925293,-50.543365478515625,-36.043697357177734,96.15400294665966,-0.10720121656889119,0.0,0.5936118049565785
2026-04-02 13:10:04,771,1441,1,phase_1_3_peak_stabilize,500,-119.64409792494054,257,high_altitude,80.20904541015625,67.93960571289062,0.40629085898399353,100.23306274414062,48.5619010925293,-50.825653076171875,-36.54878234863281,143.76966270759556,-0.8066474818216414,0.0,0.4808215590941076
2026-04-02 13:10:06,771,1442,1,phase_1_3_peak_stabilize,500,200.92789892052602,144,success,81.52107238769531,13.621496200561523,0.40629085898399353,36.317405700683594,48.5619010925293,13.11016845703125,20.56623649597168,25.286357515006024,0.9041842806231521,0.0,0.2920024304333109
2026-04-02 13:10:09,772,1443,1,phase_1_3_peak_stabilize,500,208.81186538307014,143,success,84.89431762695312,13.948596954345703,0.40629085898399353,35.7109489440918,48.5619010925293,13.690479278564453,18.90325927734375,19.03029526360433,0.945346298589277,0.0,0.09591387434768746
2026-04-02 13:10:11,772,1444,1,phase_1_3_peak_stabilize,500,203.30854141990167,139,success,80.55803680419922,13.873161315917969,0.40629085898399353,35.602657318115234,48.5619010925293,13.807304382324219,23.014158248901367,8.292802463784696,0.9895439153890246,0.0,0.16917128827439817
2026-04-02 13:10:15,772,1445,1,phase_1_3_peak_stabilize,500,-120.85310837813486,266,high_altitude,84.94742584228516,71.27729034423828,0.40629085898399353,100.314208984375,48.5619010925293,-50.65541076660156,-35.012779235839844,122.58559877036923,-0.5385590185294573,0.0,0.5260050355602517
2026-04-02 13:10:18,772,1446,1,phase_1_3_peak_stabilize,500,202.37097758598884,143,success,81.99809265136719,13.88341999053955,0.40629085898399353,36.06793212890625,48.5619010925293,13.337318420410156,19.832590103149414,26.006682925253912,0.8987429089915638,0.0,0.09842787048271069
2026-04-02 13:10:22,772,1447,1,phase_1_3_peak_stabilize,500,-118.59368783045377,282,high_altitude,86.03568267822266,51.24811553955078,0.40629085898399353,100.0158462524414,48.5619010925293,-50.149330139160156,-17.608808517456055,83.35360689484129,0.11574145900774978,0.0,0.8843186120517027
2026-04-02 13:10:24,772,1448,1,phase_1_3_peak_stabilize,500,204.77703687445842,145,success,88.95474243164062,13.507046699523926,0.40629085898399353,36.463294982910156,48.5619010925293,12.9384765625,29.986482620239258,19.30520183996088,0.9437709405448449,0.0,0.041060468639781016
2026-04-02 13:10:27,773,1449,1,phase_1_3_peak_stabilize,500,204.1223128105768,141,success,88.00425720214844,13.964662551879883,0.40629085898399353,37.386962890625,48.5619010925293,12.012580871582031,28.406490325927734,34.18848115464756,0.8271935598007598,0.0,0.05735067491536437
2026-04-02 13:10:34,773,1450,1,phase_1_3_peak_stabilize,500,-212.8120814482238,450,collision,88.62806701660156,105.95152282714844,0.40629085898399353,0.1135830357670784,48.5619010925293,49.643524169921875,-12.20443058013916,31.06178106206122,0.856611445724165,1.0,1.0460916160958653
2026-04-02 13:10:38,773,1451,1,phase_1_3_peak_stabilize,500,-126.22996266330588,285,high_altitude,87.04517364501953,53.305259704589844,0.40629085898399353,100.10316467285156,48.5619010925293,-50.663230895996094,-26.802356719970703,141.066615343563,-0.7778771198369947,0.0,0.5940145928807818
2026-04-02 13:10:40,773,1452,1,phase_1_3_peak_stabilize,500,208.26523041740683,143,success,89.82632446289062,13.904052734375,0.40629085898399353,35.831966400146484,48.5619010925293,13.572425842285156,29.12471580505371,16.360179656655,0.9595099690521097,0.0,0.12941226718765053
2026-04-02 13:10:42,773,1453,1,phase_1_3_peak_stabilize,500,206.22396693598566,140,success,81.84022521972656,13.889383316040039,0.40629085898399353,36.18366622924805,48.5619010925293,13.217342376708984,17.590227127075195,25.372472540061548,0.9035412682571327,0.0,0.1815185157236077
2026-04-02 13:10:45,773,1454,1,phase_1_3_peak_stabilize,500,211.2122602495169,142,success,87.31965637207031,13.78150463104248,0.40629085898399353,35.76613998413086,48.5619010925293,13.646865844726562,20.62934684753418,21.557116916861375,0.9300517486293969,0.0,0.14019496849328297
2026-04-02 13:10:49,774,1455,1,phase_1_3_peak_stabilize,500,-117.40312783064371,248,high_altitude,79.91382598876953,103.83537292480469,0.40629085898399353,100.37657165527344,48.5619010925293,-50.857177734375,-54.57713317871094,163.7635115404338,-0.9601158172112844,0.0,0.45144748542372365
2026-04-02 13:10:51,774,1456,1,phase_1_3_peak_stabilize,500,206.31323413751235,142,success,83.29796600341797,13.64763069152832,0.40629085898399353,36.39829635620117,48.5619010925293,13.00604248046875,21.5113582611084,10.042848900850997,0.9846776140757872,0.0,0.07073142051848423
2026-04-02 13:10:53,774,1457,1,phase_1_3_peak_stabilize,500,208.77468703263344,142,success,90.20487213134766,13.920251846313477,0.40629085898399353,36.03268814086914,48.5619010925293,13.383346557617188,30.627981185913086,11.353502438421206,0.9804312577629568,0.0,0.17990316890094218
2026-04-02 13:10:55,774,1458,1,phase_1_3_peak_stabilize,500,207.04230353813077,147,success,87.01200866699219,13.787797927856445,0.40629085898399353,36.573856353759766,48.5619010925293,12.840938568115234,14.460193634033203,36.25626628435556,0.8063799295085057,0.0,0.034421255383596513
2026-04-02 13:10:59,774,1459,1,phase_1_3_peak_stabilize,500,-118.92903173270376,255,high_altitude,82.420166015625,110.74690246582031,0.40629085898399353,100.34208679199219,48.5619010925293,-50.69940185546875,-56.800498962402344,164.03027140865782,-0.9614071908380887,0.0,0.5170627105268358
2026-04-02 13:11:03,774,1460,1,phase_1_3_peak_stabilize,500,-123.532455971665,265,high_altitude,79.41741943359375,121.32740020751953,0.40629085898399353,100.22809600830078,48.5619010925293,-50.82867431640625,-53.08810806274414,114.68800129724522,-0.4176768077015644,0.0,0.4360915783762694
2026-04-02 13:11:06,775,1461,1,phase_1_3_peak_stabilize,500,205.23300592324253,141,success,82.55786895751953,13.715754508972168,0.40629085898399353,36.3798942565918,48.5619010925293,13.024383544921875,20.32525634765625,21.92740879252445,0.9276577202063276,0.0,0.09314247082610129
2026-04-02 13:11:08,775,1462,1,phase_1_3_peak_stabilize,500,202.00096531843212,143,success,87.41400909423828,13.705968856811523,0.40629085898399353,36.53615951538086,48.5619010925293,12.865772247314453,29.29604148864746,26.00993751039342,0.8987180006913355,0.0,0.06341919150117294
2026-04-02 13:11:11,775,1463,1,phase_1_3_peak_stabilize,500,205.9762256777801,144,success,84.2646255493164,13.665684700012207,0.40629085898399353,37.317562103271484,48.5619010925293,12.081893920898438,17.965085983276367,27.639122042549054,0.8858870302207867,0.0,0.1189966642188865
2026-04-02 13:11:16,775,1464,1,phase_1_3_peak_stabilize,500,-168.05400492290386,329,high_altitude,84.00407409667969,95.76789855957031,0.40629085898399353,100.03628540039062,48.5619010925293,-50.300567626953125,-41.538082122802734,149.8098585378263,-0.8643613407555972,0.0,0.5424018917114141
2026-04-02 13:11:23,776,1465,1,phase_1_3_peak_stabilize,500,-223.9534776077432,490,low_agl,81.246826171875,255.5702362060547,0.40629085898399353,0.30109521746635437,48.5619010925293,49.25407791137695,-23.07685661315918,110.26341158310014,-0.34633665593397306,0.0,1.1717558402717294
2026-04-02 13:11:26,776,1466,1,phase_1_3_peak_stabilize,500,201.0035089468429,147,success,86.48704528808594,13.986004829406738,0.40629085898399353,35.56553649902344,48.5619010925293,13.85101318359375,25.34082794189453,24.181950077160813,0.9122492092012394,0.0,0.284982201013115
2026-04-02 13:11:29,776,1467,1,phase_1_3_peak_stabilize,500,-111.96633915983202,249,high_altitude,79.4552993774414,79.95890808105469,0.40629085898399353,100.05299377441406,48.5619010925293,-50.607154846191406,-42.408756256103516,131.1965821815444,-0.658644575753215,0.0,0.5097372697217021
2026-04-02 13:11:32,776,1468,1,phase_1_3_peak_stabilize,500,207.43535781097012,144,success,82.8805923461914,13.834294319152832,0.40629085898399353,36.743160247802734,48.5619010925293,12.667682647705078,13.318181991577148,14.898421844076598,0.9663831614247658,0.0,0.11215476495447071
2026-04-02 13:11:35,776,1469,1,phase_1_3_peak_stabilize,500,-105.82325687488567,248,high_altitude,81.30168151855469,77.46293640136719,0.40629085898399353,100.20459747314453,48.5619010925293,-50.783905029296875,-38.80082702636719,114.54608362667071,-0.41542500031634655,0.0,0.32967593664923184
2026-04-02 13:11:39,776,1470,1,phase_1_3_peak_stabilize,500,-108.47533612410514,253,high_altitude,83.85578155517578,87.76079559326172,0.40629085898399353,100.03573608398438,48.5619010925293,-50.56219482421875,-44.5750617980957,124.1995588108649,-0.5620770091471214,0.0,0.29791564113732627
2026-04-02 13:11:44,777,1471,1,phase_1_3_peak_stabilize,500,-115.66063379474782,254,high_altitude,84.59967041015625,55.11381912231445,0.40629085898399353,100.4556655883789,48.5619010925293,-50.94835662841797,-30.324981689453125,126.40228115781568,-0.5934509319453336,0.0,0.29343387819994426
2026-04-02 13:11:46,777,1472,1,phase_1_3_peak_stabilize,500,206.52333130036195,142,success,81.4021987915039,13.83391284942627,0.40629085898399353,36.283447265625,48.5619010925293,13.122337341308594,16.667871475219727,9.451865929141997,0.9864239096448717,0.0,0.1774823699039798
2026-04-02 13:11:48,777,1473,1,phase_1_3_peak_stabilize,500,206.30083907402283,144,success,84.22025299072266,13.643728256225586,0.40629085898399353,36.5270881652832,48.5619010925293,12.883430480957031,17.328365325927734,30.090794539463037,0.8652319849243452,0.0,0.07359802584161604
2026-04-02 13:11:50,777,1474,1,phase_1_3_peak_stabilize,500,211.03856944050807,138,success,84.62784576416016,13.673222541809082,0.40629085898399353,36.20875930786133,48.5619010925293,13.200397491455078,19.487163543701172,25.211097368088947,0.9047445681722087,0.0,0.10910641229160487
2026-04-02 13:11:52,777,1475,1,phase_1_3_peak_stabilize,500,207.97145534645531,143,success,88.36326599121094,13.720884323120117,0.40629085898399353,36.92488479614258,48.5619010925293,12.474994659423828,24.836885452270508,23.515000887729286,0.9169556445151756,0.0,0.13335281216003345
2026-04-02 13:11:56,777,1476,1,phase_1_3_peak_stabilize,500,-113.94111520858351,255,high_altitude,79.45966339111328,77.74790954589844,0.40629085898399353,100.28402709960938,48.5619010925293,-50.832679748535156,-36.83419418334961,109.05249417533774,-0.3264342982163764,0.0,0.42908933593172993
2026-04-02 13:11:58,777,1477,1,phase_1_3_peak_stabilize,500,208.76034676129424,137,success,80.21199035644531,13.863977432250977,0.40629085898399353,36.37348175048828,48.5619010925293,13.032058715820312,15.651518821716309,24.494060693926425,0.9100042532740751,0.0,0.12853884097244322
2026-04-02 13:12:01,778,1478,1,phase_1_3_peak_stabilize,500,206.2083648285272,147,success,86.479736328125,13.824604988098145,0.40629085898399353,36.92545700073242,48.5619010925293,12.47476577758789,17.88268280029297,30.804272685067982,0.8589217102655682,0.0,0.09376080321096907
2026-04-02 13:12:03,778,1479,1,phase_1_3_peak_stabilize,500,202.41430883956312,144,success,82.97408294677734,13.849946975708008,0.40629085898399353,36.089805603027344,48.5619010925293,13.343250274658203,19.143218994140625,35.15803675261463,0.8175668563390964,0.0,0.23890820543503455
2026-04-02 13:12:06,778,1480,1,phase_1_3_peak_stabilize,500,198.30028271502812,146,success,79.09790802001953,13.922870635986328,0.40629085898399353,37.51365661621094,48.5619010925293,11.915645599365234,15.709977149963379,35.17034475349899,0.8174431396824947,0.0,0.13751093981678003
2026-04-02 13:12:08,778,1481,1,phase_1_3_peak_stabilize,500,204.18409419965562,144,success,86.9540786743164,13.56743049621582,0.40629085898399353,36.699951171875,48.5619010925293,12.705390930175781,24.910377502441406,28.274652361798523,0.880687003842314,0.0,0.12133851683793724
2026-04-02 13:12:12,778,1482,1,phase_1_3_peak_stabilize,500,-111.15659980671616,243,high_altitude,85.03014373779297,66.49398040771484,0.40629085898399353,100.31854248046875,48.5619010925293,-50.90660095214844,-41.95629119873047,150.92768729739058,-0.8740071350412132,0.0,0.29184655640360296
2026-04-02 13:12:19,778,1483,1,phase_1_3_peak_stabilize,500,-221.91164517602482,480,low_agl,87.9695816040039,173.95040893554688,0.40629085898399353,0.2130165845155716,48.5619010925293,49.4388427734375,-11.181696891784668,31.443117353612198,0.8531584751460803,0.0,0.8668955831631734
2026-04-02 13:12:22,779,1484,1,phase_1_3_peak_stabilize,500,207.9074096005463,139,success,85.8941421508789,13.632558822631836,0.40629085898399353,36.683536529541016,48.5619010925293,12.71811294555664,25.163612365722656,26.399606632731818,0.8957148128851354,0.0,0.12381471294624119
2026-04-02 13:12:24,779,1485,1,phase_1_3_peak_stabilize,500,207.7547723347651,143,success,86.0165786743164,13.801040649414062,0.40629085898399353,36.66416931152344,48.5619010925293,12.73508071899414,21.971267700195312,20.706592733107417,0.9354033520899995,0.0,0.050581827227812584
2026-04-02 13:12:27,779,1486,1,phase_1_3_peak_stabilize,500,-113.68567857417604,244,high_altitude,85.35004425048828,63.597496032714844,0.40629085898399353,100.44188690185547,48.5619010925293,-51.03174591064453,-40.140743255615234,155.3488960678965,-0.908864453320401,0.0,0.2565160702553447
2026-04-02 13:12:32,779,1487,1,phase_1_3_peak_stabilize,500,-118.3689352500655,263,high_altitude,86.51488494873047,69.24772644042969,0.40629085898399353,100.24561309814453,48.5619010925293,-50.66935729980469,-37.46136474609375,142.83320279125178,-0.7968801482549741,0.0,0.440634052947097
2026-04-02 13:12:34,779,1488,1,phase_1_3_peak_stabilize,500,202.61245989248158,140,success,80.39336395263672,13.913795471191406,0.40629085898399353,36.73154067993164,48.5619010925293,12.681358337402344,19.034412384033203,29.241142912375544,0.872571530328967,0.0,0.1584851918203882
2026-04-02 13:12:38,779,1489,1,phase_1_3_peak_stabilize,500,-113.42876046063495,257,high_altitude,82.87911224365234,97.59651947021484,0.40629085898399353,100.34105682373047,48.5619010925293,-50.88152313232422,-48.62456130981445,131.68550078271224,-0.665041389784093,0.0,0.4023437390117931
2026-04-02 13:12:40,780,1490,1,phase_1_3_peak_stabilize,500,203.3105869373745,140,success,85.59550476074219,13.47180461883545,0.40629085898399353,36.647891998291016,48.5619010925293,12.766620635986328,29.09282684326172,27.590702831522833,0.8862787448514483,0.0,0.23166660682377793
2026-04-02 13:12:42,780,1491,1,phase_1_3_peak_stabilize,500,207.75281859557714,143,success,86.16435241699219,13.818859100341797,0.40629085898399353,36.45454406738281,48.5619010925293,12.946239471435547,21.051727294921875,26.01432249184057,0.8986844365492156,0.0,0.20378322438430296
2026-04-02 13:12:44,780,1492,1,phase_1_3_peak_stabilize,500,202.98445844756603,141,success,86.41426086425781,13.82888126373291,0.40629085898399353,36.298072814941406,48.5619010925293,13.116943359375,30.359272003173828,23.394053605453994,0.9177958384028653,0.0,0.14108044953784277
2026-04-02 13:12:47,780,1493,1,phase_1_3_peak_stabilize,500,203.20008332510395,148,success,90.4171371459961,13.488848686218262,0.40629085898399353,36.54996109008789,48.5619010925293,12.885936737060547,28.87824821472168,33.18173176155519,0.8369388564796055,0.0,0.16214037028836764
2026-04-02 13:12:51,780,1494,1,phase_1_3_peak_stabilize,500,-119.6686594366299,256,high_altitude,86.08191680908203,58.453651428222656,0.40629085898399353,100.04150390625,48.5619010925293,-50.4222412109375,-29.964744567871094,115.35383545829475,-0.42820715600331927,0.0,0.5754005731868223
2026-04-02 13:12:55,780,1495,1,phase_1_3_peak_stabilize,500,-130.47365380499787,267,high_altitude,80.7162094116211,134.7382354736328,0.40629085898399353,100.0038070678711,48.5619010925293,-50.33863830566406,-62.261192321777344,174.9046838881268,-0.9960483291263598,0.0,0.37671151567334366
2026-04-02 13:12:57,781,1496,1,phase_1_3_peak_stabilize,500,211.8074377281293,142,success,85.90091705322266,13.871253967285156,0.40629085898399353,36.95315170288086,48.5619010925293,12.45428466796875,14.470559120178223,34.034224747337404,0.8287033994427392,0.0,0.12463539056948991
2026-04-02 13:12:59,781,1497,1,phase_1_3_peak_stabilize,500,201.3492638209924,145,success,80.23281860351562,13.744424819946289,0.40629085898399353,37.050167083740234,48.5619010925293,12.368358612060547,14.391743659973145,29.27899240566117,0.8722486467130228,0.0,0.16246848296742186
2026-04-02 13:13:02,781,1498,1,phase_1_3_peak_stabilize,500,210.81399547800007,139,success,86.04386138916016,13.630143165588379,0.40629085898399353,35.92790222167969,48.5619010925293,13.48590087890625,22.854183197021484,20.436359713690447,0.937060598101367,0.0,0.25484648033266166
2026-04-02 13:13:06,781,1499,1,phase_1_3_peak_stabilize,500,-118.22359355255396,267,high_altitude,85.6539077758789,62.33297348022461,0.40629085898399353,100.374267578125,48.5619010925293,-50.55726623535156,-22.066741943359375,75.76432416085166,0.2459109739581039,0.0,0.6263229740643389
2026-04-02 13:13:08,781,1500,1,phase_1_3_peak_stabilize,500,202.1272641150544,142,success,87.39545440673828,13.493474960327148,0.40629085898399353,36.942726135253906,48.5619010925293,12.465888977050781,29.595008850097656,31.540444134190295,0.852271128948111,0.0,0.10876849591145668
2026-04-02 13:13:10,781,1501,1,phase_1_3_peak_stabilize,500,208.76307835732467,140,success,83.84246826171875,13.981096267700195,0.40629085898399353,36.662227630615234,48.5619010925293,12.743305206298828,14.419777870178223,32.02184611217655,0.8478459834096922,0.0,0.06988778683731828
2026-04-02 13:13:12,781,1502,1,phase_1_3_peak_stabilize,500,201.01136447689075,139,success,85.84490203857422,13.746676445007324,0.40629085898399353,36.62761306762695,48.5619010925293,12.788349151611328,30.49530792236328,35.168674772246916,0.8174599280889943,0.0,0.17984524019715437
2026-04-02 13:13:14,781,1503,1,phase_1_3_peak_stabilize,500,211.73827381713448,142,success,86.47461700439453,13.68066692352295,0.40629085898399353,36.078914642333984,48.5619010925293,13.326766967773438,17.998842239379883,24.334737993799415,0.9111536111245007,0.0,0.13391673459692768
2026-04-02 13:13:17,782,1504,1,phase_1_3_peak_stabilize,500,204.84484619778007,139,success,81.07817077636719,13.670269012451172,0.40629085898399353,35.949825286865234,48.5619010925293,13.461273193359375,20.86802864074707,7.891005486801295,0.9905310276099325,0.0,0.2127540248100678
2026-04-02 13:13:19,782,1505,1,phase_1_3_peak_stabilize,500,202.26739609719328,152,success,88.59789276123047,9.282872200012207,0.40629085898399353,41.141456604003906,48.5619010925293,8.265937805175781,31.00191307067871,36.82170007970048,0.8005044406217199,0.0,0.03070278256616934
2026-04-02 13:13:21,782,1506,1,phase_1_3_peak_stabilize,500,211.4434177070372,138,success,83.02371215820312,13.85453987121582,0.40629085898399353,36.8160285949707,48.5619010925293,12.587635040283203,12.851629257202148,31.788308284075473,0.8500002053313804,0.0,0.08063654967245601
2026-04-02 13:13:26,782,1507,1,phase_1_3_peak_stabilize,500,-137.5200606556497,273,high_altitude,80.49359130859375,144.70118713378906,0.40629085898399353,100.1068344116211,48.5619010925293,-50.33971405029297,-64.65290069580078,161.39213816249708,-0.9477246351018823,0.0,0.5075994576176984
2026-04-02 13:13:28,782,1508,1,phase_1_3_peak_stabilize,500,205.8800567219382,142,success,89.26702880859375,13.823587417602539,0.40629085898399353,36.27046585083008,48.5619010925293,13.150253295898438,29.031291961669922,29.818556859524666,0.8676044487782636,0.0,0.12831978053919418
2026-04-02 13:13:30,782,1509,1,phase_1_3_peak_stabilize,500,207.5893432981503,140,success,79.98352813720703,13.98061752319336,0.40629085898399353,36.93760299682617,48.5619010925293,12.462661743164062,12.182701110839844,22.70798842408289,0.9224842758090476,0.0,0.06316454635586248
2026-04-02 13:13:34,782,1510,1,phase_1_3_peak_stabilize,500,-128.34852901931384,266,high_altitude,86.33670043945312,81.71771240234375,0.40629085898399353,100.17945098876953,48.5619010925293,-50.600242614746094,-36.867279052734375,113.86816686097943,-0.4046335710982678,0.0,0.4235156933616115
2026-04-02 13:13:36,783,1511,1,phase_1_3_peak_stabilize,500,205.53755279192663,140,success,89.31084442138672,13.87592601776123,0.40629085898399353,36.831111907958984,48.5619010925293,12.570392608642578,31.889209747314453,26.465453071425326,0.8952032372903503,0.0,0.09713475025545047
2026-04-02 13:13:40,783,1512,1,phase_1_3_peak_stabilize,500,-108.7058873710341,252,high_altitude,83.59280395507812,59.491737365722656,0.40629085898399353,100.50613403320312,48.5619010925293,-50.948951721191406,-28.154172897338867,96.16261581520304,-0.10735067201222097,0.0,0.48090579631003694
2026-04-02 13:13:42,783,1513,1,phase_1_3_peak_stabilize,500,198.98129352531302,141,success,81.16246032714844,13.9838228225708,0.40629085898399353,35.51820373535156,48.5619010925293,13.914833068847656,25.21841812133789,27.693160791714902,0.8854491061088816,0.0,0.08720804558587107
2026-04-02 13:13:49,783,1514,1,phase_1_3_peak_stabilize,500,-232.64169291218792,460,low_agl,88.21543884277344,298.50775146484375,0.40629085898399353,0.3335267901420593,48.5619010925293,49.69343948364258,-45.05030822753906,56.83510715922706,0.5470504055184142,0.0,0.5065197386493947
2026-04-02 13:13:58,784,1515,1,phase_1_3_peak_stabilize,500,-270.453239285777,500,timeout,81.19776916503906,436.9104309082031,0.40629085898399353,41.130104064941406,48.5619010925293,8.668861389160156,-87.9105453491211,68.87700045843175,0.3603712831929105,0.0,0.6723761213596391
2026-04-02 13:14:00,784,1516,1,phase_1_3_peak_stabilize,500,205.99408726842324,138,success,86.6903076171875,13.385172843933105,0.40629085898399353,36.77872848510742,48.5619010925293,12.620880126953125,31.246627807617188,20.93167649456331,0.9340071057014016,0.0,0.09808647733735004
2026-04-02 13:14:04,784,1517,1,phase_1_3_peak_stabilize,500,-112.76406245060187,253,high_altitude,88.90717315673828,84.89869689941406,0.40629085898399353,100.55011749267578,48.5619010925293,-51.093421936035156,-42.171875,100.30114354652966,-0.17882185209990642,0.0,0.6278289634756424
2026-04-02 13:14:06,784,1518,1,phase_1_3_peak_stabilize,500,204.32814805554688,141,success,85.72384643554688,13.69820785522461,0.40629085898399353,36.556312561035156,48.5619010925293,12.844451904296875,26.296648025512695,23.084021073743358,0.919930878437319,0.0,0.12441407117429809
2026-04-02 13:14:08,784,1519,1,phase_1_3_peak_stabilize,500,202.50029457246234,143,success,88.23216247558594,13.961756706237793,0.40629085898399353,36.38960266113281,48.5619010925293,13.017047882080078,29.584516525268555,30.38251191891428,0.8626680829786971,0.0,0.12411623798549694
2026-04-02 13:14:12,784,1520,1,phase_1_3_peak_stabilize,500,-111.36169376251553,246,high_altitude,84.8417739868164,71.68132019042969,0.40629085898399353,100.2038345336914,48.5619010925293,-50.79137420654297,-39.796119689941406,130.8095973235498,-0.6535473952002679,0.0,0.35443536294693084
2026-04-02 13:14:15,785,1521,1,phase_1_3_peak_stabilize,500,206.6619235407391,142,success,89.6102523803711,13.860580444335938,0.40629085898399353,36.76327133178711,48.5619010925293,12.635940551757812,30.27071189880371,24.290459584957514,0.9114717859369864,0.0,0.17098948355896743
2026-04-02 13:14:17,785,1522,1,phase_1_3_peak_stabilize,500,210.2448231187123,139,success,87.071533203125,13.833203315734863,0.40629085898399353,35.655921936035156,48.5619010925293,13.764057159423828,25.826377868652344,16.88825060969266,0.956873176943329,0.0,0.24190468315096153
2026-04-02 13:14:19,785,1523,1,phase_1_3_peak_stabilize,500,206.16312989613775,144,success,78.4415283203125,13.825799942016602,0.40629085898399353,38.28549575805664,48.5619010925293,11.115131378173828,7.933444499969482,31.21775526194763,0.8552036888523801,0.0,0.015259726326432722
2026-04-02 13:14:23,785,1524,1,phase_1_3_peak_stabilize,500,-111.1832811567051,248,high_altitude,89.6471939086914,69.59321594238281,0.40629085898399353,100.52115631103516,48.5619010925293,-51.02648162841797,-43.045799255371094,147.76806910809935,-0.8458960632159607,0.0,0.34819224379453895
2026-04-02 13:14:26,785,1525,1,phase_1_3_peak_stabilize,500,-115.74495614606158,252,high_altitude,83.09734344482422,67.44657897949219,0.40629085898399353,100.18524932861328,48.5619010925293,-50.75909423828125,-36.45708084106445,126.56052298050653,-0.5956715890607045,0.0,0.27516920538931017
2026-04-02 13:14:29,785,1526,1,phase_1_3_peak_stabilize,500,201.35635043847654,142,success,83.21088409423828,13.571921348571777,0.40629085898399353,36.387821197509766,48.5619010925293,13.029598236083984,24.01860237121582,25.917516513186687,0.8994241975139122,0.0,0.23512536822011454
2026-04-02 13:14:33,786,1527,1,phase_1_3_peak_stabilize,500,-115.69602291014724,257,high_altitude,79.60521697998047,99.09912109375,0.40629085898399353,100.40492248535156,48.5619010925293,-50.93250274658203,-45.21278381347656,108.36080774827973,-0.3149998998552329,0.0,0.4586989144115334
2026-04-02 13:14:35,786,1528,1,phase_1_3_peak_stabilize,500,199.09665709762453,143,success,79.17681884765625,13.701444625854492,0.40629085898399353,37.49127960205078,48.5619010925293,11.93011474609375,18.06658363342285,30.583879556024595,0.8608852141917201,0.0,0.16941573619836323
2026-04-02 13:14:37,786,1529,1,phase_1_3_peak_stabilize,500,201.1512820387475,142,success,85.6258316040039,13.881884574890137,0.40629085898399353,36.21266174316406,48.5619010925293,13.195865631103516,27.793148040771484,30.19024209377842,0.8643604575349567,0.0,0.093968421425504
2026-04-02 13:14:40,786,1530,1,phase_1_3_peak_stabilize,500,202.0594545210586,144,success,83.6266860961914,13.9608154296875,0.40629085898399353,35.93653106689453,48.5619010925293,13.479812622070312,18.952407836914062,30.377310729861314,0.8627139921930912,0.0,0.12183692064416943
2026-04-02 13:14:42,786,1531,1,phase_1_3_peak_stabilize,500,204.87203995375702,148,success,88.68806457519531,10.250883102416992,0.40629085898399353,40.0394172668457,48.5619010925293,9.372947692871094,30.515682220458984,36.797008945850884,0.8007626411316228,0.0,0.2642920789327482
2026-04-02 13:14:46,786,1532,1,phase_1_3_peak_stabilize,500,-125.4353019044862,264,high_altitude,85.75971984863281,80.47100067138672,0.40629085898399353,100.42523193359375,48.5619010925293,-50.97473907470703,-42.680641174316406,159.21963257243445,-0.9349472999906864,0.0,0.40293489415232575
2026-04-02 13:14:50,787,1533,1,phase_1_3_peak_stabilize,500,-107.54543861828179,248,high_altitude,88.7892074584961,65.56661987304688,0.40629085898399353,100.02884674072266,48.5619010925293,-50.59040069580078,-39.886634826660156,145.07017170670102,-0.8198539045008424,0.0,0.31991771479175246
2026-04-02 13:14:54,787,1534,1,phase_1_3_peak_stabilize,500,-106.75184488747388,252,high_altitude,83.77312469482422,70.97163391113281,0.40629085898399353,100.19770050048828,48.5619010925293,-50.704803466796875,-32.747802734375,96.47745338499477,-0.11281222190230915,0.0,0.4708150261140208
2026-04-02 13:14:56,787,1535,1,phase_1_3_peak_stabilize,500,199.08471693109348,143,success,81.12552642822266,13.653125762939453,0.40629085898399353,35.79890441894531,48.5619010925293,13.627880096435547,22.843259811401367,19.616774579329352,0.9419592017081687,0.0,0.23176501447416895
2026-04-02 13:15:00,787,1536,1,phase_1_3_peak_stabilize,500,-116.0163194469178,256,high_altitude,80.17232513427734,94.7177734375,0.40629085898399353,100.47065734863281,48.5619010925293,-50.86198425292969,-46.11465072631836,134.29020708307493,-0.6982929499987722,0.0,0.4987799072131637
2026-04-02 13:15:02,787,1537,1,phase_1_3_peak_stabilize,500,205.39933030014916,138,success,81.53765869140625,13.907692909240723,0.40629085898399353,35.67253494262695,48.5619010925293,13.728328704833984,22.785297393798828,2.44280349627672,0.999091267588612,0.0,0.08687386673723133
2026-04-02 13:15:04,787,1538,1,phase_1_3_peak_stabilize,500,205.55030579612446,138,success,86.23686218261719,13.65957260131836,0.40629085898399353,36.126625061035156,48.5619010925293,13.293418884277344,30.123079299926758,24.55447542468248,0.909566579460959,0.0,0.31964271405657674
2026-04-02 13:15:06,787,1539,1,phase_1_3_peak_stabilize,500,204.1302669796141,137,success,78.90542602539062,13.878456115722656,0.40629085898399353,36.359188079833984,48.5619010925293,13.048843383789062,18.904502868652344,21.08977146818701,0.9330177871495401,0.0,0.13978359871056084
2026-04-02 13:15:09,788,1540,1,phase_1_3_peak_stabilize,500,207.19210280615096,142,success,81.1765365600586,13.997516632080078,0.40629085898399353,36.714969635009766,48.5619010925293,12.689441680908203,12.351749420166016,21.526323008988374,0.9302490906389469,0.0,0.07534526215948868
2026-04-02 13:15:11,788,1541,1,phase_1_3_peak_stabilize,500,210.50538616737862,140,success,88.31177520751953,13.828115463256836,0.40629085898399353,35.945194244384766,48.5619010925293,13.461692810058594,25.201522827148438,11.213732862340649,0.9809085723716637,0.0,0.07140746670323243
2026-04-02 13:15:15,788,1542,1,phase_1_3_peak_stabilize,500,-125.88908442724804,276,high_altitude,84.49146270751953,66.73443603515625,0.40629085898399353,100.17382049560547,48.5619010925293,-50.37675476074219,-32.23393630981445,119.14292388149434,-0.4869898417577324,0.0,0.6674644664593413
2026-04-02 13:15:19,788,1543,1,phase_1_3_peak_stabilize,500,-115.10586080276084,258,high_altitude,82.54569244384766,101.08629608154297,0.40629085898399353,100.27198028564453,48.5619010925293,-50.815757751464844,-48.47458267211914,121.64965794840238,-0.5247238962982909,0.0,0.3000247911419375
2026-04-02 13:15:21,788,1544,1,phase_1_3_peak_stabilize,500,209.37509351382073,141,success,88.54856872558594,13.451922416687012,0.40629085898399353,36.432090759277344,48.5619010925293,12.968807220458984,28.571348190307617,13.043606281557826,0.9741985783924085,0.0,0.11136078732395815
2026-04-02 13:15:24,788,1545,1,phase_1_3_peak_stabilize,500,213.8112112493582,139,success,87.86225891113281,13.819884300231934,0.40629085898399353,36.02637481689453,48.5619010925293,13.4036865234375,17.2539005279541,33.19225025287701,0.8368383684414142,0.0,0.15768263834236634
2026-04-02 13:15:28,789,1546,1,phase_1_3_peak_stabilize,500,-109.68089440390696,244,high_altitude,89.32500457763672,71.51679229736328,0.40629085898399353,100.2816390991211,48.5619010925293,-50.82341766357422,-42.477142333984375,134.64846416542045,-0.7027550755572542,0.0,0.41141675956004414
2026-04-02 13:15:30,789,1547,1,phase_1_3_peak_stabilize,500,204.7815499033949,141,success,89.55891418457031,13.7225923538208,0.40629085898399353,37.79332733154297,48.5619010925293,11.608291625976562,29.63519859313965,36.67478612574809,0.8020385605841484,0.0,0.08178790788697066
2026-04-02 13:15:34,789,1548,1,phase_1_3_peak_stabilize,500,-127.8443603478668,274,high_altitude,89.51961517333984,66.4633560180664,0.40629085898399353,100.18891906738281,48.5619010925293,-50.29328155517578,-23.55415916442871,75.72429242212621,0.2465881445806107,0.0,0.8442011491777076
2026-04-02 13:15:36,789,1549,1,phase_1_3_peak_stabilize,500,211.56769677134352,140,success,85.07501220703125,13.73159122467041,0.40629085898399353,36.52582550048828,48.5619010925293,12.901325225830078,13.607935905456543,32.16435800920887,0.8465244887736896,0.0,0.22018531722246998
2026-04-02 13:15:40,789,1550,1,phase_1_3_peak_stabilize,500,-115.31314949880591,251,high_altitude,85.46806335449219,73.29373931884766,0.40629085898399353,100.51065826416016,48.5619010925293,-51.00475311279297,-39.82804870605469,143.99068762913717,-0.8089214500517025,0.0,0.4536213125692626
2026-04-02 13:15:44,789,1551,1,phase_1_3_peak_stabilize,500,-122.23836395214786,257,high_altitude,88.08597564697266,53.9975471496582,0.40629085898399353,100.36259460449219,48.5619010925293,-50.918739318847656,-34.26173782348633,144.56609008557572,-0.8147848114198286,0.0,0.40014515204569445
2026-04-02 13:15:48,790,1552,1,phase_1_3_peak_stabilize,500,-114.82902774581197,256,high_altitude,89.55680084228516,68.65438842773438,0.40629085898399353,100.26092529296875,48.5619010925293,-50.836021423339844,-37.65572738647461,117.99998734654109,-0.46947136779174214,0.0,0.5110835500836567
2026-04-02 13:15:50,790,1553,1,phase_1_3_peak_stabilize,500,206.75924897562393,140,success,89.09056091308594,13.997163772583008,0.40629085898399353,37.33443069458008,48.5619010925293,12.070907592773438,28.770523071289062,32.92190453533873,0.8394121441868609,0.0,0.16419264532576616
2026-04-02 13:15:54,790,1554,1,phase_1_3_peak_stabilize,500,-110.35759618777351,253,high_altitude,80.03998565673828,83.51558685302734,0.40629085898399353,100.30165100097656,48.5619010925293,-50.782615661621094,-37.44350051879883,96.91244764266538,-0.12035251486195268,0.0,0.4835010986791771
2026-04-02 13:15:56,790,1555,1,phase_1_3_peak_stabilize,500,205.66069098786508,138,success,81.8426513671875,13.679543495178223,0.40629085898399353,36.39271545410156,48.5619010925293,13.017032623291016,22.727619171142578,6.309566965151815,0.9939426187079899,0.0,0.07956873180607144
2026-04-02 13:16:00,790,1556,1,phase_1_3_peak_stabilize,500,-112.47739728044543,257,high_altitude,84.97530364990234,51.719032287597656,0.40629085898399353,100.24080657958984,48.5619010925293,-50.58869171142578,-25.546056747436523,105.48984701369159,-0.2670676136376482,0.0,0.6380860707280349
2026-04-02 13:16:02,790,1557,1,phase_1_3_peak_stabilize,500,211.41312918734033,141,success,87.54032897949219,13.90697193145752,0.40629085898399353,35.88224411010742,48.5619010925293,13.547687530517578,17.896230697631836,35.11150608889391,0.8180342288710301,0.0,0.2552481472983469
2026-04-02 13:16:07,791,1558,1,phase_1_3_peak_stabilize,500,-119.55933764400743,259,high_altitude,81.36200714111328,70.99821472167969,0.40629085898399353,100.1633529663086,48.5619010925293,-50.711700439453125,-31.55451011657715,105.97394350130541,-0.2752001727191716,0.0,0.3809608006646
2026-04-02 13:16:09,791,1559,1,phase_1_3_peak_stabilize,500,209.70015173904534,141,success,85.4610366821289,13.899881362915039,0.40629085898399353,35.698753356933594,48.5619010925293,13.702468872070312,21.146074295043945,14.207696766144256,0.9694123880475909,0.0,0.02152186828201599
2026-04-02 13:16:11,791,1560,1,phase_1_3_peak_stabilize,500,210.52649606467213,139,success,88.49739074707031,13.685690879821777,0.40629085898399353,35.98771667480469,48.5619010925293,13.426719665527344,25.962682723999023,23.250532547971808,0.9187875410773569,0.0,0.24613161171621473
2026-04-02 13:16:13,791,1561,1,phase_1_3_peak_stabilize,500,209.86903195784254,140,success,86.0425796508789,13.78279972076416,0.40629085898399353,35.73088836669922,48.5619010925293,13.672714233398438,24.069889068603516,5.905148049300775,0.9946935771504092,0.0,0.0712365329788308
2026-04-02 13:16:17,791,1562,1,phase_1_3_peak_stabilize,500,-131.32047588084043,259,high_altitude,89.2444839477539,67.95171356201172,0.40629085898399353,100.54188537597656,48.5619010925293,-50.96394348144531,-39.67652130126953,159.44315734321228,-0.9363242905757271,0.0,0.6600110837216647
2026-04-02 13:16:20,791,1563,1,phase_1_3_peak_stabilize,500,212.49932804953886,139,success,88.3058090209961,13.970151901245117,0.40629085898399353,35.503414154052734,48.5619010925293,13.929756164550781,22.230989456176758,27.469596747349335,0.8872557291216678,0.0,0.26843643380769255
2026-04-02 13:16:22,791,1564,1,phase_1_3_peak_stabilize,500,204.9128864738601,136,success,80.97835540771484,13.899921417236328,0.40629085898399353,36.20614242553711,48.5619010925293,13.194725036621094,22.30070686340332,18.5732821835969,0.9479170421070835,0.0,0.0475165258789256
2026-04-02 13:16:24,792,1565,1,phase_1_3_peak_stabilize,500,202.63538709155296,150,success,90.04312896728516,13.477666854858398,0.40629085898399353,36.878910064697266,48.5619010925293,12.522438049316406,26.754783630371094,24.329249936801308,0.9111930766304327,0.0,0.097958708639016
2026-04-02 13:16:28,792,1566,1,phase_1_3_peak_stabilize,500,-121.36624556919799,262,high_altitude,82.46520233154297,89.5291748046875,0.40629085898399353,100.01044464111328,48.5619010925293,-50.3985595703125,-39.69069290161133,103.51019181484426,-0.23361832602887908,0.0,0.5324097810488396
2026-04-02 13:16:32,792,1567,1,phase_1_3_peak_stabilize,500,-110.77855215869076,257,high_altitude,86.03142547607422,56.18100357055664,0.40629085898399353,100.01997375488281,48.5619010925293,-50.4361572265625,-30.4842472076416,116.29349190317008,-0.44296935811851396,0.0,0.5038841675834725
2026-04-02 13:16:34,792,1568,1,phase_1_3_peak_stabilize,500,209.56373796523295,139,success,85.16726684570312,13.89946174621582,0.40629085898399353,37.255287170410156,48.5619010925293,12.148876190185547,20.227712631225586,30.385824560661735,0.8626388396551583,0.0,0.0880819481760532
2026-04-02 13:16:37,792,1569,1,phase_1_3_peak_stabilize,500,205.28833994320536,141,success,84.95618438720703,13.725014686584473,0.40629085898399353,37.43678665161133,48.5619010925293,11.967147827148438,20.251432418823242,36.47560414917218,0.8041100560994069,0.0,0.0919171212079249
2026-04-02 13:16:39,792,1570,1,phase_1_3_peak_stabilize,500,204.74254054178547,141,success,88.69820404052734,13.759201049804688,0.40629085898399353,36.50505065917969,48.5619010925293,12.895011901855469,31.092344284057617,25.116227748064762,0.9054486176925238,0.0,0.04959766507341866
2026-04-02 13:16:43,793,1571,1,phase_1_3_peak_stabilize,500,-135.834571366555,271,high_altitude,81.60395050048828,126.45600891113281,0.40629085898399353,100.19541931152344,48.5619010925293,-50.42066955566406,-59.31514358520508,151.8517026090666,-0.8817295139067747,0.0,0.629286788733933
2026-04-02 13:16:47,793,1572,1,phase_1_3_peak_stabilize,500,-107.98716695346491,247,high_altitude,78.42156982421875,80.53494262695312,0.40629085898399353,100.52289581298828,48.5619010925293,-51.00714874267578,-39.427879333496094,114.48523347135506,-0.4144587095329267,0.0,0.399768496906594
2026-04-02 13:16:49,793,1573,1,phase_1_3_peak_stabilize,500,200.03947762314698,146,success,80.19197082519531,13.885202407836914,0.40629085898399353,37.390201568603516,48.5619010925293,12.036026000976562,15.143013954162598,32.09406511736568,0.8471769608254729,0.0,0.24416134923192565
2026-04-02 13:16:51,793,1574,1,phase_1_3_peak_stabilize,500,203.40558486426133,142,success,87.4036865234375,13.760151863098145,0.40629085898399353,36.321510314941406,48.5619010925293,13.086078643798828,29.458690643310547,27.875993002965096,0.883961615631592,0.0,0.07788393755781611
2026-04-02 13:16:55,793,1575,1,phase_1_3_peak_stabilize,500,-119.67832572418592,255,high_altitude,79.30033874511719,102.12958526611328,0.40629085898399353,100.02470397949219,48.5619010925293,-50.519317626953125,-48.84669876098633,129.0646069340166,-0.6301963034525678,0.0,0.5298713782867233
2026-04-02 13:16:58,793,1576,1,phase_1_3_peak_stabilize,500,205.25074077931149,143,success,85.22310638427734,13.517915725708008,0.40629085898399353,36.202667236328125,48.5619010925293,13.200870513916016,23.69493865966797,18.294922946614907,0.9494532971934855,0.0,0.035452617342645536
2026-04-02 13:17:00,793,1577,1,phase_1_3_peak_stabilize,500,209.5643988562061,140,success,86.24637603759766,13.630213737487793,0.40629085898399353,35.902156829833984,48.5619010925293,13.497684478759766,24.970367431640625,5.435055157032769,0.995504200177981,0.0,0.04453990542207177
2026-04-02 13:17:02,794,1578,1,phase_1_3_peak_stabilize,500,206.46319042719256,140,success,85.30873107910156,13.639967918395996,0.40629085898399353,36.04637908935547,48.5619010925293,13.371685028076172,26.70676612854004,10.056372675407621,0.9846364258784531,0.0,0.24343453831571077
2026-04-02 13:17:06,794,1579,1,phase_1_3_peak_stabilize,500,-116.45401777295567,253,high_altitude,88.06363677978516,64.35311126708984,0.40629085898399353,100.24546813964844,48.5619010925293,-50.742164611816406,-37.70200729370117,147.8364393016912,-0.8465318967117769,0.0,0.37835890216879153
2026-04-02 13:17:13,794,1580,1,phase_1_3_peak_stabilize,500,-217.40395897327642,450,low_agl,81.49238586425781,201.79635620117188,0.40629085898399353,0.2660191059112549,48.5619010925293,49.333126068115234,-35.400390625,27.321863170696545,0.8884421544895131,0.0,1.2103423521603152
2026-04-02 13:17:15,794,1581,1,phase_1_3_peak_stabilize,500,204.83505868199015,140,success,87.3430404663086,13.796013832092285,0.40629085898399353,36.28398132324219,48.5619010925293,13.116931915283203,30.861759185791016,22.26462376958444,0.9254438302765768,0.0,0.01646434904917045
2026-04-02 13:17:17,794,1582,1,phase_1_3_peak_stabilize,500,205.9929827780906,144,success,82.44895935058594,13.83819580078125,0.40629085898399353,36.43880844116211,48.5619010925293,12.975509643554688,14.71691608428955,24.405633649836854,0.9106430376058562,0.0,0.09427032492127688
2026-04-02 13:17:22,795,1583,1,phase_1_3_peak_stabilize,500,-127.99360824604554,279,high_altitude,90.05345153808594,50.472957611083984,0.40629085898399353,100.02215576171875,48.5619010925293,-50.098289489746094,-14.76997184753418,69.47659544491049,0.35058997001838416,0.0,0.9703795472807569
2026-04-02 13:17:24,795,1584,1,phase_1_3_peak_stabilize,500,201.1876566211538,138,success,78.89898681640625,13.797504425048828,0.40629085898399353,36.3846435546875,48.5619010925293,13.03790283203125,19.89802360534668,29.15699839689557,0.8732879796014943,0.0,0.18629773444599318
2026-04-02 13:17:28,795,1585,1,phase_1_3_peak_stabilize,500,-114.30004009416436,248,high_altitude,80.55440521240234,84.10069274902344,0.40629085898399353,100.1434326171875,48.5619010925293,-50.54125213623047,-46.40576171875,144.35047467385675,-0.8125972818989914,0.0,0.6583455841779717
2026-04-02 13:17:32,795,1586,1,phase_1_3_peak_stabilize,500,-112.9085848867589,262,high_altitude,86.05571746826172,59.2340087890625,0.40629085898399353,100.02651977539062,48.5619010925293,-50.26148223876953,-23.29834747314453,75.256048803576,0.25449985425961497,0.0,0.7393490758665
2026-04-02 13:17:37,795,1587,1,phase_1_3_peak_stabilize,500,-132.22924788873664,292,high_altitude,84.59431457519531,54.259742736816406,0.40629085898399353,100.09231567382812,48.5619010925293,-50.06803894042969,-6.528281211853027,40.85741297345089,0.7563399185902641,0.0,0.9008889845823221
2026-04-02 13:17:39,795,1588,1,phase_1_3_peak_stabilize,500,206.01500252312502,140,success,85.77085876464844,13.839935302734375,0.40629085898399353,35.682369232177734,48.5619010925293,13.722919464111328,27.329788208007812,14.469074445302304,0.9682826426412091,0.0,0.16490382583370997
2026-04-02 13:17:43,796,1589,1,phase_1_3_peak_stabilize,500,-107.45534863746948,246,high_altitude,89.4946517944336,61.24964904785156,0.40629085898399353,100.17296600341797,48.5619010925293,-50.696083068847656,-38.0627555847168,126.66529808237452,-0.5971394317756175,0.0,0.547614973127278
2026-04-02 13:17:45,796,1590,1,phase_1_3_peak_stabilize,500,207.2255863352697,142,success,86.62385559082031,13.64753246307373,0.40629085898399353,36.74910354614258,48.5619010925293,12.6517333984375,26.278371810913086,19.457803633944597,0.9428870726765116,0.0,0.09810815528336646
2026-04-02 13:17:47,796,1591,1,phase_1_3_peak_stabilize,500,205.82278627562374,144,success,79.121826171875,13.981470108032227,0.40629085898399353,39.006507873535156,48.5619010925293,10.39798355102539,6.547570705413818,34.27010191522921,0.8263922411844633,0.0,0.12205497267732426
2026-04-02 13:17:51,796,1592,1,phase_1_3_peak_stabilize,500,-105.50028601972821,248,high_altitude,87.37460327148438,57.1106071472168,0.40629085898399353,100.60255432128906,48.5619010925293,-51.113372802734375,-33.20979309082031,115.85769851336659,-0.43613752567418596,0.0,0.502551204402343
2026-04-02 13:17:53,796,1593,1,phase_1_3_peak_stabilize,500,201.17157580222545,141,success,87.05387115478516,13.786842346191406,0.40629085898399353,36.59381866455078,48.5619010925293,12.810554504394531,31.081615447998047,31.982511052746446,0.8482098090507977,0.0,0.08472482615372479
2026-04-02 13:17:55,796,1594,1,phase_1_3_peak_stabilize,500,203.78159983229003,143,success,85.65249633789062,13.680147171020508,0.40629085898399353,36.91986083984375,48.5619010925293,12.483589172363281,21.949657440185547,30.31257761200252,0.8632847755263453,0.0,0.0618576484516174
2026-04-02 13:17:58,796,1595,1,phase_1_3_peak_stabilize,500,210.25001346868393,136,success,85.96047973632812,13.868273735046387,0.40629085898399353,35.82427978515625,48.5619010925293,13.578548431396484,25.93507957458496,16.061118116298697,0.9609671233212917,0.0,0.13413944246996432
2026-04-02 13:18:02,797,1596,1,phase_1_3_peak_stabilize,500,-109.06151949322147,257,high_altitude,86.53589630126953,82.6878662109375,0.40629085898399353,100.53511810302734,48.5619010925293,-51.06495666503906,-38.16407775878906,93.79632409800881,-0.06620988472122645,0.0,0.5539516602498306
2026-04-02 13:18:06,797,1597,1,phase_1_3_peak_stabilize,500,-109.58856874486713,251,high_altitude,79.53429412841797,80.83773040771484,0.40629085898399353,100.25315856933594,48.5619010925293,-50.810401916503906,-36.05897521972656,102.23615662896178,-0.211941554808559,0.0,0.4680615434970864
2026-04-02 13:18:08,797,1598,1,phase_1_3_peak_stabilize,500,207.65448460047378,141,success,88.92008972167969,13.708797454833984,0.40629085898399353,36.01908493041992,48.5619010925293,13.383468627929688,30.82247543334961,9.673228945047525,0.9857820869806687,0.0,0.14779738900331
2026-04-02 13:18:12,797,1599,1,phase_1_3_peak_stabilize,500,-113.28001176993621,264,high_altitude,89.5680160522461,53.14337921142578,0.40629085898399353,100.53923797607422,48.5619010925293,-50.90100860595703,-27.738065719604492,100.62063930533535,-0.1843054154096685,0.0,0.5886277566971848
2026-04-02 13:18:14,797,1600,1,phase_1_3_peak_stabilize,500,206.03770726650976,145,success,84.75508880615234,13.87426471710205,0.40629085898399353,36.448368072509766,48.5619010925293,12.954936981201172,19.521535873413086,13.229349007168093,0.9734618054306312,0.0,0.09986670700812064
2026-04-02 13:18:16,797,1601,1,phase_1_3_peak_stabilize,500,202.26135086669018,142,success,88.27832794189453,13.936765670776367,0.40629085898399353,37.41056823730469,48.5619010925293,11.98968505859375,29.076404571533203,36.204841790094534,0.8069104000249928,0.0,0.0436344669039609
2026-04-02 13:18:19,798,1602,1,phase_1_3_peak_stabilize,500,203.00128973305067,140,success,81.87200927734375,13.940239906311035,0.40629085898399353,35.591278076171875,48.5619010925293,13.81283187866211,23.668766021728516,10.45966887891384,0.9833829415210167,0.0,0.03217799078279164
2026-04-02 13:18:21,798,1603,1,phase_1_3_peak_stabilize,500,201.86916027811782,141,success,85.9753189086914,13.992852210998535,0.40629085898399353,36.56734085083008,48.5619010925293,12.840137481689453,28.25303077697754,35.27379138357342,0.8164018321637221,0.0,0.2271939404500833
2026-04-02 13:18:23,798,1604,1,phase_1_3_peak_stabilize,500,205.83989165981035,139,success,83.7575454711914,13.701703071594238,0.40629085898399353,35.72478485107422,48.5619010925293,13.678779602050781,25.041704177856445,5.243627579598938,0.9958150981998362,0.0,0.11278517980288234
2026-04-02 13:18:27,798,1605,1,phase_1_3_peak_stabilize,500,-111.65427617993734,247,high_altitude,80.6589584350586,80.00440216064453,0.40629085898399353,100.000244140625,48.5619010925293,-50.51409912109375,-45.45365905761719,166.79709907915995,-0.9735673400791691,0.0,0.5645955077372845
2026-04-02 13:18:31,798,1606,1,phase_1_3_peak_stabilize,500,-126.76738579581482,259,high_altitude,79.8679428100586,114.69562530517578,0.40629085898399353,100.32528686523438,48.5619010925293,-50.52100372314453,-57.16464614868164,151.2940313237134,-0.8770961325983323,0.0,0.7790936345677792
2026-04-02 13:18:33,798,1607,1,phase_1_3_peak_stabilize,500,209.1193403393921,140,success,88.05870056152344,13.738512992858887,0.40629085898399353,35.78544235229492,48.5619010925293,13.621723175048828,27.80588722229004,14.246424792511874,0.9692462675741326,0.0,0.1419246283805893
2026-04-02 13:18:38,799,1608,1,phase_1_3_peak_stabilize,500,-126.10405969400242,256,high_altitude,88.21056365966797,75.19388580322266,0.40629085898399353,100.25022888183594,48.5619010925293,-50.72650909423828,-43.03190994262695,177.1248505382178,-0.9987412066036362,0.0,0.6013722628840334
2026-04-02 13:18:40,799,1609,1,phase_1_3_peak_stabilize,500,209.08679510233878,139,success,85.27289581298828,13.994213104248047,0.40629085898399353,36.56703186035156,48.5619010925293,12.842578887939453,16.696067810058594,35.20049320849542,0.8171399363108325,0.0,0.08793736142907822
2026-04-02 13:18:42,799,1610,1,phase_1_3_peak_stabilize,500,212.12243729339048,139,success,89.90389251708984,13.916801452636719,0.40629085898399353,36.693763732910156,48.5619010925293,12.730476379394531,25.552719116210938,31.175445655133984,0.8555861842378956,0.0,0.326755475002116
2026-04-02 13:18:46,799,1611,1,phase_1_3_peak_stabilize,500,-119.50921765407782,267,high_altitude,80.58174896240234,99.10525512695312,0.40629085898399353,100.10462188720703,48.5619010925293,-50.647613525390625,-43.12608337402344,105.94101515931678,-0.27464761054579456,0.0,0.5419891355583754
2026-04-02 13:18:50,799,1612,1,phase_1_3_peak_stabilize,500,-126.81741512589359,273,high_altitude,82.42298126220703,89.33377838134766,0.40629085898399353,100.26170349121094,48.5619010925293,-50.42479705810547,-41.39189910888672,127.62734388734916,-0.6105232073982964,0.0,0.7782570817174416
2026-04-02 13:18:52,799,1613,1,phase_1_3_peak_stabilize,500,205.4437963210325,141,success,84.70890045166016,13.609454154968262,0.40629085898399353,35.90414047241211,48.5619010925293,13.500015258789062,24.46674156188965,5.986283866451356,0.9945468901164005,0.0,0.07296660710654125
2026-04-02 13:18:55,800,1614,1,phase_1_3_peak_stabilize,500,206.11434500551238,141,success,80.90277862548828,13.827533721923828,0.40629085898399353,36.8238410949707,48.5619010925293,12.579063415527344,14.022696495056152,22.255860636879312,0.9255017681895047,0.0,0.07432157867942217
2026-04-02 13:18:57,800,1615,1,phase_1_3_peak_stabilize,500,205.7370713789609,140,success,86.52670288085938,13.91052532196045,0.40629085898399353,35.73810958862305,48.5619010925293,13.670726776123047,27.1428279876709,23.333678148285667,0.9182137231937351,0.0,0.07030587529658341
2026-04-02 13:19:01,800,1616,1,phase_1_3_peak_stabilize,500,-111.87731527319511,250,high_altitude,82.56090545654297,91.1258773803711,0.40629085898399353,100.43716430664062,48.5619010925293,-50.93646240234375,-49.95217514038086,162.59041289010577,-0.9541902776689846,0.0,0.50119064266455
2026-04-02 13:19:05,800,1617,1,phase_1_3_peak_stabilize,500,-109.99031712533005,257,high_altitude,79.3659896850586,68.04672241210938,0.40629085898399353,100.25025939941406,48.5619010925293,-50.59735107421875,-27.01025390625,81.71630126776252,0.14407466439358546,0.0,0.6571196408045775
2026-04-02 13:19:07,800,1618,1,phase_1_3_peak_stabilize,500,201.63806151037616,141,success,79.52835845947266,13.972124099731445,0.40629085898399353,36.20905685424805,48.5619010925293,13.233478546142578,19.870742797851562,15.47341278161766,0.9637543572820063,0.0,0.3927969582787602
2026-04-02 13:19:11,800,1619,1,phase_1_3_peak_stabilize,500,-126.4290184355781,264,high_altitude,89.51509857177734,55.21449279785156,0.40629085898399353,100.31114196777344,48.5619010925293,-50.87584686279297,-32.7412109375,152.85378698295582,-0.8898450865461238,0.0,0.5771267341600599
2026-04-02 13:19:15,801,1620,1,phase_1_3_peak_stabilize,500,-110.94713052739374,255,high_altitude,87.63568115234375,63.1236457824707,0.40629085898399353,100.12662506103516,48.5619010925293,-50.602745056152344,-33.88615036010742,109.92138303022257,-0.3407304460554131,0.0,0.40529888349650833
2026-04-02 13:19:18,801,1621,1,phase_1_3_peak_stabilize,500,208.17091545251722,142,success,84.61592102050781,13.633922576904297,0.40629085898399353,36.81885528564453,48.5619010925293,12.584125518798828,19.086252212524414,21.737319505281114,0.9288915405562671,0.0,0.1788075255896593
2026-04-02 13:19:20,801,1622,1,phase_1_3_peak_stabilize,500,200.1187594640677,148,success,89.1074447631836,12.517580032348633,0.40629085898399353,38.235836029052734,48.5619010925293,11.172473907470703,31.116788864135742,36.804522153937896,0.800684089633378,0.0,0.04242785714024868
2026-04-02 13:19:22,801,1623,1,phase_1_3_peak_stabilize,500,202.81645263212266,145,success,89.21209716796875,13.636350631713867,0.40629085898399353,36.75785827636719,48.5619010925293,12.651439666748047,29.731027603149414,27.873633172606855,0.8839808721648511,0.0,0.1064911539456262
2026-04-02 13:19:24,801,1624,1,phase_1_3_peak_stabilize,500,208.35555629161368,140,success,80.32758331298828,13.79555606842041,0.40629085898399353,36.669273376464844,48.5619010925293,12.30428695678711,12.208919525146484,19.620913673966378,0.9419349460270873,0.0,0.19017378975079027
2026-04-02 13:19:28,801,1625,1,phase_1_3_peak_stabilize,500,-113.04792397682692,255,high_altitude,85.88829803466797,67.02455139160156,0.40629085898399353,100.445068359375,48.5619010925293,-50.92650604248047,-32.63775634765625,104.02490804050726,-0.2423436867840835,0.0,0.43847915996605075
2026-04-02 13:19:32,801,1626,1,phase_1_3_peak_stabilize,500,-109.4359410001428,242,high_altitude,85.26899719238281,74.99533081054688,0.40629085898399353,100.2732162475586,48.5619010925293,-50.842735290527344,-44.84211730957031,154.34913395832507,-0.9014485740195618,0.0,0.33269085247537983
2026-04-02 13:19:35,802,1627,1,phase_1_3_peak_stabilize,500,207.01000695625805,140,success,88.21533966064453,13.64176082611084,0.40629085898399353,36.330318450927734,48.5619010925293,13.071510314941406,31.104150772094727,19.034944914881816,0.9453198344918022,0.0,0.10837373428604653
2026-04-02 13:19:39,802,1628,1,phase_1_3_peak_stabilize,500,-119.45176400697194,257,high_altitude,87.75916290283203,78.16136932373047,0.40629085898399353,100.37066650390625,48.5619010925293,-50.758705139160156,-39.73102569580078,110.48407450461573,-0.3499470175177988,0.0,0.6749175981236544
2026-04-02 13:19:43,802,1629,1,phase_1_3_peak_stabilize,500,-110.65273508016914,260,high_altitude,87.37625122070312,100.1970443725586,0.40629085898399353,100.1488265991211,48.5619010925293,-50.52063751220703,-48.42742156982422,107.84048393730815,-0.3063679822798154,0.0,0.7391162281091204
2026-04-02 13:19:48,802,1630,1,phase_1_3_peak_stabilize,500,-125.47725448330696,289,high_altitude,85.58283233642578,51.017452239990234,0.40629085898399353,100.03523254394531,48.5619010925293,-50.13062286376953,-16.104211807250977,82.32819742493645,0.13349846881575483,0.0,0.7958523403552226
2026-04-02 13:19:52,802,1631,1,phase_1_3_peak_stabilize,500,-126.44436419541738,260,high_altitude,89.27855682373047,69.3233413696289,0.40629085898399353,100.07308959960938,48.5619010925293,-50.48076629638672,-38.02314758300781,151.836894758946,-0.8816075613130994,0.0,0.6264106711015219
2026-04-02 13:19:56,803,1632,1,phase_1_3_peak_stabilize,500,-113.56287683588187,261,high_altitude,83.4192886352539,97.3213882446289,0.40629085898399353,100.12802124023438,48.5619010925293,-50.52185821533203,-45.29035186767578,105.34389270131759,-0.2646118930447138,0.0,0.5947292484161689
2026-04-02 13:19:58,803,1633,1,phase_1_3_peak_stabilize,500,210.7153721240012,141,success,86.7735595703125,13.970748901367188,0.40629085898399353,35.480079650878906,48.5619010925293,13.9266357421875,22.096986770629883,15.636804566942704,0.9629896245251519,0.0,0.1706200013773247
2026-04-02 13:20:00,803,1634,1,phase_1_3_peak_stabilize,500,203.60473436252312,142,success,84.87639617919922,13.890462875366211,0.40629085898399353,36.17029571533203,48.5619010925293,13.242012023925781,24.370220184326172,25.82814348789707,0.9001048787946576,0.0,0.2546743896604411
2026-04-02 13:20:03,803,1635,1,phase_1_3_peak_stabilize,500,204.6831251180427,140,success,84.35896301269531,13.718987464904785,0.40629085898399353,35.78254699707031,48.5619010925293,13.627574920654297,26.304954528808594,15.290162221280802,0.9646027116720216,0.0,0.1464473745714738
2026-04-02 13:20:05,803,1636,1,phase_1_3_peak_stabilize,500,204.5627266791346,141,success,81.4392318725586,13.922993659973145,0.40629085898399353,36.814903259277344,48.5619010925293,12.593421936035156,16.49773597717285,28.256934851091508,0.8808334430411414,0.0,0.09439077885760272
2026-04-02 13:20:07,803,1637,1,phase_1_3_peak_stabilize,500,205.24791699327088,139,success,78.80935668945312,13.834101676940918,0.40629085898399353,36.94426345825195,48.5619010925293,12.464500427246094,13.060873985290527,30.72624118889517,0.8596183552457792,0.0,0.22899072822995467
2026-04-02 13:20:11,804,1638,1,phase_1_3_peak_stabilize,500,-123.8911314907152,261,high_altitude,85.39825439453125,100.26811981201172,0.40629085898399353,100.16338348388672,48.5619010925293,-50.59271240234375,-52.03924560546875,174.33288777157003,-0.9951124155608709,0.0,0.42998478638354337
2026-04-02 13:20:13,804,1639,1,phase_1_3_peak_stabilize,500,209.89824508675508,140,success,83.79462432861328,13.958500862121582,0.40629085898399353,36.06584167480469,48.5619010925293,13.334510803222656,15.834628105163574,21.133356612828152,0.9327437928098652,0.0,0.14549840544437567
2026-04-02 13:20:16,804,1640,1,phase_1_3_peak_stabilize,500,201.31673896186564,153,success,84.61669921875,9.719780921936035,0.40629085898399353,42.075626373291016,48.5619010925293,7.374912261962891,20.44202995300293,36.72964962025622,0.8014662757541249,0.0,0.42554856495344034
2026-04-02 13:20:18,804,1641,1,phase_1_3_peak_stabilize,500,211.43324212647266,139,success,85.05472564697266,13.892253875732422,0.40629085898399353,35.75770568847656,48.5619010925293,13.647224426269531,18.99566650390625,19.427979612933736,0.943060339126651,0.0,0.09249107522669846
2026-04-02 13:20:22,804,1642,1,phase_1_3_peak_stabilize,500,-117.95953339037172,255,high_altitude,80.89750671386719,85.19696044921875,0.40629085898399353,100.1135025024414,48.5619010925293,-50.65705108642578,-43.5239372253418,154.76177300684222,-0.9045427767375328,0.0,0.48277541382774786
2026-04-02 13:20:26,804,1643,1,phase_1_3_peak_stabilize,500,-109.21775565790749,250,high_altitude,88.99286651611328,69.75629425048828,0.40629085898399353,100.33821868896484,48.5619010925293,-50.89872741699219,-40.71110916137695,129.4195172236688,-0.6349937001921929,0.0,0.5260557207567286
2026-04-02 13:20:28,804,1644,1,phase_1_3_peak_stabilize,500,202.64886087240774,138,success,83.37300872802734,13.674519538879395,0.40629085898399353,36.12896728515625,48.5619010925293,13.2818603515625,27.827316284179688,23.211988082938134,0.9190528940731065,0.0,0.1270914793105228
2026-04-02 13:20:32,805,1645,1,phase_1_3_peak_stabilize,500,-122.33238701107027,250,high_altitude,89.89580535888672,73.93392181396484,0.40629085898399353,100.37428283691406,48.5619010925293,-50.77879333496094,-45.222862243652344,163.83428596061347,-0.9604604628200115,0.0,0.7765946975686026
2026-04-02 13:20:36,805,1646,1,phase_1_3_peak_stabilize,500,-111.00710575809114,254,high_altitude,79.38836669921875,78.89095306396484,0.40629085898399353,100.29866027832031,48.5619010925293,-50.64619445800781,-35.74002456665039,92.81056387623589,-0.04903392326862372,0.0,0.745548693668037
2026-04-02 13:20:40,805,1647,1,phase_1_3_peak_stabilize,500,-110.63109415208743,260,high_altitude,81.06763458251953,82.54529571533203,0.40629085898399353,100.26412200927734,48.5619010925293,-50.679115295410156,-36.07542037963867,91.87497139391671,-0.032718583818748044,0.0,0.5907570234734716
2026-04-02 13:20:42,805,1648,1,phase_1_3_peak_stabilize,500,206.71860069814144,143,success,87.7965316772461,13.945727348327637,0.40629085898399353,35.27215576171875,48.5619010925293,13.698871612548828,27.066715240478516,11.624356151279,0.9794896838689501,0.0,0.11571343452934546
2026-04-02 13:20:44,805,1649,1,phase_1_3_peak_stabilize,500,205.59159622657188,143,success,80.89026641845703,13.795063972473145,0.40629085898399353,36.79633331298828,48.5619010925293,12.604232788085938,15.128281593322754,19.500552080412415,0.9426382746120584,0.0,0.0991226536697682
2026-04-02 13:20:47,805,1650,1,phase_1_3_peak_stabilize,500,200.56339331672444,149,success,83.89314270019531,13.797393798828125,0.40629085898399353,36.81220245361328,48.5619010925293,12.611503601074219,19.323165893554688,19.968404670632655,0.9398810823530047,0.0,0.2563478633838712
2026-04-02 13:20:51,806,1651,1,phase_1_3_peak_stabilize,500,-118.26807381278763,249,high_altitude,86.0722885131836,89.43889617919922,0.40629085898399353,100.53659057617188,48.5619010925293,-51.089996337890625,-49.561031341552734,150.94402510988525,-0.8741456569531185,0.0,0.4327264849398249
2026-04-02 13:20:55,806,1652,1,phase_1_3_peak_stabilize,500,-119.36800618082981,257,high_altitude,78.57609558105469,108.34445190429688,0.40629085898399353,100.00155639648438,48.5619010925293,-50.511940002441406,-48.38401412963867,109.5833433078203,-0.33517768617447447,0.0,0.5380681439386208
2026-04-02 13:20:59,806,1653,1,phase_1_3_peak_stabilize,500,-109.56893642897768,262,high_altitude,79.95064544677734,70.77312469482422,0.40629085898399353,100.54771423339844,48.5619010925293,-50.91834259033203,-27.14348030090332,73.32542753278018,0.2869354155284914,0.0,0.7038458646398911
2026-04-02 13:21:02,806,1654,1,phase_1_3_peak_stabilize,500,-108.62937926330741,242,high_altitude,86.41242980957031,63.43315124511719,0.40629085898399353,100.33599090576172,48.5619010925293,-50.92234802246094,-41.5508918762207,151.64161965057534,-0.8799938341549995,0.0,0.43088112847731624
2026-04-02 13:21:06,806,1655,1,phase_1_3_peak_stabilize,500,-119.17211508417867,260,high_altitude,87.60735321044922,77.81267547607422,0.40629085898399353,100.33226776123047,48.5619010925293,-50.60242462158203,-44.758785247802734,144.86204218231236,-0.8177686033190567,0.0,0.7502764138066391
2026-04-02 13:21:11,807,1656,1,phase_1_3_peak_stabilize,500,-120.04890416906083,262,high_altitude,82.6222915649414,108.11512756347656,0.40629085898399353,100.31267547607422,48.5619010925293,-50.80415344238281,-54.4910774230957,155.6982056024293,-0.9113903883218434,0.0,0.6041580160431878
2026-04-02 13:21:15,807,1657,1,phase_1_3_peak_stabilize,500,-113.81866632906865,253,high_altitude,82.19175720214844,96.23199462890625,0.40629085898399353,100.32756805419922,48.5619010925293,-50.827537536621094,-50.96211624145508,145.91630920146054,-0.8282198865505531,0.0,0.606224806175505
2026-04-02 13:21:22,807,1658,1,phase_1_3_peak_stabilize,500,-268.4966674307192,494,low_agl,79.0809097290039,388.53692626953125,0.40629085898399353,0.25400510430336,48.5619010925293,49.69342041015625,-60.51606750488281,156.52920739798807,-0.91726322364555,0.0,1.8474426626951526
2026-04-02 13:21:25,807,1659,1,phase_1_3_peak_stabilize,500,199.8834771531798,143,success,83.53739929199219,13.5050048828125,0.40629085898399353,36.14009094238281,48.5619010925293,13.28945541381836,25.019479751586914,31.013781907668953,0.8570433888192127,0.0,0.25902480698751085
2026-04-02 13:21:29,808,1660,1,phase_1_3_peak_stabilize,500,-111.71023274332379,262,high_altitude,87.39054107666016,100.3079833984375,0.40629085898399353,100.2540512084961,48.5619010925293,-50.78504180908203,-49.31143569946289,112.34499369493156,-0.3801825986529221,0.0,0.6195531867595304
2026-04-02 13:21:33,808,1661,1,phase_1_3_peak_stabilize,500,-122.18967889074325,267,high_altitude,87.32524871826172,60.5195426940918,0.40629085898399353,100.02409362792969,48.5619010925293,-50.421905517578125,-24.567983627319336,84.7033683880517,0.09231204916767628,0.0,0.7733026592024069
2026-04-02 13:21:37,808,1662,1,phase_1_3_peak_stabilize,500,-118.02020808891297,262,high_altitude,82.89826202392578,106.16268157958984,0.40629085898399353,100.15142059326172,48.5619010925293,-50.71131134033203,-54.10981750488281,143.42666426785587,-0.803094858939965,0.0,0.3922339817706028
2026-04-02 13:21:44,808,1663,1,phase_1_3_peak_stabilize,500,-223.83195817180132,464,low_agl,85.4024658203125,306.64263916015625,0.40629085898399353,0.21853235363960266,48.5619010925293,49.4433479309082,-44.618194580078125,133.05783605112953,-0.6827362624916626,0.0,1.6403831002864828
2026-04-02 13:21:48,809,1664,1,phase_1_3_peak_stabilize,500,-117.19287222176723,262,high_altitude,83.72362518310547,62.43113708496094,0.40629085898399353,100.38861846923828,48.5619010925293,-50.677337646484375,-29.752735137939453,117.44857251446761,-0.4609522650875275,0.0,0.6508647210632257
2026-04-02 13:21:51,809,1665,1,phase_1_3_peak_stabilize,500,207.51108287357872,143,success,87.49699401855469,13.962355613708496,0.40629085898399353,37.155616760253906,48.5619010925293,12.25510025024414,22.2840518951416,27.525588930617808,0.8868045226707537,0.0,0.29659836406888884
2026-04-02 13:21:55,809,1666,1,phase_1_3_peak_stabilize,500,-112.31591662200009,259,high_altitude,79.70625305175781,78.30731964111328,0.40629085898399353,100.11117553710938,48.5619010925293,-50.66157531738281,-36.61418914794922,102.58976918267167,-0.21796897681010882,0.0,0.5057086122455506
2026-04-02 13:21:57,809,1667,1,phase_1_3_peak_stabilize,500,204.0925504149369,142,success,86.24913024902344,13.744239807128906,0.40629085898399353,37.16081619262695,48.5619010925293,12.24020767211914,25.713579177856445,31.289076097260903,0.8545578651133855,0.0,0.0861973596094557
2026-04-02 13:21:59,809,1668,1,phase_1_3_peak_stabilize,500,206.97389372913017,140,success,89.31153869628906,13.865388870239258,0.40629085898399353,36.10508728027344,48.5619010925293,13.294837951660156,31.154251098632812,14.734454615313979,0.9671149814478814,0.0,0.17347392364440925
2026-04-02 13:22:02,809,1669,1,phase_1_3_peak_stabilize,500,200.8947491710527,160,success,86.4070053100586,6.252504348754883,0.40629085898399353,43.26900100708008,48.5619010925293,6.182609558105469,26.112897872924805,36.44563669418875,0.8044208776642979,0.0,0.3444387130565252
2026-04-02 13:22:06,810,1670,1,phase_1_3_peak_stabilize,500,-120.45923017620333,269,high_altitude,86.54715728759766,52.8482780456543,0.40629085898399353,100.27770233154297,48.5619010925293,-50.51441192626953,-19.138473510742188,77.72195882981487,0.21265591413132537,0.0,0.7324085535466612
2026-04-02 13:22:10,810,1671,1,phase_1_3_peak_stabilize,500,-133.29037031157054,265,high_altitude,80.16300201416016,74.9186782836914,0.40629085898399353,100.22404479980469,48.5619010925293,-50.63783264160156,-40.69314956665039,166.4634716589615,-0.9722208920788911,0.0,0.5689392297229025
2026-04-02 13:22:14,810,1672,1,phase_1_3_peak_stabilize,500,-112.96135552440158,262,high_altitude,88.12904357910156,54.76443099975586,0.40629085898399353,100.51712799072266,48.5619010925293,-50.94569396972656,-25.582988739013672,105.33467877612723,-0.2644568084850934,0.0,0.597288184113952
2026-04-02 13:22:22,810,1673,1,phase_1_3_peak_stabilize,500,-257.29186129459436,500,timeout,83.56249237060547,455.3014831542969,0.40629085898399353,34.38075256347656,48.5619010925293,15.328685760498047,-60.05233383178711,125.38243829208439,-0.579031300620071,0.0,1.552119863904132
2026-04-02 13:22:30,811,1674,1,phase_1_3_peak_stabilize,500,-227.61034943809895,500,timeout,84.55827331542969,425.2479553222656,0.40629085898399353,28.415983200073242,48.5619010925293,21.280885696411133,-47.6285514831543,92.70894432176443,-0.04726238469992358,0.0,1.3006156779423619
2026-04-02 13:22:33,811,1675,1,phase_1_3_peak_stabilize,500,-129.85035963432657,254,high_altitude,83.23047637939453,80.34394836425781,0.40629085898399353,100.3672103881836,48.5619010925293,-50.762535095214844,-44.471378326416016,164.02040861549634,-0.9613598163024171,0.0,0.5827249425778378
2026-04-02 13:22:38,811,1676,1,phase_1_3_peak_stabilize,500,-127.47681717397492,266,high_altitude,83.31432342529297,123.73554992675781,0.40629085898399353,100.37043762207031,48.5619010925293,-50.76387023925781,-59.76476287841797,138.15468713433313,-0.7449486336035234,0.0,0.5690355922080601
2026-04-02 13:22:45,812,1677,1,phase_1_3_peak_stabilize,500,-262.7854285129166,472,low_agl,81.12035369873047,325.9917907714844,0.40629085898399353,0.22010834515094757,48.5619010925293,49.4316520690918,-48.602699279785156,22.165246224708046,0.9260996005279157,0.0,1.0300718636243267
2026-04-02 13:22:47,812,1678,1,phase_1_3_peak_stabilize,500,206.957926715245,136,success,84.51078796386719,13.675618171691895,0.40629085898399353,36.13998031616211,48.5619010925293,13.280487060546875,25.228885650634766,31.748286790633784,0.8503679590138395,0.0,0.2496070731100806
2026-04-02 13:22:51,812,1679,1,phase_1_3_peak_stabilize,500,-112.72653970189239,250,high_altitude,79.98611450195312,80.14572143554688,0.40629085898399353,100.46562957763672,48.5619010925293,-50.83740997314453,-35.38567352294922,89.37963008254425,0.010827286081419587,0.0,0.6935570948818618
2026-04-02 13:22:55,812,1680,1,phase_1_3_peak_stabilize,500,-113.80438784165395,244,high_altitude,83.47354888916016,67.12718963623047,0.40629085898399353,100.21028900146484,48.5619010925293,-50.60523986816406,-41.971473693847656,149.69681890706258,-0.8633675376271349,0.0,0.6166065062972697
2026-04-02 13:22:59,812,1681,1,phase_1_3_peak_stabilize,500,-125.65805199079118,259,high_altitude,82.99169158935547,123.70411682128906,0.40629085898399353,100.18896484375,48.5619010925293,-50.48661804199219,-61.93474578857422,161.33326193185155,-0.9473962436553863,0.0,0.539111225942702
2026-04-02 13:23:01,813,1682,1,phase_1_3_peak_stabilize,500,202.79551022152998,136,success,82.3450698852539,13.888544082641602,0.40629085898399353,35.64265060424805,48.5619010925293,13.792167663574219,26.47167205810547,30.89647682376857,0.8580964822795473,0.0,0.38620731324938934
2026-04-02 13:23:08,813,1683,1,phase_1_3_peak_stabilize,500,-203.4524198445245,421,low_agl,88.77954864501953,384.00927734375,0.40629085898399353,0.3819487392902374,48.5619010925293,49.73507308959961,-80.97781372070312,77.84479978203754,0.21056048682919024,0.0,0.37023373194648673
2026-04-02 13:23:12,813,1684,1,phase_1_3_peak_stabilize,500,-144.717847982955,287,high_altitude,80.03639221191406,168.17164611816406,0.40629085898399353,100.334228515625,48.5619010925293,-50.65837860107422,-67.26779174804688,134.35839969174836,-0.6991444044274491,0.0,0.41933101372357456
2026-04-02 13:23:19,814,1685,1,phase_1_3_peak_stabilize,500,-214.43172398596423,427,low_agl,82.33483123779297,276.11419677734375,0.40629085898399353,0.2559201419353485,48.5619010925293,49.69461441040039,-52.91273498535156,44.16354213553347,0.7173540754540094,0.0,0.7179582300867878
2026-04-02 13:23:25,814,1686,1,phase_1_3_peak_stabilize,500,-162.06878477112016,374,low_agl,86.44388580322266,274.3477783203125,0.40629085898399353,0.3041199743747711,48.5619010925293,49.68132400512695,-55.47086715698242,50.32375463476509,0.6384487721944309,0.0,0.6473967564950422
2026-04-02 13:23:29,814,1687,1,phase_1_3_peak_stabilize,500,-146.81014548987383,275,high_altitude,81.644775390625,125.74101257324219,0.40629085898399353,100.19686126708984,48.5619010925293,-50.379547119140625,-58.95535659790039,147.5301599589295,-0.8436741584088763,0.0,0.5707354614670284
2026-04-02 13:23:36,814,1688,1,phase_1_3_peak_stabilize,500,-253.79749938792395,475,low_agl,80.80913543701172,501.8301086425781,0.40629085898399353,0.3487313389778137,48.5619010925293,49.695396423339844,-105.5589599609375,112.14906971858974,-0.37701763027142116,0.0,0.22956158870607696
2026-04-02 13:23:44,815,1689,1,phase_1_3_peak_stabilize,500,-221.67083108463456,499,low_agl,86.50069427490234,170.1094512939453,0.40629085898399353,0.21944983303546906,48.5619010925293,49.43338394165039,-5.5132904052734375,89.39457453644823,0.010566471079547802,0.0,0.8847187190668037
2026-04-02 13:23:51,815,1690,1,phase_1_3_peak_stabilize,500,-173.60660952235312,431,collision,87.56575012207031,60.322906494140625,0.40629085898399353,0.12266803532838821,48.5619010925293,49.665626525878906,-0.5464439988136292,60.46057498576441,0.49302233202004503,1.0,0.7121492137675479
2026-04-02 13:23:58,816,1691,1,phase_1_3_peak_stabilize,500,-193.75525541347355,435,low_agl,83.80509948730469,139.03504943847656,0.40629085898399353,0.2804054021835327,48.5619010925293,49.678123474121094,-32.985511779785156,72.57782234698728,0.2994101305740093,0.0,0.5784341989418654
2026-04-02 13:24:00,816,1692,1,phase_1_3_peak_stabilize,500,209.66024841874895,136,success,85.85884094238281,13.726783752441406,0.40629085898399353,35.76630783081055,48.5619010925293,13.64279556274414,26.447328567504883,18.544675643805594,0.9480759527394662,0.0,0.17212656817645716
2026-04-02 13:24:02,816,1693,1,phase_1_3_peak_stabilize,500,201.80693924722559,142,success,88.33294677734375,13.643745422363281,0.40629085898399353,36.86872100830078,48.5619010925293,12.551570892333984,30.60022735595703,32.24483812819913,0.8457758924884642,0.0,0.25174889981879484
2026-04-02 13:24:04,816,1694,1,phase_1_3_peak_stabilize,500,210.8875990115713,136,success,88.4273681640625,13.905084609985352,0.40629085898399353,35.843257904052734,48.5619010925293,13.584674835205078,29.5333309173584,20.038786354935052,0.9394608750927825,0.0,0.3100900683697873
2026-04-02 13:24:08,816,1695,1,phase_1_3_peak_stabilize,500,-119.78968412424629,256,high_altitude,83.56904602050781,121.34822082519531,0.40629085898399353,100.30026245117188,48.5619010925293,-50.76622009277344,-61.06432342529297,158.89640070015275,-0.93293091811724,0.0,0.12287798942327963
2026-04-02 13:24:12,816,1696,1,phase_1_3_peak_stabilize,500,-116.36129702243663,246,high_altitude,80.75211334228516,88.22591400146484,0.40629085898399353,100.46946716308594,48.5619010925293,-51.00792694091797,-48.675960540771484,150.26130672120746,-0.8682967207064408,0.0,0.13853877141769932
2026-04-02 13:24:14,816,1697,1,phase_1_3_peak_stabilize,500,204.51819173021966,138,success,81.94745635986328,13.664835929870605,0.40629085898399353,35.99767303466797,48.5619010925293,13.409564971923828,22.57245635986328,19.479711465707414,0.9427596335760028,0.0,0.12942938554080083
2026-04-02 13:24:19,817,1698,1,phase_1_3_peak_stabilize,500,-135.3983533055337,278,high_altitude,80.89132690429688,93.37222290039062,0.40629085898399353,100.40248107910156,48.5619010925293,-50.749778747558594,-30.721092224121094,85.14770634450687,0.08458730386489376,0.0,0.5325772403983463
2026-04-02 13:24:22,817,1699,1,phase_1_3_peak_stabilize,500,-110.62214979612607,243,high_altitude,88.43719482421875,67.05711364746094,0.40629085898399353,100.2384262084961,48.5619010925293,-50.82691955566406,-41.178855895996094,143.008451784976,-0.7987242759800062,0.0,0.08014406387793696
2026-04-02 13:24:30,817,1700,1,phase_1_3_peak_stabilize,500,-238.17523165957982,500,timeout,83.55750274658203,294.99652099609375,0.40629085898399353,15.886773109436035,48.5619010925293,34.169639587402344,-73.79120635986328,96.83804639203643,-0.11906330581544576,0.0,0.3178060834579242
2026-04-02 13:24:34,818,1701,1,phase_1_3_peak_stabilize,500,-111.3210120604591,243,high_altitude,89.98255157470703,58.33257293701172,0.40629085898399353,100.33641052246094,48.5619010925293,-50.93061065673828,-41.586856842041016,157.81855586798972,-0.9259929041444835,0.0,0.2511907618224665
2026-04-02 13:24:36,818,1702,1,phase_1_3_peak_stabilize,500,210.1173235608946,135,success,85.8105697631836,13.915287017822266,0.40629085898399353,36.02586364746094,48.5619010925293,13.39194107055664,23.941205978393555,28.367968113786528,0.879914338750126,0.0,0.2697371962722972
2026-04-02 13:24:40,818,1703,1,phase_1_3_peak_stabilize,500,-113.93770236983879,256,high_altitude,88.54415130615234,63.93254089355469,0.40629085898399353,100.0209732055664,48.5619010925293,-50.572853088378906,-34.61289596557617,116.01641844929935,-0.438628683612518,0.0,0.4251045306293573
2026-04-02 13:24:42,818,1704,1,phase_1_3_peak_stabilize,500,206.9093749881394,138,success,88.49980926513672,13.442706108093262,0.40629085898399353,37.17168045043945,48.5619010925293,12.229965209960938,32.975921630859375,21.554514614787603,0.9300684358119786,0.0,0.1914556547000865
2026-04-02 13:24:44,818,1705,1,phase_1_3_peak_stabilize,500,211.6216158917964,135,success,84.33247375488281,13.676576614379883,0.40629085898399353,36.38698196411133,48.5619010925293,13.031105041503906,20.11814308166504,24.526724366084718,0.9097677472862487,0.0,0.24597216245647605
2026-04-02 13:24:47,818,1706,1,phase_1_3_peak_stabilize,500,203.37399672596177,136,success,83.18708801269531,13.57075309753418,0.40629085898399353,37.1888313293457,48.5619010925293,12.218875885009766,24.787843704223633,35.930835091161136,0.8097259528763124,0.0,0.12130671726140997
2026-04-02 13:24:51,818,1707,1,phase_1_3_peak_stabilize,500,-144.56719389009135,314,high_altitude,87.03421783447266,133.80520629882812,0.40629085898399353,100.12175750732422,48.5619010925293,-50.40773010253906,-40.34292221069336,81.23853636550929,0.15232113270221723,0.0,0.5437741802565064
2026-04-02 13:24:55,819,1708,1,phase_1_3_peak_stabilize,500,-114.11790581441149,240,high_altitude,89.09326171875,66.23502349853516,0.40629085898399353,100.19083404541016,48.5619010925293,-50.763160705566406,-43.72737503051758,159.770569291266,-0.9383155321280378,0.0,0.3993809522101905
2026-04-02 13:25:03,819,1709,1,phase_1_3_peak_stabilize,500,-275.32205432680763,483,low_agl,88.02484130859375,554.5967407226562,0.40629085898399353,0.347922682762146,48.5619010925293,49.69599914550781,-115.68798828125,108.7639869847964,-0.32167061929966767,0.0,0.2747044736605374
2026-04-02 13:25:09,819,1710,1,phase_1_3_peak_stabilize,500,-208.73120684759553,434,low_agl,89.68985748291016,446.61968994140625,0.40629085898399353,0.37514370679855347,48.5619010925293,49.7105712890625,-103.50118255615234,110.65551225278305,-0.35274840461103846,0.0,0.2871314252754791
2026-04-02 13:25:17,820,1711,1,phase_1_3_peak_stabilize,500,-249.95251516165882,464,low_agl,86.54877471923828,519.3275146484375,0.40629085898399353,0.3417384624481201,48.5619010925293,49.695552825927734,-114.02149963378906,115.61891509998294,-0.4323834479199555,0.0,0.31952663772303647
2026-04-02 13:25:21,820,1712,1,phase_1_3_peak_stabilize,500,-127.77021577020813,272,high_altitude,89.88025665283203,130.74560546875,0.40629085898399353,100.26591491699219,48.5619010925293,-50.651161193847656,-60.42982864379883,132.24020776596566,-0.6722402893596933,0.0,0.2560281476316959
2026-04-02 13:25:25,820,1713,1,phase_1_3_peak_stabilize,500,-133.7681887030988,262,high_altitude,82.15786743164062,62.524288177490234,0.40629085898399353,100.38188171386719,48.5619010925293,-50.825592041015625,-33.01858139038086,144.42191845257508,-0.8133233922012422,0.0,0.3361257522386706
2026-04-02 13:25:29,820,1714,1,phase_1_3_peak_stabilize,500,-119.89976489453719,246,high_altitude,83.21156311035156,86.1767349243164,0.40629085898399353,100.58561706542969,48.5619010925293,-51.114768981933594,-49.84551239013672,158.7331728393678,-0.9319013848955461,0.0,0.17497016311263966
2026-04-02 13:25:31,821,1715,1,phase_1_3_peak_stabilize,500,207.19177848820027,132,success,83.86532592773438,13.889933586120605,0.40629085898399353,36.418601989746094,48.5619010925293,12.999320983886719,25.976572036743164,35.360305974695386,0.8155289211167204,0.0,0.29106266281943066
2026-04-02 13:25:38,821,1716,1,phase_1_3_peak_stabilize,500,-253.15367309251502,452,low_agl,82.0624771118164,365.9769592285156,0.40629085898399353,0.22180402278900146,48.5619010925293,49.68108367919922,-55.076011657714844,29.827094595987184,0.8675303423792814,0.0,0.7095360177367811
2026-04-02 13:25:42,821,1717,1,phase_1_3_peak_stabilize,500,-133.28000102617426,259,high_altitude,78.8919448852539,102.48776245117188,0.40629085898399353,100.01292419433594,48.5619010925293,-50.38603973388672,-51.601688385009766,167.88248444016668,-0.9777191097973531,0.0,0.4130343634135955
2026-04-02 13:25:48,821,1718,1,phase_1_3_peak_stabilize,500,-160.1797762007566,359,low_agl,82.81364440917969,97.98237609863281,0.40629085898399353,0.2838931381702423,48.5619010925293,49.69337463378906,-21.274202346801758,70.37983332113131,0.33578312958502793,0.0,0.933156537920174
2026-04-02 13:25:53,822,1719,1,phase_1_3_peak_stabilize,500,-155.82208128951572,313,high_altitude,88.15752410888672,181.391845703125,0.40629085898399353,100.02921295166016,48.5619010925293,-50.18876647949219,-63.7684440612793,104.36981893321456,-0.24817964280088722,0.0,0.4964203817683801
2026-04-02 13:26:00,822,1720,1,phase_1_3_peak_stabilize,500,-220.26211862141992,480,low_agl,85.90587615966797,246.6741943359375,0.40629085898399353,0.28023791313171387,48.5619010925293,49.68292999267578,-22.571073532104492,42.11338913916786,0.7418191523668269,0.0,0.5342737205666246
2026-04-02 13:26:04,822,1721,1,phase_1_3_peak_stabilize,500,-128.91374634501108,261,high_altitude,88.99732208251953,114.46687316894531,0.40629085898399353,100.05082702636719,48.5619010925293,-50.55272674560547,-58.79991912841797,157.27046050785287,-0.9223390085996909,0.0,0.14765312630222555
2026-04-02 13:26:10,823,1722,1,phase_1_3_peak_stabilize,500,-150.95083556780972,354,low_agl,88.54840087890625,168.4504852294922,0.40629085898399353,0.37971895933151245,48.5619010925293,49.73918151855469,-37.40102767944336,83.91005557633306,0.10608956049270792,0.0,0.5002350057129523
2026-04-02 13:26:14,823,1723,1,phase_1_3_peak_stabilize,500,-153.4874039121633,293,high_altitude,81.01940155029297,183.83274841308594,0.40629085898399353,100.03632354736328,48.5619010925293,-50.29985809326172,-75.16966247558594,169.5354448608231,-0.983367455686161,0.0,0.23604072678364113
2026-04-02 13:26:16,823,1724,1,phase_1_3_peak_stabilize,500,208.83011050976023,135,success,89.57305908203125,13.550600051879883,0.40629085898399353,37.84165954589844,48.5619010925293,11.567604064941406,31.868799209594727,30.616111218717887,0.8605988536796721,0.0,0.1827385882901616
2026-04-02 13:26:20,823,1725,1,phase_1_3_peak_stabilize,500,-110.52920637055246,247,high_altitude,85.04920959472656,88.96592712402344,0.40629085898399353,100.00291442871094,48.5619010925293,-50.49915313720703,-47.99967956542969,134.08143552090434,-0.6956800790428598,0.0,0.17355329209184345
2026-04-02 13:26:22,823,1726,1,phase_1_3_peak_stabilize,500,205.70719956515427,138,success,87.05592346191406,11.233630180358887,0.40629085898399353,39.37890625,48.5619010925293,10.02609634399414,33.28334426879883,36.30119868381049,0.8059158965767544,0.0,0.28379731216385395
2026-04-02 13:26:26,824,1727,1,phase_1_3_peak_stabilize,500,-110.73531286200294,242,high_altitude,82.21819305419922,64.42115783691406,0.40629085898399353,100.49808502197266,48.5619010925293,-51.056976318359375,-35.989952087402344,118.39061952555245,-0.47548018648747375,0.0,0.3404587283747429
2026-04-02 13:26:33,824,1728,1,phase_1_3_peak_stabilize,500,-213.2808962781305,422,low_agl,85.63678741455078,391.38763427734375,0.40629085898399353,0.3912073075771332,48.5619010925293,49.7293586730957,-89.57886505126953,83.66974220057533,0.11025920478053806,0.0,0.587962768665734
2026-04-02 13:26:39,824,1729,1,phase_1_3_peak_stabilize,500,-210.43103723695572,414,low_agl,88.30499267578125,387.7574157714844,0.40629085898399353,0.30972394347190857,48.5619010925293,49.70600509643555,-80.14999389648438,53.606767021601755,0.5933238190282721,0.0,0.8073187907322851
2026-04-02 13:26:46,825,1730,1,phase_1_3_peak_stabilize,500,-223.70373810028605,445,low_agl,89.43452453613281,233.6238250732422,0.40629085898399353,0.3919515013694763,48.5619010925293,49.74897766113281,-61.62258529663086,102.43270215251806,-0.2152927378579845,0.0,0.46850790055088815
2026-04-02 13:26:50,825,1731,1,phase_1_3_peak_stabilize,500,-117.17430496908749,244,high_altitude,85.9891586303711,66.79666900634766,0.40629085898399353,100.39440155029297,48.5619010925293,-50.90812683105469,-39.162723541259766,123.78932398893559,-0.5561407672248193,0.0,0.29363101597400054
2026-04-02 13:26:53,825,1732,1,phase_1_3_peak_stabilize,500,-103.34415361843342,229,high_altitude,83.7767333984375,58.1376953125,0.40629085898399353,100.71321105957031,48.5619010925293,-51.20741271972656,-38.04410934448242,125.0797516288261,-0.5747160814227119,0.0,0.27754447425517015
2026-04-02 13:26:57,825,1733,1,phase_1_3_peak_stabilize,500,-110.48666545389732,249,high_altitude,81.08235168457031,78.1897201538086,0.40629085898399353,100.22563934326172,48.5619010925293,-50.67295837402344,-38.21066665649414,102.21150647624721,-0.21152108261514974,0.0,0.35224310349852844
2026-04-02 13:27:01,825,1734,1,phase_1_3_peak_stabilize,500,-120.60829782224224,256,high_altitude,86.03423309326172,51.62306594848633,0.40629085898399353,100.11209869384766,48.5619010925293,-50.613861083984375,-30.595224380493164,128.02111795337873,-0.615951876784319,0.0,0.31995604579792974
2026-04-02 13:27:03,826,1735,1,phase_1_3_peak_stabilize,500,206.50753751025954,134,success,87.9709243774414,13.749313354492188,0.40629085898399353,36.657432556152344,48.5619010925293,12.767776489257812,33.62112808227539,29.030380350061876,0.8743625201363763,0.0,0.2810976615707668
2026-04-02 13:27:07,826,1736,1,phase_1_3_peak_stabilize,500,-109.55085812751936,241,high_altitude,84.65352630615234,58.359806060791016,0.40629085898399353,100.5313491821289,48.5619010925293,-50.969749450683594,-31.25031852722168,98.7583130960505,-0.15226678684643918,0.0,0.5064129873100672
2026-04-02 13:27:11,826,1737,1,phase_1_3_peak_stabilize,500,-121.42105733198639,238,high_altitude,79.32391357421875,77.92328643798828,0.40629085898399353,100.4389419555664,48.5619010925293,-50.9481201171875,-44.27941131591797,151.5517207007196,-0.8792474840984891,0.0,0.3026541358705087
2026-04-02 13:27:15,826,1738,1,phase_1_3_peak_stabilize,500,-112.98196625747292,246,high_altitude,82.29045104980469,55.828983306884766,0.40629085898399353,100.38713836669922,48.5619010925293,-50.73820495605469,-26.675106048583984,89.10888821403411,0.015552207661758575,0.0,0.6292869155426876
2026-04-02 13:27:18,826,1739,1,phase_1_3_peak_stabilize,500,-126.63244113271975,249,high_altitude,85.26246643066406,104.17920684814453,0.40629085898399353,100.18217468261719,48.5619010925293,-50.63683319091797,-57.180049896240234,170.601391503452,-0.9865761279020755,0.0,0.34811356840294894
2026-04-02 13:27:23,827,1740,1,phase_1_3_peak_stabilize,500,-120.27176070448948,253,high_altitude,85.39229583740234,57.79688262939453,0.40629085898399353,100.1732406616211,48.5619010925293,-50.61402130126953,-28.343841552734375,99.42841612533128,-0.16381523747961574,0.0,0.4450801689400783
2026-04-02 13:27:25,827,1741,1,phase_1_3_peak_stabilize,500,205.1130565100477,132,success,80.52377319335938,13.667874336242676,0.40629085898399353,35.798152923583984,48.5619010925293,13.63437271118164,25.56235122680664,22.12700741063973,0.9263511877785803,0.0,0.5350013180113741
2026-04-02 13:27:28,827,1742,1,phase_1_3_peak_stabilize,500,-105.54074997030541,227,high_altitude,89.73346710205078,60.550289154052734,0.40629085898399353,100.2652359008789,48.5619010925293,-50.852439880371094,-44.12187957763672,142.01261020398812,-0.7881462351951095,0.0,0.06722837899156482
2026-04-02 13:27:32,827,1743,1,phase_1_3_peak_stabilize,500,-129.37289450956325,251,high_altitude,90.05221557617188,56.526336669921875,0.40629085898399353,100.30461883544922,48.5619010925293,-50.67303466796875,-31.294668197631836,118.46750013485013,-0.47666019239740404,0.0,0.5226916959085337
2026-04-02 13:27:36,827,1744,1,phase_1_3_peak_stabilize,500,-114.62993828464161,231,high_altitude,88.96283721923828,65.0715103149414,0.40629085898399353,100.53338623046875,48.5619010925293,-51.07536315917969,-44.509063720703125,154.53984650033016,-0.9028844661289488,0.0,0.3983467151332933
2026-04-02 13:27:39,827,1745,1,phase_1_3_peak_stabilize,500,-112.38336507386562,231,high_altitude,82.2296371459961,70.64328002929688,0.40629085898399353,100.06982421875,48.5619010925293,-50.625633239746094,-44.08123016357422,145.46910939574312,-0.8238206950429644,0.0,0.11988642098893926
2026-04-02 13:27:42,828,1746,1,phase_1_3_peak_stabilize,500,203.91173782379406,133,success,80.31914520263672,13.458036422729492,0.40629085898399353,36.0091438293457,48.5619010925293,13.410713195800781,27.221616744995117,21.474300873174972,0.9305818627841336,0.0,0.34518898592239133
2026-04-02 13:27:48,828,1747,1,phase_1_3_peak_stabilize,500,-198.47255046214005,434,low_agl,86.98774719238281,126.16300201416016,0.40629085898399353,0.2353079915046692,48.5619010925293,49.672088623046875,-15.50485610961914,47.19969099519837,0.6794452613677294,0.0,0.6965383997918961
2026-04-02 13:27:53,828,1748,1,phase_1_3_peak_stabilize,500,-131.67249192187853,277,high_altitude,81.03901672363281,67.76402282714844,0.40629085898399353,100.31193542480469,48.5619010925293,-50.564552307128906,-24.43720054626465,87.44736273615847,0.04453718799946547,0.0,0.6075874691229577
2026-04-02 13:27:57,828,1749,1,phase_1_3_peak_stabilize,500,-130.88328302351312,258,high_altitude,84.94467163085938,52.9589729309082,0.40629085898399353,100.5380859375,48.5619010925293,-50.9287109375,-29.850595474243164,127.38737202104993,-0.6072007361408714,0.0,0.490888787693799
2026-04-02 13:28:01,829,1750,1,phase_1_3_peak_stabilize,500,-116.92585161458743,244,high_altitude,90.1573257446289,64.32067108154297,0.40629085898399353,100.19232177734375,48.5619010925293,-50.712257385253906,-38.9886360168457,123.15044175435095,-0.5468392556471141,0.0,0.2760262180529245
2026-04-02 13:28:05,829,1751,1,phase_1_3_peak_stabilize,500,-128.88959164042126,255,high_altitude,85.46283721923828,87.12972259521484,0.40629085898399353,100.39396667480469,48.5619010925293,-50.76806640625,-40.068572998046875,104.75933096120204,-0.2547594340574778,0.0,0.5254956650526595
2026-04-02 13:28:09,829,1752,1,phase_1_3_peak_stabilize,500,-121.36697255173755,267,high_altitude,89.63002014160156,62.24385070800781,0.40629085898399353,100.26441192626953,48.5619010925293,-50.714683532714844,-30.546226501464844,106.13411826753138,-0.27788672512885865,0.0,0.38496385351262896
2026-04-02 13:28:13,829,1753,1,phase_1_3_peak_stabilize,500,-155.94113358312785,300,high_altitude,79.63553619384766,190.80531311035156,0.40629085898399353,100.19194793701172,48.5619010925293,-50.419395446777344,-72.80756378173828,128.52093753646193,-0.6228005827423361,0.0,0.37517813731533495
2026-04-02 13:28:15,829,1754,1,phase_1_3_peak_stabilize,500,206.62372514248366,135,success,80.51632690429688,13.697356224060059,0.40629085898399353,35.98720169067383,48.5619010925293,13.43465805053711,21.383169174194336,11.317588449991632,0.9805544615090583,0.0,0.28945325017167367
2026-04-02 13:28:20,830,1755,1,phase_1_3_peak_stabilize,500,-157.22070884698823,298,high_altitude,78.9265365600586,160.8981170654297,0.40629085898399353,100.19688415527344,48.5619010925293,-50.479637145996094,-67.77674865722656,169.3200480151576,-0.9826777018581196,0.0,0.2720168759794366
2026-04-02 13:28:24,830,1756,1,phase_1_3_peak_stabilize,500,-124.76521057805375,267,high_altitude,88.7923583984375,79.49598693847656,0.40629085898399353,100.16940307617188,48.5619010925293,-50.40301513671875,-39.90182876586914,127.64268449222502,-0.6107352383742165,0.0,0.4324935870535079
2026-04-02 13:28:29,830,1757,1,phase_1_3_peak_stabilize,500,-157.62815609033672,302,high_altitude,78.94951629638672,195.92088317871094,0.40629085898399353,100.1934585571289,48.5619010925293,-50.57105255126953,-71.09632110595703,128.6097982975638,-0.6240132373976259,0.0,0.3224975964729635
2026-04-02 13:28:33,830,1758,1,phase_1_3_peak_stabilize,500,-124.71957129576799,254,high_altitude,81.86786651611328,72.96919250488281,0.40629085898399353,100.31059265136719,48.5619010925293,-50.79680633544922,-39.96562957763672,140.41860797624722,-0.7707202186145605,0.0,0.10201491933656724
2026-04-02 13:28:37,830,1759,1,phase_1_3_peak_stabilize,500,-125.34961454723916,264,high_altitude,87.78489685058594,115.8416519165039,0.40629085898399353,100.03482055664062,48.5619010925293,-50.52037811279297,-55.61890411376953,134.5612153289627,-0.7016709073415545,0.0,0.15864038253127108
2026-04-02 13:28:41,831,1760,1,phase_1_3_peak_stabilize,500,-131.7649106568649,255,high_altitude,88.5584487915039,88.31849670410156,0.40629085898399353,100.53514099121094,48.5619010925293,-50.97003936767578,-50.42192840576172,177.74779111127964,-0.9992275219387788,0.0,0.39564999085773267
2026-04-02 13:28:45,831,1761,1,phase_1_3_peak_stabilize,500,-116.2564734076611,246,high_altitude,86.92208862304688,105.61355590820312,0.40629085898399353,100.13530731201172,48.5619010925293,-50.60130310058594,-57.538414001464844,136.06635679560173,-0.7201438325498476,0.0,0.30304651168532387
2026-04-02 13:28:53,831,1762,1,phase_1_3_peak_stabilize,500,-258.38223741646175,489,low_agl,80.0175552368164,377.3040466308594,0.40629085898399353,0.2556866705417633,48.5619010925293,49.67874526977539,-54.35337448120117,39.1316905475663,0.7756974588165001,0.0,0.6503991592244691
2026-04-02 13:28:57,832,1763,1,phase_1_3_peak_stabilize,500,-143.25174723014686,289,high_altitude,89.99626159667969,53.63432693481445,0.40629085898399353,100.08374786376953,48.5619010925293,-50.30352020263672,-24.22313690185547,110.14483266891955,-0.34439440960061996,0.0,0.48422900555638493
2026-04-02 13:29:01,832,1764,1,phase_1_3_peak_stabilize,500,-130.5160267717721,272,high_altitude,85.27576446533203,139.93455505371094,0.40629085898399353,100.051513671875,48.5619010925293,-50.49657440185547,-61.925025939941406,133.26731795297383,-0.6854031130097991,0.0,0.2623178313776837
2026-04-02 13:29:09,832,1765,1,phase_1_3_peak_stabilize,500,-285.53114407429183,495,low_agl,85.07421875,527.6492919921875,0.40629085898399353,0.39118847250938416,48.5619010925293,49.72972869873047,-93.63175201416016,73.10917008327924,0.2905490536355735,0.0,0.5074522668052275
2026-04-02 13:29:13,832,1766,1,phase_1_3_peak_stabilize,500,-120.43922665259981,247,high_altitude,89.03556060791016,53.51140213012695,0.40629085898399353,100.57825469970703,48.5619010925293,-51.127769470214844,-35.18338394165039,135.20848503584813,-0.7096750793127197,0.0,0.23853175487635342
2026-04-02 13:29:20,833,1767,1,phase_1_3_peak_stabilize,500,-216.59668433415732,431,low_agl,85.18954467773438,481.8038024902344,0.40629085898399353,0.38464775681495667,48.5619010925293,49.74620056152344,-111.88523864746094,113.30453965066997,-0.3956182715282463,0.0,0.38941785151907216
2026-04-02 13:29:24,833,1768,1,phase_1_3_peak_stabilize,500,-134.37537586367898,261,high_altitude,84.23345947265625,59.28202819824219,0.40629085898399353,100.0226821899414,48.5619010925293,-50.46015930175781,-33.78601837158203,140.31435196875614,-0.7695595352887415,0.0,0.32892604916263857
2026-04-02 13:29:28,833,1769,1,phase_1_3_peak_stabilize,500,-113.97574106591594,252,high_altitude,88.64851379394531,106.3199691772461,0.40629085898399353,100.42655181884766,48.5619010925293,-50.9375,-58.12070846557617,159.1711518897057,-0.934646763506088,0.0,0.3219054732505608
2026-04-02 13:29:32,833,1770,1,phase_1_3_peak_stabilize,500,-149.90910931064894,271,high_altitude,81.25078582763672,101.28951263427734,0.40629085898399353,100.15668487548828,48.5619010925293,-50.552772521972656,-49.28380584716797,177.2165253372577,-0.9988201851234867,0.0,0.3704369503073156
2026-04-02 13:29:38,834,1771,1,phase_1_3_peak_stabilize,500,-150.3879004783142,300,high_altitude,86.1474380493164,142.8073272705078,0.40629085898399353,100.1795425415039,48.5619010925293,-50.46398162841797,-51.89673614501953,114.92969437121529,-0.4215058455569204,0.0,0.3454925866172922
2026-04-02 13:29:45,834,1772,1,phase_1_3_peak_stabilize,500,-227.10511371332072,462,low_agl,82.83753967285156,152.40061950683594,0.40629085898399353,0.24637122452259064,48.5619010925293,49.71066665649414,-31.172542572021484,71.59430925745129,0.3157432798376753,0.0,0.685578564304865
2026-04-02 13:29:50,834,1773,1,phase_1_3_peak_stabilize,500,-157.94058631786834,357,low_agl,80.77098846435547,333.0701599121094,0.40629085898399353,0.3931002914905548,48.5619010925293,49.74845886230469,-85.65412139892578,86.7270100051539,0.057093388749903703,0.0,0.5584396455737685
2026-04-02 13:29:54,835,1774,1,phase_1_3_peak_stabilize,500,-117.33733377117102,245,high_altitude,89.72624969482422,57.6341552734375,0.40629085898399353,100.40164184570312,48.5619010925293,-50.96366882324219,-39.35611343383789,147.35769768238666,-0.8420543850260568,0.0,0.18157004786417727
2026-04-02 13:30:02,835,1775,1,phase_1_3_peak_stabilize,500,-247.67799834333505,470,low_agl,84.44705963134766,532.0814819335938,0.40629085898399353,0.2983449101448059,48.5619010925293,49.6794319152832,-116.93354797363281,129.73236720841206,-0.6392023604225684,0.0,0.09276316176377018
2026-04-02 13:30:06,835,1776,1,phase_1_3_peak_stabilize,500,-127.4681712639583,263,high_altitude,82.79559326171875,86.61518859863281,0.40629085898399353,100.56851959228516,48.5619010925293,-51.05340576171875,-36.95637893676758,111.45455559321535,-0.3657631466156065,0.0,0.1961992305143003
2026-04-02 13:30:10,835,1777,1,phase_1_3_peak_stabilize,500,-151.3677255587765,281,high_altitude,80.34431457519531,91.78165435791016,0.40629085898399353,100.00544738769531,48.5619010925293,-50.418113708496094,-44.23289489746094,163.20954221761076,-0.9573676205113156,0.0,0.1756935185858802
2026-04-02 13:30:14,836,1778,1,phase_1_3_peak_stabilize,500,-142.39407057905723,268,high_altitude,89.9906997680664,63.429386138916016,0.40629085898399353,100.21713256835938,48.5619010925293,-50.68702697753906,-36.46084213256836,159.0004381415904,-0.9335831669143969,0.0,0.2957952020461965
2026-04-02 13:30:22,836,1779,1,phase_1_3_peak_stabilize,500,-271.31581654959143,490,low_agl,89.06043243408203,598.0016479492188,0.40629085898399353,0.2525431215763092,48.5619010925293,49.673641204833984,-128.65196228027344,133.92628094371833,-0.6937322641876029,0.0,0.11488340974850535
2026-04-02 13:30:26,836,1780,1,phase_1_3_peak_stabilize,500,-131.89510289365742,265,high_altitude,90.37411499023438,58.27983093261719,0.40629085898399353,100.5899887084961,48.5619010925293,-51.13481903076172,-30.311311721801758,124.83598217734836,-0.5712291429423764,0.0,0.20761341516766657
2026-04-02 13:30:31,837,1781,1,phase_1_3_peak_stabilize,500,-159.19231706140718,310,high_altitude,82.5943603515625,192.3050537109375,0.40629085898399353,100.05621337890625,48.5619010925293,-50.270362854003906,-71.90886688232422,142.93628400620563,-0.7979657656331901,0.0,0.29997465102563453
2026-04-02 13:30:39,837,1782,1,phase_1_3_peak_stabilize,500,-279.78794124877845,477,low_agl,83.7209701538086,538.0103149414062,0.40629085898399353,0.3894272446632385,48.5619010925293,49.75405502319336,-111.91043090820312,103.53287487307787,-0.23400324673178344,0.0,0.4328193760981279
2026-04-02 13:30:43,837,1783,1,phase_1_3_peak_stabilize,500,-122.34648932264415,254,high_altitude,84.66864013671875,54.724205017089844,0.40629085898399353,100.39102172851562,48.5619010925293,-50.828948974609375,-31.2814884185791,128.2232505716761,-0.618727244395228,0.0,0.21667613998053564
2026-04-02 13:30:49,837,1784,1,phase_1_3_peak_stabilize,500,-198.85791476026935,431,low_agl,85.11614227294922,303.46722412109375,0.40629085898399353,0.3670662045478821,48.5619010925293,49.727420806884766,-63.00168228149414,76.40226382933085,0.23510370950016013,0.0,0.31143363719983663
2026-04-02 13:30:52,838,1785,1,phase_1_3_peak_stabilize,500,206.10350751755593,155,success,84.31730651855469,1.8908507823944092,0.40629085898399353,47.56913375854492,48.5619010925293,1.8887138366699219,27.941265106201172,33.3026534306211,0.8357819346209218,0.0,0.3450670424737499
2026-04-02 13:30:56,838,1786,1,phase_1_3_peak_stabilize,500,-107.72781200902618,233,high_altitude,87.24085998535156,53.73423385620117,0.40629085898399353,100.41304016113281,48.5619010925293,-50.87528991699219,-34.38563919067383,113.39002629832186,-0.3969881274613268,0.0,0.305543777461172
2026-04-02 13:31:01,838,1787,1,phase_1_3_peak_stabilize,500,-172.14219858682026,383,low_agl,82.573486328125,374.0466613769531,0.40629085898399353,0.39352092146873474,48.5619010925293,49.7392578125,-89.16532135009766,88.74136939517406,0.021965481410702394,0.0,0.35775895180849515
2026-04-02 13:31:06,838,1788,1,phase_1_3_peak_stabilize,500,-154.15005494027645,291,high_altitude,79.70661926269531,179.08421325683594,0.40629085898399353,100.13626861572266,48.5619010925293,-50.427032470703125,-74.90145874023438,173.47874529510327,-0.9935297929296194,0.0,0.13827672853393708
2026-04-02 13:31:13,839,1789,1,phase_1_3_peak_stabilize,500,-170.58808185178412,373,low_agl,81.7610855102539,334.2259521484375,0.40629085898399353,0.2583511769771576,48.5619010925293,49.69134521484375,-67.94622039794922,36.878233555460675,0.7999126980921047,0.0,0.6925248127331947
2026-04-02 13:31:19,839,1790,1,phase_1_3_peak_stabilize,500,-156.20289803254212,340,low_agl,80.85450744628906,290.291748046875,0.40629085898399353,0.38589221239089966,48.5619010925293,49.74296951293945,-75.64949035644531,79.43364521695509,0.18337411981786159,0.0,0.6206803377932925
2026-04-02 13:31:27,839,1791,1,phase_1_3_peak_stabilize,500,-270.6070783777889,455,low_agl,79.4964370727539,476.003173828125,0.40629085898399353,0.39425790309906006,48.5619010925293,49.73733139038086,-97.94358825683594,85.10637003964996,0.08530615076758424,0.0,0.3984400801419392
2026-04-02 13:31:32,840,1792,1,phase_1_3_peak_stabilize,500,-157.34683547885942,279,high_altitude,87.08740997314453,106.0751953125,0.40629085898399353,100.26396179199219,48.5619010925293,-50.56774139404297,-51.276363372802734,151.86492585529973,-0.8818383664450472,0.0,0.37816028718815
2026-04-02 13:31:39,840,1793,1,phase_1_3_peak_stabilize,500,-228.12875436949162,453,low_agl,80.20035552978516,239.11842346191406,0.40629085898399353,0.39184191823005676,48.5619010925293,49.736915588378906,-72.52149200439453,119.7540618876704,-0.4962780519191037,0.0,0.40430925025774267
2026-04-02 13:31:47,840,1794,1,phase_1_3_peak_stabilize,500,-227.20255195158418,431,low_agl,83.63658142089844,337.5626220703125,0.40629085898399353,0.3668665289878845,48.5619010925293,49.71278381347656,-73.58380126953125,72.73600952816477,0.29677476270937125,0.0,0.5923122780113874
2026-04-02 13:31:52,841,1795,1,phase_1_3_peak_stabilize,500,-152.43239609038415,274,high_altitude,84.87690734863281,97.98458099365234,0.40629085898399353,100.32376098632812,48.5619010925293,-50.66108703613281,-48.37332534790039,156.4737189411709,-0.916877075305837,0.0,0.37486081093294105
2026-04-02 13:31:56,841,1796,1,phase_1_3_peak_stabilize,500,-142.94497596207867,263,high_altitude,83.17487335205078,124.30474090576172,0.40629085898399353,100.36885070800781,48.5619010925293,-50.76593780517578,-60.79620361328125,175.0109206504772,-0.9962112919948422,0.0,0.3302707865836309
2026-04-02 13:32:03,841,1797,1,phase_1_3_peak_stabilize,500,-209.15679570443436,432,low_agl,84.19184112548828,325.8571472167969,0.40629085898399353,0.2860810458660126,48.5619010925293,49.69413375854492,-57.528987884521484,56.16990479067576,0.556732022050646,0.0,0.8791856794532694
2026-04-02 13:32:08,841,1798,1,phase_1_3_peak_stabilize,500,-139.31241470804565,261,high_altitude,85.54796600341797,102.6242446899414,0.40629085898399353,100.22219848632812,48.5619010925293,-50.55999755859375,-54.09461212158203,163.55547763869356,-0.9590942881738396,0.0,0.41736548454298666
2026-04-02 13:32:12,842,1799,1,phase_1_3_peak_stabilize,500,-114.85255332642497,238,high_altitude,84.2018051147461,66.19530487060547,0.40629085898399353,100.57560729980469,48.5619010925293,-50.9798583984375,-37.81584167480469,123.66135356464623,-0.5542831419452157,0.0,0.4078216154573217
2026-04-02 13:32:17,842,1800,1,phase_1_3_peak_stabilize,500,-126.66542102710955,253,high_altitude,83.8268051147461,70.07678985595703,0.40629085898399353,100.31438446044922,48.5619010925293,-50.748512268066406,-30.676494598388672,92.84840312423775,-0.04969353758210352,0.0,0.5258607276907311
2026-04-02 13:32:23,842,1801,1,phase_1_3_peak_stabilize,500,-198.49284739772202,405,low_agl,83.39852142333984,321.9336242675781,0.40629085898399353,0.19634388387203217,48.5619010925293,49.47892379760742,-54.81259536743164,13.956086257499326,0.9704808597387062,0.0,1.0750764413585712
2026-04-02 13:32:30,842,1802,1,phase_1_3_peak_stabilize,500,-212.79321225526337,395,collision,79.40234375,363.08624267578125,0.40629085898399353,0.14245891571044922,48.5619010925293,49.66183090209961,-69.95428466796875,16.564337426041266,0.9585002096384482,1.0,0.9914655524767905
2026-04-02 13:32:35,843,1803,1,phase_1_3_peak_stabilize,500,-151.23471438947666,272,high_altitude,89.45126342773438,61.41126251220703,0.40629085898399353,100.20681762695312,48.5619010925293,-50.2205810546875,-24.801359176635742,89.96501827554935,0.0006105462317572092,0.0,0.7326918063619102
2026-04-02 13:32:42,843,1804,1,phase_1_3_peak_stabilize,500,-234.28455684046452,434,low_agl,84.00169372558594,429.9085998535156,0.40629085898399353,0.24526071548461914,48.5619010925293,49.67018127441406,-74.70110321044922,29.493497911640006,0.8704115719644794,0.0,0.7641062528751933
2026-04-02 13:32:49,843,1805,1,phase_1_3_peak_stabilize,500,-226.34505015584716,418,low_agl,83.45667266845703,354.0814514160156,0.40629085898399353,0.21982824802398682,48.5619010925293,49.675838470458984,-63.816856384277344,28.92146956865144,0.8752833725469295,0.0,0.8352438665714775
2026-04-02 13:32:56,844,1806,1,phase_1_3_peak_stabilize,500,-193.43340464433805,395,low_agl,82.94070434570312,306.1989440917969,0.40629085898399353,0.16855423152446747,48.5619010925293,49.70553970336914,-55.15571975708008,45.30502384019351,0.7033323753944896,0.0,0.8579972132383125
2026-04-02 13:33:00,844,1807,1,phase_1_3_peak_stabilize,500,-140.21476601918602,273,high_altitude,86.38738250732422,144.33297729492188,0.40629085898399353,100.12467956542969,48.5619010925293,-50.27925109863281,-62.82093048095703,125.37787572571882,-0.5789663745502379,0.0,0.5193522787247892
2026-04-02 13:33:06,844,1808,1,phase_1_3_peak_stabilize,500,-204.5179533974542,402,low_agl,78.97655487060547,364.9970703125,0.40629085898399353,0.2459537386894226,48.5619010925293,49.7016716003418,-70.55362701416016,34.422954718664926,0.824887086272926,0.0,0.8636889406300132
2026-04-02 13:33:10,844,1809,1,phase_1_3_peak_stabilize,500,-122.51093524274188,244,high_altitude,84.75411987304688,91.64231872558594,0.40629085898399353,100.45208740234375,48.5619010925293,-50.83606719970703,-47.71833801269531,122.05519360018272,-0.5307359514865272,0.0,0.44065271509156756
2026-04-02 13:33:18,845,1810,1,phase_1_3_peak_stabilize,500,-260.31609719405094,457,low_agl,85.64261627197266,545.5462036132812,0.40629085898399353,0.3864619731903076,48.5619010925293,49.74617004394531,-109.77760314941406,75.5061156894685,0.2502766635974466,0.0,0.5583107204010418
2026-04-02 13:33:24,845,1811,1,phase_1_3_peak_stabilize,500,-177.54090765204813,395,low_agl,82.6370620727539,148.31321716308594,0.40629085898399353,0.37829315662384033,48.5619010925293,49.74309539794922,-36.975563049316406,90.98603593381789,-0.017208724109098385,0.0,0.6598704291756335
2026-04-02 13:33:28,845,1812,1,phase_1_3_peak_stabilize,500,-124.9931161757278,247,high_altitude,88.05918884277344,86.75323486328125,0.40629085898399353,100.58149719238281,48.5619010925293,-51.01007843017578,-47.1776008605957,129.5488946669272,-0.6367364721147292,0.0,0.36854807150226465
2026-04-02 13:33:36,846,1813,1,phase_1_3_peak_stabilize,500,-251.3733118874594,447,low_agl,84.22583770751953,383.9317321777344,0.40629085898399353,0.35077300667762756,48.5619010925293,49.71919631958008,-75.51220703125,57.80255222874059,0.53283858204113,0.0,0.7007310845737991
2026-04-02 13:33:41,846,1814,1,phase_1_3_peak_stabilize,500,-162.30767381510842,281,high_altitude,85.61894226074219,135.7750244140625,0.40629085898399353,100.12419891357422,48.5619010925293,-50.183738708496094,-59.78011703491211,131.97581114319445,-0.6688168094274394,0.0,0.7469994166825706
2026-04-02 13:33:45,846,1815,1,phase_1_3_peak_stabilize,500,-116.33292343343841,241,high_altitude,87.03252410888672,112.0048599243164,0.40629085898399353,100.097412109375,48.5619010925293,-50.34398651123047,-65.43991088867188,155.32214904710673,-0.9086696461011443,0.0,0.6231022024740879
2026-04-02 13:33:53,847,1816,1,phase_1_3_peak_stabilize,500,-242.73085519451925,432,low_agl,82.71214294433594,352.7723693847656,0.40629085898399353,0.30821436643600464,48.5619010925293,49.238677978515625,-44.28053283691406,31.789175718100065,0.8499922299704612,0.0,0.9694642602832017
2026-04-02 13:34:00,847,1817,1,phase_1_3_peak_stabilize,500,-210.08301473639858,430,low_agl,83.31564331054688,319.31390380859375,0.40629085898399353,0.357364684343338,48.5619010925293,49.7035026550293,-56.09579849243164,59.81616712814122,0.5027760545187718,0.0,0.608904521126001
