planned_phase,radius_min,radius_max,radius_mid,max_step,score,reward_corr,reward_sep,failure_order,thrust_score,theta_progress_gain,alpha_beta_gain,axis_error_penalty_gain,angle_focus_gain,turn_toward_gain,action_alignment_gain,reverse_penalty_gain,near_success_gain,thrust_gate_gain,thrust_gate_target_norm,thrust_gate_theta_start_deg,thrust_gate_theta_span_deg,thrust_gate_distance_scale,thrust_gate_distance_floor,min_thrust,max_thrust,phase_candidates,phase_elapsed_seconds
1,105.0,120.0,112.5,520.0,55.75784683227539,0.7851579189300537,61.24722671508789,137.4215087890625,2.3109402656555176,1.6649999618530273,0.4650000035762787,0.2800000011920929,1.8700001239776611,0.3840000033378601,0.05999999865889549,0.4049999713897705,0.25,1.649999976158142,-0.44999998807907104,55.0,15.0,30.0,0.6499999761581421,690.0,850.0,21430272,721.3626458644867
1,105.0,120.0,112.5,520.0,55.70860290527344,0.7840883731842041,61.22290802001953,138.86325073242188,2.24882173538208,1.6649999618530273,0.4650000035762787,0.2800000011920929,1.8700001239776611,0.2759999930858612,0.03200000151991844,0.4049999713897705,0.3375000059604645,1.649999976158142,-0.4000000059604645,55.0,15.0,35.0,0.800000011920929,720.0,840.0,21430272,721.3626458644867
1,105.0,120.0,112.5,520.0,55.66293716430664,0.7843405604362488,61.117332458496094,138.0709686279297,2.234799861907959,1.6649999618530273,0.4650000035762787,0.2800000011920929,1.8700001239776611,0.3840000033378601,0.024000000208616257,0.4049999713897705,0.20000000298023224,1.649999976158142,-0.4000000059604645,55.0,15.0,40.0,0.800000011920929,730.0,840.0,21430272,721.3626458644867
1,105.0,120.0,112.5,520.0,55.6385612487793,0.7831013202667236,60.97825622558594,139.10733032226562,2.2333173751831055,1.6649999618530273,0.4650000035762787,0.2800000011920929,1.8700001239776611,0.2759999930858612,0.024000000208616257,0.4049999713897705,0.20000000298023224,1.649999976158142,-0.3499999940395355,55.0,12.0,30.0,0.5,720.0,820.0,21430272,721.3626458644867
1,105.0,120.0,112.5,520.0,55.630123138427734,0.7829343676567078,61.01543045043945,139.14877319335938,2.2301084995269775,1.6649999618530273,0.4650000035762787,0.2800000011920929,1.8700001239776611,0.20399999618530273,0.05999999865889549,0.4049999713897705,0.25,1.649999976158142,-0.4000000059604645,55.0,15.0,30.0,0.6499999761581421,700.0,840.0,21430272,721.3626458644867
1,105.0,120.0,112.5,520.0,55.62974166870117,0.7848029732704163,60.80623245239258,136.68380737304688,2.262272596359253,1.6649999618530273,0.4650000035762787,0.2800000011920929,1.8700001239776611,0.2759999930858612,0.04800000041723251,0.44999998807907104,0.3375000059604645,1.649999976158142,-0.30000001192092896,55.0,12.0,30.0,0.800000011920929,710.0,840.0,21430272,721.3626458644867
1,105.0,120.0,112.5,520.0,55.62862777709961,0.7822956442832947,60.846527099609375,139.49224853515625,2.2550241947174072,1.6649999618530273,0.4650000035762787,0.2800000011920929,1.8700001239776611,0.23999999463558197,0.024000000208616257,0.4049999713897705,0.15000000596046448,1.649999976158142,-0.4000000059604645,55.0,12.0,35.0,0.6499999761581421,690.0,870.0,21430272,721.3626458644867
1,105.0,120.0,112.5,520.0,55.61665725708008,0.7832154631614685,60.98815155029297,138.97178649902344,2.211487054824829,1.6649999618530273,0.4650000035762787,0.2800000011920929,1.8700001239776611,0.2759999930858612,0.03200000151991844,0.4049999713897705,0.20000000298023224,1.649999976158142,-0.44999998807907104,55.0,15.0,50.0,0.6499999761581421,730.0,870.0,21430272,721.3626458644867
1,105.0,120.0,112.5,520.0,55.60141372680664,0.781862735748291,60.67274475097656,138.93670654296875,2.288745641708374,1.6649999618530273,0.4050000309944153,0.2800000011920929,1.8700001239776611,0.23999999463558197,0.03200000151991844,0.4049999713897705,0.25,1.649999976158142,-0.44999998807907104,55.0,15.0,50.0,0.800000011920929,720.0,820.0,21430272,721.3626458644867
1,105.0,120.0,112.5,520.0,55.57966613769531,0.7838326692581177,61.19633483886719,138.93759155273438,2.1315724849700928,1.6649999618530273,0.4650000035762787,0.2800000011920929,1.8700001239776611,0.23999999463558197,0.04800000041723251,0.4049999713897705,0.3375000059604645,1.649999976158142,-0.3499999940395355,55.0,15.0,35.0,0.800000011920929,710.0,870.0,21430272,721.3626458644867
1,105.0,120.0,112.5,520.0,55.56315231323242,0.785436749458313,61.37187957763672,137.6913299560547,2.0808207988739014,1.6649999618530273,0.4650000035762787,0.2800000011920929,1.8700001239776611,0.3840000033378601,0.03999999910593033,0.4049999713897705,0.3375000059604645,1.649999976158142,-0.25,55.0,12.0,35.0,0.6499999761581421,710.0,820.0,21430272,721.3626458644867
1,105.0,120.0,112.5,520.0,55.559566497802734,0.7821231484413147,60.829856872558594,139.4310302734375,2.199446201324463,1.6649999618530273,0.4650000035762787,0.2800000011920929,1.8700001239776611,0.20399999618530273,0.04800000041723251,0.4049999713897705,0.15000000596046448,1.649999976158142,-0.3499999940395355,55.0,12.0,30.0,0.3499999940395355,710.0,820.0,21430272,721.3626458644867
1,105.0,120.0,112.5,520.0,55.558353424072266,0.7848572134971619,60.76288604736328,136.53378295898438,2.197697877883911,1.6649999618530273,0.4650000035762787,0.2800000011920929,1.8700001239776611,0.3240000009536743,0.03200000151991844,0.44999998807907104,0.2874999940395355,1.649999976158142,-0.4000000059604645,55.0,12.0,75.0,0.800000011920929,700.0,870.0,21430272,721.3626458644867
1,105.0,120.0,112.5,520.0,55.53673553466797,0.7812012434005737,60.50202178955078,139.01564025878906,2.265253782272339,1.6649999618530273,0.4050000309944153,0.2800000011920929,1.8700001239776611,0.23999999463558197,0.03200000151991844,0.4049999713897705,0.15000000596046448,1.649999976158142,-0.44999998807907104,55.0,12.0,50.0,0.800000011920929,710.0,870.0,21430272,721.3626458644867
1,105.0,120.0,112.5,520.0,55.53345489501953,0.7837587594985962,61.09330368041992,138.66119384765625,2.1087074279785156,1.6649999618530273,0.4650000035762787,0.2800000011920929,1.8700001239776611,0.2759999930858612,0.04800000041723251,0.4049999713897705,0.25,1.649999976158142,-0.3499999940395355,55.0,12.0,40.0,0.3499999940395355,720.0,850.0,21430272,721.3626458644867
1,105.0,120.0,112.5,520.0,55.52234649658203,0.7808231711387634,60.27609634399414,138.16497802734375,2.3263936042785645,1.6649999618530273,0.33000001311302185,0.2800000011920929,1.8700001239776611,0.2759999930858612,0.03200000151991844,0.4049999713897705,0.25,1.649999976158142,-0.44999998807907104,55.0,12.0,30.0,0.800000011920929,720.0,820.0,21430272,721.3626458644867
1,105.0,120.0,112.5,520.0,55.51953125,0.7852110266685486,61.352088928222656,137.9624481201172,2.036911725997925,1.6649999618530273,0.4650000035762787,0.2800000011920929,1.8700001239776611,0.3840000033378601,0.024000000208616257,0.4049999713897705,0.3375000059604645,1.399999976158142,-0.44999998807907104,55.0,12.0,75.0,0.800000011920929,700.0,840.0,21430272,721.3626458644867
1,105.0,120.0,112.5,520.0,55.5065803527832,0.7820348143577576,60.51511764526367,137.87489318847656,2.2463037967681885,1.6649999618530273,0.36000001430511475,0.2800000011920929,1.8700001239776611,0.3240000009536743,0.03200000151991844,0.4049999713897705,0.25,1.649999976158142,-0.3499999940395355,55.0,12.0,50.0,0.800000011920929,700.0,850.0,21430272,721.3626458644867
1,105.0,120.0,112.5,520.0,55.505977630615234,0.7821032404899597,60.41517639160156,137.1286163330078,2.28487491607666,1.6649999618530273,0.33000001311302185,0.2800000011920929,1.8700001239776611,0.3840000033378601,0.03200000151991844,0.4049999713897705,0.25,1.649999976158142,-0.44999998807907104,55.0,15.0,35.0,0.6499999761581421,690.0,820.0,21430272,721.3626458644867
1,105.0,120.0,112.5,520.0,55.49745559692383,0.7826839685440063,61.0349235534668,139.7291717529297,2.0808207988739014,1.6649999618530273,0.4650000035762787,0.2800000011920929,1.8700001239776611,0.20399999618530273,0.024000000208616257,0.4049999713897705,0.2874999940395355,1.649999976158142,-0.25,55.0,12.0,35.0,0.6499999761581421,690.0,870.0,21430272,721.3626458644867
1,105.0,120.0,112.5,520.0,55.49650192260742,0.7820586562156677,60.43656921386719,137.20033264160156,2.2731399536132812,1.6649999618530273,0.33000001311302185,0.2800000011920929,1.8700001239776611,0.3240000009536743,0.05999999865889549,0.4049999713897705,0.2874999940395355,1.649999976158142,-0.3499999940395355,55.0,12.0,40.0,0.800000011920929,730.0,840.0,21430272,721.3626458644867
1,105.0,120.0,112.5,520.0,55.49408721923828,0.7826290130615234,60.08854675292969,135.8310089111328,2.3263936042785645,1.6649999618530273,0.36000001430511475,0.2800000011920929,1.8700001239776611,0.3240000009536743,0.03999999910593033,0.44999998807907104,0.25,1.649999976158142,-0.44999998807907104,55.0,12.0,30.0,0.800000011920929,690.0,870.0,21430272,721.3626458644867
1,105.0,120.0,112.5,520.0,55.48654556274414,0.7820931077003479,60.253944396972656,137.34423828125,2.263246536254883,1.6649999618530273,0.4050000309944153,0.2800000011920929,1.8700001239776611,0.20399999618530273,0.03200000151991844,0.44999998807907104,0.2874999940395355,1.649999976158142,-0.4000000059604645,55.0,15.0,30.0,0.800000011920929,710.0,850.0,21430272,721.3626458644867
1,105.0,120.0,112.5,520.0,55.48379898071289,0.7828697562217712,60.152565002441406,135.8013916015625,2.3010592460632324,1.6649999618530273,0.36000001430511475,0.2800000011920929,1.8700001239776611,0.3240000009536743,0.03999999910593033,0.44999998807907104,0.2874999940395355,1.649999976158142,-0.3499999940395355,55.0,12.0,30.0,0.800000011920929,730.0,840.0,21430272,721.3626458644867
1,105.0,120.0,112.5,520.0,55.4806022644043,0.7827887535095215,60.89105987548828,138.88221740722656,2.1084766387939453,1.6649999618530273,0.4650000035762787,0.2800000011920929,1.8700001239776611,0.23999999463558197,0.05999999865889549,0.4049999713897705,0.15000000596046448,1.649999976158142,-0.44999998807907104,55.0,15.0,75.0,0.6499999761581421,720.0,840.0,21430272,721.3626458644867
1,105.0,120.0,112.5,520.0,55.47610855102539,0.7829952836036682,60.730194091796875,137.6956787109375,2.1609673500061035,1.6649999618530273,0.4050000309944153,0.2800000011920929,1.8700001239776611,0.3240000009536743,0.05999999865889549,0.4049999713897705,0.20000000298023224,1.649999976158142,-0.4000000059604645,55.0,12.0,35.0,0.3499999940395355,700.0,820.0,21430272,721.3626458644867
1,105.0,120.0,112.5,520.0,55.47450256347656,0.7860453724861145,59.110877990722656,133.01028442382812,2.3109405040740967,1.6649999618530273,0.4650000035762787,0.33249998092651367,1.8700001239776611,0.20399999618530273,0.05999999865889549,0.4049999713897705,0.3375000059604645,1.649999976158142,-0.44999998807907104,55.0,15.0,30.0,0.6499999761581421,700.0,840.0,21430272,721.3626458644867
1,105.0,120.0,112.5,520.0,55.469844818115234,0.7847776412963867,61.21259689331055,137.8959503173828,2.0216128826141357,1.6649999618530273,0.4650000035762787,0.2800000011920929,1.8700001239776611,0.3840000033378601,0.03200000151991844,0.4049999713897705,0.25,1.649999976158142,-0.3499999940395355,55.0,15.0,50.0,0.6499999761581421,690.0,820.0,21430272,721.3626458644867
1,105.0,120.0,112.5,520.0,55.46739196777344,0.7803633213043213,60.0654411315918,137.70884704589844,2.330681562423706,1.6649999618530273,0.30000001192092896,0.2800000011920929,1.8700001239776611,0.3240000009536743,0.024000000208616257,0.4049999713897705,0.20000000298023224,1.649999976158142,-0.44999998807907104,55.0,15.0,35.0,0.800000011920929,690.0,840.0,21430272,721.3626458644867
1,105.0,120.0,112.5,520.0,55.461551666259766,0.7827887535095215,60.40823745727539,137.31935119628906,2.1932618618011475,1.6649999618530273,0.4650000035762787,0.2800000011920929,1.8700001239776611,0.20399999618530273,0.05999999865889549,0.44999998807907104,0.15000000596046448,1.649999976158142,-0.44999998807907104,55.0,15.0,35.0,0.3499999940395355,730.0,870.0,21430272,721.3626458644867
1,105.0,120.0,112.5,520.0,55.45855712890625,0.7857038378715515,61.39661407470703,137.35244750976562,1.977419137954712,1.6649999618530273,0.4650000035762787,0.2800000011920929,1.8700001239776611,0.3840000033378601,0.05999999865889549,0.4049999713897705,0.3375000059604645,1.649999976158142,-0.30000001192092896,50.0,20.0,30.0,0.6499999761581421,690.0,850.0,21430272,721.3626458644867
1,105.0,120.0,112.5,520.0,55.4490852355957,0.7829595804214478,60.2181396484375,136.03305053710938,2.2463037967681885,1.6649999618530273,0.36000001430511475,0.2800000011920929,1.8700001239776611,0.3240000009536743,0.024000000208616257,0.44999998807907104,0.3375000059604645,1.649999976158142,-0.3499999940395355,55.0,12.0,50.0,0.800000011920929,730.0,840.0,21430272,721.3626458644867
1,105.0,120.0,112.5,520.0,55.44895553588867,0.7821205854415894,60.885536193847656,139.7982177734375,2.067511558532715,1.6649999618530273,0.4650000035762787,0.2800000011920929,1.8700001239776611,0.20399999618530273,0.024000000208616257,0.4049999713897705,0.20000000298023224,1.649999976158142,-0.44999998807907104,55.0,20.0,30.0,0.800000011920929,710.0,850.0,21430272,721.3626458644867
1,105.0,120.0,112.5,520.0,55.44684982299805,0.7820607423782349,60.38735580444336,136.8890380859375,2.241668939590454,1.6649999618530273,0.30000001192092896,0.2800000011920929,1.8700001239776611,0.3840000033378601,0.03200000151991844,0.4049999713897705,0.3375000059604645,1.649999976158142,-0.44999998807907104,55.0,15.0,30.0,0.3499999940395355,690.0,840.0,21430272,721.3626458644867
1,105.0,120.0,112.5,520.0,55.44524383544922,0.7805027365684509,60.311676025390625,138.85595703125,2.2301084995269775,1.6649999618530273,0.36000001430511475,0.2800000011920929,1.8700001239776611,0.23999999463558197,0.024000000208616257,0.4049999713897705,0.20000000298023224,1.649999976158142,-0.4000000059604645,55.0,15.0,30.0,0.6499999761581421,690.0,840.0,21430272,721.3626458644867
1,105.0,120.0,112.5,520.0,55.441246032714844,0.7855454683303833,61.38177490234375,137.5557861328125,1.9592878818511963,1.6649999618530273,0.4650000035762787,0.2800000011920929,1.8700001239776611,0.3840000033378601,0.04800000041723251,0.4049999713897705,0.3375000059604645,1.649999976158142,-0.25,55.0,12.0,40.0,0.3499999940395355,700.0,820.0,21430272,721.3626458644867
1,105.0,120.0,112.5,520.0,55.43901443481445,0.7832426428794861,60.13799285888672,135.0156707763672,2.2763047218322754,1.6649999618530273,0.33000001311302185,0.2800000011920929,1.8700001239776611,0.3840000033378601,0.03999999910593033,0.44999998807907104,0.3375000059604645,1.649999976158142,-0.44999998807907104,55.0,15.0,30.0,0.5,690.0,820.0,21430272,721.3626458644867
1,105.0,120.0,112.5,520.0,55.432579040527344,0.7805584669113159,60.24952697753906,138.23931884765625,2.24882173538208,1.6649999618530273,0.33000001311302185,0.2800000011920929,1.8700001239776611,0.23999999463558197,0.04800000041723251,0.4049999713897705,0.25,1.649999976158142,-0.4000000059604645,55.0,15.0,35.0,0.800000011920929,710.0,820.0,21430272,721.3626458644867
1,105.0,120.0,112.5,520.0,55.43256378173828,0.7810766100883484,60.46106719970703,138.78689575195312,2.181655168533325,1.6649999618530273,0.36000001430511475,0.2800000011920929,1.8700001239776611,0.23999999463558197,0.024000000208616257,0.4049999713897705,0.2874999940395355,1.649999976158142,-0.44999998807907104,55.0,12.0,50.0,0.6499999761581421,690.0,840.0,21430272,721.3626458644867
1,105.0,120.0,112.5,520.0,55.43183517456055,0.7842390537261963,61.0517578125,137.8393096923828,2.024390697479248,1.6649999618530273,0.4650000035762787,0.2800000011920929,1.8700001239776611,0.3840000033378601,0.03999999910593033,0.4049999713897705,0.15000000596046448,1.649999976158142,-0.3499999940395355,50.0,25.0,30.0,0.800000011920929,710.0,840.0,21430272,721.3626458644867
1,105.0,120.0,112.5,520.0,55.42832946777344,0.7829373478889465,60.780921936035156,138.13067626953125,2.091730833053589,1.6649999618530273,0.4050000309944153,0.2800000011920929,1.8700001239776611,0.3240000009536743,0.03200000151991844,0.4049999713897705,0.25,1.399999976158142,-0.44999998807907104,55.0,12.0,50.0,0.800000011920929,700.0,870.0,21430272,721.3626458644867
1,105.0,120.0,112.5,520.0,55.42121124267578,0.783907413482666,59.66258239746094,133.34597778320312,2.330681562423706,1.6649999618530273,0.4050000309944153,0.2800000011920929,1.8700001239776611,0.2759999930858612,0.05999999865889549,0.5174999833106995,0.25,1.649999976158142,-0.44999998807907104,55.0,15.0,35.0,0.800000011920929,710.0,850.0,21430272,721.3626458644867
1,105.0,120.0,112.5,520.0,55.420230865478516,0.7814351320266724,60.45329666137695,138.33551025390625,2.1728341579437256,1.6649999618530273,0.36000001430511475,0.2800000011920929,1.8700001239776611,0.2759999930858612,0.03200000151991844,0.4049999713897705,0.25,1.649999976158142,-0.44999998807907104,55.0,12.0,40.0,0.5,730.0,850.0,21430272,721.3626458644867
1,105.0,120.0,112.5,520.0,55.41875457763672,0.7823452353477478,60.90532684326172,139.52711486816406,2.03766131401062,1.6649999618530273,0.4650000035762787,0.2800000011920929,1.8700001239776611,0.20399999618530273,0.03999999910593033,0.4049999713897705,0.20000000298023224,1.649999976158142,-0.44999998807907104,55.0,20.0,30.0,0.6499999761581421,730.0,850.0,21430272,721.3626458644867
1,105.0,120.0,112.5,520.0,55.41259765625,0.7800374627113342,60.20317077636719,138.58477783203125,2.242431879043579,1.6649999618530273,0.33000001311302185,0.2800000011920929,1.8700001239776611,0.20399999618530273,0.04800000041723251,0.4049999713897705,0.25,1.649999976158142,-0.3499999940395355,55.0,12.0,35.0,0.6499999761581421,720.0,850.0,21430272,721.3626458644867
1,105.0,120.0,112.5,520.0,55.41061782836914,0.7855097651481628,58.963321685791016,133.34388732910156,2.26718807220459,1.6649999618530273,0.4650000035762787,0.33249998092651367,1.8700001239776611,0.23999999463558197,0.024000000208616257,0.4049999713897705,0.25,1.649999976158142,-0.3499999940395355,55.0,12.0,30.0,0.6499999761581421,690.0,870.0,21430272,721.3626458644867
1,105.0,120.0,112.5,520.0,55.410457611083984,0.7832961678504944,60.36646270751953,136.3822479248047,2.163832664489746,1.6649999618530273,0.4050000309944153,0.2800000011920929,1.8700001239776611,0.2759999930858612,0.04800000041723251,0.44999998807907104,0.2874999940395355,1.649999976158142,-0.4000000059604645,55.0,15.0,30.0,0.3499999940395355,720.0,820.0,21430272,721.3626458644867
1,105.0,120.0,112.5,520.0,55.40817642211914,0.7829264998435974,60.05262756347656,135.0551300048828,2.265253782272339,1.6649999618530273,0.33000001311302185,0.2800000011920929,1.8700001239776611,0.3840000033378601,0.03999999910593033,0.44999998807907104,0.2874999940395355,1.649999976158142,-0.44999998807907104,55.0,12.0,50.0,0.800000011920929,710.0,820.0,21430272,721.3626458644867
1,105.0,120.0,112.5,520.0,55.403968811035156,0.7850542068481445,60.83835983276367,136.6298828125,2.0237221717834473,1.6649999618530273,0.4650000035762787,0.2800000011920929,1.8700001239776611,0.3240000009536743,0.024000000208616257,0.44999998807907104,0.3375000059604645,1.649999976158142,-0.30000001192092896,50.0,25.0,30.0,0.800000011920929,730.0,850.0,21430272,721.3626458644867
1,105.0,120.0,112.5,520.0,55.401432037353516,0.7842581272125244,60.65684509277344,136.75286865234375,2.0681283473968506,1.6649999618530273,0.4650000035762787,0.2800000011920929,1.8700001239776611,0.2759999930858612,0.04800000041723251,0.44999998807907104,0.25,1.399999976158142,-0.44999998807907104,55.0,12.0,60.0,0.800000011920929,710.0,870.0,21430272,721.3626458644867
1,105.0,120.0,112.5,520.0,55.400367736816406,0.7831724286079407,61.0794563293457,139.11917114257812,1.9854573011398315,1.6649999618530273,0.4650000035762787,0.2800000011920929,1.8700001239776611,0.20399999618530273,0.05999999865889549,0.4049999713897705,0.2874999940395355,1.649999976158142,-0.30000001192092896,50.0,30.0,40.0,0.800000011920929,720.0,870.0,21430272,721.3626458644867
1,105.0,120.0,112.5,520.0,55.398948669433594,0.7814416885375977,59.97047424316406,136.77261352539062,2.255023956298828,1.6649999618530273,0.36000001430511475,0.2800000011920929,1.8700001239776611,0.23999999463558197,0.03200000151991844,0.44999998807907104,0.25,1.649999976158142,-0.4000000059604645,55.0,12.0,35.0,0.6499999761581421,690.0,820.0,21430272,721.3626458644867
1,105.0,120.0,112.5,520.0,55.395755767822266,0.7817478775978088,60.66284942626953,139.072265625,2.0830507278442383,1.6649999618530273,0.4050000309944153,0.2800000011920929,1.8700001239776611,0.23999999463558197,0.024000000208616257,0.4049999713897705,0.25,1.399999976158142,-0.4000000059604645,55.0,12.0,35.0,0.6499999761581421,690.0,840.0,21430272,721.3626458644867
1,105.0,120.0,112.5,520.0,55.39504623413086,0.7839130163192749,61.05985641479492,138.3756103515625,1.977974772453308,1.6649999618530273,0.4650000035762787,0.2800000011920929,1.8700001239776611,0.3240000009536743,0.03999999910593033,0.4049999713897705,0.20000000298023224,1.649999976158142,-0.30000001192092896,55.0,15.0,50.0,0.800000011920929,720.0,850.0,21430272,721.3626458644867
1,105.0,120.0,112.5,520.0,55.39482116699219,0.7850543856620789,60.838356018066406,136.62985229492188,2.0145678520202637,1.6649999618530273,0.4650000035762787,0.2800000011920929,1.8700001239776611,0.3240000009536743,0.024000000208616257,0.44999998807907104,0.3375000059604645,1.649999976158142,-0.25,55.0,12.0,50.0,0.6499999761581421,690.0,820.0,21430272,721.3626458644867
1,105.0,120.0,112.5,520.0,55.392242431640625,0.7806965112686157,60.15080642700195,137.66940307617188,2.234799861907959,1.6649999618530273,0.30000001192092896,0.2800000011920929,1.8700001239776611,0.3240000009536743,0.024000000208616257,0.4049999713897705,0.25,1.649999976158142,-0.4000000059604645,55.0,15.0,40.0,0.800000011920929,690.0,870.0,21430272,721.3626458644867
1,105.0,120.0,112.5,520.0,55.388465881347656,0.7804914712905884,60.190731048583984,138.20443725585938,2.213163375854492,1.6649999618530273,0.33000001311302185,0.2800000011920929,1.8700001239776611,0.2759999930858612,0.03200000151991844,0.4049999713897705,0.20000000298023224,1.649999976158142,-0.44999998807907104,55.0,12.0,30.0,0.3499999940395355,690.0,870.0,21430272,721.3626458644867
1,105.0,120.0,112.5,520.0,55.38472366333008,0.7878906726837158,59.30804443359375,131.75746154785156,2.1728339195251465,1.6649999618530273,0.4650000035762787,0.33249998092651367,1.8700001239776611,0.3840000033378601,0.03200000151991844,0.4049999713897705,0.3375000059604645,1.649999976158142,-0.44999998807907104,55.0,12.0,40.0,0.5,700.0,870.0,21430272,721.3626458644867
1,105.0,120.0,112.5,520.0,55.383522033691406,0.7800583839416504,60.247406005859375,138.82626342773438,2.197697877883911,1.6649999618530273,0.33000001311302185,0.2800000011920929,1.8700001239776611,0.20399999618530273,0.03200000151991844,0.4049999713897705,0.2874999940395355,1.649999976158142,-0.4000000059604645,55.0,12.0,75.0,0.800000011920929,710.0,870.0,21430272,721.3626458644867
1,105.0,120.0,112.5,520.0,55.38208770751953,0.7801011800765991,60.27521514892578,139.0658416748047,2.1803269386291504,1.6649999618530273,0.36000001430511475,0.2800000011920929,1.8700001239776611,0.20399999618530273,0.03200000151991844,0.4049999713897705,0.20000000298023224,1.649999976158142,-0.4000000059604645,55.0,15.0,40.0,0.6499999761581421,730.0,840.0,21430272,721.3626458644867
1,105.0,120.0,112.5,520.0,55.38164138793945,0.7831013202667236,60.97825622558594,139.10733032226562,1.9763967990875244,1.6649999618530273,0.4650000035762787,0.2800000011920929,1.8700001239776611,0.2759999930858612,0.024000000208616257,0.4049999713897705,0.20000000298023224,1.649999976158142,-0.20000000298023224,50.0,15.0,30.0,0.800000011920929,700.0,870.0,21430272,721.3626458644867
1,105.0,120.0,112.5,520.0,55.38129806518555,0.785918653011322,60.9354133605957,135.7830047607422,1.9913756847381592,1.6649999618530273,0.4650000035762787,0.2800000011920929,1.8700001239776611,0.3840000033378601,0.03999999910593033,0.44999998807907104,0.3375000059604645,1.649999976158142,-0.44999998807907104,55.0,20.0,60.0,0.800000011920929,700.0,820.0,21430272,721.3626458644867
1,105.0,120.0,112.5,520.0,55.37687301635742,0.7809349894523621,60.2021484375,137.15274047851562,2.2298827171325684,1.4399999380111694,0.4650000035762787,0.2800000011920929,1.8700001239776611,0.3840000033378601,0.03200000151991844,0.4049999713897705,0.3375000059604645,1.649999976158142,-0.44999998807907104,55.0,15.0,75.0,0.800000011920929,690.0,840.0,21430272,721.3626458644867
1,105.0,120.0,112.5,520.0,55.3756103515625,0.7809850573539734,60.186973571777344,137.51217651367188,2.2083752155303955,1.6649999618530273,0.33000001311302185,0.2800000011920929,1.8700001239776611,0.3240000009536743,0.04800000041723251,0.4049999713897705,0.15000000596046448,1.649999976158142,-0.30000001192092896,55.0,12.0,50.0,0.800000011920929,700.0,840.0,21430272,721.3626458644867
1,105.0,120.0,112.5,520.0,55.37154769897461,0.7837142944335938,60.868080139160156,137.41937255859375,2.0237221717834473,1.6649999618530273,0.4050000309944153,0.2800000011920929,1.8700001239776611,0.3840000033378601,0.03999999910593033,0.4049999713897705,0.25,1.649999976158142,-0.30000001192092896,50.0,25.0,30.0,0.800000011920929,710.0,850.0,21430272,721.3626458644867
1,105.0,120.0,112.5,520.0,55.36956787109375,0.782484233379364,60.77140426635742,138.43267822265625,2.0431480407714844,1.6649999618530273,0.4050000309944153,0.2800000011920929,1.8700001239776611,0.23999999463558197,0.05999999865889549,0.4049999713897705,0.2874999940395355,1.399999976158142,-0.4000000059604645,55.0,12.0,35.0,0.5,730.0,850.0,21430272,721.3626458644867
1,105.0,120.0,112.5,520.0,55.36671829223633,0.7867271900177002,59.32062911987305,129.8151397705078,2.317030668258667,1.6649999618530273,0.4650000035762787,0.2800000011920929,1.8700001239776611,0.3240000009536743,0.03200000151991844,0.6075000166893005,0.3375000059604645,1.649999976158142,-0.4000000059604645,55.0,12.0,30.0,0.800000011920929,710.0,820.0,21430272,721.3626458644867
1,105.0,120.0,112.5,520.0,55.366397857666016,0.7806020975112915,60.35255432128906,138.51571655273438,2.1609673500061035,1.6649999618530273,0.33000001311302185,0.2800000011920929,1.8700001239776611,0.20399999618530273,0.04800000041723251,0.4049999713897705,0.3375000059604645,1.649999976158142,-0.4000000059604645,55.0,12.0,35.0,0.3499999940395355,710.0,840.0,21430272,721.3626458644867
1,105.0,120.0,112.5,520.0,55.366294860839844,0.7827374935150146,60.06065368652344,135.56582641601562,2.2074856758117676,1.6649999618530273,0.36000001430511475,0.2800000011920929,1.8700001239776611,0.3840000033378601,0.024000000208616257,0.44999998807907104,0.20000000298023224,1.649999976158142,-0.4000000059604645,55.0,15.0,50.0,0.800000011920929,730.0,850.0,21430272,721.3626458644867
1,105.0,120.0,112.5,520.0,55.36572265625,0.785552978515625,59.06634521484375,133.6202850341797,2.200645685195923,1.6649999618530273,0.4650000035762787,0.33249998092651367,1.8700001239776611,0.20399999618530273,0.024000000208616257,0.4049999713897705,0.3375000059604645,1.649999976158142,-0.44999998807907104,55.0,12.0,75.0,0.800000011920929,730.0,840.0,21430272,721.3626458644867
1,105.0,120.0,112.5,520.0,55.36296463012695,0.7845587134361267,61.274818420410156,138.5382080078125,1.891068458557129,1.6649999618530273,0.4650000035762787,0.2800000011920929,1.8700001239776611,0.3240000009536743,0.024000000208616257,0.4049999713897705,0.3375000059604645,1.649999976158142,-0.3499999940395355,50.0,25.0,50.0,0.6499999761581421,700.0,840.0,21430272,721.3626458644867
1,105.0,120.0,112.5,520.0,55.35865020751953,0.7845379710197449,61.042213439941406,137.0114288330078,1.9772061109542847,1.6649999618530273,0.4050000309944153,0.2800000011920929,1.8700001239776611,0.3840000033378601,0.05999999865889549,0.4049999713897705,0.3375000059604645,1.649999976158142,-0.20000000298023224,55.0,12.0,30.0,0.6499999761581421,690.0,820.0,21430272,721.3626458644867
1,105.0,120.0,112.5,520.0,55.35567092895508,0.7848062515258789,59.71630096435547,132.34910583496094,2.2633681297302246,1.6649999618530273,0.4050000309944153,0.2800000011920929,1.8700001239776611,0.3840000033378601,0.05999999865889549,0.5174999833106995,0.20000000298023224,1.649999976158142,-0.44999998807907104,55.0,15.0,60.0,0.800000011920929,720.0,850.0,21430272,721.3626458644867
1,105.0,120.0,112.5,520.0,55.35287094116211,0.7849990129470825,61.23238754272461,137.62484741210938,1.9051761627197266,1.6649999618530273,0.4650000035762787,0.2800000011920929,1.8700001239776611,0.3840000033378601,0.04800000041723251,0.4049999713897705,0.25,1.649999976158142,-0.30000001192092896,55.0,15.0,40.0,0.5,700.0,870.0,21430272,721.3626458644867
1,105.0,120.0,112.5,520.0,55.352481842041016,0.7799757719039917,59.95632553100586,137.3494873046875,2.2609546184539795,1.6649999618530273,0.27000001072883606,0.2800000011920929,1.8700001239776611,0.2759999930858612,0.05999999865889549,0.4049999713897705,0.25,1.649999976158142,-0.44999998807907104,55.0,12.0,35.0,0.6499999761581421,710.0,870.0,21430272,721.3626458644867
1,105.0,120.0,112.5,520.0,55.35033416748047,0.782611072063446,60.9300651550293,139.188232421875,1.9705058336257935,1.6649999618530273,0.4650000035762787,0.2800000011920929,1.8700001239776611,0.20399999618530273,0.05999999865889549,0.4049999713897705,0.20000000298023224,1.649999976158142,-0.30000001192092896,50.0,25.0,50.0,0.800000011920929,700.0,840.0,21430272,721.3626458644867
1,105.0,120.0,112.5,520.0,55.346656799316406,0.7799462676048279,59.99560546875,137.6587677001953,2.239067792892456,1.6649999618530273,0.27000001072883606,0.2800000011920929,1.8700001239776611,0.2759999930858612,0.03999999910593033,0.4049999713897705,0.2874999940395355,1.649999976158142,-0.44999998807907104,55.0,15.0,35.0,0.5,710.0,850.0,21430272,721.3626458644867
1,105.0,120.0,112.5,520.0,55.34325408935547,0.7823439836502075,60.71910858154297,138.59127807617188,2.0191853046417236,1.6649999618530273,0.4050000309944153,0.2800000011920929,1.8700001239776611,0.2759999930858612,0.03200000151991844,0.4049999713897705,0.25,1.399999976158142,-0.4000000059604645,55.0,12.0,50.0,0.6499999761581421,720.0,870.0,21430272,721.3626458644867
1,105.0,120.0,112.5,520.0,55.34229278564453,0.7848593592643738,58.7026252746582,132.56658935546875,2.287473201751709,1.6649999618530273,0.4050000309944153,0.33249998092651367,1.8700001239776611,0.23999999463558197,0.04800000041723251,0.4049999713897705,0.2874999940395355,1.649999976158142,-0.4000000059604645,55.0,12.0,40.0,0.800000011920929,690.0,870.0,21430272,721.3626458644867
1,105.0,120.0,112.5,520.0,55.339561462402344,0.7859219908714294,60.142826080322266,133.1968231201172,2.1209604740142822,1.6649999618530273,0.4650000035762787,0.2800000011920929,1.8700001239776611,0.3240000009536743,0.05999999865889549,0.5174999833106995,0.2874999940395355,1.649999976158142,-0.25,55.0,12.0,35.0,0.800000011920929,730.0,850.0,21430272,721.3626458644867
1,105.0,120.0,112.5,520.0,55.339439392089844,0.7814949750900269,60.31998825073242,137.32923889160156,2.146580457687378,1.6649999618530273,0.30000001192092896,0.2800000011920929,1.8700001239776611,0.3240000009536743,0.03999999910593033,0.4049999713897705,0.3375000059604645,1.649999976158142,-0.44999998807907104,55.0,15.0,40.0,0.3499999940395355,690.0,840.0,21430272,721.3626458644867
1,105.0,120.0,112.5,520.0,55.338138580322266,0.7813408374786377,59.67350769042969,135.19052124023438,2.2951645851135254,1.6649999618530273,0.30000001192092896,0.2800000011920929,1.8700001239776611,0.3240000009536743,0.05999999865889549,0.44999998807907104,0.20000000298023224,1.649999976158142,-0.44999998807907104,55.0,12.0,40.0,0.800000011920929,730.0,840.0,21430272,721.3626458644867
1,105.0,120.0,112.5,520.0,55.33808517456055,0.7818204164505005,60.487937927246094,137.86105346679688,2.0917303562164307,1.6649999618530273,0.36000001430511475,0.2800000011920929,1.8700001239776611,0.2759999930858612,0.05999999865889549,0.4049999713897705,0.25,1.399999976158142,-0.44999998807907104,55.0,12.0,50.0,0.800000011920929,730.0,840.0,21430272,721.3626458644867
1,105.0,120.0,112.5,520.0,55.33612060546875,0.7827887535095215,60.89105987548828,138.88221740722656,1.9639918804168701,1.6649999618530273,0.4650000035762787,0.2800000011920929,1.8700001239776611,0.23999999463558197,0.05999999865889549,0.4049999713897705,0.15000000596046448,1.649999976158142,-0.25,50.0,20.0,50.0,0.800000011920929,700.0,870.0,21430272,721.3626458644867
1,105.0,120.0,112.5,520.0,55.3330192565918,0.7815507054328918,60.25434112548828,137.07199096679688,2.1534695625305176,1.6649999618530273,0.33000001311302185,0.2800000011920929,1.8700001239776611,0.3840000033378601,0.03999999910593033,0.4049999713897705,0.15000000596046448,1.649999976158142,-0.3499999940395355,55.0,12.0,35.0,0.3499999940395355,710.0,820.0,21430272,721.3626458644867
1,105.0,120.0,112.5,520.0,55.33036422729492,0.7825213670730591,60.8663215637207,139.2211151123047,1.9570586681365967,1.6649999618530273,0.4650000035762787,0.2800000011920929,1.8700001239776611,0.23999999463558197,0.03999999910593033,0.4049999713897705,0.15000000596046448,1.649999976158142,-0.44999998807907104,50.0,40.0,40.0,0.800000011920929,720.0,840.0,21430272,721.3626458644867
1,105.0,120.0,112.5,520.0,55.33025360107422,0.7837142944335938,60.95009994506836,137.79049682617188,1.9594271183013916,1.6649999618530273,0.4050000309944153,0.2800000011920929,1.8700001239776611,0.3240000009536743,0.04800000041723251,0.4049999713897705,0.3375000059604645,1.649999976158142,-0.3499999940395355,50.0,30.0,30.0,0.5,690.0,820.0,21430272,721.3626458644867
1,105.0,120.0,112.5,520.0,55.32857894897461,0.7838727831840515,58.572444915771484,133.21275329589844,2.3020524978637695,1.6649999618530273,0.4050000309944153,0.33249998092651367,1.8700001239776611,0.20399999618530273,0.03200000151991844,0.4049999713897705,0.25,1.649999976158142,-0.4000000059604645,55.0,12.0,35.0,0.800000011920929,700.0,870.0,21430272,721.3626458644867
1,105.0,120.0,112.5,520.0,55.32726287841797,0.7874321937561035,58.62692642211914,130.09320068359375,2.2597389221191406,1.6649999618530273,0.4650000035762787,0.33249998092651367,1.8700001239776611,0.3840000033378601,0.024000000208616257,0.44999998807907104,0.20000000298023224,1.649999976158142,-0.44999998807907104,55.0,15.0,40.0,0.6499999761581421,710.0,870.0,21430272,721.3626458644867
1,105.0,120.0,112.5,520.0,55.32711410522461,0.7834131717681885,61.10107421875,139.11260986328125,1.8981482982635498,1.6649999618530273,0.4650000035762787,0.2800000011920929,1.8700001239776611,0.23999999463558197,0.03999999910593033,0.4049999713897705,0.2874999940395355,1.399999976158142,-0.44999998807907104,55.0,15.0,40.0,0.5,730.0,850.0,21430272,721.3626458644867
1,105.0,120.0,112.5,520.0,55.326114654541016,0.7830696105957031,60.54432678222656,137.71487426757812,2.0153262615203857,1.6649999618530273,0.4650000035762787,0.2800000011920929,1.8700001239776611,0.20399999618530273,0.03200000151991844,0.44999998807907104,0.25,1.649999976158142,-0.3499999940395355,55.0,15.0,40.0,0.5,700.0,870.0,21430272,721.3626458644867
1,105.0,120.0,112.5,520.0,55.32398986816406,0.787563681602478,59.178443908691406,131.555419921875,2.146987199783325,1.6649999618530273,0.4650000035762787,0.33249998092651367,1.8700001239776611,0.3840000033378601,0.04800000041723251,0.4049999713897705,0.25,1.649999976158142,-0.4000000059604645,55.0,15.0,75.0,0.800000011920929,720.0,870.0,21430272,721.3626458644867
1,105.0,120.0,112.5,520.0,55.32325744628906,0.7845587134361267,61.274818420410156,138.5382080078125,1.8513617515563965,1.6649999618530273,0.4650000035762787,0.2800000011920929,1.8700001239776611,0.3240000009536743,0.024000000208616257,0.4049999713897705,0.3375000059604645,1.399999976158142,-0.4000000059604645,55.0,15.0,60.0,0.800000011920929,730.0,850.0,21430272,721.3626458644867
1,105.0,120.0,112.5,520.0,55.32091522216797,0.7845378518104553,61.042213439941406,137.01141357421875,1.9394810199737549,1.6649999618530273,0.4050000309944153,0.2800000011920929,1.8700001239776611,0.3840000033378601,0.05999999865889549,0.4049999713897705,0.3375000059604645,1.649999976158142,-0.44999998807907104,50.0,20.0,30.0,0.800000011920929,710.0,820.0,21430272,721.3626458644867
1,105.0,120.0,112.5,520.0,55.320579528808594,0.7857640981674194,59.02029800415039,129.69200134277344,2.345576047897339,1.6649999618530273,0.4650000035762787,0.2800000011920929,1.8700001239776611,0.3240000009536743,0.04800000041723251,0.6075000166893005,0.15000000596046448,1.649999976158142,-0.44999998807907104,55.0,15.0,30.0,0.800000011920929,690.0,850.0,21430272,721.3626458644867
1,105.0,120.0,112.5,520.0,55.31974792480469,0.7834922075271606,60.9303092956543,138.06163024902344,1.948427677154541,1.6649999618530273,0.4050000309944153,0.2800000011920929,1.8700001239776611,0.3240000009536743,0.03200000151991844,0.4049999713897705,0.3375000059604645,1.399999976158142,-0.44999998807907104,55.0,15.0,60.0,0.800000011920929,690.0,840.0,21430272,721.3626458644867
1,105.0,120.0,112.5,520.0,55.319419860839844,0.7835211753845215,61.11096954345703,138.97705078125,1.8908610343933105,1.6649999618530273,0.4650000035762787,0.2800000011920929,1.8700001239776611,0.23999999463558197,0.04800000041723251,0.4049999713897705,0.2874999940395355,1.399999976158142,-0.44999998807907104,55.0,12.0,60.0,0.5,700.0,870.0,21430272,721.3626458644867
1,105.0,120.0,112.5,520.0,55.319183349609375,0.781451404094696,60.21015167236328,136.71852111816406,2.1653075218200684,1.6649999618530273,0.27000001072883606,0.2800000011920929,1.8700001239776611,0.3840000033378601,0.03200000151991844,0.4049999713897705,0.3375000059604645,1.649999976158142,-0.30000001192092896,55.0,12.0,30.0,0.3499999940395355,700.0,840.0,21430272,721.3626458644867
1,105.0,120.0,112.5,520.0,55.31888198852539,0.7820348143577576,60.51511764526367,137.87489318847656,2.0586071014404297,1.6649999618530273,0.36000001430511475,0.2800000011920929,1.8700001239776611,0.3240000009536743,0.03200000151991844,0.4049999713897705,0.25,1.649999976158142,-0.25,55.0,12.0,40.0,0.6499999761581421,720.0,850.0,21430272,721.3626458644867
1,105.0,120.0,112.5,520.0,55.318790435791016,0.7845677137374878,61.137123107910156,137.79986572265625,1.8908610343933105,1.6649999618530273,0.4650000035762787,0.2800000011920929,1.8700001239776611,0.3840000033378601,0.03999999910593033,0.4049999713897705,0.20000000298023224,1.399999976158142,-0.44999998807907104,55.0,12.0,60.0,0.5,700.0,850.0,21430272,721.3626458644867
1,105.0,120.0,112.5,520.0,55.31797790527344,0.7856577634811401,60.166378021240234,133.6179656982422,2.091398000717163,1.6649999618530273,0.4650000035762787,0.2800000011920929,1.8700001239776611,0.2759999930858612,0.05999999865889549,0.5174999833106995,0.3375000059604645,1.649999976158142,-0.30000001192092896,55.0,12.0,60.0,0.6499999761581421,710.0,840.0,21430272,721.3626458644867
1,105.0,120.0,112.5,520.0,55.31784439086914,0.786228597164154,59.07370376586914,132.96884155273438,2.148149013519287,1.6649999618530273,0.4650000035762787,0.33249998092651367,1.8700001239776611,0.2759999930858612,0.024000000208616257,0.4049999713897705,0.2874999940395355,1.649999976158142,-0.30000001192092896,55.0,12.0,75.0,0.800000011920929,700.0,850.0,21430272,721.3626458644867
1,105.0,120.0,112.5,520.0,55.31748962402344,0.7832154631614685,60.98815155029297,138.97178649902344,1.912320613861084,1.6649999618530273,0.4650000035762787,0.2800000011920929,1.8700001239776611,0.2759999930858612,0.03200000151991844,0.4049999713897705,0.20000000298023224,1.649999976158142,-0.30000001192092896,55.0,12.0,75.0,0.5,690.0,850.0,21430272,721.3626458644867
1,105.0,120.0,112.5,520.0,55.31743240356445,0.784199059009552,61.2327995300293,138.72769165039062,1.8579095602035522,1.6649999618530273,0.4650000035762787,0.2800000011920929,1.8700001239776611,0.2759999930858612,0.03999999910593033,0.4049999713897705,0.3375000059604645,1.399999976158142,-0.3499999940395355,50.0,25.0,30.0,0.6499999761581421,690.0,820.0,21430272,721.3626458644867
1,105.0,120.0,112.5,520.0,55.31718063354492,0.7827581763267517,60.142677307128906,135.9369659423828,2.134228229522705,1.6649999618530273,0.36000001430511475,0.2800000011920929,1.8700001239776611,0.3240000009536743,0.03200000151991844,0.44999998807907104,0.2874999940395355,1.649999976158142,-0.44999998807907104,55.0,15.0,50.0,0.5,720.0,870.0,21430272,721.3626458644867
1,105.0,120.0,112.5,520.0,55.3167839050293,0.7840883731842041,61.22290802001953,138.86325073242188,1.857000470161438,1.6649999618530273,0.4650000035762787,0.2800000011920929,1.8700001239776611,0.2759999930858612,0.03200000151991844,0.4049999713897705,0.3375000059604645,1.399999976158142,-0.44999998807907104,50.0,30.0,40.0,0.800000011920929,690.0,840.0,21430272,721.3626458644867
1,105.0,120.0,112.5,520.0,55.314815521240234,0.7815226316452026,60.159423828125,136.2835235595703,2.181655168533325,1.6649999618530273,0.27000001072883606,0.2800000011920929,1.8700001239776611,0.3840000033378601,0.05999999865889549,0.4049999713897705,0.2874999940395355,1.649999976158142,-0.44999998807907104,55.0,12.0,50.0,0.6499999761581421,710.0,820.0,21430272,721.3626458644867
1,105.0,120.0,112.5,520.0,55.313453674316406,0.7839080095291138,59.614288330078125,133.2637481689453,2.2295103073120117,1.6649999618530273,0.4050000309944153,0.2800000011920929,1.8700001239776611,0.3240000009536743,0.03999999910593033,0.5174999833106995,0.20000000298023224,1.649999976158142,-0.4000000059604645,55.0,12.0,40.0,0.6499999761581421,700.0,850.0,21430272,721.3626458644867
1,105.0,120.0,112.5,520.0,55.31303405761719,0.7811631560325623,60.15260314941406,136.99754333496094,2.163832664489746,1.6649999618530273,0.30000001192092896,0.2800000011920929,1.8700001239776611,0.3840000033378601,0.03200000151991844,0.4049999713897705,0.20000000298023224,1.649999976158142,-0.4000000059604645,55.0,15.0,30.0,0.3499999940395355,700.0,820.0,21430272,721.3626458644867
1,105.0,120.0,112.5,520.0,55.30987548828125,0.7839749455451965,61.2130126953125,138.9988250732422,1.8499741554260254,1.6649999618530273,0.4650000035762787,0.2800000011920929,1.8700001239776611,0.2759999930858612,0.024000000208616257,0.4049999713897705,0.3375000059604645,1.399999976158142,-0.4000000059604645,55.0,15.0,40.0,0.6499999761581421,710.0,850.0,21430272,721.3626458644867
1,105.0,120.0,112.5,520.0,55.30714416503906,0.785152792930603,60.766231536865234,136.12318420410156,1.9508388042449951,1.6649999618530273,0.4650000035762787,0.2800000011920929,1.8700001239776611,0.3840000033378601,0.024000000208616257,0.44999998807907104,0.25,1.649999976158142,-0.44999998807907104,50.0,30.0,30.0,0.5,710.0,840.0,21430272,721.3626458644867
1,105.0,120.0,112.5,520.0,55.30705261230469,0.7851580381393433,61.247230529785156,137.4215087890625,1.86013662815094,1.6649999618530273,0.4650000035762787,0.2800000011920929,1.8700001239776611,0.3840000033378601,0.05999999865889549,0.4049999713897705,0.25,1.649999976158142,-0.4000000059604645,55.0,20.0,75.0,0.800000011920929,710.0,820.0,21430272,721.3626458644867
1,105.0,120.0,112.5,520.0,55.306800842285156,0.7807880640029907,60.43450164794922,138.86123657226562,2.069403648376465,1.6649999618530273,0.36000001430511475,0.2800000011920929,1.8700001239776611,0.20399999618530273,0.03999999910593033,0.4049999713897705,0.2874999940395355,1.649999976158142,-0.3499999940395355,55.0,12.0,75.0,0.6499999761581421,700.0,820.0,21430272,721.3626458644867
1,105.0,120.0,112.5,520.0,55.30623245239258,0.7821837663650513,59.82129669189453,134.7786407470703,2.2301084995269775,1.6649999618530273,0.30000001192092896,0.2800000011920929,1.8700001239776611,0.3840000033378601,0.04800000041723251,0.44999998807907104,0.25,1.649999976158142,-0.4000000059604645,55.0,15.0,30.0,0.6499999761581421,710.0,840.0,21430272,721.3626458644867
1,105.0,120.0,112.5,520.0,55.30549240112305,0.7827402353286743,60.94179153442383,139.3172149658203,1.9113901853561401,1.6649999618530273,0.4650000035762787,0.2800000011920929,1.8700001239776611,0.23999999463558197,0.03200000151991844,0.4049999713897705,0.20000000298023224,1.649999976158142,-0.25,55.0,15.0,30.0,0.800000011920929,730.0,840.0,21430272,721.3626458644867
1,105.0,120.0,112.5,520.0,55.30543518066406,0.7824097871780396,60.856422424316406,139.35667419433594,1.9319097995758057,1.6649999618530273,0.4650000035762787,0.2800000011920929,1.8700001239776611,0.23999999463558197,0.03200000151991844,0.4049999713897705,0.15000000596046448,1.649999976158142,-0.44999998807907104,50.0,40.0,50.0,0.800000011920929,720.0,840.0,21430272,721.3626458644867
1,105.0,120.0,112.5,520.0,55.304908752441406,0.7845882177352905,60.78643798828125,136.95492553710938,1.936537265777588,1.6649999618530273,0.4650000035762787,0.2800000011920929,1.8700001239776611,0.2759999930858612,0.03200000151991844,0.44999998807907104,0.3375000059604645,1.649999976158142,-0.44999998807907104,55.0,12.0,75.0,0.5,710.0,870.0,21430272,721.3626458644867
1,105.0,120.0,112.5,520.0,55.30488204956055,0.7837142944335938,60.868080139160156,137.41937255859375,1.9570586681365967,1.6649999618530273,0.4050000309944153,0.2800000011920929,1.8700001239776611,0.3840000033378601,0.03999999910593033,0.4049999713897705,0.25,1.649999976158142,-0.44999998807907104,50.0,40.0,40.0,0.800000011920929,710.0,840.0,21430272,721.3626458644867
1,105.0,120.0,112.5,520.0,55.30437469482422,0.7837868928909302,60.61048126220703,137.0983123779297,1.9819122552871704,1.6649999618530273,0.4650000035762787,0.2800000011920929,1.8700001239776611,0.23999999463558197,0.04800000041723251,0.44999998807907104,0.25,1.649999976158142,-0.20000000298023224,50.0,20.0,30.0,0.6499999761581421,710.0,820.0,21430272,721.3626458644867
1,105.0,120.0,112.5,520.0,55.30390167236328,0.7834359407424927,61.00794219970703,138.70065307617188,1.8993161916732788,1.6649999618530273,0.4650000035762787,0.2800000011920929,1.8700001239776611,0.2759999930858612,0.04800000041723251,0.4049999713897705,0.20000000298023224,1.649999976158142,-0.25,55.0,15.0,35.0,0.800000011920929,700.0,840.0,21430272,721.3626458644867
1,105.0,120.0,112.5,520.0,55.30171585083008,0.7855880856513977,58.73687744140625,131.9257049560547,2.2374370098114014,1.6649999618530273,0.4050000309944153,0.33249998092651367,1.8700001239776611,0.3240000009536743,0.03999999910593033,0.4049999713897705,0.25,1.649999976158142,-0.44999998807907104,55.0,12.0,60.0,0.800000011920929,720.0,840.0,21430272,721.3626458644867
1,105.0,120.0,112.5,520.0,55.30056381225586,0.782724142074585,60.70545196533203,138.03457641601562,1.9844497442245483,1.6649999618530273,0.4050000309944153,0.2800000011920929,1.8700001239776611,0.3240000009536743,0.03999999910593033,0.4049999713897705,0.20000000298023224,1.649999976158142,-0.3499999940395355,50.0,20.0,35.0,0.800000011920929,700.0,840.0,21430272,721.3626458644867
1,105.0,120.0,112.5,520.0,55.300479888916016,0.7849665284156799,60.77278137207031,136.39822387695312,1.9401681423187256,1.6649999618530273,0.4650000035762787,0.2800000011920929,1.8700001239776611,0.3240000009536743,0.03999999910593033,0.44999998807907104,0.2874999940395355,1.649999976158142,-0.3499999940395355,55.0,12.0,60.0,0.3499999940395355,720.0,870.0,21430272,721.3626458644867
1,105.0,120.0,112.5,520.0,55.299964904785156,0.7846629619598389,61.20269775390625,138.03150939941406,1.8516881465911865,1.6649999618530273,0.4650000035762787,0.2800000011920929,1.8700001239776611,0.3840000033378601,0.024000000208616257,0.4049999713897705,0.25,1.399999976158142,-0.30000001192092896,55.0,12.0,40.0,0.6499999761581421,700.0,840.0,21430272,721.3626458644867
1,105.0,120.0,112.5,520.0,55.299400329589844,0.7815717458724976,60.646175384521484,139.01107788085938,2.0003716945648193,1.6649999618530273,0.4050000309944153,0.2800000011920929,1.8700001239776611,0.20399999618530273,0.04800000041723251,0.4049999713897705,0.25,1.649999976158142,-0.20000000298023224,50.0,25.0,30.0,0.800000011920929,700.0,850.0,21430272,721.3626458644867
1,105.0,120.0,112.5,520.0,55.29841232299805,0.783312976360321,60.33456039428711,136.35791015625,2.0537147521972656,1.6649999618530273,0.4050000309944153,0.2800000011920929,1.8700001239776611,0.3240000009536743,0.024000000208616257,0.44999998807907104,0.25,1.649999976158142,-0.44999998807907104,55.0,20.0,35.0,0.800000011920929,700.0,840.0,21430272,721.3626458644867
1,105.0,120.0,112.5,520.0,55.29313278198242,0.7860254645347595,60.9453125,135.64744567871094,1.9036943912506104,1.6649999618530273,0.4650000035762787,0.2800000011920929,1.8700001239776611,0.3840000033378601,0.04800000041723251,0.44999998807907104,0.3375000059604645,1.649999976158142,-0.3499999940395355,50.0,20.0,40.0,0.6499999761581421,700.0,870.0,21430272,721.3626458644867
1,105.0,120.0,112.5,520.0,55.2909049987793,0.7804620862007141,59.73888397216797,136.43685913085938,2.2298827171325684,1.6649999618530273,0.30000001192092896,0.2800000011920929,1.8700001239776611,0.20399999618530273,0.04800000041723251,0.44999998807907104,0.3375000059604645,1.649999976158142,-0.44999998807907104,55.0,15.0,75.0,0.800000011920929,710.0,850.0,21430272,721.3626458644867
2,120.0,140.0,130.0,540.0,56.44020080566406,0.7825612425804138,60.89105987548828,138.88221740722656,2.310567617416382,1.6649999618530273,0.4650000035762787,0.2800000011920929,1.8700001239776611,0.23999999463558197,0.05999999865889549,0.4049999713897705,0.15000000596046448,1.649999976158142,-0.44999998807907104,55.0,12.0,35.0,0.800000011920929,690.0,820.0,21757952,721.5315380096436
2,120.0,140.0,130.0,540.0,56.42970275878906,0.7815583944320679,60.8001708984375,139.8376922607422,2.310567855834961,1.6649999618530273,0.4650000035762787,0.2800000011920929,1.8700001239776611,0.20399999618530273,0.024000000208616257,0.4049999713897705,0.15000000596046448,1.649999976158142,-0.44999998807907104,55.0,12.0,35.0,0.800000011920929,720.0,870.0,21757952,721.5315380096436
2,120.0,140.0,130.0,540.0,56.327964782714844,0.7832144498825073,61.00794219970703,138.70065307617188,2.1653075218200684,1.6649999618530273,0.4650000035762787,0.2800000011920929,1.8700001239776611,0.2759999930858612,0.04800000041723251,0.4049999713897705,0.20000000298023224,1.649999976158142,-0.30000001192092896,55.0,12.0,30.0,0.3499999940395355,710.0,840.0,21757952,721.5315380096436
2,120.0,140.0,130.0,540.0,56.3178596496582,0.7850750088691711,60.85814666748047,136.35874938964844,2.182346820831299,1.6649999618530273,0.4650000035762787,0.2800000011920929,1.8700001239776611,0.3240000009536743,0.03999999910593033,0.44999998807907104,0.3375000059604645,1.649999976158142,-0.30000001192092896,55.0,12.0,40.0,0.6499999761581421,730.0,850.0,21757952,721.5315380096436
2,120.0,140.0,130.0,540.0,56.3026123046875,0.7822732329368591,60.68566131591797,138.30567932128906,2.2301084995269775,1.6649999618530273,0.4050000309944153,0.2800000011920929,1.8700001239776611,0.3240000009536743,0.024000000208616257,0.4049999713897705,0.20000000298023224,1.649999976158142,-0.4000000059604645,55.0,15.0,30.0,0.6499999761581421,690.0,850.0,21757952,721.5315380096436
2,120.0,140.0,130.0,540.0,56.302249908447266,0.7845430970191956,60.58100891113281,135.44198608398438,2.2591145038604736,1.6649999618530273,0.4050000309944153,0.2800000011920929,1.8700001239776611,0.3840000033378601,0.03999999910593033,0.44999998807907104,0.3375000059604645,1.649999976158142,-0.4000000059604645,55.0,12.0,50.0,0.800000011920929,720.0,840.0,21757952,721.5315380096436
2,120.0,140.0,130.0,540.0,56.29258346557617,0.7815981507301331,60.37254333496094,137.2299346923828,2.330681562423706,1.6649999618530273,0.33000001311302185,0.2800000011920929,1.8700001239776611,0.3240000009536743,0.05999999865889549,0.4049999713897705,0.25,1.649999976158142,-0.44999998807907104,55.0,15.0,35.0,0.800000011920929,720.0,850.0,21757952,721.5315380096436
2,120.0,140.0,130.0,540.0,56.290950775146484,0.7812377214431763,60.374755859375,137.6609344482422,2.3263936042785645,1.6649999618530273,0.33000001311302185,0.2800000011920929,1.8700001239776611,0.2759999930858612,0.05999999865889549,0.4049999713897705,0.2874999940395355,1.649999976158142,-0.44999998807907104,55.0,12.0,30.0,0.800000011920929,690.0,840.0,21757952,721.5315380096436
2,120.0,140.0,130.0,540.0,56.284385681152344,0.7824382185935974,60.64482498168945,137.73513793945312,2.234799861907959,1.6649999618530273,0.4050000309944153,0.2800000011920929,1.8700001239776611,0.3240000009536743,0.05999999865889549,0.4049999713897705,0.15000000596046448,1.649999976158142,-0.4000000059604645,55.0,15.0,40.0,0.800000011920929,730.0,840.0,21757952,721.5315380096436
2,120.0,140.0,130.0,540.0,56.28379440307617,0.7824984192848206,60.674400329589844,137.67027282714844,2.2327044010162354,1.6649999618530273,0.36000001430511475,0.2800000011920929,1.8700001239776611,0.3240000009536743,0.03999999910593033,0.4049999713897705,0.3375000059604645,1.649999976158142,-0.4000000059604645,55.0,12.0,60.0,0.800000011920929,690.0,840.0,21757952,721.5315380096436
2,120.0,140.0,130.0,540.0,56.27397155761719,0.7820819020271301,60.363704681396484,137.92935180664062,2.248821973800659,1.6649999618530273,0.4650000035762787,0.2800000011920929,1.8700001239776611,0.20399999618530273,0.024000000208616257,0.44999998807907104,0.15000000596046448,1.649999976158142,-0.4000000059604645,55.0,15.0,35.0,0.800000011920929,690.0,820.0,21757952,721.5315380096436
2,120.0,140.0,130.0,540.0,56.26869583129883,0.7840479016304016,60.65684509277344,136.75286865234375,2.1803269386291504,1.6649999618530273,0.4650000035762787,0.2800000011920929,1.8700001239776611,0.2759999930858612,0.04800000041723251,0.44999998807907104,0.25,1.649999976158142,-0.4000000059604645,55.0,15.0,40.0,0.6499999761581421,720.0,870.0,21757952,721.5315380096436
2,120.0,140.0,130.0,540.0,56.255645751953125,0.7853422164916992,61.38177490234375,137.5557861328125,2.014846086502075,1.6649999618530273,0.4650000035762787,0.2800000011920929,1.8700001239776611,0.3840000033378601,0.04800000041723251,0.4049999713897705,0.3375000059604645,1.649999976158142,-0.30000001192092896,55.0,15.0,35.0,0.800000011920929,690.0,870.0,21757952,721.5315380096436
2,120.0,140.0,130.0,540.0,56.24138641357422,0.783469557762146,60.98439407348633,138.27952575683594,2.0878610610961914,1.6649999618530273,0.4650000035762787,0.2800000011920929,1.8700001239776611,0.3240000009536743,0.04800000041723251,0.4049999713897705,0.15000000596046448,1.649999976158142,-0.4000000059604645,55.0,15.0,60.0,0.6499999761581421,710.0,850.0,21757952,721.5315380096436
2,120.0,140.0,130.0,540.0,56.22244644165039,0.7821943163871765,60.37359619140625,137.79379272460938,2.197628974914551,1.6649999618530273,0.4650000035762787,0.2800000011920929,1.8700001239776611,0.20399999618530273,0.03200000151991844,0.44999998807907104,0.15000000596046448,1.649999976158142,-0.30000001192092896,55.0,12.0,30.0,0.5,730.0,840.0,21757952,721.5315380096436
2,120.0,140.0,130.0,540.0,56.22072982788086,0.782080352306366,60.40715789794922,136.61793518066406,2.262272596359253,1.6649999618530273,0.30000001192092896,0.2800000011920929,1.8700001239776611,0.3840000033378601,0.04800000041723251,0.4049999713897705,0.3375000059604645,1.649999976158142,-0.30000001192092896,55.0,12.0,30.0,0.800000011920929,730.0,870.0,21757952,721.5315380096436
2,120.0,140.0,130.0,540.0,56.22000503540039,0.784529447555542,61.23398971557617,137.96768188476562,2.0106472969055176,1.6649999618530273,0.4650000035762787,0.2800000011920929,1.8700001239776611,0.3240000009536743,0.05999999865889549,0.4049999713897705,0.2874999940395355,1.649999976158142,-0.30000001192092896,50.0,30.0,30.0,0.800000011920929,690.0,820.0,21757952,721.5315380096436
2,120.0,140.0,130.0,540.0,56.21909713745117,0.7829301953315735,60.2083625793457,135.82681274414062,2.265253782272339,1.6649999618530273,0.4050000309944153,0.2800000011920929,1.8700001239776611,0.3240000009536743,0.05999999865889549,0.44999998807907104,0.15000000596046448,1.649999976158142,-0.44999998807907104,55.0,12.0,50.0,0.800000011920929,730.0,850.0,21757952,721.5315380096436
2,120.0,140.0,130.0,540.0,56.21758270263672,0.7817542552947998,60.682640075683594,138.80116271972656,2.148149013519287,1.6649999618530273,0.4050000309944153,0.2800000011920929,1.8700001239776611,0.23999999463558197,0.03999999910593033,0.4049999713897705,0.25,1.649999976158142,-0.30000001192092896,55.0,12.0,75.0,0.800000011920929,710.0,840.0,21757952,721.5315380096436
2,120.0,140.0,130.0,540.0,56.21632385253906,0.785186231136322,60.83025360107422,136.0935821533203,2.090003728866577,1.6649999618530273,0.4650000035762787,0.2800000011920929,1.8700001239776611,0.3840000033378601,0.024000000208616257,0.44999998807907104,0.2874999940395355,1.649999976158142,-0.3499999940395355,55.0,15.0,35.0,0.6499999761581421,710.0,820.0,21757952,721.5315380096436
2,120.0,140.0,130.0,540.0,56.21550369262695,0.780955970287323,59.98814392089844,137.0884552001953,2.317030668258667,1.6649999618530273,0.36000001430511475,0.2800000011920929,1.8700001239776611,0.20399999618530273,0.03200000151991844,0.44999998807907104,0.2874999940395355,1.649999976158142,-0.4000000059604645,55.0,12.0,30.0,0.800000011920929,730.0,850.0,21757952,721.5315380096436
2,120.0,140.0,130.0,540.0,56.20454788208008,0.7820168733596802,60.65353012084961,138.35963439941406,2.145193099975586,1.6649999618530273,0.4050000309944153,0.2800000011920929,1.8700001239776611,0.2759999930858612,0.04800000041723251,0.4049999713897705,0.20000000298023224,1.649999976158142,-0.3499999940395355,55.0,15.0,30.0,0.800000011920929,700.0,870.0,21757952,721.5315380096436
2,120.0,140.0,130.0,540.0,56.199363708496094,0.7835991382598877,60.65471649169922,137.33982849121094,2.1052913665771484,1.6649999618530273,0.4650000035762787,0.2800000011920929,1.8700001239776611,0.23999999463558197,0.03200000151991844,0.44999998807907104,0.2874999940395355,1.399999976158142,-0.4000000059604645,55.0,12.0,30.0,0.6499999761581421,700.0,870.0,21757952,721.5315380096436
2,120.0,140.0,130.0,540.0,56.19377899169922,0.7862004637718201,60.260929107666016,133.19161987304688,2.1932618618011475,1.6649999618530273,0.4650000035762787,0.2800000011920929,1.8700001239776611,0.3840000033378601,0.024000000208616257,0.5174999833106995,0.3375000059604645,1.649999976158142,-0.44999998807907104,55.0,15.0,35.0,0.3499999940395355,720.0,870.0,21757952,721.5315380096436
2,120.0,140.0,130.0,540.0,56.193199157714844,0.784351110458374,61.274818420410156,138.5382080078125,1.9616703987121582,1.6649999618530273,0.4650000035762787,0.2800000011920929,1.8700001239776611,0.3240000009536743,0.024000000208616257,0.4049999713897705,0.3375000059604645,1.649999976158142,-0.44999998807907104,50.0,25.0,30.0,0.6499999761581421,690.0,870.0,21757952,721.5315380096436
2,120.0,140.0,130.0,540.0,56.1888313293457,0.7861169576644897,59.03936767578125,132.59178161621094,2.2886502742767334,1.6649999618530273,0.4650000035762787,0.33249998092651367,1.8700001239776611,0.2759999930858612,0.04800000041723251,0.4049999713897705,0.25,1.649999976158142,-0.44999998807907104,55.0,12.0,30.0,0.6499999761581421,690.0,840.0,21757952,721.5315380096436
2,120.0,140.0,130.0,540.0,56.185150146484375,0.7837733030319214,60.892822265625,137.08047485351562,2.082486629486084,1.6649999618530273,0.4050000309944153,0.2800000011920929,1.8700001239776611,0.3840000033378601,0.05999999865889549,0.4049999713897705,0.25,1.649999976158142,-0.3499999940395355,55.0,15.0,30.0,0.5,700.0,870.0,21757952,721.5315380096436
2,120.0,140.0,130.0,540.0,56.18120574951172,0.7859845757484436,60.96015548706055,135.44412231445312,2.03766131401062,1.6649999618530273,0.4650000035762787,0.2800000011920929,1.8700001239776611,0.3840000033378601,0.05999999865889549,0.44999998807907104,0.3375000059604645,1.649999976158142,-0.44999998807907104,55.0,20.0,30.0,0.6499999761581421,720.0,840.0,21757952,721.5315380096436
2,120.0,140.0,130.0,540.0,56.17985534667969,0.7874258756637573,59.265419006347656,131.85877990722656,2.2333173751831055,1.6649999618530273,0.4650000035762787,0.33249998092651367,1.8700001239776611,0.3240000009536743,0.05999999865889549,0.4049999713897705,0.3375000059604645,1.649999976158142,-0.3499999940395355,55.0,12.0,30.0,0.5,730.0,870.0,21757952,721.5315380096436
2,120.0,140.0,130.0,540.0,56.1763801574707,0.7849469184875488,60.766231536865234,136.12318420410156,2.065211534500122,1.6649999618530273,0.4650000035762787,0.2800000011920929,1.8700001239776611,0.3840000033378601,0.024000000208616257,0.44999998807907104,0.25,1.399999976158142,-0.44999998807907104,55.0,12.0,40.0,0.6499999761581421,690.0,850.0,21757952,721.5315380096436
2,120.0,140.0,130.0,540.0,56.17564392089844,0.7815594673156738,60.344730377197266,136.99034118652344,2.2299509048461914,1.6649999618530273,0.30000001192092896,0.2800000011920929,1.8700001239776611,0.3240000009536743,0.05999999865889549,0.4049999713897705,0.3375000059604645,1.649999976158142,-0.30000001192092896,55.0,12.0,30.0,0.6499999761581421,710.0,840.0,21757952,721.5315380096436
2,120.0,140.0,130.0,540.0,56.17264938354492,0.7824358344078064,60.132774353027344,136.07252502441406,2.2374370098114014,1.6649999618530273,0.36000001430511475,0.2800000011920929,1.8700001239776611,0.3240000009536743,0.024000000208616257,0.44999998807907104,0.2874999940395355,1.649999976158142,-0.44999998807907104,55.0,12.0,60.0,0.800000011920929,730.0,870.0,21757952,721.5315380096436
2,120.0,140.0,130.0,540.0,56.168968200683594,0.7830597162246704,60.456424713134766,137.23846435546875,2.120720863342285,1.6649999618530273,0.4650000035762787,0.2800000011920929,1.8700001239776611,0.2759999930858612,0.024000000208616257,0.44999998807907104,0.15000000596046448,1.649999976158142,-0.30000001192092896,55.0,12.0,35.0,0.3499999940395355,720.0,840.0,21757952,721.5315380096436
2,120.0,140.0,130.0,540.0,56.16729736328125,0.7861258387565613,60.15606689453125,132.6506805419922,2.2048654556274414,1.6649999618530273,0.4650000035762787,0.2800000011920929,1.8700001239776611,0.3840000033378601,0.05999999865889549,0.5174999833106995,0.25,1.649999976158142,-0.4000000059604645,55.0,15.0,35.0,0.6499999761581421,730.0,870.0,21757952,721.5315380096436
2,120.0,140.0,130.0,540.0,56.16563034057617,0.7866075038909912,58.96353530883789,131.2808837890625,2.3109402656555176,1.6649999618530273,0.4050000309944153,0.33249998092651367,1.8700001239776611,0.3840000033378601,0.03999999910593033,0.4049999713897705,0.3375000059604645,1.649999976158142,-0.44999998807907104,55.0,15.0,30.0,0.6499999761581421,720.0,850.0,21757952,721.5315380096436
2,120.0,140.0,130.0,540.0,56.164276123046875,0.7827523350715637,60.0804443359375,135.29470825195312,2.255023956298828,1.6649999618530273,0.36000001430511475,0.2800000011920929,1.8700001239776611,0.3840000033378601,0.03999999910593033,0.44999998807907104,0.20000000298023224,1.649999976158142,-0.4000000059604645,55.0,12.0,35.0,0.6499999761581421,690.0,850.0,21757952,721.5315380096436
2,120.0,140.0,130.0,540.0,56.150821685791016,0.7822233438491821,60.97089767456055,139.75877380371094,1.989784836769104,1.6649999618530273,0.4650000035762787,0.2800000011920929,1.8700001239776611,0.20399999618530273,0.024000000208616257,0.4049999713897705,0.25,1.649999976158142,-0.3499999940395355,50.0,30.0,30.0,0.6499999761581421,720.0,840.0,21757952,721.5315380096436
2,120.0,140.0,130.0,540.0,56.14983367919922,0.7834050059318542,60.45182418823242,136.3427734375,2.1296234130859375,1.6649999618530273,0.4050000309944153,0.2800000011920929,1.8700001239776611,0.2759999930858612,0.04800000041723251,0.44999998807907104,0.3375000059604645,1.649999976158142,-0.30000001192092896,55.0,12.0,40.0,0.5,710.0,820.0,21757952,721.5315380096436
2,120.0,140.0,130.0,540.0,56.1491584777832,0.7824180126190186,60.08854675292969,135.8310089111328,2.2299509048461914,1.6649999618530273,0.36000001430511475,0.2800000011920929,1.8700001239776611,0.3240000009536743,0.03999999910593033,0.44999998807907104,0.25,1.649999976158142,-0.30000001192092896,55.0,12.0,30.0,0.6499999761581421,690.0,840.0,21757952,721.5315380096436
2,120.0,140.0,130.0,540.0,56.14878845214844,0.7826025485992432,60.67755889892578,137.7694091796875,2.0865211486816406,1.6649999618530273,0.4050000309944153,0.2800000011920929,1.8700001239776611,0.3840000033378601,0.024000000208616257,0.4049999713897705,0.15000000596046448,1.399999976158142,-0.4000000059604645,55.0,12.0,50.0,0.800000011920929,690.0,820.0,21757952,721.5315380096436
2,120.0,140.0,130.0,540.0,56.14577865600586,0.7831051349639893,60.998043060302734,138.83621215820312,1.9826093912124634,1.6649999618530273,0.4650000035762787,0.2800000011920929,1.8700001239776611,0.2759999930858612,0.03999999910593033,0.4049999713897705,0.20000000298023224,1.649999976158142,-0.4000000059604645,55.0,15.0,50.0,0.3499999940395355,720.0,840.0,21757952,721.5315380096436
2,120.0,140.0,130.0,540.0,56.14424514770508,0.7800551652908325,60.08097457885742,137.61932373046875,2.263246536254883,1.6649999618530273,0.27000001072883606,0.2800000011920929,1.8700001239776611,0.2759999930858612,0.03999999910593033,0.4049999713897705,0.3375000059604645,1.649999976158142,-0.4000000059604645,55.0,15.0,30.0,0.800000011920929,730.0,840.0,21757952,721.5315380096436
2,120.0,140.0,130.0,540.0,56.143402099609375,0.7834327220916748,61.08340835571289,138.7967529296875,1.9595589637756348,1.6649999618530273,0.4650000035762787,0.2800000011920929,1.8700001239776611,0.2759999930858612,0.03999999910593033,0.4049999713897705,0.25,1.649999976158142,-0.30000001192092896,50.0,30.0,35.0,0.6499999761581421,720.0,870.0,21757952,721.5315380096436
2,120.0,140.0,130.0,540.0,56.140968322753906,0.7838863730430603,60.50373840332031,136.01771545410156,2.108266830444336,1.6649999618530273,0.4050000309944153,0.2800000011920929,1.8700001239776611,0.3240000009536743,0.03999999910593033,0.44999998807907104,0.3375000059604645,1.649999976158142,-0.25,55.0,12.0,40.0,0.800000011920929,700.0,850.0,21757952,721.5315380096436
2,120.0,140.0,130.0,540.0,56.14023208618164,0.7843182682991028,60.561214447021484,135.7130889892578,2.096428155899048,1.6649999618530273,0.4050000309944153,0.2800000011920929,1.8700001239776611,0.3840000033378601,0.024000000208616257,0.44999998807907104,0.3375000059604645,1.649999976158142,-0.3499999940395355,55.0,12.0,50.0,0.5,700.0,850.0,21757952,721.5315380096436
2,120.0,140.0,130.0,540.0,56.13983154296875,0.7832227945327759,61.061790466308594,138.80331420898438,1.9684796333312988,1.6649999618530273,0.4650000035762787,0.2800000011920929,1.8700001239776611,0.23999999463558197,0.05999999865889549,0.4049999713897705,0.25,1.649999976158142,-0.4000000059604645,50.0,30.0,50.0,0.800000011920929,720.0,840.0,21757952,721.5315380096436
2,120.0,140.0,130.0,540.0,56.13808822631836,0.7802568078041077,60.075340270996094,137.57330322265625,2.24855375289917,1.6649999618530273,0.30000001192092896,0.2800000011920929,1.8700001239776611,0.3240000009536743,0.03200000151991844,0.4049999713897705,0.20000000298023224,1.649999976158142,-0.30000001192092896,55.0,12.0,35.0,0.800000011920929,730.0,840.0,21757952,721.5315380096436
2,120.0,140.0,130.0,540.0,56.13604736328125,0.7830774784088135,60.85483932495117,137.9655303955078,2.027683973312378,1.6649999618530273,0.4050000309944153,0.2800000011920929,1.8700001239776611,0.3240000009536743,0.03999999910593033,0.4049999713897705,0.2874999940395355,1.649999976158142,-0.30000001192092896,55.0,15.0,30.0,0.800000011920929,730.0,840.0,21757952,721.5315380096436
2,120.0,140.0,130.0,540.0,56.13441467285156,0.7851170897483826,59.916412353515625,132.7150421142578,2.2374370098114014,1.6649999618530273,0.4050000309944153,0.2800000011920929,1.8700001239776611,0.3840000033378601,0.03200000151991844,0.5174999833106995,0.3375000059604645,1.649999976158142,-0.44999998807907104,55.0,12.0,60.0,0.800000011920929,710.0,870.0,21757952,721.5315380096436
2,120.0,140.0,130.0,540.0,56.12887954711914,0.7851701974868774,60.7860221862793,135.85205078125,2.0184648036956787,1.6649999618530273,0.4650000035762787,0.2800000011920929,1.8700001239776611,0.3840000033378601,0.03999999910593033,0.44999998807907104,0.25,1.649999976158142,-0.44999998807907104,50.0,30.0,30.0,0.800000011920929,700.0,820.0,21757952,721.5315380096436
2,120.0,140.0,130.0,540.0,56.124244689941406,0.7846213579177856,61.161861419677734,137.4609832763672,1.9401681423187256,1.6649999618530273,0.4650000035762787,0.2800000011920929,1.8700001239776611,0.3840000033378601,0.05999999865889549,0.4049999713897705,0.20000000298023224,1.649999976158142,-0.3499999940395355,55.0,12.0,60.0,0.3499999940395355,730.0,870.0,21757952,721.5315380096436
2,120.0,140.0,130.0,540.0,56.1219482421875,0.7802279591560364,59.68008804321289,136.40196228027344,2.3163180351257324,1.6649999618530273,0.30000001192092896,0.2800000011920929,1.8700001239776611,0.23999999463558197,0.03200000151991844,0.44999998807907104,0.2874999940395355,1.649999976158142,-0.44999998807907104,55.0,15.0,40.0,0.800000011920929,700.0,870.0,21757952,721.5315380096436
2,120.0,140.0,130.0,540.0,56.1207389831543,0.7835961580276489,59.88963317871094,134.8523712158203,2.197697877883911,1.6649999618530273,0.4650000035762787,0.2800000011920929,1.8700001239776611,0.20399999618530273,0.03200000151991844,0.5174999833106995,0.25,1.649999976158142,-0.4000000059604645,55.0,12.0,75.0,0.800000011920929,720.0,840.0,21757952,721.5315380096436
2,120.0,140.0,130.0,540.0,56.11962890625,0.7821685671806335,60.637325286865234,137.7919921875,2.082486629486084,1.6649999618530273,0.36000001430511475,0.2800000011920929,1.8700001239776611,0.2759999930858612,0.05999999865889549,0.4049999713897705,0.3375000059604645,1.649999976158142,-0.3499999940395355,55.0,15.0,30.0,0.5,730.0,870.0,21757952,721.5315380096436
2,120.0,140.0,130.0,540.0,56.118865966796875,0.7834485173225403,61.12764358520508,139.03826904296875,1.9191319942474365,1.6649999618530273,0.4650000035762787,0.2800000011920929,1.8700001239776611,0.2759999930858612,0.024000000208616257,0.4049999713897705,0.2874999940395355,1.649999976158142,-0.4000000059604645,50.0,30.0,75.0,0.800000011920929,700.0,850.0,21757952,721.5315380096436
2,120.0,140.0,130.0,540.0,56.118499755859375,0.7846010327339172,60.806236267089844,136.68380737304688,1.9950684309005737,1.6649999618530273,0.4650000035762787,0.2800000011920929,1.8700001239776611,0.2759999930858612,0.04800000041723251,0.44999998807907104,0.3375000059604645,1.649999976158142,-0.3499999940395355,50.0,25.0,40.0,0.800000011920929,720.0,850.0,21757952,721.5315380096436
2,120.0,140.0,130.0,540.0,56.11770248413086,0.7799859642982483,60.28510665893555,138.9302978515625,2.1609675884246826,1.6649999618530273,0.36000001430511475,0.2800000011920929,1.8700001239776611,0.20399999618530273,0.03999999910593033,0.4049999713897705,0.20000000298023224,1.649999976158142,-0.4000000059604645,55.0,12.0,35.0,0.3499999940395355,730.0,840.0,21757952,721.5315380096436
2,120.0,140.0,130.0,540.0,56.115848541259766,0.7824658155441284,61.0349235534668,139.7291717529297,1.9394810199737549,1.6649999618530273,0.4650000035762787,0.2800000011920929,1.8700001239776611,0.20399999618530273,0.024000000208616257,0.4049999713897705,0.2874999940395355,1.649999976158142,-0.44999998807907104,50.0,20.0,30.0,0.800000011920929,710.0,820.0,21757952,721.5315380096436
2,120.0,140.0,130.0,540.0,56.11452102661133,0.7826057076454163,60.60227584838867,137.16357421875,2.0878610610961914,1.6649999618530273,0.36000001430511475,0.2800000011920929,1.8700001239776611,0.3840000033378601,0.03999999910593033,0.4049999713897705,0.25,1.649999976158142,-0.4000000059604645,55.0,15.0,60.0,0.6499999761581421,700.0,870.0,21757952,721.5315380096436
2,120.0,140.0,130.0,540.0,56.11423110961914,0.7850750088691711,60.85814666748047,136.35874938964844,1.9787189960479736,1.6649999618530273,0.4650000035762787,0.2800000011920929,1.8700001239776611,0.3240000009536743,0.03999999910593033,0.44999998807907104,0.3375000059604645,1.399999976158142,-0.3499999940395355,55.0,12.0,35.0,0.6499999761581421,710.0,840.0,21757952,721.5315380096436
2,120.0,140.0,130.0,540.0,56.11245346069336,0.7825661897659302,60.40823745727539,137.31935119628906,2.090003728866577,1.6649999618530273,0.4650000035762787,0.2800000011920929,1.8700001239776611,0.20399999618530273,0.05999999865889549,0.44999998807907104,0.15000000596046448,1.649999976158142,-0.3499999940395355,55.0,15.0,35.0,0.6499999761581421,720.0,820.0,21757952,721.5315380096436
2,120.0,140.0,130.0,540.0,56.109947204589844,0.7825567126274109,61.000587463378906,139.3520965576172,1.9501234292984009,1.6649999618530273,0.4650000035762787,0.2800000011920929,1.8700001239776611,0.20399999618530273,0.04800000041723251,0.4049999713897705,0.25,1.649999976158142,-0.30000001192092896,50.0,20.0,35.0,0.6499999761581421,720.0,850.0,21757952,721.5315380096436
2,120.0,140.0,130.0,540.0,56.10869598388672,0.7837004065513611,61.108154296875,138.45785522460938,1.9264246225357056,1.6649999618530273,0.4650000035762787,0.2800000011920929,1.8700001239776611,0.2759999930858612,0.05999999865889549,0.4049999713897705,0.25,1.649999976158142,-0.4000000059604645,50.0,30.0,30.0,0.3499999940395355,700.0,820.0,21757952,721.5315380096436
2,120.0,140.0,130.0,540.0,56.108299255371094,0.7832893133163452,61.16664505004883,139.34425354003906,1.8993161916732788,1.6649999618530273,0.4650000035762787,0.2800000011920929,1.8700001239776611,0.23999999463558197,0.024000000208616257,0.4049999713897705,0.3375000059604645,1.649999976158142,-0.25,55.0,15.0,35.0,0.800000011920929,720.0,840.0,21757952,721.5315380096436
2,120.0,140.0,130.0,540.0,56.10779571533203,0.7831317186355591,60.95469665527344,138.68618774414062,1.9533054828643799,1.6649999618530273,0.4650000035762787,0.2800000011920929,1.8700001239776611,0.3240000009536743,0.024000000208616257,0.4049999713897705,0.15000000596046448,1.649999976158142,-0.30000001192092896,50.0,30.0,30.0,0.5,700.0,840.0,21757952,721.5315380096436
2,120.0,140.0,130.0,540.0,56.106849670410156,0.7801339626312256,59.577064514160156,136.12557983398438,2.3263936042785645,1.6649999618530273,0.30000001192092896,0.2800000011920929,1.8700001239776611,0.2759999930858612,0.03200000151991844,0.44999998807907104,0.20000000298023224,1.649999976158142,-0.44999998807907104,55.0,12.0,30.0,0.800000011920929,700.0,870.0,21757952,721.5315380096436
2,120.0,140.0,130.0,540.0,56.1064453125,0.7803334593772888,59.810935974121094,136.91793823242188,2.2609546184539795,1.6649999618530273,0.33000001311302185,0.2800000011920929,1.8700001239776611,0.20399999618530273,0.03200000151991844,0.44999998807907104,0.2874999940395355,1.649999976158142,-0.44999998807907104,55.0,12.0,35.0,0.6499999761581421,730.0,850.0,21757952,721.5315380096436
2,120.0,140.0,130.0,540.0,56.106380462646484,0.783086359500885,61.09117889404297,139.24815368652344,1.9177331924438477,1.6649999618530273,0.4650000035762787,0.2800000011920929,1.8700001239776611,0.23999999463558197,0.03200000151991844,0.4049999713897705,0.2874999940395355,1.649999976158142,-0.25,50.0,15.0,30.0,0.6499999761581421,700.0,870.0,21757952,721.5315380096436
2,120.0,140.0,130.0,540.0,56.10596466064453,0.7832992672920227,60.68382263183594,137.7813720703125,2.0038909912109375,1.6649999618530273,0.4650000035762787,0.2800000011920929,1.8700001239776611,0.20399999618530273,0.024000000208616257,0.44999998807907104,0.3375000059604645,1.399999976158142,-0.44999998807907104,55.0,12.0,35.0,0.3499999940395355,690.0,820.0,21757952,721.5315380096436
2,120.0,140.0,130.0,540.0,56.10578918457031,0.7858934998512268,59.01957702636719,132.86288452148438,2.2048654556274414,1.6649999618530273,0.4650000035762787,0.33249998092651367,1.8700001239776611,0.2759999930858612,0.03200000151991844,0.4049999713897705,0.25,1.649999976158142,-0.4000000059604645,55.0,15.0,35.0,0.6499999761581421,710.0,820.0,21757952,721.5315380096436
2,120.0,140.0,130.0,540.0,56.10483932495117,0.785678505897522,60.19355773925781,133.63182067871094,2.113839864730835,1.6649999618530273,0.4650000035762787,0.2800000011920929,1.8700001239776611,0.3240000009536743,0.03200000151991844,0.5174999833106995,0.3375000059604645,1.649999976158142,-0.3499999940395355,55.0,15.0,30.0,0.6499999761581421,690.0,870.0,21757952,721.5315380096436
2,120.0,140.0,130.0,540.0,56.104732513427734,0.7808802127838135,60.36793518066406,138.3749542236328,2.1229538917541504,1.6649999618530273,0.36000001430511475,0.2800000011920929,1.8700001239776611,0.2759999930858612,0.03200000151991844,0.4049999713897705,0.20000000298023224,1.399999976158142,-0.4000000059604645,55.0,12.0,35.0,0.800000011920929,710.0,820.0,21757952,721.5315380096436
2,120.0,140.0,130.0,540.0,56.10398864746094,0.7822046279907227,60.54975128173828,137.4004669189453,2.090003728866577,1.6649999618530273,0.36000001430511475,0.2800000011920929,1.8700001239776611,0.3240000009536743,0.05999999865889549,0.4049999713897705,0.25,1.649999976158142,-0.3499999940395355,55.0,15.0,35.0,0.6499999761581421,730.0,850.0,21757952,721.5315380096436
2,120.0,140.0,130.0,540.0,56.10194778442383,0.7816013693809509,60.487937927246094,137.86105346679688,2.100649356842041,1.6649999618530273,0.36000001430511475,0.2800000011920929,1.8700001239776611,0.2759999930858612,0.05999999865889549,0.4049999713897705,0.25,1.649999976158142,-0.4000000059604645,55.0,12.0,50.0,0.5,730.0,850.0,21757952,721.5315380096436
2,120.0,140.0,130.0,540.0,56.09977722167969,0.7886831164360046,58.633296966552734,129.59877014160156,2.23507022857666,1.6649999618530273,0.4650000035762787,0.3499999940395355,1.8700001239776611,0.3840000033378601,0.03999999910593033,0.4049999713897705,0.3375000059604645,1.649999976158142,-0.30000001192092896,55.0,12.0,40.0,0.800000011920929,710.0,870.0,21757952,721.5315380096436
2,120.0,140.0,130.0,540.0,56.096435546875,0.7846724987030029,59.77692413330078,132.6485137939453,2.23507022857666,1.6649999618530273,0.4050000309944153,0.2800000011920929,1.8700001239776611,0.3840000033378601,0.03999999910593033,0.5174999833106995,0.25,1.649999976158142,-0.30000001192092896,55.0,12.0,40.0,0.800000011920929,730.0,870.0,21757952,721.5315380096436
2,120.0,140.0,130.0,540.0,56.09326171875,0.7841974496841431,60.62339401245117,136.46728515625,2.0133137702941895,1.6649999618530273,0.4650000035762787,0.2800000011920929,1.8700001239776611,0.3240000009536743,0.03999999910593033,0.44999998807907104,0.20000000298023224,1.399999976158142,-0.44999998807907104,55.0,12.0,40.0,0.5,690.0,840.0,21757952,721.5315380096436
2,120.0,140.0,130.0,540.0,56.09311294555664,0.7829108834266663,60.88829040527344,138.25112915039062,1.977278709411621,1.6649999618530273,0.4050000309944153,0.2800000011920929,1.8700001239776611,0.2759999930858612,0.04800000041723251,0.4049999713897705,0.3375000059604645,1.399999976158142,-0.4000000059604645,55.0,12.0,60.0,0.6499999761581421,700.0,850.0,21757952,721.5315380096436
2,120.0,140.0,130.0,540.0,56.09266662597656,0.785342276096344,61.38177490234375,137.5557861328125,1.8518635034561157,1.6649999618530273,0.4650000035762787,0.2800000011920929,1.8700001239776611,0.3840000033378601,0.04800000041723251,0.4049999713897705,0.3375000059604645,1.649999976158142,-0.44999998807907104,55.0,25.0,30.0,0.800000011920929,700.0,820.0,21757952,721.5315380096436
2,120.0,140.0,130.0,540.0,56.08838653564453,0.7823848128318787,60.52680969238281,137.06747436523438,2.0830509662628174,1.6649999618530273,0.36000001430511475,0.2800000011920929,1.8700001239776611,0.3840000033378601,0.04800000041723251,0.4049999713897705,0.20000000298023224,1.399999976158142,-0.4000000059604645,55.0,12.0,35.0,0.6499999761581421,700.0,850.0,21757952,721.5315380096436
2,120.0,140.0,130.0,540.0,56.0882453918457,0.7820513248443604,59.975364685058594,135.63088989257812,2.2059426307678223,1.6649999618530273,0.33000001311302185,0.2800000011920929,1.8700001239776611,0.3240000009536743,0.03999999910593033,0.44999998807907104,0.2874999940395355,1.649999976158142,-0.30000001192092896,55.0,12.0,35.0,0.6499999761581421,710.0,820.0,21757952,721.5315380096436
2,120.0,140.0,130.0,540.0,56.08811569213867,0.7824280858039856,60.8419303894043,138.5965576171875,1.9834880828857422,1.6649999618530273,0.4050000309944153,0.2800000011920929,1.8700001239776611,0.23999999463558197,0.04800000041723251,0.4049999713897705,0.3375000059604645,1.649999976158142,-0.44999998807907104,50.0,40.0,30.0,0.800000011920929,710.0,850.0,21757952,721.5315380096436
2,120.0,140.0,130.0,540.0,56.086029052734375,0.7816855311393738,60.53711700439453,138.0347900390625,2.0683319568634033,1.6649999618530273,0.36000001430511475,0.2800000011920929,1.8700001239776611,0.2759999930858612,0.04800000041723251,0.4049999713897705,0.2874999940395355,1.649999976158142,-0.3499999940395355,55.0,15.0,60.0,0.800000011920929,710.0,820.0,21757952,721.5315380096436
2,120.0,140.0,130.0,540.0,56.08484649658203,0.7857086062431335,58.72877883911133,131.389404296875,2.286912679672241,1.6649999618530273,0.4050000309944153,0.33249998092651367,1.8700001239776611,0.3840000033378601,0.03999999910593033,0.4049999713897705,0.20000000298023224,1.649999976158142,-0.3499999940395355,55.0,12.0,35.0,0.800000011920929,700.0,840.0,21757952,721.5315380096436
2,120.0,140.0,130.0,540.0,56.08248519897461,0.784450352191925,61.20269775390625,138.03150939941406,1.8758333921432495,1.6649999618530273,0.4650000035762787,0.2800000011920929,1.8700001239776611,0.3840000033378601,0.024000000208616257,0.4049999713897705,0.25,1.399999976158142,-0.3499999940395355,55.0,12.0,60.0,0.6499999761581421,720.0,850.0,21757952,721.5315380096436
2,120.0,140.0,130.0,540.0,56.082298278808594,0.7840352654457092,61.189456939697266,138.5776824951172,1.8707950115203857,1.6649999618530273,0.4650000035762787,0.2800000011920929,1.8700001239776611,0.3240000009536743,0.024000000208616257,0.4049999713897705,0.2874999940395355,1.399999976158142,-0.4000000059604645,55.0,15.0,35.0,0.6499999761581421,710.0,870.0,21757952,721.5315380096436
2,120.0,140.0,130.0,540.0,56.08143615722656,0.779755175113678,60.20964050292969,138.83419799804688,2.146580457687378,1.6649999618530273,0.36000001430511475,0.2800000011920929,1.8700001239776611,0.20399999618530273,0.04800000041723251,0.4049999713897705,0.15000000596046448,1.649999976158142,-0.44999998807907104,55.0,15.0,40.0,0.3499999940395355,720.0,870.0,21757952,721.5315380096436
2,120.0,140.0,130.0,540.0,56.08076095581055,0.7837440967559814,60.93210220336914,137.3897705078125,1.9614155292510986,1.6649999618530273,0.4050000309944153,0.2800000011920929,1.8700001239776611,0.3840000033378601,0.03999999910593033,0.4049999713897705,0.2874999940395355,1.399999976158142,-0.44999998807907104,55.0,12.0,40.0,0.3499999940395355,730.0,850.0,21757952,721.5315380096436
2,120.0,140.0,130.0,540.0,56.08003616333008,0.7861523628234863,58.996028900146484,132.4417266845703,2.188039779663086,1.6649999618530273,0.4650000035762787,0.33249998092651367,1.8700001239776611,0.3240000009536743,0.03200000151991844,0.4049999713897705,0.20000000298023224,1.649999976158142,-0.3499999940395355,55.0,12.0,75.0,0.800000011920929,720.0,840.0,21757952,721.5315380096436
2,120.0,140.0,130.0,540.0,56.07833480834961,0.7872164249420166,58.47442626953125,130.90623474121094,2.23507022857666,1.6649999618530273,0.4650000035762787,0.3499999940395355,1.8700001239776611,0.2759999930858612,0.024000000208616257,0.4049999713897705,0.3375000059604645,1.649999976158142,-0.30000001192092896,55.0,12.0,40.0,0.800000011920929,700.0,820.0,21757952,721.5315380096436
2,120.0,140.0,130.0,540.0,56.07645797729492,0.7829839587211609,60.59846115112305,137.82083129882812,1.9943758249282837,1.6649999618530273,0.4650000035762787,0.2800000011920929,1.8700001239776611,0.20399999618530273,0.024000000208616257,0.44999998807907104,0.2874999940395355,1.649999976158142,-0.4000000059604645,50.0,30.0,40.0,0.800000011920929,730.0,850.0,21757952,721.5315380096436
2,120.0,140.0,130.0,540.0,56.0764045715332,0.7823185920715332,60.83203125,138.73211669921875,1.9712791442871094,1.6649999618530273,0.4050000309944153,0.2800000011920929,1.8700001239776611,0.23999999463558197,0.03999999910593033,0.4049999713897705,0.3375000059604645,1.399999976158142,-0.3499999940395355,55.0,12.0,30.0,0.5,690.0,870.0,21757952,721.5315380096436
2,120.0,140.0,130.0,540.0,56.068939208984375,0.783086359500885,61.09117889404297,139.24815368652344,1.8802893161773682,1.6649999618530273,0.4650000035762787,0.2800000011920929,1.8700001239776611,0.23999999463558197,0.03200000151991844,0.4049999713897705,0.2874999940395355,1.649999976158142,-0.3499999940395355,50.0,20.0,75.0,0.800000011920929,720.0,870.0,21757952,721.5315380096436
2,120.0,140.0,130.0,540.0,56.06793212890625,0.7851312160491943,60.044166564941406,133.7008819580078,2.111668586730957,1.6649999618530273,0.4650000035762787,0.2800000011920929,1.8700001239776611,0.3240000009536743,0.03200000151991844,0.5174999833106995,0.25,1.649999976158142,-0.44999998807907104,55.0,12.0,40.0,0.3499999940395355,710.0,870.0,21757952,721.5315380096436
2,120.0,140.0,130.0,540.0,56.0673713684082,0.7789940237998962,59.824554443359375,137.6053466796875,2.2597391605377197,1.4399999380111694,0.4650000035762787,0.2800000011920929,1.8700001239776611,0.3240000009536743,0.04800000041723251,0.4049999713897705,0.15000000596046448,1.649999976158142,-0.44999998807907104,55.0,15.0,40.0,0.6499999761581421,690.0,870.0,21757952,721.5315380096436
2,120.0,140.0,130.0,540.0,56.067291259765625,0.7867699265480042,58.334930419921875,130.83975219726562,2.2597391605377197,1.6649999618530273,0.4650000035762787,0.3499999940395355,1.8700001239776611,0.2759999930858612,0.03200000151991844,0.4049999713897705,0.25,1.649999976158142,-0.44999998807907104,55.0,15.0,40.0,0.6499999761581421,720.0,870.0,21757952,721.5315380096436
2,120.0,140.0,130.0,540.0,56.06709671020508,0.7812879085540771,60.435386657714844,137.9603729248047,2.0808207988739014,1.6649999618530273,0.33000001311302185,0.2800000011920929,1.8700001239776611,0.2759999930858612,0.03999999910593033,0.4049999713897705,0.3375000059604645,1.649999976158142,-0.25,55.0,12.0,35.0,0.6499999761581421,720.0,840.0,21757952,721.5315380096436
2,120.0,140.0,130.0,540.0,56.06704330444336,0.783007025718689,61.14008331298828,139.41860961914062,1.8712877035140991,1.6649999618530273,0.4650000035762787,0.2800000011920929,1.8700001239776611,0.20399999618530273,0.03999999910593033,0.4049999713897705,0.3375000059604645,1.399999976158142,-0.25,50.0,20.0,35.0,0.800000011920929,730.0,850.0,21757952,721.5315380096436
2,120.0,140.0,130.0,540.0,56.06682205200195,0.7823038101196289,60.38349533081055,137.65823364257812,2.042497158050537,1.6649999618530273,0.4650000035762787,0.2800000011920929,1.8700001239776611,0.20399999618530273,0.03999999910593033,0.44999998807907104,0.15000000596046448,1.649999976158142,-0.25,55.0,12.0,30.0,0.3499999940395355,720.0,840.0,21757952,721.5315380096436
2,120.0,140.0,130.0,540.0,56.062808990478516,0.7832826972007751,60.476219177246094,136.96734619140625,2.0153262615203857,1.6649999618530273,0.4650000035762787,0.2800000011920929,1.8700001239776611,0.2759999930858612,0.03999999910593033,0.44999998807907104,0.15000000596046448,1.649999976158142,-0.3499999940395355,55.0,15.0,40.0,0.5,720.0,820.0,21757952,721.5315380096436
2,120.0,140.0,130.0,540.0,56.06123733520508,0.7858597636222839,59.112709045410156,133.2748260498047,2.13566255569458,1.6649999618530273,0.4650000035762787,0.33249998092651367,1.8700001239776611,0.23999999463558197,0.024000000208616257,0.4049999713897705,0.3375000059604645,1.399999976158142,-0.4000000059604645,55.0,12.0,30.0,0.800000011920929,690.0,840.0,21757952,721.5315380096436
2,120.0,140.0,130.0,540.0,56.06035232543945,0.7841729521751404,61.027366638183594,137.21473693847656,1.9212809801101685,1.6649999618530273,0.4050000309944153,0.2800000011920929,1.8700001239776611,0.3840000033378601,0.04800000041723251,0.4049999713897705,0.3375000059604645,1.649999976158142,-0.30000001192092896,50.0,30.0,35.0,0.5,700.0,850.0,21757952,721.5315380096436
2,120.0,140.0,130.0,540.0,56.05792999267578,0.7849182486534119,61.28651428222656,137.73080444335938,1.8365751504898071,1.6649999618530273,0.4650000035762787,0.2800000011920929,1.8700001239776611,0.3840000033378601,0.03999999910593033,0.4049999713897705,0.2874999940395355,1.649999976158142,-0.4000000059604645,50.0,40.0,35.0,0.6499999761581421,700.0,850.0,21757952,721.5315380096436
2,120.0,140.0,130.0,540.0,56.05584716796875,0.7795272469520569,59.52080154418945,136.60658264160156,2.2869129180908203,1.6649999618530273,0.30000001192092896,0.2800000011920929,1.8700001239776611,0.23999999463558197,0.024000000208616257,0.44999998807907104,0.20000000298023224,1.649999976158142,-0.3499999940395355,55.0,12.0,35.0,0.800000011920929,710.0,840.0,21757952,721.5315380096436
2,120.0,140.0,130.0,540.0,56.054012298583984,0.785516619682312,60.859947204589844,135.68692016601562,1.9290697574615479,1.6649999618530273,0.4650000035762787,0.2800000011920929,1.8700001239776611,0.3840000033378601,0.04800000041723251,0.44999998807907104,0.2874999940395355,1.649999976158142,-0.3499999940395355,50.0,30.0,30.0,0.3499999940395355,730.0,850.0,21757952,721.5315380096436
2,120.0,140.0,130.0,540.0,56.05202865600586,0.783396303653717,60.940208435058594,137.9260711669922,1.9234787225723267,1.6649999618530273,0.4050000309944153,0.2800000011920929,1.8700001239776611,0.3240000009536743,0.03999999910593033,0.4049999713897705,0.3375000059604645,1.649999976158142,-0.30000001192092896,50.0,20.0,40.0,0.6499999761581421,720.0,840.0,21757952,721.5315380096436
2,120.0,140.0,130.0,540.0,56.05201721191406,0.7813804149627686,59.688323974609375,134.84963989257812,2.263246536254883,1.6649999618530273,0.27000001072883606,0.2800000011920929,1.8700001239776611,0.3840000033378601,0.03200000151991844,0.44999998807907104,0.2874999940395355,1.649999976158142,-0.4000000059604645,55.0,15.0,30.0,0.800000011920929,720.0,820.0,21757952,721.5315380096436
2,120.0,140.0,130.0,540.0,56.050987243652344,0.7780744433403015,59.840755462646484,138.6779327392578,2.2374370098114014,1.4399999380111694,0.4650000035762787,0.2800000011920929,1.8700001239776611,0.20399999618530273,0.04800000041723251,0.4049999713897705,0.25,1.649999976158142,-0.44999998807907104,55.0,12.0,60.0,0.800000011920929,720.0,850.0,21757952,721.5315380096436
2,120.0,140.0,130.0,540.0,56.05084991455078,0.7851272821426392,58.837120056152344,132.8128204345703,2.2048654556274414,1.6649999618530273,0.4650000035762787,0.33249998092651367,1.8700001239776611,0.23999999463558197,0.05999999865889549,0.4049999713897705,0.15000000596046448,1.649999976158142,-0.4000000059604645,55.0,15.0,35.0,0.6499999761581421,700.0,850.0,21757952,721.5315380096436
2,120.0,140.0,130.0,540.0,56.05055236816406,0.7836118340492249,60.87798309326172,137.28379821777344,2.146986961364746,1.6649999618530273,0.4050000309944153,0.2800000011920929,1.8700001239776611,0.3840000033378601,0.04800000041723251,0.4049999713897705,0.25,1.649999976158142,-0.4000000059604645,55.0,15.0,75.0,0.800000011920929,730.0,820.0,21757952,721.5315380096436
2,120.0,140.0,130.0,540.0,56.04951095581055,0.7830719351768494,60.45459747314453,136.97389221191406,2.0145678520202637,1.6649999618530273,0.4650000035762787,0.2800000011920929,1.8700001239776611,0.23999999463558197,0.05999999865889549,0.44999998807907104,0.15000000596046448,1.649999976158142,-0.25,55.0,12.0,50.0,0.6499999761581421,700.0,820.0,21757952,721.5315380096436
2,120.0,140.0,130.0,540.0,56.046958923339844,0.7841286659240723,60.7598762512207,137.0292510986328,1.9341535568237305,1.6649999618530273,0.4650000035762787,0.2800000011920929,1.8700001239776611,0.23999999463558197,0.04800000041723251,0.44999998807907104,0.3375000059604645,1.649999976158142,-0.20000000298023224,50.0,20.0,40.0,0.6499999761581421,710.0,840.0,21757952,721.5315380096436
2,120.0,140.0,130.0,540.0,56.04571533203125,0.7822879552841187,60.59893035888672,137.57418823242188,2.015376567840576,1.6649999618530273,0.36000001430511475,0.2800000011920929,1.8700001239776611,0.3240000009536743,0.04800000041723251,0.4049999713897705,0.2874999940395355,1.649999976158142,-0.30000001192092896,50.0,20.0,30.0,0.800000011920929,730.0,840.0,21757952,721.5315380096436
2,120.0,140.0,130.0,540.0,56.044960021972656,0.7842891216278076,61.169960021972656,137.9972686767578,1.8508124351501465,1.6649999618530273,0.4650000035762787,0.2800000011920929,1.8700001239776611,0.3240000009536743,0.05999999865889549,0.4049999713897705,0.25,1.649999976158142,-0.30000001192092896,50.0,20.0,35.0,0.3499999940395355,730.0,840.0,21757952,721.5315380096436
2,120.0,140.0,130.0,540.0,56.044822692871094,0.778659999370575,59.389076232910156,136.9915008544922,2.3109402656555176,1.6649999618530273,0.30000001192092896,0.2800000011920929,1.8700001239776611,0.20399999618530273,0.024000000208616257,0.44999998807907104,0.15000000596046448,1.649999976158142,-0.44999998807907104,55.0,15.0,30.0,0.6499999761581421,710.0,870.0,21757952,721.5315380096436
2,120.0,140.0,130.0,540.0,56.043216705322266,0.785006582736969,61.352088928222656,137.9624481201172,1.8013300895690918,1.6649999618530273,0.4650000035762787,0.2800000011920929,1.8700001239776611,0.3840000033378601,0.024000000208616257,0.4049999713897705,0.3375000059604645,1.649999976158142,-0.30000001192092896,50.0,20.0,40.0,0.3499999940395355,710.0,820.0,21757952,721.5315380096436
2,120.0,140.0,130.0,540.0,56.041290283203125,0.7806693315505981,60.14278793334961,137.15872192382812,2.146987199783325,1.6649999618530273,0.27000001072883606,0.2800000011920929,1.8700001239776611,0.3240000009536743,0.03999999910593033,0.4049999713897705,0.3375000059604645,1.649999976158142,-0.4000000059604645,55.0,15.0,75.0,0.800000011920929,710.0,820.0,21757952,721.5315380096436
2,120.0,140.0,130.0,540.0,56.040977478027344,0.7855627536773682,58.934207916259766,132.90234375,2.1609089374542236,1.6649999618530273,0.4650000035762787,0.33249998092651367,1.8700001239776611,0.2759999930858612,0.03200000151991844,0.4049999713897705,0.20000000298023224,1.649999976158142,-0.4000000059604645,55.0,15.0,35.0,0.5,690.0,840.0,21757952,721.5315380096436
2,120.0,140.0,130.0,540.0,56.04037094116211,0.7874900102615356,58.72874069213867,130.1932373046875,2.2059426307678223,1.6649999618530273,0.4650000035762787,0.33249998092651367,1.8700001239776611,0.3240000009536743,0.04800000041723251,0.44999998807907104,0.2874999940395355,1.649999976158142,-0.30000001192092896,55.0,12.0,35.0,0.6499999761581421,730.0,840.0,21757952,721.5315380096436
2,120.0,140.0,130.0,540.0,56.039546966552734,0.7826025485992432,60.67755889892578,137.7694091796875,1.977278709411621,1.6649999618530273,0.4050000309944153,0.2800000011920929,1.8700001239776611,0.3840000033378601,0.024000000208616257,0.4049999713897705,0.15000000596046448,1.399999976158142,-0.4000000059604645,55.0,12.0,60.0,0.6499999761581421,710.0,840.0,21757952,721.5315380096436
2,120.0,140.0,130.0,540.0,56.03948974609375,0.7832833528518677,60.76156234741211,136.95896911621094,1.977419137954712,1.6649999618530273,0.36000001430511475,0.2800000011920929,1.8700001239776611,0.3840000033378601,0.04800000041723251,0.4049999713897705,0.3375000059604645,1.649999976158142,-0.30000001192092896,50.0,20.0,30.0,0.6499999761581421,700.0,850.0,21757952,721.5315380096436
2,120.0,140.0,130.0,540.0,56.0378532409668,0.7844653129577637,61.28471755981445,138.40264892578125,1.8065613508224487,1.6649999618530273,0.4650000035762787,0.2800000011920929,1.8700001239776611,0.3240000009536743,0.03200000151991844,0.4049999713897705,0.3375000059604645,1.649999976158142,-0.3499999940395355,50.0,15.0,35.0,0.6499999761581421,730.0,850.0,21757952,721.5315380096436
2,120.0,140.0,130.0,540.0,56.03776550292969,0.7825874090194702,60.856773376464844,138.39321899414062,1.9341535568237305,1.6649999618530273,0.4050000309944153,0.2800000011920929,1.8700001239776611,0.23999999463558197,0.05999999865889549,0.4049999713897705,0.3375000059604645,1.649999976158142,-0.20000000298023224,50.0,20.0,40.0,0.6499999761581421,730.0,870.0,21757952,721.5315380096436
2,120.0,140.0,130.0,540.0,56.03660583496094,0.7881444096565247,58.565921783447266,130.03897094726562,2.182346820831299,1.6649999618530273,0.4650000035762787,0.3499999940395355,1.8700001239776611,0.3240000009536743,0.04800000041723251,0.4049999713897705,0.3375000059604645,1.649999976158142,-0.30000001192092896,55.0,12.0,40.0,0.6499999761581421,710.0,850.0,21757952,721.5315380096436
2,120.0,140.0,130.0,540.0,56.03590393066406,0.7820075750350952,60.62248229980469,137.99533081054688,1.9978375434875488,1.6649999618530273,0.36000001430511475,0.2800000011920929,1.8700001239776611,0.2759999930858612,0.04800000041723251,0.4049999713897705,0.3375000059604645,1.649999976158142,-0.30000001192092896,50.0,30.0,35.0,0.800000011920929,690.0,820.0,21757952,721.5315380096436
2,120.0,140.0,130.0,540.0,56.03560256958008,0.7803587913513184,60.29375457763672,138.48081970214844,2.281236410140991,1.6649999618530273,0.33000001311302185,0.2800000011920929,1.8700001239776611,0.23999999463558197,0.03200000151991844,0.4049999713897705,0.2874999940395355,1.649999976158142,-0.4000000059604645,55.0,12.0,30.0,0.6499999761581421,730.0,820.0,21757952,721.5315380096436
2,120.0,140.0,130.0,540.0,56.0333251953125,0.7810996174812317,60.272335052490234,137.47271728515625,2.0917305946350098,1.6649999618530273,0.33000001311302185,0.2800000011920929,1.8700001239776611,0.3240000009536743,0.04800000041723251,0.4049999713897705,0.20000000298023224,1.399999976158142,-0.44999998807907104,55.0,12.0,50.0,0.800000011920929,690.0,840.0,21757952,721.5315380096436
2,120.0,140.0,130.0,540.0,56.03129577636719,0.7783241868019104,59.71855926513672,137.71250915527344,2.2609546184539795,1.4399999380111694,0.4050000309944153,0.2800000011920929,1.8700001239776611,0.2759999930858612,0.03999999910593033,0.4049999713897705,0.3375000059604645,1.649999976158142,-0.44999998807907104,55.0,12.0,35.0,0.6499999761581421,710.0,870.0,21757952,721.5315380096436
3,140.0,165.0,152.5,560.0,57.46779251098633,0.7836661338806152,61.172176361083984,138.4282684326172,2.2951648235321045,1.6649999618530273,0.4650000035762787,0.2800000011920929,1.8700001239776611,0.2759999930858612,0.05999999865889549,0.4049999713897705,0.2874999940395355,1.649999976158142,-0.44999998807907104,55.0,12.0,40.0,0.800000011920929,720.0,840.0,21757952,721.6228652000427
3,140.0,165.0,152.5,560.0,57.43581008911133,0.7825180292129517,61.064613342285156,139.322509765625,2.28487491607666,1.6649999618530273,0.4650000035762787,0.2800000011920929,1.8700001239776611,0.20399999618530273,0.04800000041723251,0.4049999713897705,0.2874999940395355,1.649999976158142,-0.44999998807907104,55.0,15.0,35.0,0.6499999761581421,700.0,840.0,21757952,721.6228652000427
3,140.0,165.0,152.5,560.0,57.421199798583984,0.7831518650054932,61.08340835571289,138.7967529296875,2.262272596359253,1.6649999618530273,0.4650000035762787,0.2800000011920929,1.8700001239776611,0.2759999930858612,0.03999999910593033,0.4049999713897705,0.25,1.649999976158142,-0.30000001192092896,55.0,12.0,30.0,0.800000011920929,690.0,820.0,21757952,721.6228652000427
3,140.0,165.0,152.5,560.0,57.38322830200195,0.7831865549087524,61.12582015991211,138.77371215820312,2.2212815284729004,1.6649999618530273,0.4650000035762787,0.2800000011920929,1.8700001239776611,0.23999999463558197,0.05999999865889549,0.4049999713897705,0.2874999940395355,1.649999976158142,-0.3499999940395355,55.0,12.0,60.0,0.800000011920929,710.0,850.0,21757952,721.6228652000427
3,140.0,165.0,152.5,560.0,57.37822341918945,0.782692551612854,61.08128356933594,139.38369750976562,2.213163375854492,1.6649999618530273,0.4650000035762787,0.2800000011920929,1.8700001239776611,0.23999999463558197,0.024000000208616257,0.4049999713897705,0.2874999940395355,1.649999976158142,-0.44999998807907104,55.0,12.0,30.0,0.3499999940395355,690.0,820.0,21757952,721.6228652000427
3,140.0,165.0,152.5,560.0,57.35332107543945,0.783648669719696,60.740081787109375,137.3003692626953,2.26718807220459,1.6649999618530273,0.4650000035762787,0.2800000011920929,1.8700001239776611,0.23999999463558197,0.03200000151991844,0.44999998807907104,0.3375000059604645,1.649999976158142,-0.3499999940395355,55.0,12.0,30.0,0.6499999761581421,690.0,870.0,21757952,721.6228652000427
3,140.0,165.0,152.5,560.0,57.3455924987793,0.7855744957923889,60.9453125,135.64744567871094,2.2301084995269775,1.6649999618530273,0.4650000035762787,0.2800000011920929,1.8700001239776611,0.3840000033378601,0.04800000041723251,0.44999998807907104,0.3375000059604645,1.649999976158142,-0.4000000059604645,55.0,15.0,30.0,0.6499999761581421,690.0,870.0,21757952,721.6228652000427
3,140.0,165.0,152.5,560.0,57.34124755859375,0.7842324376106262,60.79633712768555,136.8193817138672,2.2454416751861572,1.6649999618530273,0.4650000035762787,0.2800000011920929,1.8700001239776611,0.2759999930858612,0.03999999910593033,0.44999998807907104,0.3375000059604645,1.649999976158142,-0.4000000059604645,55.0,12.0,30.0,0.5,700.0,850.0,21757952,721.6228652000427
3,140.0,165.0,152.5,560.0,57.327392578125,0.7844037413597107,61.22248840332031,137.76039123535156,2.146987199783325,1.6649999618530273,0.4650000035762787,0.2800000011920929,1.8700001239776611,0.3840000033378601,0.03999999910593033,0.4049999713897705,0.25,1.649999976158142,-0.4000000059604645,55.0,15.0,75.0,0.800000011920929,700.0,820.0,21757952,721.6228652000427
3,140.0,165.0,152.5,560.0,57.31316375732422,0.7817250490188599,60.70921325683594,138.72682189941406,2.2591142654418945,1.6649999618530273,0.4050000309944153,0.2800000011920929,1.8700001239776611,0.2759999930858612,0.024000000208616257,0.4049999713897705,0.25,1.649999976158142,-0.4000000059604645,55.0,12.0,50.0,0.800000011920929,710.0,850.0,21757952,721.6228652000427
3,140.0,165.0,152.5,560.0,57.30559539794922,0.7827742695808411,60.77281951904297,137.59437561035156,2.2509069442749023,1.6649999618530273,0.4050000309944153,0.2800000011920929,1.8700001239776611,0.3840000033378601,0.03200000151991844,0.4049999713897705,0.20000000298023224,1.649999976158142,-0.44999998807907104,55.0,12.0,30.0,0.5,700.0,850.0,21757952,721.6228652000427
3,140.0,165.0,152.5,560.0,57.29365921020508,0.7819887399673462,60.77140808105469,138.43267822265625,2.2374370098114014,1.6649999618530273,0.4050000309944153,0.2800000011920929,1.8700001239776611,0.23999999463558197,0.05999999865889549,0.4049999713897705,0.2874999940395355,1.649999976158142,-0.44999998807907104,55.0,12.0,60.0,0.800000011920929,710.0,840.0,21757952,721.6228652000427
3,140.0,165.0,152.5,560.0,57.284000396728516,0.7817250490188599,60.70921325683594,138.72682189941406,2.2299509048461914,1.6649999618530273,0.4050000309944153,0.2800000011920929,1.8700001239776611,0.2759999930858612,0.024000000208616257,0.4049999713897705,0.25,1.649999976158142,-0.30000001192092896,55.0,12.0,30.0,0.6499999761581421,730.0,840.0,21757952,721.6228652000427
3,140.0,165.0,152.5,560.0,57.28351593017578,0.7840977311134338,61.219146728515625,138.17100524902344,2.0980565547943115,1.6649999618530273,0.4650000035762787,0.2800000011920929,1.8700001239776611,0.3240000009536743,0.04800000041723251,0.4049999713897705,0.2874999940395355,1.649999976158142,-0.44999998807907104,55.0,12.0,50.0,0.5,690.0,840.0,21757952,721.6228652000427
3,140.0,165.0,152.5,560.0,57.27509307861328,0.7810773253440857,60.41984939575195,138.04991149902344,2.310567617416382,1.6649999618530273,0.36000001430511475,0.2800000011920929,1.8700001239776611,0.3240000009536743,0.024000000208616257,0.4049999713897705,0.20000000298023224,1.649999976158142,-0.44999998807907104,55.0,12.0,35.0,0.800000011920929,690.0,840.0,21757952,721.6228652000427
3,140.0,165.0,152.5,560.0,57.27482986450195,0.7843393683433533,60.80623245239258,136.68380737304688,2.1798818111419678,1.6649999618530273,0.4650000035762787,0.2800000011920929,1.8700001239776611,0.2759999930858612,0.04800000041723251,0.44999998807907104,0.3375000059604645,1.649999976158142,-0.4000000059604645,55.0,12.0,50.0,0.6499999761581421,720.0,820.0,21757952,721.6228652000427
3,140.0,165.0,152.5,560.0,57.26231384277344,0.7811313271522522,60.5972785949707,138.84063720703125,2.241668939590454,1.6649999618530273,0.4050000309944153,0.2800000011920929,1.8700001239776611,0.23999999463558197,0.03999999910593033,0.4049999713897705,0.20000000298023224,1.649999976158142,-0.44999998807907104,55.0,15.0,30.0,0.3499999940395355,690.0,820.0,21757952,721.6228652000427
3,140.0,165.0,152.5,560.0,57.261444091796875,0.7826883792877197,60.84494400024414,138.10107421875,2.1798818111419678,1.6649999618530273,0.4050000309944153,0.2800000011920929,1.8700001239776611,0.3240000009536743,0.03200000151991844,0.4049999713897705,0.2874999940395355,1.649999976158142,-0.4000000059604645,55.0,12.0,50.0,0.6499999761581421,710.0,850.0,21757952,721.6228652000427
3,140.0,165.0,152.5,560.0,57.25507354736328,0.7812420725822449,60.607177734375,138.705078125,2.23507022857666,1.6649999618530273,0.4050000309944153,0.2800000011920929,1.8700001239776611,0.23999999463558197,0.04800000041723251,0.4049999713897705,0.20000000298023224,1.649999976158142,-0.30000001192092896,55.0,12.0,40.0,0.800000011920929,700.0,870.0,21757952,721.6228652000427
3,140.0,165.0,152.5,560.0,57.240657806396484,0.7815465927124023,60.58301544189453,138.1957550048828,2.2327044010162354,1.6649999618530273,0.4050000309944153,0.2800000011920929,1.8700001239776611,0.2759999930858612,0.05999999865889549,0.4049999713897705,0.15000000596046448,1.649999976158142,-0.4000000059604645,55.0,12.0,60.0,0.800000011920929,720.0,840.0,21757952,721.6228652000427
3,140.0,165.0,152.5,560.0,57.23780059814453,0.7847416996955872,61.352088928222656,137.9624481201172,2.020141124725342,1.6649999618530273,0.4650000035762787,0.2800000011920929,1.8700001239776611,0.3840000033378601,0.024000000208616257,0.4049999713897705,0.3375000059604645,1.649999976158142,-0.25,50.0,20.0,30.0,0.800000011920929,690.0,850.0,21757952,721.6228652000427
3,140.0,165.0,152.5,560.0,57.23017120361328,0.7813873291015625,60.623844146728516,138.76629638671875,2.197697877883911,1.6649999618530273,0.4050000309944153,0.2800000011920929,1.8700001239776611,0.2759999930858612,0.024000000208616257,0.4049999713897705,0.20000000298023224,1.649999976158142,-0.4000000059604645,55.0,12.0,75.0,0.800000011920929,730.0,850.0,21757952,721.6228652000427
3,140.0,165.0,152.5,560.0,57.222686767578125,0.7843866944313049,60.76288604736328,136.53378295898438,2.13566255569458,1.6649999618530273,0.4650000035762787,0.2800000011920929,1.8700001239776611,0.3240000009536743,0.03200000151991844,0.44999998807907104,0.2874999940395355,1.399999976158142,-0.4000000059604645,55.0,12.0,30.0,0.800000011920929,720.0,840.0,21757952,721.6228652000427
3,140.0,165.0,152.5,560.0,57.220924377441406,0.7826763391494751,61.0794563293457,139.11917114257812,2.071381092071533,1.6649999618530273,0.4650000035762787,0.2800000011920929,1.8700001239776611,0.20399999618530273,0.05999999865889549,0.4049999713897705,0.2874999940395355,1.649999976158142,-0.4000000059604645,55.0,15.0,40.0,0.3499999940395355,720.0,850.0,21757952,721.6228652000427
3,140.0,165.0,152.5,560.0,57.21406173706055,0.7839872241020203,61.257537841796875,138.38880920410156,2.020798444747925,1.6649999618530273,0.4650000035762787,0.2800000011920929,1.8700001239776611,0.2759999930858612,0.05999999865889549,0.4049999713897705,0.3375000059604645,1.399999976158142,-0.44999998807907104,55.0,12.0,50.0,0.6499999761581421,710.0,870.0,21757952,721.6228652000427
3,140.0,165.0,152.5,560.0,57.21243667602539,0.7822815775871277,60.142677307128906,135.9369659423828,2.3109402656555176,1.6649999618530273,0.36000001430511475,0.2800000011920929,1.8700001239776611,0.3240000009536743,0.03200000151991844,0.44999998807907104,0.2874999940395355,1.649999976158142,-0.44999998807907104,55.0,15.0,30.0,0.6499999761581421,720.0,870.0,21757952,721.6228652000427
3,140.0,165.0,152.5,560.0,57.209739685058594,0.7818900942802429,60.66838073730469,138.15628051757812,2.1798818111419678,1.6649999618530273,0.4050000309944153,0.2800000011920929,1.8700001239776611,0.2759999930858612,0.05999999865889549,0.4049999713897705,0.20000000298023224,1.649999976158142,-0.4000000059604645,55.0,12.0,50.0,0.6499999761581421,710.0,850.0,21757952,721.6228652000427
3,140.0,165.0,152.5,560.0,57.208499908447266,0.7828534841537476,60.691036224365234,136.79510498046875,2.197628974914551,1.6649999618530273,0.36000001430511475,0.2800000011920929,1.8700001239776611,0.3840000033378601,0.05999999865889549,0.4049999713897705,0.2874999940395355,1.649999976158142,-0.30000001192092896,55.0,12.0,30.0,0.5,700.0,840.0,21757952,721.6228652000427
3,140.0,165.0,152.5,560.0,57.207672119140625,0.7831434011459351,60.6937255859375,137.64581298828125,2.133665084838867,1.6649999618530273,0.4650000035762787,0.2800000011920929,1.8700001239776611,0.20399999618530273,0.03200000151991844,0.44999998807907104,0.3375000059604645,1.649999976158142,-0.4000000059604645,55.0,12.0,60.0,0.6499999761581421,700.0,850.0,21757952,721.6228652000427
3,140.0,165.0,152.5,560.0,57.20337677001953,0.7836573719978333,60.339942932128906,134.8472900390625,2.2731399536132812,1.6649999618530273,0.36000001430511475,0.2800000011920929,1.8700001239776611,0.3840000033378601,0.05999999865889549,0.44999998807907104,0.3375000059604645,1.649999976158142,-0.3499999940395355,55.0,12.0,40.0,0.800000011920929,720.0,850.0,21757952,721.6228652000427
3,140.0,165.0,152.5,560.0,57.1987419128418,0.7825286388397217,60.87839126586914,138.3866729736328,2.1087076663970947,1.6649999618530273,0.4050000309944153,0.2800000011920929,1.8700001239776611,0.2759999930858612,0.03999999910593033,0.4049999713897705,0.3375000059604645,1.649999976158142,-0.3499999940395355,55.0,12.0,40.0,0.3499999940395355,690.0,820.0,21757952,721.6228652000427
3,140.0,165.0,152.5,560.0,57.197208404541016,0.7811804413795471,60.5173225402832,138.30589294433594,2.2074856758117676,1.6649999618530273,0.36000001430511475,0.2800000011920929,1.8700001239776611,0.2759999930858612,0.03200000151991844,0.4049999713897705,0.2874999940395355,1.649999976158142,-0.4000000059604645,55.0,15.0,50.0,0.800000011920929,720.0,870.0,21757952,721.6228652000427
3,140.0,165.0,152.5,560.0,57.19242477416992,0.7827211022377014,60.26898956298828,136.12625122070312,2.248821973800659,1.6649999618530273,0.4050000309944153,0.2800000011920929,1.8700001239776611,0.3240000009536743,0.03999999910593033,0.44999998807907104,0.20000000298023224,1.649999976158142,-0.4000000059604645,55.0,15.0,35.0,0.800000011920929,700.0,870.0,21757952,721.6228652000427
3,140.0,165.0,152.5,560.0,57.1913948059082,0.7812732458114624,60.55827331542969,138.5346221923828,2.181655168533325,1.6649999618530273,0.4050000309944153,0.2800000011920929,1.8700001239776611,0.2759999930858612,0.03999999910593033,0.4049999713897705,0.15000000596046448,1.649999976158142,-0.44999998807907104,55.0,12.0,50.0,0.6499999761581421,720.0,820.0,21757952,721.6228652000427
3,140.0,165.0,152.5,560.0,57.19124984741211,0.7843091487884521,61.294612884521484,138.26710510253906,1.9844497442245483,1.6649999618530273,0.4650000035762787,0.2800000011920929,1.8700001239776611,0.3240000009536743,0.03999999910593033,0.4049999713897705,0.3375000059604645,1.649999976158142,-0.3499999940395355,50.0,20.0,35.0,0.800000011920929,710.0,840.0,21757952,721.6228652000427
3,140.0,165.0,152.5,560.0,57.190040588378906,0.7826207280158997,61.13018035888672,139.5541534423828,2.0170161724090576,1.6649999618530273,0.4650000035762787,0.2800000011920929,1.8700001239776611,0.20399999618530273,0.03200000151991844,0.4049999713897705,0.3375000059604645,1.399999976158142,-0.3499999940395355,55.0,12.0,35.0,0.800000011920929,730.0,840.0,21757952,721.6228652000427
3,140.0,165.0,152.5,560.0,57.1870231628418,0.7798556089401245,60.18083190917969,138.3400115966797,2.2886505126953125,1.6649999618530273,0.33000001311302185,0.2800000011920929,1.8700001239776611,0.2759999930858612,0.024000000208616257,0.4049999713897705,0.20000000298023224,1.649999976158142,-0.44999998807907104,55.0,12.0,30.0,0.6499999761581421,700.0,820.0,21757952,721.6228652000427
3,140.0,165.0,152.5,560.0,57.181671142578125,0.7814222574234009,60.44954299926758,137.64324951171875,2.218329429626465,1.6649999618530273,0.36000001430511475,0.2800000011920929,1.8700001239776611,0.3240000009536743,0.04800000041723251,0.4049999713897705,0.20000000298023224,1.649999976158142,-0.3499999940395355,55.0,12.0,40.0,0.6499999761581421,690.0,840.0,21757952,721.6228652000427
3,140.0,165.0,152.5,560.0,57.178016662597656,0.7818156480789185,60.81224060058594,139.0032196044922,2.0980565547943115,1.6649999618530273,0.4050000309944153,0.2800000011920929,1.8700001239776611,0.23999999463558197,0.024000000208616257,0.4049999713897705,0.3375000059604645,1.649999976158142,-0.44999998807907104,55.0,12.0,50.0,0.5,700.0,820.0,21757952,721.6228652000427
3,140.0,165.0,152.5,560.0,57.17122268676758,0.7787873148918152,60.01606750488281,138.54978942871094,2.330681562423706,1.6649999618530273,0.30000001192092896,0.2800000011920929,1.8700001239776611,0.20399999618530273,0.03999999910593033,0.4049999713897705,0.25,1.649999976158142,-0.44999998807907104,55.0,15.0,35.0,0.800000011920929,730.0,840.0,21757952,721.6228652000427
3,140.0,165.0,152.5,560.0,57.17020034790039,0.7837427258491516,61.145225524902344,138.33615112304688,1.999779462814331,1.6649999618530273,0.4650000035762787,0.2800000011920929,1.8700001239776611,0.3240000009536743,0.03999999910593033,0.4049999713897705,0.25,1.649999976158142,-0.30000001192092896,50.0,20.0,35.0,0.800000011920929,690.0,870.0,21757952,721.6228652000427
3,140.0,165.0,152.5,560.0,57.167484283447266,0.7827319502830505,61.14008331298828,139.41860961914062,1.9950684309005737,1.6649999618530273,0.4650000035762787,0.2800000011920929,1.8700001239776611,0.20399999618530273,0.03999999910593033,0.4049999713897705,0.3375000059604645,1.649999976158142,-0.3499999940395355,50.0,25.0,40.0,0.800000011920929,700.0,850.0,21757952,721.6228652000427
3,140.0,165.0,152.5,560.0,57.16669464111328,0.7815239429473877,60.11986541748047,136.70355224609375,2.267188310623169,1.6649999618530273,0.36000001430511475,0.2800000011920929,1.8700001239776611,0.23999999463558197,0.03200000151991844,0.44999998807907104,0.3375000059604645,1.649999976158142,-0.3499999940395355,55.0,12.0,30.0,0.6499999761581421,720.0,820.0,21757952,721.6228652000427
3,140.0,165.0,152.5,560.0,57.16425323486328,0.7836095094680786,59.86052703857422,134.41082763671875,2.2869129180908203,1.6649999618530273,0.4650000035762787,0.2800000011920929,1.8700001239776611,0.23999999463558197,0.03999999910593033,0.5174999833106995,0.20000000298023224,1.649999976158142,-0.3499999940395355,55.0,12.0,35.0,0.800000011920929,700.0,820.0,21757952,721.6228652000427
3,140.0,165.0,152.5,560.0,57.16410827636719,0.7830880284309387,61.02278518676758,138.49734497070312,2.0285146236419678,1.6649999618530273,0.4650000035762787,0.2800000011920929,1.8700001239776611,0.2759999930858612,0.05999999865889549,0.4049999713897705,0.20000000298023224,1.649999976158142,-0.44999998807907104,55.0,12.0,60.0,0.5,730.0,870.0,21757952,721.6228652000427
3,140.0,165.0,152.5,560.0,57.16124725341797,0.780430793762207,60.28599166870117,138.0294189453125,2.241669178009033,1.6649999618530273,0.33000001311302185,0.2800000011920929,1.8700001239776611,0.2759999930858612,0.03999999910593033,0.4049999713897705,0.25,1.649999976158142,-0.44999998807907104,55.0,15.0,30.0,0.3499999940395355,720.0,850.0,21757952,721.6228652000427
3,140.0,165.0,152.5,560.0,57.14977264404297,0.7802829742431641,60.24828338623047,137.92539978027344,2.2463037967681885,1.6649999618530273,0.30000001192092896,0.2800000011920929,1.8700001239776611,0.2759999930858612,0.03200000151991844,0.4049999713897705,0.3375000059604645,1.649999976158142,-0.3499999940395355,55.0,12.0,50.0,0.800000011920929,690.0,840.0,21757952,721.6228652000427
3,140.0,165.0,152.5,560.0,57.14910125732422,0.7807773351669312,60.300193786621094,137.600341796875,2.2327044010162354,1.6649999618530273,0.30000001192092896,0.2800000011920929,1.8700001239776611,0.3240000009536743,0.024000000208616257,0.4049999713897705,0.3375000059604645,1.649999976158142,-0.4000000059604645,55.0,12.0,60.0,0.800000011920929,710.0,850.0,21757952,721.6228652000427
3,140.0,165.0,152.5,560.0,57.1490364074707,0.7826091051101685,60.25909423828125,136.26181030273438,2.2048654556274414,1.6649999618530273,0.4050000309944153,0.2800000011920929,1.8700001239776611,0.3240000009536743,0.03200000151991844,0.44999998807907104,0.20000000298023224,1.649999976158142,-0.4000000059604645,55.0,15.0,35.0,0.6499999761581421,710.0,820.0,21757952,721.6228652000427
3,140.0,165.0,152.5,560.0,57.13994216918945,0.7825607061386108,61.02715301513672,139.27777099609375,1.9910950660705566,1.6649999618530273,0.4650000035762787,0.2800000011920929,1.8700001239776611,0.23999999463558197,0.03200000151991844,0.4049999713897705,0.25,1.649999976158142,-0.25,50.0,20.0,40.0,0.800000011920929,720.0,870.0,21757952,721.6228652000427
3,140.0,165.0,152.5,560.0,57.13697052001953,0.7816174030303955,60.643638610839844,138.49517822265625,2.1052913665771484,1.6649999618530273,0.4050000309944153,0.2800000011920929,1.8700001239776611,0.2759999930858612,0.03999999910593033,0.4049999713897705,0.20000000298023224,1.399999976158142,-0.4000000059604645,55.0,12.0,30.0,0.6499999761581421,710.0,840.0,21757952,721.6228652000427
3,140.0,165.0,152.5,560.0,57.13389205932617,0.7840977907180786,61.21914291381836,138.17100524902344,1.948427677154541,1.6649999618530273,0.4650000035762787,0.2800000011920929,1.8700001239776611,0.3240000009536743,0.04800000041723251,0.4049999713897705,0.2874999940395355,1.399999976158142,-0.44999998807907104,55.0,15.0,60.0,0.800000011920929,730.0,870.0,21757952,721.6228652000427
3,140.0,165.0,152.5,560.0,57.132781982421875,0.7834097743034363,61.05985641479492,138.3756103515625,1.9836716651916504,1.6649999618530273,0.4650000035762787,0.2800000011920929,1.8700001239776611,0.3240000009536743,0.03999999910593033,0.4049999713897705,0.20000000298023224,1.649999976158142,-0.44999998807907104,50.0,25.0,35.0,0.800000011920929,710.0,850.0,21757952,721.6228652000427
3,140.0,165.0,152.5,560.0,57.12838363647461,0.7810128927230835,60.435386657714844,137.9603729248047,2.1715474128723145,1.6649999618530273,0.33000001311302185,0.2800000011920929,1.8700001239776611,0.2759999930858612,0.03999999910593033,0.4049999713897705,0.3375000059604645,1.649999976158142,-0.4000000059604645,55.0,12.0,40.0,0.5,710.0,850.0,21757952,721.6228652000427
3,140.0,165.0,152.5,560.0,57.12796401977539,0.7838526964187622,61.15512466430664,138.2006072998047,1.9582247734069824,1.6649999618530273,0.4650000035762787,0.2800000011920929,1.8700001239776611,0.3240000009536743,0.04800000041723251,0.4049999713897705,0.25,1.399999976158142,-0.3499999940395355,55.0,12.0,60.0,0.800000011920929,710.0,820.0,21757952,721.6228652000427
3,140.0,165.0,152.5,560.0,57.122650146484375,0.7832789421081543,59.740875244140625,133.96128845214844,2.2951648235321045,1.6649999618530273,0.4050000309944153,0.2800000011920929,1.8700001239776611,0.23999999463558197,0.03999999910593033,0.5174999833106995,0.3375000059604645,1.649999976158142,-0.44999998807907104,55.0,12.0,40.0,0.800000011920929,690.0,820.0,21757952,721.6228652000427
3,140.0,165.0,152.5,560.0,57.1221809387207,0.783607542514801,61.22290802001953,138.86325073242188,1.926243782043457,1.6649999618530273,0.4650000035762787,0.2800000011920929,1.8700001239776611,0.2759999930858612,0.03200000151991844,0.4049999713897705,0.3375000059604645,1.649999976158142,-0.25,50.0,15.0,40.0,0.800000011920929,730.0,870.0,21757952,721.6228652000427
3,140.0,165.0,152.5,560.0,57.120994567871094,0.781904399394989,60.100650787353516,136.12646484375,2.2327044010162354,1.6649999618530273,0.36000001430511475,0.2800000011920929,1.8700001239776611,0.2759999930858612,0.04800000041723251,0.44999998807907104,0.2874999940395355,1.649999976158142,-0.4000000059604645,55.0,12.0,60.0,0.800000011920929,700.0,870.0,21757952,721.6228652000427
3,140.0,165.0,152.5,560.0,57.115997314453125,0.7803620100021362,60.1099739074707,137.09884643554688,2.2609546184539795,1.6649999618530273,0.30000001192092896,0.2800000011920929,1.8700001239776611,0.3240000009536743,0.05999999865889549,0.4049999713897705,0.20000000298023224,1.649999976158142,-0.44999998807907104,55.0,12.0,35.0,0.6499999761581421,710.0,850.0,21757952,721.6228652000427
3,140.0,165.0,152.5,560.0,57.11368942260742,0.7841972708702087,61.28471374511719,138.40264892578125,1.9063223600387573,1.6649999618530273,0.4650000035762787,0.2800000011920929,1.8700001239776611,0.3240000009536743,0.03200000151991844,0.4049999713897705,0.3375000059604645,1.649999976158142,-0.4000000059604645,55.0,15.0,75.0,0.5,710.0,850.0,21757952,721.6228652000427
3,140.0,165.0,152.5,560.0,57.113521575927734,0.7854172587394714,59.09604263305664,133.21360778808594,2.2416694164276123,1.6649999618530273,0.4650000035762787,0.33249998092651367,1.8700001239776611,0.20399999618530273,0.04800000041723251,0.4049999713897705,0.3375000059604645,1.649999976158142,-0.44999998807907104,55.0,15.0,30.0,0.3499999940395355,690.0,870.0,21757952,721.6228652000427
3,140.0,165.0,152.5,560.0,57.110877990722656,0.7832633852958679,60.50095748901367,136.62844848632812,2.096428155899048,1.6649999618530273,0.4650000035762787,0.2800000011920929,1.8700001239776611,0.2759999930858612,0.05999999865889549,0.44999998807907104,0.15000000596046448,1.649999976158142,-0.3499999940395355,55.0,12.0,50.0,0.5,690.0,820.0,21757952,721.6228652000427
3,140.0,165.0,152.5,560.0,57.10851287841797,0.7852560877799988,60.859947204589844,135.68692016601562,2.013516664505005,1.6649999618530273,0.4650000035762787,0.2800000011920929,1.8700001239776611,0.3840000033378601,0.04800000041723251,0.44999998807907104,0.2874999940395355,1.649999976158142,-0.44999998807907104,55.0,20.0,35.0,0.6499999761581421,690.0,820.0,21757952,721.6228652000427
3,140.0,165.0,152.5,560.0,57.10688018798828,0.7827903032302856,60.74176788330078,137.23007202148438,2.0729546546936035,1.6649999618530273,0.36000001430511475,0.2800000011920929,1.8700001239776611,0.3840000033378601,0.03200000151991844,0.4049999713897705,0.3375000059604645,1.649999976158142,-0.25,55.0,12.0,30.0,0.5,700.0,820.0,21757952,721.6228652000427
3,140.0,165.0,152.5,560.0,57.10374069213867,0.7803844809532166,60.06076431274414,136.78758239746094,2.267188310623169,1.6649999618530273,0.27000001072883606,0.2800000011920929,1.8700001239776611,0.3840000033378601,0.03200000151991844,0.4049999713897705,0.25,1.649999976158142,-0.3499999940395355,55.0,12.0,30.0,0.6499999761581421,690.0,820.0,21757952,721.6228652000427
3,140.0,165.0,152.5,560.0,57.1018180847168,0.7841007709503174,60.058815002441406,134.51220703125,2.1803269386291504,1.6649999618530273,0.4650000035762787,0.2800000011920929,1.8700001239776611,0.20399999618530273,0.04800000041723251,0.5174999833106995,0.3375000059604645,1.649999976158142,-0.4000000059604645,55.0,15.0,40.0,0.6499999761581421,720.0,840.0,21757952,721.6228652000427
3,140.0,165.0,152.5,560.0,57.10102462768555,0.7862133383750916,59.081390380859375,132.40228271484375,2.2295103073120117,1.6649999618530273,0.4650000035762787,0.33249998092651367,1.8700001239776611,0.3240000009536743,0.03200000151991844,0.4049999713897705,0.25,1.649999976158142,-0.4000000059604645,55.0,12.0,40.0,0.6499999761581421,710.0,870.0,21757952,721.6228652000427
3,140.0,165.0,152.5,560.0,57.0947151184082,0.7831147909164429,59.57721710205078,133.3854522705078,2.317030668258667,1.6649999618530273,0.4050000309944153,0.2800000011920929,1.8700001239776611,0.2759999930858612,0.05999999865889549,0.5174999833106995,0.20000000298023224,1.649999976158142,-0.4000000059604645,55.0,12.0,30.0,0.800000011920929,690.0,840.0,21757952,721.6228652000427
3,140.0,165.0,152.5,560.0,57.09196090698242,0.7826383113861084,60.49542999267578,137.54443359375,2.0628857612609863,1.6649999618530273,0.4650000035762787,0.2800000011920929,1.8700001239776611,0.23999999463558197,0.024000000208616257,0.44999998807907104,0.20000000298023224,1.649999976158142,-0.30000001192092896,55.0,12.0,50.0,0.5,710.0,870.0,21757952,721.6228652000427
3,140.0,165.0,152.5,560.0,57.09111404418945,0.7830803990364075,59.62794876098633,133.8204345703125,2.288745641708374,1.6649999618530273,0.4050000309944153,0.2800000011920929,1.8700001239776611,0.2759999930858612,0.03200000151991844,0.5174999833106995,0.25,1.649999976158142,-0.44999998807907104,55.0,15.0,50.0,0.800000011920929,690.0,870.0,21757952,721.6228652000427
3,140.0,165.0,152.5,560.0,57.089473724365234,0.7815929651260376,59.811397552490234,134.91419982910156,2.3010592460632324,1.6649999618530273,0.30000001192092896,0.2800000011920929,1.8700001239776611,0.3840000033378601,0.03999999910593033,0.44999998807907104,0.25,1.649999976158142,-0.3499999940395355,55.0,12.0,30.0,0.800000011920929,720.0,870.0,21757952,721.6228652000427
3,140.0,165.0,152.5,560.0,57.087467193603516,0.7842669486999512,58.69272994995117,132.7021484375,2.330681562423706,1.6649999618530273,0.4050000309944153,0.33249998092651367,1.8700001239776611,0.23999999463558197,0.03999999910593033,0.4049999713897705,0.2874999940395355,1.649999976158142,-0.44999998807907104,55.0,15.0,35.0,0.800000011920929,690.0,840.0,21757952,721.6228652000427
3,140.0,165.0,152.5,560.0,57.08737564086914,0.7844206094741821,61.2667236328125,138.00192260742188,1.8903486728668213,1.6649999618530273,0.4650000035762787,0.2800000011920929,1.8700001239776611,0.3840000033378601,0.024000000208616257,0.4049999713897705,0.2874999940395355,1.649999976158142,-0.25,50.0,30.0,35.0,0.800000011920929,690.0,820.0,21757952,721.6228652000427
3,140.0,165.0,152.5,560.0,57.08554458618164,0.7826579213142395,60.707244873046875,137.36273193359375,2.0537147521972656,1.6649999618530273,0.4050000309944153,0.2800000011920929,1.8700001239776611,0.3840000033378601,0.04800000041723251,0.4049999713897705,0.15000000596046448,1.649999976158142,-0.44999998807907104,55.0,20.0,35.0,0.800000011920929,690.0,870.0,21757952,721.6228652000427
3,140.0,165.0,152.5,560.0,57.0844612121582,0.7843492031097412,60.68086624145508,136.1626434326172,2.024390697479248,1.6649999618530273,0.4650000035762787,0.2800000011920929,1.8700001239776611,0.3840000033378601,0.024000000208616257,0.44999998807907104,0.20000000298023224,1.649999976158142,-0.3499999940395355,50.0,25.0,30.0,0.800000011920929,710.0,820.0,21757952,721.6228652000427
3,140.0,165.0,152.5,560.0,57.08423614501953,0.7833975553512573,61.14743423461914,138.76715087890625,1.9095535278320312,1.6649999618530273,0.4650000035762787,0.2800000011920929,1.8700001239776611,0.2759999930858612,0.03999999910593033,0.4049999713897705,0.2874999940395355,1.649999976158142,-0.44999998807907104,50.0,40.0,40.0,0.6499999761581421,710.0,840.0,21757952,721.6228652000427
3,140.0,165.0,152.5,560.0,57.082984924316406,0.7827715277671814,59.72880172729492,134.79574584960938,2.2390682697296143,1.6649999618530273,0.4650000035762787,0.2800000011920929,1.8700001239776611,0.20399999618530273,0.03999999910593033,0.5174999833106995,0.15000000596046448,1.649999976158142,-0.44999998807907104,55.0,15.0,35.0,0.5,730.0,850.0,21757952,721.6228652000427
3,140.0,165.0,152.5,560.0,57.08249282836914,0.7815731763839722,59.92771530151367,135.7743682861328,2.241669178009033,1.6649999618530273,0.36000001430511475,0.2800000011920929,1.8700001239776611,0.3240000009536743,0.04800000041723251,0.44999998807907104,0.15000000596046448,1.649999976158142,-0.44999998807907104,55.0,15.0,30.0,0.3499999940395355,730.0,840.0,21757952,721.6228652000427
3,140.0,165.0,152.5,560.0,57.08163833618164,0.7845742106437683,60.700660705566406,135.8915252685547,2.0226449966430664,1.6649999618530273,0.4650000035762787,0.2800000011920929,1.8700001239776611,0.3840000033378601,0.03999999910593033,0.44999998807907104,0.20000000298023224,1.649999976158142,-0.4000000059604645,50.0,30.0,30.0,0.800000011920929,710.0,850.0,21757952,721.6228652000427
3,140.0,165.0,152.5,560.0,57.080440521240234,0.7829617857933044,59.562374114990234,133.58880615234375,2.3010592460632324,1.6649999618530273,0.4050000309944153,0.2800000011920929,1.8700001239776611,0.2759999930858612,0.04800000041723251,0.5174999833106995,0.20000000298023224,1.649999976158142,-0.3499999940395355,55.0,12.0,30.0,0.800000011920929,710.0,820.0,21757952,721.6228652000427
3,140.0,165.0,152.5,560.0,57.080223083496094,0.7816053032875061,60.253944396972656,137.34423828125,2.133664846420288,1.6649999618530273,0.4050000309944153,0.2800000011920929,1.8700001239776611,0.20399999618530273,0.03200000151991844,0.44999998807907104,0.2874999940395355,1.649999976158142,-0.4000000059604645,55.0,12.0,60.0,0.6499999761581421,700.0,850.0,21757952,721.6228652000427
3,140.0,165.0,152.5,560.0,57.07852554321289,0.7822977900505066,61.04481887817383,139.59361267089844,1.926243782043457,1.6649999618530273,0.4650000035762787,0.2800000011920929,1.8700001239776611,0.20399999618530273,0.03200000151991844,0.4049999713897705,0.2874999940395355,1.649999976158142,-0.25,50.0,15.0,40.0,0.800000011920929,700.0,840.0,21757952,721.6228652000427
3,140.0,165.0,152.5,560.0,57.07588195800781,0.7805398106575012,60.18049621582031,137.2627410888672,2.197950601577759,1.6649999618530273,0.30000001192092896,0.2800000011920929,1.8700001239776611,0.3240000009536743,0.04800000041723251,0.4049999713897705,0.25,1.649999976158142,-0.3499999940395355,55.0,12.0,35.0,0.5,710.0,820.0,21757952,721.6228652000427
3,140.0,165.0,152.5,560.0,57.0743293762207,0.7824628949165344,60.656402587890625,137.26954650878906,2.0614027976989746,1.6649999618530273,0.36000001430511475,0.2800000011920929,1.8700001239776611,0.3840000033378601,0.03200000151991844,0.4049999713897705,0.2874999940395355,1.399999976158142,-0.4000000059604645,55.0,12.0,40.0,0.6499999761581421,690.0,820.0,21757952,721.6228652000427
3,140.0,165.0,152.5,560.0,57.074249267578125,0.7832525372505188,60.703617095947266,137.51026916503906,2.000969171524048,1.6649999618530273,0.4650000035762787,0.2800000011920929,1.8700001239776611,0.20399999618530273,0.03999999910593033,0.44999998807907104,0.3375000059604645,1.649999976158142,-0.3499999940395355,50.0,20.0,30.0,0.800000011920929,720.0,820.0,21757952,721.6228652000427
3,140.0,165.0,152.5,560.0,57.07255935668945,0.7840104103088379,60.77654266357422,137.09046936035156,1.97551691532135,1.6649999618530273,0.4650000035762787,0.2800000011920929,1.8700001239776611,0.2759999930858612,0.024000000208616257,0.44999998807907104,0.3375000059604645,1.649999976158142,-0.4000000059604645,50.0,20.0,30.0,0.800000011920929,710.0,820.0,21757952,721.6228652000427
3,140.0,165.0,152.5,560.0,57.07203674316406,0.7833006381988525,60.6104850769043,137.0983123779297,2.0237221717834473,1.6649999618530273,0.4650000035762787,0.2800000011920929,1.8700001239776611,0.23999999463558197,0.04800000041723251,0.44999998807907104,0.25,1.649999976158142,-0.30000001192092896,50.0,25.0,30.0,0.800000011920929,700.0,820.0,21757952,721.6228652000427
3,140.0,165.0,152.5,560.0,57.071346282958984,0.7800793051719666,60.07255172729492,136.95068359375,2.242431879043579,1.4399999380111694,0.4650000035762787,0.2800000011920929,1.8700001239776611,0.3840000033378601,0.04800000041723251,0.4049999713897705,0.25,1.649999976158142,-0.3499999940395355,55.0,12.0,35.0,0.6499999761581421,710.0,850.0,21757952,721.6228652000427
3,140.0,165.0,152.5,560.0,57.07132339477539,0.7824622988700867,59.569862365722656,134.03689575195312,2.2951645851135254,1.6649999618530273,0.4050000309944153,0.2800000011920929,1.8700001239776611,0.20399999618530273,0.05999999865889549,0.5174999833106995,0.25,1.649999976158142,-0.44999998807907104,55.0,12.0,40.0,0.800000011920929,690.0,870.0,21757952,721.6228652000427
3,140.0,165.0,152.5,560.0,57.07105255126953,0.7786723971366882,60.006168365478516,138.68536376953125,2.2301084995269775,1.6649999618530273,0.30000001192092896,0.2800000011920929,1.8700001239776611,0.20399999618530273,0.03200000151991844,0.4049999713897705,0.25,1.649999976158142,-0.4000000059604645,55.0,15.0,30.0,0.6499999761581421,690.0,870.0,21757952,721.6228652000427
3,140.0,165.0,152.5,560.0,57.06990432739258,0.7831804156303406,60.98439407348633,138.27952575683594,1.943141222000122,1.6649999618530273,0.4650000035762787,0.2800000011920929,1.8700001239776611,0.3240000009536743,0.04800000041723251,0.4049999713897705,0.15000000596046448,1.649999976158142,-0.4000000059604645,50.0,25.0,30.0,0.5,720.0,820.0,21757952,721.6228652000427
3,140.0,165.0,152.5,560.0,57.06782150268555,0.7797225117683411,60.020347595214844,137.3199005126953,2.241668939590454,1.6649999618530273,0.27000001072883606,0.2800000011920929,1.8700001239776611,0.2759999930858612,0.05999999865889549,0.4049999713897705,0.2874999940395355,1.649999976158142,-0.44999998807907104,55.0,15.0,30.0,0.3499999940395355,720.0,850.0,21757952,721.6228652000427
3,140.0,165.0,152.5,560.0,57.06674575805664,0.7856479287147522,58.92055130004883,132.34564208984375,2.2390682697296143,1.6649999618530273,0.4650000035762787,0.33249998092651367,1.8700001239776611,0.3240000009536743,0.03999999910593033,0.4049999713897705,0.15000000596046448,1.649999976158142,-0.44999998807907104,55.0,15.0,35.0,0.5,720.0,820.0,21757952,721.6228652000427
3,140.0,165.0,152.5,560.0,57.0642204284668,0.7822717428207397,61.000587463378906,139.3520965576172,1.9290697574615479,1.6649999618530273,0.4650000035762787,0.2800000011920929,1.8700001239776611,0.20399999618530273,0.04800000041723251,0.4049999713897705,0.25,1.649999976158142,-0.3499999940395355,50.0,30.0,30.0,0.3499999940395355,720.0,840.0,21757952,721.6228652000427
3,140.0,165.0,152.5,560.0,57.0640869140625,0.7822977900505066,61.04481887817383,139.59361267089844,1.911803960800171,1.6649999618530273,0.4650000035762787,0.2800000011920929,1.8700001239776611,0.20399999618530273,0.03200000151991844,0.4049999713897705,0.2874999940395355,1.649999976158142,-0.25,50.0,20.0,35.0,0.5,700.0,840.0,21757952,721.6228652000427
3,140.0,165.0,152.5,560.0,57.06370162963867,0.7828019857406616,60.85484313964844,137.9655303955078,1.9826093912124634,1.6649999618530273,0.4050000309944153,0.2800000011920929,1.8700001239776611,0.3240000009536743,0.03999999910593033,0.4049999713897705,0.2874999940395355,1.649999976158142,-0.4000000059604645,55.0,15.0,50.0,0.3499999940395355,690.0,870.0,21757952,721.6228652000427
3,140.0,165.0,152.5,560.0,57.06317138671875,0.7790460586547852,60.05317306518555,138.3246612548828,2.218329429626465,1.4399999380111694,0.4650000035762787,0.2800000011920929,1.8700001239776611,0.2759999930858612,0.024000000208616257,0.4049999713897705,0.3375000059604645,1.649999976158142,-0.3499999940395355,55.0,12.0,40.0,0.6499999761581421,710.0,820.0,21757952,721.6228652000427
3,140.0,165.0,152.5,560.0,57.06227493286133,0.7835838198661804,60.9420051574707,137.2542266845703,1.971258282661438,1.6649999618530273,0.4050000309944153,0.2800000011920929,1.8700001239776611,0.3840000033378601,0.04800000041723251,0.4049999713897705,0.2874999940395355,1.399999976158142,-0.44999998807907104,55.0,15.0,50.0,0.800000011920929,690.0,870.0,21757952,721.6228652000427
3,140.0,165.0,152.5,560.0,57.05950164794922,0.7778116464614868,59.884986877441406,138.91944885253906,2.2609546184539795,1.4399999380111694,0.4650000035762787,0.2800000011920929,1.8700001239776611,0.20399999618530273,0.03200000151991844,0.4049999713897705,0.2874999940395355,1.649999976158142,-0.44999998807907104,55.0,12.0,35.0,0.6499999761581421,720.0,820.0,21757952,721.6228652000427
3,140.0,165.0,152.5,560.0,57.05162048339844,0.7840200662612915,60.720863342285156,136.72328186035156,1.9772059917449951,1.6649999618530273,0.4650000035762787,0.2800000011920929,1.8700001239776611,0.2759999930858612,0.04800000041723251,0.44999998807907104,0.2874999940395355,1.649999976158142,-0.20000000298023224,55.0,12.0,30.0,0.6499999761581421,690.0,850.0,21757952,721.6228652000427
3,140.0,165.0,152.5,560.0,57.050567626953125,0.7838526964187622,61.15512466430664,138.2006072998047,1.8808279037475586,1.6649999618530273,0.4650000035762787,0.2800000011920929,1.8700001239776611,0.3240000009536743,0.04800000041723251,0.4049999713897705,0.25,1.649999976158142,-0.44999998807907104,50.0,25.0,75.0,0.800000011920929,700.0,870.0,21757952,721.6228652000427
3,140.0,165.0,152.5,560.0,57.050533294677734,0.7835251092910767,59.801727294921875,134.37594604492188,2.1830995082855225,1.6649999618530273,0.4650000035762787,0.2800000011920929,1.8700001239776611,0.2759999930858612,0.024000000208616257,0.5174999833106995,0.15000000596046448,1.649999976158142,-0.30000001192092896,55.0,12.0,60.0,0.800000011920929,720.0,850.0,21757952,721.6228652000427
3,140.0,165.0,152.5,560.0,57.04848861694336,0.7829688191413879,60.525123596191406,137.13778686523438,2.0214176177978516,1.6649999618530273,0.4650000035762787,0.2800000011920929,1.8700001239776611,0.23999999463558197,0.04800000041723251,0.44999998807907104,0.20000000298023224,1.649999976158142,-0.4000000059604645,55.0,12.0,50.0,0.3499999940395355,720.0,870.0,21757952,721.6228652000427
3,140.0,165.0,152.5,560.0,57.04782485961914,0.7803747653961182,59.80964279174805,136.71595764160156,2.2295103073120117,1.6649999618530273,0.36000001430511475,0.2800000011920929,1.8700001239776611,0.23999999463558197,0.03999999910593033,0.44999998807907104,0.15000000596046448,1.649999976158142,-0.4000000059604645,55.0,12.0,40.0,0.6499999761581421,730.0,850.0,21757952,721.6228652000427
3,140.0,165.0,152.5,560.0,57.044837951660156,0.7838283777236938,61.242698669433594,138.59214782714844,1.8502130508422852,1.6649999618530273,0.4650000035762787,0.2800000011920929,1.8700001239776611,0.2759999930858612,0.04800000041723251,0.4049999713897705,0.3375000059604645,1.649999976158142,-0.20000000298023224,50.0,20.0,60.0,0.6499999761581421,690.0,870.0,21757952,721.6228652000427
3,140.0,165.0,152.5,560.0,57.04475021362305,0.7846490740776062,60.0562744140625,133.99632263183594,2.120720863342285,1.6649999618530273,0.4650000035762787,0.2800000011920929,1.8700001239776611,0.2759999930858612,0.03999999910593033,0.5174999833106995,0.2874999940395355,1.649999976158142,-0.30000001192092896,55.0,12.0,35.0,0.3499999940395355,690.0,840.0,21757952,721.6228652000427
3,140.0,165.0,152.5,560.0,57.04384231567383,0.781814694404602,60.05147171020508,135.9527130126953,2.1728339195251465,1.6649999618530273,0.36000001430511475,0.2800000011920929,1.8700001239776611,0.2759999930858612,0.05999999865889549,0.44999998807907104,0.25,1.649999976158142,-0.44999998807907104,55.0,12.0,40.0,0.5,720.0,820.0,21757952,721.6228652000427
3,140.0,165.0,152.5,560.0,57.043724060058594,0.7870954275131226,59.17844772338867,131.555419921875,2.1635184288024902,1.6649999618530273,0.4650000035762787,0.33249998092651367,1.8700001239776611,0.3840000033378601,0.04800000041723251,0.4049999713897705,0.25,1.649999976158142,-0.3499999940395355,55.0,12.0,40.0,0.5,730.0,840.0,21757952,721.6228652000427
3,140.0,165.0,152.5,560.0,57.040035247802734,0.7805892825126648,60.36793518066406,138.3749542236328,2.088082790374756,1.6649999618530273,0.36000001430511475,0.2800000011920929,1.8700001239776611,0.2759999930858612,0.03200000151991844,0.4049999713897705,0.20000000298023224,1.399999976158142,-0.44999998807907104,55.0,12.0,35.0,0.6499999761581421,700.0,840.0,21757952,721.6228652000427
3,140.0,165.0,152.5,560.0,57.03997802734375,0.785182774066925,60.036067962646484,133.16458129882812,2.1325271129608154,1.6649999618530273,0.4650000035762787,0.2800000011920929,1.8700001239776611,0.3840000033378601,0.03200000151991844,0.5174999833106995,0.20000000298023224,1.649999976158142,-0.4000000059604645,55.0,15.0,50.0,0.6499999761581421,690.0,850.0,21757952,721.6228652000427
3,140.0,165.0,152.5,560.0,57.03904342651367,0.7800834774971008,59.65069580078125,135.95712280273438,2.287473201751709,1.6649999618530273,0.30000001192092896,0.2800000011920929,1.8700001239776611,0.23999999463558197,0.05999999865889549,0.44999998807907104,0.25,1.649999976158142,-0.4000000059604645,55.0,12.0,40.0,0.800000011920929,710.0,870.0,21757952,721.6228652000427
3,140.0,165.0,152.5,560.0,57.0372200012207,0.7861297726631165,58.29846954345703,131.0496368408203,2.28747296333313,1.6649999618530273,0.4650000035762787,0.3499999940395355,1.8700001239776611,0.23999999463558197,0.03999999910593033,0.4049999713897705,0.25,1.649999976158142,-0.4000000059604645,55.0,12.0,40.0,0.800000011920929,710.0,870.0,21757952,721.6228652000427
3,140.0,165.0,152.5,560.0,57.0366096496582,0.7841227650642395,60.78643798828125,136.95492553710938,1.9401087760925293,1.6649999618530273,0.4650000035762787,0.2800000011920929,1.8700001239776611,0.2759999930858612,0.03200000151991844,0.44999998807907104,0.3375000059604645,1.649999976158142,-0.44999998807907104,55.0,20.0,40.0,0.5,700.0,840.0,21757952,721.6228652000427
3,140.0,165.0,152.5,560.0,57.03466033935547,0.7822031378746033,60.79302978515625,138.42611694335938,1.965515375137329,1.6649999618530273,0.4050000309944153,0.2800000011920929,1.8700001239776611,0.2759999930858612,0.03999999910593033,0.4049999713897705,0.2874999940395355,1.649999976158142,-0.25,50.0,25.0,50.0,0.800000011920929,720.0,870.0,21757952,721.6228652000427
3,140.0,165.0,152.5,560.0,57.03437423706055,0.7836185693740845,61.04186248779297,137.97488403320312,1.896425724029541,1.6649999618530273,0.4650000035762787,0.2800000011920929,1.8700001239776611,0.3840000033378601,0.03200000151991844,0.4049999713897705,0.15000000596046448,1.649999976158142,-0.20000000298023224,50.0,25.0,75.0,0.800000011920929,700.0,840.0,21757952,721.6228652000427
3,140.0,165.0,152.5,560.0,57.03404998779297,0.7829281091690063,61.00794219970703,138.70065307617188,1.8971548080444336,1.6649999618530273,0.4650000035762787,0.2800000011920929,1.8700001239776611,0.2759999930858612,0.04800000041723251,0.4049999713897705,0.20000000298023224,1.649999976158142,-0.30000001192092896,55.0,15.0,35.0,0.3499999940395355,720.0,840.0,21757952,721.6228652000427
3,140.0,165.0,152.5,560.0,57.033077239990234,0.7787193655967712,60.02254104614258,138.7992401123047,2.182346820831299,1.6649999618530273,0.33000001311302185,0.2800000011920929,1.8700001239776611,0.20399999618530273,0.03999999910593033,0.4049999713897705,0.15000000596046448,1.649999976158142,-0.30000001192092896,55.0,12.0,40.0,0.6499999761581421,690.0,870.0,21757952,721.6228652000427
3,140.0,165.0,152.5,560.0,57.03167724609375,0.7822444438934326,60.458961486816406,137.7543182373047,2.0153262615203857,1.6649999618530273,0.4650000035762787,0.2800000011920929,1.8700001239776611,0.20399999618530273,0.03200000151991844,0.44999998807907104,0.20000000298023224,1.649999976158142,-0.3499999940395355,55.0,15.0,40.0,0.5,720.0,820.0,21757952,721.6228652000427
3,140.0,165.0,152.5,560.0,57.03099060058594,0.7860119342803955,59.235260009765625,129.85458374023438,2.3020524978637695,1.6649999618530273,0.4650000035762787,0.2800000011920929,1.8700001239776611,0.3240000009536743,0.03200000151991844,0.6075000166893005,0.2874999940395355,1.649999976158142,-0.4000000059604645,55.0,12.0,35.0,0.800000011920929,720.0,840.0,21757952,721.6228652000427
3,140.0,165.0,152.5,560.0,57.02717971801758,0.7829410433769226,61.061790466308594,138.80331420898438,1.8809770345687866,1.6649999618530273,0.4650000035762787,0.2800000011920929,1.8700001239776611,0.23999999463558197,0.05999999865889549,0.4049999713897705,0.25,1.399999976158142,-0.4000000059604645,55.0,12.0,50.0,0.3499999940395355,700.0,820.0,21757952,721.6228652000427
3,140.0,165.0,152.5,560.0,57.02600860595703,0.7813923954963684,60.59278869628906,138.40199279785156,2.0149171352386475,1.6649999618530273,0.36000001430511475,0.2800000011920929,1.8700001239776611,0.2759999930858612,0.024000000208616257,0.4049999713897705,0.3375000059604645,1.649999976158142,-0.44999998807907104,55.0,20.0,50.0,0.800000011920929,710.0,820.0,21757952,721.6228652000427
3,140.0,165.0,152.5,560.0,57.02593231201172,0.7832614183425903,61.09330368041992,138.66119384765625,1.8677116632461548,1.6649999618530273,0.4650000035762787,0.2800000011920929,1.8700001239776611,0.2759999930858612,0.04800000041723251,0.4049999713897705,0.25,1.649999976158142,-0.25,50.0,15.0,60.0,0.800000011920929,690.0,850.0,21757952,721.6228652000427
3,140.0,165.0,152.5,560.0,57.025691986083984,0.7781131863594055,59.81658935546875,138.16860961914062,2.2550241947174072,1.4399999380111694,0.4650000035762787,0.2800000011920929,1.8700001239776611,0.23999999463558197,0.05999999865889549,0.4049999713897705,0.20000000298023224,1.649999976158142,-0.4000000059604645,55.0,12.0,35.0,0.6499999761581421,710.0,840.0,21757952,721.6228652000427
3,140.0,165.0,152.5,560.0,57.02561950683594,0.7827016115188599,60.15591049194336,135.3907928466797,2.1296234130859375,1.6649999618530273,0.36000001430511475,0.2800000011920929,1.8700001239776611,0.3840000033378601,0.03200000151991844,0.44999998807907104,0.25,1.649999976158142,-0.30000001192092896,55.0,12.0,40.0,0.5,690.0,870.0,21757952,721.6228652000427
3,140.0,165.0,152.5,560.0,57.02457809448242,0.7816084623336792,60.41517639160156,137.12860107421875,2.0808205604553223,1.6649999618530273,0.33000001311302185,0.2800000011920929,1.8700001239776611,0.3840000033378601,0.03200000151991844,0.4049999713897705,0.25,1.649999976158142,-0.25,55.0,12.0,35.0,0.6499999761581421,700.0,820.0,21757952,721.6228652000427
3,140.0,165.0,152.5,560.0,57.02375793457031,0.7831661701202393,59.765262603759766,134.58583068847656,2.1670761108398438,1.6649999618530273,0.4650000035762787,0.2800000011920929,1.8700001239776611,0.23999999463558197,0.03200000151991844,0.5174999833106995,0.15000000596046448,1.649999976158142,-0.44999998807907104,55.0,15.0,60.0,0.6499999761581421,720.0,840.0,21757952,721.6228652000427
3,140.0,165.0,152.5,560.0,57.02373123168945,0.7816986441612244,60.397254943847656,136.75347900390625,2.096428155899048,1.6649999618530273,0.30000001192092896,0.2800000011920929,1.8700001239776611,0.3840000033378601,0.03999999910593033,0.4049999713897705,0.3375000059604645,1.649999976158142,-0.3499999940395355,55.0,12.0,50.0,0.5,720.0,840.0,21757952,721.6228652000427
3,140.0,165.0,152.5,560.0,57.02238464355469,0.7834563851356506,60.62532424926758,136.8949737548828,1.9756155014038086,1.6649999618530273,0.4650000035762787,0.2800000011920929,1.8700001239776611,0.23999999463558197,0.05999999865889549,0.44999998807907104,0.25,1.649999976158142,-0.30000001192092896,55.0,15.0,35.0,0.6499999761581421,720.0,850.0,21757952,721.6228652000427
4,165.0,195.0,180.0,580.0,58.63972854614258,0.7849159240722656,61.39662170410156,137.35244750976562,2.233999252319336,1.6649999618530273,0.4650000035762787,0.2800000011920929,1.8700001239776611,0.3840000033378601,0.05999999865889549,0.4049999713897705,0.3375000059604645,1.649999976158142,-0.44999998807907104,55.0,12.0,40.0,0.6499999761581421,720.0,870.0,21757952,722.0363557338715
4,165.0,195.0,180.0,580.0,58.54629135131836,0.783867359161377,61.28471755981445,138.40264892578125,2.146580457687378,1.6649999618530273,0.4650000035762787,0.2800000011920929,1.8700001239776611,0.3240000009536743,0.03200000151991844,0.4049999713897705,0.3375000059604645,1.649999976158142,-0.44999998807907104,55.0,15.0,40.0,0.3499999940395355,700.0,840.0,21757952,722.0363557338715
4,165.0,195.0,180.0,580.0,58.521812438964844,0.7813926935195923,60.84469985961914,139.22767639160156,2.241668939590454,1.6649999618530273,0.4650000035762787,0.2800000011920929,1.8700001239776611,0.20399999618530273,0.05999999865889549,0.4049999713897705,0.15000000596046448,1.649999976158142,-0.44999998807907104,55.0,15.0,30.0,0.3499999940395355,720.0,820.0,21757952,722.0363557338715
4,165.0,195.0,180.0,580.0,58.47286605834961,0.7821921706199646,60.697349548339844,137.49827575683594,2.2550241947174072,1.6649999618530273,0.4050000309944153,0.2800000011920929,1.8700001239776611,0.3840000033378601,0.03999999910593033,0.4049999713897705,0.15000000596046448,1.649999976158142,-0.4000000059604645,55.0,12.0,35.0,0.6499999761581421,700.0,820.0,21757952,722.0363557338715
4,165.0,195.0,180.0,580.0,58.454132080078125,0.784170925617218,60.77278137207031,136.39822387695312,2.181962490081787,1.6649999618530273,0.4650000035762787,0.2800000011920929,1.8700001239776611,0.3240000009536743,0.03999999910593033,0.44999998807907104,0.2874999940395355,1.649999976158142,-0.4000000059604645,55.0,15.0,60.0,0.800000011920929,700.0,870.0,21757952,722.0363557338715
4,165.0,195.0,180.0,580.0,58.44666290283203,0.7799268960952759,60.367401123046875,138.3123779296875,2.330681562423706,1.6649999618530273,0.33000001311302185,0.2800000011920929,1.8700001239776611,0.20399999618530273,0.05999999865889549,0.4049999713897705,0.3375000059604645,1.649999976158142,-0.44999998807907104,55.0,15.0,35.0,0.800000011920929,710.0,840.0,21757952,722.0363557338715
4,165.0,195.0,180.0,580.0,58.44173812866211,0.7839227318763733,61.23398971557617,137.96768188476562,2.0668277740478516,1.6649999618530273,0.4650000035762787,0.2800000011920929,1.8700001239776611,0.3240000009536743,0.05999999865889549,0.4049999713897705,0.2874999940395355,1.649999976158142,-0.3499999940395355,55.0,15.0,40.0,0.6499999761581421,690.0,840.0,21757952,722.0363557338715
4,165.0,195.0,180.0,580.0,58.43894958496094,0.7836558222770691,61.257537841796875,138.38882446289062,2.0537147521972656,1.6649999618530273,0.4650000035762787,0.2800000011920929,1.8700001239776611,0.2759999930858612,0.05999999865889549,0.4049999713897705,0.3375000059604645,1.649999976158142,-0.44999998807907104,55.0,20.0,35.0,0.800000011920929,730.0,850.0,21757952,722.0363557338715
4,165.0,195.0,180.0,580.0,58.4364128112793,0.7813742756843567,60.65353012084961,138.35963439941406,2.218329429626465,1.6649999618530273,0.4050000309944153,0.2800000011920929,1.8700001239776611,0.2759999930858612,0.04800000041723251,0.4049999713897705,0.20000000298023224,1.649999976158142,-0.3499999940395355,55.0,12.0,40.0,0.6499999761581421,700.0,840.0,21757952,722.0363557338715
4,165.0,195.0,180.0,580.0,58.435333251953125,0.7826813459396362,60.9303092956543,138.06163024902344,2.1436069011688232,1.6649999618530273,0.4050000309944153,0.2800000011920929,1.8700001239776611,0.3240000009536743,0.03200000151991844,0.4049999713897705,0.3375000059604645,1.399999976158142,-0.44999998807907104,55.0,12.0,30.0,0.800000011920929,730.0,850.0,21757952,722.0363557338715
4,165.0,195.0,180.0,580.0,58.432071685791016,0.7823528051376343,60.98815155029297,138.97178649902344,2.103412389755249,1.6649999618530273,0.4650000035762787,0.2800000011920929,1.8700001239776611,0.2759999930858612,0.03200000151991844,0.4049999713897705,0.20000000298023224,1.649999976158142,-0.25,55.0,12.0,30.0,0.6499999761581421,690.0,840.0,21757952,722.0363557338715
4,165.0,195.0,180.0,580.0,58.42560958862305,0.7828144431114197,60.69371795654297,137.64581298828125,2.163832664489746,1.6649999618530273,0.4650000035762787,0.2800000011920929,1.8700001239776611,0.20399999618530273,0.03200000151991844,0.44999998807907104,0.3375000059604645,1.649999976158142,-0.4000000059604645,55.0,15.0,30.0,0.3499999940395355,720.0,870.0,21757952,722.0363557338715
4,165.0,195.0,180.0,580.0,58.42331314086914,0.7829742431640625,60.418373107910156,136.0572052001953,2.2597391605377197,1.6649999618530273,0.4050000309944153,0.2800000011920929,1.8700001239776611,0.3240000009536743,0.03999999910593033,0.44999998807907104,0.2874999940395355,1.649999976158142,-0.44999998807907104,55.0,15.0,40.0,0.6499999761581421,720.0,820.0,21757952,722.0363557338715
4,165.0,195.0,180.0,580.0,58.412620544433594,0.7823324203491211,61.0794563293457,139.11917114257812,2.071381092071533,1.6649999618530273,0.4650000035762787,0.2800000011920929,1.8700001239776611,0.20399999618530273,0.05999999865889549,0.4049999713897705,0.2874999940395355,1.649999976158142,-0.4000000059604645,55.0,15.0,40.0,0.3499999940395355,710.0,870.0,21757952,722.0363557338715
4,165.0,195.0,180.0,580.0,58.402435302734375,0.7831029891967773,60.571475982666016,136.79234313964844,2.1803269386291504,1.6649999618530273,0.4650000035762787,0.2800000011920929,1.8700001239776611,0.2759999930858612,0.04800000041723251,0.44999998807907104,0.20000000298023224,1.649999976158142,-0.4000000059604645,55.0,15.0,40.0,0.6499999761581421,710.0,820.0,21757952,722.0363557338715
4,165.0,195.0,180.0,580.0,58.398372650146484,0.7829742431640625,60.418373107910156,136.0572052001953,2.234799861907959,1.6649999618530273,0.4050000309944153,0.2800000011920929,1.8700001239776611,0.3240000009536743,0.03999999910593033,0.44999998807907104,0.2874999940395355,1.649999976158142,-0.4000000059604645,55.0,15.0,40.0,0.800000011920929,710.0,870.0,21757952,722.0363557338715
4,165.0,195.0,180.0,580.0,58.393497467041016,0.7826783657073975,61.16664505004883,139.34425354003906,2.014457941055298,1.6649999618530273,0.4650000035762787,0.2800000011920929,1.8700001239776611,0.23999999463558197,0.024000000208616257,0.4049999713897705,0.3375000059604645,1.649999976158142,-0.44999998807907104,55.0,12.0,50.0,0.3499999940395355,700.0,850.0,21757952,722.0363557338715
4,165.0,195.0,180.0,580.0,58.38231658935547,0.7817680835723877,60.393394470214844,137.52267456054688,2.2048654556274414,1.6649999618530273,0.4650000035762787,0.2800000011920929,1.8700001239776611,0.20399999618530273,0.04800000041723251,0.44999998807907104,0.15000000596046448,1.649999976158142,-0.4000000059604645,55.0,15.0,35.0,0.6499999761581421,720.0,840.0,21757952,722.0363557338715
4,165.0,195.0,180.0,580.0,58.37757110595703,0.780254065990448,60.55091094970703,139.1860809326172,2.181962490081787,1.6649999618530273,0.4050000309944153,0.2800000011920929,1.8700001239776611,0.20399999618530273,0.03999999910593033,0.4049999713897705,0.20000000298023224,1.649999976158142,-0.4000000059604645,55.0,15.0,60.0,0.800000011920929,710.0,820.0,21757952,722.0363557338715
4,165.0,195.0,180.0,580.0,58.37704086303711,0.7827222347259521,60.35435485839844,136.08677673339844,2.2298827171325684,1.6649999618530273,0.4050000309944153,0.2800000011920929,1.8700001239776611,0.3240000009536743,0.03999999910593033,0.44999998807907104,0.25,1.649999976158142,-0.44999998807907104,55.0,15.0,75.0,0.800000011920929,710.0,840.0,21757952,722.0363557338715
4,165.0,195.0,180.0,580.0,58.374794006347656,0.7819784283638,60.771018981933594,138.2662353515625,2.120720863342285,1.6649999618530273,0.4050000309944153,0.2800000011920929,1.8700001239776611,0.3240000009536743,0.024000000208616257,0.4049999713897705,0.25,1.649999976158142,-0.30000001192092896,55.0,12.0,35.0,0.3499999940395355,700.0,870.0,21757952,722.0363557338715
4,165.0,195.0,180.0,580.0,58.37140655517578,0.7834123969078064,60.475852966308594,135.75253295898438,2.1969704627990723,1.6649999618530273,0.4050000309944153,0.2800000011920929,1.8700001239776611,0.3840000033378601,0.024000000208616257,0.44999998807907104,0.2874999940395355,1.649999976158142,-0.4000000059604645,55.0,15.0,30.0,0.5,730.0,850.0,21757952,722.0363557338715
4,165.0,195.0,180.0,580.0,58.36884689331055,0.78128582239151,60.61259078979492,138.13088989257812,2.1713662147521973,1.6649999618530273,0.36000001430511475,0.2800000011920929,1.8700001239776611,0.2759999930858612,0.03999999910593033,0.4049999713897705,0.3375000059604645,1.649999976158142,-0.3499999940395355,55.0,12.0,50.0,0.6499999761581421,700.0,870.0,21757952,722.0363557338715
4,165.0,195.0,180.0,580.0,58.36252975463867,0.7854921221733093,60.22819519042969,133.15737915039062,2.2327044010162354,1.6649999618530273,0.4650000035762787,0.2800000011920929,1.8700001239776611,0.3240000009536743,0.05999999865889549,0.5174999833106995,0.3375000059604645,1.649999976158142,-0.4000000059604645,55.0,12.0,60.0,0.800000011920929,720.0,870.0,21757952,722.0363557338715
4,165.0,195.0,180.0,580.0,58.36089324951172,0.7823245525360107,61.037052154541016,139.14219665527344,2.021218776702881,1.6649999618530273,0.4650000035762787,0.2800000011920929,1.8700001239776611,0.23999999463558197,0.03999999910593033,0.4049999713897705,0.25,1.399999976158142,-0.44999998807907104,55.0,15.0,30.0,0.800000011920929,710.0,870.0,21757952,722.0363557338715
4,165.0,195.0,180.0,580.0,58.35405349731445,0.7844157814979553,61.352088928222656,137.9624481201172,1.9444040060043335,1.6649999618530273,0.4650000035762787,0.2800000011920929,1.8700001239776611,0.3840000033378601,0.024000000208616257,0.4049999713897705,0.3375000059604645,1.649999976158142,-0.25,50.0,25.0,60.0,0.800000011920929,720.0,850.0,21757952,722.0363557338715
4,165.0,195.0,180.0,580.0,58.35306167602539,0.7798327207565308,60.18271255493164,137.69374084472656,2.288745641708374,1.6649999618530273,0.30000001192092896,0.2800000011920929,1.8700001239776611,0.2759999930858612,0.04800000041723251,0.4049999713897705,0.2874999940395355,1.649999976158142,-0.44999998807907104,55.0,15.0,50.0,0.800000011920929,710.0,840.0,21757952,722.0363557338715
4,165.0,195.0,180.0,580.0,58.34764099121094,0.7844157814979553,61.352088928222656,137.9624481201172,1.9379937648773193,1.6649999618530273,0.4650000035762787,0.2800000011920929,1.8700001239776611,0.3840000033378601,0.024000000208616257,0.4049999713897705,0.3375000059604645,1.649999976158142,-0.3499999940395355,50.0,20.0,50.0,0.800000011920929,700.0,870.0,21757952,722.0363557338715
4,165.0,195.0,180.0,580.0,58.343292236328125,0.7847709059715271,60.063961029052734,133.42974853515625,2.24855375289917,1.6649999618530273,0.4650000035762787,0.2800000011920929,1.8700001239776611,0.3240000009536743,0.04800000041723251,0.5174999833106995,0.25,1.649999976158142,-0.30000001192092896,55.0,12.0,35.0,0.800000011920929,690.0,840.0,21757952,722.0363557338715
4,165.0,195.0,180.0,580.0,58.34210205078125,0.7844157814979553,61.352088928222656,137.9624481201172,1.9324514865875244,1.6649999618530273,0.4650000035762787,0.2800000011920929,1.8700001239776611,0.3840000033378601,0.024000000208616257,0.4049999713897705,0.3375000059604645,1.649999976158142,-0.44999998807907104,50.0,40.0,35.0,0.6499999761581421,730.0,840.0,21757952,722.0363557338715
4,165.0,195.0,180.0,580.0,58.34159851074219,0.7808356285095215,60.5173225402832,138.30589294433594,2.1653075218200684,1.6649999618530273,0.36000001430511475,0.2800000011920929,1.8700001239776611,0.2759999930858612,0.03200000151991844,0.4049999713897705,0.2874999940395355,1.649999976158142,-0.30000001192092896,55.0,12.0,30.0,0.3499999940395355,720.0,870.0,21757952,722.0363557338715
4,165.0,195.0,180.0,580.0,58.33699417114258,0.7829052805900574,61.186439514160156,139.07315063476562,1.9594271183013916,1.6649999618530273,0.4650000035762787,0.2800000011920929,1.8700001239776611,0.23999999463558197,0.03999999910593033,0.4049999713897705,0.3375000059604645,1.649999976158142,-0.3499999940395355,50.0,30.0,30.0,0.5,730.0,850.0,21757952,722.0363557338715
4,165.0,195.0,180.0,580.0,58.33512496948242,0.7803950309753418,59.84610366821289,136.50607299804688,2.3263940811157227,1.6649999618530273,0.36000001430511475,0.2800000011920929,1.8700001239776611,0.2759999930858612,0.03200000151991844,0.44999998807907104,0.15000000596046448,1.649999976158142,-0.44999998807907104,55.0,12.0,30.0,0.800000011920929,690.0,870.0,21757952,722.0363557338715
4,165.0,195.0,180.0,580.0,58.33454895019531,0.7835834622383118,60.62339401245117,136.46728515625,2.100649356842041,1.6649999618530273,0.4650000035762787,0.2800000011920929,1.8700001239776611,0.3240000009536743,0.03999999910593033,0.44999998807907104,0.20000000298023224,1.649999976158142,-0.4000000059604645,55.0,12.0,50.0,0.5,700.0,820.0,21757952,722.0363557338715
4,165.0,195.0,180.0,580.0,58.33087158203125,0.7829052805900574,61.186439514160156,139.07315063476562,1.9533052444458008,1.6649999618530273,0.4650000035762787,0.2800000011920929,1.8700001239776611,0.23999999463558197,0.03999999910593033,0.4049999713897705,0.3375000059604645,1.649999976158142,-0.30000001192092896,50.0,30.0,30.0,0.5,720.0,820.0,21757952,722.0363557338715
4,165.0,195.0,180.0,580.0,58.32935333251953,0.7801013588905334,60.21483612060547,137.63980102539062,2.2509069442749023,1.6649999618530273,0.30000001192092896,0.2800000011920929,1.8700001239776611,0.3240000009536743,0.024000000208616257,0.4049999713897705,0.2874999940395355,1.649999976158142,-0.44999998807907104,55.0,12.0,30.0,0.5,700.0,850.0,21757952,722.0363557338715
4,165.0,195.0,180.0,580.0,58.328407287597656,0.7829052805900574,61.186439514160156,139.07315063476562,1.9508388042449951,1.6649999618530273,0.4650000035762787,0.2800000011920929,1.8700001239776611,0.23999999463558197,0.03999999910593033,0.4049999713897705,0.3375000059604645,1.649999976158142,-0.44999998807907104,50.0,30.0,30.0,0.5,720.0,840.0,21757952,722.0363557338715
4,165.0,195.0,180.0,580.0,58.32597351074219,0.7828295826911926,61.12764358520508,139.03826904296875,1.9581443071365356,1.6649999618530273,0.4650000035762787,0.2800000011920929,1.8700001239776611,0.2759999930858612,0.024000000208616257,0.4049999713897705,0.2874999940395355,1.649999976158142,-0.20000000298023224,55.0,12.0,50.0,0.800000011920929,690.0,840.0,21757952,722.0363557338715
4,165.0,195.0,180.0,580.0,58.324337005615234,0.783423125743866,61.189456939697266,138.5776824951172,1.94547700881958,1.6649999618530273,0.4650000035762787,0.2800000011920929,1.8700001239776611,0.3240000009536743,0.024000000208616257,0.4049999713897705,0.2874999940395355,1.649999976158142,-0.20000000298023224,50.0,15.0,40.0,0.800000011920929,690.0,870.0,21757952,722.0363557338715
4,165.0,195.0,180.0,580.0,58.32210159301758,0.7808594703674316,60.03450012207031,136.74301147460938,2.262272596359253,1.6649999618530273,0.36000001430511475,0.2800000011920929,1.8700001239776611,0.23999999463558197,0.03200000151991844,0.44999998807907104,0.2874999940395355,1.649999976158142,-0.30000001192092896,55.0,12.0,30.0,0.800000011920929,710.0,820.0,21757952,722.0363557338715
4,165.0,195.0,180.0,580.0,58.32038879394531,0.782624363899231,60.525123596191406,137.13778686523438,2.1084766387939453,1.6649999618530273,0.4650000035762787,0.2800000011920929,1.8700001239776611,0.23999999463558197,0.04800000041723251,0.44999998807907104,0.20000000298023224,1.649999976158142,-0.44999998807907104,55.0,15.0,75.0,0.6499999761581421,730.0,850.0,21757952,722.0363557338715
4,165.0,195.0,180.0,580.0,58.318115234375,0.7803474068641663,60.37783432006836,138.23941040039062,2.181655168533325,1.6649999618530273,0.36000001430511475,0.2800000011920929,1.8700001239776611,0.2759999930858612,0.03999999910593033,0.4049999713897705,0.20000000298023224,1.649999976158142,-0.44999998807907104,55.0,12.0,50.0,0.6499999761581421,710.0,840.0,21757952,722.0363557338715
4,165.0,195.0,180.0,580.0,58.317317962646484,0.7839217782020569,60.70875930786133,136.4278106689453,2.0614027976989746,1.6649999618530273,0.4650000035762787,0.2800000011920929,1.8700001239776611,0.3240000009536743,0.03999999910593033,0.44999998807907104,0.25,1.399999976158142,-0.4000000059604645,55.0,12.0,40.0,0.6499999761581421,700.0,850.0,21757952,722.0363557338715
4,165.0,195.0,180.0,580.0,58.31699752807617,0.7815669178962708,60.45628356933594,136.9036102294922,2.1830999851226807,1.6649999618530273,0.36000001430511475,0.2800000011920929,1.8700001239776611,0.3840000033378601,0.05999999865889549,0.4049999713897705,0.15000000596046448,1.649999976158142,-0.30000001192092896,55.0,12.0,60.0,0.800000011920929,720.0,870.0,21757952,722.0363557338715
4,165.0,195.0,180.0,580.0,58.31584548950195,0.7856588363647461,60.20524597167969,132.82440185546875,2.1969707012176514,1.6649999618530273,0.4650000035762787,0.2800000011920929,1.8700001239776611,0.3840000033378601,0.04800000041723251,0.5174999833106995,0.2874999940395355,1.649999976158142,-0.4000000059604645,55.0,15.0,30.0,0.5,720.0,840.0,21757952,722.0363557338715
4,165.0,195.0,180.0,580.0,58.313194274902344,0.7864248752593994,59.14875793457031,131.96206665039062,2.2609546184539795,1.6649999618530273,0.4650000035762787,0.33249998092651367,1.8700001239776611,0.3840000033378601,0.024000000208616257,0.4049999713897705,0.25,1.649999976158142,-0.44999998807907104,55.0,12.0,35.0,0.6499999761581421,730.0,870.0,21757952,722.0363557338715
4,165.0,195.0,180.0,580.0,58.310977935791016,0.782661497592926,61.16482162475586,139.07972717285156,1.9482426643371582,1.6649999618530273,0.4650000035762787,0.2800000011920929,1.8700001239776611,0.20399999618530273,0.05999999865889549,0.4049999713897705,0.3375000059604645,1.649999976158142,-0.20000000298023224,50.0,20.0,30.0,0.5,720.0,850.0,21757952,722.0363557338715
4,165.0,195.0,180.0,580.0,58.31090545654297,0.7814868092536926,60.273738861083984,137.07313537597656,2.182346820831299,1.6649999618530273,0.4050000309944153,0.2800000011920929,1.8700001239776611,0.20399999618530273,0.04800000041723251,0.44999998807907104,0.2874999940395355,1.649999976158142,-0.30000001192092896,55.0,12.0,40.0,0.6499999761581421,690.0,870.0,21757952,722.0363557338715
4,165.0,195.0,180.0,580.0,58.308170318603516,0.7814033627510071,60.469303131103516,137.2345733642578,2.163832664489746,1.6649999618530273,0.33000001311302185,0.2800000011920929,1.8700001239776611,0.3840000033378601,0.024000000208616257,0.4049999713897705,0.2874999940395355,1.649999976158142,-0.4000000059604645,55.0,15.0,30.0,0.3499999940395355,690.0,850.0,21757952,722.0363557338715
4,165.0,195.0,180.0,580.0,58.307708740234375,0.7834961414337158,61.242698669433594,138.59214782714844,1.92076575756073,1.6649999618530273,0.4650000035762787,0.2800000011920929,1.8700001239776611,0.2759999930858612,0.04800000041723251,0.4049999713897705,0.3375000059604645,1.649999976158142,-0.25,50.0,25.0,35.0,0.5,690.0,820.0,21757952,722.0363557338715
4,165.0,195.0,180.0,580.0,58.306495666503906,0.7821338772773743,60.817771911621094,138.0872344970703,2.051133871078491,1.6649999618530273,0.4050000309944153,0.2800000011920929,1.8700001239776611,0.2759999930858612,0.05999999865889549,0.4049999713897705,0.2874999940395355,1.649999976158142,-0.3499999940395355,55.0,15.0,30.0,0.3499999940395355,710.0,820.0,21757952,722.0363557338715
4,165.0,195.0,180.0,580.0,58.304290771484375,0.7822120785713196,61.027156829833984,139.2777557373047,1.96382474899292,1.6649999618530273,0.4650000035762787,0.2800000011920929,1.8700001239776611,0.23999999463558197,0.03200000151991844,0.4049999713897705,0.25,1.649999976158142,-0.3499999940395355,55.0,15.0,40.0,0.3499999940395355,720.0,850.0,21757952,722.0363557338715
4,165.0,195.0,180.0,580.0,58.298702239990234,0.7832130789756775,60.67451095581055,137.0687255859375,2.0484352111816406,1.6649999618530273,0.4650000035762787,0.2800000011920929,1.8700001239776611,0.23999999463558197,0.04800000041723251,0.44999998807907104,0.2874999940395355,1.649999976158142,-0.3499999940395355,55.0,15.0,35.0,0.5,710.0,840.0,21757952,722.0363557338715
4,165.0,195.0,180.0,580.0,58.29754638671875,0.7828252911567688,60.98439407348633,138.27952575683594,1.9819122552871704,1.6649999618530273,0.4650000035762787,0.2800000011920929,1.8700001239776611,0.3240000009536743,0.04800000041723251,0.4049999713897705,0.15000000596046448,1.649999976158142,-0.20000000298023224,50.0,20.0,30.0,0.6499999761581421,690.0,850.0,21757952,722.0363557338715
4,165.0,195.0,180.0,580.0,58.29639434814453,0.7860361933708191,58.963531494140625,131.2808837890625,2.3163182735443115,1.6649999618530273,0.4050000309944153,0.33249998092651367,1.8700001239776611,0.3840000033378601,0.03999999910593033,0.4049999713897705,0.3375000059604645,1.649999976158142,-0.44999998807907104,55.0,15.0,40.0,0.800000011920929,730.0,870.0,21757952,722.0363557338715
4,165.0,195.0,180.0,580.0,58.29413604736328,0.7850415110588074,60.92551803588867,135.91854858398438,1.9909257888793945,1.6649999618530273,0.4650000035762787,0.2800000011920929,1.8700001239776611,0.3840000033378601,0.03200000151991844,0.44999998807907104,0.3375000059604645,1.649999976158142,-0.30000001192092896,50.0,25.0,30.0,0.6499999761581421,710.0,820.0,21757952,722.0363557338715
4,165.0,195.0,180.0,580.0,58.2922477722168,0.7833886742591858,60.431617736816406,135.51101684570312,2.1356306076049805,1.6649999618530273,0.4050000309944153,0.2800000011920929,1.8700001239776611,0.3840000033378601,0.03999999910593033,0.44999998807907104,0.25,1.649999976158142,-0.30000001192092896,55.0,12.0,50.0,0.6499999761581421,690.0,870.0,21757952,722.0363557338715
4,165.0,195.0,180.0,580.0,58.2902946472168,0.7803359627723694,60.22194290161133,136.8816375732422,2.2416694164276123,1.4399999380111694,0.4650000035762787,0.2800000011920929,1.8700001239776611,0.3840000033378601,0.04800000041723251,0.4049999713897705,0.3375000059604645,1.649999976158142,-0.44999998807907104,55.0,15.0,30.0,0.3499999940395355,730.0,850.0,21757952,722.0363557338715
4,165.0,195.0,180.0,580.0,58.28980255126953,0.781220555305481,59.95557403564453,135.90200805664062,2.262272596359253,1.6649999618530273,0.33000001311302185,0.2800000011920929,1.8700001239776611,0.3240000009536743,0.024000000208616257,0.44999998807907104,0.2874999940395355,1.649999976158142,-0.30000001192092896,55.0,12.0,30.0,0.800000011920929,710.0,820.0,21757952,722.0363557338715
4,165.0,195.0,180.0,580.0,58.288883209228516,0.7828295826911926,61.12764358520508,139.03826904296875,1.9210549592971802,1.6649999618530273,0.4650000035762787,0.2800000011920929,1.8700001239776611,0.2759999930858612,0.024000000208616257,0.4049999713897705,0.2874999940395355,1.649999976158142,-0.44999998807907104,50.0,20.0,35.0,0.800000011920929,710.0,850.0,21757952,722.0363557338715
4,165.0,195.0,180.0,580.0,58.28578186035156,0.783751904964447,61.274818420410156,138.5382080078125,1.8854492902755737,1.6649999618530273,0.4650000035762787,0.2800000011920929,1.8700001239776611,0.3240000009536743,0.024000000208616257,0.4049999713897705,0.3375000059604645,1.649999976158142,-0.3499999940395355,50.0,15.0,30.0,0.800000011920929,690.0,870.0,21757952,722.0363557338715
4,165.0,195.0,180.0,580.0,58.28414535522461,0.783057451248169,61.14743423461914,138.76715087890625,1.9177331924438477,1.6649999618530273,0.4650000035762787,0.2800000011920929,1.8700001239776611,0.2759999930858612,0.03999999910593033,0.4049999713897705,0.2874999940395355,1.649999976158142,-0.25,50.0,15.0,30.0,0.6499999761581421,720.0,840.0,21757952,722.0363557338715
4,165.0,195.0,180.0,580.0,58.27910232543945,0.7871406674385071,58.8042106628418,130.28933715820312,2.3020524978637695,1.6649999618530273,0.4650000035762787,0.33249998092651367,1.8700001239776611,0.3240000009536743,0.03999999910593033,0.44999998807907104,0.3375000059604645,1.649999976158142,-0.4000000059604645,55.0,12.0,35.0,0.800000011920929,700.0,850.0,21757952,722.0363557338715
4,165.0,195.0,180.0,580.0,58.277252197265625,0.78269362449646,61.073516845703125,138.93231201171875,1.9264247417449951,1.6649999618530273,0.4650000035762787,0.2800000011920929,1.8700001239776611,0.2759999930858612,0.03200000151991844,0.4049999713897705,0.25,1.649999976158142,-0.4000000059604645,50.0,30.0,30.0,0.3499999940395355,720.0,870.0,21757952,722.0363557338715
4,165.0,195.0,180.0,580.0,58.275760650634766,0.7827951312065125,60.940208435058594,137.9260711669922,1.9847497940063477,1.6649999618530273,0.4050000309944153,0.2800000011920929,1.8700001239776611,0.3240000009536743,0.03999999910593033,0.4049999713897705,0.3375000059604645,1.649999976158142,-0.25,50.0,25.0,30.0,0.6499999761581421,690.0,870.0,21757952,722.0363557338715
4,165.0,195.0,180.0,580.0,58.27485656738281,0.7819170355796814,60.51383590698242,136.6245880126953,2.133664846420288,1.6649999618530273,0.33000001311302185,0.2800000011920929,1.8700001239776611,0.3840000033378601,0.05999999865889549,0.4049999713897705,0.2874999940395355,1.649999976158142,-0.4000000059604645,55.0,12.0,60.0,0.6499999761581421,710.0,870.0,21757952,722.0363557338715
4,165.0,195.0,180.0,580.0,58.27355194091797,0.7803691029548645,60.3344841003418,138.08937072753906,2.146987199783325,1.6649999618530273,0.36000001430511475,0.2800000011920929,1.8700001239776611,0.3240000009536743,0.024000000208616257,0.4049999713897705,0.15000000596046448,1.649999976158142,-0.4000000059604645,55.0,15.0,75.0,0.800000011920929,700.0,840.0,21757952,722.0363557338715
4,165.0,195.0,180.0,580.0,58.27309799194336,0.7823700308799744,60.155914306640625,135.3907928466797,2.197628974914551,1.6649999618530273,0.36000001430511475,0.2800000011920929,1.8700001239776611,0.3840000033378601,0.03200000151991844,0.44999998807907104,0.25,1.649999976158142,-0.30000001192092896,55.0,12.0,30.0,0.5,730.0,840.0,21757952,722.0363557338715
4,165.0,195.0,180.0,580.0,58.272945404052734,0.7846446633338928,61.37187957763672,137.6913299560547,1.8646551370620728,1.6649999618530273,0.4650000035762787,0.2800000011920929,1.8700001239776611,0.3840000033378601,0.03999999910593033,0.4049999713897705,0.3375000059604645,1.399999976158142,-0.30000001192092896,55.0,12.0,30.0,0.5,720.0,870.0,21757952,722.0363557338715
4,165.0,195.0,180.0,580.0,58.27283477783203,0.7783488631248474,60.02254104614258,138.7992401123047,2.239067792892456,1.6649999618530273,0.33000001311302185,0.2800000011920929,1.8700001239776611,0.20399999618530273,0.03999999910593033,0.4049999713897705,0.15000000596046448,1.649999976158142,-0.44999998807907104,55.0,15.0,35.0,0.5,720.0,820.0,21757952,722.0363557338715
4,165.0,195.0,180.0,580.0,58.26415252685547,0.7821932435035706,60.878395080566406,138.3866729736328,1.9846515655517578,1.6649999618530273,0.4050000309944153,0.2800000011920929,1.8700001239776611,0.2759999930858612,0.03999999910593033,0.4049999713897705,0.3375000059604645,1.649999976158142,-0.44999998807907104,50.0,30.0,30.0,0.6499999761581421,720.0,850.0,21757952,722.0363557338715
4,165.0,195.0,180.0,580.0,58.2556266784668,0.7801195979118347,59.873390197753906,136.68307495117188,2.2509069442749023,1.6649999618530273,0.36000001430511475,0.2800000011920929,1.8700001239776611,0.20399999618530273,0.05999999865889549,0.44999998807907104,0.20000000298023224,1.649999976158142,-0.44999998807907104,55.0,12.0,30.0,0.5,710.0,820.0,21757952,722.0363557338715
4,165.0,195.0,180.0,580.0,58.2547721862793,0.7833862900733948,61.2327995300293,138.72769165039062,1.8668791055679321,1.6649999618530273,0.4650000035762787,0.2800000011920929,1.8700001239776611,0.2759999930858612,0.03999999910593033,0.4049999713897705,0.3375000059604645,1.649999976158142,-0.3499999940395355,50.0,15.0,35.0,0.800000011920929,700.0,820.0,21757952,722.0363557338715
4,165.0,195.0,180.0,580.0,58.25251007080078,0.7825623750686646,59.704410552978516,134.17117309570312,2.262272596359253,1.6649999618530273,0.4050000309944153,0.2800000011920929,1.8700001239776611,0.20399999618530273,0.04800000041723251,0.5174999833106995,0.3375000059604645,1.649999976158142,-0.30000001192092896,55.0,12.0,30.0,0.800000011920929,700.0,850.0,21757952,722.0363557338715
4,165.0,195.0,180.0,580.0,58.251190185546875,0.7840285301208496,59.71630096435547,132.34909057617188,2.2812366485595703,1.6649999618530273,0.4050000309944153,0.2800000011920929,1.8700001239776611,0.3840000033378601,0.05999999865889549,0.5174999833106995,0.20000000298023224,1.649999976158142,-0.4000000059604645,55.0,12.0,30.0,0.6499999761581421,700.0,820.0,21757952,722.0363557338715
4,165.0,195.0,180.0,580.0,58.25020217895508,0.7842035889625549,61.27661895751953,137.86634826660156,1.8625844717025757,1.6649999618530273,0.4650000035762787,0.2800000011920929,1.8700001239776611,0.3840000033378601,0.03200000151991844,0.4049999713897705,0.2874999940395355,1.649999976158142,-0.44999998807907104,50.0,20.0,35.0,0.6499999761581421,720.0,840.0,21757952,722.0363557338715
4,165.0,195.0,180.0,580.0,58.24979782104492,0.7826813459396362,60.9303092956543,138.06163024902344,1.9580720663070679,1.6649999618530273,0.4050000309944153,0.2800000011920929,1.8700001239776611,0.3240000009536743,0.03200000151991844,0.4049999713897705,0.3375000059604645,1.649999976158142,-0.44999998807907104,50.0,30.0,35.0,0.6499999761581421,720.0,850.0,21757952,722.0363557338715
4,165.0,195.0,180.0,580.0,58.24706268310547,0.7821932435035706,60.878395080566406,138.3866729736328,1.967562198638916,1.6649999618530273,0.4050000309944153,0.2800000011920929,1.8700001239776611,0.2759999930858612,0.03999999910593033,0.4049999713897705,0.3375000059604645,1.649999976158142,-0.44999998807907104,50.0,25.0,40.0,0.800000011920929,690.0,870.0,21757952,722.0363557338715
4,165.0,195.0,180.0,580.0,58.24627685546875,0.7835597991943359,59.70955276489258,133.08872985839844,2.2609546184539795,1.6649999618530273,0.4050000309944153,0.2800000011920929,1.8700001239776611,0.3240000009536743,0.04800000041723251,0.5174999833106995,0.25,1.649999976158142,-0.44999998807907104,55.0,12.0,35.0,0.6499999761581421,700.0,850.0,21757952,722.0363557338715
4,165.0,195.0,180.0,580.0,58.24590301513672,0.7796040773391724,60.309852600097656,138.59140014648438,2.13566255569458,1.6649999618530273,0.36000001430511475,0.2800000011920929,1.8700001239776611,0.20399999618530273,0.05999999865889549,0.4049999713897705,0.20000000298023224,1.399999976158142,-0.4000000059604645,55.0,12.0,30.0,0.800000011920929,700.0,840.0,21757952,722.0363557338715
4,165.0,195.0,180.0,580.0,58.24235153198242,0.784173846244812,60.821075439453125,136.48046875,1.9624934196472168,1.6649999618530273,0.4650000035762787,0.2800000011920929,1.8700001239776611,0.2759999930858612,0.05999999865889549,0.44999998807907104,0.3375000059604645,1.649999976158142,-0.4000000059604645,55.0,20.0,30.0,0.800000011920929,700.0,850.0,21757952,722.0363557338715
4,165.0,195.0,180.0,580.0,58.24213409423828,0.7831740975379944,61.211177825927734,138.7342529296875,1.8672666549682617,1.6649999618530273,0.4650000035762787,0.2800000011920929,1.8700001239776611,0.23999999463558197,0.05999999865889549,0.4049999713897705,0.3375000059604645,1.399999976158142,-0.4000000059604645,50.0,25.0,35.0,0.800000011920929,690.0,840.0,21757952,722.0363557338715
4,165.0,195.0,180.0,580.0,58.23750686645508,0.7795596122741699,60.211814880371094,138.1352996826172,2.161728620529175,1.6649999618530273,0.30000001192092896,0.2800000011920929,1.8700001239776611,0.23999999463558197,0.03999999910593033,0.4049999713897705,0.3375000059604645,1.649999976158142,-0.44999998807907104,55.0,12.0,35.0,0.3499999940395355,710.0,870.0,21757952,722.0363557338715
4,165.0,195.0,180.0,580.0,58.23666763305664,0.7834699749946594,61.01747131347656,137.35031127929688,1.9357173442840576,1.6649999618530273,0.4050000309944153,0.2800000011920929,1.8700001239776611,0.3840000033378601,0.03999999910593033,0.4049999713897705,0.3375000059604645,1.649999976158142,-0.20000000298023224,55.0,12.0,60.0,0.800000011920929,700.0,870.0,21757952,722.0363557338715
4,165.0,195.0,180.0,580.0,58.23614501953125,0.7806738615036011,60.07350540161133,137.0489959716797,2.1670761108398438,1.6649999618530273,0.36000001430511475,0.2800000011920929,1.8700001239776611,0.20399999618530273,0.03200000151991844,0.44999998807907104,0.3375000059604645,1.649999976158142,-0.44999998807907104,55.0,15.0,60.0,0.6499999761581421,700.0,820.0,21757952,722.0363557338715
4,165.0,195.0,180.0,580.0,58.23516082763672,0.7816737294197083,59.98517990112305,135.4697265625,2.2048654556274414,1.6649999618530273,0.36000001430511475,0.2800000011920929,1.8700001239776611,0.3840000033378601,0.03200000151991844,0.44999998807907104,0.15000000596046448,1.649999976158142,-0.4000000059604645,55.0,15.0,35.0,0.6499999761581421,700.0,870.0,21757952,722.0363557338715
4,165.0,195.0,180.0,580.0,58.2343864440918,0.782465934753418,60.998043060302734,138.83621215820312,1.9064815044403076,1.6649999618530273,0.4650000035762787,0.2800000011920929,1.8700001239776611,0.2759999930858612,0.03999999910593033,0.4049999713897705,0.20000000298023224,1.649999976158142,-0.4000000059604645,50.0,25.0,30.0,0.3499999940395355,700.0,870.0,21757952,722.0363557338715
4,165.0,195.0,180.0,580.0,58.2301025390625,0.7840051054954529,60.62519073486328,135.79544067382812,2.0106472969055176,1.6649999618530273,0.4650000035762787,0.2800000011920929,1.8700001239776611,0.3840000033378601,0.04800000041723251,0.44999998807907104,0.15000000596046448,1.649999976158142,-0.30000001192092896,50.0,30.0,30.0,0.800000011920929,700.0,820.0,21757952,722.0363557338715
4,165.0,195.0,180.0,580.0,58.2293815612793,0.7801426649093628,59.87521743774414,136.94761657714844,2.207995653152466,1.6649999618530273,0.36000001430511475,0.2800000011920929,1.8700001239776611,0.23999999463558197,0.024000000208616257,0.44999998807907104,0.20000000298023224,1.649999976158142,-0.4000000059604645,55.0,12.0,35.0,0.5,690.0,850.0,21757952,722.0363557338715
4,165.0,195.0,180.0,580.0,58.2281608581543,0.783867359161377,61.28471755981445,138.40264892578125,1.8284475803375244,1.6649999618530273,0.4650000035762787,0.2800000011920929,1.8700001239776611,0.3240000009536743,0.03200000151991844,0.4049999713897705,0.3375000059604645,1.649999976158142,-0.25,50.0,25.0,50.0,0.5,690.0,820.0,21757952,722.0363557338715
4,165.0,195.0,180.0,580.0,58.22662353515625,0.7822368741035461,60.97825622558594,139.10733032226562,1.8973666429519653,1.6649999618530273,0.4650000035762787,0.2800000011920929,1.8700001239776611,0.2759999930858612,0.024000000208616257,0.4049999713897705,0.20000000298023224,1.649999976158142,-0.30000001192092896,50.0,30.0,50.0,0.6499999761581421,710.0,850.0,21757952,722.0363557338715
4,165.0,195.0,180.0,580.0,58.224822998046875,0.7778588533401489,59.92144775390625,138.70956420898438,2.2301084995269775,1.4399999380111694,0.4650000035762787,0.2800000011920929,1.8700001239776611,0.23999999463558197,0.024000000208616257,0.4049999713897705,0.2874999940395355,1.649999976158142,-0.4000000059604645,55.0,15.0,30.0,0.6499999761581421,690.0,840.0,21757952,722.0363557338715
4,165.0,195.0,180.0,580.0,58.22349548339844,0.784217357635498,58.812381744384766,133.15170288085938,2.24855375289917,1.6649999618530273,0.4650000035762787,0.33249998092651367,1.8700001239776611,0.23999999463558197,0.03999999910593033,0.4049999713897705,0.15000000596046448,1.649999976158142,-0.30000001192092896,55.0,12.0,35.0,0.800000011920929,690.0,870.0,21757952,722.0363557338715
4,165.0,195.0,180.0,580.0,58.223350524902344,0.7846868634223938,60.795921325683594,135.7165069580078,1.9595590829849243,1.6649999618530273,0.4650000035762787,0.2800000011920929,1.8700001239776611,0.3840000033378601,0.04800000041723251,0.44999998807907104,0.25,1.649999976158142,-0.30000001192092896,50.0,30.0,35.0,0.6499999761581421,710.0,870.0,21757952,722.0363557338715
4,165.0,195.0,180.0,580.0,58.22287368774414,0.7816283702850342,59.88532257080078,134.7490692138672,2.242431879043579,1.6649999618530273,0.30000001192092896,0.2800000011920929,1.8700001239776611,0.3840000033378601,0.04800000041723251,0.44999998807907104,0.2874999940395355,1.649999976158142,-0.3499999940395355,55.0,12.0,35.0,0.6499999761581421,730.0,840.0,21757952,722.0363557338715
4,165.0,195.0,180.0,580.0,58.22126770019531,0.7839394211769104,60.07366180419922,134.30886840820312,2.1229536533355713,1.6649999618530273,0.4650000035762787,0.2800000011920929,1.8700001239776611,0.20399999618530273,0.05999999865889549,0.5174999833106995,0.3375000059604645,1.399999976158142,-0.4000000059604645,55.0,12.0,35.0,0.800000011920929,690.0,850.0,21757952,722.0363557338715
4,165.0,195.0,180.0,580.0,58.21996307373047,0.7783097624778748,59.647621154785156,136.44577026367188,2.345576047897339,1.4399999380111694,0.4050000309944153,0.2800000011920929,1.8700001239776611,0.3840000033378601,0.05999999865889549,0.4049999713897705,0.20000000298023224,1.649999976158142,-0.44999998807907104,55.0,15.0,30.0,0.800000011920929,710.0,850.0,21757952,722.0363557338715
4,165.0,195.0,180.0,580.0,58.2189826965332,0.7850533127784729,59.03723907470703,133.17872619628906,2.181655168533325,1.6649999618530273,0.4650000035762787,0.33249998092651367,1.8700001239776611,0.23999999463558197,0.03200000151991844,0.4049999713897705,0.2874999940395355,1.649999976158142,-0.44999998807907104,55.0,12.0,50.0,0.6499999761581421,730.0,870.0,21757952,722.0363557338715
4,165.0,195.0,180.0,580.0,58.21696472167969,0.7821932435035706,60.878395080566406,138.3866729736328,1.9374604225158691,1.6649999618530273,0.4050000309944153,0.2800000011920929,1.8700001239776611,0.2759999930858612,0.03999999910593033,0.4049999713897705,0.3375000059604645,1.649999976158142,-0.20000000298023224,50.0,15.0,30.0,0.6499999761581421,710.0,820.0,21757952,722.0363557338715
4,165.0,195.0,180.0,580.0,58.2143440246582,0.7820967435836792,61.01725769042969,139.41331481933594,1.873247742652893,1.6649999618530273,0.4650000035762787,0.2800000011920929,1.8700001239776611,0.23999999463558197,0.024000000208616257,0.4049999713897705,0.25,1.649999976158142,-0.30000001192092896,50.0,20.0,50.0,0.6499999761581421,710.0,850.0,21757952,722.0363557338715
4,165.0,195.0,180.0,580.0,58.21345520019531,0.7858617305755615,58.401493072509766,131.32603454589844,2.2731399536132812,1.6649999618530273,0.4650000035762787,0.3499999940395355,1.8700001239776611,0.20399999618530273,0.03999999910593033,0.4049999713897705,0.3375000059604645,1.649999976158142,-0.3499999940395355,55.0,12.0,40.0,0.800000011920929,700.0,870.0,21757952,722.0363557338715
4,165.0,195.0,180.0,580.0,58.21124267578125,0.7814764380455017,60.81224060058594,139.0032196044922,1.9411002397537231,1.6649999618530273,0.4050000309944153,0.2800000011920929,1.8700001239776611,0.23999999463558197,0.024000000208616257,0.4049999713897705,0.3375000059604645,1.649999976158142,-0.4000000059604645,50.0,30.0,40.0,0.6499999761581421,710.0,840.0,21757952,722.0363557338715
4,165.0,195.0,180.0,580.0,58.211036682128906,0.7833988666534424,59.92609786987305,134.64248657226562,2.1329760551452637,1.6649999618530273,0.4650000035762787,0.2800000011920929,1.8700001239776611,0.23999999463558197,0.024000000208616257,0.5174999833106995,0.25,1.649999976158142,-0.44999998807907104,55.0,12.0,60.0,0.6499999761581421,690.0,850.0,21757952,722.0363557338715
4,165.0,195.0,180.0,580.0,58.21092987060547,0.7819202542304993,60.09844207763672,135.69546508789062,2.146987199783325,1.6649999618530273,0.36000001430511475,0.2800000011920929,1.8700001239776611,0.3240000009536743,0.04800000041723251,0.44999998807907104,0.25,1.649999976158142,-0.4000000059604645,55.0,15.0,75.0,0.800000011920929,730.0,850.0,21757952,722.0363557338715
4,165.0,195.0,180.0,580.0,58.20986557006836,0.7789143323898315,60.15555953979492,138.61630249023438,2.146580457687378,1.6649999618530273,0.30000001192092896,0.2800000011920929,1.8700001239776611,0.20399999618530273,0.03200000151991844,0.4049999713897705,0.3375000059604645,1.649999976158142,-0.44999998807907104,55.0,15.0,40.0,0.3499999940395355,720.0,820.0,21757952,722.0363557338715
4,165.0,195.0,180.0,580.0,58.20964431762695,0.783751904964447,61.274818420410156,138.5382080078125,1.8093113899230957,1.6649999618530273,0.4650000035762787,0.2800000011920929,1.8700001239776611,0.3240000009536743,0.024000000208616257,0.4049999713897705,0.3375000059604645,1.399999976158142,-0.44999998807907104,50.0,30.0,40.0,0.6499999761581421,700.0,840.0,21757952,722.0363557338715
4,165.0,195.0,180.0,580.0,58.20862579345703,0.7850010991096497,58.54452133178711,131.75140380859375,2.28487491607666,1.6649999618530273,0.4650000035762787,0.33249998092651367,1.8700001239776611,0.20399999618530273,0.024000000208616257,0.44999998807907104,0.2874999940395355,1.649999976158142,-0.44999998807907104,55.0,15.0,35.0,0.6499999761581421,690.0,870.0,21757952,722.0363557338715
4,165.0,195.0,180.0,580.0,58.2081184387207,0.7814333438873291,60.12181091308594,136.6262969970703,2.117109537124634,1.6649999618530273,0.4050000309944153,0.2800000011920929,1.8700001239776611,0.2759999930858612,0.03999999910593033,0.44999998807907104,0.15000000596046448,1.399999976158142,-0.44999998807907104,55.0,12.0,40.0,0.800000011920929,720.0,870.0,21757952,722.0363557338715
4,165.0,195.0,180.0,580.0,58.208106994628906,0.7800212502479553,59.56556701660156,134.87847900390625,2.330681562423706,1.4399999380111694,0.4650000035762787,0.2800000011920929,1.8700001239776611,0.3840000033378601,0.05999999865889549,0.44999998807907104,0.20000000298023224,1.649999976158142,-0.44999998807907104,55.0,15.0,35.0,0.800000011920929,730.0,840.0,21757952,722.0363557338715
4,165.0,195.0,180.0,580.0,58.20783996582031,0.7845780849456787,60.7860221862793,135.85205078125,1.9430402517318726,1.6649999618530273,0.4650000035762787,0.2800000011920929,1.8700001239776611,0.3840000033378601,0.03999999910593033,0.44999998807907104,0.25,1.649999976158142,-0.3499999940395355,50.0,30.0,40.0,0.6499999761581421,720.0,870.0,21757952,722.0363557338715
4,165.0,195.0,180.0,580.0,58.20716857910156,0.7819638848304749,59.97068786621094,134.7095947265625,2.2048654556274414,1.6649999618530273,0.30000001192092896,0.2800000011920929,1.8700001239776611,0.3840000033378601,0.04800000041723251,0.44999998807907104,0.3375000059604645,1.649999976158142,-0.4000000059604645,55.0,15.0,35.0,0.6499999761581421,720.0,840.0,21757952,722.0363557338715
4,165.0,195.0,180.0,580.0,58.20686340332031,0.783810555934906,60.6988639831543,136.5633544921875,1.9500811100006104,1.6649999618530273,0.4650000035762787,0.2800000011920929,1.8700001239776611,0.3240000009536743,0.03200000151991844,0.44999998807907104,0.25,1.399999976158142,-0.4000000059604645,55.0,12.0,50.0,0.5,700.0,850.0,21757952,722.0363557338715
4,165.0,195.0,180.0,580.0,58.20624542236328,0.7837620973587036,61.21914291381836,138.17100524902344,1.8296774625778198,1.6649999618530273,0.4650000035762787,0.2800000011920929,1.8700001239776611,0.3240000009536743,0.04800000041723251,0.4049999713897705,0.2874999940395355,1.649999976158142,-0.20000000298023224,50.0,12.0,30.0,0.6499999761581421,720.0,870.0,21757952,722.0363557338715
4,165.0,195.0,180.0,580.0,58.20573043823242,0.7845691442489624,58.89774703979492,133.11224365234375,2.207995653152466,1.6649999618530273,0.4650000035762787,0.33249998092651367,1.8700001239776611,0.23999999463558197,0.03999999910593033,0.4049999713897705,0.20000000298023224,1.649999976158142,-0.4000000059604645,55.0,12.0,35.0,0.5,690.0,850.0,21757952,722.0363557338715
4,165.0,195.0,180.0,580.0,58.205684661865234,0.7823495864868164,59.68461990356445,134.44227600097656,2.213163137435913,1.6649999618530273,0.4050000309944153,0.2800000011920929,1.8700001239776611,0.20399999618530273,0.03200000151991844,0.5174999833106995,0.3375000059604645,1.649999976158142,-0.44999998807907104,55.0,12.0,30.0,0.3499999940395355,700.0,870.0,21757952,722.0363557338715
4,165.0,195.0,180.0,580.0,58.20538330078125,0.7798591256141663,59.55072021484375,135.08180236816406,2.3263936042785645,1.4399999380111694,0.4650000035762787,0.2800000011920929,1.8700001239776611,0.3840000033378601,0.04800000041723251,0.44999998807907104,0.20000000298023224,1.649999976158142,-0.44999998807907104,55.0,12.0,30.0,0.800000011920929,720.0,840.0,21757952,722.0363557338715
4,165.0,195.0,180.0,580.0,58.203895568847656,0.7824689745903015,60.72209167480469,137.15939331054688,1.988290548324585,1.6649999618530273,0.4050000309944153,0.2800000011920929,1.8700001239776611,0.3840000033378601,0.05999999865889549,0.4049999713897705,0.15000000596046448,1.649999976158142,-0.20000000298023224,50.0,20.0,40.0,0.800000011920929,690.0,870.0,21757952,722.0363557338715
4,165.0,195.0,180.0,580.0,58.203128814697266,0.7814704179763794,60.90533447265625,139.52711486816406,1.8977973461151123,1.6649999618530273,0.4650000035762787,0.2800000011920929,1.8700001239776611,0.20399999618530273,0.03999999910593033,0.4049999713897705,0.20000000298023224,1.649999976158142,-0.30000001192092896,50.0,25.0,50.0,0.6499999761581421,700.0,840.0,21757952,722.0363557338715
4,165.0,195.0,180.0,580.0,58.201290130615234,0.7815847396850586,60.97089767456055,139.75877380371094,1.87229323387146,1.6649999618530273,0.4650000035762787,0.2800000011920929,1.8700001239776611,0.20399999618530273,0.024000000208616257,0.4049999713897705,0.25,1.649999976158142,-0.4000000059604645,50.0,40.0,35.0,0.800000011920929,710.0,840.0,21757952,722.0363557338715
4,165.0,195.0,180.0,580.0,58.20075988769531,0.7809538245201111,60.344730377197266,136.99034118652344,2.10341215133667,1.6649999618530273,0.30000001192092896,0.2800000011920929,1.8700001239776611,0.3240000009536743,0.05999999865889549,0.4049999713897705,0.3375000059604645,1.649999976158142,-0.25,55.0,12.0,30.0,0.6499999761581421,720.0,820.0,21757952,722.0363557338715
4,165.0,195.0,180.0,580.0,58.19877624511719,0.7813578844070435,60.89543151855469,139.6626739501953,1.8926496505737305,1.6649999618530273,0.4650000035762787,0.2800000011920929,1.8700001239776611,0.20399999618530273,0.03200000151991844,0.4049999713897705,0.20000000298023224,1.649999976158142,-0.3499999940395355,50.0,30.0,40.0,0.5,690.0,820.0,21757952,722.0363557338715
4,165.0,195.0,180.0,580.0,58.19854736328125,0.7806596159934998,59.716217041015625,135.1148223876953,2.262272596359253,1.6649999618530273,0.27000001072883606,0.2800000011920929,1.8700001239776611,0.3240000009536743,0.04800000041723251,0.44999998807907104,0.3375000059604645,1.649999976158142,-0.30000001192092896,55.0,12.0,30.0,0.800000011920929,710.0,820.0,21757952,722.0363557338715
4,165.0,195.0,180.0,580.0,58.19740295410156,0.7820937633514404,60.961585998535156,139.04611206054688,1.8808281421661377,1.6649999618530273,0.4650000035762787,0.2800000011920929,1.8700001239776611,0.23999999463558197,0.04800000041723251,0.4049999713897705,0.20000000298023224,1.649999976158142,-0.44999998807907104,50.0,25.0,75.0,0.800000011920929,690.0,840.0,21757952,722.0363557338715
4,165.0,195.0,180.0,580.0,58.19631576538086,0.7790295481681824,60.16545867919922,138.48074340820312,2.133665084838867,1.6649999618530273,0.30000001192092896,0.2800000011920929,1.8700001239776611,0.20399999618530273,0.03999999910593033,0.4049999713897705,0.3375000059604645,1.649999976158142,-0.4000000059604645,55.0,12.0,60.0,0.6499999761581421,710.0,850.0,21757952,722.0363557338715
4,165.0,195.0,180.0,580.0,58.1962890625,0.7781959772109985,59.99627685546875,138.82090759277344,2.1715471744537354,1.6649999618530273,0.30000001192092896,0.2800000011920929,1.8700001239776611,0.20399999618530273,0.024000000208616257,0.4049999713897705,0.25,1.649999976158142,-0.4000000059604645,55.0,12.0,40.0,0.5,700.0,840.0,21757952,722.0363557338715
4,165.0,195.0,180.0,580.0,58.196067810058594,0.7771196365356445,59.611576080322266,137.75851440429688,2.3163180351257324,1.4399999380111694,0.4050000309944153,0.2800000011920929,1.8700001239776611,0.23999999463558197,0.05999999865889549,0.4049999713897705,0.2874999940395355,1.649999976158142,-0.44999998807907104,55.0,15.0,40.0,0.800000011920929,720.0,870.0,21757952,722.0363557338715
4,165.0,195.0,180.0,580.0,58.19602584838867,0.7852314710617065,60.070701599121094,132.69012451171875,2.117109537124634,1.6649999618530273,0.4650000035762787,0.2800000011920929,1.8700001239776611,0.3840000033378601,0.05999999865889549,0.5174999833106995,0.20000000298023224,1.399999976158142,-0.44999998807907104,55.0,12.0,40.0,0.800000011920929,710.0,870.0,21757952,722.0363557338715
4,165.0,195.0,180.0,580.0,58.1956901550293,0.7823325395584106,61.0794563293457,139.11917114257812,1.8544423580169678,1.6649999618530273,0.4650000035762787,0.2800000011920929,1.8700001239776611,0.20399999618530273,0.05999999865889549,0.4049999713897705,0.2874999940395355,1.649999976158142,-0.30000001192092896,50.0,15.0,35.0,0.6499999761581421,720.0,840.0,21757952,722.0363557338715
5,195.0,230.0,212.5,600.0,60.045509338378906,0.7823959589004517,61.08340835571289,138.7967529296875,2.2886502742767334,1.6649999618530273,0.4650000035762787,0.2800000011920929,1.8700001239776611,0.2759999930858612,0.03999999910593033,0.4049999713897705,0.25,1.649999976158142,-0.44999998807907104,55.0,12.0,30.0,0.6499999761581421,730.0,840.0,21757952,721.946492433548
5,195.0,230.0,212.5,600.0,59.99808120727539,0.7828770875930786,61.22290802001953,138.86325073242188,2.200645685195923,1.6649999618530273,0.4650000035762787,0.2800000011920929,1.8700001239776611,0.2759999930858612,0.03200000151991844,0.4049999713897705,0.3375000059604645,1.649999976158142,-0.44999998807907104,55.0,12.0,75.0,0.800000011920929,710.0,870.0,21757952,721.946492433548
5,195.0,230.0,212.5,600.0,59.99602508544922,0.7815055251121521,61.000587463378906,139.3520965576172,2.262272596359253,1.6649999618530273,0.4650000035762787,0.2800000011920929,1.8700001239776611,0.20399999618530273,0.04800000041723251,0.4049999713897705,0.25,1.649999976158142,-0.30000001192092896,55.0,12.0,30.0,0.800000011920929,690.0,820.0,21757952,721.946492433548
5,195.0,230.0,212.5,600.0,59.925743103027344,0.7835565209388733,60.752994537353516,136.66932678222656,2.2509069442749023,1.6649999618530273,0.4650000035762787,0.2800000011920929,1.8700001239776611,0.3240000009536743,0.024000000208616257,0.44999998807907104,0.2874999940395355,1.649999976158142,-0.44999998807907104,55.0,12.0,30.0,0.5,720.0,870.0,21757952,721.946492433548
5,195.0,230.0,212.5,600.0,59.921932220458984,0.7811560034751892,60.91522216796875,139.3915557861328,2.2113418579101562,1.6649999618530273,0.4650000035762787,0.2800000011920929,1.8700001239776611,0.20399999618530273,0.04800000041723251,0.4049999713897705,0.20000000298023224,1.649999976158142,-0.44999998807907104,55.0,12.0,35.0,0.5,720.0,820.0,21757952,721.946492433548
5,195.0,230.0,212.5,600.0,59.918670654296875,0.782776415348053,61.211181640625,138.73426818847656,2.13566255569458,1.6649999618530273,0.4650000035762787,0.2800000011920929,1.8700001239776611,0.23999999463558197,0.05999999865889549,0.4049999713897705,0.3375000059604645,1.399999976158142,-0.4000000059604645,55.0,12.0,30.0,0.800000011920929,720.0,820.0,21757952,721.946492433548
5,195.0,230.0,212.5,600.0,59.91203308105469,0.7827408909797668,60.93210983276367,137.3897705078125,2.2299509048461914,1.6649999618530273,0.4050000309944153,0.2800000011920929,1.8700001239776611,0.3840000033378601,0.03999999910593033,0.4049999713897705,0.2874999940395355,1.649999976158142,-0.30000001192092896,55.0,12.0,30.0,0.6499999761581421,720.0,820.0,21757952,721.946492433548
5,195.0,230.0,212.5,600.0,59.91032791137695,0.7824817299842834,60.868080139160156,137.41937255859375,2.2454419136047363,1.6649999618530273,0.4050000309944153,0.2800000011920929,1.8700001239776611,0.3840000033378601,0.03999999910593033,0.4049999713897705,0.25,1.649999976158142,-0.4000000059604645,55.0,12.0,30.0,0.5,720.0,820.0,21757952,721.946492433548
5,195.0,230.0,212.5,600.0,59.90692138671875,0.782166063785553,61.06361770629883,139.06787109375,2.1481494903564453,1.6649999618530273,0.4650000035762787,0.2800000011920929,1.8700001239776611,0.2759999930858612,0.024000000208616257,0.4049999713897705,0.25,1.649999976158142,-0.30000001192092896,55.0,12.0,75.0,0.800000011920929,710.0,850.0,21757952,721.946492433548
5,195.0,230.0,212.5,600.0,59.88977813720703,0.7825058102607727,61.186439514160156,139.07315063476562,2.10341215133667,1.6649999618530273,0.4650000035762787,0.2800000011920929,1.8700001239776611,0.23999999463558197,0.03999999910593033,0.4049999713897705,0.3375000059604645,1.649999976158142,-0.25,55.0,12.0,30.0,0.6499999761581421,730.0,870.0,21757952,721.946492433548
5,195.0,230.0,212.5,600.0,59.87936782836914,0.7829342484474182,60.740081787109375,137.3003692626953,2.203159809112549,1.6649999618530273,0.4650000035762787,0.2800000011920929,1.8700001239776611,0.23999999463558197,0.03200000151991844,0.44999998807907104,0.3375000059604645,1.649999976158142,-0.44999998807907104,55.0,15.0,40.0,0.5,690.0,870.0,21757952,721.946492433548
5,195.0,230.0,212.5,600.0,59.86454772949219,0.7815057635307312,60.27091598510742,136.553955078125,2.345576047897339,1.6649999618530273,0.4050000309944153,0.2800000011920929,1.8700001239776611,0.23999999463558197,0.05999999865889549,0.44999998807907104,0.25,1.649999976158142,-0.44999998807907104,55.0,15.0,30.0,0.800000011920929,700.0,840.0,21757952,721.946492433548
5,195.0,230.0,212.5,600.0,59.855140686035156,0.7830684781074524,60.613494873046875,136.60284423828125,2.2212815284729004,1.6649999618530273,0.4650000035762787,0.2800000011920929,1.8700001239776611,0.3240000009536743,0.03200000151991844,0.44999998807907104,0.20000000298023224,1.649999976158142,-0.3499999940395355,55.0,12.0,60.0,0.800000011920929,690.0,870.0,21757952,721.946492433548
5,195.0,230.0,212.5,600.0,59.849853515625,0.7820506691932678,60.72209167480469,137.15939331054688,2.234799861907959,1.6649999618530273,0.4050000309944153,0.2800000011920929,1.8700001239776611,0.3840000033378601,0.05999999865889549,0.4049999713897705,0.15000000596046448,1.649999976158142,-0.4000000059604645,55.0,15.0,40.0,0.800000011920929,700.0,820.0,21757952,721.946492433548
5,195.0,230.0,212.5,600.0,59.83692169189453,0.780036985874176,60.387725830078125,138.1038360595703,2.3020524978637695,1.6649999618530273,0.36000001430511475,0.2800000011920929,1.8700001239776611,0.2759999930858612,0.04800000041723251,0.4049999713897705,0.20000000298023224,1.649999976158142,-0.4000000059604645,55.0,12.0,35.0,0.800000011920929,710.0,820.0,21757952,721.946492433548
5,195.0,230.0,212.5,600.0,59.818138122558594,0.782168447971344,60.92041778564453,138.19717407226562,2.1209604740142822,1.6649999618530273,0.4050000309944153,0.2800000011920929,1.8700001239776611,0.3240000009536743,0.024000000208616257,0.4049999713897705,0.3375000059604645,1.649999976158142,-0.25,55.0,12.0,35.0,0.800000011920929,700.0,850.0,21757952,721.946492433548
5,195.0,230.0,212.5,600.0,59.81247329711914,0.7810025215148926,60.50708770751953,137.3642120361328,2.2591140270233154,1.6649999618530273,0.33000001311302185,0.2800000011920929,1.8700001239776611,0.3240000009536743,0.04800000041723251,0.4049999713897705,0.3375000059604645,1.649999976158142,-0.4000000059604645,55.0,12.0,50.0,0.800000011920929,690.0,840.0,21757952,721.946492433548
5,195.0,230.0,212.5,600.0,59.805023193359375,0.7813456654548645,60.55466842651367,137.19512939453125,2.2390682697296143,1.6649999618530273,0.33000001311302185,0.2800000011920929,1.8700001239776611,0.3840000033378601,0.024000000208616257,0.4049999713897705,0.3375000059604645,1.649999976158142,-0.44999998807907104,55.0,15.0,35.0,0.5,690.0,840.0,21757952,721.946492433548
5,195.0,230.0,212.5,600.0,59.801578521728516,0.7832616567611694,60.59550094604492,136.2021026611328,2.181962490081787,1.6649999618530273,0.4650000035762787,0.2800000011920929,1.8700001239776611,0.3840000033378601,0.024000000208616257,0.44999998807907104,0.15000000596046448,1.649999976158142,-0.4000000059604645,55.0,15.0,60.0,0.800000011920929,690.0,850.0,21757952,721.946492433548
5,195.0,230.0,212.5,600.0,59.80036163330078,0.7805376648902893,60.27907943725586,136.7331085205078,2.3263936042785645,1.6649999618530273,0.33000001311302185,0.2800000011920929,1.8700001239776611,0.3840000033378601,0.05999999865889549,0.4049999713897705,0.15000000596046448,1.649999976158142,-0.44999998807907104,55.0,12.0,30.0,0.800000011920929,720.0,820.0,21757952,721.946492433548
5,195.0,230.0,212.5,600.0,59.79823684692383,0.7807694673538208,60.602691650390625,138.26644897460938,2.197697877883911,1.6649999618530273,0.36000001430511475,0.2800000011920929,1.8700001239776611,0.2759999930858612,0.03200000151991844,0.4049999713897705,0.3375000059604645,1.649999976158142,-0.4000000059604645,55.0,12.0,75.0,0.800000011920929,710.0,820.0,21757952,721.946492433548
5,195.0,230.0,212.5,600.0,59.79355239868164,0.7817239165306091,60.292545318603516,136.54737854003906,2.2609546184539795,1.6649999618530273,0.4050000309944153,0.2800000011920929,1.8700001239776611,0.2759999930858612,0.03999999910593033,0.44999998807907104,0.25,1.649999976158142,-0.44999998807907104,55.0,12.0,35.0,0.6499999761581421,730.0,850.0,21757952,721.946492433548
5,195.0,230.0,212.5,600.0,59.79182052612305,0.7791930437088013,60.28386306762695,138.61639404296875,2.2812366485595703,1.6649999618530273,0.33000001311302185,0.2800000011920929,1.8700001239776611,0.23999999463558197,0.024000000208616257,0.4049999713897705,0.2874999940395355,1.649999976158142,-0.4000000059604645,55.0,12.0,30.0,0.6499999761581421,690.0,870.0,21757952,721.946492433548
5,195.0,230.0,212.5,600.0,59.78910827636719,0.7791926264762878,60.311676025390625,138.85595703125,2.262272596359253,1.6649999618530273,0.36000001430511475,0.2800000011920929,1.8700001239776611,0.23999999463558197,0.024000000208616257,0.4049999713897705,0.20000000298023224,1.649999976158142,-0.30000001192092896,55.0,12.0,30.0,0.800000011920929,720.0,840.0,21757952,721.946492433548
5,195.0,230.0,212.5,600.0,59.78543472290039,0.7832033634185791,61.12723159790039,137.93540954589844,2.0313034057617188,1.6649999618530273,0.4650000035762787,0.2800000011920929,1.8700001239776611,0.3840000033378601,0.03200000151991844,0.4049999713897705,0.20000000298023224,1.399999976158142,-0.4000000059604645,55.0,12.0,75.0,0.800000011920929,730.0,870.0,21757952,721.946492433548
5,195.0,230.0,212.5,600.0,59.77992248535156,0.7810453772544861,60.90532684326172,139.52711486816406,2.0681283473968506,1.6649999618530273,0.4650000035762787,0.2800000011920929,1.8700001239776611,0.20399999618530273,0.03999999910593033,0.4049999713897705,0.20000000298023224,1.399999976158142,-0.44999998807907104,55.0,12.0,60.0,0.800000011920929,690.0,820.0,21757952,721.946492433548
5,195.0,230.0,212.5,600.0,59.764312744140625,0.7824032306671143,60.98439407348633,138.27952575683594,2.0445492267608643,1.6649999618530273,0.4650000035762787,0.2800000011920929,1.8700001239776611,0.3240000009536743,0.04800000041723251,0.4049999713897705,0.15000000596046448,1.399999976158142,-0.4000000059604645,55.0,12.0,30.0,0.3499999940395355,690.0,820.0,21757952,721.946492433548
5,195.0,230.0,212.5,600.0,59.764060974121094,0.7807695269584656,60.602691650390625,138.26644897460938,2.1635184288024902,1.6649999618530273,0.36000001430511475,0.2800000011920929,1.8700001239776611,0.2759999930858612,0.03200000151991844,0.4049999713897705,0.3375000059604645,1.649999976158142,-0.3499999940395355,55.0,12.0,40.0,0.5,700.0,850.0,21757952,721.946492433548
5,195.0,230.0,212.5,600.0,59.76348876953125,0.7831006050109863,61.242698669433594,138.59214782714844,1.9683290719985962,1.6649999618530273,0.4650000035762787,0.2800000011920929,1.8700001239776611,0.2759999930858612,0.04800000041723251,0.4049999713897705,0.3375000059604645,1.649999976158142,-0.3499999940395355,50.0,20.0,40.0,0.800000011920929,720.0,820.0,21757952,721.946492433548
5,195.0,230.0,212.5,600.0,59.762088775634766,0.782006561756134,60.456424713134766,137.23846435546875,2.1609675884246826,1.6649999618530273,0.4650000035762787,0.2800000011920929,1.8700001239776611,0.2759999930858612,0.024000000208616257,0.44999998807907104,0.15000000596046448,1.649999976158142,-0.4000000059604645,55.0,12.0,35.0,0.3499999940395355,690.0,870.0,21757952,721.946492433548
5,195.0,230.0,212.5,600.0,59.761573791503906,0.7830178141593933,60.956844329833984,137.05087280273438,2.082486867904663,1.6649999618530273,0.4050000309944153,0.2800000011920929,1.8700001239776611,0.3840000033378601,0.05999999865889549,0.4049999713897705,0.2874999940395355,1.649999976158142,-0.3499999940395355,55.0,15.0,30.0,0.5,730.0,870.0,21757952,721.946492433548
5,195.0,230.0,212.5,600.0,59.761451721191406,0.7788988947868347,60.28511047363281,138.9302978515625,2.24882173538208,1.6649999618530273,0.36000001430511475,0.2800000011920929,1.8700001239776611,0.20399999618530273,0.03999999910593033,0.4049999713897705,0.20000000298023224,1.649999976158142,-0.4000000059604645,55.0,15.0,35.0,0.800000011920929,720.0,840.0,21757952,721.946492433548
5,195.0,230.0,212.5,600.0,59.759735107421875,0.7835930585861206,61.161865234375,137.4609832763672,2.0096733570098877,1.6649999618530273,0.4650000035762787,0.2800000011920929,1.8700001239776611,0.3840000033378601,0.05999999865889549,0.4049999713897705,0.20000000298023224,1.649999976158142,-0.30000001192092896,50.0,25.0,35.0,0.800000011920929,690.0,870.0,21757952,721.946492433548
5,195.0,230.0,212.5,600.0,59.748313903808594,0.7812632918357849,60.65460968017578,137.94140625,2.1356306076049805,1.6649999618530273,0.36000001430511475,0.2800000011920929,1.8700001239776611,0.3240000009536743,0.024000000208616257,0.4049999713897705,0.3375000059604645,1.649999976158142,-0.30000001192092896,55.0,12.0,50.0,0.6499999761581421,730.0,870.0,21757952,721.946492433548
5,195.0,230.0,212.5,600.0,59.74592971801758,0.7827311158180237,61.03196716308594,138.11044311523438,2.0144577026367188,1.6649999618530273,0.4650000035762787,0.2800000011920929,1.8700001239776611,0.3840000033378601,0.024000000208616257,0.4049999713897705,0.15000000596046448,1.649999976158142,-0.44999998807907104,55.0,12.0,50.0,0.3499999940395355,730.0,840.0,21757952,721.946492433548
5,195.0,230.0,212.5,600.0,59.738895416259766,0.7864128351211548,59.222679138183594,131.79693603515625,2.287473201751709,1.6649999618530273,0.4650000035762787,0.33249998092651367,1.8700001239776611,0.3840000033378601,0.03200000151991844,0.4049999713897705,0.2874999940395355,1.649999976158142,-0.4000000059604645,55.0,12.0,40.0,0.800000011920929,710.0,820.0,21757952,721.946492433548
5,195.0,230.0,212.5,600.0,59.7362060546875,0.7807695269584656,60.602691650390625,138.26644897460938,2.13566255569458,1.6649999618530273,0.36000001430511475,0.2800000011920929,1.8700001239776611,0.2759999930858612,0.03200000151991844,0.4049999713897705,0.3375000059604645,1.399999976158142,-0.4000000059604645,55.0,12.0,30.0,0.800000011920929,730.0,870.0,21757952,721.946492433548
5,195.0,230.0,212.5,600.0,59.734397888183594,0.7832515239715576,61.20924758911133,138.3065643310547,1.949866533279419,1.6649999618530273,0.4650000035762787,0.2800000011920929,1.8700001239776611,0.3240000009536743,0.03999999910593033,0.4049999713897705,0.2874999940395355,1.399999976158142,-0.44999998807907104,55.0,12.0,50.0,0.5,700.0,870.0,21757952,721.946492433548
5,195.0,230.0,212.5,600.0,59.73344421386719,0.7820552587509155,61.09117889404297,139.24815368652344,1.9684805870056152,1.6649999618530273,0.4650000035762787,0.2800000011920929,1.8700001239776611,0.23999999463558197,0.03200000151991844,0.4049999713897705,0.2874999940395355,1.649999976158142,-0.30000001192092896,55.0,15.0,30.0,0.5,730.0,850.0,21757952,721.946492433548
5,195.0,230.0,212.5,600.0,59.72407531738281,0.7790849804878235,60.17900466918945,138.07542419433594,2.2591140270233154,1.6649999618530273,0.33000001311302185,0.2800000011920929,1.8700001239776611,0.23999999463558197,0.05999999865889549,0.4049999713897705,0.20000000298023224,1.649999976158142,-0.4000000059604645,55.0,12.0,50.0,0.800000011920929,710.0,870.0,21757952,721.946492433548
5,195.0,230.0,212.5,600.0,59.723201751708984,0.7797790765762329,60.18049621582031,137.2627410888672,2.267188310623169,1.6649999618530273,0.30000001192092896,0.2800000011920929,1.8700001239776611,0.3240000009536743,0.04800000041723251,0.4049999713897705,0.25,1.649999976158142,-0.3499999940395355,55.0,12.0,30.0,0.6499999761581421,700.0,870.0,21757952,721.946492433548
5,195.0,230.0,212.5,600.0,59.72159194946289,0.7811663150787354,60.97089767456055,139.75877380371094,1.9846515655517578,1.6649999618530273,0.4650000035762787,0.2800000011920929,1.8700001239776611,0.20399999618530273,0.024000000208616257,0.4049999713897705,0.25,1.649999976158142,-0.44999998807907104,50.0,30.0,30.0,0.6499999761581421,690.0,840.0,21757952,721.946492433548
5,195.0,230.0,212.5,600.0,59.72116470336914,0.7794191837310791,60.23838424682617,138.06094360351562,2.233999013900757,1.6649999618530273,0.30000001192092896,0.2800000011920929,1.8700001239776611,0.2759999930858612,0.024000000208616257,0.4049999713897705,0.3375000059604645,1.649999976158142,-0.44999998807907104,55.0,12.0,40.0,0.6499999761581421,710.0,850.0,21757952,721.946492433548
5,195.0,230.0,212.5,600.0,59.71660232543945,0.7845046520233154,59.9853401184082,132.72959899902344,2.2731399536132812,1.6649999618530273,0.4650000035762787,0.2800000011920929,1.8700001239776611,0.3840000033378601,0.05999999865889549,0.5174999833106995,0.15000000596046448,1.649999976158142,-0.3499999940395355,55.0,12.0,40.0,0.800000011920929,690.0,870.0,21757952,721.946492433548
5,195.0,230.0,212.5,600.0,59.71580123901367,0.7832033038139343,61.127235412597656,137.93540954589844,1.9616703987121582,1.6649999618530273,0.4650000035762787,0.2800000011920929,1.8700001239776611,0.3840000033378601,0.03200000151991844,0.4049999713897705,0.20000000298023224,1.649999976158142,-0.44999998807907104,50.0,25.0,30.0,0.6499999761581421,710.0,820.0,21757952,721.946492433548
5,195.0,230.0,212.5,600.0,59.713584899902344,0.7839221358299255,61.2865104675293,137.73080444335938,1.920330286026001,1.6649999618530273,0.4650000035762787,0.2800000011920929,1.8700001239776611,0.3840000033378601,0.03999999910593033,0.4049999713897705,0.2874999940395355,1.399999976158142,-0.4000000059604645,55.0,15.0,30.0,0.800000011920929,710.0,850.0,21757952,721.946492433548
5,195.0,230.0,212.5,600.0,59.713409423828125,0.7842579483985901,61.37187957763672,137.6913299560547,1.8977973461151123,1.6649999618530273,0.4650000035762787,0.2800000011920929,1.8700001239776611,0.3840000033378601,0.03999999910593033,0.4049999713897705,0.3375000059604645,1.649999976158142,-0.30000001192092896,50.0,25.0,50.0,0.6499999761581421,720.0,840.0,21757952,721.946492433548
5,195.0,230.0,212.5,600.0,59.71207809448242,0.7836911678314209,61.2667236328125,138.00192260742188,1.9169813394546509,1.6649999618530273,0.4650000035762787,0.2800000011920929,1.8700001239776611,0.3840000033378601,0.024000000208616257,0.4049999713897705,0.2874999940395355,1.2000000476837158,-0.44999998807907104,55.0,12.0,35.0,0.800000011920929,710.0,850.0,21757952,721.946492433548
5,195.0,230.0,212.5,600.0,59.711822509765625,0.7817818522453308,60.16246795654297,135.66586303710938,2.2374370098114014,1.6649999618530273,0.36000001430511475,0.2800000011920929,1.8700001239776611,0.3240000009536743,0.04800000041723251,0.44999998807907104,0.2874999940395355,1.649999976158142,-0.44999998807907104,55.0,12.0,60.0,0.800000011920929,730.0,840.0,21757952,721.946492433548
5,195.0,230.0,212.5,600.0,59.70941162109375,0.7810741066932678,60.756561279296875,138.63601684570312,2.0592586994171143,1.6649999618530273,0.4050000309944153,0.2800000011920929,1.8700001239776611,0.23999999463558197,0.04800000041723251,0.4049999713897705,0.2874999940395355,1.649999976158142,-0.25,55.0,12.0,60.0,0.800000011920929,690.0,870.0,21757952,721.946492433548
5,195.0,230.0,212.5,600.0,59.709228515625,0.7789193987846375,60.16416931152344,138.27877807617188,2.242431879043579,1.6649999618530273,0.33000001311302185,0.2800000011920929,1.8700001239776611,0.23999999463558197,0.04800000041723251,0.4049999713897705,0.20000000298023224,1.649999976158142,-0.3499999940395355,55.0,12.0,35.0,0.6499999761581421,730.0,840.0,21757952,721.946492433548
5,195.0,230.0,212.5,600.0,59.70600891113281,0.7803351283073425,59.93146896362305,136.4666290283203,2.2812366485595703,1.6649999618530273,0.36000001430511475,0.2800000011920929,1.8700001239776611,0.2759999930858612,0.03200000151991844,0.44999998807907104,0.20000000298023224,1.649999976158142,-0.4000000059604645,55.0,12.0,30.0,0.6499999761581421,700.0,820.0,21757952,721.946492433548
5,195.0,230.0,212.5,600.0,59.704673767089844,0.7836337685585022,60.806236267089844,136.68380737304688,2.021218776702881,1.6649999618530273,0.4650000035762787,0.2800000011920929,1.8700001239776611,0.2759999930858612,0.04800000041723251,0.44999998807907104,0.3375000059604645,1.399999976158142,-0.44999998807907104,55.0,15.0,30.0,0.800000011920929,720.0,820.0,21757952,721.946492433548
5,195.0,230.0,212.5,600.0,59.70342254638672,0.7807139754295349,60.72504806518555,138.77813720703125,2.067511558532715,1.6649999618530273,0.4050000309944153,0.2800000011920929,1.8700001239776611,0.20399999618530273,0.05999999865889549,0.4049999713897705,0.2874999940395355,1.649999976158142,-0.44999998807907104,55.0,20.0,30.0,0.800000011920929,710.0,840.0,21757952,721.946492433548
5,195.0,230.0,212.5,600.0,59.70086669921875,0.7807020545005798,60.682640075683594,138.80116271972656,2.0668277740478516,1.6649999618530273,0.4050000309944153,0.2800000011920929,1.8700001239776611,0.23999999463558197,0.03999999910593033,0.4049999713897705,0.25,1.649999976158142,-0.3499999940395355,55.0,15.0,40.0,0.6499999761581421,720.0,870.0,21757952,721.946492433548
5,195.0,230.0,212.5,600.0,59.69743728637695,0.7844342589378357,60.108192443847656,133.67127990722656,2.1932618618011475,1.6649999618530273,0.4650000035762787,0.2800000011920929,1.8700001239776611,0.3240000009536743,0.03200000151991844,0.5174999833106995,0.2874999940395355,1.649999976158142,-0.44999998807907104,55.0,15.0,35.0,0.3499999940395355,690.0,820.0,21757952,721.946492433548
5,195.0,230.0,212.5,600.0,59.69705581665039,0.7824153900146484,61.04006576538086,138.64671325683594,1.9508390426635742,1.6649999618530273,0.4650000035762787,0.2800000011920929,1.8700001239776611,0.3240000009536743,0.024000000208616257,0.4049999713897705,0.20000000298023224,1.649999976158142,-0.44999998807907104,50.0,30.0,30.0,0.5,720.0,820.0,21757952,721.946492433548
5,195.0,230.0,212.5,600.0,59.695159912109375,0.7803307771682739,59.903656005859375,136.22705078125,2.2869129180908203,1.6649999618530273,0.33000001311302185,0.2800000011920929,1.8700001239776611,0.2759999930858612,0.03200000151991844,0.44999998807907104,0.2874999940395355,1.649999976158142,-0.3499999940395355,55.0,12.0,35.0,0.800000011920929,730.0,870.0,21757952,721.946492433548
5,195.0,230.0,212.5,600.0,59.69280242919922,0.7829900979995728,61.2327995300293,138.72769165039062,1.896425724029541,1.6649999618530273,0.4650000035762787,0.2800000011920929,1.8700001239776611,0.2759999930858612,0.03999999910593033,0.4049999713897705,0.3375000059604645,1.649999976158142,-0.20000000298023224,50.0,25.0,75.0,0.800000011920929,690.0,870.0,21757952,721.946492433548
5,195.0,230.0,212.5,600.0,59.68771743774414,0.7800592184066772,60.344383239746094,137.9538116455078,2.1633317470550537,1.6649999618530273,0.36000001430511475,0.2800000011920929,1.8700001239776611,0.3240000009536743,0.03200000151991844,0.4049999713897705,0.15000000596046448,1.649999976158142,-0.30000001192092896,55.0,12.0,35.0,0.5,720.0,840.0,21757952,721.946492433548
5,195.0,230.0,212.5,600.0,59.6860237121582,0.7799379825592041,60.560813903808594,139.05052185058594,2.288745641708374,1.6649999618530273,0.4050000309944153,0.2800000011920929,1.8700001239776611,0.20399999618530273,0.04800000041723251,0.4049999713897705,0.20000000298023224,1.649999976158142,-0.44999998807907104,55.0,15.0,50.0,0.800000011920929,730.0,820.0,21757952,721.946492433548
5,195.0,230.0,212.5,600.0,59.68386459350586,0.782587468624115,60.56158447265625,136.92788696289062,2.0614027976989746,1.6649999618530273,0.4650000035762787,0.2800000011920929,1.8700001239776611,0.2759999930858612,0.03999999910593033,0.44999998807907104,0.20000000298023224,1.399999976158142,-0.4000000059604645,55.0,12.0,40.0,0.6499999761581421,720.0,850.0,21757952,721.946492433548
5,195.0,230.0,212.5,600.0,59.68229675292969,0.7801374793052673,60.244441986083984,137.20753479003906,2.2048654556274414,1.6649999618530273,0.33000001311302185,0.2800000011920929,1.8700001239776611,0.3840000033378601,0.03200000151991844,0.4049999713897705,0.15000000596046448,1.649999976158142,-0.4000000059604645,55.0,15.0,35.0,0.6499999761581421,710.0,870.0,21757952,721.946492433548
5,195.0,230.0,212.5,600.0,59.67965316772461,0.7832033038139343,61.127235412597656,137.93540954589844,1.9255234003067017,1.6649999618530273,0.4650000035762787,0.2800000011920929,1.8700001239776611,0.3840000033378601,0.03200000151991844,0.4049999713897705,0.20000000298023224,1.649999976158142,-0.4000000059604645,50.0,25.0,40.0,0.6499999761581421,700.0,870.0,21757952,721.946492433548
5,195.0,230.0,212.5,600.0,59.678409576416016,0.7817261815071106,60.656402587890625,137.26954650878906,2.079557418823242,1.6649999618530273,0.36000001430511475,0.2800000011920929,1.8700001239776611,0.3840000033378601,0.03200000151991844,0.4049999713897705,0.2874999940395355,1.399999976158142,-0.44999998807907104,55.0,12.0,30.0,0.5,720.0,820.0,21757952,721.946492433548
5,195.0,230.0,212.5,600.0,59.676883697509766,0.7787835001945496,60.27521514892578,139.0658416748047,2.1633317470550537,1.6649999618530273,0.36000001430511475,0.2800000011920929,1.8700001239776611,0.20399999618530273,0.03200000151991844,0.4049999713897705,0.20000000298023224,1.649999976158142,-0.30000001192092896,55.0,12.0,35.0,0.5,710.0,870.0,21757952,721.946492433548
5,195.0,230.0,212.5,600.0,59.6764030456543,0.7826681137084961,59.840736389160156,134.6819305419922,2.2298827171325684,1.6649999618530273,0.4650000035762787,0.2800000011920929,1.8700001239776611,0.23999999463558197,0.024000000208616257,0.5174999833106995,0.20000000298023224,1.649999976158142,-0.44999998807907104,55.0,15.0,75.0,0.800000011920929,690.0,870.0,21757952,721.946492433548
5,195.0,230.0,212.5,600.0,59.67411422729492,0.7829635143280029,61.0517578125,137.8393096923828,1.9444040060043335,1.6649999618530273,0.4650000035762787,0.2800000011920929,1.8700001239776611,0.3840000033378601,0.03999999910593033,0.4049999713897705,0.15000000596046448,1.649999976158142,-0.25,50.0,25.0,60.0,0.800000011920929,690.0,820.0,21757952,721.946492433548
5,195.0,230.0,212.5,600.0,59.673553466796875,0.7827311158180237,61.03196716308594,138.11044311523438,1.9420820474624634,1.6649999618530273,0.4650000035762787,0.2800000011920929,1.8700001239776611,0.3840000033378601,0.024000000208616257,0.4049999713897705,0.15000000596046448,1.649999976158142,-0.30000001192092896,50.0,30.0,60.0,0.800000011920929,700.0,870.0,21757952,721.946492433548
5,195.0,230.0,212.5,600.0,59.673240661621094,0.7842170596122742,60.83025360107422,136.0935821533203,1.9902700185775757,1.6649999618530273,0.4650000035762787,0.2800000011920929,1.8700001239776611,0.3840000033378601,0.024000000208616257,0.44999998807907104,0.2874999940395355,1.649999976158142,-0.44999998807907104,55.0,20.0,40.0,0.6499999761581421,690.0,850.0,21757952,721.946492433548
5,195.0,230.0,212.5,600.0,59.67316818237305,0.779688835144043,60.35803985595703,138.51051330566406,2.1356306076049805,1.6649999618530273,0.36000001430511475,0.2800000011920929,1.8700001239776611,0.2759999930858612,0.024000000208616257,0.4049999713897705,0.20000000298023224,1.649999976158142,-0.30000001192092896,55.0,12.0,50.0,0.6499999761581421,710.0,840.0,21757952,721.946492433548
5,195.0,230.0,212.5,600.0,59.667724609375,0.7793866991996765,59.985294342041016,136.6914825439453,2.2812366485595703,1.6649999618530273,0.27000001072883606,0.2800000011920929,1.8700001239776611,0.3840000033378601,0.03999999910593033,0.4049999713897705,0.20000000298023224,1.649999976158142,-0.4000000059604645,55.0,12.0,30.0,0.6499999761581421,720.0,840.0,21757952,721.946492433548
5,195.0,230.0,212.5,600.0,59.667259216308594,0.7814245820045471,61.0349235534668,139.72915649414062,1.9131757020950317,1.6649999618530273,0.4650000035762787,0.2800000011920929,1.8700001239776611,0.20399999618530273,0.024000000208616257,0.4049999713897705,0.2874999940395355,1.649999976158142,-0.20000000298023224,50.0,25.0,30.0,0.3499999940395355,710.0,870.0,21757952,721.946492433548
5,195.0,230.0,212.5,600.0,59.667015075683594,0.782818078994751,60.67451095581055,137.0687255859375,2.0156681537628174,1.6649999618530273,0.4650000035762787,0.2800000011920929,1.8700001239776611,0.23999999463558197,0.04800000041723251,0.44999998807907104,0.2874999940395355,1.649999976158142,-0.25,50.0,25.0,30.0,0.800000011920929,710.0,850.0,21757952,721.946492433548
5,195.0,230.0,212.5,600.0,59.66680145263672,0.781695544719696,60.584354400634766,136.7884521484375,2.103412389755249,1.6649999618530273,0.33000001311302185,0.2800000011920929,1.8700001239776611,0.3840000033378601,0.04800000041723251,0.4049999713897705,0.3375000059604645,1.649999976158142,-0.25,55.0,12.0,30.0,0.6499999761581421,690.0,870.0,21757952,721.946492433548
5,195.0,230.0,212.5,600.0,59.66563034057617,0.7789248824119568,59.983497619628906,137.36334228515625,2.265253782272339,1.6649999618530273,0.27000001072883606,0.2800000011920929,1.8700001239776611,0.3240000009536743,0.03200000151991844,0.4049999713897705,0.25,1.649999976158142,-0.44999998807907104,55.0,12.0,50.0,0.800000011920929,730.0,870.0,21757952,721.946492433548
5,195.0,230.0,212.5,600.0,59.66105651855469,0.7819560170173645,60.67619705200195,136.99844360351562,2.064112901687622,1.6649999618530273,0.36000001430511475,0.2800000011920929,1.8700001239776611,0.3840000033378601,0.04800000041723251,0.4049999713897705,0.2874999940395355,1.399999976158142,-0.4000000059604645,55.0,12.0,60.0,0.800000011920929,700.0,840.0,21757952,721.946492433548
5,195.0,230.0,212.5,600.0,59.659210205078125,0.7795877456665039,60.19755172729492,137.49041748046875,2.199446201324463,1.6649999618530273,0.30000001192092896,0.2800000011920929,1.8700001239776611,0.2759999930858612,0.05999999865889549,0.4049999713897705,0.2874999940395355,1.649999976158142,-0.3499999940395355,55.0,12.0,30.0,0.3499999940395355,730.0,850.0,21757952,721.946492433548
5,195.0,230.0,212.5,600.0,59.659183502197266,0.7814605832099915,60.892887115478516,139.14678955078125,1.9471087455749512,1.6649999618530273,0.4650000035762787,0.2800000011920929,1.8700001239776611,0.2759999930858612,0.024000000208616257,0.4049999713897705,0.15000000596046448,1.649999976158142,-0.4000000059604645,55.0,12.0,75.0,0.5,710.0,850.0,21757952,721.946492433548
5,195.0,230.0,212.5,600.0,59.65836715698242,0.785778820514679,60.305458068847656,132.5816192626953,2.130178689956665,1.6649999618530273,0.4650000035762787,0.2800000011920929,1.8700001239776611,0.3840000033378601,0.05999999865889549,0.5174999833106995,0.3375000059604645,1.399999976158142,-0.44999998807907104,55.0,12.0,35.0,0.800000011920929,700.0,840.0,21757952,721.946492433548
5,195.0,230.0,212.5,600.0,59.658077239990234,0.7794449925422668,60.282569885253906,138.41441345214844,2.145193099975586,1.6649999618530273,0.36000001430511475,0.2800000011920929,1.8700001239776611,0.2759999930858612,0.03200000151991844,0.4049999713897705,0.15000000596046448,1.649999976158142,-0.3499999940395355,55.0,15.0,30.0,0.800000011920929,720.0,870.0,21757952,721.946492433548
5,195.0,230.0,212.5,600.0,59.653343200683594,0.7856831550598145,59.063392639160156,132.00155639648438,2.241669178009033,1.6649999618530273,0.4650000035762787,0.33249998092651367,1.8700001239776611,0.3840000033378601,0.024000000208616257,0.4049999713897705,0.20000000298023224,1.649999976158142,-0.44999998807907104,55.0,15.0,30.0,0.3499999940395355,710.0,820.0,21757952,721.946492433548
5,195.0,230.0,212.5,600.0,59.651729583740234,0.7846494913101196,58.94411087036133,132.7667999267578,2.2609546184539795,1.6649999618530273,0.4650000035762787,0.33249998092651367,1.8700001239776611,0.2759999930858612,0.03999999910593033,0.4049999713897705,0.20000000298023224,1.649999976158142,-0.44999998807907104,55.0,12.0,35.0,0.6499999761581421,700.0,850.0,21757952,721.946492433548
5,195.0,230.0,212.5,600.0,59.65105438232422,0.7818595170974731,60.49360275268555,137.27989196777344,2.0537147521972656,1.6649999618530273,0.4650000035762787,0.2800000011920929,1.8700001239776611,0.20399999618530273,0.05999999865889549,0.44999998807907104,0.20000000298023224,1.649999976158142,-0.44999998807907104,55.0,20.0,35.0,0.800000011920929,710.0,870.0,21757952,721.946492433548
5,195.0,230.0,212.5,600.0,59.65046310424805,0.7861378192901611,59.180049896240234,131.8982391357422,2.211487054824829,1.6649999618530273,0.4650000035762787,0.33249998092651367,1.8700001239776611,0.3240000009536743,0.05999999865889549,0.4049999713897705,0.2874999940395355,1.649999976158142,-0.44999998807907104,55.0,15.0,50.0,0.6499999761581421,730.0,850.0,21757952,721.946492433548
5,195.0,230.0,212.5,600.0,59.647300720214844,0.7788043022155762,59.973602294921875,137.49888610839844,2.2463037967681885,1.6649999618530273,0.27000001072883606,0.2800000011920929,1.8700001239776611,0.3240000009536743,0.024000000208616257,0.4049999713897705,0.25,1.649999976158142,-0.3499999940395355,55.0,12.0,50.0,0.800000011920929,710.0,870.0,21757952,721.946492433548
5,195.0,230.0,212.5,600.0,59.6422004699707,0.7826159596443176,61.19633483886719,138.93759155273438,1.857068419456482,1.6649999618530273,0.4650000035762787,0.2800000011920929,1.8700001239776611,0.23999999463558197,0.04800000041723251,0.4049999713897705,0.3375000059604645,1.649999976158142,-0.44999998807907104,50.0,40.0,35.0,0.3499999940395355,720.0,820.0,21757952,721.946492433548
5,195.0,230.0,212.5,600.0,59.64208984375,0.7827641367912292,61.12542724609375,138.60726928710938,1.8727540969848633,1.6649999618530273,0.4650000035762787,0.2800000011920929,1.8700001239776611,0.3240000009536743,0.024000000208616257,0.4049999713897705,0.25,1.649999976158142,-0.4000000059604645,50.0,20.0,40.0,0.6499999761581421,700.0,850.0,21757952,721.946492433548
5,195.0,230.0,212.5,600.0,59.640541076660156,0.7826470732688904,60.34625244140625,135.55047607421875,2.111582040786743,1.6649999618530273,0.4050000309944153,0.2800000011920929,1.8700001239776611,0.3840000033378601,0.03999999910593033,0.44999998807907104,0.20000000298023224,1.399999976158142,-0.44999998807907104,55.0,12.0,30.0,0.6499999761581421,710.0,870.0,21757952,721.946492433548
5,195.0,230.0,212.5,600.0,59.639190673828125,0.7824236154556274,61.12764358520508,139.03826904296875,1.8633192777633667,1.6649999618530273,0.4650000035762787,0.2800000011920929,1.8700001239776611,0.2759999930858612,0.024000000208616257,0.4049999713897705,0.2874999940395355,1.399999976158142,-0.30000001192092896,50.0,25.0,40.0,0.800000011920929,730.0,850.0,21757952,721.946492433548
5,195.0,230.0,212.5,600.0,59.63706970214844,0.7823662757873535,60.85818862915039,137.55491638183594,1.971258282661438,1.6649999618530273,0.4050000309944153,0.2800000011920929,1.8700001239776611,0.3840000033378601,0.03200000151991844,0.4049999713897705,0.25,1.399999976158142,-0.44999998807907104,55.0,15.0,50.0,0.800000011920929,710.0,870.0,21757952,721.946492433548
5,195.0,230.0,212.5,600.0,59.63611602783203,0.7821974754333496,60.618247985839844,137.5497283935547,1.9950684309005737,1.6649999618530273,0.4650000035762787,0.2800000011920929,1.8700001239776611,0.20399999618530273,0.03999999910593033,0.44999998807907104,0.2874999940395355,1.649999976158142,-0.3499999940395355,50.0,25.0,40.0,0.800000011920929,690.0,840.0,21757952,721.946492433548
5,195.0,230.0,212.5,600.0,59.63525390625,0.7810727953910828,60.81224060058594,139.0032196044922,1.9594271183013916,1.6649999618530273,0.4050000309944153,0.2800000011920929,1.8700001239776611,0.23999999463558197,0.024000000208616257,0.4049999713897705,0.3375000059604645,1.649999976158142,-0.3499999940395355,50.0,30.0,30.0,0.5,710.0,840.0,21757952,721.946492433548
5,195.0,230.0,212.5,600.0,59.63353729248047,0.7862211465835571,59.38800048828125,129.37493896484375,2.330681562423706,1.6649999618530273,0.4650000035762787,0.2800000011920929,1.8700001239776611,0.3840000033378601,0.024000000208616257,0.6075000166893005,0.3375000059604645,1.649999976158142,-0.44999998807907104,55.0,15.0,35.0,0.800000011920929,710.0,850.0,21757952,721.946492433548
5,195.0,230.0,212.5,600.0,59.630859375,0.7776599526405334,59.90378189086914,138.3937225341797,2.2463037967681885,1.4399999380111694,0.4650000035762787,0.2800000011920929,1.8700001239776611,0.2759999930858612,0.024000000208616257,0.4049999713897705,0.25,1.649999976158142,-0.3499999940395355,55.0,12.0,50.0,0.800000011920929,690.0,850.0,21757952,721.946492433548
5,195.0,230.0,212.5,600.0,59.630210876464844,0.7804703712463379,60.66284942626953,139.072265625,1.9943755865097046,1.6649999618530273,0.4050000309944153,0.2800000011920929,1.8700001239776611,0.23999999463558197,0.024000000208616257,0.4049999713897705,0.25,1.649999976158142,-0.4000000059604645,50.0,30.0,40.0,0.800000011920929,690.0,820.0,21757952,721.946492433548
5,195.0,230.0,212.5,600.0,59.62952423095703,0.7820470929145813,60.998043060302734,138.83621215820312,1.895782470703125,1.6649999618530273,0.4650000035762787,0.2800000011920929,1.8700001239776611,0.2759999930858612,0.03999999910593033,0.4049999713897705,0.20000000298023224,1.649999976158142,-0.4000000059604645,50.0,30.0,50.0,0.6499999761581421,690.0,850.0,21757952,721.946492433548
5,195.0,230.0,212.5,600.0,59.62682342529297,0.7831006050109863,61.242698669433594,138.59214782714844,1.8316643238067627,1.6649999618530273,0.4650000035762787,0.2800000011920929,1.8700001239776611,0.2759999930858612,0.04800000041723251,0.4049999713897705,0.3375000059604645,1.649999976158142,-0.3499999940395355,55.0,20.0,30.0,0.6499999761581421,720.0,820.0,21757952,721.946492433548
5,195.0,230.0,212.5,600.0,59.62364959716797,0.7794641852378845,59.678802490234375,136.20001220703125,2.281236410140991,1.6649999618530273,0.33000001311302185,0.2800000011920929,1.8700001239776611,0.2759999930858612,0.03999999910593033,0.44999998807907104,0.15000000596046448,1.649999976158142,-0.4000000059604645,55.0,12.0,30.0,0.6499999761581421,690.0,820.0,21757952,721.946492433548
5,195.0,230.0,212.5,600.0,59.623565673828125,0.7801578640937805,60.007930755615234,136.81736755371094,2.1830999851226807,1.6649999618530273,0.36000001430511475,0.2800000011920929,1.8700001239776611,0.20399999618530273,0.04800000041723251,0.44999998807907104,0.2874999940395355,1.649999976158142,-0.30000001192092896,55.0,12.0,60.0,0.800000011920929,710.0,850.0,21757952,721.946492433548
5,195.0,230.0,212.5,600.0,59.62309646606445,0.777640163898468,59.90288543701172,138.34967041015625,2.242431879043579,1.6649999618530273,0.27000001072883606,0.2800000011920929,1.8700001239776611,0.20399999618530273,0.03999999910593033,0.4049999713897705,0.2874999940395355,1.649999976158142,-0.3499999940395355,55.0,12.0,35.0,0.6499999761581421,730.0,840.0,21757952,721.946492433548
5,195.0,230.0,212.5,600.0,59.62104415893555,0.7776426672935486,59.84811019897461,138.0264892578125,2.263246536254883,1.4399999380111694,0.4650000035762787,0.2800000011920929,1.8700001239776611,0.2759999930858612,0.04800000041723251,0.4049999713897705,0.20000000298023224,1.649999976158142,-0.4000000059604645,55.0,15.0,30.0,0.800000011920929,690.0,820.0,21757952,721.946492433548
5,195.0,230.0,212.5,600.0,59.62012481689453,0.7804135680198669,60.0655517578125,137.1072998046875,2.143606662750244,1.6649999618530273,0.4050000309944153,0.2800000011920929,1.8700001239776611,0.23999999463558197,0.03200000151991844,0.44999998807907104,0.15000000596046448,1.399999976158142,-0.44999998807907104,55.0,12.0,30.0,0.800000011920929,710.0,870.0,21757952,721.946492433548
5,195.0,230.0,212.5,600.0,59.61946105957031,0.7822982668876648,60.76156234741211,136.95896911621094,1.999779224395752,1.6649999618530273,0.36000001430511475,0.2800000011920929,1.8700001239776611,0.3840000033378601,0.04800000041723251,0.4049999713897705,0.3375000059604645,1.649999976158142,-0.30000001192092896,50.0,20.0,35.0,0.800000011920929,700.0,840.0,21757952,721.946492433548
5,195.0,230.0,212.5,600.0,59.61920166015625,0.7806650400161743,60.590965270996094,138.137451171875,2.2333173751831055,1.6649999618530273,0.36000001430511475,0.2800000011920929,1.8700001239776611,0.23999999463558197,0.05999999865889549,0.4049999713897705,0.3375000059604645,1.649999976158142,-0.3499999940395355,55.0,12.0,30.0,0.5,730.0,820.0,21757952,721.946492433548
5,195.0,230.0,212.5,600.0,59.61865234375,0.7847721576690674,59.04713439941406,133.04318237304688,2.19762921333313,1.6649999618530273,0.4650000035762787,0.33249998092651367,1.8700001239776611,0.23999999463558197,0.03999999910593033,0.4049999713897705,0.2874999940395355,1.649999976158142,-0.30000001192092896,55.0,12.0,30.0,0.5,700.0,870.0,21757952,721.946492433548
5,195.0,230.0,212.5,600.0,59.618408203125,0.7844839096069336,60.036067962646484,133.16458129882812,2.146580457687378,1.6649999618530273,0.4650000035762787,0.2800000011920929,1.8700001239776611,0.3840000033378601,0.03200000151991844,0.5174999833106995,0.20000000298023224,1.649999976158142,-0.44999998807907104,55.0,15.0,40.0,0.3499999940395355,690.0,840.0,21757952,721.946492433548
5,195.0,230.0,212.5,600.0,59.61798095703125,0.7829755544662476,60.68934631347656,136.86538696289062,1.9689314365386963,1.6649999618530273,0.4650000035762787,0.2800000011920929,1.8700001239776611,0.23999999463558197,0.05999999865889549,0.44999998807907104,0.2874999940395355,1.399999976158142,-0.44999998807907104,55.0,15.0,35.0,0.6499999761581421,730.0,850.0,21757952,721.946492433548
5,195.0,230.0,212.5,600.0,59.61638259887695,0.7809017896652222,60.111915588378906,136.76185607910156,2.1296234130859375,1.6649999618530273,0.4050000309944153,0.2800000011920929,1.8700001239776611,0.2759999930858612,0.03200000151991844,0.44999998807907104,0.15000000596046448,1.649999976158142,-0.30000001192092896,55.0,12.0,40.0,0.5,690.0,820.0,21757952,721.946492433548
5,195.0,230.0,212.5,600.0,59.61314010620117,0.7835878729820251,61.29461669921875,138.26710510253906,1.806217908859253,1.6649999618530273,0.4650000035762787,0.2800000011920929,1.8700001239776611,0.3240000009536743,0.03999999910593033,0.4049999713897705,0.3375000059604645,1.399999976158142,-0.25,50.0,25.0,30.0,0.800000011920929,720.0,840.0,21757952,721.946492433548
5,195.0,230.0,212.5,600.0,59.61252975463867,0.7859392166137695,58.98827362060547,130.94198608398438,2.255023956298828,1.6649999618530273,0.4050000309944153,0.33249998092651367,1.8700001239776611,0.3840000033378601,0.05999999865889549,0.4049999713897705,0.3375000059604645,1.649999976158142,-0.4000000059604645,55.0,12.0,35.0,0.6499999761581421,710.0,850.0,21757952,721.946492433548
5,195.0,230.0,212.5,600.0,59.61246109008789,0.7825332283973694,60.33635330200195,135.68605041503906,2.082486629486084,1.6649999618530273,0.4050000309944153,0.2800000011920929,1.8700001239776611,0.3840000033378601,0.03200000151991844,0.44999998807907104,0.20000000298023224,1.649999976158142,-0.3499999940395355,55.0,15.0,30.0,0.5,710.0,870.0,21757952,721.946492433548
5,195.0,230.0,212.5,600.0,59.60892868041992,0.7828229665756226,60.63705062866211,137.02398681640625,1.9622986316680908,1.6649999618530273,0.4650000035762787,0.2800000011920929,1.8700001239776611,0.2759999930858612,0.03200000151991844,0.44999998807907104,0.25,1.649999976158142,-0.30000001192092896,50.0,30.0,50.0,0.800000011920929,690.0,820.0,21757952,721.946492433548
5,195.0,230.0,212.5,600.0,59.6085090637207,0.7828518152236938,59.67986297607422,133.49539184570312,2.2333171367645264,1.6649999618530273,0.4050000309944153,0.2800000011920929,1.8700001239776611,0.3240000009536743,0.024000000208616257,0.5174999833106995,0.25,1.649999976158142,-0.3499999940395355,55.0,12.0,30.0,0.5,720.0,850.0,21757952,721.946492433548
5,195.0,230.0,212.5,600.0,59.60588073730469,0.7811936736106873,60.72900390625,138.4557342529297,1.9614157676696777,1.6649999618530273,0.4050000309944153,0.2800000011920929,1.8700001239776611,0.2759999930858612,0.03999999910593033,0.4049999713897705,0.25,1.399999976158142,-0.44999998807907104,55.0,12.0,40.0,0.3499999940395355,730.0,840.0,21757952,721.946492433548
5,195.0,230.0,212.5,600.0,59.605010986328125,0.782006561756134,60.456424713134766,137.23846435546875,2.0038905143737793,1.6649999618530273,0.4650000035762787,0.2800000011920929,1.8700001239776611,0.2759999930858612,0.024000000208616257,0.44999998807907104,0.15000000596046448,1.399999976158142,-0.44999998807907104,55.0,12.0,35.0,0.3499999940395355,690.0,870.0,21757952,721.946492433548
5,195.0,230.0,212.5,600.0,59.60308074951172,0.7810238003730774,60.13965606689453,136.4324493408203,2.127577304840088,1.6649999618530273,0.36000001430511475,0.2800000011920929,1.8700001239776611,0.23999999463558197,0.04800000041723251,0.44999998807907104,0.3375000059604645,1.649999976158142,-0.3499999940395355,55.0,12.0,60.0,0.6499999761581421,700.0,870.0,21757952,721.946492433548
5,195.0,230.0,212.5,600.0,59.60307312011719,0.7834901213645935,60.61529541015625,135.9309844970703,1.9854445457458496,1.6649999618530273,0.4650000035762787,0.2800000011920929,1.8700001239776611,0.3840000033378601,0.03999999910593033,0.44999998807907104,0.15000000596046448,1.649999976158142,-0.4000000059604645,50.0,25.0,40.0,0.800000011920929,700.0,840.0,21757952,721.946492433548
5,195.0,230.0,212.5,600.0,59.602603912353516,0.7837435603141785,60.03465270996094,134.0028839111328,2.1229536533355713,1.6649999618530273,0.4650000035762787,0.2800000011920929,1.8700001239776611,0.23999999463558197,0.05999999865889549,0.5174999833106995,0.2874999940395355,1.399999976158142,-0.4000000059604645,55.0,12.0,35.0,0.800000011920929,690.0,850.0,21757952,721.946492433548
5,195.0,230.0,212.5,600.0,59.60246276855469,0.7821974754333496,60.618247985839844,137.5497283935547,1.9614157676696777,1.6649999618530273,0.4650000035762787,0.2800000011920929,1.8700001239776611,0.20399999618530273,0.03999999910593033,0.44999998807907104,0.2874999940395355,1.399999976158142,-0.44999998807907104,55.0,12.0,40.0,0.3499999940395355,700.0,870.0,21757952,721.946492433548
5,195.0,230.0,212.5,600.0,59.60126495361328,0.78243088722229,60.45182800292969,136.3427734375,2.0302348136901855,1.6649999618530273,0.4050000309944153,0.2800000011920929,1.8700001239776611,0.2759999930858612,0.04800000041723251,0.44999998807907104,0.3375000059604645,1.649999976158142,-0.30000001192092896,55.0,12.0,75.0,0.6499999761581421,710.0,850.0,21757952,721.946492433548
5,195.0,230.0,212.5,600.0,59.600669860839844,0.7807362079620361,60.37746047973633,137.02459716796875,2.091398000717163,1.6649999618530273,0.30000001192092896,0.2800000011920929,1.8700001239776611,0.3840000033378601,0.024000000208616257,0.4049999713897705,0.3375000059604645,1.649999976158142,-0.30000001192092896,55.0,12.0,60.0,0.6499999761581421,700.0,850.0,21757952,721.946492433548
5,195.0,230.0,212.5,600.0,59.600589752197266,0.7816254496574402,60.0427360534668,135.19068908691406,2.1715474128723145,1.6649999618530273,0.33000001311302185,0.2800000011920929,1.8700001239776611,0.3840000033378601,0.03200000151991844,0.44999998807907104,0.2874999940395355,1.649999976158142,-0.4000000059604645,55.0,12.0,40.0,0.5,700.0,850.0,21757952,721.946492433548
5,195.0,230.0,212.5,600.0,59.596702575683594,0.7811936736106873,60.72900390625,138.4557342529297,1.952232837677002,1.6649999618530273,0.4050000309944153,0.2800000011920929,1.8700001239776611,0.2759999930858612,0.03999999910593033,0.4049999713897705,0.25,1.649999976158142,-0.4000000059604645,50.0,25.0,35.0,0.6499999761581421,690.0,840.0,21757952,721.946492433548
5,195.0,230.0,212.5,600.0,59.59596252441406,0.7816856503486633,60.780921936035156,138.13067626953125,1.9394618272781372,1.6649999618530273,0.4050000309944153,0.2800000011920929,1.8700001239776611,0.3240000009536743,0.03200000151991844,0.4049999713897705,0.25,1.649999976158142,-0.30000001192092896,50.0,20.0,30.0,0.5,710.0,870.0,21757952,721.946492433548
5,195.0,230.0,212.5,600.0,59.594696044921875,0.779140055179596,60.36058044433594,139.02639770507812,2.057568311691284,1.6649999618530273,0.36000001430511475,0.2800000011920929,1.8700001239776611,0.20399999618530273,0.03200000151991844,0.4049999713897705,0.25,1.649999976158142,-0.4000000059604645,55.0,15.0,50.0,0.5,690.0,870.0,21757952,721.946492433548
5,195.0,230.0,212.5,600.0,59.59406661987305,0.7817631363868713,61.064613342285156,139.322509765625,1.8432128429412842,1.6649999618530273,0.4650000035762787,0.2800000011920929,1.8700001239776611,0.20399999618530273,0.04800000041723251,0.4049999713897705,0.2874999940395355,1.649999976158142,-0.44999998807907104,50.0,30.0,60.0,0.6499999761581421,720.0,840.0,21757952,721.946492433548
5,195.0,230.0,212.5,600.0,59.59345245361328,0.7827581167221069,61.06975555419922,138.2400665283203,1.8502130508422852,1.6649999618530273,0.4650000035762787,0.2800000011920929,1.8700001239776611,0.3240000009536743,0.04800000041723251,0.4049999713897705,0.20000000298023224,1.649999976158142,-0.20000000298023224,50.0,20.0,60.0,0.6499999761581421,700.0,820.0,21757952,721.946492433548
6,230.0,270.0,250.0,640.0,61.58231735229492,0.781708300113678,60.92041778564453,138.19717407226562,2.265253782272339,1.6649999618530273,0.4050000309944153,0.2800000011920929,1.8700001239776611,0.3240000009536743,0.024000000208616257,0.4049999713897705,0.3375000059604645,1.649999976158142,-0.44999998807907104,55.0,12.0,50.0,0.800000011920929,710.0,840.0,21233664,722.1741063594818
6,230.0,270.0,250.0,640.0,61.542457580566406,0.7819195985794067,61.08340835571289,138.7967529296875,2.1635184288024902,1.6649999618530273,0.4650000035762787,0.2800000011920929,1.8700001239776611,0.2759999930858612,0.03999999910593033,0.4049999713897705,0.25,1.649999976158142,-0.3499999940395355,55.0,12.0,40.0,0.5,730.0,850.0,21233664,722.1741063594818
6,230.0,270.0,250.0,640.0,61.527950286865234,0.781470775604248,60.55422592163086,137.57931518554688,2.2886505126953125,1.6649999618530273,0.4650000035762787,0.2800000011920929,1.8700001239776611,0.20399999618530273,0.03999999910593033,0.44999998807907104,0.25,1.649999976158142,-0.44999998807907104,55.0,12.0,30.0,0.6499999761581421,720.0,870.0,21233664,722.1741063594818
6,230.0,270.0,250.0,640.0,61.51245880126953,0.781836748123169,61.02278518676758,138.49732971191406,2.161728620529175,1.6649999618530273,0.4650000035762787,0.2800000011920929,1.8700001239776611,0.2759999930858612,0.05999999865889549,0.4049999713897705,0.20000000298023224,1.649999976158142,-0.44999998807907104,55.0,12.0,35.0,0.3499999940395355,690.0,870.0,21233664,722.1741063594818
6,230.0,270.0,250.0,640.0,61.50098419189453,0.7814164161682129,60.76292037963867,137.7299346923828,2.241669178009033,1.6649999618530273,0.4050000309944153,0.2800000011920929,1.8700001239776611,0.3840000033378601,0.024000000208616257,0.4049999713897705,0.20000000298023224,1.649999976158142,-0.44999998807907104,55.0,15.0,30.0,0.3499999940395355,690.0,820.0,21233664,722.1741063594818
6,230.0,270.0,250.0,640.0,61.484127044677734,0.7818119525909424,61.16664505004883,139.34425354003906,2.070783853530884,1.6649999618530273,0.4650000035762787,0.2800000011920929,1.8700001239776611,0.23999999463558197,0.024000000208616257,0.4049999713897705,0.3375000059604645,1.649999976158142,-0.44999998807907104,55.0,15.0,60.0,0.5,700.0,870.0,21233664,722.1741063594818
6,230.0,270.0,250.0,640.0,61.48261642456055,0.7822926044464111,60.892822265625,137.08047485351562,2.2048654556274414,1.6649999618530273,0.4050000309944153,0.2800000011920929,1.8700001239776611,0.3840000033378601,0.05999999865889549,0.4049999713897705,0.25,1.649999976158142,-0.4000000059604645,55.0,15.0,35.0,0.6499999761581421,710.0,850.0,21233664,722.1741063594818
6,230.0,270.0,250.0,640.0,61.481258392333984,0.7806540727615356,60.47919845581055,137.09901428222656,2.3263936042785645,1.6649999618530273,0.33000001311302185,0.2800000011920929,1.8700001239776611,0.3840000033378601,0.03200000151991844,0.4049999713897705,0.2874999940395355,1.649999976158142,-0.44999998807907104,55.0,12.0,30.0,0.800000011920929,700.0,840.0,21233664,722.1741063594818
6,230.0,270.0,250.0,640.0,61.472984313964844,0.7798458933830261,60.69041061401367,139.25259399414062,2.2131638526916504,1.6649999618530273,0.4050000309944153,0.2800000011920929,1.8700001239776611,0.20399999618530273,0.03200000151991844,0.4049999713897705,0.2874999940395355,1.649999976158142,-0.44999998807907104,55.0,12.0,30.0,0.3499999940395355,720.0,850.0,21233664,722.1741063594818
6,230.0,270.0,250.0,640.0,61.4526481628418,0.783039391040802,60.57110595703125,135.5775146484375,2.24855375289917,1.6649999618530273,0.4050000309944153,0.2800000011920929,1.8700001239776611,0.3840000033378601,0.03200000151991844,0.44999998807907104,0.3375000059604645,1.649999976158142,-0.30000001192092896,55.0,12.0,35.0,0.800000011920929,690.0,820.0,21233664,722.1741063594818
6,230.0,270.0,250.0,640.0,61.44688415527344,0.7841137051582336,60.91562271118164,136.0541229248047,2.1258535385131836,1.6649999618530273,0.4650000035762787,0.2800000011920929,1.8700001239776611,0.3840000033378601,0.024000000208616257,0.44999998807907104,0.3375000059604645,1.649999976158142,-0.4000000059604645,55.0,15.0,40.0,0.5,710.0,870.0,21233664,722.1741063594818
6,230.0,270.0,250.0,640.0,61.445289611816406,0.7810185551643372,60.40823745727539,137.31935119628906,2.2591140270233154,1.6649999618530273,0.4650000035762787,0.2800000011920929,1.8700001239776611,0.20399999618530273,0.05999999865889549,0.44999998807907104,0.15000000596046448,1.649999976158142,-0.4000000059604645,55.0,12.0,50.0,0.800000011920929,720.0,820.0,21233664,722.1741063594818
6,230.0,270.0,250.0,640.0,61.443809509277344,0.7828406095504761,60.688968658447266,136.69891357421875,2.171365737915039,1.6649999618530273,0.4650000035762787,0.2800000011920929,1.8700001239776611,0.3240000009536743,0.024000000208616257,0.44999998807907104,0.25,1.649999976158142,-0.3499999940395355,55.0,12.0,50.0,0.6499999761581421,720.0,870.0,21233664,722.1741063594818
6,230.0,270.0,250.0,640.0,61.44039535522461,0.7826097011566162,61.117332458496094,138.0709686279297,2.065211296081543,1.6649999618530273,0.4650000035762787,0.2800000011920929,1.8700001239776611,0.3840000033378601,0.024000000208616257,0.4049999713897705,0.20000000298023224,1.399999976158142,-0.44999998807907104,55.0,12.0,40.0,0.6499999761581421,710.0,850.0,21233664,722.1741063594818
6,230.0,270.0,250.0,640.0,61.42980194091797,0.7828987240791321,61.21914291381836,138.17100524902344,2.024390697479248,1.6649999618530273,0.4650000035762787,0.2800000011920929,1.8700001239776611,0.3240000009536743,0.04800000041723251,0.4049999713897705,0.2874999940395355,1.649999976158142,-0.3499999940395355,50.0,25.0,30.0,0.800000011920929,730.0,840.0,21233664,722.1741063594818
6,230.0,270.0,250.0,640.0,61.42974090576172,0.7841137647628784,60.91562271118164,136.0541229248047,2.1087074279785156,1.6649999618530273,0.4650000035762787,0.2800000011920929,1.8700001239776611,0.3840000033378601,0.024000000208616257,0.44999998807907104,0.3375000059604645,1.649999976158142,-0.3499999940395355,55.0,12.0,40.0,0.3499999940395355,720.0,820.0,21233664,722.1741063594818
6,230.0,270.0,250.0,640.0,61.42448043823242,0.7840837836265564,61.39661407470703,137.35244750976562,1.990140676498413,1.6649999618530273,0.4650000035762787,0.2800000011920929,1.8700001239776611,0.3840000033378601,0.05999999865889549,0.4049999713897705,0.3375000059604645,1.649999976158142,-0.30000001192092896,55.0,12.0,50.0,0.3499999940395355,700.0,870.0,21233664,722.1741063594818
6,230.0,270.0,250.0,640.0,61.40865707397461,0.7826411724090576,61.242698669433594,138.59214782714844,1.9897842407226562,1.6649999618530273,0.4650000035762787,0.2800000011920929,1.8700001239776611,0.2759999930858612,0.04800000041723251,0.4049999713897705,0.3375000059604645,1.649999976158142,-0.3499999940395355,50.0,30.0,30.0,0.6499999761581421,690.0,840.0,21233664,722.1741063594818
6,230.0,270.0,250.0,640.0,61.40814971923828,0.7819139957427979,60.98439407348633,138.27952575683594,2.0694031715393066,1.6649999618530273,0.4650000035762787,0.2800000011920929,1.8700001239776611,0.3240000009536743,0.04800000041723251,0.4049999713897705,0.15000000596046448,1.649999976158142,-0.3499999940395355,55.0,12.0,75.0,0.6499999761581421,700.0,820.0,21233664,722.1741063594818
6,230.0,270.0,250.0,640.0,61.4061393737793,0.7794602513313293,60.61648941040039,139.417724609375,2.1633317470550537,1.6649999618530273,0.4050000309944153,0.2800000011920929,1.8700001239776611,0.20399999618530273,0.024000000208616257,0.4049999713897705,0.25,1.649999976158142,-0.30000001192092896,55.0,12.0,35.0,0.5,730.0,850.0,21233664,722.1741063594818
6,230.0,270.0,250.0,640.0,61.40398025512695,0.7784431576728821,60.236209869384766,138.75985717773438,2.288745641708374,1.6649999618530273,0.36000001430511475,0.2800000011920929,1.8700001239776611,0.23999999463558197,0.03200000151991844,0.4049999713897705,0.15000000596046448,1.649999976158142,-0.44999998807907104,55.0,15.0,50.0,0.800000011920929,690.0,850.0,21233664,722.1741063594818
6,230.0,270.0,250.0,640.0,61.403602600097656,0.7821530103683472,61.19633483886719,138.93759155273438,1.9943755865097046,1.6649999618530273,0.4650000035762787,0.2800000011920929,1.8700001239776611,0.23999999463558197,0.04800000041723251,0.4049999713897705,0.3375000059604645,1.649999976158142,-0.4000000059604645,50.0,30.0,40.0,0.800000011920929,700.0,850.0,21233664,722.1741063594818
6,230.0,270.0,250.0,640.0,61.399436950683594,0.7830170392990112,59.91678237915039,133.92982482910156,2.345576047897339,1.6649999618530273,0.4650000035762787,0.2800000011920929,1.8700001239776611,0.2759999930858612,0.04800000041723251,0.5174999833106995,0.20000000298023224,1.649999976158142,-0.44999998807907104,55.0,15.0,30.0,0.800000011920929,730.0,870.0,21233664,722.1741063594818
6,230.0,270.0,250.0,640.0,61.39164352416992,0.7788450717926025,60.45565414428711,139.36109924316406,2.199446201324463,1.6649999618530273,0.4050000309944153,0.2800000011920929,1.8700001239776611,0.20399999618530273,0.03200000151991844,0.4049999713897705,0.15000000596046448,1.649999976158142,-0.3499999940395355,55.0,12.0,30.0,0.3499999940395355,720.0,820.0,21233664,722.1741063594818
6,230.0,270.0,250.0,640.0,61.39080047607422,0.7828032374382019,61.257537841796875,138.38882446289062,1.9744923114776611,1.6649999618530273,0.4650000035762787,0.2800000011920929,1.8700001239776611,0.2759999930858612,0.05999999865889549,0.4049999713897705,0.3375000059604645,1.649999976158142,-0.44999998807907104,55.0,15.0,60.0,0.3499999940395355,720.0,840.0,21233664,722.1741063594818
6,230.0,270.0,250.0,640.0,61.38909912109375,0.7801659107208252,60.44954299926758,137.64324951171875,2.2299509048461914,1.6649999618530273,0.36000001430511475,0.2800000011920929,1.8700001239776611,0.3240000009536743,0.04800000041723251,0.4049999713897705,0.20000000298023224,1.649999976158142,-0.30000001192092896,55.0,12.0,30.0,0.6499999761581421,710.0,840.0,21233664,722.1741063594818
6,230.0,270.0,250.0,640.0,61.389034271240234,0.7819325923919678,60.807456970214844,137.11993408203125,2.1356306076049805,1.6649999618530273,0.4050000309944153,0.2800000011920929,1.8700001239776611,0.3840000033378601,0.05999999865889549,0.4049999713897705,0.20000000298023224,1.649999976158142,-0.30000001192092896,55.0,12.0,50.0,0.6499999761581421,690.0,870.0,21233664,722.1741063594818
6,230.0,270.0,250.0,640.0,61.38277816772461,0.7803096175193787,60.48729705810547,137.63531494140625,2.213163375854492,1.6649999618530273,0.33000001311302185,0.2800000011920929,1.8700001239776611,0.3240000009536743,0.03200000151991844,0.4049999713897705,0.3375000059604645,1.649999976158142,-0.44999998807907104,55.0,12.0,30.0,0.3499999940395355,730.0,870.0,21233664,722.1741063594818
6,230.0,270.0,250.0,640.0,61.37232971191406,0.780311644077301,60.785675048828125,139.07757568359375,2.090003728866577,1.6649999618530273,0.4050000309944153,0.2800000011920929,1.8700001239776611,0.20399999618530273,0.03999999910593033,0.4049999713897705,0.3375000059604645,1.649999976158142,-0.3499999940395355,55.0,15.0,35.0,0.6499999761581421,690.0,870.0,21233664,722.1741063594818
6,230.0,270.0,250.0,640.0,61.371482849121094,0.7811999320983887,61.01725769042969,139.41331481933594,1.9996964931488037,1.6649999618530273,0.4650000035762787,0.2800000011920929,1.8700001239776611,0.23999999463558197,0.024000000208616257,0.4049999713897705,0.25,1.649999976158142,-0.30000001192092896,55.0,12.0,60.0,0.5,730.0,850.0,21233664,722.1741063594818
6,230.0,270.0,250.0,640.0,61.37040710449219,0.7794109582901001,60.42673110961914,138.4098358154297,2.207995653152466,1.6649999618530273,0.36000001430511475,0.2800000011920929,1.8700001239776611,0.23999999463558197,0.04800000041723251,0.4049999713897705,0.25,1.649999976158142,-0.4000000059604645,55.0,12.0,35.0,0.5,710.0,820.0,21233664,722.1741063594818
6,230.0,270.0,250.0,640.0,61.36843490600586,0.7824577689170837,61.172176361083984,138.4282684326172,1.9756155014038086,1.6649999618530273,0.4650000035762787,0.2800000011920929,1.8700001239776611,0.2759999930858612,0.05999999865889549,0.4049999713897705,0.2874999940395355,1.649999976158142,-0.30000001192092896,55.0,15.0,35.0,0.6499999761581421,720.0,840.0,21233664,722.1741063594818
6,230.0,270.0,250.0,640.0,61.36505126953125,0.7819328308105469,61.04006576538086,138.64671325683594,1.9978373050689697,1.6649999618530273,0.4650000035762787,0.2800000011920929,1.8700001239776611,0.3240000009536743,0.024000000208616257,0.4049999713897705,0.20000000298023224,1.649999976158142,-0.30000001192092896,50.0,30.0,35.0,0.800000011920929,690.0,870.0,21233664,722.1741063594818
6,230.0,270.0,250.0,640.0,61.358856201171875,0.7828619480133057,60.77471923828125,136.825927734375,2.071381092071533,1.6649999618530273,0.4650000035762787,0.2800000011920929,1.8700001239776611,0.23999999463558197,0.05999999865889549,0.44999998807907104,0.3375000059604645,1.649999976158142,-0.4000000059604645,55.0,15.0,40.0,0.3499999940395355,690.0,870.0,21233664,722.1741063594818
6,230.0,270.0,250.0,640.0,61.35380935668945,0.7835758328437805,61.296409606933594,137.59524536132812,1.9404217004776,1.6649999618530273,0.4650000035762787,0.2800000011920929,1.8700001239776611,0.3840000033378601,0.04800000041723251,0.4049999713897705,0.2874999940395355,1.399999976158142,-0.3499999940395355,55.0,12.0,35.0,0.5,700.0,850.0,21233664,722.1741063594818
6,230.0,270.0,250.0,640.0,61.35138702392578,0.781287431716919,61.064613342285156,139.322509765625,1.9772059917449951,1.6649999618530273,0.4650000035762787,0.2800000011920929,1.8700001239776611,0.20399999618530273,0.04800000041723251,0.4049999713897705,0.2874999940395355,1.649999976158142,-0.20000000298023224,55.0,12.0,30.0,0.6499999761581421,700.0,870.0,21233664,722.1741063594818
6,230.0,270.0,250.0,640.0,61.34901428222656,0.7815232872962952,60.35655975341797,136.5177764892578,2.188039779663086,1.6649999618530273,0.4050000309944153,0.2800000011920929,1.8700001239776611,0.2759999930858612,0.03999999910593033,0.44999998807907104,0.2874999940395355,1.649999976158142,-0.3499999940395355,55.0,12.0,75.0,0.800000011920929,700.0,820.0,21233664,722.1741063594818
6,230.0,270.0,250.0,640.0,61.34837341308594,0.7814647555351257,61.08128356933594,139.38369750976562,1.9586254358291626,1.6649999618530273,0.4650000035762787,0.2800000011920929,1.8700001239776611,0.23999999463558197,0.024000000208616257,0.4049999713897705,0.2874999940395355,1.649999976158142,-0.25,50.0,20.0,35.0,0.6499999761581421,690.0,820.0,21233664,722.1741063594818
6,230.0,270.0,250.0,640.0,61.345008850097656,0.7817047834396362,61.061790466308594,138.80331420898438,1.9798011779785156,1.6649999618530273,0.4650000035762787,0.2800000011920929,1.8700001239776611,0.23999999463558197,0.05999999865889549,0.4049999713897705,0.25,1.649999976158142,-0.4000000059604645,50.0,25.0,30.0,0.6499999761581421,700.0,870.0,21233664,722.1741063594818
6,230.0,270.0,250.0,640.0,61.34370803833008,0.7830429077148438,59.97245407104492,134.2970428466797,2.2609546184539795,1.6649999618530273,0.4650000035762787,0.2800000011920929,1.8700001239776611,0.2759999930858612,0.024000000208616257,0.5174999833106995,0.25,1.649999976158142,-0.44999998807907104,55.0,12.0,35.0,0.6499999761581421,710.0,870.0,21233664,722.1741063594818
6,230.0,270.0,250.0,640.0,61.342628479003906,0.7820230722427368,60.644813537597656,137.47537231445312,2.071381092071533,1.6649999618530273,0.4650000035762787,0.2800000011920929,1.8700001239776611,0.23999999463558197,0.024000000208616257,0.44999998807907104,0.2874999940395355,1.649999976158142,-0.4000000059604645,55.0,15.0,40.0,0.3499999940395355,710.0,840.0,21233664,722.1741063594818
6,230.0,270.0,250.0,640.0,61.34128952026367,0.7837607264518738,59.993438720703125,133.26588439941406,2.281236410140991,1.6649999618530273,0.4650000035762787,0.2800000011920929,1.8700001239776611,0.3240000009536743,0.05999999865889549,0.5174999833106995,0.20000000298023224,1.649999976158142,-0.4000000059604645,55.0,12.0,30.0,0.6499999761581421,690.0,850.0,21233664,722.1741063594818
6,230.0,270.0,250.0,640.0,61.34072494506836,0.782010555267334,60.776405334472656,136.75563049316406,2.108267068862915,1.6649999618530273,0.36000001430511475,0.2800000011920929,1.8700001239776611,0.3840000033378601,0.05999999865889549,0.4049999713897705,0.3375000059604645,1.649999976158142,-0.25,55.0,12.0,40.0,0.800000011920929,690.0,840.0,21233664,722.1741063594818
6,230.0,270.0,250.0,640.0,61.33903503417969,0.7815424203872681,61.04694747924805,139.0066375732422,1.9712791442871094,1.6649999618530273,0.4650000035762787,0.2800000011920929,1.8700001239776611,0.23999999463558197,0.04800000041723251,0.4049999713897705,0.25,1.399999976158142,-0.3499999940395355,55.0,12.0,30.0,0.5,700.0,820.0,21233664,722.1741063594818
6,230.0,270.0,250.0,640.0,61.33793640136719,0.7814435958862305,60.88829040527344,138.25112915039062,2.035186529159546,1.6649999618530273,0.4050000309944153,0.2800000011920929,1.8700001239776611,0.2759999930858612,0.04800000041723251,0.4049999713897705,0.3375000059604645,1.649999976158142,-0.3499999940395355,55.0,15.0,75.0,0.800000011920929,720.0,850.0,21233664,722.1741063594818
6,230.0,270.0,250.0,640.0,61.33713912963867,0.7811546325683594,60.07054901123047,135.4302520751953,2.2869129180908203,1.6649999618530273,0.36000001430511475,0.2800000011920929,1.8700001239776611,0.3840000033378601,0.03200000151991844,0.44999998807907104,0.20000000298023224,1.649999976158142,-0.3499999940395355,55.0,12.0,35.0,0.800000011920929,690.0,870.0,21233664,722.1741063594818
6,230.0,270.0,250.0,640.0,61.32887268066406,0.7837953567504883,58.96149444580078,133.079345703125,2.345576047897339,1.6649999618530273,0.4650000035762787,0.33249998092651367,1.8700001239776611,0.20399999618530273,0.05999999865889549,0.4049999713897705,0.25,1.649999976158142,-0.44999998807907104,55.0,15.0,30.0,0.800000011920929,710.0,870.0,21233664,722.1741063594818
6,230.0,270.0,250.0,640.0,61.32868957519531,0.7804157137870789,60.52500915527344,137.7393341064453,2.1436069011688232,1.6649999618530273,0.36000001430511475,0.2800000011920929,1.8700001239776611,0.3240000009536743,0.03999999910593033,0.4049999713897705,0.25,1.399999976158142,-0.44999998807907104,55.0,12.0,30.0,0.800000011920929,690.0,840.0,21233664,722.1741063594818
6,230.0,270.0,250.0,640.0,61.32439422607422,0.7828620672225952,60.77471923828125,136.825927734375,2.036911725997925,1.6649999618530273,0.4650000035762787,0.2800000011920929,1.8700001239776611,0.23999999463558197,0.05999999865889549,0.44999998807907104,0.3375000059604645,1.399999976158142,-0.44999998807907104,55.0,12.0,75.0,0.800000011920929,690.0,870.0,21233664,722.1741063594818
6,230.0,270.0,250.0,640.0,61.31865310668945,0.781287431716919,61.064613342285156,139.322509765625,1.9444736242294312,1.6649999618530273,0.4650000035762787,0.2800000011920929,1.8700001239776611,0.20399999618530273,0.04800000041723251,0.4049999713897705,0.2874999940395355,1.649999976158142,-0.3499999940395355,50.0,25.0,60.0,0.800000011920929,700.0,840.0,21233664,722.1741063594818
6,230.0,270.0,250.0,640.0,61.317848205566406,0.7781793475151062,60.039520263671875,137.76795959472656,2.2951645851135254,1.4399999380111694,0.4650000035762787,0.2800000011920929,1.8700001239776611,0.3240000009536743,0.03200000151991844,0.4049999713897705,0.2874999940395355,1.649999976158142,-0.44999998807907104,55.0,12.0,40.0,0.800000011920929,710.0,820.0,21233664,722.1741063594818
6,230.0,270.0,250.0,640.0,61.31647491455078,0.7831324338912964,61.294612884521484,138.26710510253906,1.886080265045166,1.6649999618530273,0.4650000035762787,0.2800000011920929,1.8700001239776611,0.3240000009536743,0.03999999910593033,0.4049999713897705,0.3375000059604645,1.649999976158142,-0.25,50.0,20.0,50.0,0.6499999761581421,730.0,850.0,21233664,722.1741063594818
6,230.0,270.0,250.0,640.0,61.3149299621582,0.7816343307495117,61.14997863769531,139.28305053710938,1.9171767234802246,1.6649999618530273,0.4650000035762787,0.2800000011920929,1.8700001239776611,0.20399999618530273,0.04800000041723251,0.4049999713897705,0.3375000059604645,1.399999976158142,-0.44999998807907104,55.0,15.0,75.0,0.800000011920929,700.0,820.0,21233664,722.1741063594818
6,230.0,270.0,250.0,640.0,61.31377029418945,0.7815656065940857,60.077369689941406,134.7162628173828,2.28487491607666,1.6649999618530273,0.33000001311302185,0.2800000011920929,1.8700001239776611,0.3840000033378601,0.05999999865889549,0.44999998807907104,0.2874999940395355,1.649999976158142,-0.44999998807907104,55.0,15.0,35.0,0.6499999761581421,710.0,840.0,21233664,722.1741063594818
6,230.0,270.0,250.0,640.0,61.30725860595703,0.7839034199714661,59.92631530761719,132.57945251464844,2.287473201751709,1.6649999618530273,0.4050000309944153,0.2800000011920929,1.8700001239776611,0.3840000033378601,0.03999999910593033,0.5174999833106995,0.3375000059604645,1.649999976158142,-0.4000000059604645,55.0,12.0,40.0,0.800000011920929,720.0,820.0,21233664,722.1741063594818
6,230.0,270.0,250.0,640.0,61.306217193603516,0.7784240245819092,60.1901969909668,138.14186096191406,2.23507022857666,1.6649999618530273,0.30000001192092896,0.2800000011920929,1.8700001239776611,0.20399999618530273,0.05999999865889549,0.4049999713897705,0.3375000059604645,1.649999976158142,-0.30000001192092896,55.0,12.0,40.0,0.800000011920929,700.0,870.0,21233664,722.1741063594818
6,230.0,270.0,250.0,640.0,61.3052978515625,0.7804614901542664,60.84469985961914,139.22767639160156,2.0005414485931396,1.6649999618530273,0.4650000035762787,0.2800000011920929,1.8700001239776611,0.20399999618530273,0.05999999865889549,0.4049999713897705,0.15000000596046448,1.649999976158142,-0.25,55.0,12.0,35.0,0.3499999940395355,690.0,850.0,21233664,722.1741063594818
6,230.0,270.0,250.0,640.0,61.30267333984375,0.7832441926002502,61.30451202392578,138.1315460205078,1.8737730979919434,1.6649999618530273,0.4650000035762787,0.2800000011920929,1.8700001239776611,0.3240000009536743,0.04800000041723251,0.4049999713897705,0.3375000059604645,1.399999976158142,-0.30000001192092896,55.0,12.0,50.0,0.800000011920929,720.0,850.0,21233664,722.1741063594818
6,230.0,270.0,250.0,640.0,61.30028533935547,0.7785343527793884,60.32286834716797,138.92236328125,2.1635184288024902,1.6649999618530273,0.33000001311302185,0.2800000011920929,1.8700001239776611,0.20399999618530273,0.024000000208616257,0.4049999713897705,0.3375000059604645,1.649999976158142,-0.3499999940395355,55.0,12.0,40.0,0.5,730.0,870.0,21233664,722.1741063594818
6,230.0,270.0,250.0,640.0,61.29638671875,0.781097948551178,60.858604431152344,138.65777587890625,1.9897842407226562,1.6649999618530273,0.4050000309944153,0.2800000011920929,1.8700001239776611,0.2759999930858612,0.024000000208616257,0.4049999713897705,0.3375000059604645,1.649999976158142,-0.3499999940395355,50.0,30.0,30.0,0.6499999761581421,700.0,840.0,21233664,722.1741063594818
6,230.0,270.0,250.0,640.0,61.295501708984375,0.7804481387138367,60.56924057006836,137.98085021972656,2.090003728866577,1.6649999618530273,0.36000001430511475,0.2800000011920929,1.8700001239776611,0.3240000009536743,0.024000000208616257,0.4049999713897705,0.2874999940395355,1.649999976158142,-0.3499999940395355,55.0,15.0,35.0,0.6499999761581421,730.0,840.0,21233664,722.1741063594818
6,230.0,270.0,250.0,640.0,61.29523468017578,0.7825924158096313,61.06165313720703,137.70376586914062,1.948427438735962,1.6649999618530273,0.4650000035762787,0.2800000011920929,1.8700001239776611,0.3840000033378601,0.04800000041723251,0.4049999713897705,0.15000000596046448,1.399999976158142,-0.44999998807907104,55.0,15.0,60.0,0.800000011920929,690.0,850.0,21233664,722.1741063594818
6,230.0,270.0,250.0,640.0,61.29435348510742,0.7841088175773621,60.859947204589844,135.68692016601562,2.000969171524048,1.6649999618530273,0.4650000035762787,0.2800000011920929,1.8700001239776611,0.3840000033378601,0.04800000041723251,0.44999998807907104,0.2874999940395355,1.649999976158142,-0.3499999940395355,50.0,20.0,30.0,0.800000011920929,720.0,850.0,21233664,722.1741063594818
6,230.0,270.0,250.0,640.0,61.29231262207031,0.7852206230163574,59.063392639160156,132.00155639648438,2.287473201751709,1.6649999618530273,0.4650000035762787,0.33249998092651367,1.8700001239776611,0.3840000033378601,0.024000000208616257,0.4049999713897705,0.20000000298023224,1.649999976158142,-0.4000000059604645,55.0,12.0,40.0,0.800000011920929,690.0,840.0,21233664,722.1741063594818
6,230.0,270.0,250.0,640.0,61.2911376953125,0.7818136215209961,59.61804962158203,133.95599365234375,2.3263940811157227,1.6649999618530273,0.4050000309944153,0.2800000011920929,1.8700001239776611,0.2759999930858612,0.024000000208616257,0.5174999833106995,0.25,1.649999976158142,-0.44999998807907104,55.0,12.0,30.0,0.800000011920929,690.0,820.0,21233664,722.1741063594818
6,230.0,270.0,250.0,640.0,61.2905387878418,0.7793079614639282,60.152679443359375,137.0231475830078,2.241669178009033,1.6649999618530273,0.27000001072883606,0.2800000011920929,1.8700001239776611,0.3240000009536743,0.04800000041723251,0.4049999713897705,0.3375000059604645,1.649999976158142,-0.44999998807907104,55.0,15.0,30.0,0.3499999940395355,720.0,870.0,21233664,722.1741063594818
6,230.0,270.0,250.0,640.0,61.28948974609375,0.7778094410896301,59.95914077758789,137.86868286132812,2.287473201751709,1.6649999618530273,0.27000001072883606,0.2800000011920929,1.8700001239776611,0.23999999463558197,0.04800000041723251,0.4049999713897705,0.2874999940395355,1.649999976158142,-0.4000000059604645,55.0,12.0,40.0,0.800000011920929,720.0,820.0,21233664,722.1741063594818
6,230.0,270.0,250.0,640.0,61.286563873291016,0.7776756286621094,59.85611343383789,137.59228515625,2.317031145095825,1.6649999618530273,0.27000001072883606,0.2800000011920929,1.8700001239776611,0.2759999930858612,0.04800000041723251,0.4049999713897705,0.20000000298023224,1.649999976158142,-0.4000000059604645,55.0,12.0,30.0,0.800000011920929,690.0,820.0,21233664,722.1741063594818
6,230.0,270.0,250.0,640.0,61.285987854003906,0.7825297713279724,61.2327995300293,138.72769165039062,1.8656017780303955,1.6649999618530273,0.4650000035762787,0.2800000011920929,1.8700001239776611,0.2759999930858612,0.03999999910593033,0.4049999713897705,0.3375000059604645,1.649999976158142,-0.4000000059604645,50.0,25.0,40.0,0.5,700.0,870.0,21233664,722.1741063594818
6,230.0,270.0,250.0,640.0,61.28367614746094,0.7823936343193054,60.9976806640625,137.6214141845703,1.9581443071365356,1.6649999618530273,0.4050000309944153,0.2800000011920929,1.8700001239776611,0.3840000033378601,0.024000000208616257,0.4049999713897705,0.3375000059604645,1.649999976158142,-0.20000000298023224,55.0,12.0,50.0,0.800000011920929,720.0,850.0,21233664,722.1741063594818
6,230.0,270.0,250.0,640.0,61.281124114990234,0.7816736698150635,61.00794219970703,138.70065307617188,1.9278937578201294,1.6649999618530273,0.4650000035762787,0.2800000011920929,1.8700001239776611,0.2759999930858612,0.04800000041723251,0.4049999713897705,0.20000000298023224,1.649999976158142,-0.20000000298023224,50.0,25.0,40.0,0.6499999761581421,710.0,870.0,21233664,722.1741063594818
6,230.0,270.0,250.0,640.0,61.27870178222656,0.7780855298042297,59.98571014404297,137.79434204101562,2.2633681297302246,1.6649999618530273,0.27000001072883606,0.2800000011920929,1.8700001239776611,0.2759999930858612,0.03200000151991844,0.4049999713897705,0.2874999940395355,1.649999976158142,-0.44999998807907104,55.0,15.0,60.0,0.800000011920929,730.0,840.0,21233664,722.1741063594818
6,230.0,270.0,250.0,640.0,61.27754592895508,0.7844234108924866,59.01957702636719,132.86288452148438,2.26718807220459,1.6649999618530273,0.4650000035762787,0.33249998092651367,1.8700001239776611,0.2759999930858612,0.03200000151991844,0.4049999713897705,0.25,1.649999976158142,-0.3499999940395355,55.0,12.0,30.0,0.6499999761581421,690.0,840.0,21233664,722.1741063594818
6,230.0,270.0,250.0,640.0,61.275699615478516,0.7829177975654602,60.50553894042969,135.3458709716797,2.0980565547943115,1.6649999618530273,0.4050000309944153,0.2800000011920929,1.8700001239776611,0.3840000033378601,0.04800000041723251,0.44999998807907104,0.2874999940395355,1.649999976158142,-0.44999998807907104,55.0,12.0,50.0,0.5,700.0,840.0,21233664,722.1741063594818
6,230.0,270.0,250.0,640.0,61.27348709106445,0.7816736698150635,61.00794219970703,138.70065307617188,1.9202558994293213,1.6649999618530273,0.4650000035762787,0.2800000011920929,1.8700001239776611,0.2759999930858612,0.04800000041723251,0.4049999713897705,0.20000000298023224,1.649999976158142,-0.3499999940395355,50.0,25.0,30.0,0.3499999940395355,690.0,850.0,21233664,722.1741063594818
6,230.0,270.0,250.0,640.0,61.272926330566406,0.7790662050247192,60.16069793701172,137.53384399414062,2.2048654556274414,1.6649999618530273,0.30000001192092896,0.2800000011920929,1.8700001239776611,0.3240000009536743,0.03200000151991844,0.4049999713897705,0.25,1.649999976158142,-0.4000000059604645,55.0,15.0,35.0,0.6499999761581421,720.0,850.0,21233664,722.1741063594818
6,230.0,270.0,250.0,640.0,61.272464752197266,0.7824418544769287,61.0845947265625,138.03672790527344,2.111582040786743,1.6649999618530273,0.4650000035762787,0.2800000011920929,1.8700001239776611,0.3240000009536743,0.05999999865889549,0.4049999713897705,0.20000000298023224,1.399999976158142,-0.44999998807907104,55.0,12.0,30.0,0.6499999761581421,730.0,820.0,21233664,722.1741063594818
6,230.0,270.0,250.0,640.0,61.271385192871094,0.7816879749298096,61.06361770629883,139.06787109375,1.8899481296539307,1.6649999618530273,0.4650000035762787,0.2800000011920929,1.8700001239776611,0.2759999930858612,0.024000000208616257,0.4049999713897705,0.25,1.649999976158142,-0.44999998807907104,55.0,20.0,40.0,0.3499999940395355,730.0,870.0,21233664,722.1741063594818
6,230.0,270.0,250.0,640.0,61.27012634277344,0.7814647555351257,61.08128356933594,139.38369750976562,1.8803778886795044,1.6649999618530273,0.4650000035762787,0.2800000011920929,1.8700001239776611,0.23999999463558197,0.024000000208616257,0.4049999713897705,0.2874999940395355,1.2000000476837158,-0.44999998807907104,55.0,12.0,35.0,0.6499999761581421,690.0,850.0,21233664,722.1741063594818
6,230.0,270.0,250.0,640.0,61.266544342041016,0.7841370105743408,59.08613967895508,133.3491668701172,2.2374370098114014,1.6649999618530273,0.4650000035762787,0.33249998092651367,1.8700001239776611,0.20399999618530273,0.03999999910593033,0.4049999713897705,0.3375000059604645,1.649999976158142,-0.44999998807907104,55.0,12.0,60.0,0.800000011920929,700.0,820.0,21233664,722.1741063594818
6,230.0,270.0,250.0,640.0,61.26639175415039,0.7823590636253357,60.63705062866211,137.02398681640625,2.0048882961273193,1.6649999618530273,0.4650000035762787,0.2800000011920929,1.8700001239776611,0.2759999930858612,0.03200000151991844,0.44999998807907104,0.25,1.399999976158142,-0.3499999940395355,55.0,12.0,40.0,0.800000011920929,730.0,870.0,21233664,722.1741063594818
6,230.0,270.0,250.0,640.0,61.26567077636719,0.7830617427825928,61.23398971557617,137.96768188476562,1.8627647161483765,1.6649999618530273,0.4650000035762787,0.2800000011920929,1.8700001239776611,0.3240000009536743,0.05999999865889549,0.4049999713897705,0.2874999940395355,1.649999976158142,-0.3499999940395355,50.0,30.0,60.0,0.6499999761581421,710.0,840.0,21233664,722.1741063594818
6,230.0,270.0,250.0,640.0,61.26414489746094,0.783348560333252,61.27661895751953,137.86634826660156,1.8479976654052734,1.6649999618530273,0.4650000035762787,0.2800000011920929,1.8700001239776611,0.3840000033378601,0.03200000151991844,0.4049999713897705,0.2874999940395355,1.649999976158142,-0.25,50.0,30.0,30.0,0.5,700.0,870.0,21233664,722.1741063594818
6,230.0,270.0,250.0,640.0,61.26183319091797,0.785040020942688,59.168968200683594,132.7938232421875,2.2096471786499023,1.6649999618530273,0.4650000035762787,0.33249998092651367,1.8700001239776611,0.2759999930858612,0.03200000151991844,0.4049999713897705,0.3375000059604645,1.649999976158142,-0.4000000059604645,55.0,12.0,30.0,0.3499999940395355,720.0,870.0,21233664,722.1741063594818
6,230.0,270.0,250.0,640.0,61.26117706298828,0.7822791934013367,60.93210220336914,137.3897705078125,1.9616703987121582,1.6649999618530273,0.4050000309944153,0.2800000011920929,1.8700001239776611,0.3840000033378601,0.03999999910593033,0.4049999713897705,0.2874999940395355,1.649999976158142,-0.44999998807907104,50.0,25.0,30.0,0.6499999761581421,720.0,840.0,21233664,722.1741063594818
6,230.0,270.0,250.0,640.0,61.25996398925781,0.7809463739395142,61.0349235534668,139.7291717529297,1.8816627264022827,1.6649999618530273,0.4650000035762787,0.2800000011920929,1.8700001239776611,0.20399999618530273,0.024000000208616257,0.4049999713897705,0.2874999940395355,1.649999976158142,-0.3499999940395355,50.0,25.0,40.0,0.5,730.0,850.0,21233664,722.1741063594818
6,230.0,270.0,250.0,640.0,61.2584228515625,0.7813167572021484,61.027156829833984,139.2777557373047,1.8878251314163208,1.6649999618530273,0.4650000035762787,0.2800000011920929,1.8700001239776611,0.23999999463558197,0.03200000151991844,0.4049999713897705,0.25,1.649999976158142,-0.4000000059604645,50.0,30.0,40.0,0.5,710.0,820.0,21233664,722.1741063594818
6,230.0,270.0,250.0,640.0,61.254859924316406,0.782484233379364,60.603599548339844,136.73838806152344,2.0065574645996094,1.6649999618530273,0.4650000035762787,0.2800000011920929,1.8700001239776611,0.3240000009536743,0.024000000208616257,0.44999998807907104,0.20000000298023224,1.649999976158142,-0.3499999940395355,50.0,30.0,35.0,0.800000011920929,690.0,840.0,21233664,722.1741063594818
6,230.0,270.0,250.0,640.0,61.25247573852539,0.7828432321548462,61.137123107910156,137.79986572265625,1.8796745538711548,1.6649999618530273,0.4650000035762787,0.2800000011920929,1.8700001239776611,0.3840000033378601,0.03999999910593033,0.4049999713897705,0.20000000298023224,1.649999976158142,-0.30000001192092896,50.0,25.0,35.0,0.3499999940395355,720.0,840.0,21233664,722.1741063594818
6,230.0,270.0,250.0,640.0,61.250701904296875,0.7835764288902283,61.352088928222656,137.9624481201172,1.8099267482757568,1.6649999618530273,0.4650000035762787,0.2800000011920929,1.8700001239776611,0.3840000033378601,0.024000000208616257,0.4049999713897705,0.3375000059604645,1.399999976158142,-0.4000000059604645,50.0,20.0,30.0,0.6499999761581421,700.0,820.0,21233664,722.1741063594818
6,230.0,270.0,250.0,640.0,61.25035095214844,0.7837845683097839,60.868045806884766,136.22320556640625,1.941017746925354,1.6649999618530273,0.4650000035762787,0.2800000011920929,1.8700001239776611,0.3240000009536743,0.04800000041723251,0.44999998807907104,0.3375000059604645,1.649999976158142,-0.4000000059604645,50.0,20.0,40.0,0.800000011920929,710.0,850.0,21233664,722.1741063594818
6,230.0,270.0,250.0,640.0,61.24956512451172,0.7828777432441711,59.65060806274414,132.459228515625,2.3163180351257324,1.6649999618530273,0.36000001430511475,0.2800000011920929,1.8700001239776611,0.3840000033378601,0.03200000151991844,0.5174999833106995,0.3375000059604645,1.649999976158142,-0.44999998807907104,55.0,15.0,40.0,0.800000011920929,730.0,840.0,21233664,722.1741063594818
6,230.0,270.0,250.0,640.0,61.24855422973633,0.7818117737770081,59.80426788330078,134.891845703125,2.211341381072998,1.6649999618530273,0.4650000035762787,0.2800000011920929,1.8700001239776611,0.20399999618530273,0.03200000151991844,0.5174999833106995,0.20000000298023224,1.649999976158142,-0.44999998807907104,55.0,12.0,35.0,0.5,690.0,850.0,21233664,722.1741063594818
6,230.0,270.0,250.0,640.0,61.24822998046875,0.7814468145370483,60.98815155029297,138.97178649902344,1.8922133445739746,1.6649999618530273,0.4650000035762787,0.2800000011920929,1.8700001239776611,0.2759999930858612,0.03200000151991844,0.4049999713897705,0.20000000298023224,1.399999976158142,-0.4000000059604645,55.0,15.0,30.0,0.6499999761581421,710.0,840.0,21233664,722.1741063594818
6,230.0,270.0,250.0,640.0,61.24605178833008,0.78207927942276,60.703617095947266,137.51026916503906,1.9654080867767334,1.6649999618530273,0.4650000035762787,0.2800000011920929,1.8700001239776611,0.20399999618530273,0.03999999910593033,0.44999998807907104,0.3375000059604645,1.649999976158142,-0.4000000059604645,50.0,30.0,35.0,0.6499999761581421,700.0,840.0,21233664,722.1741063594818
6,230.0,270.0,250.0,640.0,61.24601745605469,0.7792999148368835,60.18049621582031,137.2627410888672,2.1803269386291504,1.6649999618530273,0.30000001192092896,0.2800000011920929,1.8700001239776611,0.3240000009536743,0.04800000041723251,0.4049999713897705,0.25,1.649999976158142,-0.4000000059604645,55.0,15.0,40.0,0.6499999761581421,690.0,840.0,21233664,722.1741063594818
6,230.0,270.0,250.0,640.0,61.24429702758789,0.7808367013931274,60.832035064697266,138.73211669921875,1.95012366771698,1.6649999618530273,0.4050000309944153,0.2800000011920929,1.8700001239776611,0.23999999463558197,0.03999999910593033,0.4049999713897705,0.3375000059604645,1.649999976158142,-0.30000001192092896,50.0,20.0,35.0,0.6499999761581421,710.0,820.0,21233664,722.1741063594818
6,230.0,270.0,250.0,640.0,61.24409103393555,0.7830617427825928,61.23398971557617,137.96768188476562,1.8411847352981567,1.6649999618530273,0.4650000035762787,0.2800000011920929,1.8700001239776611,0.3240000009536743,0.05999999865889549,0.4049999713897705,0.2874999940395355,1.649999976158142,-0.44999998807907104,50.0,25.0,40.0,0.5,700.0,850.0,21233664,722.1741063594818
6,230.0,270.0,250.0,640.0,61.24300003051758,0.7825924158096313,61.06165313720703,137.70376586914062,1.8961939811706543,1.6649999618530273,0.4650000035762787,0.2800000011920929,1.8700001239776611,0.3840000033378601,0.04800000041723251,0.4049999713897705,0.15000000596046448,1.399999976158142,-0.4000000059604645,55.0,15.0,40.0,0.800000011920929,730.0,840.0,21233664,722.1741063594818
6,230.0,270.0,250.0,640.0,61.24201965332031,0.7772873640060425,60.00498962402344,138.4055633544922,2.2333173751831055,1.4399999380111694,0.4650000035762787,0.2800000011920929,1.8700001239776611,0.20399999618530273,0.05999999865889549,0.4049999713897705,0.3375000059604645,1.649999976158142,-0.3499999940395355,55.0,12.0,30.0,0.5,690.0,850.0,21233664,722.1741063594818
6,230.0,270.0,250.0,640.0,61.24137878417969,0.7843045592308044,59.009681701660156,132.99844360351562,2.2299509048461914,1.6649999618530273,0.4650000035762787,0.33249998092651367,1.8700001239776611,0.2759999930858612,0.024000000208616257,0.4049999713897705,0.25,1.649999976158142,-0.30000001192092896,55.0,12.0,30.0,0.6499999761581421,710.0,820.0,21233664,722.1741063594818
6,230.0,270.0,250.0,640.0,61.24018096923828,0.7815691232681274,59.542579650878906,133.85989379882812,2.3010592460632324,1.6649999618530273,0.4050000309944153,0.2800000011920929,1.8700001239776611,0.2759999930858612,0.03200000151991844,0.5174999833106995,0.20000000298023224,1.649999976158142,-0.3499999940395355,55.0,12.0,30.0,0.800000011920929,720.0,840.0,21233664,722.1741063594818
6,230.0,270.0,250.0,640.0,61.238319396972656,0.7833389639854431,60.73350143432617,136.0889434814453,1.9728429317474365,1.6649999618530273,0.4650000035762787,0.2800000011920929,1.8700001239776611,0.3240000009536743,0.05999999865889549,0.44999998807907104,0.25,1.649999976158142,-0.25,55.0,12.0,60.0,0.6499999761581421,700.0,820.0,21233664,722.1741063594818
6,230.0,270.0,250.0,640.0,61.234127044677734,0.7848713397979736,60.20524597167969,132.82440185546875,2.1229538917541504,1.6649999618530273,0.4650000035762787,0.2800000011920929,1.8700001239776611,0.3840000033378601,0.04800000041723251,0.5174999833106995,0.2874999940395355,1.399999976158142,-0.4000000059604645,55.0,12.0,35.0,0.800000011920929,730.0,850.0,21233664,722.1741063594818
6,230.0,270.0,250.0,640.0,61.23283004760742,0.7850892543792725,58.99781799316406,131.7698974609375,2.255023956298828,1.6649999618530273,0.4650000035762787,0.33249998092651367,1.8700001239776611,0.3840000033378601,0.03999999910593033,0.4049999713897705,0.15000000596046448,1.649999976158142,-0.4000000059604645,55.0,12.0,35.0,0.6499999761581421,710.0,850.0,21233664,722.1741063594818
6,230.0,270.0,250.0,640.0,61.23163604736328,0.7808367013931274,60.832035064697266,138.73211669921875,1.9374604225158691,1.6649999618530273,0.4050000309944153,0.2800000011920929,1.8700001239776611,0.23999999463558197,0.03999999910593033,0.4049999713897705,0.3375000059604645,1.649999976158142,-0.20000000298023224,50.0,15.0,30.0,0.6499999761581421,720.0,850.0,21233664,722.1741063594818
6,230.0,270.0,250.0,640.0,61.230865478515625,0.782427191734314,60.42171859741211,135.64657592773438,2.0683319568634033,1.6649999618530273,0.4050000309944153,0.2800000011920929,1.8700001239776611,0.3840000033378601,0.03200000151991844,0.44999998807907104,0.25,1.649999976158142,-0.3499999940395355,55.0,15.0,60.0,0.800000011920929,730.0,840.0,21233664,722.1741063594818
6,230.0,270.0,250.0,640.0,61.229427337646484,0.7800952792167664,59.89154815673828,135.93157958984375,2.2212815284729004,1.6649999618530273,0.33000001311302185,0.2800000011920929,1.8700001239776611,0.3240000009536743,0.024000000208616257,0.44999998807907104,0.25,1.649999976158142,-0.3499999940395355,55.0,12.0,60.0,0.800000011920929,720.0,870.0,21233664,722.1741063594818
6,230.0,270.0,250.0,640.0,61.228736877441406,0.7813090085983276,60.922576904296875,138.7401123046875,1.9001381397247314,1.6649999618530273,0.4650000035762787,0.2800000011920929,1.8700001239776611,0.2759999930858612,0.04800000041723251,0.4049999713897705,0.15000000596046448,1.649999976158142,-0.3499999940395355,50.0,30.0,50.0,0.6499999761581421,700.0,850.0,21233664,722.1741063594818
6,230.0,270.0,250.0,640.0,61.22785186767578,0.7783237099647522,60.226314544677734,138.89541625976562,2.111582040786743,1.6649999618530273,0.36000001430511475,0.2800000011920929,1.8700001239776611,0.23999999463558197,0.024000000208616257,0.4049999713897705,0.15000000596046448,1.399999976158142,-0.44999998807907104,55.0,12.0,30.0,0.6499999761581421,720.0,870.0,21233664,722.1741063594818
6,230.0,270.0,250.0,640.0,61.22686004638672,0.7827985286712646,61.169960021972656,137.9972686767578,1.8418203592300415,1.6649999618530273,0.4650000035762787,0.2800000011920929,1.8700001239776611,0.3240000009536743,0.05999999865889549,0.4049999713897705,0.25,1.649999976158142,-0.25,55.0,15.0,40.0,0.6499999761581421,700.0,850.0,21233664,722.1741063594818
6,230.0,270.0,250.0,640.0,61.224700927734375,0.7807072401046753,60.8663215637207,139.2211151123047,1.9043736457824707,1.6649999618530273,0.4650000035762787,0.2800000011920929,1.8700001239776611,0.23999999463558197,0.03999999910593033,0.4049999713897705,0.15000000596046448,1.649999976158142,-0.44999998807907104,50.0,25.0,40.0,0.6499999761581421,690.0,850.0,21233664,722.1741063594818
6,230.0,270.0,250.0,640.0,61.22212600708008,0.7819525599479675,61.12764358520508,139.03826904296875,1.8227512836456299,1.6649999618530273,0.4650000035762787,0.2800000011920929,1.8700001239776611,0.2759999930858612,0.024000000208616257,0.4049999713897705,0.2874999940395355,1.399999976158142,-0.20000000298023224,50.0,20.0,30.0,0.5,690.0,850.0,21233664,722.1741063594818
6,230.0,270.0,250.0,640.0,61.221290588378906,0.7812228798866272,60.478763580322266,137.4832305908203,2.0078113079071045,1.6649999618530273,0.4650000035762787,0.2800000011920929,1.8700001239776611,0.20399999618530273,0.04800000041723251,0.44999998807907104,0.20000000298023224,1.649999976158142,-0.44999998807907104,55.0,20.0,30.0,0.5,690.0,850.0,21233664,722.1741063594818
6,230.0,270.0,250.0,640.0,61.219329833984375,0.781805157661438,61.073516845703125,138.93231201171875,1.8390594720840454,1.6649999618530273,0.4650000035762787,0.2800000011920929,1.8700001239776611,0.2759999930858612,0.03200000151991844,0.4049999713897705,0.25,1.649999976158142,-0.3499999940395355,50.0,15.0,30.0,0.6499999761581421,690.0,870.0,21233664,722.1741063594818
6,230.0,270.0,250.0,640.0,61.21771240234375,0.7791149020195007,59.60116195678711,135.56094360351562,2.310567855834961,1.6649999618530273,0.27000001072883606,0.2800000011920929,1.8700001239776611,0.3240000009536743,0.024000000208616257,0.44999998807907104,0.2874999940395355,1.649999976158142,-0.44999998807907104,55.0,12.0,35.0,0.800000011920929,730.0,850.0,21233664,722.1741063594818
6,230.0,270.0,250.0,640.0,61.217044830322266,0.7808743715286255,60.000099182128906,135.29197692871094,2.1969707012176514,1.6649999618530273,0.33000001311302185,0.2800000011920929,1.8700001239776611,0.3240000009536743,0.05999999865889549,0.44999998807907104,0.2874999940395355,1.649999976158142,-0.4000000059604645,55.0,15.0,30.0,0.5,690.0,870.0,21233664,722.1741063594818
6,230.0,270.0,250.0,640.0,61.2155876159668,0.777258574962616,59.94059371948242,138.45370483398438,2.2096469402313232,1.6649999618530273,0.30000001192092896,0.2800000011920929,1.8700001239776611,0.20399999618530273,0.04800000041723251,0.4049999713897705,0.20000000298023224,1.649999976158142,-0.4000000059604645,55.0,12.0,30.0,0.3499999940395355,730.0,840.0,21233664,722.1741063594818
6,230.0,270.0,250.0,640.0,61.21531295776367,0.7793057560920715,59.906192779541016,136.74293518066406,2.200645685195923,1.6649999618530273,0.33000001311302185,0.2800000011920929,1.8700001239776611,0.20399999618530273,0.03999999910593033,0.44999998807907104,0.3375000059604645,1.649999976158142,-0.44999998807907104,55.0,12.0,75.0,0.800000011920929,710.0,870.0,21233664,722.1741063594818
6,230.0,270.0,250.0,640.0,61.2144889831543,0.7821942567825317,61.108154296875,138.45787048339844,1.8395506143569946,1.6649999618530273,0.4650000035762787,0.2800000011920929,1.8700001239776611,0.2759999930858612,0.05999999865889549,0.4049999713897705,0.25,1.399999976158142,-0.3499999940395355,50.0,25.0,50.0,0.800000011920929,710.0,820.0,21233664,722.1741063594818
6,230.0,270.0,250.0,640.0,61.21379470825195,0.7803522944450378,60.643638610839844,138.49517822265625,1.9759140014648438,1.6649999618530273,0.4050000309944153,0.2800000011920929,1.8700001239776611,0.2759999930858612,0.03999999910593033,0.4049999713897705,0.20000000298023224,1.649999976158142,-0.20000000298023224,50.0,25.0,40.0,0.800000011920929,710.0,870.0,21233664,722.1741063594818
6,230.0,270.0,250.0,640.0,61.21218490600586,0.7814767956733704,60.84494400024414,138.10107421875,1.9199726581573486,1.6649999618530273,0.4050000309944153,0.2800000011920929,1.8700001239776611,0.3240000009536743,0.03200000151991844,0.4049999713897705,0.2874999940395355,1.649999976158142,-0.20000000298023224,55.0,12.0,30.0,0.3499999940395355,690.0,840.0,21233664,722.1741063594818
6,230.0,270.0,250.0,640.0,61.21132278442383,0.7828406691551208,60.688968658447266,136.69894409179688,1.9388786554336548,1.6649999618530273,0.4650000035762787,0.2800000011920929,1.8700001239776611,0.3240000009536743,0.024000000208616257,0.44999998807907104,0.25,1.649999976158142,-0.30000001192092896,55.0,15.0,30.0,0.3499999940395355,730.0,850.0,21233664,722.1741063594818
6,230.0,270.0,250.0,640.0,61.211143493652344,0.7818199396133423,59.7535400390625,134.45684814453125,2.2048654556274414,1.6649999618530273,0.4650000035762787,0.2800000011920929,1.8700001239776611,0.20399999618530273,0.05999999865889549,0.5174999833106995,0.15000000596046448,1.649999976158142,-0.4000000059604645,55.0,15.0,35.0,0.6499999761581421,720.0,820.0,21233664,722.1741063594818
6,230.0,270.0,250.0,640.0,61.21065902709961,0.7819282412528992,61.176544189453125,139.20870971679688,1.7985353469848633,1.6649999618530273,0.4650000035762787,0.2800000011920929,1.8700001239776611,0.23999999463558197,0.03200000151991844,0.4049999713897705,0.3375000059604645,1.649999976158142,-0.30000001192092896,50.0,15.0,75.0,0.800000011920929,700.0,820.0,21233664,722.1741063594818
6,230.0,270.0,250.0,640.0,61.210018157958984,0.7788465619087219,60.01813507080078,136.88888549804688,2.2059426307678223,1.6649999618530273,0.27000001072883606,0.2800000011920929,1.8700001239776611,0.3240000009536743,0.05999999865889549,0.4049999713897705,0.25,1.649999976158142,-0.30000001192092896,55.0,12.0,35.0,0.6499999761581421,700.0,870.0,21233664,722.1741063594818
6,230.0,270.0,250.0,640.0,61.20990753173828,0.7816423177719116,60.42213439941406,136.7494354248047,2.0226449966430664,1.6649999618530273,0.4050000309944153,0.2800000011920929,1.8700001239776611,0.2759999930858612,0.024000000208616257,0.44999998807907104,0.3375000059604645,1.649999976158142,-0.4000000059604645,50.0,30.0,30.0,0.800000011920929,700.0,850.0,21233664,722.1741063594818
6,230.0,270.0,250.0,640.0,61.20850372314453,0.7788497805595398,59.78802490234375,136.72254943847656,2.2298827171325684,1.6649999618530273,0.36000001430511475,0.2800000011920929,1.8700001239776611,0.20399999618530273,0.05999999865889549,0.44999998807907104,0.15000000596046448,1.649999976158142,-0.44999998807907104,55.0,15.0,75.0,0.800000011920929,690.0,840.0,21233664,722.1741063594818
7,270.0,315.0,292.5,660.0,63.55860900878906,0.7823700308799744,61.21914291381836,138.17100524902344,2.3163180351257324,1.6649999618530273,0.4650000035762787,0.2800000011920929,1.8700001239776611,0.3240000009536743,0.04800000041723251,0.4049999713897705,0.2874999940395355,1.649999976158142,-0.44999998807907104,55.0,15.0,40.0,0.800000011920929,700.0,840.0,21037056,720.9823544025421
7,270.0,315.0,292.5,660.0,63.487693786621094,0.7814322113990784,61.125816345214844,138.77371215820312,2.26718807220459,1.6649999618530273,0.4650000035762787,0.2800000011920929,1.8700001239776611,0.23999999463558197,0.05999999865889549,0.4049999713897705,0.2874999940395355,1.649999976158142,-0.3499999940395355,55.0,12.0,30.0,0.6499999761581421,690.0,870.0,21037056,720.9823544025421
7,270.0,315.0,292.5,660.0,63.484825134277344,0.7821416258811951,61.19934844970703,138.44210815429688,2.239067792892456,1.6649999618530273,0.4650000035762787,0.2800000011920929,1.8700001239776611,0.3240000009536743,0.03200000151991844,0.4049999713897705,0.2874999940395355,1.649999976158142,-0.44999998807907104,55.0,15.0,35.0,0.5,700.0,870.0,21037056,720.9823544025421
7,270.0,315.0,292.5,660.0,63.4677619934082,0.7823924422264099,61.042213439941406,137.01141357421875,2.3163180351257324,1.6649999618530273,0.4050000309944153,0.2800000011920929,1.8700001239776611,0.3840000033378601,0.05999999865889549,0.4049999713897705,0.3375000059604645,1.649999976158142,-0.44999998807907104,55.0,15.0,40.0,0.800000011920929,720.0,840.0,21037056,720.9823544025421
7,270.0,315.0,292.5,660.0,63.413909912109375,0.7808233499526978,60.835044860839844,138.23663330078125,2.287473201751709,1.6649999618530273,0.4050000309944153,0.2800000011920929,1.8700001239776611,0.3240000009536743,0.024000000208616257,0.4049999713897705,0.2874999940395355,1.649999976158142,-0.4000000059604645,55.0,12.0,40.0,0.800000011920929,700.0,840.0,21037056,720.9823544025421
7,270.0,315.0,292.5,660.0,63.40547180175781,0.7819434404373169,60.64694595336914,136.888427734375,2.317030668258667,1.6649999618530273,0.4650000035762787,0.2800000011920929,1.8700001239776611,0.2759999930858612,0.03999999910593033,0.44999998807907104,0.25,1.649999976158142,-0.4000000059604645,55.0,12.0,30.0,0.800000011920929,700.0,870.0,21037056,720.9823544025421
7,270.0,315.0,292.5,660.0,63.378971099853516,0.7818300724029541,60.63705062866211,137.02398681640625,2.288745641708374,1.6649999618530273,0.4650000035762787,0.2800000011920929,1.8700001239776611,0.2759999930858612,0.03200000151991844,0.44999998807907104,0.25,1.649999976158142,-0.44999998807907104,55.0,15.0,50.0,0.800000011920929,730.0,870.0,21037056,720.9823544025421
7,270.0,315.0,292.5,660.0,63.377899169921875,0.781093418598175,60.60835266113281,137.68527221679688,2.288745641708374,1.6649999618530273,0.4650000035762787,0.2800000011920929,1.8700001239776611,0.20399999618530273,0.03200000151991844,0.44999998807907104,0.2874999940395355,1.649999976158142,-0.44999998807907104,55.0,15.0,50.0,0.800000011920929,690.0,870.0,21037056,720.9823544025421
7,270.0,315.0,292.5,660.0,63.372169494628906,0.7807222008705139,60.817771911621094,138.0872344970703,2.2633681297302246,1.6649999618530273,0.4050000309944153,0.2800000011920929,1.8700001239776611,0.2759999930858612,0.05999999865889549,0.4049999713897705,0.2874999940395355,1.649999976158142,-0.44999998807907104,55.0,15.0,60.0,0.800000011920929,690.0,820.0,21037056,720.9823544025421
7,270.0,315.0,292.5,660.0,63.370426177978516,0.7799179553985596,60.61018753051758,138.20957946777344,2.3163180351257324,1.6649999618530273,0.4050000309944153,0.2800000011920929,1.8700001239776611,0.3240000009536743,0.03200000151991844,0.4049999713897705,0.15000000596046448,1.649999976158142,-0.44999998807907104,55.0,15.0,40.0,0.800000011920929,710.0,840.0,21037056,720.9823544025421
7,270.0,315.0,292.5,660.0,63.33036804199219,0.7814157009124756,61.12764358520508,139.03826904296875,2.09249210357666,1.6649999618530273,0.4650000035762787,0.2800000011920929,1.8700001239776611,0.2759999930858612,0.024000000208616257,0.4049999713897705,0.2874999940395355,1.649999976158142,-0.3499999940395355,55.0,15.0,50.0,0.800000011920929,730.0,850.0,21037056,720.9823544025421
7,270.0,315.0,292.5,660.0,63.31800842285156,0.7829403877258301,61.2865104675293,137.73080444335938,2.0668277740478516,1.6649999618530273,0.4650000035762787,0.2800000011920929,1.8700001239776611,0.3840000033378601,0.03999999910593033,0.4049999713897705,0.2874999940395355,1.649999976158142,-0.3499999940395355,55.0,15.0,40.0,0.6499999761581421,710.0,870.0,21037056,720.9823544025421
7,270.0,315.0,292.5,660.0,63.29515075683594,0.7807303071022034,60.697349548339844,137.49827575683594,2.234799861907959,1.6649999618530273,0.4050000309944153,0.2800000011920929,1.8700001239776611,0.3840000033378601,0.03999999910593033,0.4049999713897705,0.15000000596046448,1.649999976158142,-0.4000000059604645,55.0,15.0,40.0,0.800000011920929,690.0,820.0,21037056,720.9823544025421
7,270.0,315.0,292.5,660.0,63.28435516357422,0.7827640771865845,60.590911865234375,135.30641174316406,2.2591140270233154,1.6649999618530273,0.4050000309944153,0.2800000011920929,1.8700001239776611,0.3840000033378601,0.04800000041723251,0.44999998807907104,0.3375000059604645,1.649999976158142,-0.4000000059604645,55.0,12.0,50.0,0.800000011920929,720.0,870.0,21037056,720.9823544025421
7,270.0,315.0,292.5,660.0,63.281944274902344,0.7809163331985474,60.88829040527344,138.25112915039062,2.145193099975586,1.6649999618530273,0.4050000309944153,0.2800000011920929,1.8700001239776611,0.2759999930858612,0.04800000041723251,0.4049999713897705,0.3375000059604645,1.649999976158142,-0.3499999940395355,55.0,15.0,30.0,0.800000011920929,730.0,850.0,21037056,720.9823544025421
7,270.0,315.0,292.5,660.0,63.27797317504883,0.7798450589179993,60.41517639160156,137.1286163330078,2.3163180351257324,1.6649999618530273,0.33000001311302185,0.2800000011920929,1.8700001239776611,0.3840000033378601,0.03200000151991844,0.4049999713897705,0.25,1.649999976158142,-0.44999998807907104,55.0,15.0,40.0,0.800000011920929,690.0,820.0,21037056,720.9823544025421
7,270.0,315.0,292.5,660.0,63.27619934082031,0.7809240221977234,61.08127975463867,139.38372802734375,2.047532558441162,1.6649999618530273,0.4650000035762787,0.2800000011920929,1.8700001239776611,0.23999999463558197,0.024000000208616257,0.4049999713897705,0.2874999940395355,1.399999976158142,-0.44999998807907104,55.0,12.0,30.0,0.3499999940395355,710.0,870.0,21037056,720.9823544025421
7,270.0,315.0,292.5,660.0,63.258888244628906,0.7810087203979492,60.998043060302734,138.83621215820312,2.068591833114624,1.6649999618530273,0.4650000035762787,0.2800000011920929,1.8700001239776611,0.2759999930858612,0.03999999910593033,0.4049999713897705,0.20000000298023224,1.649999976158142,-0.44999998807907104,55.0,12.0,75.0,0.6499999761581421,710.0,840.0,21037056,720.9823544025421
7,270.0,315.0,292.5,660.0,63.24684143066406,0.7782699465751648,60.270843505859375,138.28541564941406,2.3109405040740967,1.6649999618530273,0.36000001430511475,0.2800000011920929,1.8700001239776611,0.23999999463558197,0.05999999865889549,0.4049999713897705,0.15000000596046448,1.649999976158142,-0.44999998807907104,55.0,15.0,30.0,0.6499999761581421,700.0,850.0,21037056,720.9823544025421
7,270.0,315.0,292.5,660.0,63.24169921875,0.7825343608856201,61.23398971557617,137.96768188476562,2.0024423599243164,1.6649999618530273,0.4650000035762787,0.2800000011920929,1.8700001239776611,0.3240000009536743,0.05999999865889549,0.4049999713897705,0.2874999940395355,1.649999976158142,-0.25,50.0,25.0,35.0,0.800000011920929,690.0,840.0,21037056,720.9823544025421
7,270.0,315.0,292.5,660.0,63.234169006347656,0.7806050181388855,60.574462890625,136.92401123046875,2.2295103073120117,1.6649999618530273,0.33000001311302185,0.2800000011920929,1.8700001239776611,0.3840000033378601,0.03999999910593033,0.4049999713897705,0.3375000059604645,1.649999976158142,-0.4000000059604645,55.0,12.0,40.0,0.6499999761581421,730.0,840.0,21037056,720.9823544025421
7,270.0,315.0,292.5,660.0,63.23301315307617,0.78056800365448,60.858604431152344,138.65777587890625,2.091398000717163,1.6649999618530273,0.4050000309944153,0.2800000011920929,1.8700001239776611,0.2759999930858612,0.024000000208616257,0.4049999713897705,0.3375000059604645,1.649999976158142,-0.30000001192092896,55.0,12.0,60.0,0.6499999761581421,690.0,820.0,21037056,720.9823544025421
7,270.0,315.0,292.5,660.0,63.228981018066406,0.778650164604187,60.541019439697266,139.32162475585938,2.1798818111419678,1.6649999618530273,0.4050000309944153,0.2800000011920929,1.8700001239776611,0.20399999618530273,0.03200000151991844,0.4049999713897705,0.20000000298023224,1.649999976158142,-0.4000000059604645,55.0,12.0,50.0,0.6499999761581421,710.0,870.0,21037056,720.9823544025421
7,270.0,315.0,292.5,660.0,63.22805404663086,0.7786492109298706,60.379127502441406,138.4413604736328,2.2509069442749023,1.6649999618530273,0.33000001311302185,0.2800000011920929,1.8700001239776611,0.23999999463558197,0.03200000151991844,0.4049999713897705,0.3375000059604645,1.649999976158142,-0.44999998807907104,55.0,12.0,30.0,0.5,700.0,850.0,21037056,720.9823544025421
7,270.0,315.0,292.5,660.0,63.21626281738281,0.7819949388504028,61.00757598876953,137.48587036132812,2.058607578277588,1.6649999618530273,0.4050000309944153,0.2800000011920929,1.8700001239776611,0.3840000033378601,0.03200000151991844,0.4049999713897705,0.3375000059604645,1.649999976158142,-0.25,55.0,12.0,40.0,0.6499999761581421,710.0,840.0,21037056,720.9823544025421
7,270.0,315.0,292.5,660.0,63.21495056152344,0.7818092107772827,59.94375991821289,134.9583282470703,2.3163182735443115,1.6649999618530273,0.4650000035762787,0.2800000011920929,1.8700001239776611,0.20399999618530273,0.024000000208616257,0.5174999833106995,0.2874999940395355,1.649999976158142,-0.44999998807907104,55.0,15.0,40.0,0.800000011920929,710.0,840.0,21037056,720.9823544025421
7,270.0,315.0,292.5,660.0,63.209354400634766,0.783220648765564,60.7860221862793,135.85205078125,2.1052916049957275,1.6649999618530273,0.4650000035762787,0.2800000011920929,1.8700001239776611,0.3840000033378601,0.03999999910593033,0.44999998807907104,0.25,1.399999976158142,-0.4000000059604645,55.0,12.0,30.0,0.6499999761581421,720.0,850.0,21037056,720.9823544025421
7,270.0,315.0,292.5,660.0,63.20191192626953,0.7817528247833252,60.93210983276367,137.3897705078125,2.070784091949463,1.6649999618530273,0.4050000309944153,0.2800000011920929,1.8700001239776611,0.3840000033378601,0.03999999910593033,0.4049999713897705,0.2874999940395355,1.649999976158142,-0.44999998807907104,55.0,15.0,60.0,0.5,700.0,820.0,21037056,720.9823544025421
7,270.0,315.0,292.5,660.0,63.20158004760742,0.7823700308799744,61.219146728515625,138.17100524902344,1.9592876434326172,1.6649999618530273,0.4650000035762787,0.2800000011920929,1.8700001239776611,0.3240000009536743,0.04800000041723251,0.4049999713897705,0.2874999940395355,1.649999976158142,-0.25,55.0,12.0,40.0,0.3499999940395355,730.0,840.0,21037056,720.9823544025421
7,270.0,315.0,292.5,660.0,63.19906997680664,0.7784010767936707,60.30365753173828,138.34527587890625,2.24882173538208,1.6649999618530273,0.33000001311302185,0.2800000011920929,1.8700001239776611,0.23999999463558197,0.03999999910593033,0.4049999713897705,0.2874999940395355,1.649999976158142,-0.4000000059604645,55.0,15.0,35.0,0.800000011920929,690.0,820.0,21037056,720.9823544025421
7,270.0,315.0,292.5,660.0,63.19772720336914,0.7813770174980164,61.08340835571289,138.7967529296875,1.9819118976593018,1.6649999618530273,0.4650000035762787,0.2800000011920929,1.8700001239776611,0.2759999930858612,0.03999999910593033,0.4049999713897705,0.25,1.649999976158142,-0.20000000298023224,50.0,20.0,30.0,0.6499999761581421,720.0,850.0,21037056,720.9823544025421
7,270.0,315.0,292.5,660.0,63.194034576416016,0.7826694846153259,61.22248840332031,137.76039123535156,1.9616703987121582,1.6649999618530273,0.4650000035762787,0.2800000011920929,1.8700001239776611,0.3840000033378601,0.03999999910593033,0.4049999713897705,0.25,1.649999976158142,-0.44999998807907104,50.0,25.0,30.0,0.6499999761581421,730.0,870.0,21037056,720.9823544025421
7,270.0,315.0,292.5,660.0,63.19342803955078,0.7829403877258301,61.28651428222656,137.73080444335938,1.9422411918640137,1.6649999618530273,0.4650000035762787,0.2800000011920929,1.8700001239776611,0.3840000033378601,0.03999999910593033,0.4049999713897705,0.2874999940395355,1.649999976158142,-0.20000000298023224,50.0,25.0,30.0,0.5,710.0,870.0,21037056,720.9823544025421
7,270.0,315.0,292.5,660.0,63.187957763671875,0.7814157009124756,61.12764358520508,139.03826904296875,1.9500811100006104,1.6649999618530273,0.4650000035762787,0.2800000011920929,1.8700001239776611,0.2759999930858612,0.024000000208616257,0.4049999713897705,0.2874999940395355,1.399999976158142,-0.4000000059604645,55.0,12.0,50.0,0.5,700.0,840.0,21037056,720.9823544025421
7,270.0,315.0,292.5,660.0,63.18257141113281,0.7824161052703857,61.14702224731445,137.66429138183594,1.977419376373291,1.6649999618530273,0.4650000035762787,0.2800000011920929,1.8700001239776611,0.3840000033378601,0.04800000041723251,0.4049999713897705,0.20000000298023224,1.649999976158142,-0.30000001192092896,50.0,20.0,30.0,0.6499999761581421,690.0,840.0,21037056,720.9823544025421
7,270.0,315.0,292.5,660.0,63.180789947509766,0.7796510457992554,60.421730041503906,137.40365600585938,2.211486577987671,1.6649999618530273,0.33000001311302185,0.2800000011920929,1.8700001239776611,0.3240000009536743,0.04800000041723251,0.4049999713897705,0.2874999940395355,1.649999976158142,-0.44999998807907104,55.0,15.0,50.0,0.6499999761581421,730.0,840.0,21037056,720.9823544025421
7,270.0,315.0,292.5,660.0,63.180755615234375,0.7772738933563232,60.01482391357422,138.23587036132812,2.3263940811157227,1.6649999618530273,0.27000001072883606,0.2800000011920929,1.8700001239776611,0.23999999463558197,0.024000000208616257,0.4049999713897705,0.3375000059604645,1.649999976158142,-0.44999998807907104,55.0,12.0,30.0,0.800000011920929,700.0,850.0,21037056,720.9823544025421
7,270.0,315.0,292.5,660.0,63.17701721191406,0.7818117141723633,61.04186248779297,137.97488403320312,1.9943755865097046,1.6649999618530273,0.4650000035762787,0.2800000011920929,1.8700001239776611,0.3840000033378601,0.03200000151991844,0.4049999713897705,0.15000000596046448,1.649999976158142,-0.4000000059604645,50.0,30.0,40.0,0.800000011920929,690.0,870.0,21037056,720.9823544025421
7,270.0,315.0,292.5,660.0,63.176025390625,0.7802228331565857,60.77140426635742,138.43267822265625,2.076899766921997,1.6649999618530273,0.4050000309944153,0.2800000011920929,1.8700001239776611,0.23999999463558197,0.05999999865889549,0.4049999713897705,0.2874999940395355,1.649999976158142,-0.30000001192092896,55.0,12.0,40.0,0.3499999940395355,720.0,850.0,21037056,720.9823544025421
7,270.0,315.0,292.5,660.0,63.173316955566406,0.7813906073570251,60.807456970214844,137.11993408203125,2.091398000717163,1.6649999618530273,0.4050000309944153,0.2800000011920929,1.8700001239776611,0.3840000033378601,0.05999999865889549,0.4049999713897705,0.20000000298023224,1.649999976158142,-0.30000001192092896,55.0,12.0,60.0,0.6499999761581421,700.0,850.0,21037056,720.9823544025421
7,270.0,315.0,292.5,660.0,63.170616149902344,0.7817882895469666,61.211177825927734,138.7342529296875,1.925333023071289,1.6649999618530273,0.4650000035762787,0.2800000011920929,1.8700001239776611,0.23999999463558197,0.05999999865889549,0.4049999713897705,0.3375000059604645,1.649999976158142,-0.30000001192092896,50.0,25.0,30.0,0.3499999940395355,690.0,820.0,21037056,720.9823544025421
7,270.0,315.0,292.5,660.0,63.169700622558594,0.779135525226593,60.20026397705078,136.85406494140625,2.28487491607666,1.6649999618530273,0.27000001072883606,0.2800000011920929,1.8700001239776611,0.3840000033378601,0.024000000208616257,0.4049999713897705,0.3375000059604645,1.649999976158142,-0.44999998807907104,55.0,15.0,35.0,0.6499999761581421,710.0,820.0,21037056,720.9823544025421
7,270.0,315.0,292.5,660.0,63.16876220703125,0.7791075706481934,60.22807312011719,137.09364318847656,2.26718807220459,1.6649999618530273,0.30000001192092896,0.2800000011920929,1.8700001239776611,0.3840000033378601,0.024000000208616257,0.4049999713897705,0.25,1.649999976158142,-0.3499999940395355,55.0,12.0,30.0,0.6499999761581421,720.0,820.0,21037056,720.9823544025421
7,270.0,315.0,292.5,660.0,63.16743087768555,0.7832207083702087,60.7860221862793,135.85205078125,2.2633681297302246,1.6649999618530273,0.4650000035762787,0.2800000011920929,1.8700001239776611,0.3840000033378601,0.03999999910593033,0.44999998807907104,0.25,1.649999976158142,-0.44999998807907104,55.0,15.0,60.0,0.800000011920929,730.0,820.0,21037056,720.9823544025421
7,270.0,315.0,292.5,660.0,63.16659164428711,0.7821859121322632,61.127235412597656,137.93540954589844,1.9580720663070679,1.6649999618530273,0.4650000035762787,0.2800000011920929,1.8700001239776611,0.3840000033378601,0.03200000151991844,0.4049999713897705,0.20000000298023224,1.649999976158142,-0.44999998807907104,50.0,30.0,35.0,0.6499999761581421,720.0,820.0,21037056,720.9823544025421
7,270.0,315.0,292.5,660.0,63.15985107421875,0.7803906798362732,60.3003044128418,136.99879455566406,2.181962490081787,1.6649999618530273,0.4050000309944153,0.2800000011920929,1.8700001239776611,0.23999999463558197,0.03200000151991844,0.44999998807907104,0.2874999940395355,1.649999976158142,-0.4000000059604645,55.0,15.0,60.0,0.800000011920929,720.0,840.0,21037056,720.9823544025421
7,270.0,315.0,292.5,660.0,63.15882110595703,0.7829411625862122,60.83835983276367,136.6298828125,2.0144577026367188,1.6649999618530273,0.4650000035762787,0.2800000011920929,1.8700001239776611,0.3240000009536743,0.024000000208616257,0.44999998807907104,0.3375000059604645,1.649999976158142,-0.44999998807907104,55.0,12.0,50.0,0.3499999940395355,720.0,850.0,21037056,720.9823544025421
7,270.0,315.0,292.5,660.0,63.153587341308594,0.7813305854797363,60.262672424316406,135.4230499267578,2.2299509048461914,1.6649999618530273,0.36000001430511475,0.2800000011920929,1.8700001239776611,0.3240000009536743,0.05999999865889549,0.44999998807907104,0.3375000059604645,1.649999976158142,-0.30000001192092896,55.0,12.0,30.0,0.6499999761581421,730.0,840.0,21037056,720.9823544025421
7,270.0,315.0,292.5,660.0,63.14849090576172,0.7806099057197571,60.37394714355469,136.83033752441406,2.163832664489746,1.6649999618530273,0.4050000309944153,0.2800000011920929,1.8700001239776611,0.20399999618530273,0.05999999865889549,0.44999998807907104,0.3375000059604645,1.649999976158142,-0.4000000059604645,55.0,15.0,30.0,0.3499999940395355,690.0,820.0,21037056,720.9823544025421
7,270.0,315.0,292.5,660.0,63.14649200439453,0.7799064517021179,60.846527099609375,139.4922332763672,1.988290786743164,1.6649999618530273,0.4650000035762787,0.2800000011920929,1.8700001239776611,0.23999999463558197,0.024000000208616257,0.4049999713897705,0.15000000596046448,1.649999976158142,-0.20000000298023224,50.0,20.0,40.0,0.800000011920929,710.0,850.0,21037056,720.9823544025421
7,270.0,315.0,292.5,660.0,63.142738342285156,0.7825447916984558,60.009918212890625,134.34176635742188,2.2374370098114014,1.6649999618530273,0.4650000035762787,0.2800000011920929,1.8700001239776611,0.23999999463558197,0.03999999910593033,0.5174999833106995,0.2874999940395355,1.649999976158142,-0.44999998807907104,55.0,12.0,60.0,0.800000011920929,690.0,870.0,21037056,720.9823544025421
7,270.0,315.0,292.5,660.0,63.141937255859375,0.7806867957115173,60.86849594116211,138.522216796875,2.0017788410186768,1.6649999618530273,0.4050000309944153,0.2800000011920929,1.8700001239776611,0.2759999930858612,0.03200000151991844,0.4049999713897705,0.3375000059604645,1.649999976158142,-0.20000000298023224,50.0,20.0,35.0,0.800000011920929,720.0,820.0,21037056,720.9823544025421
7,270.0,315.0,292.5,660.0,63.13726806640625,0.7824351787567139,60.00001907348633,134.47732543945312,2.2299509048461914,1.6649999618530273,0.4650000035762787,0.2800000011920929,1.8700001239776611,0.23999999463558197,0.03200000151991844,0.5174999833106995,0.2874999940395355,1.649999976158142,-0.30000001192092896,55.0,12.0,30.0,0.6499999761581421,690.0,870.0,21037056,720.9823544025421
7,270.0,315.0,292.5,660.0,63.13554763793945,0.781243622303009,60.97449493408203,138.4150848388672,1.9616703987121582,1.6649999618530273,0.4650000035762787,0.2800000011920929,1.8700001239776611,0.3240000009536743,0.03999999910593033,0.4049999713897705,0.15000000596046448,1.649999976158142,-0.44999998807907104,50.0,25.0,30.0,0.6499999761581421,710.0,870.0,21037056,720.9823544025421
7,270.0,315.0,292.5,660.0,63.134761810302734,0.7821751236915588,59.74388885498047,133.46578979492188,2.330681562423706,1.6649999618530273,0.4050000309944153,0.2800000011920929,1.8700001239776611,0.3240000009536743,0.024000000208616257,0.5174999833106995,0.2874999940395355,1.649999976158142,-0.44999998807907104,55.0,15.0,35.0,0.800000011920929,720.0,870.0,21037056,720.9823544025421
7,270.0,315.0,292.5,660.0,63.13179016113281,0.7799599766731262,60.49711608886719,137.47415161132812,2.133665084838867,1.6649999618530273,0.36000001430511475,0.2800000011920929,1.8700001239776611,0.3840000033378601,0.024000000208616257,0.4049999713897705,0.20000000298023224,1.649999976158142,-0.4000000059604645,55.0,12.0,60.0,0.6499999761581421,720.0,840.0,21037056,720.9823544025421
7,270.0,315.0,292.5,660.0,63.1282844543457,0.7816987633705139,60.964942932128906,137.58717346191406,1.984553575515747,1.6649999618530273,0.4050000309944153,0.2800000011920929,1.8700001239776611,0.3240000009536743,0.05999999865889549,0.4049999713897705,0.3375000059604645,1.649999976158142,-0.30000001192092896,50.0,20.0,40.0,0.800000011920929,690.0,840.0,21037056,720.9823544025421
7,270.0,315.0,292.5,660.0,63.128135681152344,0.7787031531333923,60.2021484375,137.15274047851562,2.24882173538208,1.4399999380111694,0.4650000035762787,0.2800000011920929,1.8700001239776611,0.3840000033378601,0.03200000151991844,0.4049999713897705,0.3375000059604645,1.649999976158142,-0.4000000059604645,55.0,15.0,35.0,0.800000011920929,720.0,840.0,21037056,720.9823544025421
7,270.0,315.0,292.5,660.0,63.124122619628906,0.781745195388794,60.31520462036133,135.18618774414062,2.188039779663086,1.6649999618530273,0.36000001430511475,0.2800000011920929,1.8700001239776611,0.3840000033378601,0.03999999910593033,0.44999998807907104,0.3375000059604645,1.649999976158142,-0.3499999940395355,55.0,12.0,75.0,0.800000011920929,700.0,820.0,21037056,720.9823544025421
7,270.0,315.0,292.5,660.0,63.12207794189453,0.7821415662765503,61.19934844970703,138.44210815429688,1.8763253688812256,1.6649999618530273,0.4650000035762787,0.2800000011920929,1.8700001239776611,0.3240000009536743,0.03200000151991844,0.4049999713897705,0.2874999940395355,1.649999976158142,-0.44999998807907104,55.0,20.0,50.0,0.5,730.0,850.0,21037056,720.9823544025421
7,270.0,315.0,292.5,660.0,63.118858337402344,0.7834903597831726,60.85004806518555,135.8224639892578,1.9960545301437378,1.6649999618530273,0.4650000035762787,0.2800000011920929,1.8700001239776611,0.3840000033378601,0.03999999910593033,0.44999998807907104,0.2874999940395355,1.649999976158142,-0.30000001192092896,50.0,25.0,40.0,0.800000011920929,700.0,850.0,21037056,720.9823544025421
7,270.0,315.0,292.5,660.0,63.11842346191406,0.7823023796081543,61.137123107910156,137.79986572265625,1.9115078449249268,1.6649999618530273,0.4650000035762787,0.2800000011920929,1.8700001239776611,0.3840000033378601,0.03999999910593033,0.4049999713897705,0.20000000298023224,1.649999976158142,-0.3499999940395355,50.0,20.0,60.0,0.800000011920929,690.0,870.0,21037056,720.9823544025421
7,270.0,315.0,292.5,660.0,63.117591857910156,0.7808675765991211,60.20835876464844,135.82681274414062,2.197950601577759,1.6649999618530273,0.4050000309944153,0.2800000011920929,1.8700001239776611,0.3240000009536743,0.05999999865889549,0.44999998807907104,0.15000000596046448,1.649999976158142,-0.3499999940395355,55.0,12.0,35.0,0.5,720.0,840.0,21037056,720.9823544025421
7,270.0,315.0,292.5,660.0,63.11661148071289,0.7821859121322632,61.127235412597656,137.93540954589844,1.9080911874771118,1.6649999618530273,0.4650000035762787,0.2800000011920929,1.8700001239776611,0.3840000033378601,0.03200000151991844,0.4049999713897705,0.20000000298023224,1.399999976158142,-0.4000000059604645,55.0,15.0,35.0,0.800000011920929,700.0,850.0,21037056,720.9823544025421
7,270.0,315.0,292.5,660.0,63.11500930786133,0.7812232375144958,60.7926139831543,137.32327270507812,2.0302348136901855,1.6649999618530273,0.4050000309944153,0.2800000011920929,1.8700001239776611,0.3840000033378601,0.04800000041723251,0.4049999713897705,0.20000000298023224,1.649999976158142,-0.30000001192092896,55.0,12.0,75.0,0.6499999761581421,720.0,850.0,21037056,720.9823544025421
7,270.0,315.0,292.5,660.0,63.11288070678711,0.7783685922622681,60.21052551269531,137.93331909179688,2.199446201324463,1.6649999618530273,0.33000001311302185,0.2800000011920929,1.8700001239776611,0.2759999930858612,0.04800000041723251,0.4049999713897705,0.20000000298023224,1.649999976158142,-0.3499999940395355,55.0,12.0,30.0,0.3499999940395355,700.0,870.0,21037056,720.9823544025421
7,270.0,315.0,292.5,660.0,63.11029052734375,0.7823797464370728,61.274818420410156,138.5382080078125,1.838240385055542,1.6649999618530273,0.4650000035762787,0.2800000011920929,1.8700001239776611,0.3240000009536743,0.024000000208616257,0.4049999713897705,0.3375000059604645,1.649999976158142,-0.25,50.0,25.0,40.0,0.3499999940395355,710.0,840.0,21037056,720.9823544025421
7,270.0,315.0,292.5,660.0,63.10741424560547,0.7811504006385803,60.21004104614258,135.49676513671875,2.1932618618011475,1.6649999618530273,0.36000001430511475,0.2800000011920929,1.8700001239776611,0.3840000033378601,0.024000000208616257,0.44999998807907104,0.2874999940395355,1.649999976158142,-0.44999998807907104,55.0,15.0,35.0,0.3499999940395355,720.0,840.0,21037056,720.9823544025421
7,270.0,315.0,292.5,660.0,63.10396194458008,0.779728889465332,60.829856872558594,139.4310302734375,1.9619152545928955,1.6649999618530273,0.4650000035762787,0.2800000011920929,1.8700001239776611,0.20399999618530273,0.04800000041723251,0.4049999713897705,0.15000000596046448,1.399999976158142,-0.44999998807907104,55.0,15.0,30.0,0.5,700.0,870.0,21037056,720.9823544025421
7,270.0,315.0,292.5,660.0,63.1016731262207,0.780473530292511,61.000587463378906,139.3520965576172,1.9080911874771118,1.6649999618530273,0.4650000035762787,0.2800000011920929,1.8700001239776611,0.20399999618530273,0.04800000041723251,0.4049999713897705,0.25,1.399999976158142,-0.4000000059604645,55.0,15.0,35.0,0.800000011920929,710.0,820.0,21037056,720.9823544025421
7,270.0,315.0,292.5,660.0,63.09749984741211,0.7811113595962524,60.36646270751953,136.3822479248047,2.113839864730835,1.6649999618530273,0.4050000309944153,0.2800000011920929,1.8700001239776611,0.2759999930858612,0.04800000041723251,0.44999998807907104,0.2874999940395355,1.649999976158142,-0.3499999940395355,55.0,15.0,30.0,0.6499999761581421,720.0,850.0,21037056,720.9823544025421
7,270.0,315.0,292.5,660.0,63.09242248535156,0.7795188426971436,60.09329605102539,136.77789306640625,2.1969707012176514,1.6649999618530273,0.36000001430511475,0.2800000011920929,1.8700001239776611,0.20399999618530273,0.04800000041723251,0.44999998807907104,0.3375000059604645,1.649999976158142,-0.4000000059604645,55.0,15.0,30.0,0.5,710.0,870.0,21037056,720.9823544025421
7,270.0,315.0,292.5,660.0,63.090492248535156,0.783262312412262,58.96149444580078,133.079345703125,2.3010592460632324,1.6649999618530273,0.4650000035762787,0.33249998092651367,1.8700001239776611,0.20399999618530273,0.05999999865889549,0.4049999713897705,0.25,1.649999976158142,-0.3499999940395355,55.0,12.0,30.0,0.800000011920929,720.0,870.0,21037056,720.9823544025421
7,270.0,315.0,292.5,660.0,63.08915710449219,0.783218502998352,61.31125259399414,137.3919219970703,1.8427677154541016,1.6649999618530273,0.4650000035762787,0.2800000011920929,1.8700001239776611,0.3840000033378601,0.05999999865889549,0.4049999713897705,0.2874999940395355,1.649999976158142,-0.30000001192092896,50.0,30.0,40.0,0.3499999940395355,700.0,850.0,21037056,720.9823544025421
7,270.0,315.0,292.5,660.0,63.08366012573242,0.7814970016479492,60.644813537597656,137.47537231445312,1.9819762706756592,1.6649999618530273,0.4650000035762787,0.2800000011920929,1.8700001239776611,0.23999999463558197,0.024000000208616257,0.44999998807907104,0.2874999940395355,1.649999976158142,-0.30000001192092896,50.0,30.0,30.0,0.6499999761581421,710.0,840.0,21037056,720.9823544025421
7,270.0,315.0,292.5,660.0,63.079132080078125,0.7751732468605042,59.725704193115234,139.12405395507812,2.3109402656555176,1.4399999380111694,0.4650000035762787,0.2800000011920929,1.8700001239776611,0.20399999618530273,0.024000000208616257,0.4049999713897705,0.20000000298023224,1.649999976158142,-0.44999998807907104,55.0,15.0,30.0,0.6499999761581421,700.0,870.0,21037056,720.9823544025421
7,270.0,315.0,292.5,660.0,63.07731246948242,0.7830239534378052,58.980987548828125,133.6597442626953,2.2609546184539795,1.6649999618530273,0.4650000035762787,0.33249998092651367,1.8700001239776611,0.20399999618530273,0.024000000208616257,0.4049999713897705,0.2874999940395355,1.649999976158142,-0.44999998807907104,55.0,12.0,35.0,0.6499999761581421,730.0,840.0,21037056,720.9823544025421
7,270.0,315.0,292.5,660.0,63.076847076416016,0.7816253304481506,61.19633483886719,138.93759155273438,1.8284475803375244,1.6649999618530273,0.4650000035762787,0.2800000011920929,1.8700001239776611,0.23999999463558197,0.04800000041723251,0.4049999713897705,0.3375000059604645,1.649999976158142,-0.25,50.0,25.0,50.0,0.5,690.0,820.0,21037056,720.9823544025421
7,270.0,315.0,292.5,660.0,63.075767517089844,0.7809908986091614,61.14008331298828,139.41860961914062,1.8365751504898071,1.6649999618530273,0.4650000035762787,0.2800000011920929,1.8700001239776611,0.20399999618530273,0.03999999910593033,0.4049999713897705,0.3375000059604645,1.649999976158142,-0.4000000059604645,50.0,40.0,35.0,0.6499999761581421,700.0,850.0,21037056,720.9823544025421
7,270.0,315.0,292.5,660.0,63.074954986572266,0.7811607122421265,61.061790466308594,138.80331420898438,1.8733022212982178,1.6649999618530273,0.4650000035762787,0.2800000011920929,1.8700001239776611,0.23999999463558197,0.05999999865889549,0.4049999713897705,0.25,1.649999976158142,-0.4000000059604645,55.0,20.0,35.0,0.5,690.0,820.0,21037056,720.9823544025421
7,270.0,315.0,292.5,660.0,63.07173538208008,0.7804427742958069,60.79302978515625,138.42611694335938,1.9582245349884033,1.6649999618530273,0.4050000309944153,0.2800000011920929,1.8700001239776611,0.2759999930858612,0.03999999910593033,0.4049999713897705,0.2874999940395355,1.399999976158142,-0.3499999940395355,55.0,12.0,60.0,0.800000011920929,710.0,870.0,21037056,720.9823544025421
7,270.0,315.0,292.5,660.0,63.070030212402344,0.7781344056129456,60.19073486328125,138.20443725585938,2.1534695625305176,1.6649999618530273,0.33000001311302185,0.2800000011920929,1.8700001239776611,0.2759999930858612,0.03200000151991844,0.4049999713897705,0.20000000298023224,1.649999976158142,-0.3499999940395355,55.0,12.0,35.0,0.3499999940395355,730.0,840.0,21037056,720.9823544025421
7,270.0,315.0,292.5,660.0,63.06952667236328,0.7825947403907776,60.62519073486328,135.79544067382812,2.0184648036956787,1.6649999618530273,0.4650000035762787,0.2800000011920929,1.8700001239776611,0.3840000033378601,0.04800000041723251,0.44999998807907104,0.15000000596046448,1.649999976158142,-0.44999998807907104,50.0,30.0,30.0,0.800000011920929,690.0,870.0,21037056,720.9823544025421
7,270.0,315.0,292.5,660.0,63.067657470703125,0.7785577178001404,59.793270111083984,136.6020965576172,2.2633681297302246,1.6649999618530273,0.33000001311302185,0.2800000011920929,1.8700001239776611,0.23999999463558197,0.03200000151991844,0.44999998807907104,0.25,1.649999976158142,-0.44999998807907104,55.0,15.0,60.0,0.800000011920929,710.0,850.0,21037056,720.9823544025421
7,270.0,315.0,292.5,660.0,63.067264556884766,0.7809428572654724,60.84494400024414,138.10107421875,1.9422411918640137,1.6649999618530273,0.4050000309944153,0.2800000011920929,1.8700001239776611,0.3240000009536743,0.03200000151991844,0.4049999713897705,0.2874999940395355,1.649999976158142,-0.20000000298023224,50.0,25.0,30.0,0.5,700.0,820.0,21037056,720.9823544025421
7,270.0,315.0,292.5,660.0,63.06262969970703,0.7812862992286682,61.02278518676758,138.49732971191406,1.8771573305130005,1.6649999618530273,0.4650000035762787,0.2800000011920929,1.8700001239776611,0.2759999930858612,0.05999999865889549,0.4049999713897705,0.20000000298023224,1.649999976158142,-0.44999998807907104,50.0,40.0,75.0,0.800000011920929,730.0,870.0,21037056,720.9823544025421
7,270.0,315.0,292.5,660.0,63.06195068359375,0.778386652469635,60.465553283691406,139.22555541992188,2.0406808853149414,1.6649999618530273,0.4050000309944153,0.2800000011920929,1.8700001239776611,0.20399999618530273,0.03999999910593033,0.4049999713897705,0.15000000596046448,1.649999976158142,-0.25,55.0,12.0,35.0,0.5,730.0,850.0,21037056,720.9823544025421
7,270.0,315.0,292.5,660.0,63.06095504760742,0.7798931002616882,60.844703674316406,139.22769165039062,1.9219419956207275,1.6649999618530273,0.4650000035762787,0.2800000011920929,1.8700001239776611,0.20399999618530273,0.05999999865889549,0.4049999713897705,0.15000000596046448,1.649999976158142,-0.3499999940395355,50.0,30.0,75.0,0.800000011920929,710.0,850.0,21037056,720.9823544025421
7,270.0,315.0,292.5,660.0,63.05859375,0.7838952541351318,59.01957702636719,132.86288452148438,2.241669178009033,1.6649999618530273,0.4650000035762787,0.33249998092651367,1.8700001239776611,0.2759999930858612,0.03200000151991844,0.4049999713897705,0.25,1.649999976158142,-0.44999998807907104,55.0,15.0,30.0,0.3499999940395355,690.0,870.0,21037056,720.9823544025421
7,270.0,315.0,292.5,660.0,63.05788803100586,0.7803558707237244,60.207176208496094,136.58685302734375,2.116952896118164,1.6649999618530273,0.4050000309944153,0.2800000011920929,1.8700001239776611,0.2759999930858612,0.03999999910593033,0.44999998807907104,0.20000000298023224,1.649999976158142,-0.4000000059604645,55.0,15.0,35.0,0.3499999940395355,710.0,840.0,21037056,720.9823544025421
7,270.0,315.0,292.5,660.0,63.05728530883789,0.7816252112388611,61.19633483886719,138.93759155273438,1.808889389038086,1.6649999618530273,0.4650000035762787,0.2800000011920929,1.8700001239776611,0.23999999463558197,0.04800000041723251,0.4049999713897705,0.3375000059604645,1.399999976158142,-0.3499999940395355,50.0,20.0,35.0,0.6499999761581421,700.0,820.0,21037056,720.9823544025421
7,270.0,315.0,292.5,660.0,63.056217193603516,0.7809163928031921,60.88829040527344,138.25112915039062,1.919459342956543,1.6649999618530273,0.4050000309944153,0.2800000011920929,1.8700001239776611,0.2759999930858612,0.04800000041723251,0.4049999713897705,0.3375000059604645,1.399999976158142,-0.4000000059604645,55.0,12.0,75.0,0.6499999761581421,730.0,850.0,21037056,720.9823544025421
7,270.0,315.0,292.5,660.0,63.054386138916016,0.7853396534919739,59.21278381347656,131.9324951171875,2.200645685195923,1.6649999618530273,0.4650000035762787,0.33249998092651367,1.8700001239776611,0.3840000033378601,0.024000000208616257,0.4049999713897705,0.2874999940395355,1.649999976158142,-0.44999998807907104,55.0,12.0,75.0,0.800000011920929,690.0,820.0,21037056,720.9823544025421
7,270.0,315.0,292.5,660.0,63.05422592163086,0.7804138660430908,60.70545196533203,138.03457641601562,1.975516676902771,1.6649999618530273,0.4050000309944153,0.2800000011920929,1.8700001239776611,0.3240000009536743,0.03999999910593033,0.4049999713897705,0.20000000298023224,1.649999976158142,-0.4000000059604645,50.0,20.0,30.0,0.800000011920929,690.0,850.0,21037056,720.9823544025421
7,270.0,315.0,292.5,660.0,63.05300521850586,0.7830616235733032,61.352088928222656,137.9624481201172,1.773959994316101,1.6649999618530273,0.4650000035762787,0.2800000011920929,1.8700001239776611,0.3840000033378601,0.024000000208616257,0.4049999713897705,0.3375000059604645,1.399999976158142,-0.4000000059604645,50.0,20.0,30.0,0.5,690.0,850.0,21037056,720.9823544025421
7,270.0,315.0,292.5,660.0,63.052223205566406,0.7809969186782837,61.04694747924805,139.0066375732422,1.8475069999694824,1.6649999618530273,0.4650000035762787,0.2800000011920929,1.8700001239776611,0.23999999463558197,0.04800000041723251,0.4049999713897705,0.25,1.399999976158142,-0.30000001192092896,50.0,20.0,30.0,0.6499999761581421,720.0,820.0,21037056,720.9823544025421
7,270.0,315.0,292.5,660.0,63.05156707763672,0.7763342261314392,59.91090774536133,138.8603515625,2.218329429626465,1.6649999618530273,0.30000001192092896,0.2800000011920929,1.8700001239776611,0.20399999618530273,0.024000000208616257,0.4049999713897705,0.20000000298023224,1.649999976158142,-0.3499999940395355,55.0,12.0,40.0,0.6499999761581421,710.0,820.0,21037056,720.9823544025421
7,270.0,315.0,292.5,660.0,63.051368713378906,0.778580904006958,60.08216094970703,136.8592987060547,2.207995653152466,1.6649999618530273,0.27000001072883606,0.2800000011920929,1.8700001239776611,0.3240000009536743,0.05999999865889549,0.4049999713897705,0.2874999940395355,1.649999976158142,-0.4000000059604645,55.0,12.0,35.0,0.5,710.0,840.0,21037056,720.9823544025421
7,270.0,315.0,292.5,660.0,63.04922866821289,0.7834903597831726,60.85004806518555,135.8224639892578,1.9264246225357056,1.6649999618530273,0.4650000035762787,0.2800000011920929,1.8700001239776611,0.3840000033378601,0.03999999910593033,0.44999998807907104,0.2874999940395355,1.649999976158142,-0.4000000059604645,50.0,30.0,30.0,0.3499999940395355,730.0,870.0,21037056,720.9823544025421
7,270.0,315.0,292.5,660.0,63.048919677734375,0.7827409505844116,60.690757751464844,136.02708435058594,1.9684805870056152,1.6649999618530273,0.4650000035762787,0.2800000011920929,1.8700001239776611,0.3840000033378601,0.03200000151991844,0.44999998807907104,0.20000000298023224,1.649999976158142,-0.30000001192092896,55.0,15.0,30.0,0.5,710.0,870.0,21037056,720.9823544025421
7,270.0,315.0,292.5,660.0,63.04759979248047,0.7804179787635803,60.89105987548828,138.88221740722656,1.8973667621612549,1.6649999618530273,0.4650000035762787,0.2800000011920929,1.8700001239776611,0.23999999463558197,0.05999999865889549,0.4049999713897705,0.15000000596046448,1.649999976158142,-0.30000001192092896,50.0,30.0,50.0,0.6499999761581421,700.0,840.0,21037056,720.9823544025421
7,270.0,315.0,292.5,660.0,63.04715347290039,0.7804838418960571,60.410057067871094,137.58389282226562,2.0156681537628174,1.6649999618530273,0.4650000035762787,0.2800000011920929,1.8700001239776611,0.23999999463558197,0.024000000208616257,0.44999998807907104,0.15000000596046448,1.649999976158142,-0.25,50.0,25.0,30.0,0.800000011920929,730.0,850.0,21037056,720.9823544025421
7,270.0,315.0,292.5,660.0,63.04616928100586,0.7813770174980164,61.08340835571289,138.7967529296875,1.8303518295288086,1.6649999618530273,0.4650000035762787,0.2800000011920929,1.8700001239776611,0.2759999930858612,0.03999999910593033,0.4049999713897705,0.25,1.649999976158142,-0.44999998807907104,50.0,25.0,35.0,0.3499999940395355,690.0,870.0,21037056,720.9823544025421
7,270.0,315.0,292.5,660.0,63.04508590698242,0.7777459621429443,60.247406005859375,138.82626342773438,2.1052918434143066,1.6649999618530273,0.33000001311302185,0.2800000011920929,1.8700001239776611,0.20399999618530273,0.03200000151991844,0.4049999713897705,0.2874999940395355,1.399999976158142,-0.4000000059604645,55.0,12.0,30.0,0.6499999761581421,730.0,870.0,21037056,720.9823544025421
7,270.0,315.0,292.5,660.0,63.04506301879883,0.7798601388931274,60.16081237792969,136.9322967529297,2.113584280014038,1.6649999618530273,0.4050000309944153,0.2800000011920929,1.8700001239776611,0.23999999463558197,0.03999999910593033,0.44999998807907104,0.20000000298023224,1.649999976158142,-0.4000000059604645,55.0,12.0,40.0,0.3499999940395355,700.0,870.0,21037056,720.9823544025421
7,270.0,315.0,292.5,660.0,63.04438781738281,0.7807222008705139,60.817771911621094,138.0872344970703,1.9355852603912354,1.6649999618530273,0.4050000309944153,0.2800000011920929,1.8700001239776611,0.2759999930858612,0.05999999865889549,0.4049999713897705,0.2874999940395355,1.649999976158142,-0.4000000059604645,55.0,12.0,60.0,0.3499999940395355,700.0,870.0,21037056,720.9823544025421
7,270.0,315.0,292.5,660.0,63.0435791015625,0.7827028036117554,60.76288604736328,136.53378295898438,1.9255234003067017,1.6649999618530273,0.4650000035762787,0.2800000011920929,1.8700001239776611,0.3240000009536743,0.03200000151991844,0.44999998807907104,0.2874999940395355,1.649999976158142,-0.4000000059604645,50.0,25.0,40.0,0.6499999761581421,720.0,870.0,21037056,720.9823544025421
7,270.0,315.0,292.5,660.0,63.04292297363281,0.7810933589935303,60.60835266113281,137.68527221679688,1.9537690877914429,1.6649999618530273,0.4650000035762787,0.2800000011920929,1.8700001239776611,0.20399999618530273,0.03200000151991844,0.44999998807907104,0.2874999940395355,1.649999976158142,-0.30000001192092896,55.0,15.0,40.0,0.6499999761581421,720.0,820.0,21037056,720.9823544025421
7,270.0,315.0,292.5,660.0,63.04253387451172,0.7794071435928345,60.08340072631836,136.91346740722656,2.145193099975586,1.6649999618530273,0.36000001430511475,0.2800000011920929,1.8700001239776611,0.20399999618530273,0.03999999910593033,0.44999998807907104,0.3375000059604645,1.649999976158142,-0.3499999940395355,55.0,15.0,30.0,0.800000011920929,700.0,850.0,21037056,720.9823544025421
7,270.0,315.0,292.5,660.0,63.041446685791016,0.7781256437301636,59.77317810058594,136.92587280273438,2.242431640625,1.6649999618530273,0.36000001430511475,0.2800000011920929,1.8700001239776611,0.20399999618530273,0.04800000041723251,0.44999998807907104,0.15000000596046448,1.649999976158142,-0.3499999940395355,55.0,12.0,35.0,0.6499999761581421,720.0,820.0,21037056,720.9823544025421
7,270.0,315.0,292.5,660.0,63.039283752441406,0.7808582782745361,60.49542999267578,137.54443359375,1.9819118976593018,1.6649999618530273,0.4650000035762787,0.2800000011920929,1.8700001239776611,0.23999999463558197,0.024000000208616257,0.44999998807907104,0.20000000298023224,1.649999976158142,-0.20000000298023224,50.0,20.0,30.0,0.6499999761581421,730.0,840.0,21037056,720.9823544025421
7,270.0,315.0,292.5,660.0,63.03622817993164,0.7807345390319824,60.24919891357422,136.39735412597656,2.082486629486084,1.6649999618530273,0.4050000309944153,0.2800000011920929,1.8700001239776611,0.3240000009536743,0.024000000208616257,0.44999998807907104,0.20000000298023224,1.649999976158142,-0.3499999940395355,55.0,15.0,30.0,0.5,720.0,850.0,21037056,720.9823544025421
7,270.0,315.0,292.5,660.0,63.03509521484375,0.7791019082069397,60.094661712646484,137.54885864257812,2.111668586730957,1.6649999618530273,0.4050000309944153,0.2800000011920929,1.8700001239776611,0.20399999618530273,0.024000000208616257,0.44999998807907104,0.20000000298023224,1.649999976158142,-0.44999998807907104,55.0,12.0,40.0,0.3499999940395355,730.0,840.0,21037056,720.9823544025421
7,270.0,315.0,292.5,660.0,63.03284454345703,0.7821006774902344,60.701072692871094,136.994384765625,1.9238176345825195,1.6649999618530273,0.4650000035762787,0.2800000011920929,1.8700001239776611,0.2759999930858612,0.03200000151991844,0.44999998807907104,0.2874999940395355,1.649999976158142,-0.30000001192092896,55.0,15.0,75.0,0.800000011920929,710.0,820.0,21037056,720.9823544025421
7,270.0,315.0,292.5,660.0,63.030731201171875,0.7807929515838623,60.69914245605469,137.33140563964844,1.9779613018035889,1.6649999618530273,0.36000001430511475,0.2800000011920929,1.8700001239776611,0.3240000009536743,0.05999999865889549,0.4049999713897705,0.3375000059604645,1.649999976158142,-0.44999998807907104,55.0,20.0,30.0,0.3499999940395355,700.0,850.0,21037056,720.9823544025421
7,270.0,315.0,292.5,660.0,63.03002166748047,0.7815330028533936,60.95009994506836,137.79049682617188,1.8833506107330322,1.6649999618530273,0.4050000309944153,0.2800000011920929,1.8700001239776611,0.3240000009536743,0.04800000041723251,0.4049999713897705,0.3375000059604645,1.649999976158142,-0.20000000298023224,50.0,15.0,40.0,0.6499999761581421,720.0,850.0,21037056,720.9823544025421
7,270.0,315.0,292.5,660.0,63.0291633605957,0.7804179191589355,60.891056060791016,138.88223266601562,1.8789341449737549,1.6649999618530273,0.4650000035762787,0.2800000011920929,1.8700001239776611,0.23999999463558197,0.05999999865889549,0.4049999713897705,0.15000000596046448,1.399999976158142,-0.44999998807907104,55.0,12.0,50.0,0.3499999940395355,710.0,820.0,21037056,720.9823544025421
7,270.0,315.0,292.5,660.0,63.02649688720703,0.7772239446640015,59.965599060058594,137.93309020996094,2.199446201324463,1.4399999380111694,0.4650000035762787,0.2800000011920929,1.8700001239776611,0.3240000009536743,0.024000000208616257,0.4049999713897705,0.25,1.649999976158142,-0.3499999940395355,55.0,12.0,30.0,0.3499999940395355,720.0,850.0,21037056,720.9823544025421
7,270.0,315.0,292.5,660.0,63.02473831176758,0.7754782438278198,59.650577545166016,138.06451416015625,2.3163180351257324,1.4399999380111694,0.4050000309944153,0.2800000011920929,1.8700001239776611,0.20399999618530273,0.05999999865889549,0.4049999713897705,0.3375000059604645,1.649999976158142,-0.44999998807907104,55.0,15.0,40.0,0.800000011920929,690.0,840.0,21037056,720.9823544025421
7,270.0,315.0,292.5,660.0,63.023040771484375,0.7814896702766418,61.09330368041992,138.66119384765625,1.8090524673461914,1.6649999618530273,0.4650000035762787,0.2800000011920929,1.8700001239776611,0.2759999930858612,0.04800000041723251,0.4049999713897705,0.25,1.399999976158142,-0.4000000059604645,50.0,25.0,60.0,0.800000011920929,720.0,850.0,21037056,720.9823544025421
7,270.0,315.0,292.5,660.0,63.02278137207031,0.7760209441184998,59.696937561035156,137.7190704345703,2.3020524978637695,1.4399999380111694,0.4050000309944153,0.2800000011920929,1.8700001239776611,0.23999999463558197,0.05999999865889549,0.4049999713897705,0.3375000059604645,1.649999976158142,-0.4000000059604645,55.0,12.0,35.0,0.800000011920929,690.0,820.0,21037056,720.9823544025421
7,270.0,315.0,292.5,660.0,63.0219841003418,0.7800310254096985,60.57913589477539,137.84527587890625,1.988290786743164,1.6649999618530273,0.36000001430511475,0.2800000011920929,1.8700001239776611,0.3240000009536743,0.03200000151991844,0.4049999713897705,0.2874999940395355,1.649999976158142,-0.20000000298023224,50.0,20.0,40.0,0.800000011920929,720.0,850.0,21037056,720.9823544025421
7,270.0,315.0,292.5,660.0,63.01896286010742,0.7835730314254761,61.39662170410156,137.35244750976562,1.747887372970581,1.6649999618530273,0.4650000035762787,0.2800000011920929,1.8700001239776611,0.3840000033378601,0.05999999865889549,0.4049999713897705,0.3375000059604645,1.649999976158142,-0.20000000298023224,50.0,15.0,50.0,0.5,720.0,840.0,21037056,720.9823544025421
7,270.0,315.0,292.5,660.0,63.01887512207031,0.7827059030532837,61.2667236328125,138.00192260742188,1.764587640762329,1.6649999618530273,0.4650000035762787,0.2800000011920929,1.8700001239776611,0.3840000033378601,0.024000000208616257,0.4049999713897705,0.2874999940395355,1.399999976158142,-0.4000000059604645,50.0,30.0,35.0,0.3499999940395355,700.0,840.0,21037056,720.9823544025421
7,270.0,315.0,292.5,660.0,63.01792526245117,0.7844280004501343,59.15724182128906,132.66482543945312,2.1728341579437256,1.6649999618530273,0.4650000035762787,0.33249998092651367,1.8700001239776611,0.23999999463558197,0.05999999865889549,0.4049999713897705,0.3375000059604645,1.649999976158142,-0.44999998807907104,55.0,12.0,40.0,0.5,710.0,820.0,21037056,720.9823544025421
7,270.0,315.0,292.5,660.0,63.01767349243164,0.7834085822105408,61.38177490234375,137.5557861328125,1.743577480316162,1.6649999618530273,0.4650000035762787,0.2800000011920929,1.8700001239776611,0.3840000033378601,0.04800000041723251,0.4049999713897705,0.3375000059604645,1.2000000476837158,-0.30000001192092896,50.0,20.0,30.0,0.6499999761581421,730.0,870.0,21037056,720.9823544025421
7,270.0,315.0,292.5,660.0,63.01676940917969,0.7796133756637573,60.44954299926758,137.64324951171875,2.0313034057617188,1.6649999618530273,0.36000001430511475,0.2800000011920929,1.8700001239776611,0.3240000009536743,0.04800000041723251,0.4049999713897705,0.20000000298023224,1.399999976158142,-0.4000000059604645,55.0,12.0,75.0,0.800000011920929,700.0,870.0,21037056,720.9823544025421
7,270.0,315.0,292.5,660.0,63.01247024536133,0.7809908986091614,61.14008331298828,139.41860961914062,1.7732759714126587,1.6649999618530273,0.4650000035762787,0.2800000011920929,1.8700001239776611,0.20399999618530273,0.03999999910593033,0.4049999713897705,0.3375000059604645,1.649999976158142,-0.20000000298023224,55.0,15.0,40.0,0.800000011920929,710.0,870.0,21037056,720.9823544025421
8,315.0,365.0,340.0,700.0,65.55473327636719,0.7805057764053345,61.14997863769531,139.28305053710938,2.263246536254883,1.6649999618530273,0.4650000035762787,0.2800000011920929,1.8700001239776611,0.20399999618530273,0.04800000041723251,0.4049999713897705,0.3375000059604645,1.649999976158142,-0.4000000059604645,55.0,15.0,30.0,0.800000011920929,700.0,840.0,21037056,721.0392558574677
8,315.0,365.0,340.0,700.0,65.52645874023438,0.780171275138855,60.9764289855957,138.8427734375,2.3010592460632324,1.6649999618530273,0.4650000035762787,0.2800000011920929,1.8700001239776611,0.23999999463558197,0.05999999865889549,0.4049999713897705,0.20000000298023224,1.649999976158142,-0.3499999940395355,55.0,12.0,30.0,0.800000011920929,690.0,850.0,21037056,721.0392558574677
8,315.0,365.0,340.0,700.0,65.52387237548828,0.7819421887397766,61.23398971557617,137.96768188476562,2.233999252319336,1.6649999618530273,0.4650000035762787,0.2800000011920929,1.8700001239776611,0.3240000009536743,0.05999999865889549,0.4049999713897705,0.2874999940395355,1.649999976158142,-0.44999998807907104,55.0,12.0,40.0,0.6499999761581421,720.0,870.0,21037056,721.0392558574677
8,315.0,365.0,340.0,700.0,65.5046615600586,0.7833952307701111,60.945308685302734,135.64744567871094,2.317030668258667,1.6649999618530273,0.4650000035762787,0.2800000011920929,1.8700001239776611,0.3840000033378601,0.04800000041723251,0.44999998807907104,0.3375000059604645,1.649999976158142,-0.4000000059604645,55.0,12.0,30.0,0.800000011920929,710.0,850.0,21037056,721.0392558574677
8,315.0,365.0,340.0,700.0,65.49685668945312,0.7793357968330383,60.74666976928711,138.77157592773438,2.345576047897339,1.6649999618530273,0.4050000309944153,0.2800000011920929,1.8700001239776611,0.23999999463558197,0.03999999910593033,0.4049999713897705,0.2874999940395355,1.649999976158142,-0.44999998807907104,55.0,15.0,30.0,0.800000011920929,720.0,840.0,21037056,721.0392558574677
8,315.0,365.0,340.0,700.0,65.47222137451172,0.780324399471283,60.88829040527344,138.25112915039062,2.28747296333313,1.6649999618530273,0.4050000309944153,0.2800000011920929,1.8700001239776611,0.2759999930858612,0.04800000041723251,0.4049999713897705,0.3375000059604645,1.649999976158142,-0.4000000059604645,55.0,12.0,40.0,0.800000011920929,710.0,840.0,21037056,721.0392558574677
8,315.0,365.0,340.0,700.0,65.42035675048828,0.7790989279747009,60.72687530517578,139.0426788330078,2.265253782272339,1.6649999618530273,0.4050000309944153,0.2800000011920929,1.8700001239776611,0.23999999463558197,0.024000000208616257,0.4049999713897705,0.2874999940395355,1.649999976158142,-0.44999998807907104,55.0,12.0,50.0,0.800000011920929,720.0,870.0,21037056,721.0392558574677
8,315.0,365.0,340.0,700.0,65.41159057617188,0.7827138900756836,60.868045806884766,136.22320556640625,2.2295103073120117,1.6649999618530273,0.4650000035762787,0.2800000011920929,1.8700001239776611,0.3240000009536743,0.04800000041723251,0.44999998807907104,0.3375000059604645,1.649999976158142,-0.4000000059604645,55.0,12.0,40.0,0.6499999761581421,690.0,840.0,21037056,721.0392558574677
8,315.0,365.0,340.0,700.0,65.38552856445312,0.7824831008911133,61.352088928222656,137.9624481201172,2.0537147521972656,1.6649999618530273,0.4650000035762787,0.2800000011920929,1.8700001239776611,0.3840000033378601,0.024000000208616257,0.4049999713897705,0.3375000059604645,1.649999976158142,-0.44999998807907104,55.0,20.0,35.0,0.800000011920929,720.0,820.0,21037056,721.0392558574677
8,315.0,365.0,340.0,700.0,65.37278747558594,0.780324399471283,60.88829040527344,138.25112915039062,2.188039779663086,1.6649999618530273,0.4050000309944153,0.2800000011920929,1.8700001239776611,0.2759999930858612,0.04800000041723251,0.4049999713897705,0.3375000059604645,1.649999976158142,-0.3499999940395355,55.0,12.0,75.0,0.800000011920929,690.0,870.0,21037056,721.0392558574677
8,315.0,365.0,340.0,700.0,65.36888122558594,0.7828329801559448,61.38177490234375,137.5557861328125,2.0431478023529053,1.6649999618530273,0.4650000035762787,0.2800000011920929,1.8700001239776611,0.3840000033378601,0.04800000041723251,0.4049999713897705,0.3375000059604645,1.399999976158142,-0.4000000059604645,55.0,12.0,35.0,0.5,730.0,850.0,21037056,721.0392558574677
8,315.0,365.0,340.0,700.0,65.34918212890625,0.780509889125824,60.74176788330078,137.23007202148438,2.2390682697296143,1.6649999618530273,0.36000001430511475,0.2800000011920929,1.8700001239776611,0.3840000033378601,0.03200000151991844,0.4049999713897705,0.3375000059604645,1.649999976158142,-0.44999998807907104,55.0,15.0,35.0,0.5,700.0,840.0,21037056,721.0392558574677
8,315.0,365.0,340.0,700.0,65.3411636352539,0.7802838087081909,60.93741989135742,138.5367889404297,2.1342287063598633,1.6649999618530273,0.4650000035762787,0.2800000011920929,1.8700001239776611,0.2759999930858612,0.05999999865889549,0.4049999713897705,0.15000000596046448,1.649999976158142,-0.44999998807907104,55.0,15.0,50.0,0.5,720.0,820.0,21037056,721.0392558574677
8,315.0,365.0,340.0,700.0,65.31968688964844,0.7793888449668884,60.856422424316406,139.35667419433594,2.113839864730835,1.6649999618530273,0.4650000035762787,0.2800000011920929,1.8700001239776611,0.23999999463558197,0.03200000151991844,0.4049999713897705,0.15000000596046448,1.649999976158142,-0.3499999940395355,55.0,15.0,30.0,0.6499999761581421,700.0,840.0,21037056,721.0392558574677
8,315.0,365.0,340.0,700.0,65.30811309814453,0.779288113117218,60.79556655883789,138.9420166015625,2.1436069011688232,1.6649999618530273,0.4050000309944153,0.2800000011920929,1.8700001239776611,0.20399999618530273,0.04800000041723251,0.4049999713897705,0.3375000059604645,1.399999976158142,-0.44999998807907104,55.0,12.0,30.0,0.800000011920929,720.0,820.0,21037056,721.0392558574677
8,315.0,365.0,340.0,700.0,65.30077362060547,0.7805502414703369,61.061790466308594,138.80331420898438,2.0484352111816406,1.6649999618530273,0.4650000035762787,0.2800000011920929,1.8700001239776611,0.23999999463558197,0.05999999865889549,0.4049999713897705,0.25,1.649999976158142,-0.3499999940395355,55.0,15.0,35.0,0.5,730.0,840.0,21037056,721.0392558574677
8,315.0,365.0,340.0,700.0,65.29776000976562,0.7829990386962891,61.39662170410156,137.35244750976562,1.9756155014038086,1.6649999618530273,0.4650000035762787,0.2800000011920929,1.8700001239776611,0.3840000033378601,0.05999999865889549,0.4049999713897705,0.3375000059604645,1.649999976158142,-0.30000001192092896,55.0,15.0,35.0,0.6499999761581421,690.0,840.0,21037056,721.0392558574677
8,315.0,365.0,340.0,700.0,65.29016876220703,0.7824669480323792,61.296409606933594,137.59524536132812,1.9905716180801392,1.6649999618530273,0.4650000035762787,0.2800000011920929,1.8700001239776611,0.3840000033378601,0.04800000041723251,0.4049999713897705,0.2874999940395355,1.649999976158142,-0.4000000059604645,50.0,30.0,30.0,0.6499999761581421,690.0,850.0,21037056,721.0392558574677
8,315.0,365.0,340.0,700.0,65.27825164794922,0.7793888449668884,60.856422424316406,139.35665893554688,2.0724031925201416,1.6649999618530273,0.4650000035762787,0.2800000011920929,1.8700001239776611,0.23999999463558197,0.03200000151991844,0.4049999713897705,0.15000000596046448,1.649999976158142,-0.4000000059604645,55.0,12.0,75.0,0.6499999761581421,730.0,870.0,21037056,721.0392558574677
8,315.0,365.0,340.0,700.0,65.27438354492188,0.7817761898040771,61.21914291381836,138.17100524902344,1.9809116125106812,1.6649999618530273,0.4650000035762787,0.2800000011920929,1.8700001239776611,0.3240000009536743,0.04800000041723251,0.4049999713897705,0.2874999940395355,1.399999976158142,-0.3499999940395355,55.0,12.0,50.0,0.800000011920929,720.0,850.0,21037056,721.0392558574677
8,315.0,365.0,340.0,700.0,65.27200317382812,0.7800261974334717,60.23191833496094,136.24795532226562,2.3020524978637695,1.6649999618530273,0.4050000309944153,0.2800000011920929,1.8700001239776611,0.2759999930858612,0.05999999865889549,0.44999998807907104,0.20000000298023224,1.649999976158142,-0.4000000059604645,55.0,12.0,35.0,0.800000011920929,690.0,850.0,21037056,721.0392558574677
8,315.0,365.0,340.0,700.0,65.27099609375,0.779344916343689,60.49711608886719,137.47415161132812,2.2333171367645264,1.6649999618530273,0.36000001430511475,0.2800000011920929,1.8700001239776611,0.3840000033378601,0.024000000208616257,0.4049999713897705,0.20000000298023224,1.649999976158142,-0.3499999940395355,55.0,12.0,30.0,0.5,690.0,840.0,21037056,721.0392558574677
8,315.0,365.0,340.0,700.0,65.26871490478516,0.7801780104637146,60.336769104003906,136.78890991210938,2.241668939590454,1.6649999618530273,0.4050000309944153,0.2800000011920929,1.8700001239776611,0.2759999930858612,0.024000000208616257,0.44999998807907104,0.2874999940395355,1.649999976158142,-0.44999998807907104,55.0,15.0,30.0,0.3499999940395355,700.0,820.0,21037056,721.0392558574677
8,315.0,365.0,340.0,700.0,65.26278686523438,0.7821428179740906,61.30451202392578,138.1315460205078,1.943141222000122,1.6649999618530273,0.4650000035762787,0.2800000011920929,1.8700001239776611,0.3240000009536743,0.04800000041723251,0.4049999713897705,0.3375000059604645,1.649999976158142,-0.4000000059604645,50.0,25.0,30.0,0.5,720.0,820.0,21037056,721.0392558574677
8,315.0,365.0,340.0,700.0,65.26179504394531,0.7796565890312195,60.93189239501953,139.45277404785156,2.0266551971435547,1.6649999618530273,0.4650000035762787,0.2800000011920929,1.8700001239776611,0.23999999463558197,0.024000000208616257,0.4049999713897705,0.20000000298023224,1.649999976158142,-0.4000000059604645,55.0,15.0,75.0,0.6499999761581421,730.0,840.0,21037056,721.0392558574677
8,315.0,365.0,340.0,700.0,65.2571029663086,0.7780464887619019,60.37912368774414,138.4413604736328,2.2374370098114014,1.6649999618530273,0.33000001311302185,0.2800000011920929,1.8700001239776611,0.23999999463558197,0.03200000151991844,0.4049999713897705,0.3375000059604645,1.649999976158142,-0.44999998807907104,55.0,12.0,60.0,0.800000011920929,730.0,870.0,21037056,721.0392558574677
8,315.0,365.0,340.0,700.0,65.25592041015625,0.7817407250404358,60.72086715698242,136.72328186035156,2.108267068862915,1.6649999618530273,0.4650000035762787,0.2800000011920929,1.8700001239776611,0.2759999930858612,0.04800000041723251,0.44999998807907104,0.2874999940395355,1.649999976158142,-0.25,55.0,12.0,40.0,0.800000011920929,690.0,870.0,21037056,721.0392558574677
8,315.0,365.0,340.0,700.0,65.24922180175781,0.7800248861312866,60.320098876953125,136.72767639160156,2.2374370098114014,1.6649999618530273,0.4050000309944153,0.2800000011920929,1.8700001239776611,0.23999999463558197,0.04800000041723251,0.44999998807907104,0.2874999940395355,1.649999976158142,-0.44999998807907104,55.0,12.0,60.0,0.800000011920929,730.0,840.0,21037056,721.0392558574677
8,315.0,365.0,340.0,700.0,65.24783325195312,0.7804792523384094,60.27888488769531,135.99069213867188,2.265253782272339,1.6649999618530273,0.4050000309944153,0.2800000011920929,1.8700001239776611,0.3240000009536743,0.04800000041723251,0.44999998807907104,0.20000000298023224,1.649999976158142,-0.44999998807907104,55.0,12.0,50.0,0.800000011920929,700.0,840.0,21037056,721.0392558574677
8,315.0,365.0,340.0,700.0,65.24592590332031,0.7780589461326599,60.330223083496094,138.2709503173828,2.241669178009033,1.6649999618530273,0.33000001311302185,0.2800000011920929,1.8700001239776611,0.2759999930858612,0.024000000208616257,0.4049999713897705,0.2874999940395355,1.649999976158142,-0.44999998807907104,55.0,15.0,30.0,0.3499999940395355,700.0,850.0,21037056,721.0392558574677
8,315.0,365.0,340.0,700.0,65.24452209472656,0.7802724838256836,60.98815155029297,138.97178649902344,2.0024423599243164,1.6649999618530273,0.4650000035762787,0.2800000011920929,1.8700001239776611,0.2759999930858612,0.03200000151991844,0.4049999713897705,0.20000000298023224,1.649999976158142,-0.25,50.0,25.0,35.0,0.800000011920929,730.0,850.0,21037056,721.0392558574677
8,315.0,365.0,340.0,700.0,65.23575592041016,0.776719331741333,60.17348098754883,138.99142456054688,2.2731399536132812,1.6649999618530273,0.33000001311302185,0.2800000011920929,1.8700001239776611,0.20399999618530273,0.024000000208616257,0.4049999713897705,0.25,1.649999976158142,-0.3499999940395355,55.0,12.0,40.0,0.800000011920929,690.0,850.0,21037056,721.0392558574677
8,315.0,365.0,340.0,700.0,65.22557067871094,0.7813982963562012,60.69117736816406,137.12994384765625,2.071381092071533,1.6649999618530273,0.4650000035762787,0.2800000011920929,1.8700001239776611,0.2759999930858612,0.024000000208616257,0.44999998807907104,0.2874999940395355,1.649999976158142,-0.4000000059604645,55.0,15.0,40.0,0.3499999940395355,730.0,850.0,21037056,721.0392558574677
8,315.0,365.0,340.0,700.0,65.2235107421875,0.7803884744644165,60.731868743896484,137.36563110351562,2.111668586730957,1.6649999618530273,0.36000001430511475,0.2800000011920929,1.8700001239776611,0.3840000033378601,0.024000000208616257,0.4049999713897705,0.3375000059604645,1.649999976158142,-0.44999998807907104,55.0,12.0,40.0,0.3499999940395355,710.0,850.0,21037056,721.0392558574677
8,315.0,365.0,340.0,700.0,65.22335052490234,0.7807439565658569,60.87958526611328,137.6266326904297,2.0592586994171143,1.6649999618530273,0.4050000309944153,0.2800000011920929,1.8700001239776611,0.3240000009536743,0.05999999865889549,0.4049999713897705,0.2874999940395355,1.649999976158142,-0.25,55.0,12.0,60.0,0.800000011920929,730.0,840.0,21037056,721.0392558574677
8,315.0,365.0,340.0,700.0,65.22078704833984,0.7805328965187073,61.06361770629883,139.06787109375,1.949866533279419,1.6649999618530273,0.4650000035762787,0.2800000011920929,1.8700001239776611,0.2759999930858612,0.024000000208616257,0.4049999713897705,0.25,1.399999976158142,-0.44999998807907104,55.0,12.0,50.0,0.5,720.0,870.0,21037056,721.0392558574677
8,315.0,365.0,340.0,700.0,65.212646484375,0.7815930247306824,61.07649612426758,137.5004425048828,1.9905716180801392,1.6649999618530273,0.4650000035762787,0.2800000011920929,1.8700001239776611,0.3840000033378601,0.05999999865889549,0.4049999713897705,0.15000000596046448,1.649999976158142,-0.4000000059604645,50.0,30.0,30.0,0.6499999761581421,720.0,850.0,21037056,721.0392558574677
8,315.0,365.0,340.0,700.0,65.21190643310547,0.7821488976478577,60.69076156616211,136.02708435058594,2.09249210357666,1.6649999618530273,0.4650000035762787,0.2800000011920929,1.8700001239776611,0.3840000033378601,0.03200000151991844,0.44999998807907104,0.20000000298023224,1.649999976158142,-0.3499999940395355,55.0,15.0,50.0,0.800000011920929,690.0,870.0,21037056,721.0392558574677
8,315.0,365.0,340.0,700.0,65.21124267578125,0.7817270159721375,60.688968658447266,136.69891357421875,2.068591356277466,1.6649999618530273,0.4650000035762787,0.2800000011920929,1.8700001239776611,0.3240000009536743,0.024000000208616257,0.44999998807907104,0.25,1.649999976158142,-0.44999998807907104,55.0,12.0,75.0,0.6499999761581421,700.0,850.0,21037056,721.0392558574677
8,315.0,365.0,340.0,700.0,65.21038818359375,0.7805502414703369,61.061790466308594,138.80331420898438,1.9580531120300293,1.6649999618530273,0.4650000035762787,0.2800000011920929,1.8700001239776611,0.23999999463558197,0.05999999865889549,0.4049999713897705,0.25,1.649999976158142,-0.4000000059604645,50.0,20.0,35.0,0.800000011920929,720.0,870.0,21037056,721.0392558574677
8,315.0,365.0,340.0,700.0,65.2056655883789,0.7814968228340149,61.15512466430664,138.2006072998047,1.9320975542068481,1.6649999618530273,0.4650000035762787,0.2800000011920929,1.8700001239776611,0.3240000009536743,0.04800000041723251,0.4049999713897705,0.25,1.649999976158142,-0.4000000059604645,50.0,25.0,60.0,0.800000011920929,730.0,840.0,21037056,721.0392558574677
8,315.0,365.0,340.0,700.0,65.1999282836914,0.77897709608078,60.81996154785156,139.5665740966797,2.006865978240967,1.6649999618530273,0.4650000035762787,0.2800000011920929,1.8700001239776611,0.20399999618530273,0.03999999910593033,0.4049999713897705,0.15000000596046448,1.649999976158142,-0.3499999940395355,55.0,15.0,35.0,0.3499999940395355,690.0,870.0,21037056,721.0392558574677
8,315.0,365.0,340.0,700.0,65.19798278808594,0.7821580171585083,60.64003372192383,135.59210205078125,2.113839864730835,1.6649999618530273,0.4650000035762787,0.2800000011920929,1.8700001239776611,0.3840000033378601,0.05999999865889549,0.44999998807907104,0.15000000596046448,1.649999976158142,-0.3499999940395355,55.0,15.0,30.0,0.6499999761581421,730.0,870.0,21037056,721.0392558574677
8,315.0,365.0,340.0,700.0,65.1960220336914,0.779438316822052,60.7191047668457,138.59127807617188,2.0537147521972656,1.6649999618530273,0.4050000309944153,0.2800000011920929,1.8700001239776611,0.2759999930858612,0.03200000151991844,0.4049999713897705,0.25,1.649999976158142,-0.44999998807907104,55.0,20.0,35.0,0.800000011920929,720.0,850.0,21037056,721.0392558574677
8,315.0,365.0,340.0,700.0,65.18980407714844,0.7811183929443359,61.06975555419922,138.2400665283203,1.943141222000122,1.6649999618530273,0.4650000035762787,0.2800000011920929,1.8700001239776611,0.3240000009536743,0.04800000041723251,0.4049999713897705,0.20000000298023224,1.649999976158142,-0.4000000059604645,50.0,25.0,30.0,0.5,720.0,870.0,21037056,721.0392558574677
8,315.0,365.0,340.0,700.0,65.1895980834961,0.7796195149421692,60.876216888427734,139.0855712890625,1.987958550453186,1.6649999618530273,0.4650000035762787,0.2800000011920929,1.8700001239776611,0.23999999463558197,0.04800000041723251,0.4049999713897705,0.15000000596046448,1.649999976158142,-0.20000000298023224,50.0,25.0,35.0,0.800000011920929,700.0,840.0,21037056,721.0392558574677
8,315.0,365.0,340.0,700.0,65.18928527832031,0.7821881175041199,61.232383728027344,137.62484741210938,1.9095532894134521,1.6649999618530273,0.4650000035762787,0.2800000011920929,1.8700001239776611,0.3840000033378601,0.04800000041723251,0.4049999713897705,0.25,1.649999976158142,-0.44999998807907104,50.0,40.0,40.0,0.6499999761581421,700.0,820.0,21037056,721.0392558574677
8,315.0,365.0,340.0,700.0,65.18809509277344,0.7778404355049133,60.12668228149414,137.056640625,2.3020524978637695,1.4399999380111694,0.4650000035762787,0.2800000011920929,1.8700001239776611,0.3840000033378601,0.03999999910593033,0.4049999713897705,0.2874999940395355,1.649999976158142,-0.4000000059604645,55.0,12.0,35.0,0.800000011920929,720.0,870.0,21037056,721.0392558574677
8,315.0,365.0,340.0,700.0,65.18677520751953,0.7811183929443359,61.06975555419922,138.2400665283203,1.9401087760925293,1.6649999618530273,0.4650000035762787,0.2800000011920929,1.8700001239776611,0.3240000009536743,0.04800000041723251,0.4049999713897705,0.20000000298023224,1.649999976158142,-0.44999998807907104,55.0,20.0,40.0,0.5,710.0,870.0,21037056,721.0392558574677
8,315.0,365.0,340.0,700.0,65.18598937988281,0.7826334238052368,61.31125259399414,137.3919219970703,1.8899483680725098,1.6649999618530273,0.4650000035762787,0.2800000011920929,1.8700001239776611,0.3840000033378601,0.05999999865889549,0.4049999713897705,0.2874999940395355,1.649999976158142,-0.44999998807907104,55.0,20.0,40.0,0.3499999940395355,710.0,850.0,21037056,721.0392558574677
8,315.0,365.0,340.0,700.0,65.1849136352539,0.7829990386962891,61.39661407470703,137.35244750976562,1.8627649545669556,1.6649999618530273,0.4650000035762787,0.2800000011920929,1.8700001239776611,0.3840000033378601,0.05999999865889549,0.4049999713897705,0.3375000059604645,1.649999976158142,-0.3499999940395355,50.0,30.0,60.0,0.6499999761581421,720.0,820.0,21037056,721.0392558574677
8,315.0,365.0,340.0,700.0,65.18389892578125,0.7797442078590393,60.99068832397461,139.48765563964844,1.936385154724121,1.6649999618530273,0.4650000035762787,0.2800000011920929,1.8700001239776611,0.20399999618530273,0.03999999910593033,0.4049999713897705,0.25,1.649999976158142,-0.30000001192092896,55.0,15.0,35.0,0.5,700.0,820.0,21037056,721.0392558574677
8,315.0,365.0,340.0,700.0,65.18238830566406,0.7776206731796265,60.321571350097656,138.72039794921875,2.1728341579437256,1.6649999618530273,0.36000001430511475,0.2800000011920929,1.8700001239776611,0.23999999463558197,0.03200000151991844,0.4049999713897705,0.20000000298023224,1.649999976158142,-0.44999998807907104,55.0,12.0,40.0,0.5,690.0,820.0,21037056,721.0392558574677
8,315.0,365.0,340.0,700.0,65.181640625,0.7809320688247681,61.137535095214844,138.90272521972656,1.8926496505737305,1.6649999618530273,0.4650000035762787,0.2800000011920929,1.8700001239776611,0.2759999930858612,0.03200000151991844,0.4049999713897705,0.2874999940395355,1.649999976158142,-0.3499999940395355,50.0,30.0,40.0,0.5,710.0,870.0,21037056,721.0392558574677
8,315.0,365.0,340.0,700.0,65.18081665039062,0.7820290923118591,61.294612884521484,138.26710510253906,1.8589675426483154,1.6649999618530273,0.4650000035762787,0.2800000011920929,1.8700001239776611,0.3240000009536743,0.03999999910593033,0.4049999713897705,0.3375000059604645,1.399999976158142,-0.30000001192092896,50.0,25.0,30.0,0.6499999761581421,730.0,870.0,21037056,721.0392558574677
8,315.0,365.0,340.0,700.0,65.17874908447266,0.7814155220985413,61.2327995300293,138.72769165039062,1.865601897239685,1.6649999618530273,0.4650000035762787,0.2800000011920929,1.8700001239776611,0.2759999930858612,0.03999999910593033,0.4049999713897705,0.3375000059604645,1.649999976158142,-0.4000000059604645,50.0,25.0,40.0,0.5,710.0,840.0,21037056,721.0392558574677
8,315.0,365.0,340.0,700.0,65.1783676147461,0.7829187512397766,60.85004806518555,135.8224639892578,2.014457941055298,1.6649999618530273,0.4650000035762787,0.2800000011920929,1.8700001239776611,0.3840000033378601,0.03999999910593033,0.44999998807907104,0.2874999940395355,1.649999976158142,-0.44999998807907104,55.0,12.0,50.0,0.3499999940395355,720.0,840.0,21037056,721.0392558574677
8,315.0,365.0,340.0,700.0,65.17131805419922,0.7809954285621643,60.87797164916992,137.28379821777344,2.0170161724090576,1.6649999618530273,0.4050000309944153,0.2800000011920929,1.8700001239776611,0.3840000033378601,0.04800000041723251,0.4049999713897705,0.25,1.399999976158142,-0.3499999940395355,55.0,12.0,35.0,0.800000011920929,720.0,870.0,21037056,721.0392558574677
8,315.0,365.0,340.0,700.0,65.17015075683594,0.7801674604415894,60.38566589355469,136.95932006835938,2.127577304840088,1.6649999618530273,0.4050000309944153,0.2800000011920929,1.8700001239776611,0.23999999463558197,0.03200000151991844,0.44999998807907104,0.3375000059604645,1.649999976158142,-0.3499999940395355,55.0,12.0,60.0,0.6499999761581421,710.0,850.0,21037056,721.0392558574677
8,315.0,365.0,340.0,700.0,65.16981506347656,0.7803650498390198,60.50532150268555,137.4088897705078,2.0729546546936035,1.6649999618530273,0.4650000035762787,0.2800000011920929,1.8700001239776611,0.23999999463558197,0.03200000151991844,0.44999998807907104,0.20000000298023224,1.649999976158142,-0.25,55.0,12.0,30.0,0.5,700.0,840.0,21037056,721.0392558574677
8,315.0,365.0,340.0,700.0,65.16502380371094,0.7782787084579468,60.51191329956055,138.8800811767578,2.288745641708374,1.6649999618530273,0.4050000309944153,0.2800000011920929,1.8700001239776611,0.23999999463558197,0.03999999910593033,0.4049999713897705,0.15000000596046448,1.649999976158142,-0.44999998807907104,55.0,15.0,50.0,0.800000011920929,730.0,820.0,21037056,721.0392558574677
8,315.0,365.0,340.0,700.0,65.16471862792969,0.7773833870887756,60.18083572387695,138.3400115966797,2.2083752155303955,1.6649999618530273,0.33000001311302185,0.2800000011920929,1.8700001239776611,0.2759999930858612,0.024000000208616257,0.4049999713897705,0.20000000298023224,1.649999976158142,-0.30000001192092896,55.0,12.0,50.0,0.800000011920929,730.0,840.0,21037056,721.0392558574677
8,315.0,365.0,340.0,700.0,65.16468048095703,0.7809728384017944,60.56158447265625,136.92788696289062,2.0614027976989746,1.6649999618530273,0.4650000035762787,0.2800000011920929,1.8700001239776611,0.2759999930858612,0.03999999910593033,0.44999998807907104,0.20000000298023224,1.399999976158142,-0.4000000059604645,55.0,12.0,40.0,0.6499999761581421,700.0,840.0,21037056,721.0392558574677
8,315.0,365.0,340.0,700.0,65.16307067871094,0.7786754369735718,60.435386657714844,137.9603729248047,2.13566255569458,1.6649999618530273,0.33000001311302185,0.2800000011920929,1.8700001239776611,0.2759999930858612,0.03999999910593033,0.4049999713897705,0.3375000059604645,1.399999976158142,-0.4000000059604645,55.0,12.0,30.0,0.800000011920929,720.0,870.0,21037056,721.0392558574677
8,315.0,365.0,340.0,700.0,65.16133117675781,0.7811811566352844,61.2130126953125,138.9988250732422,1.8442074060440063,1.6649999618530273,0.4650000035762787,0.2800000011920929,1.8700001239776611,0.2759999930858612,0.024000000208616257,0.4049999713897705,0.3375000059604645,1.649999976158142,-0.30000001192092896,55.0,15.0,50.0,0.5,710.0,820.0,21037056,721.0392558574677
8,315.0,365.0,340.0,700.0,65.16046142578125,0.7799011468887329,60.56455993652344,137.05955505371094,2.113839864730835,1.6649999618530273,0.33000001311302185,0.2800000011920929,1.8700001239776611,0.3840000033378601,0.03200000151991844,0.4049999713897705,0.3375000059604645,1.649999976158142,-0.3499999940395355,55.0,15.0,30.0,0.6499999761581421,720.0,870.0,21037056,721.0392558574677
8,315.0,365.0,340.0,700.0,65.15899658203125,0.77716064453125,60.12644577026367,138.17474365234375,2.2327046394348145,1.6649999618530273,0.30000001192092896,0.2800000011920929,1.8700001239776611,0.23999999463558197,0.03999999910593033,0.4049999713897705,0.2874999940395355,1.649999976158142,-0.4000000059604645,55.0,12.0,60.0,0.800000011920929,730.0,870.0,21037056,721.0392558574677
8,315.0,365.0,340.0,700.0,65.157958984375,0.7796913385391235,60.64482498168945,137.73513793945312,2.068591356277466,1.6649999618530273,0.4050000309944153,0.2800000011920929,1.8700001239776611,0.3240000009536743,0.05999999865889549,0.4049999713897705,0.15000000596046448,1.649999976158142,-0.44999998807907104,55.0,12.0,75.0,0.6499999761581421,690.0,840.0,21037056,721.0392558574677
8,315.0,365.0,340.0,700.0,65.15764617919922,0.7808933854103088,60.45182418823242,136.3427734375,2.1105833053588867,1.6649999618530273,0.4050000309944153,0.2800000011920929,1.8700001239776611,0.2759999930858612,0.04800000041723251,0.44999998807907104,0.3375000059604645,1.399999976158142,-0.4000000059604645,55.0,12.0,40.0,0.800000011920929,730.0,870.0,21037056,721.0392558574677
8,315.0,365.0,340.0,700.0,65.15669250488281,0.7790578007698059,60.775779724121094,139.21310424804688,1.987958550453186,1.6649999618530273,0.4050000309944153,0.2800000011920929,1.8700001239776611,0.20399999618530273,0.03200000151991844,0.4049999713897705,0.3375000059604645,1.649999976158142,-0.20000000298023224,50.0,25.0,35.0,0.800000011920929,720.0,870.0,21037056,721.0392558574677
8,315.0,365.0,340.0,700.0,65.15579223632812,0.7811191082000732,60.62715530395508,137.15953063964844,2.0214898586273193,1.6649999618530273,0.4650000035762787,0.2800000011920929,1.8700001239776611,0.2759999930858612,0.024000000208616257,0.44999998807907104,0.25,1.649999976158142,-0.3499999940395355,55.0,12.0,50.0,0.3499999940395355,700.0,850.0,21037056,721.0392558574677
8,315.0,365.0,340.0,700.0,65.15572357177734,0.7784296870231628,60.2445182800293,137.23313903808594,2.211341381072998,1.6649999618530273,0.30000001192092896,0.2800000011920929,1.8700001239776611,0.3240000009536743,0.04800000041723251,0.4049999713897705,0.2874999940395355,1.649999976158142,-0.44999998807907104,55.0,12.0,35.0,0.5,730.0,850.0,21037056,721.0392558574677
8,315.0,365.0,340.0,700.0,65.15364837646484,0.7811616659164429,60.93210983276367,137.3897705078125,1.9772059917449951,1.6649999618530273,0.4050000309944153,0.2800000011920929,1.8700001239776611,0.3840000033378601,0.03999999910593033,0.4049999713897705,0.2874999940395355,1.649999976158142,-0.20000000298023224,55.0,12.0,30.0,0.6499999761581421,710.0,840.0,21037056,721.0392558574677
8,315.0,365.0,340.0,700.0,65.15278625488281,0.7796708941459656,60.73889923095703,138.32015991210938,2.0145678520202637,1.6649999618530273,0.4050000309944153,0.2800000011920929,1.8700001239776611,0.2759999930858612,0.04800000041723251,0.4049999713897705,0.25,1.649999976158142,-0.25,55.0,12.0,50.0,0.6499999761581421,690.0,850.0,21037056,721.0392558574677
8,315.0,365.0,340.0,700.0,65.15271759033203,0.7815151214599609,60.701080322265625,136.994384765625,2.0005414485931396,1.6649999618530273,0.4650000035762787,0.2800000011920929,1.8700001239776611,0.2759999930858612,0.03200000151991844,0.44999998807907104,0.2874999940395355,1.649999976158142,-0.25,55.0,12.0,35.0,0.3499999940395355,700.0,870.0,21037056,721.0392558574677
8,315.0,365.0,340.0,700.0,65.15229797363281,0.7796013951301575,60.77323913574219,138.69723510742188,2.188039541244507,1.6649999618530273,0.4050000309944153,0.2800000011920929,1.8700001239776611,0.2759999930858612,0.024000000208616257,0.4049999713897705,0.2874999940395355,1.649999976158142,-0.3499999940395355,55.0,12.0,75.0,0.800000011920929,730.0,820.0,21037056,721.0392558574677
8,315.0,365.0,340.0,700.0,65.14984130859375,0.7800500392913818,60.37577819824219,137.09487915039062,2.1052916049957275,1.6649999618530273,0.4050000309944153,0.2800000011920929,1.8700001239776611,0.23999999463558197,0.024000000208616257,0.44999998807907104,0.3375000059604645,1.399999976158142,-0.4000000059604645,55.0,12.0,30.0,0.6499999761581421,730.0,840.0,21037056,721.0392558574677
8,315.0,365.0,340.0,700.0,65.14982604980469,0.7812727689743042,60.73017883300781,137.43592834472656,1.977974772453308,1.6649999618530273,0.4650000035762787,0.2800000011920929,1.8700001239776611,0.23999999463558197,0.024000000208616257,0.44999998807907104,0.3375000059604645,1.649999976158142,-0.30000001192092896,55.0,15.0,50.0,0.800000011920929,690.0,850.0,21037056,721.0392558574677
8,315.0,365.0,340.0,700.0,65.1456298828125,0.779991626739502,59.589351654052734,134.6173095703125,2.345576047897339,1.6649999618530273,0.4050000309944153,0.2800000011920929,1.8700001239776611,0.20399999618530273,0.024000000208616257,0.5174999833106995,0.2874999940395355,1.649999976158142,-0.44999998807907104,55.0,15.0,30.0,0.800000011920929,730.0,850.0,21037056,721.0392558574677
8,315.0,365.0,340.0,700.0,65.13996124267578,0.780946671962738,60.95009994506836,137.79049682617188,1.9459731578826904,1.6649999618530273,0.4050000309944153,0.2800000011920929,1.8700001239776611,0.3240000009536743,0.04800000041723251,0.4049999713897705,0.3375000059604645,1.649999976158142,-0.4000000059604645,50.0,30.0,60.0,0.800000011920929,700.0,850.0,21037056,721.0392558574677
8,315.0,365.0,340.0,700.0,65.13884735107422,0.7802838087081909,60.93741989135742,138.5367889404297,1.9319097995758057,1.6649999618530273,0.4650000035762787,0.2800000011920929,1.8700001239776611,0.2759999930858612,0.05999999865889549,0.4049999713897705,0.15000000596046448,1.649999976158142,-0.44999998807907104,50.0,40.0,50.0,0.800000011920929,700.0,820.0,21037056,721.0392558574677
8,315.0,365.0,340.0,700.0,65.13827514648438,0.7803657054901123,60.26898956298828,136.12625122070312,2.1534695625305176,1.6649999618530273,0.4050000309944153,0.2800000011920929,1.8700001239776611,0.3240000009536743,0.03999999910593033,0.44999998807907104,0.20000000298023224,1.649999976158142,-0.3499999940395355,55.0,12.0,35.0,0.3499999940395355,710.0,820.0,21037056,721.0392558574677
8,315.0,365.0,340.0,700.0,65.13768005371094,0.7799401879310608,60.771026611328125,138.2662353515625,1.9843409061431885,1.6649999618530273,0.4050000309944153,0.2800000011920929,1.8700001239776611,0.3240000009536743,0.024000000208616257,0.4049999713897705,0.25,1.649999976158142,-0.25,50.0,20.0,30.0,0.6499999761581421,720.0,870.0,21037056,721.0392558574677
8,315.0,365.0,340.0,700.0,65.1359634399414,0.7796427011489868,60.9300651550293,139.188232421875,1.9213284254074097,1.6649999618530273,0.4650000035762787,0.2800000011920929,1.8700001239776611,0.20399999618530273,0.05999999865889549,0.4049999713897705,0.20000000298023224,1.649999976158142,-0.3499999940395355,55.0,15.0,75.0,0.6499999761581421,720.0,820.0,21037056,721.0392558574677
8,315.0,365.0,340.0,700.0,65.13318634033203,0.7811786532402039,60.31520462036133,135.18618774414062,2.163832664489746,1.6649999618530273,0.36000001430511475,0.2800000011920929,1.8700001239776611,0.3840000033378601,0.03999999910593033,0.44999998807907104,0.3375000059604645,1.649999976158142,-0.4000000059604645,55.0,15.0,30.0,0.3499999940395355,720.0,850.0,21037056,721.0392558574677
8,315.0,365.0,340.0,700.0,65.13163757324219,0.7799535989761353,60.802921295166016,138.2905731201172,1.973319172859192,1.6649999618530273,0.4050000309944153,0.2800000011920929,1.8700001239776611,0.2759999930858612,0.04800000041723251,0.4049999713897705,0.2874999940395355,1.649999976158142,-0.44999998807907104,55.0,20.0,35.0,0.5,710.0,870.0,21037056,721.0392558574677
8,315.0,365.0,340.0,700.0,65.13163757324219,0.7799535989761353,60.802921295166016,138.2905731201172,1.9733189344406128,1.6649999618530273,0.4050000309944153,0.2800000011920929,1.8700001239776611,0.2759999930858612,0.04800000041723251,0.4049999713897705,0.2874999940395355,1.649999976158142,-0.44999998807907104,55.0,20.0,35.0,0.5,700.0,820.0,21037056,721.0392558574677
8,315.0,365.0,340.0,700.0,65.12972259521484,0.7803022861480713,61.0794563293457,139.11917114257812,1.8681761026382446,1.6649999618530273,0.4650000035762787,0.2800000011920929,1.8700001239776611,0.20399999618530273,0.05999999865889549,0.4049999713897705,0.2874999940395355,1.399999976158142,-0.20000000298023224,50.0,20.0,35.0,0.800000011920929,730.0,840.0,21037056,721.0392558574677
8,315.0,365.0,340.0,700.0,65.12957763671875,0.7816631197929382,61.169960021972656,137.9972686767578,1.8595876693725586,1.6649999618530273,0.4650000035762787,0.2800000011920929,1.8700001239776611,0.3240000009536743,0.05999999865889549,0.4049999713897705,0.25,1.649999976158142,-0.20000000298023224,50.0,15.0,30.0,0.3499999940395355,700.0,820.0,21037056,721.0392558574677
8,315.0,365.0,340.0,700.0,65.12932586669922,0.7838540077209473,59.15724182128906,132.66482543945312,2.265253782272339,1.6649999618530273,0.4650000035762787,0.33249998092651367,1.8700001239776611,0.23999999463558197,0.05999999865889549,0.4049999713897705,0.3375000059604645,1.649999976158142,-0.44999998807907104,55.0,12.0,50.0,0.800000011920929,700.0,840.0,21037056,721.0392558574677
8,315.0,365.0,340.0,700.0,65.12847900390625,0.7792694568634033,60.846527099609375,139.4922332763672,1.92076575756073,1.6649999618530273,0.4650000035762787,0.2800000011920929,1.8700001239776611,0.23999999463558197,0.024000000208616257,0.4049999713897705,0.15000000596046448,1.649999976158142,-0.25,50.0,25.0,35.0,0.5,710.0,840.0,21037056,721.0392558574677
8,315.0,365.0,340.0,700.0,65.1280517578125,0.7833952307701111,60.945308685302734,135.64744567871094,1.9404217004776,1.6649999618530273,0.4650000035762787,0.2800000011920929,1.8700001239776611,0.3840000033378601,0.04800000041723251,0.44999998807907104,0.3375000059604645,1.399999976158142,-0.3499999940395355,55.0,12.0,35.0,0.5,730.0,850.0,21037056,721.0392558574677
8,315.0,365.0,340.0,700.0,65.12772369384766,0.7780337929725647,59.81953430175781,136.58041381835938,2.287473201751709,1.6649999618530273,0.36000001430511475,0.2800000011920929,1.8700001239776611,0.23999999463558197,0.04800000041723251,0.44999998807907104,0.15000000596046448,1.649999976158142,-0.4000000059604645,55.0,12.0,40.0,0.800000011920929,690.0,850.0,21037056,721.0392558574677
8,315.0,365.0,340.0,700.0,65.1268310546875,0.7796780467033386,60.695552825927734,138.17013549804688,2.0024423599243164,1.6649999618530273,0.4050000309944153,0.2800000011920929,1.8700001239776611,0.3240000009536743,0.03200000151991844,0.4049999713897705,0.20000000298023224,1.649999976158142,-0.25,50.0,25.0,35.0,0.800000011920929,730.0,840.0,21037056,721.0392558574677
8,315.0,365.0,340.0,700.0,65.12612915039062,0.7786328792572021,60.646175384521484,139.01107788085938,2.008265495300293,1.6649999618530273,0.4050000309944153,0.2800000011920929,1.8700001239776611,0.20399999618530273,0.04800000041723251,0.4049999713897705,0.25,1.649999976158142,-0.4000000059604645,50.0,30.0,35.0,0.800000011920929,710.0,840.0,21037056,721.0392558574677
8,315.0,365.0,340.0,700.0,65.12601470947266,0.7804620862007141,60.8155517578125,137.65621948242188,1.9819765090942383,1.6649999618530273,0.4050000309944153,0.2800000011920929,1.8700001239776611,0.3240000009536743,0.05999999865889549,0.4049999713897705,0.25,1.649999976158142,-0.30000001192092896,50.0,30.0,30.0,0.6499999761581421,720.0,820.0,21037056,721.0392558574677
8,315.0,365.0,340.0,700.0,65.12571716308594,0.7823547720909119,61.24722671508789,137.4215087890625,1.8495275974273682,1.6649999618530273,0.4650000035762787,0.2800000011920929,1.8700001239776611,0.3840000033378601,0.05999999865889549,0.4049999713897705,0.25,1.399999976158142,-0.4000000059604645,50.0,25.0,30.0,0.6499999761581421,720.0,850.0,21037056,721.0392558574677
8,315.0,365.0,340.0,700.0,65.12532043457031,0.7754132747650146,59.76339340209961,138.28318786621094,2.3263940811157227,1.6649999618530273,0.27000001072883606,0.2800000011920929,1.8700001239776611,0.20399999618530273,0.04800000041723251,0.4049999713897705,0.20000000298023224,1.649999976158142,-0.44999998807907104,55.0,12.0,30.0,0.800000011920929,720.0,820.0,21037056,721.0392558574677
8,315.0,365.0,340.0,700.0,65.12135314941406,0.7797430753707886,60.25607681274414,136.7572784423828,2.1296234130859375,1.6649999618530273,0.4050000309944153,0.2800000011920929,1.8700001239776611,0.23999999463558197,0.04800000041723251,0.44999998807907104,0.25,1.649999976158142,-0.30000001192092896,55.0,12.0,40.0,0.5,730.0,850.0,21037056,721.0392558574677
8,315.0,365.0,340.0,700.0,65.1209487915039,0.781717836856842,60.45635986328125,135.17214965820312,2.1087074279785156,1.6649999618530273,0.4050000309944153,0.2800000011920929,1.8700001239776611,0.3840000033378601,0.05999999865889549,0.44999998807907104,0.25,1.649999976158142,-0.3499999940395355,55.0,12.0,40.0,0.3499999940395355,730.0,870.0,21037056,721.0392558574677
8,315.0,365.0,340.0,700.0,65.1206283569336,0.780497670173645,60.782718658447266,137.45883178710938,1.9913756847381592,1.6649999618530273,0.4050000309944153,0.2800000011920929,1.8700001239776611,0.3840000033378601,0.03999999910593033,0.4049999713897705,0.20000000298023224,1.649999976158142,-0.44999998807907104,55.0,20.0,60.0,0.800000011920929,700.0,870.0,21037056,721.0392558574677
8,315.0,365.0,340.0,700.0,65.119873046875,0.781836748123169,61.20269775390625,138.03150939941406,1.8341444730758667,1.6649999618530273,0.4650000035762787,0.2800000011920929,1.8700001239776611,0.3840000033378601,0.024000000208616257,0.4049999713897705,0.25,1.399999976158142,-0.44999998807907104,50.0,25.0,30.0,0.6499999761581421,720.0,870.0,21037056,721.0392558574677
8,315.0,365.0,340.0,700.0,65.1180648803711,0.7820879817008972,60.58100891113281,135.44198608398438,2.0537147521972656,1.6649999618530273,0.4050000309944153,0.2800000011920929,1.8700001239776611,0.3840000033378601,0.03999999910593033,0.44999998807907104,0.3375000059604645,1.649999976158142,-0.44999998807907104,55.0,20.0,35.0,0.800000011920929,730.0,850.0,21037056,721.0392558574677
8,315.0,365.0,340.0,700.0,65.11754608154297,0.7803173661231995,61.08127975463867,139.38372802734375,1.8354123830795288,1.6649999618530273,0.4650000035762787,0.2800000011920929,1.8700001239776611,0.23999999463558197,0.024000000208616257,0.4049999713897705,0.2874999940395355,1.649999976158142,-0.30000001192092896,50.0,25.0,40.0,0.3499999940395355,720.0,850.0,21037056,721.0392558574677
8,315.0,365.0,340.0,700.0,65.11672973632812,0.7792401313781738,60.41517639160156,137.1286163330078,2.117109537124634,1.6649999618530273,0.33000001311302185,0.2800000011920929,1.8700001239776611,0.3840000033378601,0.03200000151991844,0.4049999713897705,0.25,1.399999976158142,-0.44999998807907104,55.0,12.0,40.0,0.800000011920929,730.0,840.0,21037056,721.0392558574677
8,315.0,365.0,340.0,700.0,65.11376953125,0.7792118787765503,60.209712982177734,137.10272216796875,2.1329760551452637,1.6649999618530273,0.4050000309944153,0.2800000011920929,1.8700001239776611,0.20399999618530273,0.04800000041723251,0.44999998807907104,0.25,1.649999976158142,-0.44999998807907104,55.0,12.0,60.0,0.6499999761581421,710.0,850.0,21037056,721.0392558574677
8,315.0,365.0,340.0,700.0,65.11299133300781,0.7813828587532043,61.145225524902344,138.33615112304688,1.8372305631637573,1.6649999618530273,0.4650000035762787,0.2800000011920929,1.8700001239776611,0.3240000009536743,0.03999999910593033,0.4049999713897705,0.25,1.399999976158142,-0.30000001192092896,55.0,12.0,30.0,0.3499999940395355,730.0,840.0,21037056,721.0392558574677
8,315.0,365.0,340.0,700.0,65.10936737060547,0.7785439491271973,60.538482666015625,138.80575561523438,2.020141839981079,1.6649999618530273,0.4050000309944153,0.2800000011920929,1.8700001239776611,0.2759999930858612,0.024000000208616257,0.4049999713897705,0.15000000596046448,1.649999976158142,-0.3499999940395355,50.0,30.0,30.0,0.800000011920929,720.0,820.0,21037056,721.0392558574677
8,315.0,365.0,340.0,700.0,65.10482025146484,0.7764081358909607,59.93934631347656,138.1397705078125,2.241668939590454,1.6649999618530273,0.27000001072883606,0.2800000011920929,1.8700001239776611,0.23999999463558197,0.03200000151991844,0.4049999713897705,0.2874999940395355,1.649999976158142,-0.44999998807907104,55.0,15.0,30.0,0.3499999940395355,720.0,870.0,21037056,721.0392558574677
8,315.0,365.0,340.0,700.0,65.10447692871094,0.7840374112129211,59.091285705566406,132.26673889160156,2.263246536254883,1.6649999618530273,0.4650000035762787,0.33249998092651367,1.8700001239776611,0.3240000009536743,0.03999999910593033,0.4049999713897705,0.25,1.649999976158142,-0.4000000059604645,55.0,15.0,30.0,0.800000011920929,690.0,840.0,21037056,721.0392558574677
8,315.0,365.0,340.0,700.0,65.10235595703125,0.7782412767410278,60.42673110961914,138.4098358154297,2.0694031715393066,1.6649999618530273,0.36000001430511475,0.2800000011920929,1.8700001239776611,0.23999999463558197,0.04800000041723251,0.4049999713897705,0.25,1.649999976158142,-0.3499999940395355,55.0,12.0,75.0,0.6499999761581421,720.0,820.0,21037056,721.0392558574677
8,315.0,365.0,340.0,700.0,65.10045623779297,0.7801788449287415,60.79081344604492,137.9951171875,1.9508388042449951,1.6649999618530273,0.4050000309944153,0.2800000011920929,1.8700001239776611,0.3240000009536743,0.03999999910593033,0.4049999713897705,0.25,1.649999976158142,-0.44999998807907104,50.0,30.0,30.0,0.5,710.0,840.0,21037056,721.0392558574677
8,315.0,365.0,340.0,700.0,65.09706115722656,0.779973030090332,60.85860061645508,138.65777587890625,1.906322717666626,1.6649999618530273,0.4050000309944153,0.2800000011920929,1.8700001239776611,0.2759999930858612,0.024000000208616257,0.4049999713897705,0.3375000059604645,1.649999976158142,-0.4000000059604645,55.0,15.0,75.0,0.5,730.0,850.0,21037056,721.0392558574677
8,315.0,365.0,340.0,700.0,65.09671783447266,0.7819565534591675,61.21259307861328,137.8959503173828,1.8128193616867065,1.6649999618530273,0.4650000035762787,0.2800000011920929,1.8700001239776611,0.3840000033378601,0.03200000151991844,0.4049999713897705,0.25,1.399999976158142,-0.44999998807907104,55.0,12.0,75.0,0.5,730.0,870.0,21037056,721.0392558574677
8,315.0,365.0,340.0,700.0,65.09318542480469,0.7812727689743042,60.73017883300781,137.43592834472656,1.9213284254074097,1.6649999618530273,0.4650000035762787,0.2800000011920929,1.8700001239776611,0.23999999463558197,0.024000000208616257,0.44999998807907104,0.3375000059604645,1.649999976158142,-0.3499999940395355,55.0,15.0,75.0,0.6499999761581421,720.0,820.0,21037056,721.0392558574677
8,315.0,365.0,340.0,700.0,65.09315490722656,0.7791748642921448,60.602691650390625,138.26644897460938,1.999779462814331,1.6649999618530273,0.36000001430511475,0.2800000011920929,1.8700001239776611,0.2759999930858612,0.03200000151991844,0.4049999713897705,0.3375000059604645,1.649999976158142,-0.30000001192092896,50.0,20.0,35.0,0.800000011920929,730.0,840.0,21037056,721.0392558574677
8,315.0,365.0,340.0,700.0,65.0925521850586,0.7798387408256531,60.79302978515625,138.42611694335938,1.9320975542068481,1.6649999618530273,0.4050000309944153,0.2800000011920929,1.8700001239776611,0.2759999930858612,0.03999999910593033,0.4049999713897705,0.2874999940395355,1.649999976158142,-0.4000000059604645,50.0,25.0,60.0,0.800000011920929,730.0,840.0,21037056,721.0392558574677
8,315.0,365.0,340.0,700.0,65.09025573730469,0.7783485651016235,59.82790756225586,136.12762451171875,2.263246536254883,1.6649999618530273,0.33000001311302185,0.2800000011920929,1.8700001239776611,0.23999999463558197,0.05999999865889549,0.44999998807907104,0.25,1.649999976158142,-0.4000000059604645,55.0,15.0,30.0,0.800000011920929,720.0,870.0,21037056,721.0392558574677
8,315.0,365.0,340.0,700.0,65.08853912353516,0.784074604511261,59.178863525390625,132.65826416015625,2.2096471786499023,1.6649999618530273,0.4650000035762787,0.33249998092651367,1.8700001239776611,0.2759999930858612,0.03999999910593033,0.4049999713897705,0.3375000059604645,1.649999976158142,-0.4000000059604645,55.0,12.0,30.0,0.3499999940395355,730.0,850.0,21037056,721.0392558574677
8,315.0,365.0,340.0,700.0,65.08792877197266,0.7809728384017944,60.56158447265625,136.92788696289062,1.9846515655517578,1.6649999618530273,0.4650000035762787,0.2800000011920929,1.8700001239776611,0.2759999930858612,0.03999999910593033,0.44999998807907104,0.20000000298023224,1.649999976158142,-0.44999998807907104,50.0,30.0,30.0,0.6499999761581421,690.0,840.0,21037056,721.0392558574677
8,315.0,365.0,340.0,700.0,65.0869140625,0.7831941843032837,60.874786376953125,135.48358154296875,1.9290697574615479,1.6649999618530273,0.4650000035762787,0.2800000011920929,1.8700001239776611,0.3840000033378601,0.05999999865889549,0.44999998807907104,0.2874999940395355,1.649999976158142,-0.3499999940395355,50.0,30.0,30.0,0.3499999940395355,720.0,820.0,21037056,721.0392558574677
8,315.0,365.0,340.0,700.0,65.08534240722656,0.7806137204170227,60.7926139831543,137.32327270507812,1.9581443071365356,1.6649999618530273,0.4050000309944153,0.2800000011920929,1.8700001239776611,0.3840000033378601,0.04800000041723251,0.4049999713897705,0.20000000298023224,1.649999976158142,-0.20000000298023224,55.0,12.0,50.0,0.800000011920929,730.0,870.0,21037056,721.0392558574677
8,315.0,365.0,340.0,700.0,65.08522033691406,0.7798308730125427,59.95089340209961,134.980712890625,2.2416694164276123,1.6649999618530273,0.30000001192092896,0.2800000011920929,1.8700001239776611,0.3840000033378601,0.03200000151991844,0.44999998807907104,0.3375000059604645,1.649999976158142,-0.44999998807907104,55.0,15.0,30.0,0.3499999940395355,690.0,840.0,21037056,721.0392558574677
8,315.0,365.0,340.0,700.0,65.08042907714844,0.7824831008911133,61.352088928222656,137.9624481201172,1.748611569404602,1.6649999618530273,0.4650000035762787,0.2800000011920929,1.8700001239776611,0.3840000033378601,0.024000000208616257,0.4049999713897705,0.3375000059604645,1.2000000476837158,-0.25,50.0,20.0,30.0,0.6499999761581421,730.0,870.0,21037056,721.0392558574677
8,315.0,365.0,340.0,700.0,65.07887268066406,0.7797442078590393,60.99068832397461,139.48765563964844,1.8313605785369873,1.6649999618530273,0.4650000035762787,0.2800000011920929,1.8700001239776611,0.20399999618530273,0.03999999910593033,0.4049999713897705,0.25,1.649999976158142,-0.3499999940395355,50.0,30.0,50.0,0.5,710.0,850.0,21037056,721.0392558574677
8,315.0,365.0,340.0,700.0,65.07666778564453,0.7810324430465698,61.19633483886719,138.93759155273438,1.7745260000228882,1.6649999618530273,0.4650000035762787,0.2800000011920929,1.8700001239776611,0.23999999463558197,0.04800000041723251,0.4049999713897705,0.3375000059604645,1.649999976158142,-0.3499999940395355,50.0,15.0,40.0,0.6499999761581421,710.0,820.0,21037056,721.0392558574677
8,315.0,365.0,340.0,700.0,65.07534790039062,0.7819980978965759,60.520381927490234,135.14254760742188,2.0431480407714844,1.6649999618530273,0.4050000309944153,0.2800000011920929,1.8700001239776611,0.3840000033378601,0.05999999865889549,0.44999998807907104,0.2874999940395355,1.399999976158142,-0.4000000059604645,55.0,12.0,35.0,0.5,690.0,820.0,21037056,721.0392558574677
8,315.0,365.0,340.0,700.0,65.07527160644531,0.7794774770736694,60.91522216796875,139.3915557861328,1.857000470161438,1.6649999618530273,0.4650000035762787,0.2800000011920929,1.8700001239776611,0.20399999618530273,0.04800000041723251,0.4049999713897705,0.20000000298023224,1.399999976158142,-0.44999998807907104,50.0,30.0,40.0,0.800000011920929,730.0,850.0,21037056,721.0392558574677
9,365.0,425.0,395.0,760.0,68.31000518798828,0.7853720784187317,62.32979965209961,138.6714324951172,2.242431879043579,1.8899998664855957,0.4650000035762787,0.2800000011920929,1.8700001239776611,0.3240000009536743,0.05999999865889549,0.4049999713897705,0.25,1.649999976158142,-0.3499999940395355,55.0,12.0,35.0,0.6499999761581421,710.0,840.0,21037056,722.147305727005
9,365.0,425.0,395.0,760.0,68.30500030517578,0.7855417132377625,62.36253356933594,138.70567321777344,2.2212815284729004,1.8899998664855957,0.4650000035762787,0.2800000011920929,1.8700001239776611,0.3840000033378601,0.024000000208616257,0.4049999713897705,0.25,1.649999976158142,-0.3499999940395355,55.0,12.0,60.0,0.800000011920929,690.0,840.0,21037056,722.147305727005
9,365.0,425.0,395.0,760.0,68.2942123413086,0.786164402961731,62.456241607666016,138.26942443847656,2.197950601577759,1.8899998664855957,0.4650000035762787,0.2800000011920929,1.8700001239776611,0.3840000033378601,0.04800000041723251,0.4049999713897705,0.2874999940395355,1.649999976158142,-0.3499999940395355,55.0,12.0,35.0,0.5,690.0,850.0,21037056,722.147305727005
9,365.0,425.0,395.0,760.0,68.28549194335938,0.7837340831756592,62.072513580322266,139.54983520507812,2.2731399536132812,1.8899998664855957,0.4650000035762787,0.2800000011920929,1.8700001239776611,0.2759999930858612,0.03999999910593033,0.4049999713897705,0.15000000596046448,1.649999976158142,-0.3499999940395355,55.0,12.0,40.0,0.800000011920929,720.0,870.0,21037056,722.147305727005
9,365.0,425.0,395.0,760.0,68.25171661376953,0.784122109413147,62.2999153137207,140.0927734375,2.1534695625305176,1.8899998664855957,0.4650000035762787,0.2800000011920929,1.8700001239776611,0.20399999618530273,0.03999999910593033,0.4049999713897705,0.3375000059604645,1.649999976158142,-0.3499999940395355,55.0,12.0,35.0,0.3499999940395355,700.0,840.0,21037056,722.147305727005
9,365.0,425.0,395.0,760.0,68.2244873046875,0.7838768362998962,61.97760009765625,138.7613983154297,2.2731399536132812,1.8899998664855957,0.4050000309944153,0.2800000011920929,1.8700001239776611,0.2759999930858612,0.05999999865889549,0.4049999713897705,0.2874999940395355,1.649999976158142,-0.3499999940395355,55.0,12.0,40.0,0.800000011920929,710.0,850.0,21037056,722.147305727005
9,365.0,425.0,395.0,760.0,68.20892333984375,0.7858887910842896,62.3922233581543,138.2989959716797,2.1329760551452637,1.8899998664855957,0.4650000035762787,0.2800000011920929,1.8700001239776611,0.3840000033378601,0.04800000041723251,0.4049999713897705,0.25,1.649999976158142,-0.44999998807907104,55.0,12.0,60.0,0.6499999761581421,690.0,850.0,21037056,722.147305727005
9,365.0,425.0,395.0,760.0,68.2034912109375,0.7844898104667664,62.24324417114258,139.47091674804688,2.1356306076049805,1.8899998664855957,0.4650000035762787,0.2800000011920929,1.8700001239776611,0.2759999930858612,0.03999999910593033,0.4049999713897705,0.25,1.649999976158142,-0.30000001192092896,55.0,12.0,50.0,0.6499999761581421,730.0,870.0,21037056,722.147305727005
9,365.0,425.0,395.0,760.0,68.18968200683594,0.7830790877342224,61.77241516113281,138.8050537109375,2.3020524978637695,1.8899998664855957,0.36000001430511475,0.2800000011920929,1.8700001239776611,0.2759999930858612,0.03999999910593033,0.4049999713897705,0.3375000059604645,1.649999976158142,-0.4000000059604645,55.0,12.0,35.0,0.800000011920929,730.0,850.0,21037056,722.147305727005
9,365.0,425.0,395.0,760.0,68.18702697753906,0.785520613193512,61.936378479003906,137.76463317871094,2.2131638526916504,1.8899998664855957,0.4650000035762787,0.2800000011920929,1.8700001239776611,0.2759999930858612,0.024000000208616257,0.44999998807907104,0.3375000059604645,1.649999976158142,-0.44999998807907104,55.0,12.0,30.0,0.3499999940395355,730.0,850.0,21037056,722.147305727005
9,365.0,425.0,395.0,760.0,68.17208862304688,0.7836283445358276,61.7522087097168,137.97328186035156,2.317030668258667,1.8899998664855957,0.36000001430511475,0.2800000011920929,1.8700001239776611,0.3840000033378601,0.03200000151991844,0.4049999713897705,0.25,1.649999976158142,-0.4000000059604645,55.0,12.0,30.0,0.800000011920929,730.0,870.0,21037056,722.147305727005
9,365.0,425.0,395.0,760.0,68.16841888427734,0.7841576337814331,61.89170455932617,138.03981018066406,2.263246536254883,1.8899998664855957,0.36000001430511475,0.2800000011920929,1.8700001239776611,0.3840000033378601,0.024000000208616257,0.4049999713897705,0.3375000059604645,1.649999976158142,-0.4000000059604645,55.0,15.0,30.0,0.800000011920929,700.0,840.0,21037056,722.147305727005
9,365.0,425.0,395.0,760.0,68.1661605834961,0.7840080857276917,62.290016174316406,140.22830200195312,2.065211534500122,1.8899998664855957,0.4650000035762787,0.2800000011920929,1.8700001239776611,0.20399999618530273,0.03200000151991844,0.4049999713897705,0.3375000059604645,1.399999976158142,-0.44999998807907104,55.0,12.0,40.0,0.6499999761581421,720.0,850.0,21037056,722.147305727005
9,365.0,425.0,395.0,760.0,68.15013885498047,0.7854040861129761,62.41737365722656,139.06297302246094,2.042497158050537,1.8899998664855957,0.4650000035762787,0.2800000011920929,1.8700001239776611,0.2759999930858612,0.05999999865889549,0.4049999713897705,0.3375000059604645,1.649999976158142,-0.25,55.0,12.0,30.0,0.3499999940395355,700.0,840.0,21037056,722.147305727005
9,365.0,425.0,395.0,760.0,68.13002014160156,0.7838350534439087,61.533782958984375,137.50450134277344,2.3163180351257324,1.8899998664855957,0.4050000309944153,0.2800000011920929,1.8700001239776611,0.20399999618530273,0.05999999865889549,0.44999998807907104,0.3375000059604645,1.649999976158142,-0.44999998807907104,55.0,15.0,40.0,0.800000011920929,690.0,870.0,21037056,722.147305727005
9,365.0,425.0,395.0,760.0,68.12779998779297,0.7841593623161316,61.75829315185547,138.4949951171875,2.1969704627990723,1.8899998664855957,0.4650000035762787,0.2800000011920929,1.8700001239776611,0.20399999618530273,0.024000000208616257,0.44999998807907104,0.2874999940395355,1.649999976158142,-0.4000000059604645,55.0,15.0,30.0,0.5,700.0,870.0,21037056,722.147305727005
9,365.0,425.0,395.0,760.0,68.12256622314453,0.7827050685882568,61.78367614746094,139.44046020507812,2.2074856758117676,1.8899998664855957,0.4050000309944153,0.2800000011920929,1.8700001239776611,0.2759999930858612,0.024000000208616257,0.4049999713897705,0.20000000298023224,1.649999976158142,-0.4000000059604645,55.0,15.0,50.0,0.800000011920929,730.0,840.0,21037056,722.147305727005
9,365.0,425.0,395.0,760.0,68.11863708496094,0.78550124168396,62.43465805053711,139.21237182617188,1.9915670156478882,1.8899998664855957,0.4650000035762787,0.2800000011920929,1.8700001239776611,0.3240000009536743,0.024000000208616257,0.4049999713897705,0.3375000059604645,1.399999976158142,-0.44999998807907104,55.0,15.0,30.0,0.6499999761581421,720.0,870.0,21037056,722.147305727005
9,365.0,425.0,395.0,760.0,68.10569763183594,0.7829334139823914,61.7601318359375,139.01931762695312,2.211341381072998,1.8899998664855957,0.4050000309944153,0.2800000011920929,1.8700001239776611,0.3240000009536743,0.024000000208616257,0.4049999713897705,0.15000000596046448,1.649999976158142,-0.44999998807907104,55.0,12.0,35.0,0.5,700.0,840.0,21037056,722.147305727005
9,365.0,425.0,395.0,760.0,68.0875473022461,0.7844873666763306,62.19990158081055,139.32090759277344,2.035186529159546,1.8899998664855957,0.4650000035762787,0.2800000011920929,1.8700001239776611,0.3240000009536743,0.024000000208616257,0.4049999713897705,0.20000000298023224,1.649999976158142,-0.3499999940395355,55.0,15.0,75.0,0.800000011920929,710.0,820.0,21037056,722.147305727005
9,365.0,425.0,395.0,760.0,68.08696746826172,0.7857756614685059,62.382320404052734,138.4345703125,2.008265972137451,1.8899998664855957,0.4650000035762787,0.2800000011920929,1.8700001239776611,0.3840000033378601,0.03999999910593033,0.4049999713897705,0.25,1.649999976158142,-0.4000000059604645,50.0,30.0,35.0,0.800000011920929,720.0,840.0,21037056,722.147305727005
9,365.0,425.0,395.0,760.0,68.0839614868164,0.7859862446784973,61.9326171875,137.0723876953125,2.1356306076049805,1.8899998664855957,0.4650000035762787,0.2800000011920929,1.8700001239776611,0.3240000009536743,0.03999999910593033,0.44999998807907104,0.2874999940395355,1.649999976158142,-0.30000001192092896,55.0,12.0,50.0,0.6499999761581421,720.0,850.0,21037056,722.147305727005
9,365.0,425.0,395.0,760.0,68.07052612304688,0.781446635723114,61.50249481201172,139.32542419433594,2.267188310623169,1.8899998664855957,0.33000001311302185,0.2800000011920929,1.8700001239776611,0.20399999618530273,0.03999999910593033,0.4049999713897705,0.3375000059604645,1.649999976158142,-0.3499999940395355,55.0,12.0,30.0,0.6499999761581421,720.0,840.0,21037056,722.147305727005
9,365.0,425.0,395.0,760.0,68.06182861328125,0.781660795211792,61.501197814941406,139.1234588623047,2.2609546184539795,1.8899998664855957,0.36000001430511475,0.2800000011920929,1.8700001239776611,0.23999999463558197,0.04800000041723251,0.4049999713897705,0.20000000298023224,1.649999976158142,-0.44999998807907104,55.0,12.0,35.0,0.6499999761581421,710.0,870.0,21037056,722.147305727005
9,365.0,425.0,395.0,760.0,68.05722045898438,0.7840457558631897,62.24111557006836,140.057861328125,1.9712791442871094,1.8899998664855957,0.4650000035762787,0.2800000011920929,1.8700001239776611,0.23999999463558197,0.024000000208616257,0.4049999713897705,0.2874999940395355,1.399999976158142,-0.3499999940395355,55.0,12.0,30.0,0.5,700.0,840.0,21037056,722.147305727005
9,365.0,425.0,395.0,760.0,68.04449462890625,0.7851503491401672,62.16740798950195,138.16001892089844,2.0445492267608643,1.8899998664855957,0.4050000309944153,0.2800000011920929,1.8700001239776611,0.3840000033378601,0.03200000151991844,0.4049999713897705,0.3375000059604645,1.399999976158142,-0.4000000059604645,55.0,12.0,30.0,0.3499999940395355,730.0,870.0,21037056,722.147305727005
9,365.0,425.0,395.0,760.0,68.04419708251953,0.7819297909736633,61.527767181396484,139.0491180419922,2.2299511432647705,1.8899998664855957,0.36000001430511475,0.2800000011920929,1.8700001239776611,0.2759999930858612,0.03200000151991844,0.4049999713897705,0.20000000298023224,1.649999976158142,-0.30000001192092896,55.0,12.0,30.0,0.6499999761581421,720.0,840.0,21037056,722.147305727005
9,365.0,425.0,395.0,760.0,68.04246520996094,0.785483717918396,62.37898254394531,138.8451690673828,1.9500811100006104,1.8899998664855957,0.4650000035762787,0.2800000011920929,1.8700001239776611,0.3240000009536743,0.04800000041723251,0.4049999713897705,0.2874999940395355,1.399999976158142,-0.4000000059604645,55.0,12.0,50.0,0.5,700.0,870.0,21037056,722.147305727005
9,365.0,425.0,395.0,760.0,68.03864288330078,0.7837559580802917,62.175270080566406,139.8229217529297,1.9950686693191528,1.8899998664855957,0.4650000035762787,0.2800000011920929,1.8700001239776611,0.20399999618530273,0.05999999865889549,0.4049999713897705,0.25,1.649999976158142,-0.3499999940395355,50.0,25.0,40.0,0.800000011920929,710.0,850.0,21037056,722.147305727005
9,365.0,425.0,395.0,760.0,68.03678894042969,0.7831286787986755,62.016258239746094,140.03082275390625,2.0293591022491455,1.8899998664855957,0.4650000035762787,0.2800000011920929,1.8700001239776611,0.23999999463558197,0.03200000151991844,0.4049999713897705,0.15000000596046448,1.399999976158142,-0.3499999940395355,55.0,12.0,30.0,0.800000011920929,690.0,870.0,21037056,722.147305727005
9,365.0,425.0,395.0,760.0,68.03128051757812,0.7848561406135559,62.124778747558594,138.26132202148438,2.2454419136047363,1.8899998664855957,0.4050000309944153,0.2800000011920929,1.8700001239776611,0.3240000009536743,0.05999999865889549,0.4049999713897705,0.3375000059604645,1.649999976158142,-0.4000000059604645,55.0,12.0,30.0,0.5,730.0,820.0,21037056,722.147305727005
9,365.0,425.0,395.0,760.0,68.02731323242188,0.784395694732666,62.32465744018555,139.7538604736328,1.936537265777588,1.8899998664855957,0.4650000035762787,0.2800000011920929,1.8700001239776611,0.20399999618530273,0.05999999865889549,0.4049999713897705,0.3375000059604645,1.649999976158142,-0.44999998807907104,55.0,12.0,75.0,0.5,720.0,820.0,21037056,722.147305727005
9,365.0,425.0,395.0,760.0,68.02510070800781,0.7850221395492554,62.21158981323242,138.5134735107422,2.001779079437256,1.8899998664855957,0.4650000035762787,0.2800000011920929,1.8700001239776611,0.3840000033378601,0.03999999910593033,0.4049999713897705,0.15000000596046448,1.649999976158142,-0.20000000298023224,50.0,20.0,35.0,0.800000011920929,720.0,850.0,21037056,722.147305727005
9,365.0,425.0,395.0,760.0,68.017578125,0.7817269563674927,61.52723693847656,138.98654174804688,2.2212815284729004,1.8899998664855957,0.33000001311302185,0.2800000011920929,1.8700001239776611,0.20399999618530273,0.05999999865889549,0.4049999713897705,0.3375000059604645,1.649999976158142,-0.3499999940395355,55.0,12.0,60.0,0.800000011920929,690.0,850.0,21037056,722.147305727005
9,365.0,425.0,395.0,760.0,68.01703643798828,0.7832439541816711,62.026153564453125,139.89527893066406,2.0122220516204834,1.8899998664855957,0.4650000035762787,0.2800000011920929,1.8700001239776611,0.23999999463558197,0.03999999910593033,0.4049999713897705,0.15000000596046448,1.399999976158142,-0.4000000059604645,55.0,12.0,40.0,0.5,690.0,840.0,21037056,722.147305727005
9,365.0,425.0,395.0,760.0,68.01405334472656,0.7839601635932922,61.360694885253906,136.55783081054688,2.2812366485595703,1.8899998664855957,0.36000001430511475,0.2800000011920929,1.8700001239776611,0.2759999930858612,0.05999999865889549,0.44999998807907104,0.3375000059604645,1.649999976158142,-0.4000000059604645,55.0,12.0,30.0,0.6499999761581421,690.0,840.0,21037056,722.147305727005
9,365.0,425.0,395.0,760.0,68.01319885253906,0.7853720784187317,62.32979965209961,138.6714324951172,1.9456212520599365,1.8899998664855957,0.4650000035762787,0.2800000011920929,1.8700001239776611,0.3240000009536743,0.05999999865889549,0.4049999713897705,0.25,1.649999976158142,-0.44999998807907104,55.0,20.0,50.0,0.6499999761581421,720.0,840.0,21037056,722.147305727005
9,365.0,425.0,395.0,760.0,68.00648498535156,0.7849148511886597,62.371009826660156,139.40843200683594,1.906322717666626,1.8899998664855957,0.4650000035762787,0.2800000011920929,1.8700001239776611,0.23999999463558197,0.05999999865889549,0.4049999713897705,0.3375000059604645,1.649999976158142,-0.4000000059604645,55.0,15.0,75.0,0.5,690.0,850.0,21037056,722.147305727005
9,365.0,425.0,395.0,760.0,68.00467681884766,0.7838617563247681,61.8571891784668,138.1724395751953,2.110583543777466,1.8899998664855957,0.4050000309944153,0.2800000011920929,1.8700001239776611,0.3840000033378601,0.03999999910593033,0.4049999713897705,0.15000000596046448,1.399999976158142,-0.4000000059604645,55.0,12.0,40.0,0.800000011920929,730.0,850.0,21037056,722.147305727005
9,365.0,425.0,395.0,760.0,68.00167846679688,0.7820421457290649,61.58656692504883,139.08399963378906,2.1728341579437256,1.8899998664855957,0.36000001430511475,0.2800000011920929,1.8700001239776611,0.23999999463558197,0.04800000041723251,0.4049999713897705,0.25,1.649999976158142,-0.44999998807907104,55.0,12.0,40.0,0.5,710.0,840.0,21037056,722.147305727005
9,365.0,425.0,395.0,760.0,67.99768829345703,0.7833592891693115,61.79716491699219,138.46615600585938,2.117109537124634,1.8899998664855957,0.36000001430511475,0.2800000011920929,1.8700001239776611,0.2759999930858612,0.05999999865889549,0.4049999713897705,0.3375000059604645,1.399999976158142,-0.44999998807907104,55.0,12.0,40.0,0.800000011920929,710.0,820.0,21037056,722.147305727005
9,365.0,425.0,395.0,760.0,67.99755096435547,0.7858220338821411,61.87849044799805,136.9664306640625,2.0724031925201416,1.8899998664855957,0.4650000035762787,0.2800000011920929,1.8700001239776611,0.3240000009536743,0.04800000041723251,0.44999998807907104,0.25,1.649999976158142,-0.4000000059604645,55.0,12.0,75.0,0.6499999761581421,700.0,840.0,21037056,722.147305727005
9,365.0,425.0,395.0,760.0,67.99732208251953,0.7829682230949402,61.40388488769531,138.1539764404297,2.197697877883911,1.8899998664855957,0.4050000309944153,0.2800000011920929,1.8700001239776611,0.20399999618530273,0.024000000208616257,0.44999998807907104,0.2874999940395355,1.649999976158142,-0.4000000059604645,55.0,12.0,75.0,0.800000011920929,720.0,840.0,21037056,722.147305727005
9,365.0,425.0,395.0,760.0,67.99686431884766,0.7821375727653503,61.35517501831055,137.7335662841797,2.287473201751709,1.8899998664855957,0.30000001192092896,0.2800000011920929,1.8700001239776611,0.3240000009536743,0.05999999865889549,0.4049999713897705,0.25,1.649999976158142,-0.4000000059604645,55.0,12.0,40.0,0.800000011920929,720.0,820.0,21037056,722.147305727005
9,365.0,425.0,395.0,760.0,67.99201965332031,0.784122109413147,62.2999153137207,140.0927734375,1.8937687873840332,1.8899998664855957,0.4650000035762787,0.2800000011920929,1.8700001239776611,0.20399999618530273,0.03999999910593033,0.4049999713897705,0.3375000059604645,1.649999976158142,-0.20000000298023224,55.0,12.0,50.0,0.6499999761581421,700.0,850.0,21037056,722.147305727005
9,365.0,425.0,395.0,760.0,67.98954010009766,0.7870172262191772,62.09524917602539,136.45716857910156,2.2113418579101562,1.8899998664855957,0.4650000035762787,0.2800000011920929,1.8700001239776611,0.3840000033378601,0.03999999910593033,0.44999998807907104,0.3375000059604645,1.649999976158142,-0.44999998807907104,55.0,12.0,35.0,0.5,730.0,820.0,21037056,722.147305727005
9,365.0,425.0,395.0,760.0,67.98934173583984,0.7818816900253296,61.41801071166992,138.46400451660156,2.2333171367645264,1.8899998664855957,0.30000001192092896,0.2800000011920929,1.8700001239776611,0.2759999930858612,0.03999999910593033,0.4049999713897705,0.3375000059604645,1.649999976158142,-0.3499999940395355,55.0,12.0,30.0,0.5,720.0,850.0,21037056,722.147305727005
9,365.0,425.0,395.0,760.0,67.98851776123047,0.7822456359863281,61.57542419433594,138.9056396484375,2.161728620529175,1.8899998664855957,0.33000001311302185,0.2800000011920929,1.8700001239776611,0.2759999930858612,0.024000000208616257,0.4049999713897705,0.3375000059604645,1.649999976158142,-0.44999998807907104,55.0,12.0,35.0,0.3499999940395355,710.0,850.0,21037056,722.147305727005
9,365.0,425.0,395.0,760.0,67.98790740966797,0.7856186628341675,62.444549560546875,139.07681274414062,1.863318920135498,1.8899998664855957,0.4650000035762787,0.2800000011920929,1.8700001239776611,0.3240000009536743,0.03200000151991844,0.4049999713897705,0.3375000059604645,1.399999976158142,-0.30000001192092896,50.0,25.0,40.0,0.800000011920929,690.0,820.0,21037056,722.147305727005
9,365.0,425.0,395.0,760.0,67.98609161376953,0.7800925970077515,61.11709976196289,139.1890869140625,2.310567617416382,1.8899998664855957,0.30000001192092896,0.2800000011920929,1.8700001239776611,0.23999999463558197,0.024000000208616257,0.4049999713897705,0.20000000298023224,1.649999976158142,-0.44999998807907104,55.0,12.0,35.0,0.800000011920929,730.0,870.0,21037056,722.147305727005
9,365.0,425.0,395.0,760.0,67.9830093383789,0.7853711843490601,62.369083404541016,138.98072814941406,1.8878250122070312,1.8899998664855957,0.4650000035762787,0.2800000011920929,1.8700001239776611,0.3240000009536743,0.03999999910593033,0.4049999713897705,0.2874999940395355,1.649999976158142,-0.4000000059604645,50.0,30.0,40.0,0.5,720.0,870.0,21037056,722.147305727005
9,365.0,425.0,395.0,760.0,67.98281860351562,0.7862726449966431,61.26500701904297,134.84091186523438,2.2463037967681885,1.8899998664855957,0.4650000035762787,0.2800000011920929,1.8700001239776611,0.23999999463558197,0.04800000041723251,0.5174999833106995,0.3375000059604645,1.649999976158142,-0.3499999940395355,55.0,12.0,50.0,0.800000011920929,730.0,850.0,21037056,722.147305727005
9,365.0,425.0,395.0,760.0,67.98263549804688,0.782608687877655,61.96989440917969,140.3762969970703,1.9846519231796265,1.8899998664855957,0.4650000035762787,0.2800000011920929,1.8700001239776611,0.20399999618530273,0.03200000151991844,0.4049999713897705,0.15000000596046448,1.649999976158142,-0.44999998807907104,50.0,30.0,30.0,0.6499999761581421,700.0,840.0,21037056,722.147305727005
9,365.0,425.0,395.0,760.0,67.98242950439453,0.7825750708580017,61.82085418701172,139.4818878173828,2.0694031715393066,1.8899998664855957,0.4050000309944153,0.2800000011920929,1.8700001239776611,0.20399999618530273,0.05999999865889549,0.4049999713897705,0.25,1.649999976158142,-0.3499999940395355,55.0,12.0,75.0,0.6499999761581421,730.0,840.0,21037056,722.147305727005
9,365.0,425.0,395.0,760.0,67.97871398925781,0.7829791307449341,61.59137725830078,137.9166717529297,2.182346820831299,1.8899998664855957,0.36000001430511475,0.2800000011920929,1.8700001239776611,0.3840000033378601,0.03999999910593033,0.4049999713897705,0.15000000596046448,1.649999976158142,-0.30000001192092896,55.0,12.0,40.0,0.6499999761581421,710.0,820.0,21037056,722.147305727005
9,365.0,425.0,395.0,760.0,67.975830078125,0.7819684147834778,61.34033203125,137.93690490722656,2.262272596359253,1.8899998664855957,0.30000001192092896,0.2800000011920929,1.8700001239776611,0.3240000009536743,0.04800000041723251,0.4049999713897705,0.25,1.649999976158142,-0.30000001192092896,55.0,12.0,30.0,0.800000011920929,720.0,870.0,21037056,722.147305727005
9,365.0,425.0,395.0,760.0,67.9739761352539,0.7837368845939636,61.62869644165039,138.29293823242188,2.096428155899048,1.8899998664855957,0.4650000035762787,0.2800000011920929,1.8700001239776611,0.20399999618530273,0.03999999910593033,0.44999998807907104,0.20000000298023224,1.649999976158142,-0.3499999940395355,55.0,12.0,50.0,0.5,720.0,820.0,21037056,722.147305727005
9,365.0,425.0,395.0,760.0,67.9732894897461,0.7847846150398254,62.08204650878906,138.19947814941406,2.000319242477417,1.8899998664855957,0.4050000309944153,0.2800000011920929,1.8700001239776611,0.3840000033378601,0.03200000151991844,0.4049999713897705,0.2874999940395355,1.399999976158142,-0.3499999940395355,55.0,12.0,30.0,0.6499999761581421,720.0,850.0,21037056,722.147305727005
9,365.0,425.0,395.0,760.0,67.97237396240234,0.7855583429336548,61.148128509521484,135.0225067138672,2.2763047218322754,1.8899998664855957,0.4650000035762787,0.2800000011920929,1.8700001239776611,0.20399999618530273,0.05999999865889549,0.5174999833106995,0.2874999940395355,1.649999976158142,-0.44999998807907104,55.0,15.0,30.0,0.5,730.0,870.0,21037056,722.147305727005
9,365.0,425.0,395.0,760.0,67.96868896484375,0.7835828065872192,62.00176239013672,139.27072143554688,1.993760108947754,1.8899998664855957,0.4050000309944153,0.2800000011920929,1.8700001239776611,0.23999999463558197,0.04800000041723251,0.4049999713897705,0.3375000059604645,1.649999976158142,-0.4000000059604645,55.0,15.0,60.0,0.5,690.0,820.0,21037056,722.147305727005
9,365.0,425.0,395.0,760.0,67.96862030029297,0.7842124700546265,61.97538757324219,138.33038330078125,2.0302348136901855,1.8899998664855957,0.4050000309944153,0.2800000011920929,1.8700001239776611,0.3240000009536743,0.05999999865889549,0.4049999713897705,0.25,1.649999976158142,-0.30000001192092896,55.0,12.0,75.0,0.6499999761581421,710.0,840.0,21037056,722.147305727005
9,365.0,425.0,395.0,760.0,67.96186828613281,0.7869827747344971,61.287818908691406,134.0743408203125,2.239067792892456,1.8899998664855957,0.4650000035762787,0.2800000011920929,1.8700001239776611,0.3240000009536743,0.04800000041723251,0.5174999833106995,0.2874999940395355,1.649999976158142,-0.44999998807907104,55.0,15.0,35.0,0.5,710.0,820.0,21037056,722.147305727005
9,365.0,425.0,395.0,760.0,67.96124267578125,0.786164402961731,62.456241607666016,138.26942443847656,1.8649828433990479,1.8899998664855957,0.4650000035762787,0.2800000011920929,1.8700001239776611,0.3840000033378601,0.04800000041723251,0.4049999713897705,0.2874999940395355,1.649999976158142,-0.25,50.0,20.0,35.0,0.3499999940395355,700.0,850.0,21037056,722.147305727005
9,365.0,425.0,395.0,760.0,67.9605941772461,0.7837340831756592,62.072513580322266,139.54983520507812,1.9482426643371582,1.8899998664855957,0.4650000035762787,0.2800000011920929,1.8700001239776611,0.2759999930858612,0.03999999910593033,0.4049999713897705,0.15000000596046448,1.649999976158142,-0.20000000298023224,50.0,20.0,30.0,0.5,720.0,870.0,21037056,722.147305727005
9,365.0,425.0,395.0,760.0,67.95854187011719,0.7833175659179688,61.25059509277344,136.93617248535156,2.2454419136047363,1.8899998664855957,0.36000001430511475,0.2800000011920929,1.8700001239776611,0.2759999930858612,0.03999999910593033,0.44999998807907104,0.2874999940395355,1.649999976158142,-0.4000000059604645,55.0,12.0,30.0,0.5,710.0,820.0,21037056,722.147305727005
9,365.0,425.0,395.0,760.0,67.95844268798828,0.7849058508872986,62.201698303222656,138.64901733398438,1.9325652122497559,1.8899998664855957,0.4650000035762787,0.2800000011920929,1.8700001239776611,0.3840000033378601,0.03200000151991844,0.4049999713897705,0.15000000596046448,1.649999976158142,-0.44999998807907104,50.0,25.0,35.0,0.6499999761581421,700.0,850.0,21037056,722.147305727005
9,365.0,425.0,395.0,760.0,67.95700073242188,0.7818111181259155,61.566768646240234,139.3551025390625,2.1229536533355713,1.8899998664855957,0.36000001430511475,0.2800000011920929,1.8700001239776611,0.23999999463558197,0.03200000151991844,0.4049999713897705,0.25,1.399999976158142,-0.4000000059604645,55.0,12.0,35.0,0.800000011920929,700.0,840.0,21037056,722.147305727005
9,365.0,425.0,395.0,760.0,67.95503234863281,0.7835207581520081,62.050899505615234,139.55638122558594,1.9574944972991943,1.8899998664855957,0.4650000035762787,0.2800000011920929,1.8700001239776611,0.23999999463558197,0.05999999865889549,0.4049999713897705,0.15000000596046448,1.399999976158142,-0.3499999940395355,55.0,12.0,40.0,0.6499999761581421,690.0,870.0,21037056,722.147305727005
9,365.0,425.0,395.0,760.0,67.95378112792969,0.7865256667137146,62.54161071777344,138.2299346923828,1.830824851989746,1.8899998664855957,0.4650000035762787,0.2800000011920929,1.8700001239776611,0.3840000033378601,0.04800000041723251,0.4049999713897705,0.3375000059604645,1.399999976158142,-0.20000000298023224,50.0,20.0,35.0,0.6499999761581421,690.0,820.0,21037056,722.147305727005
9,365.0,425.0,395.0,760.0,67.95330810546875,0.7824283838272095,61.62303161621094,138.8740997314453,2.113584041595459,1.8899998664855957,0.36000001430511475,0.2800000011920929,1.8700001239776611,0.2759999930858612,0.03999999910593033,0.4049999713897705,0.25,1.649999976158142,-0.4000000059604645,55.0,12.0,40.0,0.3499999940395355,710.0,850.0,21037056,722.147305727005
9,365.0,425.0,395.0,760.0,67.95238494873047,0.7866591215133667,60.2261848449707,134.29444885253906,2.317031145095825,1.8899998664855957,0.4650000035762787,0.33249998092651367,1.8700001239776611,0.20399999618530273,0.024000000208616257,0.4049999713897705,0.3375000059604645,1.649999976158142,-0.4000000059604645,55.0,12.0,30.0,0.800000011920929,700.0,870.0,21037056,722.147305727005
9,365.0,425.0,395.0,760.0,67.95077514648438,0.7814905047416687,61.38154983520508,138.6739044189453,2.2059426307678223,1.8899998664855957,0.30000001192092896,0.2800000011920929,1.8700001239776611,0.23999999463558197,0.04800000041723251,0.4049999713897705,0.3375000059604645,1.649999976158142,-0.30000001192092896,55.0,12.0,35.0,0.6499999761581421,690.0,820.0,21037056,722.147305727005
9,365.0,425.0,395.0,760.0,67.9505844116211,0.7809911370277405,61.137123107910156,137.79986572265625,2.3263940811157227,1.6649999618530273,0.4650000035762787,0.2800000011920929,1.8700001239776611,0.3840000033378601,0.03999999910593033,0.4049999713897705,0.20000000298023224,1.649999976158142,-0.44999998807907104,55.0,12.0,30.0,0.800000011920929,720.0,840.0,21037056,722.147305727005
9,365.0,425.0,395.0,760.0,67.94786071777344,0.7853721380233765,62.329795837402344,138.6714324951172,1.880289077758789,1.8899998664855957,0.4650000035762787,0.2800000011920929,1.8700001239776611,0.3240000009536743,0.05999999865889549,0.4049999713897705,0.25,1.649999976158142,-0.3499999940395355,50.0,20.0,75.0,0.800000011920929,730.0,840.0,21037056,722.147305727005
9,365.0,425.0,395.0,760.0,67.94453430175781,0.7870172262191772,62.09524917602539,136.45716857910156,1.9663406610488892,1.8899998664855957,0.4650000035762787,0.2800000011920929,1.8700001239776611,0.3840000033378601,0.03999999910593033,0.44999998807907104,0.3375000059604645,1.649999976158142,-0.30000001192092896,50.0,25.0,35.0,0.6499999761581421,700.0,870.0,21037056,722.147305727005
9,365.0,425.0,395.0,760.0,67.94271087646484,0.7838915586471558,62.280120849609375,140.36387634277344,1.8392311334609985,1.8899998664855957,0.4650000035762787,0.2800000011920929,1.8700001239776611,0.20399999618530273,0.024000000208616257,0.4049999713897705,0.3375000059604645,1.649999976158142,-0.44999998807907104,55.0,25.0,35.0,0.800000011920929,720.0,840.0,21037056,722.147305727005
9,365.0,425.0,395.0,760.0,67.94194793701172,0.7839018106460571,62.136260986328125,139.51693725585938,1.9164478778839111,1.8899998664855957,0.4650000035762787,0.2800000011920929,1.8700001239776611,0.23999999463558197,0.05999999865889549,0.4049999713897705,0.20000000298023224,1.649999976158142,-0.3499999940395355,50.0,25.0,75.0,0.800000011920929,690.0,840.0,21037056,722.147305727005
9,365.0,425.0,395.0,760.0,67.94042205810547,0.7834814786911011,61.686641693115234,137.74163818359375,2.1183290481567383,1.8899998664855957,0.36000001430511475,0.2800000011920929,1.8700001239776611,0.3840000033378601,0.04800000041723251,0.4049999713897705,0.20000000298023224,1.649999976158142,-0.3499999940395355,55.0,15.0,40.0,0.800000011920929,690.0,870.0,21037056,722.147305727005
9,365.0,425.0,395.0,760.0,67.93965148925781,0.7799783945083618,61.16482162475586,139.07972717285156,2.2763049602508545,1.6649999618530273,0.4650000035762787,0.2800000011920929,1.8700001239776611,0.20399999618530273,0.05999999865889549,0.4049999713897705,0.3375000059604645,1.649999976158142,-0.44999998807907104,55.0,15.0,30.0,0.5,700.0,840.0,21037056,722.147305727005
9,365.0,425.0,395.0,760.0,67.9389877319336,0.7838831543922424,61.694271087646484,138.5245819091797,2.0285146236419678,1.8899998664855957,0.4650000035762787,0.2800000011920929,1.8700001239776611,0.20399999618530273,0.024000000208616257,0.44999998807907104,0.25,1.649999976158142,-0.44999998807907104,55.0,12.0,60.0,0.5,690.0,820.0,21037056,722.147305727005
9,365.0,425.0,395.0,760.0,67.93890380859375,0.7814972400665283,61.23238754272461,137.62484741210938,2.288745641708374,1.6649999618530273,0.4650000035762787,0.2800000011920929,1.8700001239776611,0.3840000033378601,0.04800000041723251,0.4049999713897705,0.25,1.649999976158142,-0.44999998807907104,55.0,15.0,50.0,0.800000011920929,690.0,820.0,21037056,722.147305727005
9,365.0,425.0,395.0,760.0,67.93821716308594,0.7821256518363953,61.28462219238281,137.43212890625,2.2591145038604736,1.8899998664855957,0.27000001072883606,0.2800000011920929,1.8700001239776611,0.3840000033378601,0.03200000151991844,0.4049999713897705,0.2874999940395355,1.649999976158142,-0.4000000059604645,55.0,12.0,50.0,0.800000011920929,700.0,870.0,21037056,722.147305727005
9,365.0,425.0,395.0,760.0,67.93733215332031,0.7818189263343811,61.24199676513672,137.533447265625,2.2731399536132812,1.8899998664855957,0.27000001072883606,0.2800000011920929,1.8700001239776611,0.3240000009536743,0.05999999865889549,0.4049999713897705,0.2874999940395355,1.649999976158142,-0.3499999940395355,55.0,12.0,40.0,0.800000011920929,690.0,870.0,21037056,722.147305727005
9,365.0,425.0,395.0,760.0,67.93682861328125,0.7851591110229492,61.85101318359375,137.80410766601562,1.989678978919983,1.8899998664855957,0.4650000035762787,0.2800000011920929,1.8700001239776611,0.2759999930858612,0.024000000208616257,0.44999998807907104,0.2874999940395355,1.649999976158142,-0.3499999940395355,50.0,25.0,30.0,0.6499999761581421,690.0,840.0,21037056,722.147305727005
9,365.0,425.0,395.0,760.0,67.93574523925781,0.7875321507453918,61.355186462402344,133.63414001464844,2.2074856758117676,1.8899998664855957,0.4650000035762787,0.2800000011920929,1.8700001239776611,0.3840000033378601,0.03999999910593033,0.5174999833106995,0.2874999940395355,1.649999976158142,-0.4000000059604645,55.0,15.0,50.0,0.800000011920929,700.0,850.0,21037056,722.147305727005
9,365.0,425.0,395.0,760.0,67.93478393554688,0.7851121425628662,61.80677795410156,137.56259155273438,2.0133137702941895,1.8899998664855957,0.4650000035762787,0.2800000011920929,1.8700001239776611,0.2759999930858612,0.03999999910593033,0.44999998807907104,0.25,1.399999976158142,-0.44999998807907104,55.0,12.0,40.0,0.5,700.0,850.0,21037056,722.147305727005
9,365.0,425.0,395.0,760.0,67.93245697021484,0.7813553810119629,61.441871643066406,139.0260009765625,2.1635184288024902,1.8899998664855957,0.33000001311302185,0.2800000011920929,1.8700001239776611,0.20399999618530273,0.05999999865889549,0.4049999713897705,0.2874999940395355,1.649999976158142,-0.3499999940395355,55.0,12.0,40.0,0.5,730.0,850.0,21037056,722.147305727005
9,365.0,425.0,395.0,760.0,67.93238830566406,0.7843748331069946,62.23335266113281,139.60647583007812,1.8618944883346558,1.8899998664855957,0.4650000035762787,0.2800000011920929,1.8700001239776611,0.2759999930858612,0.03200000151991844,0.4049999713897705,0.25,1.399999976158142,-0.4000000059604645,50.0,30.0,40.0,0.800000011920929,700.0,870.0,21037056,722.147305727005
9,365.0,425.0,395.0,760.0,67.93185424804688,0.7851503491401672,62.16740798950195,138.16001892089844,1.9319052696228027,1.8899998664855957,0.4050000309944153,0.2800000011920929,1.8700001239776611,0.3840000033378601,0.03200000151991844,0.4049999713897705,0.3375000059604645,1.649999976158142,-0.3499999940395355,50.0,20.0,35.0,0.6499999761581421,730.0,840.0,21037056,722.147305727005
9,365.0,425.0,395.0,760.0,67.92741394042969,0.7846054434776306,62.20979309082031,139.18533325195312,1.877500057220459,1.8899998664855957,0.4650000035762787,0.2800000011920929,1.8700001239776611,0.3240000009536743,0.03200000151991844,0.4049999713897705,0.20000000298023224,1.649999976158142,-0.25,55.0,12.0,50.0,0.3499999940395355,720.0,820.0,21037056,722.147305727005
9,365.0,425.0,395.0,760.0,67.92737579345703,0.7847663164138794,62.30727005004883,139.44131469726562,1.8391435146331787,1.8899998664855957,0.4650000035762787,0.2800000011920929,1.8700001239776611,0.2759999930858612,0.03999999910593033,0.4049999713897705,0.2874999940395355,1.399999976158142,-0.44999998807907104,50.0,25.0,40.0,0.800000011920929,730.0,870.0,21037056,722.147305727005
9,365.0,425.0,395.0,760.0,67.92633056640625,0.7851957082748413,60.839698791503906,134.1695556640625,2.345576047897339,1.8899998664855957,0.4050000309944153,0.2800000011920929,1.8700001239776611,0.3240000009536743,0.024000000208616257,0.5174999833106995,0.25,1.649999976158142,-0.44999998807907104,55.0,15.0,30.0,0.800000011920929,730.0,840.0,21037056,722.147305727005
9,365.0,425.0,395.0,760.0,67.92560577392578,0.7817182540893555,61.2107048034668,137.5972900390625,2.265253782272339,1.8899998664855957,0.27000001072883606,0.2800000011920929,1.8700001239776611,0.3840000033378601,0.024000000208616257,0.4049999713897705,0.25,1.649999976158142,-0.44999998807907104,55.0,12.0,50.0,0.800000011920929,700.0,820.0,21037056,722.147305727005
9,365.0,425.0,395.0,760.0,67.92234802246094,0.7829695343971252,61.14885711669922,136.86175537109375,2.2454419136047363,1.8899998664855957,0.33000001311302185,0.2800000011920929,1.8700001239776611,0.2759999930858612,0.03200000151991844,0.44999998807907104,0.3375000059604645,1.649999976158142,-0.4000000059604645,55.0,12.0,30.0,0.5,690.0,820.0,21037056,722.147305727005
9,365.0,425.0,395.0,760.0,67.92176055908203,0.784618616104126,62.1590690612793,138.75035095214844,1.9095535278320312,1.8899998664855957,0.4650000035762787,0.2800000011920929,1.8700001239776611,0.3240000009536743,0.05999999865889549,0.4049999713897705,0.15000000596046448,1.649999976158142,-0.44999998807907104,50.0,40.0,40.0,0.6499999761581421,720.0,870.0,21037056,722.147305727005
9,365.0,425.0,395.0,760.0,67.91879272460938,0.7841450572013855,61.61443328857422,137.64805603027344,2.067511558532715,1.8899998664855957,0.4650000035762787,0.2800000011920929,1.8700001239776611,0.23999999463558197,0.05999999865889549,0.44999998807907104,0.15000000596046448,1.649999976158142,-0.44999998807907104,55.0,20.0,30.0,0.800000011920929,690.0,850.0,21037056,722.147305727005
9,365.0,425.0,395.0,760.0,67.91862487792969,0.7807908058166504,61.35310363769531,139.3944854736328,2.1635184288024902,1.8899998664855957,0.33000001311302185,0.2800000011920929,1.8700001239776611,0.20399999618530273,0.03999999910593033,0.4049999713897705,0.25,1.649999976158142,-0.3499999940395355,55.0,12.0,40.0,0.5,710.0,850.0,21037056,722.147305727005
9,365.0,425.0,395.0,760.0,67.91757202148438,0.7846653461456299,62.072147369384766,138.3350372314453,1.9422411918640137,1.8899998664855957,0.4050000309944153,0.2800000011920929,1.8700001239776611,0.3840000033378601,0.024000000208616257,0.4049999713897705,0.2874999940395355,1.649999976158142,-0.20000000298023224,50.0,25.0,30.0,0.5,700.0,820.0,21037056,722.147305727005
9,365.0,425.0,395.0,760.0,67.9167709350586,0.7840325832366943,62.239288330078125,139.7933349609375,1.8528125286102295,1.8899998664855957,0.4650000035762787,0.2800000011920929,1.8700001239776611,0.20399999618530273,0.05999999865889549,0.4049999713897705,0.2874999940395355,1.399999976158142,-0.44999998807907104,50.0,25.0,35.0,0.800000011920929,720.0,870.0,21037056,722.147305727005
9,365.0,425.0,395.0,760.0,67.91293334960938,0.7860693335533142,61.194488525390625,134.6770477294922,2.207995653152466,1.8899998664855957,0.4650000035762787,0.2800000011920929,1.8700001239776611,0.23999999463558197,0.05999999865889549,0.5174999833106995,0.2874999940395355,1.649999976158142,-0.4000000059604645,55.0,12.0,35.0,0.5,710.0,820.0,21037056,722.147305727005
9,365.0,425.0,395.0,760.0,67.91287994384766,0.783882200717926,62.138084411621094,139.781494140625,1.8674893379211426,1.8899998664855957,0.4650000035762787,0.2800000011920929,1.8700001239776611,0.2759999930858612,0.024000000208616257,0.4049999713897705,0.20000000298023224,1.399999976158142,-0.3499999940395355,50.0,20.0,30.0,0.800000011920929,710.0,850.0,21037056,722.147305727005
9,365.0,425.0,395.0,760.0,67.91246795654297,0.7852863669395447,62.28706359863281,138.6095733642578,1.8586668968200684,1.8899998664855957,0.4650000035762787,0.2800000011920929,1.8700001239776611,0.3840000033378601,0.03200000151991844,0.4049999713897705,0.20000000298023224,1.399999976158142,-0.4000000059604645,50.0,30.0,30.0,0.6499999761581421,700.0,820.0,21037056,722.147305727005
9,365.0,425.0,395.0,760.0,67.91232299804688,0.7831056118011475,62.065162658691406,140.20127868652344,1.8889598846435547,1.8899998664855957,0.4650000035762787,0.2800000011920929,1.8700001239776611,0.20399999618530273,0.03999999910593033,0.4049999713897705,0.20000000298023224,1.649999976158142,-0.30000001192092896,50.0,25.0,40.0,0.5,690.0,850.0,21037056,722.147305727005
9,365.0,425.0,395.0,760.0,67.91057586669922,0.7818983793258667,61.08395004272461,137.792236328125,2.2333173751831055,1.8899998664855957,0.36000001430511475,0.2800000011920929,1.8700001239776611,0.20399999618530273,0.03200000151991844,0.44999998807907104,0.25,1.649999976158142,-0.3499999940395355,55.0,12.0,30.0,0.5,690.0,840.0,21037056,722.147305727005
9,365.0,425.0,395.0,760.0,67.91014099121094,0.7873400449752808,61.37317657470703,134.0348663330078,2.1609086990356445,1.8899998664855957,0.4650000035762787,0.2800000011920929,1.8700001239776611,0.3240000009536743,0.04800000041723251,0.5174999833106995,0.3375000059604645,1.649999976158142,-0.4000000059604645,55.0,15.0,35.0,0.5,710.0,820.0,21037056,722.147305727005
9,365.0,425.0,395.0,760.0,67.9096450805664,0.7858458161354065,62.46434783935547,138.80569458007812,1.7905035018920898,1.8899998664855957,0.4650000035762787,0.2800000011920929,1.8700001239776611,0.3240000009536743,0.04800000041723251,0.4049999713897705,0.3375000059604645,1.399999976158142,-0.20000000298023224,50.0,15.0,35.0,0.6499999761581421,730.0,850.0,21037056,722.147305727005
9,365.0,425.0,395.0,760.0,67.90945434570312,0.7811817526817322,61.05976486206055,137.4051055908203,2.310567617416382,1.8899998664855957,0.27000001072883606,0.2800000011920929,1.8700001239776611,0.3840000033378601,0.03999999910593033,0.4049999713897705,0.15000000596046448,1.649999976158142,-0.44999998807907104,55.0,12.0,35.0,0.800000011920929,690.0,820.0,21037056,722.147305727005
9,365.0,425.0,395.0,760.0,67.90930938720703,0.784626841545105,61.76042175292969,137.90802001953125,1.9950684309005737,1.8899998664855957,0.4650000035762787,0.2800000011920929,1.8700001239776611,0.23999999463558197,0.03999999910593033,0.44999998807907104,0.25,1.649999976158142,-0.3499999940395355,50.0,25.0,40.0,0.800000011920929,690.0,850.0,21037056,722.147305727005
9,365.0,425.0,395.0,760.0,67.90641021728516,0.7852560877799988,62.359188079833984,139.11627197265625,1.8086068630218506,1.8899998664855957,0.4650000035762787,0.2800000011920929,1.8700001239776611,0.3240000009536743,0.03200000151991844,0.4049999713897705,0.2874999940395355,1.399999976158142,-0.3499999940395355,55.0,15.0,35.0,0.800000011920929,710.0,840.0,21037056,722.147305727005
9,365.0,425.0,395.0,760.0,67.90491485595703,0.7841405272483826,61.665157318115234,138.08302307128906,2.0153770446777344,1.8899998664855957,0.4650000035762787,0.2800000011920929,1.8700001239776611,0.23999999463558197,0.03200000151991844,0.44999998807907104,0.20000000298023224,1.649999976158142,-0.30000001192092896,50.0,20.0,30.0,0.800000011920929,720.0,840.0,21037056,722.147305727005
9,365.0,425.0,395.0,760.0,67.90274810791016,0.7837684750556946,62.177093505859375,140.0874786376953,1.8372305631637573,1.8899998664855957,0.4650000035762787,0.2800000011920929,1.8700001239776611,0.23999999463558197,0.024000000208616257,0.4049999713897705,0.25,1.399999976158142,-0.30000001192092896,55.0,12.0,30.0,0.3499999940395355,720.0,840.0,21037056,722.147305727005
9,365.0,425.0,395.0,760.0,67.90202331542969,0.7830839157104492,61.869041442871094,139.40098571777344,1.9591199159622192,1.8899998664855957,0.4050000309944153,0.2800000011920929,1.8700001239776611,0.2759999930858612,0.024000000208616257,0.4049999713897705,0.25,1.649999976158142,-0.25,50.0,15.0,30.0,0.800000011920929,720.0,870.0,21037056,722.147305727005
9,365.0,425.0,395.0,760.0,67.89808654785156,0.7825888395309448,61.82268524169922,139.74644470214844,1.963041067123413,1.8899998664855957,0.4050000309944153,0.2800000011920929,1.8700001239776611,0.23999999463558197,0.024000000208616257,0.4049999713897705,0.25,1.399999976158142,-0.4000000059604645,55.0,12.0,40.0,0.3499999940395355,730.0,870.0,21037056,722.147305727005
9,365.0,425.0,395.0,760.0,67.89786529541016,0.7856186628341675,62.444549560546875,139.07681274414062,1.7732759714126587,1.8899998664855957,0.4650000035762787,0.2800000011920929,1.8700001239776611,0.3240000009536743,0.03200000151991844,0.4049999713897705,0.3375000059604645,1.649999976158142,-0.20000000298023224,55.0,15.0,40.0,0.800000011920929,710.0,820.0,21037056,722.147305727005
9,365.0,425.0,395.0,760.0,67.89767456054688,0.7817742228507996,61.462196350097656,138.81747436523438,2.116952896118164,1.8899998664855957,0.36000001430511475,0.2800000011920929,1.8700001239776611,0.2759999930858612,0.04800000041723251,0.4049999713897705,0.15000000596046448,1.649999976158142,-0.4000000059604645,55.0,15.0,35.0,0.3499999940395355,710.0,840.0,21037056,722.147305727005
9,365.0,425.0,395.0,760.0,67.89703369140625,0.7853012681007385,62.23633575439453,138.17459106445312,1.8808281421661377,1.8899998664855957,0.4650000035762787,0.2800000011920929,1.8700001239776611,0.3840000033378601,0.05999999865889549,0.4049999713897705,0.15000000596046448,1.649999976158142,-0.44999998807907104,50.0,25.0,75.0,0.800000011920929,700.0,870.0,21037056,722.147305727005
9,365.0,425.0,395.0,760.0,67.8968505859375,0.7824294567108154,61.579689025878906,138.7240753173828,2.0724031925201416,1.8899998664855957,0.36000001430511475,0.2800000011920929,1.8700001239776611,0.3240000009536743,0.024000000208616257,0.4049999713897705,0.20000000298023224,1.649999976158142,-0.4000000059604645,55.0,12.0,75.0,0.6499999761581421,690.0,850.0,21037056,722.147305727005
9,365.0,425.0,395.0,760.0,67.89636993408203,0.7825680375099182,61.51753616333008,138.10743713378906,2.116952419281006,1.8899998664855957,0.33000001311302185,0.2800000011920929,1.8700001239776611,0.3240000009536743,0.04800000041723251,0.4049999713897705,0.25,1.649999976158142,-0.4000000059604645,55.0,15.0,35.0,0.3499999940395355,700.0,850.0,21037056,722.147305727005
9,365.0,425.0,395.0,760.0,67.8952865600586,0.7832496762275696,62.130733489990234,140.43292236328125,1.8391435146331787,1.8899998664855957,0.4650000035762787,0.2800000011920929,1.8700001239776611,0.20399999618530273,0.024000000208616257,0.4049999713897705,0.25,1.399999976158142,-0.44999998807907104,50.0,25.0,40.0,0.800000011920929,710.0,840.0,21037056,722.147305727005
9,365.0,425.0,395.0,760.0,67.89320373535156,0.7839017510414124,62.13625717163086,139.51693725585938,1.8677116632461548,1.8899998664855957,0.4650000035762787,0.2800000011920929,1.8700001239776611,0.23999999463558197,0.05999999865889549,0.4049999713897705,0.20000000298023224,1.649999976158142,-0.25,50.0,15.0,60.0,0.800000011920929,720.0,840.0,21037056,722.147305727005
9,365.0,425.0,395.0,760.0,67.89320373535156,0.7850494384765625,60.95973205566406,134.7855682373047,2.2633678913116455,1.8899998664855957,0.4650000035762787,0.2800000011920929,1.8700001239776611,0.23999999463558197,0.05999999865889549,0.5174999833106995,0.15000000596046448,1.649999976158142,-0.44999998807907104,55.0,15.0,60.0,0.800000011920929,710.0,850.0,21037056,722.147305727005
9,365.0,425.0,395.0,760.0,67.8928451538086,0.781574547290802,61.14513397216797,137.3656463623047,2.265253782272339,1.8899998664855957,0.27000001072883606,0.2800000011920929,1.8700001239776611,0.3840000033378601,0.03999999910593033,0.4049999713897705,0.20000000298023224,1.649999976158142,-0.44999998807907104,55.0,12.0,50.0,0.800000011920929,730.0,840.0,21037056,722.147305727005
9,365.0,425.0,395.0,760.0,67.89214324951172,0.7863466739654541,62.017982482910156,137.0329132080078,1.9171767234802246,1.8899998664855957,0.4650000035762787,0.2800000011920929,1.8700001239776611,0.3240000009536743,0.03999999910593033,0.44999998807907104,0.3375000059604645,1.399999976158142,-0.44999998807907104,55.0,15.0,75.0,0.800000011920929,730.0,840.0,21037056,722.147305727005
9,365.0,425.0,395.0,760.0,67.89210510253906,0.7835636138916016,61.50904083251953,137.8433837890625,2.070784091949463,1.8899998664855957,0.4050000309944153,0.2800000011920929,1.8700001239776611,0.20399999618530273,0.03999999910593033,0.44999998807907104,0.3375000059604645,1.649999976158142,-0.44999998807907104,55.0,15.0,60.0,0.5,710.0,870.0,21037056,722.147305727005
9,365.0,425.0,395.0,760.0,67.89158630371094,0.7833808064460754,61.931243896484375,139.10684204101562,2.1481494903564453,1.8899998664855957,0.4050000309944153,0.2800000011920929,1.8700001239776611,0.23999999463558197,0.05999999865889549,0.4049999713897705,0.2874999940395355,1.649999976158142,-0.30000001192092896,55.0,12.0,75.0,0.800000011920929,730.0,820.0,21037056,722.147305727005
9,365.0,425.0,395.0,760.0,67.89075469970703,0.7847659587860107,62.267982482910156,139.13201904296875,1.8302065134048462,1.8899998664855957,0.4650000035762787,0.2800000011920929,1.8700001239776611,0.2759999930858612,0.05999999865889549,0.4049999713897705,0.25,1.649999976158142,-0.30000001192092896,50.0,30.0,50.0,0.5,700.0,820.0,21037056,722.147305727005
9,365.0,425.0,395.0,760.0,67.88965606689453,0.7851591110229492,61.85101318359375,137.80410766601562,1.9425071477890015,1.8899998664855957,0.4650000035762787,0.2800000011920929,1.8700001239776611,0.2759999930858612,0.024000000208616257,0.44999998807907104,0.2874999940395355,1.649999976158142,-0.30000001192092896,50.0,25.0,40.0,0.6499999761581421,730.0,840.0,21037056,722.147305727005
9,365.0,425.0,395.0,760.0,67.88812255859375,0.7840114831924438,62.09725570678711,139.21095275878906,1.883002519607544,1.8899998664855957,0.4650000035762787,0.2800000011920929,1.8700001239776611,0.2759999930858612,0.05999999865889549,0.4049999713897705,0.15000000596046448,1.649999976158142,-0.30000001192092896,50.0,30.0,35.0,0.3499999940395355,700.0,870.0,21037056,722.147305727005
10,425.0,500.0,462.5,820.0,71.23695373535156,0.7843464612960815,62.16740798950195,138.16001892089844,2.310567617416382,1.8899998664855957,0.4050000309944153,0.2800000011920929,1.8700001239776611,0.3840000033378601,0.03200000151991844,0.4049999713897705,0.3375000059604645,1.649999976158142,-0.44999998807907104,55.0,12.0,35.0,0.800000011920929,720.0,870.0,21037056,721.02539229393
10,425.0,500.0,462.5,820.0,71.20931243896484,0.7848355174064636,62.37242889404297,138.57009887695312,2.197697877883911,1.8899998664855957,0.4650000035762787,0.2800000011920929,1.8700001239776611,0.3840000033378601,0.03200000151991844,0.4049999713897705,0.25,1.649999976158142,-0.4000000059604645,55.0,12.0,75.0,0.800000011920929,720.0,870.0,21037056,721.02539229393
10,425.0,500.0,462.5,820.0,71.19985961914062,0.7833749651908875,62.16777801513672,139.37481689453125,2.2327044010162354,1.8899998664855957,0.4650000035762787,0.2800000011920929,1.8700001239776611,0.2759999930858612,0.04800000041723251,0.4049999713897705,0.20000000298023224,1.649999976158142,-0.4000000059604645,55.0,12.0,60.0,0.800000011920929,730.0,850.0,21037056,721.02539229393
10,425.0,500.0,462.5,820.0,71.19692993164062,0.7826495170593262,62.10162353515625,139.9913787841797,2.2301084995269775,1.8899998664855957,0.4650000035762787,0.2800000011920929,1.8700001239776611,0.23999999463558197,0.03200000151991844,0.4049999713897705,0.20000000298023224,1.649999976158142,-0.4000000059604645,55.0,15.0,30.0,0.6499999761581421,690.0,820.0,21037056,721.02539229393
10,425.0,500.0,462.5,820.0,71.18204498291016,0.7847471237182617,62.202049255371094,137.68557739257812,2.267188310623169,1.8899998664855957,0.4050000309944153,0.2800000011920929,1.8700001239776611,0.3840000033378601,0.05999999865889549,0.4049999713897705,0.3375000059604645,1.649999976158142,-0.3499999940395355,55.0,12.0,30.0,0.6499999761581421,710.0,820.0,21037056,721.02539229393
10,425.0,500.0,462.5,820.0,71.16183471679688,0.7833786010742188,61.97538757324219,138.33038330078125,2.3010597229003906,1.8899998664855957,0.4050000309944153,0.2800000011920929,1.8700001239776611,0.3240000009536743,0.05999999865889549,0.4049999713897705,0.25,1.649999976158142,-0.3499999940395355,55.0,12.0,30.0,0.800000011920929,730.0,870.0,21037056,721.02539229393
10,425.0,500.0,462.5,820.0,71.15723419189453,0.7835714221000671,61.740631103515625,138.1791534423828,2.317031145095825,1.8899998664855957,0.4650000035762787,0.2800000011920929,1.8700001239776611,0.23999999463558197,0.024000000208616257,0.44999998807907104,0.25,1.649999976158142,-0.4000000059604645,55.0,12.0,30.0,0.800000011920929,720.0,820.0,21037056,721.02539229393
10,425.0,500.0,462.5,820.0,71.1285400390625,0.7826494574546814,62.10162353515625,139.99136352539062,2.161728620529175,1.8899998664855957,0.4650000035762787,0.2800000011920929,1.8700001239776611,0.23999999463558197,0.03200000151991844,0.4049999713897705,0.20000000298023224,1.649999976158142,-0.44999998807907104,55.0,12.0,35.0,0.3499999940395355,720.0,820.0,21037056,721.02539229393
10,425.0,500.0,462.5,820.0,71.12432861328125,0.7834089398384094,62.30980682373047,139.95721435546875,2.09249210357666,1.8899998664855957,0.4650000035762787,0.2800000011920929,1.8700001239776611,0.20399999618530273,0.04800000041723251,0.4049999713897705,0.3375000059604645,1.649999976158142,-0.3499999940395355,55.0,15.0,50.0,0.800000011920929,700.0,840.0,21037056,721.02539229393
10,425.0,500.0,462.5,820.0,71.12409973144531,0.7849546670913696,61.95616912841797,137.49354553222656,2.2333173751831055,1.8899998664855957,0.4650000035762787,0.2800000011920929,1.8700001239776611,0.2759999930858612,0.03999999910593033,0.44999998807907104,0.3375000059604645,1.649999976158142,-0.3499999940395355,55.0,12.0,30.0,0.5,710.0,850.0,21037056,721.02539229393
10,425.0,500.0,462.5,820.0,71.11866760253906,0.7830463647842407,61.97760009765625,138.7613983154297,2.242431640625,1.8899998664855957,0.4050000309944153,0.2800000011920929,1.8700001239776611,0.2759999930858612,0.05999999865889549,0.4049999713897705,0.2874999940395355,1.649999976158142,-0.3499999940395355,55.0,12.0,35.0,0.6499999761581421,690.0,820.0,21037056,721.02539229393
10,425.0,500.0,462.5,820.0,71.10993957519531,0.7846793532371521,62.30685806274414,138.33847045898438,2.134228229522705,1.8899998664855957,0.4650000035762787,0.2800000011920929,1.8700001239776611,0.3840000033378601,0.04800000041723251,0.4049999713897705,0.20000000298023224,1.649999976158142,-0.44999998807907104,55.0,15.0,50.0,0.5,690.0,870.0,21037056,721.02539229393
10,425.0,500.0,462.5,820.0,71.1049575805664,0.7837634682655334,62.25314712524414,139.33535766601562,2.108266830444336,1.8899998664855957,0.4650000035762787,0.2800000011920929,1.8700001239776611,0.2759999930858612,0.04800000041723251,0.4049999713897705,0.25,1.649999976158142,-0.25,55.0,12.0,40.0,0.800000011920929,730.0,870.0,21037056,721.02539229393
10,425.0,500.0,462.5,820.0,71.09025573730469,0.78422611951828,62.15751266479492,138.2955780029297,2.1609673500061035,1.8899998664855957,0.4050000309944153,0.2800000011920929,1.8700001239776611,0.3840000033378601,0.024000000208616257,0.4049999713897705,0.3375000059604645,1.649999976158142,-0.4000000059604645,55.0,12.0,35.0,0.3499999940395355,710.0,820.0,21037056,721.02539229393
10,425.0,500.0,462.5,820.0,71.08609008789062,0.7840505838394165,62.317169189453125,139.30577087402344,2.067511558532715,1.8899998664855957,0.4650000035762787,0.2800000011920929,1.8700001239776611,0.2759999930858612,0.04800000041723251,0.4049999713897705,0.2874999940395355,1.649999976158142,-0.44999998807907104,55.0,20.0,30.0,0.800000011920929,730.0,850.0,21037056,721.02539229393
10,425.0,500.0,462.5,820.0,71.07586669921875,0.78422611951828,62.15751266479492,138.2955780029297,2.146580457687378,1.8899998664855957,0.4050000309944153,0.2800000011920929,1.8700001239776611,0.3840000033378601,0.024000000208616257,0.4049999713897705,0.3375000059604645,1.649999976158142,-0.44999998807907104,55.0,15.0,40.0,0.3499999940395355,700.0,870.0,21037056,721.02539229393
10,425.0,500.0,462.5,820.0,71.04595947265625,0.7835865020751953,62.32648468017578,140.01841735839844,1.995712161064148,1.8899998664855957,0.4650000035762787,0.2800000011920929,1.8700001239776611,0.23999999463558197,0.024000000208616257,0.4049999713897705,0.3375000059604645,1.399999976158142,-0.44999998807907104,55.0,15.0,40.0,0.800000011920929,700.0,820.0,21037056,721.02539229393
10,425.0,500.0,462.5,820.0,71.04495239257812,0.7856931090354919,61.95575714111328,136.3906707763672,2.200645685195923,1.8899998664855957,0.4650000035762787,0.2800000011920929,1.8700001239776611,0.3840000033378601,0.04800000041723251,0.44999998807907104,0.25,1.649999976158142,-0.44999998807907104,55.0,12.0,75.0,0.800000011920929,710.0,850.0,21037056,721.02539229393
10,425.0,500.0,462.5,820.0,71.04331970214844,0.7816335558891296,61.716163635253906,139.2860565185547,2.2374370098114014,1.8899998664855957,0.36000001430511475,0.2800000011920929,1.8700001239776611,0.23999999463558197,0.03200000151991844,0.4049999713897705,0.3375000059604645,1.649999976158142,-0.44999998807907104,55.0,12.0,60.0,0.800000011920929,690.0,820.0,21037056,721.02539229393
10,425.0,500.0,462.5,820.0,71.04296112060547,0.7851220369338989,62.43645095825195,138.54051208496094,2.009500741958618,1.8899998664855957,0.4650000035762787,0.2800000011920929,1.8700001239776611,0.3840000033378601,0.03200000151991844,0.4049999713897705,0.2874999940395355,1.649999976158142,-0.3499999940395355,50.0,25.0,35.0,0.800000011920929,690.0,820.0,21037056,721.02539229393
10,425.0,500.0,462.5,820.0,71.03923034667969,0.7846910953521729,62.43465805053711,139.21237182617188,1.9763967990875244,1.8899998664855957,0.4650000035762787,0.2800000011920929,1.8700001239776611,0.3240000009536743,0.024000000208616257,0.4049999713897705,0.3375000059604645,1.649999976158142,-0.20000000298023224,50.0,15.0,30.0,0.800000011920929,710.0,840.0,21037056,721.02539229393
10,425.0,500.0,462.5,820.0,71.03508758544922,0.7828763723373413,61.432586669921875,137.49266052246094,2.3263936042785645,1.8899998664855957,0.4050000309944153,0.2800000011920929,1.8700001239776611,0.2759999930858612,0.024000000208616257,0.44999998807907104,0.25,1.649999976158142,-0.44999998807907104,55.0,12.0,30.0,0.800000011920929,700.0,820.0,21037056,721.02539229393
10,425.0,500.0,462.5,820.0,71.02945709228516,0.7835116386413574,61.636051177978516,137.64149475097656,2.24855375289917,1.8899998664855957,0.4650000035762787,0.2800000011920929,1.8700001239776611,0.2759999930858612,0.03999999910593033,0.44999998807907104,0.15000000596046448,1.649999976158142,-0.30000001192092896,55.0,12.0,35.0,0.800000011920929,700.0,840.0,21037056,721.02539229393
10,425.0,500.0,462.5,820.0,71.02577209472656,0.7848290205001831,62.393821716308594,138.64181518554688,2.0065574645996094,1.8899998664855957,0.4650000035762787,0.2800000011920929,1.8700001239776611,0.3240000009536743,0.05999999865889549,0.4049999713897705,0.2874999940395355,1.649999976158142,-0.3499999940395355,50.0,30.0,35.0,0.800000011920929,730.0,840.0,21037056,721.02539229393
10,425.0,500.0,462.5,820.0,71.02234649658203,0.7849613428115845,61.840702056884766,136.8367919921875,2.197697877883911,1.8899998664855957,0.4650000035762787,0.2800000011920929,1.8700001239776611,0.3840000033378601,0.024000000208616257,0.44999998807907104,0.20000000298023224,1.649999976158142,-0.4000000059604645,55.0,12.0,75.0,0.800000011920929,710.0,850.0,21037056,721.02539229393
10,425.0,500.0,462.5,820.0,71.01985931396484,0.7853294014930725,61.998191833496094,137.30404663085938,2.117109537124634,1.8899998664855957,0.4650000035762787,0.2800000011920929,1.8700001239776611,0.3240000009536743,0.024000000208616257,0.44999998807907104,0.3375000059604645,1.399999976158142,-0.44999998807907104,55.0,12.0,40.0,0.800000011920929,720.0,840.0,21037056,721.02539229393
10,425.0,500.0,462.5,820.0,71.01551818847656,0.7834426164627075,62.26091003417969,139.78677368164062,2.0003716945648193,1.8899998664855957,0.4650000035762787,0.2800000011920929,1.8700001239776611,0.23999999463558197,0.03999999910593033,0.4049999713897705,0.2874999940395355,1.649999976158142,-0.20000000298023224,50.0,25.0,30.0,0.800000011920929,720.0,840.0,21037056,721.02539229393
10,425.0,500.0,462.5,820.0,71.01451873779297,0.7854657769203186,61.93596267700195,136.66177368164062,2.1635184288024902,1.8899998664855957,0.4650000035762787,0.2800000011920929,1.8700001239776611,0.3840000033378601,0.03200000151991844,0.44999998807907104,0.25,1.649999976158142,-0.3499999940395355,55.0,12.0,40.0,0.5,730.0,850.0,21037056,721.02539229393
10,425.0,500.0,462.5,820.0,71.00271606445312,0.7847368121147156,61.93455505371094,137.50009155273438,2.127577066421509,1.8899998664855957,0.4650000035762787,0.2800000011920929,1.8700001239776611,0.23999999463558197,0.05999999865889549,0.44999998807907104,0.3375000059604645,1.649999976158142,-0.3499999940395355,55.0,12.0,60.0,0.6499999761581421,720.0,820.0,21037056,721.02539229393
10,425.0,500.0,462.5,820.0,70.99600982666016,0.7843958139419556,61.72260665893555,136.84201049804688,2.2183291912078857,1.8899998664855957,0.4650000035762787,0.2800000011920929,1.8700001239776611,0.3240000009536743,0.05999999865889549,0.44999998807907104,0.15000000596046448,1.649999976158142,-0.3499999940395355,55.0,12.0,40.0,0.6499999761581421,690.0,840.0,21037056,721.02539229393
10,425.0,500.0,462.5,820.0,70.99315643310547,0.7826472520828247,61.942962646484375,139.23582458496094,2.1052913665771484,1.8899998664855957,0.4050000309944153,0.2800000011920929,1.8700001239776611,0.2759999930858612,0.03200000151991844,0.4049999713897705,0.2874999940395355,1.399999976158142,-0.4000000059604645,55.0,12.0,30.0,0.6499999761581421,700.0,820.0,21037056,721.02539229393
10,425.0,500.0,462.5,820.0,70.98722839355469,0.7842345237731934,61.890018463134766,138.11009216308594,2.096428155899048,1.8899998664855957,0.4650000035762787,0.2800000011920929,1.8700001239776611,0.23999999463558197,0.024000000208616257,0.44999998807907104,0.3375000059604645,1.649999976158142,-0.3499999940395355,55.0,12.0,50.0,0.5,710.0,850.0,21037056,721.02539229393
10,425.0,500.0,462.5,820.0,70.98585510253906,0.7821568250656128,61.711795806884766,138.505615234375,2.213163375854492,1.8899998664855957,0.36000001430511475,0.2800000011920929,1.8700001239776611,0.2759999930858612,0.05999999865889549,0.4049999713897705,0.2874999940395355,1.649999976158142,-0.44999998807907104,55.0,12.0,30.0,0.3499999940395355,710.0,850.0,21037056,721.02539229393
10,425.0,500.0,462.5,820.0,70.97647094726562,0.7850669026374817,62.3922233581543,138.2989959716797,1.9712793827056885,1.8899998664855957,0.4650000035762787,0.2800000011920929,1.8700001239776611,0.3840000033378601,0.04800000041723251,0.4049999713897705,0.25,1.399999976158142,-0.3499999940395355,55.0,12.0,30.0,0.5,720.0,870.0,21037056,721.02539229393
10,425.0,500.0,462.5,820.0,70.97340393066406,0.7839094400405884,61.445457458496094,135.9252166748047,2.330681562423706,1.8899998664855957,0.4050000309944153,0.2800000011920929,1.8700001239776611,0.3840000033378601,0.05999999865889549,0.44999998807907104,0.15000000596046448,1.649999976158142,-0.44999998807907104,55.0,15.0,35.0,0.800000011920929,720.0,820.0,21037056,721.02539229393
10,425.0,500.0,462.5,820.0,70.966552734375,0.780425488948822,61.46968078613281,139.2655792236328,2.263246536254883,1.8899998664855957,0.36000001430511475,0.2800000011920929,1.8700001239776611,0.20399999618530273,0.05999999865889549,0.4049999713897705,0.20000000298023224,1.649999976158142,-0.4000000059604645,55.0,15.0,30.0,0.800000011920929,710.0,840.0,21037056,721.02539229393
10,425.0,500.0,462.5,820.0,70.96345520019531,0.7852388620376587,62.446346282958984,138.40496826171875,1.933127999305725,1.8899998664855957,0.4650000035762787,0.2800000011920929,1.8700001239776611,0.3840000033378601,0.03999999910593033,0.4049999713897705,0.2874999940395355,1.649999976158142,-0.4000000059604645,50.0,20.0,30.0,0.6499999761581421,730.0,840.0,21037056,721.02539229393
10,425.0,500.0,462.5,820.0,70.95201110839844,0.783933162689209,62.356170654296875,139.61175537109375,1.9114316701889038,1.8899998664855957,0.4650000035762787,0.2800000011920929,1.8700001239776611,0.23999999463558197,0.04800000041723251,0.4049999713897705,0.3375000059604645,1.649999976158142,-0.44999998807907104,50.0,25.0,60.0,0.800000011920929,690.0,820.0,21037056,721.02539229393
10,425.0,500.0,462.5,820.0,70.95185089111328,0.783787190914154,61.660789489746094,137.3026123046875,2.1798818111419678,1.8899998664855957,0.4650000035762787,0.2800000011920929,1.8700001239776611,0.2759999930858612,0.05999999865889549,0.44999998807907104,0.15000000596046448,1.649999976158142,-0.4000000059604645,55.0,12.0,50.0,0.6499999761581421,710.0,840.0,21037056,721.02539229393
10,425.0,500.0,462.5,820.0,70.95103454589844,0.7835937142372131,62.14422607421875,138.9536895751953,2.0078113079071045,1.8899998664855957,0.4650000035762787,0.2800000011920929,1.8700001239776611,0.3240000009536743,0.04800000041723251,0.4049999713897705,0.15000000596046448,1.649999976158142,-0.44999998807907104,55.0,20.0,30.0,0.5,690.0,850.0,21037056,721.02539229393
10,425.0,500.0,462.5,820.0,70.95000457763672,0.7855603098869324,62.017982482910156,137.0329132080078,2.0537147521972656,1.8899998664855957,0.4650000035762787,0.2800000011920929,1.8700001239776611,0.3240000009536743,0.03999999910593033,0.44999998807907104,0.3375000059604645,1.649999976158142,-0.44999998807907104,55.0,20.0,35.0,0.800000011920929,710.0,870.0,21037056,721.02539229393
10,425.0,500.0,462.5,820.0,70.94544982910156,0.7843482494354248,61.85101318359375,137.80410766601562,2.076899766921997,1.8899998664855957,0.4650000035762787,0.2800000011920929,1.8700001239776611,0.2759999930858612,0.024000000208616257,0.44999998807907104,0.2874999940395355,1.649999976158142,-0.30000001192092896,55.0,12.0,40.0,0.3499999940395355,700.0,840.0,21037056,721.02539229393
10,425.0,500.0,462.5,820.0,70.93850708007812,0.7824200391769409,61.78981399536133,138.61265563964844,2.1325268745422363,1.8899998664855957,0.4050000309944153,0.2800000011920929,1.8700001239776611,0.3240000009536743,0.04800000041723251,0.4049999713897705,0.15000000596046448,1.649999976158142,-0.4000000059604645,55.0,15.0,50.0,0.6499999761581421,720.0,870.0,21037056,721.02539229393
10,425.0,500.0,462.5,820.0,70.93681335449219,0.7855195999145508,62.47108459472656,138.06607055664062,1.9150840044021606,1.8899998664855957,0.4650000035762787,0.2800000011920929,1.8700001239776611,0.3840000033378601,0.05999999865889549,0.4049999713897705,0.2874999940395355,1.649999976158142,-0.25,55.0,12.0,75.0,0.6499999761581421,700.0,870.0,21037056,721.02539229393
10,425.0,500.0,462.5,820.0,70.93526458740234,0.7858568429946899,61.9705924987793,136.18731689453125,2.096428155899048,1.8899998664855957,0.4650000035762787,0.2800000011920929,1.8700001239776611,0.3840000033378601,0.05999999865889549,0.44999998807907104,0.25,1.649999976158142,-0.3499999940395355,55.0,12.0,50.0,0.5,710.0,870.0,21037056,721.02539229393
10,425.0,500.0,462.5,820.0,70.93386840820312,0.7815800905227661,61.757110595703125,139.51478576660156,2.108267068862915,1.8899998664855957,0.4050000309944153,0.2800000011920929,1.8700001239776611,0.23999999463558197,0.03999999910593033,0.4049999713897705,0.20000000298023224,1.649999976158142,-0.25,55.0,12.0,40.0,0.800000011920929,690.0,840.0,21037056,721.02539229393
10,425.0,500.0,462.5,820.0,70.93272399902344,0.7835731506347656,62.32465744018555,139.7538604736328,1.9063224792480469,1.8899998664855957,0.4650000035762787,0.2800000011920929,1.8700001239776611,0.20399999618530273,0.05999999865889549,0.4049999713897705,0.3375000059604645,1.649999976158142,-0.4000000059604645,55.0,15.0,75.0,0.5,690.0,850.0,21037056,721.02539229393
10,425.0,500.0,462.5,820.0,70.93026733398438,0.7821968793869019,61.81336975097656,139.03379821777344,2.100649356842041,1.8899998664855957,0.4050000309944153,0.2800000011920929,1.8700001239776611,0.2759999930858612,0.04800000041723251,0.4049999713897705,0.20000000298023224,1.649999976158142,-0.4000000059604645,55.0,12.0,50.0,0.5,690.0,870.0,21037056,721.02539229393
10,425.0,500.0,462.5,820.0,70.92906951904297,0.782396137714386,62.130733489990234,140.43292236328125,1.9383654594421387,1.8899998664855957,0.4650000035762787,0.2800000011920929,1.8700001239776611,0.20399999618530273,0.024000000208616257,0.4049999713897705,0.25,1.649999976158142,-0.3499999940395355,50.0,25.0,40.0,0.6499999761581421,690.0,820.0,21037056,721.02539229393
10,425.0,500.0,462.5,820.0,70.92648315429688,0.7811285257339478,61.62090301513672,139.4610595703125,2.146986961364746,1.8899998664855957,0.36000001430511475,0.2800000011920929,1.8700001239776611,0.23999999463558197,0.024000000208616257,0.4049999713897705,0.2874999940395355,1.649999976158142,-0.4000000059604645,55.0,15.0,75.0,0.800000011920929,690.0,870.0,21037056,721.02539229393
10,425.0,500.0,462.5,820.0,70.92546081542969,0.7850118279457092,61.87849426269531,136.9664306640625,2.0830509662628174,1.8899998664855957,0.4650000035762787,0.2800000011920929,1.8700001239776611,0.3240000009536743,0.04800000041723251,0.44999998807907104,0.25,1.399999976158142,-0.4000000059604645,55.0,12.0,35.0,0.6499999761581421,720.0,840.0,21037056,721.02539229393
10,425.0,500.0,462.5,820.0,70.92536926269531,0.7848098874092102,62.444549560546875,139.07681274414062,1.8655426502227783,1.8899998664855957,0.4650000035762787,0.2800000011920929,1.8700001239776611,0.3240000009536743,0.03200000151991844,0.4049999713897705,0.3375000059604645,1.649999976158142,-0.44999998807907104,50.0,40.0,50.0,0.6499999761581421,720.0,840.0,21037056,721.02539229393
10,425.0,500.0,462.5,820.0,70.92411804199219,0.7833620309829712,62.124427795410156,139.2247772216797,1.9744923114776611,1.8899998664855957,0.4650000035762787,0.2800000011920929,1.8700001239776611,0.3240000009536743,0.03200000151991844,0.4049999713897705,0.15000000596046448,1.649999976158142,-0.44999998807907104,55.0,15.0,60.0,0.3499999940395355,720.0,870.0,21037056,721.02539229393
10,425.0,500.0,462.5,820.0,70.92406463623047,0.7824983596801758,61.34538650512695,137.26756286621094,2.26718807220459,1.8899998664855957,0.4050000309944153,0.2800000011920929,1.8700001239776611,0.23999999463558197,0.05999999865889549,0.44999998807907104,0.20000000298023224,1.649999976158142,-0.3499999940395355,55.0,12.0,30.0,0.6499999761581421,690.0,840.0,21037056,721.02539229393
10,425.0,500.0,462.5,820.0,70.92329406738281,0.7825851440429688,61.85538864135742,138.84429931640625,2.0808207988739014,1.8899998664855957,0.4050000309944153,0.2800000011920929,1.8700001239776611,0.3240000009536743,0.03200000151991844,0.4049999713897705,0.20000000298023224,1.649999976158142,-0.25,55.0,12.0,35.0,0.6499999761581421,730.0,870.0,21037056,721.02539229393
10,425.0,500.0,462.5,820.0,70.9227294921875,0.7837607860565186,62.1590690612793,138.75035095214844,1.984749674797058,1.8899998664855957,0.4650000035762787,0.2800000011920929,1.8700001239776611,0.3240000009536743,0.05999999865889549,0.4049999713897705,0.15000000596046448,1.649999976158142,-0.25,50.0,25.0,30.0,0.6499999761581421,710.0,820.0,21037056,721.02539229393
10,425.0,500.0,462.5,820.0,70.91981506347656,0.783933162689209,62.356170654296875,139.61175537109375,1.8792303800582886,1.8899998664855957,0.4650000035762787,0.2800000011920929,1.8700001239776611,0.23999999463558197,0.04800000041723251,0.4049999713897705,0.3375000059604645,1.649999976158142,-0.20000000298023224,50.0,25.0,40.0,0.5,730.0,850.0,21037056,721.02539229393
10,425.0,500.0,462.5,820.0,70.91617584228516,0.784368097782135,62.11668395996094,137.72503662109375,2.0302348136901855,1.8899998664855957,0.4050000309944153,0.2800000011920929,1.8700001239776611,0.3840000033378601,0.05999999865889549,0.4049999713897705,0.2874999940395355,1.649999976158142,-0.30000001192092896,55.0,12.0,75.0,0.6499999761581421,690.0,850.0,21037056,721.02539229393
10,425.0,500.0,462.5,820.0,70.91187286376953,0.7844329476356506,62.359188079833984,139.11627197265625,1.8808281421661377,1.8899998664855957,0.4650000035762787,0.2800000011920929,1.8700001239776611,0.3240000009536743,0.03200000151991844,0.4049999713897705,0.2874999940395355,1.649999976158142,-0.44999998807907104,50.0,25.0,75.0,0.800000011920929,690.0,820.0,21037056,721.02539229393
10,425.0,500.0,462.5,820.0,70.90956115722656,0.7829204201698303,62.177093505859375,140.0874786376953,1.9101011753082275,1.8899998664855957,0.4650000035762787,0.2800000011920929,1.8700001239776611,0.23999999463558197,0.024000000208616257,0.4049999713897705,0.25,1.399999976158142,-0.3499999940395355,55.0,12.0,40.0,0.5,730.0,840.0,21037056,721.02539229393
10,425.0,500.0,462.5,820.0,70.9083023071289,0.7833268046379089,62.251014709472656,139.9223175048828,1.8899483680725098,1.8899998664855957,0.4650000035762787,0.2800000011920929,1.8700001239776611,0.23999999463558197,0.03200000151991844,0.4049999713897705,0.2874999940395355,1.649999976158142,-0.44999998807907104,55.0,20.0,40.0,0.3499999940395355,700.0,850.0,21037056,721.02539229393
10,425.0,500.0,462.5,820.0,70.90393829345703,0.7802756428718567,61.40593719482422,139.29847717285156,2.213163375854492,1.8899998664855957,0.36000001430511475,0.2800000011920929,1.8700001239776611,0.23999999463558197,0.03999999910593033,0.4049999713897705,0.15000000596046448,1.649999976158142,-0.44999998807907104,55.0,12.0,30.0,0.3499999940395355,720.0,840.0,21037056,721.02539229393
10,425.0,500.0,462.5,820.0,70.89886474609375,0.7805081605911255,61.44186782836914,139.0260009765625,2.2131638526916504,1.8899998664855957,0.33000001311302185,0.2800000011920929,1.8700001239776611,0.20399999618530273,0.05999999865889549,0.4049999713897705,0.2874999940395355,1.649999976158142,-0.44999998807907104,55.0,12.0,30.0,0.3499999940395355,690.0,870.0,21037056,721.02539229393
10,425.0,500.0,462.5,820.0,70.89630126953125,0.7813409566879272,61.603240966796875,139.1452178955078,2.1315724849700928,1.8899998664855957,0.36000001430511475,0.2800000011920929,1.8700001239776611,0.2759999930858612,0.024000000208616257,0.4049999713897705,0.25,1.649999976158142,-0.3499999940395355,55.0,15.0,35.0,0.800000011920929,700.0,840.0,21037056,721.02539229393
10,425.0,500.0,462.5,820.0,70.8953857421875,0.7848098874092102,62.444549560546875,139.07681274414062,1.8355542421340942,1.8899998664855957,0.4650000035762787,0.2800000011920929,1.8700001239776611,0.3240000009536743,0.03200000151991844,0.4049999713897705,0.3375000059604645,1.399999976158142,-0.30000001192092896,55.0,12.0,35.0,0.5,690.0,870.0,21037056,721.02539229393
10,425.0,500.0,462.5,820.0,70.8884506225586,0.7835731506347656,62.32465744018555,139.7538604736328,1.8620481491088867,1.8899998664855957,0.4650000035762787,0.2800000011920929,1.8700001239776611,0.20399999618530273,0.05999999865889549,0.4049999713897705,0.3375000059604645,1.649999976158142,-0.44999998807907104,50.0,40.0,40.0,0.5,700.0,870.0,21037056,721.02539229393
10,425.0,500.0,462.5,820.0,70.88821411132812,0.7835890054702759,61.9114990234375,137.7686767578125,2.067511558532715,1.8899998664855957,0.36000001430511475,0.2800000011920929,1.8700001239776611,0.3840000033378601,0.03999999910593033,0.4049999713897705,0.3375000059604645,1.649999976158142,-0.44999998807907104,55.0,20.0,30.0,0.800000011920929,720.0,850.0,21037056,721.02539229393
10,425.0,500.0,462.5,820.0,70.8873291015625,0.7839325070381165,62.191802978515625,138.78460693359375,1.9322634935379028,1.8899998664855957,0.4650000035762787,0.2800000011920929,1.8700001239776611,0.3840000033378601,0.024000000208616257,0.4049999713897705,0.15000000596046448,1.399999976158142,-0.44999998807907104,55.0,15.0,30.0,0.3499999940395355,690.0,840.0,21037056,721.02539229393
10,425.0,500.0,462.5,820.0,70.88626861572266,0.7850710153579712,61.92272186279297,137.20794677734375,2.0153262615203857,1.8899998664855957,0.4650000035762787,0.2800000011920929,1.8700001239776611,0.3240000009536743,0.03200000151991844,0.44999998807907104,0.2874999940395355,1.649999976158142,-0.3499999940395355,55.0,15.0,40.0,0.5,720.0,850.0,21037056,721.02539229393
10,425.0,500.0,462.5,820.0,70.8846435546875,0.7835533618927002,61.738800048828125,137.91458129882812,2.068591356277466,1.8899998664855957,0.4650000035762787,0.2800000011920929,1.8700001239776611,0.20399999618530273,0.05999999865889549,0.44999998807907104,0.25,1.649999976158142,-0.44999998807907104,55.0,12.0,75.0,0.6499999761581421,690.0,820.0,21037056,721.02539229393
10,425.0,500.0,462.5,820.0,70.88440704345703,0.7805178761482239,61.163124084472656,137.76638793945312,2.330681562423706,1.8899998664855957,0.27000001072883606,0.2800000011920929,1.8700001239776611,0.3240000009536743,0.04800000041723251,0.4049999713897705,0.25,1.649999976158142,-0.44999998807907104,55.0,15.0,35.0,0.800000011920929,730.0,840.0,21037056,721.02539229393
10,425.0,500.0,462.5,820.0,70.88375854492188,0.7796472311019897,61.27764129638672,139.29840087890625,2.2454419136047363,1.8899998664855957,0.33000001311302185,0.2800000011920929,1.8700001239776611,0.20399999618530273,0.04800000041723251,0.4049999713897705,0.20000000298023224,1.649999976158142,-0.4000000059604645,55.0,12.0,30.0,0.5,710.0,850.0,21037056,721.02539229393
10,425.0,500.0,462.5,820.0,70.88249206542969,0.7850395441055298,62.4643440246582,138.80569458007812,1.8292062282562256,1.8899998664855957,0.4650000035762787,0.2800000011920929,1.8700001239776611,0.3240000009536743,0.04800000041723251,0.4049999713897705,0.3375000059604645,1.399999976158142,-0.30000001192092896,50.0,20.0,50.0,0.800000011920929,710.0,820.0,21037056,721.02539229393
10,425.0,500.0,462.5,820.0,70.88248443603516,0.7841551303863525,62.24443435668945,138.71087646484375,1.9145734310150146,1.8899998664855957,0.4650000035762787,0.2800000011920929,1.8700001239776611,0.3240000009536743,0.05999999865889549,0.4049999713897705,0.20000000298023224,1.649999976158142,-0.20000000298023224,50.0,20.0,30.0,0.3499999940395355,700.0,840.0,21037056,721.02539229393
10,425.0,500.0,462.5,820.0,70.88179016113281,0.7830052375793457,61.85718536376953,138.1724395751953,2.0694031715393066,1.8899998664855957,0.4050000309944153,0.2800000011920929,1.8700001239776611,0.3840000033378601,0.03999999910593033,0.4049999713897705,0.15000000596046448,1.649999976158142,-0.3499999940395355,55.0,12.0,75.0,0.6499999761581421,700.0,870.0,21037056,721.02539229393
10,425.0,500.0,462.5,820.0,70.88066101074219,0.7828320264816284,61.37690734863281,137.12545776367188,2.211341381072998,1.8899998664855957,0.4050000309944153,0.2800000011920929,1.8700001239776611,0.2759999930858612,0.04800000041723251,0.44999998807907104,0.20000000298023224,1.649999976158142,-0.44999998807907104,55.0,12.0,35.0,0.5,720.0,820.0,21037056,721.02539229393
10,425.0,500.0,462.5,820.0,70.8779067993164,0.7831461429595947,62.09725570678711,139.21095275878906,1.9460338354110718,1.8899998664855957,0.4650000035762787,0.2800000011920929,1.8700001239776611,0.2759999930858612,0.05999999865889549,0.4049999713897705,0.15000000596046448,1.649999976158142,-0.25,55.0,12.0,50.0,0.5,700.0,870.0,21037056,721.02539229393
10,425.0,500.0,462.5,820.0,70.87629699707031,0.7819993495941162,61.20423126220703,137.28163146972656,2.263246536254883,1.8899998664855957,0.36000001430511475,0.2800000011920929,1.8700001239776611,0.23999999463558197,0.03999999910593033,0.44999998807907104,0.2874999940395355,1.649999976158142,-0.4000000059604645,55.0,15.0,30.0,0.800000011920929,720.0,870.0,21037056,721.02539229393
10,425.0,500.0,462.5,820.0,70.87592315673828,0.7852857708930969,61.19631576538086,134.9416046142578,2.248821973800659,1.8899998664855957,0.4650000035762787,0.2800000011920929,1.8700001239776611,0.2759999930858612,0.024000000208616257,0.5174999833106995,0.2874999940395355,1.649999976158142,-0.4000000059604645,55.0,15.0,35.0,0.800000011920929,690.0,820.0,21037056,721.02539229393
10,425.0,500.0,462.5,820.0,70.87508392333984,0.7811778783798218,61.17902374267578,138.1269073486328,2.2454419136047363,1.8899998664855957,0.4050000309944153,0.2800000011920929,1.8700001239776611,0.20399999618530273,0.03200000151991844,0.44999998807907104,0.15000000596046448,1.649999976158142,-0.4000000059604645,55.0,12.0,30.0,0.5,730.0,870.0,21037056,721.02539229393
10,425.0,500.0,462.5,820.0,70.8667221069336,0.7838202118873596,62.34627151489258,139.74732971191406,1.8227511644363403,1.8899998664855957,0.4650000035762787,0.2800000011920929,1.8700001239776611,0.23999999463558197,0.03999999910593033,0.4049999713897705,0.3375000059604645,1.399999976158142,-0.20000000298023224,50.0,20.0,30.0,0.5,710.0,820.0,21037056,721.02539229393
10,425.0,500.0,462.5,820.0,70.8636474609375,0.7829775214195251,61.94075393676758,138.80484008789062,1.9913756847381592,1.8899998664855957,0.4050000309944153,0.2800000011920929,1.8700001239776611,0.3240000009536743,0.03200000151991844,0.4049999713897705,0.25,1.649999976158142,-0.44999998807907104,55.0,20.0,60.0,0.800000011920929,710.0,820.0,21037056,721.02539229393
10,425.0,500.0,462.5,820.0,70.86337280273438,0.7818125486373901,61.59947204589844,138.4529571533203,2.127577304840088,1.8899998664855957,0.36000001430511475,0.2800000011920929,1.8700001239776611,0.3240000009536743,0.03999999910593033,0.4049999713897705,0.20000000298023224,1.649999976158142,-0.3499999940395355,55.0,12.0,60.0,0.6499999761581421,720.0,840.0,21037056,721.02539229393
10,425.0,500.0,462.5,820.0,70.86305236816406,0.7845790982246399,61.87080383300781,137.53298950195312,2.0009689331054688,1.8899998664855957,0.4650000035762787,0.2800000011920929,1.8700001239776611,0.2759999930858612,0.03999999910593033,0.44999998807907104,0.2874999940395355,1.649999976158142,-0.3499999940395355,50.0,20.0,30.0,0.800000011920929,730.0,870.0,21037056,721.02539229393
10,425.0,500.0,462.5,820.0,70.86273193359375,0.7839654684066772,61.45524215698242,136.1314697265625,2.197697877883911,1.8899998664855957,0.36000001430511475,0.2800000011920929,1.8700001239776611,0.3840000033378601,0.024000000208616257,0.44999998807907104,0.3375000059604645,1.649999976158142,-0.4000000059604645,55.0,12.0,75.0,0.800000011920929,710.0,840.0,21037056,721.02539229393
10,425.0,500.0,462.5,820.0,70.8609619140625,0.7800570130348206,61.265201568603516,138.91806030273438,2.2295103073120117,1.8899998664855957,0.33000001311302185,0.2800000011920929,1.8700001239776611,0.2759999930858612,0.03200000151991844,0.4049999713897705,0.15000000596046448,1.649999976158142,-0.4000000059604645,55.0,12.0,40.0,0.6499999761581421,720.0,840.0,21037056,721.02539229393
10,425.0,500.0,462.5,820.0,70.85944366455078,0.782879114151001,61.9627571105957,138.96473693847656,1.977974772453308,1.8899998664855957,0.4050000309944153,0.2800000011920929,1.8700001239776611,0.2759999930858612,0.04800000041723251,0.4049999713897705,0.2874999940395355,1.649999976158142,-0.30000001192092896,55.0,15.0,50.0,0.800000011920929,700.0,870.0,21037056,721.02539229393
10,425.0,500.0,462.5,820.0,70.85829162597656,0.7843142151832581,62.39263153076172,139.40187072753906,1.8075653314590454,1.8899998664855957,0.4650000035762787,0.2800000011920929,1.8700001239776611,0.2759999930858612,0.03999999910593033,0.4049999713897705,0.3375000059604645,1.2000000476837158,-0.4000000059604645,55.0,12.0,30.0,0.6499999761581421,720.0,850.0,21037056,721.02539229393
10,425.0,500.0,462.5,820.0,70.85626983642578,0.7830953598022461,61.95064926147461,138.6692657470703,1.98707115650177,1.8899998664855957,0.4050000309944153,0.2800000011920929,1.8700001239776611,0.3240000009536743,0.03999999910593033,0.4049999713897705,0.25,1.649999976158142,-0.44999998807907104,55.0,15.0,75.0,0.5,690.0,850.0,21037056,721.02539229393
10,425.0,500.0,462.5,820.0,70.85556030273438,0.785519540309906,62.47108840942383,138.06607055664062,1.833837628364563,1.8899998664855957,0.4650000035762787,0.2800000011920929,1.8700001239776611,0.3840000033378601,0.05999999865889549,0.4049999713897705,0.2874999940395355,1.399999976158142,-0.44999998807907104,50.0,30.0,50.0,0.800000011920929,690.0,850.0,21037056,721.02539229393
10,425.0,500.0,462.5,820.0,70.85449981689453,0.7833373546600342,61.75829315185547,138.4949951171875,2.0009689331054688,1.8899998664855957,0.4650000035762787,0.2800000011920929,1.8700001239776611,0.20399999618530273,0.024000000208616257,0.44999998807907104,0.2874999940395355,1.649999976158142,-0.3499999940395355,50.0,20.0,30.0,0.800000011920929,700.0,840.0,21037056,721.02539229393
10,425.0,500.0,462.5,820.0,70.85324096679688,0.7833749651908875,62.16777801513672,139.37481689453125,1.8860801458358765,1.8899998664855957,0.4650000035762787,0.2800000011920929,1.8700001239776611,0.2759999930858612,0.04800000041723251,0.4049999713897705,0.20000000298023224,1.649999976158142,-0.25,50.0,20.0,50.0,0.6499999761581421,730.0,870.0,21037056,721.02539229393
10,425.0,500.0,462.5,820.0,70.85167694091797,0.7830630540847778,62.280120849609375,140.36387634277344,1.8101242780685425,1.8899998664855957,0.4650000035762787,0.2800000011920929,1.8700001239776611,0.20399999618530273,0.024000000208616257,0.4049999713897705,0.3375000059604645,1.649999976158142,-0.3499999940395355,55.0,20.0,35.0,0.6499999761581421,720.0,870.0,21037056,721.02539229393
10,425.0,500.0,462.5,820.0,70.84955596923828,0.7811848521232605,61.53766632080078,138.91355895996094,2.120720863342285,1.8899998664855957,0.36000001430511475,0.2800000011920929,1.8700001239776611,0.2759999930858612,0.03999999910593033,0.4049999713897705,0.20000000298023224,1.649999976158142,-0.30000001192092896,55.0,12.0,35.0,0.3499999940395355,690.0,820.0,21037056,721.02539229393
10,425.0,500.0,462.5,820.0,70.84490966796875,0.7808212637901306,61.555049896240234,139.2261199951172,2.111582040786743,1.8899998664855957,0.36000001430511475,0.2800000011920929,1.8700001239776611,0.20399999618530273,0.05999999865889549,0.4049999713897705,0.25,1.399999976158142,-0.44999998807907104,55.0,12.0,30.0,0.6499999761581421,700.0,820.0,21037056,721.02539229393
10,425.0,500.0,462.5,820.0,70.84342956542969,0.7831670045852661,61.858978271484375,138.0055389404297,2.0346250534057617,1.8899998664855957,0.36000001430511475,0.2800000011920929,1.8700001239776611,0.3240000009536743,0.05999999865889549,0.4049999713897705,0.3375000059604645,1.649999976158142,-0.4000000059604645,55.0,12.0,60.0,0.5,730.0,870.0,21037056,721.02539229393
10,425.0,500.0,462.5,820.0,70.84220123291016,0.783765435218811,62.100040435791016,138.6002197265625,1.9219417572021484,1.8899998664855957,0.4050000309944153,0.2800000011920929,1.8700001239776611,0.3240000009536743,0.03999999910593033,0.4049999713897705,0.3375000059604645,1.649999976158142,-0.3499999940395355,50.0,30.0,75.0,0.800000011920929,720.0,870.0,21037056,721.02539229393
10,425.0,500.0,462.5,820.0,70.8421859741211,0.7831453680992126,62.038230895996094,139.0608367919922,1.9283932447433472,1.8899998664855957,0.4050000309944153,0.2800000011920929,1.8700001239776611,0.2759999930858612,0.03999999910593033,0.4049999713897705,0.3375000059604645,1.649999976158142,-0.20000000298023224,50.0,25.0,60.0,0.800000011920929,710.0,840.0,21037056,721.02539229393
10,425.0,500.0,462.5,820.0,70.8412094116211,0.7791762948036194,61.04006576538086,138.64671325683594,2.310567617416382,1.6649999618530273,0.4650000035762787,0.2800000011920929,1.8700001239776611,0.3240000009536743,0.024000000208616257,0.4049999713897705,0.20000000298023224,1.649999976158142,-0.44999998807907104,55.0,12.0,35.0,0.800000011920929,710.0,870.0,21037056,721.02539229393
10,425.0,500.0,462.5,820.0,70.83991241455078,0.7845100164413452,61.12338638305664,135.3614044189453,2.233999252319336,1.8899998664855957,0.4650000035762787,0.2800000011920929,1.8700001239776611,0.20399999618530273,0.03999999910593033,0.5174999833106995,0.2874999940395355,1.649999976158142,-0.44999998807907104,55.0,12.0,40.0,0.6499999761581421,710.0,840.0,21037056,721.02539229393
10,425.0,500.0,462.5,820.0,70.83969116210938,0.7836883664131165,61.96729278564453,137.79409790039062,2.005445957183838,1.8899998664855957,0.4050000309944153,0.2800000011920929,1.8700001239776611,0.3840000033378601,0.05999999865889549,0.4049999713897705,0.20000000298023224,1.649999976158142,-0.25,50.0,20.0,35.0,0.800000011920929,690.0,850.0,21037056,721.02539229393
10,425.0,500.0,462.5,820.0,70.8389663696289,0.7806082963943481,61.24506759643555,138.11192321777344,2.242431879043579,1.8899998664855957,0.30000001192092896,0.2800000011920929,1.8700001239776611,0.3240000009536743,0.03999999910593033,0.4049999713897705,0.20000000298023224,1.649999976158142,-0.3499999940395355,55.0,12.0,35.0,0.6499999761581421,710.0,840.0,21037056,721.02539229393
10,425.0,500.0,462.5,820.0,70.83611297607422,0.784730076789856,61.05682373046875,134.87509155273438,2.2633678913116455,1.8899998664855957,0.4650000035762787,0.2800000011920929,1.8700001239776611,0.2759999930858612,0.03200000151991844,0.5174999833106995,0.20000000298023224,1.649999976158142,-0.44999998807907104,55.0,15.0,60.0,0.800000011920929,720.0,820.0,21037056,721.02539229393
10,425.0,500.0,462.5,820.0,70.83609008789062,0.7816621661186218,61.55187225341797,138.48448181152344,2.111582040786743,1.8899998664855957,0.33000001311302185,0.2800000011920929,1.8700001239776611,0.3240000009536743,0.024000000208616257,0.4049999713897705,0.2874999940395355,1.399999976158142,-0.44999998807907104,55.0,12.0,30.0,0.6499999761581421,720.0,820.0,21037056,721.02539229393
10,425.0,500.0,462.5,820.0,70.83489227294922,0.7843765616416931,62.31495666503906,138.874755859375,1.8321905136108398,1.8899998664855957,0.4650000035762787,0.2800000011920929,1.8700001239776611,0.3240000009536743,0.04800000041723251,0.4049999713897705,0.25,1.649999976158142,-0.25,50.0,30.0,40.0,0.6499999761581421,690.0,870.0,21037056,721.02539229393
10,425.0,500.0,462.5,820.0,70.83312225341797,0.7818049788475037,61.284183502197266,137.8163604736328,2.1798818111419678,1.8899998664855957,0.4050000309944153,0.2800000011920929,1.8700001239776611,0.20399999618530273,0.04800000041723251,0.44999998807907104,0.20000000298023224,1.649999976158142,-0.4000000059604645,55.0,12.0,50.0,0.6499999761581421,690.0,840.0,21037056,721.02539229393
10,425.0,500.0,462.5,820.0,70.83305358886719,0.7848464846611023,62.32169723510742,138.1351318359375,1.8625847101211548,1.8899998664855957,0.4650000035762787,0.2800000011920929,1.8700001239776611,0.3840000033378601,0.05999999865889549,0.4049999713897705,0.20000000298023224,1.649999976158142,-0.44999998807907104,50.0,20.0,35.0,0.6499999761581421,720.0,840.0,21037056,721.02539229393
10,425.0,500.0,462.5,820.0,70.82491302490234,0.7815561890602112,61.80601501464844,139.6852264404297,1.9819765090942383,1.8899998664855957,0.4050000309944153,0.2800000011920929,1.8700001239776611,0.20399999618530273,0.04800000041723251,0.4049999713897705,0.25,1.649999976158142,-0.30000001192092896,50.0,30.0,30.0,0.6499999761581421,700.0,870.0,21037056,721.02539229393
10,425.0,500.0,462.5,820.0,70.82305145263672,0.783791184425354,61.711517333984375,137.7375946044922,2.0089476108551025,1.8899998664855957,0.4650000035762787,0.2800000011920929,1.8700001239776611,0.2759999930858612,0.03200000151991844,0.44999998807907104,0.20000000298023224,1.649999976158142,-0.25,55.0,12.0,40.0,0.5,700.0,850.0,21037056,721.02539229393
10,425.0,500.0,462.5,820.0,70.82211303710938,0.7828571796417236,61.93085479736328,138.94039916992188,1.946930170059204,1.8899998664855957,0.4050000309944153,0.2800000011920929,1.8700001239776611,0.3240000009536743,0.024000000208616257,0.4049999713897705,0.25,1.399999976158142,-0.44999998807907104,55.0,15.0,40.0,0.6499999761581421,710.0,820.0,21037056,721.02539229393
10,425.0,500.0,462.5,820.0,70.8212661743164,0.785205066204071,62.479190826416016,138.6023712158203,1.7733261585235596,1.8899998664855957,0.4650000035762787,0.2800000011920929,1.8700001239776611,0.3240000009536743,0.05999999865889549,0.4049999713897705,0.3375000059604645,1.649999976158142,-0.20000000298023224,55.0,12.0,60.0,0.5,720.0,840.0,21037056,721.02539229393
10,425.0,500.0,462.5,820.0,70.82097625732422,0.7820141315460205,61.432437896728516,137.15780639648438,2.197950601577759,1.8899998664855957,0.30000001192092896,0.2800000011920929,1.8700001239776611,0.3840000033378601,0.05999999865889549,0.4049999713897705,0.25,1.649999976158142,-0.3499999940395355,55.0,12.0,35.0,0.5,720.0,850.0,21037056,721.02539229393
10,425.0,500.0,462.5,820.0,70.82017517089844,0.7811285853385925,61.62090301513672,139.4610595703125,2.0406808853149414,1.8899998664855957,0.36000001430511475,0.2800000011920929,1.8700001239776611,0.23999999463558197,0.024000000208616257,0.4049999713897705,0.2874999940395355,1.649999976158142,-0.25,55.0,12.0,35.0,0.5,700.0,840.0,21037056,721.02539229393
10,425.0,500.0,462.5,820.0,70.81983184814453,0.7838396430015564,61.80282211303711,137.88497924804688,2.181962490081787,1.8899998664855957,0.4650000035762787,0.2800000011920929,1.8700001239776611,0.20399999618530273,0.05999999865889549,0.44999998807907104,0.2874999940395355,1.649999976158142,-0.4000000059604645,55.0,15.0,60.0,0.800000011920929,730.0,820.0,21037056,721.02539229393
10,425.0,500.0,462.5,820.0,70.81900787353516,0.7847471833229065,62.20204162597656,137.6855926513672,1.904136300086975,1.8899998664855957,0.4050000309944153,0.2800000011920929,1.8700001239776611,0.3840000033378601,0.05999999865889549,0.4049999713897705,0.3375000059604645,1.399999976158142,-0.44999998807907104,55.0,15.0,50.0,0.6499999761581421,700.0,820.0,21037056,721.02539229393
10,425.0,500.0,462.5,820.0,70.81298828125,0.7853294014930725,61.998191833496094,137.30404663085938,1.9102364778518677,1.8899998664855957,0.4650000035762787,0.2800000011920929,1.8700001239776611,0.3240000009536743,0.024000000208616257,0.44999998807907104,0.3375000059604645,1.649999976158142,-0.20000000298023224,50.0,15.0,35.0,0.6499999761581421,710.0,870.0,21037056,721.02539229393
10,425.0,500.0,462.5,820.0,70.8115234375,0.7818002700805664,61.05785369873047,136.85519409179688,2.2609546184539795,1.8899998664855957,0.36000001430511475,0.2800000011920929,1.8700001239776611,0.3240000009536743,0.024000000208616257,0.44999998807907104,0.15000000596046448,1.649999976158142,-0.44999998807907104,55.0,12.0,35.0,0.6499999761581421,720.0,870.0,21037056,721.02539229393
10,425.0,500.0,462.5,820.0,70.80982208251953,0.783795177936554,62.027915954589844,138.09353637695312,1.9375053644180298,1.8899998664855957,0.4050000309944153,0.2800000011920929,1.8700001239776611,0.3840000033378601,0.03999999910593033,0.4049999713897705,0.25,1.649999976158142,-0.44999998807907104,50.0,25.0,50.0,0.800000011920929,720.0,840.0,21037056,721.02539229393
10,425.0,500.0,462.5,820.0,70.80699920654297,0.7826495170593262,62.10162353515625,139.9913787841797,1.840184211730957,1.8899998664855957,0.4650000035762787,0.2800000011920929,1.8700001239776611,0.23999999463558197,0.03200000151991844,0.4049999713897705,0.20000000298023224,1.649999976158142,-0.44999998807907104,50.0,20.0,60.0,0.800000011920929,690.0,870.0,21037056,721.02539229393
10,425.0,500.0,462.5,820.0,70.80416870117188,0.7849259376525879,62.45444869995117,138.94125366210938,1.7475286722183228,1.8899998664855957,0.4650000035762787,0.2800000011920929,1.8700001239776611,0.3240000009536743,0.03999999910593033,0.4049999713897705,0.3375000059604645,1.399999976158142,-0.20000000298023224,50.0,15.0,30.0,0.3499999940395355,710.0,850.0,21037056,721.02539229393
10,425.0,500.0,462.5,820.0,70.80162811279297,0.784178614616394,61.79688262939453,137.69815063476562,1.958052635192871,1.8899998664855957,0.4650000035762787,0.2800000011920929,1.8700001239776611,0.2759999930858612,0.03200000151991844,0.44999998807907104,0.25,1.649999976158142,-0.4000000059604645,50.0,20.0,35.0,0.800000011920929,690.0,840.0,21037056,721.02539229393
10,425.0,500.0,462.5,820.0,70.801025390625,0.7823222875595093,61.58490753173828,137.66722106933594,2.100649356842041,1.8899998664855957,0.33000001311302185,0.2800000011920929,1.8700001239776611,0.3840000033378601,0.03999999910593033,0.4049999713897705,0.25,1.649999976158142,-0.4000000059604645,55.0,12.0,50.0,0.5,710.0,840.0,21037056,721.02539229393
10,425.0,500.0,462.5,820.0,70.80066680908203,0.7851875424385071,60.99898147583008,133.96493530273438,2.281236410140991,1.8899998664855957,0.4050000309944153,0.2800000011920929,1.8700001239776611,0.3240000009536743,0.03200000151991844,0.5174999833106995,0.3375000059604645,1.649999976158142,-0.4000000059604645,55.0,12.0,30.0,0.6499999761581421,710.0,820.0,21037056,721.02539229393
10,425.0,500.0,462.5,820.0,70.79991912841797,0.7841806411743164,61.74615478515625,137.26315307617188,1.9980820417404175,1.8899998664855957,0.4650000035762787,0.2800000011920929,1.8700001239776611,0.2759999930858612,0.05999999865889549,0.44999998807907104,0.20000000298023224,1.649999976158142,-0.30000001192092896,55.0,15.0,30.0,0.6499999761581421,690.0,820.0,21037056,721.02539229393
10,425.0,500.0,462.5,820.0,70.7990493774414,0.7841551303863525,62.24443435668945,138.71087646484375,1.8311400413513184,1.8899998664855957,0.4650000035762787,0.2800000011920929,1.8700001239776611,0.3240000009536743,0.05999999865889549,0.4049999713897705,0.20000000298023224,1.399999976158142,-0.30000001192092896,50.0,25.0,30.0,0.5,730.0,870.0,21037056,721.02539229393
10,425.0,500.0,462.5,820.0,70.79804992675781,0.7825204133987427,61.67674255371094,137.877197265625,2.058607578277588,1.8899998664855957,0.36000001430511475,0.2800000011920929,1.8700001239776611,0.3840000033378601,0.03999999910593033,0.4049999713897705,0.20000000298023224,1.649999976158142,-0.25,55.0,12.0,40.0,0.6499999761581421,700.0,840.0,21037056,721.02539229393
10,425.0,500.0,462.5,820.0,70.79759979248047,0.7829775214195251,61.94075393676758,138.80484008789062,1.925333023071289,1.8899998664855957,0.4050000309944153,0.2800000011920929,1.8700001239776611,0.3240000009536743,0.03200000151991844,0.4049999713897705,0.25,1.649999976158142,-0.30000001192092896,50.0,25.0,30.0,0.3499999940395355,710.0,870.0,21037056,721.02539229393
10,425.0,500.0,462.5,820.0,70.79560852050781,0.783414363861084,61.675052642822266,137.947509765625,1.9913756847381592,1.8899998664855957,0.4650000035762787,0.2800000011920929,1.8700001239776611,0.23999999463558197,0.03999999910593033,0.44999998807907104,0.20000000298023224,1.649999976158142,-0.44999998807907104,55.0,20.0,60.0,0.800000011920929,710.0,870.0,21037056,721.02539229393
