update_id,episode_id,phase_name,episode_return,episode_len,done_reason,start_distance,final_distance,final_agl,final_closing_speed,final_theta_deg,final_alignment,step_count,mean_theta,mean_a0,high_a0_frac,sum_reward,base_distance,base_alignment,base_closing,base_theta,base_alpha_beta,base_axis_error,base_angle_focus,base_turn_toward,base_action_alignment,base_near_success,base_reverse,min_distance,theta_at_min_distance,alignment_at_min_distance,closing_at_min_distance,agl_at_min_distance,best_progress_ratio,final_progress_ratio,theta_score,closing_score,safety_score
2102,1,v8_7_phase_2_1_thrust_guard_v2,143.78024761977412,191,success,115.67491912841795,14.471894264221191,38.94317626953125,32.32022476196289,34.448687456362954,0.8246331160975569,191,54.79882332685314,-0.2401705228635817,0.3612565445026178,143.78024761977414,35.31157401859658,99.56884914342042,48.41002988664757,2.5607073600943333,3.473519161646647,1.9517739257143747,-6.989749240339858,1.9252776508142595,-4.141016810339692,0.0148584033116536,0.0,14.471894264221191,34.448687456362954,0.8246331160975569,32.32022476196289,38.94317626953125,0.8748916846169995,0.8748916846169995,0.6172368060404116,1.0,1.0
2102,2,v8_7_phase_2_1_thrust_guard_v2,137.12826259051093,183,success,107.7357406616211,14.986272811889648,36.23637771606445,26.510892868041992,40.16649152757992,0.7641733830588979,183,51.83510407153778,-0.20173605684638837,0.3825136612021858,137.12826259051096,36.06198330285013,98.88713002285914,51.19729999048182,1.9201409146968471,-0.7535332641303268,7.597635963805763,-6.922667339202981,3.6978412010008093,1.198480920788328,0.0,0.0,14.986272811889648,40.16649152757992,0.7641733830588979,26.510892868041992,36.23637771606445,0.8608978532114159,0.8608978532114159,0.5537056496935564,0.9418482144673666,1.0
2102,3,v8_7_phase_2_1_thrust_guard_v2,137.36202137552922,182,success,110.37584686279295,14.913774490356444,36.660926818847656,29.822418212890625,33.70092859131371,0.831945129670995,182,52.10892723359228,-0.16032277316540725,0.4010989010989011,137.36202137552925,36.885516790393524,100.70794482266763,52.264177196527825,2.516432650938235,1.8223258585988769,3.5355156945776023,-6.475448773712198,4.245651027802193,1.3536182524000546,0.05219919668358,0.0,14.913774490356444,33.70092859131371,0.831945129670995,29.822418212890625,36.660926818847656,0.8648819020261235,0.8648819020261235,0.6255452378742921,0.9970403035481771,1.0
2102,4,v8_7_phase_2_1_thrust_guard_v2,131.1864152522774,201,success,114.57135772705078,7.654954433441162,43.19380187988281,30.795351028442383,40.04050527324444,0.7655898327838776,201,54.44850053951241,-0.30147201370040133,0.3034825870646766,131.1864152522774,37.61716905862274,106.17177265209959,51.83374185337693,2.073428288918504,1.4101322409483286,6.580412273760779,-9.185034384173058,-1.399107762425225,4.15944431283382,0.0,0.0,7.654954433441162,40.04050527324444,0.7655898327838776,30.795351028442383,43.19380187988281,0.933186141935422,0.933186141935422,0.5551054969639506,1.0,1.0
2102,5,v8_7_phase_2_1_thrust_guard_v2,153.1786611447364,187,success,108.500732421875,14.492349624633787,37.25620269775391,29.267200469970703,32.490683957184565,0.8434787972271417,187,53.27687593402977,-0.24156760096980787,0.33689839572192515,153.1786611447364,35.08520286606459,97.36820311673523,49.532054152024436,2.576774241751929,2.9413759336177363,5.033302085740229,-6.624690892180421,-2.777332652104972,10.062985302173225,0.1018456227581032,0.0,14.492349624633787,32.490683957184565,0.8434787972271417,29.267200469970703,37.25620269775391,0.8664308590260542,0.8664308590260542,0.638992400475727,0.9877866744995117,1.0
2102,6,v8_7_phase_2_1_thrust_guard_v2,152.9356137373537,184,success,110.83071899414062,14.444561004638672,36.09732055664063,28.07379913330078,17.58172483876593,0.9532870637290544,184,47.712893173941666,-0.24038378669407076,0.3641304347826087,152.93561373735366,45.14094986141333,108.94307418150944,67.10100630965735,3.869295476918655,1.988379972845588,1.4597219016066254,-3.7342802567335,-5.532166378477823,1.2758064981446229,6.991825122621199,0.0,14.444561004638672,17.58172483876593,0.9532870637290544,28.07379913330078,36.09732055664063,0.8696700595671285,0.8696700595671285,0.8046475017914897,0.9678966522216796,1.0
2103,7,v8_7_phase_2_1_thrust_guard_v2,-158.5870899001559,210,near_miss,114.00123596191406,4.201744556427002,48.03071212768555,-0.2476931661367416,78.14215206755405,0.2054842480685011,210,55.81168208694908,-0.09223975034962807,0.4523809523809524,-158.58708990015586,36.11998572060477,106.47018836184661,49.12203652364976,-1.1128893944295104,2.593087702093351,9.306761695734666,-14.988921824444203,-4.787239037099438,-12.266401244792911,0.0,0.0007687960543497777,4.201744556427002,78.14215206755405,0.2054842480685011,-0.2476931661367416,48.03071212768555,0.963142991205545,0.963142991205545,0.13175386591606608,0.49587178056438763,1.0
2103,8,v8_7_phase_2_1_thrust_guard_v2,147.18291272367435,181,success,107.47747039794922,14.961341857910156,35.39527130126953,26.937623977661133,22.9964580485838,0.9205290061894906,181,48.948594800107095,-0.245288180876832,0.3314917127071823,147.18291272367435,40.7623641411113,104.0063561053703,59.62677674104471,3.3451810532533344,2.524499559062389,2.0063753225415275,-4.792103799476631,-0.12235065759051746,9.644466592782173,2.1573825013396517,0.0,14.961341857910156,22.9964580485838,0.9205290061894906,26.937623977661133,35.39527130126953,0.8607955527561837,0.8607955527561837,0.7444837994601801,0.9489603996276855,1.0
2103,9,v8_7_phase_2_1_thrust_guard_v2,133.5023320067669,186,success,111.6144027709961,14.815225601196287,37.655540466308594,27.633934020996094,38.44444374346879,0.7832114036945081,186,53.2484205776146,-0.2539277723351974,0.3333333333333333,133.50233200676692,35.5297769360757,99.38680575444256,49.8130341260478,2.147064273769196,1.1517291702810482,4.288858719882908,-7.246931221173609,6.0266758029080405,-6.076286607744009,0.0,0.0,14.815225601196287,38.44444374346879,0.7832114036945081,27.633934020996094,37.655540466308594,0.867264212920681,0.867264212920681,0.5728395139614579,0.9605655670166016,1.0
2103,10,v8_7_phase_2_1_thrust_guard_v2,-148.03651640570226,209,near_miss,111.9494857788086,7.003911972045898,46.65904235839844,-7.11306095123291,77.35418729395553,0.2189234976029804,209,53.03968103944498,-0.18858769878245998,0.3923444976076555,-148.03651640570223,39.21979104972066,110.0454618076546,54.79968908540111,-1.0885113109168718,-0.5864888258148022,12.345739574811628,-13.169293268439732,-4.649780912798727,-8.026916676279878,0.0,0.014555707147289333,6.836912631988525,68.7825321120213,0.3619087928415124,-1.0149734020233154,45.77140045166016,0.9389285927985681,0.9374368544587661,0.23574964319976333,0.4830837766329447,1.0
2103,11,v8_7_phase_2_1_thrust_guard_v2,144.2758332534357,186,success,110.77580261230467,14.78210163116455,37.107078552246094,27.90056037902832,36.40642116306912,0.8048272875872462,186,49.88279613473045,-0.12803176257844454,0.44086021505376344,144.27583325343574,41.87485789140826,104.34622716848745,61.65457914078909,2.299417050439425,1.97013404261747,2.3341559008168886,-4.575744475467227,-3.648912259054527,19.125831955273966,4.113051420188657,0.0,14.78210163116455,36.40642116306912,0.8048272875872462,27.90056037902832,37.107078552246094,0.8665583883612269,0.8665583883612269,0.5954842092992321,0.965009339650472,1.0
2103,12,v8_7_phase_2_1_thrust_guard_v2,154.73966249760915,181,success,108.5121841430664,14.9840087890625,35.24530792236328,24.14217567443848,24.063535087520304,0.9130938672370584,181,49.7643700945718,-0.2343230151844041,0.34806629834254144,154.73966249760917,39.13584491762781,102.99272553710294,56.3454744698545,3.279289933739007,2.2466650608497596,5.409577549045235,-6.298740038075638,9.32113374971375,-9.721385670013724,2.114807719788493,0.0,14.9840087890625,24.063535087520304,0.9130938672370584,24.14217567443848,35.24530792236328,0.861914043041406,0.861914043041406,0.7326273879164411,0.9023695945739746,1.0
2104,13,v8_7_phase_2_1_thrust_guard_v2,-160.7815233033262,207,near_miss,115.20498657226562,10.439120292663574,43.594608306884766,25.452430725097656,75.57531916613907,0.2491070927175737,207,60.96242549425103,-0.19856630123539823,0.3719806763285024,-160.7815233033262,26.6644619909281,87.4859952683196,34.49404184729348,-0.8755243836634988,-0.9728336814861925,15.628818661693563,-17.339230970249943,-3.1576188431171923,-16.4372967010587,0.0,0.0,10.439120292663574,75.57531916613907,0.2491070927175737,25.452430725097656,43.594608306884766,0.9093865586615443,0.9093865586615443,0.16027423148734365,0.9242071787516276,1.0
2104,14,v8_7_phase_2_1_thrust_guard_v2,136.17098732019207,189,success,114.32087707519533,14.498287200927734,37.81451416015625,31.27369880676269,32.798100526443086,0.8405845617809837,189,52.76512386359324,-0.2992041702012694,0.2962962962962963,136.17098732019207,38.20419449504013,102.99670260374414,53.737446203967174,2.6720647721837163,2.144523898112322,1.731544902624682,-5.989163088846999,-11.495119888381632,5.957303066935961,0.325542121518884,0.0,14.498287200927734,32.798100526443086,0.8405845617809837,31.27369880676269,37.81451416015625,0.8731790065659539,0.8731790065659539,0.635576660817299,1.0,1.0
2104,15,v8_7_phase_2_1_thrust_guard_v2,-141.921293684282,210,near_miss,111.76823425292967,8.025506019592285,47.3242416381836,-10.25558090209961,78.64988783988528,0.1968037365268107,210,52.364164642739716,-0.15561392070459468,0.3952380952380952,-141.92129368428203,40.18610550208878,111.07218062013328,56.5758608018438,-1.2002139321505534,2.2385983269603527,5.462951232322672,-12.72544782943294,1.8470371116414983,-1.3920714000770475,0.0,0.030188450639031552,7.6004319190979,63.75546507156773,0.44220314135255,0.2182052135467529,45.53896331787109,0.9319982822498721,0.9281951077313193,0.2916059436492475,0.5036367535591125,1.0
2104,16,v8_7_phase_2_1_thrust_guard_v2,142.40069103677305,185,success,110.65716552734376,14.497621536254885,36.93601989746094,29.795854568481445,25.491505661821943,0.9026490994954272,185,51.22847619421337,-0.22519462110122312,0.34054054054054056,142.40069103677305,39.106746674069996,102.61789888522647,56.372647450790346,3.2064969080683787,2.7623675095422326,3.0868532457951114,-5.621021246386282,-0.9488789184671197,2.5770428545455597,3.106567055480581,0.0,14.497621536254885,25.491505661821943,0.9026490994954272,29.795854568481445,36.93601989746094,0.8689861477368813,0.8689861477368813,0.7167610482019784,0.9965975761413575,1.0
2104,17,v8_7_phase_2_1_thrust_guard_v2,153.44667003579735,182,success,108.81865692138672,14.883962631225586,35.43650436401367,25.419170379638672,24.840334209373147,0.9074819741429602,182,47.69042448458495,-0.282969455275004,0.2967032967032967,153.44667003579738,43.3769952000054,107.44818684136544,64.15001889773738,3.2212827023697734,1.123745260520277,2.718866446078847,-4.190206281668334,1.1021566265587333,-5.401604442062128,3.5821761280286903,0.0,14.883962631225586,24.840334209373147,0.9074819741429602,25.419170379638672,35.43650436401367,0.8632223273810655,0.8632223273810655,0.7239962865625206,0.9236528396606445,1.0
2104,18,v8_7_phase_2_1_thrust_guard_v2,139.50489391599598,184,success,109.82215881347656,14.759162902832031,36.21015167236328,29.271303176879883,35.84555334918436,0.8105984886285024,184,51.32033035900709,-0.2053025670263552,0.3532608695652174,139.50489391599598,38.452482427964846,101.54957497587291,55.41603492435858,2.3259130617771957,2.1876205111401608,3.928539532006412,-5.88011859408205,-5.942473707608593,12.597919006240094,1.1737917746550064,0.0,14.759162902832031,35.84555334918436,0.8105984886285024,29.271303176879883,36.21015167236328,0.8656085159653509,0.8656085159653509,0.6017160738979516,0.987855052947998,1.0
2105,19,v8_7_phase_2_1_thrust_guard_v2,167.27852516636497,191,success,106.77796173095705,14.983803749084473,38.95607376098633,0.9689404368400574,29.92453748978117,0.8666831870919551,191,44.173420015009405,-0.05780059206470145,0.4607329842931937,167.27852516636497,43.83691224349794,110.72751133014826,64.48890002588443,2.7519859540268983,3.8398147718889186,2.8406088233678672,-6.2863383654469045,5.523614600290966,7.50773284484407,4.2743156563474365,0.0,14.983803749084473,29.92453748978117,0.8666831870919551,0.9689404368400574,38.95607376098633,0.8596732555465106,0.8596732555465106,0.6675051390024315,0.5161490072806676,1.0
2105,20,v8_7_phase_2_1_thrust_guard_v2,155.27605788809143,183,success,106.7576904296875,14.761693000793455,34.722599029541016,23.92829704284668,13.902829564993445,0.9707046166783976,183,46.826680466308716,-0.2996574500117634,0.3333333333333333,155.27605788809146,43.21567151946952,106.31095850327617,64.16185063286922,4.086665535776272,3.0432830396848374,1.7657344958555632,-4.309664970369174,0.2616744715943202,0.592660543772416,6.881997438388147,0.0,14.761693000793455,13.902829564993445,0.9707046166783976,23.92829704284668,34.722599029541016,0.8617271229699769,0.8617271229699769,0.8455241159445173,0.8988049507141114,1.0
2105,21,v8_7_phase_2_1_thrust_guard_v2,144.59615878933403,185,success,115.2309799194336,14.935018539428713,37.154335021972656,30.667295455932617,38.29978716703709,0.7847786727811471,185,54.23045946927142,-0.08701452256457226,0.4486486486486487,144.59615878933403,34.94277356350222,99.76913043075034,48.063861990682206,2.231271399316559,3.7556570270290432,7.459837449721737,-8.598048502414233,9.899825944637223,-3.0411166972284316,0.0,0.0,14.935018539428713,38.29978716703709,0.7847786727811471,30.667295455932617,37.154335021972656,0.8703905967833401,0.8703905967833401,0.5744468092551435,1.0,1.0
2105,22,v8_7_phase_2_1_thrust_guard_v2,161.48851480952368,181,success,107.83271026611328,14.987753868103027,35.27913284301758,25.775190353393555,19.536398620723933,0.9424292414818932,181,48.11560476855641,-0.27513358602043014,0.30386740331491713,161.48851480952365,41.86095238996801,105.52683012997768,61.49633166075589,3.6414833394805566,2.102848534284533,1.949877006543538,-4.555828027752429,5.029350596446532,0.7804482629909837,3.6537185859020616,0.0,14.987753868103027,19.536398620723933,0.9424292414818932,25.775190353393555,35.27913284301758,0.8610092073999093,0.8610092073999093,0.7829289042141785,0.9295865058898926,1.0
2105,23,v8_7_phase_2_1_thrust_guard_v2,142.14344972688707,187,success,114.89588165283205,14.942577362060549,38.13166809082031,30.922378540039062,39.65851669862773,0.7698618341437254,187,54.70141112406681,-0.1086754689969242,0.4385026737967914,142.1434497268871,34.38100373702618,98.70931936699387,47.07649252611368,2.1115700573823597,3.1842510690590355,4.442001040437346,-7.641888475335178,2.989183108409672,0.14280164022116623,0.0,0.0,14.942577362060549,39.65851669862773,0.7698618341437254,30.922378540039062,38.13166809082031,0.8699467975082793,0.8699467975082793,0.5593498144596919,1.0,1.0
2105,24,v8_7_phase_2_1_thrust_guard_v2,148.87910352928554,187,success,111.01896667480467,14.666149139404297,36.73613739013672,26.534120559692383,31.72321999637984,0.8505980840881098,187,51.369024578097765,-0.3634108515545965,0.2727272727272727,148.87910352928554,38.460469340870226,103.4523749524838,54.92113565351511,2.694784258092898,1.8301155393052937,3.5530231759759454,-5.940556643958378,7.166636364269609,7.693781609892734,0.1589125338286916,0.0,14.666149139404297,31.72321999637984,0.8505980840881098,26.534120559692383,36.73613739013672,0.8678951031640909,0.8678951031640909,0.6475197778180017,0.9422353426615397,1.0
2105,25,v8_7_phase_2_1_thrust_guard_v2,142.0831931653756,186,success,112.47779846191406,14.544084548950195,36.8742561340332,29.70881080627441,29.102271506170844,0.8737529414553843,186,51.85596658306112,-0.3440498995134026,0.27419354838709675,142.0831931653756,38.59971926522161,103.63686142692413,54.89367713502208,2.943273370287135,2.2925359472693887,4.8184510033596615,-5.8294255960228565,-3.7494795239959893,5.10364690791889,0.3262060362461584,0.0,14.544084548950195,29.102271506170844,0.8737529414553843,29.70881080627441,36.8742561340332,0.8706937302486859,0.8706937302486859,0.6766414277092129,0.9951468467712402,1.0
2106,26,v8_7_phase_2_1_thrust_guard_v2,147.62006146044814,181,success,107.47559356689452,14.833857536315918,35.854434967041016,27.364259719848636,37.67703783927201,0.7914685482432608,181,51.2539953997186,-0.1795986564186767,0.40331491712707185,147.62006146044817,36.90589741656733,100.16688953923618,52.60277898567482,2.1217572845294335,1.4492778082434474,4.053704483009856,-6.546118689285284,-1.42532816985194,-4.366858543493628,0.0,0.0,14.833857536315918,37.67703783927201,0.7914685482432608,27.364259719848636,35.854434967041016,0.8619792918186296,0.8619792918186296,0.581366246230311,0.9560709953308105,1.0
2106,27,v8_7_phase_2_1_thrust_guard_v2,137.87755054435377,185,success,111.53379821777344,14.474615097045898,36.93842315673828,29.445144653320312,28.93881824914327,0.8751368992607672,185,52.1297845235337,-0.2854026662261301,0.34054054054054056,137.87755054435377,37.589871108603354,101.96147892246027,53.40280658225,2.937532596289742,3.4972188627075025,3.821517810256357,-6.610921261892707,12.12812672295469,-4.84792582780509,0.9753732715416348,0.0,14.474615097045898,28.93881824914327,0.8751368992607672,29.445144653320312,36.93842315673828,0.8702221628928682,0.8702221628928682,0.6784575750095192,0.9907524108886718,1.0
2106,28,v8_7_phase_2_1_thrust_guard_v2,142.157787726316,187,success,113.21412658691406,14.821130752563477,37.099517822265625,29.950061798095703,33.162477458284926,0.8371227287141413,187,53.393005787091994,-0.33653250312865934,0.28342245989304815,142.157787726316,36.0018277374366,100.84545626061778,50.34475462835634,2.6197751206278186,3.490246776989073,5.228310964007115,-6.914120167682722,5.207599476231685,-3.205129860593322,0.0528635308852812,0.0,14.821130752563477,33.162477458284926,0.8371227287141413,29.950061798095703,37.099517822265625,0.869087620075527,0.869087620075527,0.6315280282412786,0.9991676966349284,1.0
2106,29,v8_7_phase_2_1_thrust_guard_v2,146.14656626121518,185,success,110.1991958618164,14.888084411621094,36.4024772644043,28.871313095092773,34.35452988355974,0.8255615980466747,185,51.557041779677895,-0.32201420404520387,0.32972972972972975,146.14656626121518,38.103179236722596,101.77689144734867,54.631760905924644,2.4582155335476323,3.350405582897561,3.142383845043609,-5.702010859681679,-0.382407301731067,4.062964863282432,0.03828647903016859,0.0,14.888084411621094,34.35452988355974,0.8255615980466747,28.871313095092773,36.4024772644043,0.8648984296556037,0.8648984296556037,0.6182830012937807,0.9811885515848796,1.0
2106,30,v8_7_phase_2_1_thrust_guard_v2,-171.1452185432343,213,near_miss,115.97322082519533,4.821376323699951,48.45903015136719,15.479583740234377,75.32338763860315,0.2533630931757647,213,58.055651894990966,0.0016399794334694393,0.4788732394366197,-171.14521854323428,32.52376657610885,101.26330548769603,43.04929403155977,-0.8398383527974796,0.6542510484544068,13.520938335165178,-15.501209260099802,4.089630629000005,-2.4128137495407493,0.0,0.0,4.821376323699951,75.32338763860315,0.2533630931757647,15.479583740234377,48.45903015136719,0.9584268136265083,0.9584268136265083,0.16307347068218725,0.7579930623372396,1.0
2106,31,v8_7_phase_2_1_thrust_guard_v2,148.5886994396306,185,success,108.58590698242188,14.663253784179688,36.324493408203125,24.74151039123535,17.430798148676157,0.9540794475387968,185,50.73640927272752,-0.2768871564971837,0.3027027027027027,148.58869943963063,38.186224274145495,101.91898067069086,54.7619472444821,3.8336390435390335,3.2061347657467643,2.261827509985496,-6.235043997870307,-9.480369763443546,5.557419254418244,1.8021401029227433,0.0,14.663253784179688,17.430798148676157,0.9540794475387968,24.74151039123535,36.324493408203125,0.8649617230111325,0.8649617230111325,0.8063244650147093,0.9123585065205891,1.0
2107,32,v8_7_phase_2_1_thrust_guard_v2,143.33233995607654,184,success,110.59040069580078,14.893723487854004,36.09683990478516,27.41353416442871,26.150215935567143,0.8976416535185776,184,51.0633431737043,-0.2964693564901371,0.30978260869565216,143.3323399560765,38.509878506610995,102.9613722563166,55.10653727468751,3.1501962279223967,3.67886880678945,3.9408059986120425,-6.238933408267865,6.455491295291192,-0.21367436151652802,1.2102682345827336,0.0,14.893723487854004,26.150215935567143,0.8976416535185776,27.41353416442871,36.09683990478516,0.8653253501737287,0.8653253501737287,0.7094420451603651,0.9568922360738118,1.0
2107,33,v8_7_phase_2_1_thrust_guard_v2,156.03268857769936,183,success,108.02708435058594,14.680614471435549,35.22286605834961,26.5584716796875,14.834904499890063,0.966667592050027,183,49.724626788437455,-0.2858580678702673,0.30601092896174864,156.03268857769933,39.506571405620214,103.23395344295008,57.17811517054795,4.03760656369779,4.062396312515137,5.156973630106639,-5.559895178685196,11.616644480559504,-1.3105955328268712,2.733462615674218,0.0,14.680614471435549,14.834904499890063,0.966667592050027,26.5584716796875,35.22286605834961,0.864102465046712,0.864102465046712,0.8351677277789993,0.9426411946614583,1.0
2107,34,v8_7_phase_2_1_thrust_guard_v2,148.9586754740054,184,success,107.4926300048828,14.538130760192873,35.674808502197266,24.101299285888672,22.600491491830645,0.923206920535826,184,49.74317849563322,-0.3158476571349994,0.29891304347826086,148.95867547400542,39.01190373624863,103.22054601293344,56.23639678822416,3.378518637409733,0.01909856483923164,6.6448890258878475,-6.066014560931663,4.162907951124167,-3.451896301915477,1.4695380349111404,0.0,14.538130760192873,22.600491491830645,0.923206920535826,24.101299285888672,35.674808502197266,0.8647523019993791,0.8647523019993791,0.7488834278685483,0.9016883214314778,1.0
2107,35,v8_7_phase_2_1_thrust_guard_v2,150.50312722978876,186,success,108.4307861328125,14.692072868347168,36.14133834838867,23.267702102661133,21.1969849475887,0.9323428295467364,186,48.798054069215276,-0.341085197156175,0.25806451612903225,150.50312722978873,40.9916721304463,104.90756947595689,59.88682876069685,3.5163744798622174,1.696650674319806,1.7317861064174092,-5.292718273965275,-9.45960470526183,3.3266791627749095,4.505854520683366,0.0,14.692072868347168,21.1969849475887,0.9323428295467364,23.267702102661133,36.14133834838867,0.864502754315998,0.864502754315998,0.7644779450267922,0.8877950350443522,1.0
2107,36,v8_7_phase_2_1_thrust_guard_v2,142.5379399024154,185,success,108.8985824584961,14.85401439666748,35.73234176635742,26.598560333251957,18.17638159847475,0.9501007211566742,185,51.19706012994687,-0.32899225423666273,0.2594594594594595,142.53793990241536,37.48144580894748,101.1485176945159,53.508205277135225,3.77836061503883,2.3347646229793155,6.586508011162595,-6.598485658657868,5.568799951388505,6.922329537190097,1.779624318886238,0.0,14.85401439666748,18.17638159847475,0.9501007211566742,26.598560333251957,35.73234176635742,0.8635977249535942,0.8635977249535942,0.7980402044613917,0.9433093388875325,1.0
2107,37,v8_7_phase_2_1_thrust_guard_v2,162.1423126250492,182,success,108.06570434570312,14.52025032043457,35.41496658325195,25.438400268554688,2.991597243256197,0.9986371993853628,182,47.188118804119625,-0.239325064347013,0.31868131868131866,162.14231262504921,43.207705424991396,106.87681749612655,63.87449234860162,5.025407731372078,4.671303573017973,2.3922241708436585,-4.406273807267949,7.418918276644422,-7.2840228010103045,6.9492655253824775,0.0,14.52025032043457,2.991597243256197,0.9986371993853628,25.438400268554688,35.41496658325195,0.8656349818996768,0.8656349818996768,0.9667600306304867,0.9239733378092448,1.0
2107,38,v8_7_phase_2_1_thrust_guard_v2,155.3687157241442,184,success,108.3271713256836,14.772296905517578,36.06957244873047,22.753284454345703,19.634314505117946,0.9418563815369294,184,49.09320113843018,-0.2513853470420303,0.31521739130434784,155.3687157241442,40.34545858210646,104.26624056556471,58.59478323595654,3.6443094725452565,3.0878428843757453,3.5990497837566053,-5.395953336595373,9.769067375608211,-6.1926893435625,3.4977555309285697,0.0,14.772296905517578,19.634314505117946,0.9418563815369294,22.753284454345703,36.06957244873047,0.863632579668263,0.863632579668263,0.7818409499431339,0.8792214075724284,1.0
2108,39,v8_7_phase_2_1_thrust_guard_v2,153.1396390585754,183,success,107.58716583251952,14.570480346679688,35.32649230957031,23.63840103149414,9.014279614681374,0.9876493223393512,183,47.249416036687535,-0.27437901761525313,0.29508196721311475,153.1396390585754,42.93138186150931,106.92312347963085,63.3597054432427,4.512827149337382,3.5219493093534857,4.337164401242121,-4.740308126242788,-1.3345471466247472,-1.2499830717871478,5.525130706142374,0.0,14.570480346679688,9.014279614681374,0.9876493223393512,23.63840103149414,35.32649230957031,0.8645704602967096,0.8645704602967096,0.8998413376146513,0.8939733505249023,1.0
2108,40,v8_7_phase_2_1_thrust_guard_v2,143.79580324521015,185,success,111.33761596679688,14.906855583190918,36.12117385864258,28.910907745361328,32.193150671655054,0.8462568618862476,185,52.47780658586792,-0.3138698312101533,0.32432432432432434,143.79580324521015,36.677393226259525,101.08980556594653,51.75452395761923,2.662267435001763,0.1592649874001193,5.747111567144073,-6.659595870566273,-4.463172543173604,-4.602692647863808,0.0910392773342268,0.0,14.906855583190918,32.193150671655054,0.8462568618862476,28.910907745361328,36.12117385864258,0.8661112378440324,0.8661112378440324,0.6422983258704994,0.9818484624226888,1.0
2108,41,v8_7_phase_2_1_thrust_guard_v2,138.96343681050314,188,success,111.83585357666016,14.678491592407228,36.22632598876953,27.495269775390625,36.84108757165957,0.8003015972431803,188,53.052639387346204,-0.4132388100979176,0.24468085106382978,138.96343681050314,35.830737922815096,100.66520688339882,50.17442500498087,2.285244977094076,-0.8107211336744423,6.543878120558264,-7.353983186798689,4.615608390497055,2.1283086156478244,0.0,0.0,14.678491592407228,36.84108757165957,0.8003015972431803,27.495269775390625,36.22632598876953,0.8687496797943643,0.8687496797943643,0.5906545825371159,0.9582544962565104,1.0
2108,42,v8_7_phase_2_1_thrust_guard_v2,-174.80612216417788,212,near_miss,115.03482055664062,2.88280987739563,48.820072174072266,25.93380355834961,75.69727902395881,0.2470450309923538,212,58.583445114682526,0.023813645825457738,0.5235849056603774,-174.80612216417788,31.76826551527944,100.11690176479598,41.647103254136596,-0.888970749409536,0.2223840964980094,15.814006264802877,-16.404030793148713,6.4659153878197655,-1.7241962941417155,0.0,0.0,2.88280987739563,75.69727902395881,0.2470450309923538,25.93380355834961,48.820072174072266,0.9749396759742308,0.9749396759742308,0.1589191219560132,0.9322300593058268,1.0
2108,43,v8_7_phase_2_1_thrust_guard_v2,159.78448716752942,181,success,106.81612396240234,14.771466255187988,34.97697448730469,23.97628593444824,11.39284859690871,0.98029583769159,181,47.061573301311974,-0.20367168369529337,0.3812154696132597,159.78448716752945,42.631487386160025,105.94955195166219,62.941926665973334,4.297164210885446,2.0283458387452513,3.036103313447823,-4.738817511320921,5.552222697819838,0.781232727268856,6.07525656148695,0.0,14.771466255187988,11.39284859690871,0.98029583769159,23.97628593444824,34.97697448730469,0.8617112687932084,0.8617112687932084,0.873412793367681,0.8996047655741374,1.0
2108,44,v8_7_phase_2_1_thrust_guard_v2,109.0867734974999,205,success,107.60806274414062,6.746971607208252,44.33375549316406,16.27070426940918,40.06738548272303,0.7652879319237156,205,55.81476094187194,0.04976813698914356,0.5121951219512195,109.08677349749988,32.346968183720946,98.00390088034455,43.85554396031341,1.925537902506017,0.673378891725233,22.175761892919855,-15.33052532259774,2.9599311515696987,4.110782382536769,0.0,0.0,6.746971607208252,40.06738548272303,0.7652879319237156,16.27070426940918,44.33375549316406,0.9373005011413457,0.9373005011413457,0.554806827969744,0.771178404490153,1.0
2109,45,v8_7_phase_2_1_thrust_guard_v2,159.74596658512854,187,success,111.287841796875,14.982131004333496,36.02716445922852,28.478910446166992,20.471024631275554,0.9368491747958252,187,50.968093916558516,-0.3905259922575106,0.25668449197860965,159.74596658512854,39.33687410933632,103.87887560867063,56.62761124432972,3.6380759288583633,4.120246947568078,0.9076622504944923,-5.411651825831141,0.7582623863794417,-5.6129922894312845,2.3070334979920446,0.0,14.982131004333496,20.471024631275554,0.9368491747958252,28.478910446166992,36.02716445922852,0.8653749523539219,0.8653749523539219,0.7725441707636049,0.9746485074361165,1.0
2109,46,v8_7_phase_2_1_thrust_guard_v2,137.88099216213212,190,success,114.37887573242188,14.567891120910645,37.68484878540039,30.018274307250977,35.50125034331318,0.8141028457097368,190,54.39265399773221,-0.29796328808818207,0.2789473684210526,137.88099216213215,34.980832345650136,99.8844828259992,48.4589686336883,2.4479383755764874,1.8273969202068099,3.550441253834491,-7.74207089603224,-9.086464075006722,8.359874429563423,0.0,0.0,14.567891120910645,35.50125034331318,0.8141028457097368,30.018274307250977,37.68484878540039,0.8726347760665982,0.8726347760665982,0.6055416628520758,1.0,1.0
2109,47,v8_7_phase_2_1_thrust_guard_v2,152.97992635641484,186,success,107.67982482910156,14.611879348754885,35.38740158081055,23.297637939453125,19.8465148222519,0.9406054590181122,186,47.79951322317244,-0.34857094893294577,0.2903225806451613,152.97992635641484,42.69031647774704,106.5097660816223,63.08985399734063,3.6122189670948144,1.479808840473948,2.3227738712692196,-4.398737080450016,-0.010460650881493644,6.658494481260046,4.045954969063078,0.0,14.611879348754885,19.8465148222519,0.9406054590181122,23.297637939453125,35.38740158081055,0.8643025341846036,0.8643025341846036,0.7794831686416456,0.888293965657552,1.0
2109,48,v8_7_phase_2_1_thrust_guard_v2,-142.63164465327782,212,near_miss,114.99699401855467,7.264368057250977,46.9216423034668,-5.483579635620117,76.6938446049987,0.2301542863249507,212,53.95397429156555,-0.12346701924650676,0.42452830188679247,-142.63164465327782,38.61412772030049,109.94072688732452,53.45651272003407,-0.9727492805864808,-2.3316412188973663,9.455359229066234,-13.166344846840516,7.537058494875355,-6.79209539546946,0.0,0.009279250787299555,7.178646087646484,67.95601092055806,0.375318332305205,1.03547465801239,46.00321960449219,0.9375753588264384,0.9368299309103777,0.24493321199379936,0.5172579109668731,1.0
2109,49,v8_7_phase_2_1_thrust_guard_v2,144.89098519534642,186,success,109.9801025390625,14.713905334472656,36.39147567749024,27.70633888244629,34.17425728570101,0.8273330321066407,186,52.12567837825723,-0.3580538543036348,0.2849462365591398,144.89098519534645,36.69428828745797,100.50860859150599,52.062276544810054,2.468568677373297,0.25006821398483814,5.612094647081962,-6.7410080688177985,6.485558869262077,1.6338187790588783,0.2386848778189264,0.0,14.713905334472656,34.17425728570101,0.8273330321066407,27.70633888244629,36.39147567749024,0.866213024039993,0.866213024039993,0.6202860301588777,0.9617723147074382,1.0
2109,50,v8_7_phase_2_1_thrust_guard_v2,151.46982610484224,183,success,109.4478759765625,14.929673194885254,35.26817321777344,25.96063804626465,13.09837500719122,0.9739823950526828,183,49.441446874853796,-0.31470210136383864,0.28415300546448086,151.4698261048422,40.46009957869025,104.65324502128055,58.732815212886536,4.213457894729412,3.1613320046665447,4.96661256847459,-5.778671979846122,1.2002457455227795,-1.1618973390583156,2.9567741933871368,0.0,14.929673194885254,13.09837500719122,0.9739823950526828,25.96063804626465,35.26817321777344,0.8635910193626568,0.8635910193626568,0.8544624999200976,0.9326773007710775,1.0
2110,51,v8_7_phase_2_1_thrust_guard_v2,134.5157441449401,187,success,111.86522674560548,14.79980754852295,37.18969345092773,28.31782531738281,39.67008020889256,0.7697330139574752,187,53.29235874928815,-0.37415358949113975,0.25133689839572193,134.51574414494013,35.564491601076746,99.85767954528366,49.80374630289239,2.0500989240346765,-0.9191178407397254,5.368123479480642,-7.248837911808465,0.5275567633612802,0.030999533660055,0.0,0.0,14.79980754852295,39.67008020889256,0.7697330139574752,28.31782531738281,37.18969345092773,0.8676996598578446,0.8676996598578446,0.5592213310123049,0.9719637552897136,1.0
2110,52,v8_7_phase_2_1_thrust_guard_v2,-163.88514301824375,207,near_miss,114.7171859741211,7.551353454589844,45.8447380065918,9.417844772338867,77.87856823729409,0.2099842927669579,207,57.20868666560671,-0.059503720920298986,0.45893719806763283,-163.88514301824375,32.78592229007317,100.11809821884017,43.907084991000396,-1.0769028352400034,-2.5407548597089193,14.185874883202015,-16.026517717167266,8.857004906368143,-17.420275368935428,0.0,0.0,7.551353454589844,77.87856823729409,0.2099842927669579,9.417844772338867,45.8447380065918,0.9341741745975765,0.9341741745975765,0.13468257514117676,0.6569640795389812,1.0
2110,53,v8_7_phase_2_1_thrust_guard_v2,152.94042752457074,185,success,106.8646469116211,14.673934936523438,36.09751510620117,22.640125274658203,38.43982995068445,0.7832614685605485,185,51.86685783131178,-0.07547893978252604,0.44324324324324327,152.94042752457074,35.253936114974096,98.67507794683969,49.659770720976326,2.044355019533911,0.9208485981858487,6.140958241526139,-8.020461648340085,-5.726494389740194,-0.5427881089348918,0.0,0.0,14.673934936523438,38.43982995068445,0.7832614685605485,22.640125274658203,36.09751510620117,0.8626867223108964,0.8626867223108964,0.5728907783257284,0.8773354212443034,1.0
2110,54,v8_7_phase_2_1_thrust_guard_v2,148.85899989030224,187,success,108.44474792480467,14.73404026031494,35.82270812988281,25.752120971679688,33.341011772999884,0.8354141619849346,187,50.94766463812563,-0.3675401463810813,0.25133689839572193,148.85899989030224,38.04339345779671,101.73461316939434,54.70037901480405,2.5046801721063696,2.4273041902953882,3.176626217305191,-5.970478182095152,-4.497503083651944,-0.7101338169584365,0.041481924519616,0.0,14.73404026031494,33.341011772999884,0.8354141619849346,25.752120971679688,35.82270812988281,0.8641332056898552,0.8641332056898552,0.6295443136333346,0.9292020161946615,1.0
2110,55,v8_7_phase_2_1_thrust_guard_v2,158.63333449008405,184,success,111.00572204589844,14.796887397766112,35.350948333740234,25.830644607543945,22.764071107357868,0.9221059726170066,184,49.86742113073963,-0.3345643386583897,0.266304347826087,158.63333449008405,40.416089692229356,106.11072511449323,58.26894197741548,3.4411028070009166,2.61856542827541,8.001672607311953,-6.159813446492887,6.329752815771989,4.688426030136531,1.0395789450136004,0.0,14.796887397766112,22.764071107357868,0.9221059726170066,25.830644607543945,35.350948333740234,0.8667015796568764,0.8667015796568764,0.7470658765849125,0.9305107434590657,1.0
2110,56,v8_7_phase_2_1_thrust_guard_v2,146.43972246845786,189,success,108.47906494140624,14.925021171569824,37.4117317199707,24.855981826782227,25.72590409375844,0.9008808668792878,189,51.8225497353696,-0.3021227623441961,0.31216931216931215,146.43972246845786,36.537199438416465,98.91422926011434,52.19847893759087,3.1400289221604014,2.5599697530248235,5.5467881479212435,-6.353430783326415,-5.561619718017224,14.298893864028624,2.7767539501130973,0.0,14.925021171569824,25.72590409375844,0.9008808668792878,24.855981826782227,37.4117317199707,0.8624156543049905,0.8624156543049905,0.7141566211804617,0.9142663637797038,1.0
2110,57,v8_7_phase_2_1_thrust_guard_v2,146.56049140459186,184,success,109.83809661865234,14.585565567016602,36.07927703857422,27.58255386352539,21.050643021979297,0.933263304912662,184,50.405211034639684,-0.3160114176141139,0.29347826086956524,146.5604914045919,39.416599598790164,103.78567876741049,56.80789467421916,3.559163765169449,2.6710524930884474,3.9030230362477436,-5.78814124124725,4.581665254521818,-3.5601632695383887,2.2766734218777835,0.0,14.585565567016602,21.050643021979297,0.933263304912662,27.58255386352539,36.07927703857422,0.8672085003652573,0.8672085003652573,0.7661039664224523,0.9597092310587565,1.0
2111,58,v8_7_phase_2_1_thrust_guard_v2,143.80181401161306,188,success,112.87976837158205,14.667986869812012,37.2674446105957,29.393781661987305,38.31940005523878,0.7845664715696976,188,52.32039691371696,-0.23243649763629792,0.3670212765957447,143.80181401161306,38.01131844028481,103.09510991101389,53.9598778853163,2.1833135106505295,3.0879829281167703,2.182204950682682,-5.959546540620944,-1.2567948713925605,6.1500969534911825,0.0,0.0,14.667986869812012,38.31940005523878,0.7845664715696976,29.393781661987305,37.2674446105957,0.8700565470552052,0.8700565470552052,0.5742288882751246,0.9898963610331217,1.0
2111,59,v8_7_phase_2_1_thrust_guard_v2,148.25437767896824,188,success,113.23998260498048,14.6030912399292,37.47906112670898,28.72861671447754,37.45434635157291,0.7938381534414514,188,52.96088478771847,-0.2583518060335414,0.35638297872340424,148.25437767896824,36.78351618968789,102.1934673317554,51.66845893119951,2.2626373355325455,1.239891663119953,4.83944579680194,-6.741812647115706,1.3538656824862285,-0.46184642148454946,0.0,0.0,14.6030912399292,37.45434635157291,0.7938381534414514,28.72861671447754,37.47906112670898,0.8710429752460336,0.8710429752460336,0.5838405960936344,0.9788102785746257,1.0
2111,60,v8_7_phase_2_1_thrust_guard_v2,-169.5077508965437,212,near_miss,115.4067153930664,1.831154227256775,48.728763580322266,22.38848876953125,81.9083115457099,0.1407576138234962,212,57.108937336431865,-0.001247180330364985,0.4858490566037736,-169.50775089654377,35.57976432027077,103.91060025945411,47.641670825877604,-1.3993947703616003,-1.233709721195192,5.7240219636839464,-14.733619831191065,0.08863429840261608,2.1556901410250204,0.0,0.0,1.831154227256775,81.9083115457099,0.1407576138234962,22.38848876953125,48.728763580322266,0.9841330357508226,0.9841330357508226,0.08990764949211216,0.8731414794921875,1.0
2111,61,v8_7_phase_2_1_thrust_guard_v2,127.89758505606704,197,success,112.4749755859375,10.50782299041748,40.94058990478516,30.032432556152344,40.21894396531103,0.7635825762659565,197,55.8515151411345,-0.08244276538415608,0.4467005076142132,127.89758505606704,33.16325242975142,98.72779839331481,45.09784458958363,2.0168265112666064,1.1683209015412892,12.095256134787727,-10.541033907758703,7.947091687384512,-3.448113438969799,0.0,0.0,10.50782299041748,40.21894396531103,0.7635825762659565,30.032432556152344,40.94058990478516,0.9065763478882564,0.9065763478882564,0.5531228448298775,1.0,1.0
2111,62,v8_7_phase_2_1_thrust_guard_v2,146.00822856752907,184,success,107.2390365600586,14.527005195617676,35.1988639831543,23.588159561157227,11.735037659231764,0.9790986185374976,184,48.189302427486936,-0.3189663552355183,0.30978260869565216,146.00822856752904,41.329021081310074,105.62836249750808,60.448173811209514,4.278254547577053,1.921550969305514,5.5280749882287,-5.335789998652251,2.924191482631005,-0.40743847093270047,2.785361395331345,0.0,14.527005195617676,11.735037659231764,0.9790986185374976,23.588159561157227,35.1988639831543,0.8645362205629112,0.8645362205629112,0.8696106926752026,0.8931359926859538,1.0
2111,63,v8_7_phase_2_1_thrust_guard_v2,144.05953027095194,183,success,107.60971069335938,14.59687042236328,35.522003173828125,25.150793075561523,26.59558183549241,0.8941887615636912,183,49.736776118055644,-0.25885422865203656,0.3005464480874317,144.05953027095194,39.27622629090734,103.32545200263272,56.720321101391406,3.0482252032999018,0.3696417744633234,3.8557049079310115,-5.678222370877185,6.58958045681444,1.3084278222220236,0.9943529213248057,0.0,14.59687042236328,26.59558183549241,0.8941887615636912,25.150793075561523,35.522003173828125,0.8643535947795828,0.8643535947795828,0.7044935351611954,0.9191798845926921,1.0
2112,64,v8_7_phase_2_1_thrust_guard_v2,146.44042030569054,185,success,108.3849868774414,14.698688507080078,36.18718338012695,24.591110229492188,28.337153715346016,0.8801697437038133,185,49.17316726341304,-0.2687944465694395,0.32432432432432434,146.44042030569054,40.74721940200905,104.52681208832698,59.464816320070966,2.9203495478852792,2.4852414341241804,2.122643990664517,-5.047162736925157,-6.159494453738824,9.636183487036302,3.287405782041109,0.0,14.698688507080078,28.337153715346016,0.8801697437038133,24.591110229492188,36.18718338012695,0.86438446014944,0.86438446014944,0.6851427364961553,0.9098518371582032,1.0
2112,65,v8_7_phase_2_1_thrust_guard_v2,155.4688451658932,190,success,114.91600799560548,14.970174789428713,37.19352722167969,31.185453414916992,14.913994675384227,0.966313244997054,190,51.802445340069596,-0.3805719446262198,0.24736842105263157,155.46884516589327,40.163876270386645,104.258468944294,57.46877724985933,4.174002880102011,2.9185560777616417,2.0387945192057786,-5.0937083549093,-2.283583081127273,9.677725871849246,4.426967219544582,0.0,14.970174789428713,14.913994675384227,0.966313244997054,31.185453414916992,37.19352722167969,0.8697294219444067,0.8697294219444067,0.8342889480512864,1.0,1.0
2112,66,v8_7_phase_2_1_thrust_guard_v2,153.31711483923976,187,success,108.23665618896484,14.586152076721191,36.21013641357422,21.656444549560547,28.33995238535843,0.8801465574543803,187,48.9475350615081,-0.28577229901550605,0.32085561497326204,153.3171148392398,41.0503046801304,105.42571025452943,59.92287253062495,2.916836696217779,1.6292788545392045,2.1867465635902352,-5.035873226611799,-0.004565331849982278,7.511054733844502,0.9799965629188482,0.0,14.586152076721191,28.33995238535843,0.8801465574543803,21.656444549560547,36.21013641357422,0.8652383343101807,0.8652383343101807,0.6851116401626841,0.8609407424926758,1.0
2112,67,v8_7_phase_2_1_thrust_guard_v2,141.0347445799863,187,success,109.45001220703124,14.993186950683594,35.914947509765625,26.31499671936035,36.77529235938483,0.8009896132432933,187,52.31659233612353,-0.3995708976436486,0.25133689839572193,141.0347445799863,35.977293055446744,99.70900163181236,50.85306617312753,2.24042869085504,0.7449380247495576,7.197906794251059,-7.1516195899642705,7.699904354193257,-3.663844689820414,0.0,0.0,14.993186950683594,36.77529235938483,0.8009896132432933,26.31499671936035,35.914947509765625,0.8630133825629632,0.8630133825629632,0.5913856404512796,0.9385832786560059,1.0
2112,68,v8_7_phase_2_1_thrust_guard_v2,149.25430317960078,185,success,108.49868774414062,14.986979484558104,35.35332489013672,20.729700088500977,21.11175955467257,0.9328796283698024,185,48.47991790447322,-0.3128137206205645,0.2918918918918919,149.2543031796008,40.99495451009166,105.71377574318494,59.648696253000544,3.524972976549227,1.5211230936232707,5.094616717409246,-5.777247480372699,0.4509879293798161,-3.600810852912194,2.6556094638648045,0.0,14.986979484558104,21.11175955467257,0.9328796283698024,20.729700088500977,35.35332489013672,0.8618694862015281,0.8618694862015281,0.7654248938369714,0.8454950014750163,1.0
2112,69,v8_7_phase_2_1_thrust_guard_v2,160.45262123937462,187,success,107.96121215820312,14.62717628479004,35.63146209716797,25.665376663208008,5.691267505630996,0.995070695804466,187,50.04566854371383,-0.3614771549694519,0.29411764705882354,160.45262123937462,38.921398426296605,102.10362343782653,56.32994848859061,4.798109530095122,4.5811709867794725,4.638945363939474,-5.965505691775523,3.6066461957872766,20.785172761188228,4.526451411486422,0.0,14.62717628479004,5.691267505630996,0.995070695804466,25.665376663208008,35.63146209716797,0.8645145233886795,0.8645145233886795,0.9367636943818778,0.9277562777201335,1.0
2113,70,v8_7_phase_2_1_thrust_guard_v2,166.18480889900104,184,success,107.66072845458984,14.674530029296877,35.18399810791016,23.37192153930664,8.603730604050249,0.9887466425069428,184,47.7928441945551,-0.2972014040645698,0.27717391304347827,166.1848088990011,41.86756350504637,106.30668724957513,61.36507101588587,4.548691334304255,3.3312464890642017,3.616586916819366,-5.063657195309542,9.400374881247494,-2.461131006226185,4.066797249604462,0.0,14.674530029296877,8.603730604050249,0.9887466425069428,23.37192153930664,35.18399810791016,0.8636965378189277,0.8636965378189277,0.9044029932883306,0.8895320256551107,1.0
2113,71,v8_7_phase_2_1_thrust_guard_v2,148.48249761257676,184,success,107.24054718017578,14.532171249389648,35.451995849609375,25.144832611083984,20.741954329987863,0.9351849512295718,184,49.01878585621696,-0.3253201006344803,0.29347826086956524,148.48249761257676,40.26331610522357,104.13566305316797,58.64725799620018,3.527712878475655,1.5227261343556626,4.265346025939681,-5.381998744210688,8.030098725436241,-0.8972515100020849,2.889290971220383,0.0,14.532171249389648,20.741954329987863,0.9351849512295718,25.144832611083984,35.451995849609375,0.864489956163931,0.864489956163931,0.7695338407779126,0.9190805435180665,1.0
2113,72,v8_7_phase_2_1_thrust_guard_v2,156.63801314033927,186,success,109.0946807861328,14.786491394042969,35.59400177001953,26.708419799804688,14.74237421965661,0.9670798165885236,186,49.31530177046085,-0.39796009891095663,0.22580645161290322,156.63801314033927,41.06253230801658,104.63428434134875,60.09438032424302,4.068801887480142,3.68644545911317,1.3613406220895345,-4.875089534287139,-2.01121372933498,9.101560987756297,4.6642549161045705,0.0,14.786491394042969,14.74237421965661,0.9670798165885236,26.708419799804688,35.59400177001953,0.8644618483001006,0.8644618483001006,0.8361958420038155,0.9451403299967448,1.0
2113,73,v8_7_phase_2_1_thrust_guard_v2,155.45179280103548,183,success,109.14865112304688,14.990212440490724,34.88106155395508,24.761945724487305,20.163088967640117,0.9387152756743397,183,47.165078311764866,-0.2874629723348355,0.32786885245901637,155.4517928010355,44.56234851814748,108.92101822057296,66.2363001831801,3.6182493126538975,2.2340321975398947,1.8190756329090356,-3.760728443724377,0.05859212697723229,0.46965491798855513,2.810069591809622,0.0,14.990212440490724,20.163088967640117,0.9387152756743397,24.761945724487305,34.88106155395508,0.86266241235,0.86266241235,0.7759656781373321,0.9126990954081218,1.0
2113,74,v8_7_phase_2_1_thrust_guard_v2,125.43228195158414,204,success,113.71392822265624,6.784937381744385,43.26999282836914,28.17152976989746,40.51598889231488,0.7602247017919856,204,53.674358958663376,-0.13727858972817877,0.4215686274509804,125.43228195158412,39.37855832479251,108.06459362487081,55.24736327199826,2.01694319366493,1.0967013717778824,4.821195265011971,-9.031627952324454,-0.05691004306186383,15.325755344058125,0.0525497855107008,0.0,6.784937381744385,40.51598889231488,0.7602247017919856,28.17152976989746,43.26999282836914,0.940333277657428,0.940333277657428,0.5498223456409458,0.9695254961649576,1.0
2113,75,v8_7_phase_2_1_thrust_guard_v2,167.10986557732025,185,success,108.87391662597656,14.779566764831545,35.08110046386719,23.41301727294922,3.141365789394829,0.9984973668526372,185,44.895695529739335,-0.3102417023726613,0.3081081081081081,167.10986557732028,47.568505710140144,110.86302582906596,71.9654555907606,5.0307384450019565,3.205934982713525,1.1291846422205454,-2.7679920171696275,-2.5254370362837806,5.630489770176616,9.986710997100671,0.0,14.779566764831545,3.141365789394829,0.9984973668526372,23.41301727294922,35.08110046386719,0.8642506192221872,0.8642506192221872,0.9650959356733908,0.8902169545491536,1.0
2113,76,v8_7_phase_2_1_thrust_guard_v2,153.44080537721646,183,success,107.21282196044922,14.675932884216309,35.385223388671875,23.66439437866211,5.710760011748565,0.9950369004006816,183,47.47843557101875,-0.2562491491073081,0.32786885245901637,153.4408053772165,42.09312099948351,106.07788230800891,61.87206002624329,4.779684027591956,2.629591569888583,4.5184934014383344,-4.982887068754115,0.11663185695290701,-1.6504768088497994,5.020684315519444,0.0,14.675932884216309,5.710760011748565,0.9950369004006816,23.66439437866211,35.385223388671875,0.8631140136426009,0.8631140136426009,0.9365471109805715,0.8944065729777019,1.0
2114,77,v8_7_phase_2_1_thrust_guard_v2,-116.53062250274118,203,near_miss,111.02391052246094,14.4680757522583,42.46908950805664,-11.813514709472656,75.49160836767139,0.2505217978342423,203,49.268151085545995,-0.15599917710914732,0.4039408866995074,-116.53062250274118,42.88481360179732,111.55710068569896,62.04418959032379,-0.952477848312317,-1.3801984958717548,7.2133442599813336,-10.539103781165498,3.5715022699179797,7.60321228327837,0.0383447284281728,0.02324685563754378,13.718921661376951,61.015575667152135,0.4845718398761262,-0.4463466703891754,39.96337127685547,0.8764327287985274,0.8696850463636723,0.3220491592538651,0.49256088882684707,1.0
2114,78,v8_7_phase_2_1_thrust_guard_v2,152.663657970877,187,success,111.06890869140624,14.537396430969238,36.22550582885742,28.28618049621582,22.394554458165597,0.9245822473690224,187,50.13873367661159,-0.3510880473363686,0.2994652406417112,152.663657970877,40.89129164559009,105.90831904953066,59.35444113428927,3.473217502704666,5.1134196006754555,2.4111727781353953,-4.889952253934784,3.0723329639981176,6.630806543416384,1.9629441651573625,0.0,14.537396430969238,22.394554458165597,0.9245822473690224,28.28618049621582,36.22550582885742,0.8691137186612689,0.8691137186612689,0.7511716171314934,0.971436341603597,1.0
2114,79,v8_7_phase_2_1_thrust_guard_v2,155.5939088663432,190,success,111.2904052734375,14.294194221496582,36.01018142700195,26.62632369995117,39.8175064270327,0.7680879055490323,190,52.57574223749006,-0.4245730784525605,0.22631578947368422,155.5939088663432,36.61736968583853,101.90853691540491,51.60169066699056,2.0259226156937693,0.7125856953809233,4.655599045047797,-7.272807438428435,-3.0956922484947618,15.388245725261449,0.0,0.0,14.294194221496582,39.8175064270327,0.7680879055490323,26.62632369995117,36.01018142700195,0.8715595096776211,0.8715595096776211,0.5575832619218589,0.9437720616658528,1.0
2114,80,v8_7_phase_2_1_thrust_guard_v2,131.57578271536025,192,success,114.09210205078124,14.787273406982422,38.33813095092773,29.600046157836918,32.570245415731456,0.8427320753943839,192,55.97899438662815,-0.353655483492427,0.2760416666666667,131.57578271536028,32.41443762849319,95.52601356222118,44.265262473215614,2.686560141149778,3.537136421065724,6.626249044812002,-8.765101776492902,3.8268066301087416,1.472099154677879,0.1016142739994608,0.0,14.787273406982422,32.570245415731456,0.8427320753943839,29.600046157836918,38.33813095092773,0.8703917875016383,0.8703917875016383,0.6381083842696504,0.9933341026306153,1.0
2114,81,v8_7_phase_2_1_thrust_guard_v2,151.79742439384302,189,success,111.2188491821289,14.732523918151855,35.56426239013672,24.286340713500977,18.613597375172898,0.9476926882273946,189,49.53526558993992,-0.4506179537653687,0.23809523809523808,151.79742439384296,41.23818086149439,107.10938013554643,59.80449310373331,3.7914249170781638,3.2961087053877374,5.678297835376252,-5.40169095181572,-1.7921046210163987,2.6751731812916972,2.065721206036069,0.0,14.732523918151855,18.613597375172898,0.9476926882273946,24.286340713500977,35.56426239013672,0.8675357277431789,0.8675357277431789,0.7931822513869677,0.9047723452250163,1.0
2114,82,v8_7_phase_2_1_thrust_guard_v2,142.01627322161085,189,success,112.7923355102539,14.93915557861328,36.868927001953125,28.89824104309082,26.694107314269843,0.8934175946096653,189,54.153776228071656,-0.36034920894437367,0.25396825396825395,142.01627322161082,34.53394149695503,98.45757454567651,47.957682647701404,3.1503240093781177,3.8734685646777605,3.137196828164067,-7.880071488942335,-12.853957043149302,8.62309782168479,0.5581606547200488,0.0,14.93915557861328,26.694107314269843,0.8934175946096653,28.89824104309082,36.868927001953125,0.8675516779484084,0.8675516779484084,0.7033988076192239,0.9816373507181804,1.0
2115,83,v8_7_phase_2_1_thrust_guard_v2,132.35056083879306,195,success,115.1104507446289,14.934576988220217,39.05458068847656,27.20789909362793,40.38175176946204,0.7617446897218701,195,56.53297741908571,-0.32923975315613624,0.28205128205128205,132.35056083879303,31.566834701552487,95.17118818267107,42.64093298644975,2.055450377249382,2.1875727528416853,6.955366557377125,-9.320736725533187,-2.4640719299522464,3.491016013478597,0.0,0.0,14.934576988220217,40.38175176946204,0.7617446897218701,27.20789909362793,39.05458068847656,0.8702587220221004,0.8702587220221004,0.5513138692281996,0.9534649848937988,1.0
2115,84,v8_7_phase_2_1_thrust_guard_v2,158.3214438440853,182,success,108.03036499023438,14.845185279846191,35.47740173339844,26.260311126708984,22.01844326132967,0.9270632223056924,182,49.402378994178605,-0.24889112990554219,0.35714285714285715,158.3214438440853,39.949139374722975,103.958808788935,57.905386002670554,3.4390511889289703,2.5903262838852403,3.685971440313243,-5.348987558043697,8.890612993298078,0.20502276957778764,1.69694547060201,0.0,14.845185279846191,22.01844326132967,0.9270632223056924,26.260311126708984,35.47740173339844,0.8625832164763291,0.8625832164763291,0.7553506304296703,0.9376718521118164,1.0
2115,85,v8_7_phase_2_1_thrust_guard_v2,146.94985098647456,188,success,110.96955108642578,14.507842063903809,36.62680435180664,26.03608703613281,20.264763163624924,0.9381021222464287,188,50.39284198005437,-0.3324213089778068,0.30319148936170215,146.9498509864746,40.10238278106702,104.99029074272127,57.92796941349999,3.6486214563456527,4.412667433332952,2.0921720168998528,-5.5713408933313975,3.6403651540752717,7.856413173992715,2.7744513926706107,0.0,14.507842063903809,20.264763163624924,0.9381021222464287,26.03608703613281,36.62680435180664,0.8692628570462113,0.8692628570462113,0.774835964848612,0.9339347839355469,1.0
2115,86,v8_7_phase_2_1_thrust_guard_v2,141.50929688238,189,success,112.54461669921876,14.520581245422363,36.75600051879883,29.17726325988769,28.87813884855688,0.8756488592149579,189,51.28109970659773,-0.3713440920802809,0.2751322751322751,141.50929688238,39.95344473723373,104.7105767497091,57.680648813925025,2.963308022670079,3.2544862767085525,1.189220490498622,-5.485865064328955,1.865821811367041,12.889263654847154,2.3429032263585725,0.0,14.520581245422363,28.87813884855688,0.8756488592149579,29.17726325988769,36.75600051879883,0.870979335384567,0.870979335384567,0.6791317905715902,0.9862877209981282,1.0
2115,87,v8_7_phase_2_1_thrust_guard_v2,157.70669736725344,186,success,107.2819595336914,14.697936058044434,35.83066940307617,22.98064613342285,23.341479931865116,0.918159781010326,186,48.39618742246626,-0.33668206477667934,0.2849462365591398,157.70669736725347,41.166025048588494,104.7275642032188,60.362564796806865,3.312020911719744,3.081771517361288,3.6362780848536005,-5.003328349595822,-0.032904860648598676,13.40372361625573,4.575071089148137,0.0,14.697936058044434,23.341479931865116,0.918159781010326,22.98064613342285,35.83066940307617,0.862997132771157,0.862997132771157,0.7406502229792764,0.8830107688903809,1.0
2115,88,v8_7_phase_2_1_thrust_guard_v2,139.0882336538061,187,success,114.36144256591795,14.773797988891602,36.995704650878906,30.49038314819336,30.540938156712727,0.8612663015187683,187,52.38465929853627,-0.3048583547071738,0.3048128342245989,139.08823365380607,38.33846853866261,103.61776542901276,54.13602772867091,2.8609562150013588,2.711532170640586,5.750157585586905,-6.484460225004933,-1.3902636293953694,-2.4298641129509204,0.478296472769842,0.0,14.773797988891602,30.540938156712727,0.8612663015187683,30.49038314819336,36.995704650878906,0.8708148685657232,0.8708148685657232,0.6606562427031919,1.0,1.0
2116,89,v8_7_phase_2_1_thrust_guard_v2,158.95124163357414,187,success,113.32748413085938,14.77585792541504,36.78855514526367,27.18605232238769,28.572228336010344,0.8782148975644631,187,51.49383779309964,-0.3441441125002376,0.29411764705882354,158.9512416335741,38.939418358435056,104.62189714108872,55.5093712631055,3.0045646419866765,2.676801875970104,3.167172679906237,-6.013028252108807,5.635042999856297,-2.5847909513270024,0.8738702645577316,0.0,14.77585792541504,28.572228336010344,0.8782148975644631,27.18605232238769,36.78855514526367,0.8696180539192652,0.8696180539192652,0.6825307962665517,0.9531008720397949,1.0
2116,90,v8_7_phase_2_1_thrust_guard_v2,143.03162861820442,191,success,113.0754852294922,14.95493221282959,37.54867935180664,28.572940826416016,31.41239516272548,0.853438063953928,191,53.63897418859043,-0.3415098686200318,0.2931937172774869,143.03162861820448,35.95758522580055,99.85999874249882,50.59998315559124,2.762834855749819,2.8462319872662323,3.9095659421309947,-6.972808589585595,-2.4373023493589034,7.278882117103698,0.9175559944410008,0.0,14.95493221282959,31.41239516272548,0.853438063953928,28.572940826416016,37.54867935180664,0.8677438157132129,0.8677438157132129,0.650973387080828,0.976215680440267,1.0
2116,91,v8_7_phase_2_1_thrust_guard_v2,147.51242457891124,193,success,114.14104461669922,14.561569213867188,38.021759033203125,30.344934463500977,37.408447480350425,0.7943250626272361,193,54.73575119647536,-0.40704476270689555,0.24352331606217617,147.51242457891126,34.806017203819806,98.8945289038409,48.41798642456658,2.2843391232554033,2.8095754351722357,5.322203428798872,-7.337084264321273,2.178139362447208,5.987744806951098,0.0,0.0,14.561569213867188,37.408447480350425,0.7943250626272361,30.344934463500977,38.021759033203125,0.872424777057483,0.872424777057483,0.5843505835516619,1.0,1.0
2116,92,v8_7_phase_2_1_thrust_guard_v2,150.98257688360098,188,success,114.60530853271484,14.969446182250977,36.851654052734375,30.062856674194336,27.289158517403237,0.8887040022165408,188,51.94344562177853,-0.3354426670591644,0.30851063829787234,150.98257688360098,39.120225984921625,104.95340894780841,55.50146266753944,3.136701908556564,1.9955124405363585,3.896804445791983,-5.812088448462048,-1.6295037029742,0.49843075501099754,0.7340325784666359,0.0,14.969446182250977,27.289158517403237,0.8887040022165408,30.062856674194336,36.851654052734375,0.8693826108589215,0.8693826108589215,0.6967871275844084,1.0,1.0
2116,93,v8_7_phase_2_1_thrust_guard_v2,-145.17691029592896,217,near_miss,113.5070343017578,7.751157760620117,47.03644180297852,-7.399586677551269,77.08720885967807,0.2234677234588687,217,54.70217927342546,-0.302855430614023,0.3087557603686636,-145.17691029592893,37.51828793380074,107.15063301617356,52.11970561093651,-1.034769674979919,-0.9206237629024727,11.926707509475055,-13.635195497025483,3.416837960953263,2.335540364195752,0.0,0.016836581963420444,7.563138961791992,68.7618981105387,0.3622444885943912,1.022442102432251,45.71727752685547,0.9333685439997892,0.9317120933667097,0.23597890988290338,0.5170407017072042,1.0
2116,94,v8_7_phase_2_1_thrust_guard_v2,164.23120655925038,183,success,106.7352523803711,14.538862228393556,35.09845733642578,22.937911987304688,17.74374887870968,0.9524290554772882,183,46.98598330570124,-0.2680397290314034,0.3224043715846995,164.23120655925038,43.05832739576057,107.36797574235038,63.652182067775996,3.766076092929733,1.1903328777193851,2.6639629612389304,-4.4209829270989385,3.308715696771986,-5.1095372443812215,3.5708276344792047,0.0,14.538862228393556,17.74374887870968,0.9524290554772882,22.937911987304688,35.09845733642578,0.8637857511538776,0.8637857511538776,0.8028472346810036,0.8822985331217448,1.0
2117,95,v8_7_phase_2_1_thrust_guard_v2,141.1831795152941,202,success,110.5216064453125,8.58914566040039,41.04311752319336,23.265575408935547,39.75587763015167,0.7687762318185988,202,53.06327566543854,-0.2364819044579226,0.33663366336633666,141.1831795152941,37.89040081043768,105.91430966963304,53.383831545650665,2.0149385331435314,-2.7765618913588677,12.305241080936295,-9.511955540483077,-7.8999212489746835,-14.940746289046906,0.0,0.0,8.58914566040039,39.75587763015167,0.7687762318185988,23.265575408935547,41.04311752319336,0.9222853708279167,0.9222853708279167,0.5582680263316481,0.8877595901489258,1.0
2117,96,v8_7_phase_2_1_thrust_guard_v2,139.54225344075073,189,success,112.9444808959961,14.996320724487305,36.47916412353516,27.985937118530277,26.77975447136722,0.8927450808160557,189,52.13366579166642,-0.4251688584406914,0.2275132275132275,139.54225344075076,37.877466452620865,103.21736644373269,53.74141445048701,3.1462546395888675,2.2423171188397504,5.419076732147925,-6.220338225497594,-6.707038553846439,3.0021576982051275,0.7726359292821428,0.0,14.996320724487305,26.77975447136722,0.8927450808160557,27.985937118530277,36.47916412353516,0.8672239616710751,0.8672239616710751,0.7024471725403643,0.9664322853088378,1.0
2117,97,v8_7_phase_2_1_thrust_guard_v2,142.10537670110614,187,success,112.58354949951172,14.829325675964355,36.5147590637207,29.189359664916992,30.939845109903565,0.8577075671134949,187,52.169955790121655,-0.36648913375276293,0.2620320855614973,142.10537670110614,37.73815243222629,102.96474075079621,53.50196107129401,2.7922886235894158,0.6682138179291107,6.171714196832261,-6.20581543118191,0.35772856966093675,1.0233685821266945,0.2335070889323064,0.0,14.829325675964355,30.939845109903565,0.8577075671134949,29.189359664916992,36.5147590637207,0.8682815940527024,0.8682815940527024,0.6562239432232937,0.9864893277486165,1.0
2117,98,v8_7_phase_2_1_thrust_guard_v2,145.53324943634476,193,success,113.71101379394533,12.807055473327637,38.76795959472656,28.22470474243164,40.40311318609125,0.7615030905925393,193,53.96985014574481,-0.40759958909013805,0.24352331606217617,145.5332494363448,35.831909028654714,102.18700478567344,49.74197683039775,2.026292015091378,-0.6997008951391211,5.772403137765537,-7.986774458527775,-3.9030602692535967,-1.7111649113547909,0.0,0.0,12.807055473327637,40.40311318609125,0.7615030905925393,28.22470474243164,38.76795959472656,0.8873718996425871,0.8873718996425871,0.5510765201545418,0.970411745707194,1.0
2117,99,v8_7_phase_2_1_thrust_guard_v2,164.95917368210704,185,success,109.9256362915039,14.665023803710938,35.65324401855469,27.12949752807617,16.640056903180028,0.9581226084424684,185,49.204690460119686,-0.2956066550649199,0.31891891891891894,164.95917368210706,41.43522997879736,106.0334450444489,60.458219537755,3.928586926147455,2.650935273679128,1.9108151894833125,-4.854426451479745,1.166460681227589,2.598250428387826,3.50647625207712,0.0,14.665023803710938,16.640056903180028,0.9581226084424684,27.12949752807617,35.65324401855469,0.8665914130820056,0.8665914130820056,0.8151104788535553,0.9521582921346029,1.0
2117,100,v8_7_phase_2_1_thrust_guard_v2,-173.43303946193663,218,near_miss,113.0379867553711,8.515148162841797,49.53860855102539,-12.272982597351074,75.81575548530186,0.2450407935870395,218,56.91691479441102,-0.04162068839917609,0.481651376146789,-173.43303946193657,32.83973096793725,101.08280797406317,43.84445749858947,-0.9381970611226791,-0.6853887472607288,13.07801980050024,-18.955693408722983,-3.05134135128137,7.666124369696965,0.0,0.02800345806241422,7.751124382019043,62.9786403365055,0.4543226322583755,-0.1046471521258354,46.826904296875,0.9314290301472417,0.9246700298965012,0.3002373295943833,0.49825588079790273,1.0
2117,101,v8_7_phase_2_1_thrust_guard_v2,161.55557122555606,189,success,114.95654296875,14.748096466064451,36.65333557128906,27.321727752685547,38.30869373371479,0.7846823197757062,189,51.356506829066944,-0.2842897762872141,0.30687830687830686,161.5555712255561,40.35651717032799,106.94922878570591,57.50587344486513,2.225230666178108,1.6696999259052918,1.7614637504899986,-5.53891723132865,3.5169008406719757,7.981187655283553,0.0,0.0,14.748096466064451,38.30869373371479,0.7846823197757062,27.321727752685547,36.65333557128906,0.8717072026942077,0.8717072026942077,0.574347847403169,0.9553621292114258,1.0
2118,102,v8_7_phase_2_1_thrust_guard_v2,144.4112571274463,190,success,111.74182891845705,14.916050910949709,36.69537734985352,26.981210708618164,27.73872327612077,0.8850792606908335,190,52.85868204198092,-0.4272764760951855,0.24736842105263157,144.41125712744633,36.18252760215432,100.53111231046825,50.958442224361015,3.041838407243512,2.930768665806284,5.853385622118908,-6.898890169885337,1.6576772681361092,6.23277472126512,0.7928956853300944,0.0,14.916050910949709,27.73872327612077,0.8850792606908335,26.981210708618164,36.69537734985352,0.866513273898223,0.866513273898223,0.6917919635986581,0.9496868451436361,1.0
2118,103,v8_7_phase_2_1_thrust_guard_v2,145.57051152632545,191,success,114.1856918334961,14.91309642791748,37.16001510620117,28.675710678100582,36.80838804100813,0.8006436659522554,191,52.564095518055126,-0.43971170899970213,0.2356020942408377,145.57051152632545,38.23457191666379,103.47474826777767,54.41606920553759,2.3352211866598442,0.9114012525437917,2.698258509937583,-5.770734431188178,-9.985870304555029,8.087480077081187,0.0,0.0,14.91309642791748,36.80838804100813,0.8006436659522554,28.675710678100582,37.16001510620117,0.8693961021870976,0.8693961021870976,0.5910179106554652,0.9779285113016765,1.0
2118,104,v8_7_phase_2_1_thrust_guard_v2,-203.75073068426383,195,near_miss,108.53326416015624,17.843807220458984,38.72872924804688,9.632522583007812,88.85080268605601,0.0200559320889003,195,62.48407464001171,-0.06196438950629762,0.4358974358974359,-203.75073068426389,22.828285750083914,75.17538116834842,29.678379319152924,-2.1191857183069307,-6.310014719703187,57.134403386357334,-22.215968113974654,-7.792011007474365,-9.47183000682987,0.0,0.0,17.843807220458984,88.85080268605601,0.0200559320889003,9.632522583007812,38.72872924804688,0.8355913520289234,0.8355913520289234,0.012768859043822078,0.6605420430501302,1.0
2118,105,v8_7_phase_2_1_thrust_guard_v2,164.12409247060245,187,success,111.33880615234376,14.8569917678833,35.828372955322266,27.649852752685547,27.8514845766758,0.884161534598322,187,50.67074240719987,-0.4239274569174504,0.2192513368983957,164.12409247060245,39.74936905772703,105.05642942131982,57.22776402017959,3.024097986943655,0.8397357380599817,2.8036684901989513,-5.408551983147141,9.139269231185496,-11.299036652557046,0.684454502359314,0.0,14.8569917678833,27.8514845766758,0.884161534598322,27.649852752685547,35.828372955322266,0.8665605256485809,0.8665605256485809,0.6905390602591578,0.9608308792114257,1.0
2118,106,v8_7_phase_2_1_thrust_guard_v2,149.17623426601017,189,success,113.41985321044922,14.97865104675293,36.845970153808594,29.378318786621094,20.105913454097937,0.9390587782357552,189,51.638353455837304,-0.4275287658557611,0.21693121693121692,149.1762342660102,39.391261625432776,104.2343236548032,56.55803042902858,3.7119344640395138,1.3445425628209557,3.0390981847551317,-5.311345505530261,8.513886301446549,5.257351419374119,2.6600582597975677,0.0,14.97865104675293,20.105913454097937,0.9390587782357552,29.378318786621094,36.845970153808594,0.8679362508170398,0.8679362508170398,0.776600961621134,0.9896386464436849,1.0
2118,107,v8_7_phase_2_1_thrust_guard_v2,-166.8672719472517,208,near_miss,113.05545043945312,8.070659637451172,45.48657989501953,16.031719207763672,76.8544428429532,0.2274256658058203,208,59.29294106142773,-0.0488884337246418,0.46634615384615385,-166.8672719472517,28.637012380581854,92.96315320440456,37.23157590376027,-1.0244042937319926,-2.7527445793434606,16.565716439794162,-17.509017214667658,-10.97520264513936,1.072885860484868,0.0,0.0,8.070659637451172,76.8544428429532,0.2274256658058203,16.031719207763672,45.48657989501953,0.928613263614624,0.928613263614624,0.14606174618940881,0.7671953201293945,1.0
2119,108,v8_7_phase_2_1_thrust_guard_v2,143.55344456711606,190,success,115.18733978271484,14.7037992477417,37.38298797607422,29.55340003967285,35.84924506643075,0.8105607550528431,190,53.58459320789331,-0.428220387065391,0.24210526315789474,143.5534445671161,36.47502933656167,102.40418572627931,50.910678176322136,2.43464255858341,0.5219480501147522,7.494064990012167,-6.967295933298102,1.3626542321554522,1.5554205666442213,0.0,0.0,14.7037992477417,35.84924506643075,0.8105607550528431,29.55340003967285,37.38298797607422,0.8723488251792393,0.8723488251792393,0.6016750548174361,0.9925566673278808,1.0
2119,109,v8_7_phase_2_1_thrust_guard_v2,159.20280388538436,191,success,115.8916473388672,14.528109550476074,37.15214157104492,30.512113571166992,29.56692927540681,0.8697798844551972,191,52.155934302221674,-0.43024762845915104,0.23036649214659685,159.20280388538436,39.646048840317604,105.8551988625612,56.21703076378165,2.9716505295588145,2.258982123038524,2.528845032497178,-5.566180731970221,4.350361071424345,-0.722603744188624,0.6717161261230984,0.0,14.528109550476074,29.56692927540681,0.8697798844551972,30.512113571166992,37.15214157104492,0.8746405812319168,0.8746405812319168,0.671478563606591,1.0,1.0
2119,110,v8_7_phase_2_1_thrust_guard_v2,151.66729574776474,187,success,113.9259796142578,14.605363845825195,36.55739212036133,29.784786224365234,34.93643809518273,0.8197878454443549,187,51.06400219103126,-0.31874250706265317,0.32620320855614976,151.66729574776477,40.63974287127014,106.3125751371355,57.978118258397934,2.486101772972717,0.20525942198114708,3.923173452502871,-5.285070679835802,-3.206466176865291,1.9867366030073148,0.0012204694791164,0.0,14.605363845825195,34.93643809518273,0.8197878454443549,29.784786224365234,36.55739212036133,0.8717995325098145,0.8717995325098145,0.6118173544979697,0.9964131037394206,1.0
2119,111,v8_7_phase_2_1_thrust_guard_v2,151.85963337806777,190,success,112.57810974121094,14.707985877990724,36.694969177246094,28.569042205810547,33.140962362399385,0.8373280789316833,190,52.167101401971216,-0.4097794558852911,0.2631578947368421,151.85963337806777,38.07008514023549,103.1505146352808,54.212632711185414,2.6087517644898504,4.111144353198032,3.7146944684545837,-5.94339921376961,3.4227816315569335,10.926718568148951,0.1800331831629044,0.0,14.707985877990724,33.140962362399385,0.8373280789316833,28.569042205810547,36.694969177246094,0.869353057074766,0.869353057074766,0.631767084862229,0.9761507034301757,1.0
2119,112,v8_7_phase_2_1_thrust_guard_v2,151.63387905174798,188,success,111.64745330810548,14.76007843017578,35.96849060058594,27.691112518310547,29.12832526275986,0.8735316870872543,188,50.82207551812197,-0.40284525221610007,0.26063829787234044,151.63387905174798,39.74987761717491,105.17384546154389,57.221118250629495,2.924089930229507,1.9470603307269578,3.6435223207433993,-5.426754748844759,-0.016404581574019,10.80586793280328,0.490099334895142,0.0,14.76007843017578,29.12832526275986,0.8735316870872543,27.691112518310547,35.96849060058594,0.8677974464008288,0.8677974464008288,0.6763519415248904,0.9615185419718425,1.0
2119,113,v8_7_phase_2_1_thrust_guard_v2,159.3429468351758,184,success,108.0065460205078,14.821672439575195,35.652278900146484,24.0186824798584,7.817181387157213,0.990707098656774,184,47.67636867007394,-0.2488412618809177,0.3423913043478261,159.3429468351758,42.029318727541195,105.9011057428448,61.7527552251645,4.621959769600238,3.34592595115536,2.1243395140186947,-4.906501929690858,1.1060702198384709,-2.1712118385923618,6.11270224866245,0.0,14.821672439575195,7.817181387157213,0.990707098656774,24.0186824798584,35.652278900146484,0.8627706098780261,0.8627706098780261,0.9131424290315865,0.9003113746643067,1.0
2120,114,v8_7_phase_2_1_thrust_guard_v2,156.26843531837204,191,success,115.13602447509766,14.84658145904541,37.08174133300781,28.57619857788086,39.50433883849303,0.7715764128688295,191,54.56791512158252,-0.46658407144872616,0.21465968586387435,156.26843531837204,34.5177376707901,100.01192562302407,47.52430266779487,2.1290616026643288,0.8703497612745905,2.886929712217863,-8.058964780995577,-1.7562373612043523,-5.270216302915145,0.0,0.0,14.84658145904541,39.50433883849303,0.7715764128688295,28.57619857788086,37.08174133300781,0.8710518143497605,0.8710518143497605,0.5610629017945219,0.9762699762980144,1.0
2120,115,v8_7_phase_2_1_thrust_guard_v2,173.84113631488972,184,success,109.62840270996094,14.735513687133787,35.20404815673828,22.1663818359375,19.166714631896998,0.944567262416158,184,46.47790546497272,-0.3173045079861565,0.2826086956521739,173.8411363148897,45.27462206972214,111.30237436972955,67.12097267243135,3.7116561338308345,0.23673777947359215,3.6163750335465132,-4.11388035129481,2.228444460597245,-1.0418364859814464,2.876000479603421,0.0,14.735513687133787,19.166714631896998,0.944567262416158,22.1663818359375,35.20404815673828,0.8655867154598713,0.8655867154598713,0.7870365040900333,0.869439697265625,1.0
2120,116,v8_7_phase_2_1_thrust_guard_v2,155.21115308615762,188,success,109.61761474609376,14.685680389404297,35.97145462036133,24.23974609375,31.006920982647674,0.8571050809731487,188,50.39832591350742,-0.3960392697964438,0.2712765957446808,155.21115308615762,39.09050307815606,104.1828238359324,56.21252844603363,2.724740044836498,0.2365133241220058,2.0325365784927865,-5.8499732189236875,7.019676584982129,1.2252539429575466,0.2709876161698624,0.0,14.685680389404297,31.006920982647674,0.8571050809731487,24.23974609375,35.97145462036133,0.8660280975514693,0.8660280975514693,0.6554786557483592,0.9039957682291667,1.0
2120,117,v8_7_phase_2_1_thrust_guard_v2,159.31806683216854,193,success,115.10840606689452,14.822617530822754,37.36211013793945,30.44474220275879,38.49104612417579,0.7827054305302027,193,53.28643530780395,-0.4766071799278761,0.19170984455958548,159.31806683216854,37.72230945926171,102.82283309554528,53.24458806954183,2.2129687690706445,2.1331085846113,1.6871345166800424,-5.7842566539826485,-2.6118266001658528,19.897856777665048,0.0,0.0,14.822617530822754,38.49104612417579,0.7827054305302027,30.44474220275879,37.36211013793945,0.8712290610452144,0.8712290610452144,0.5723217097313802,1.0,1.0
2120,118,v8_7_phase_2_1_thrust_guard_v2,150.51971531343705,185,success,109.4716796875,14.987638473510742,35.378543853759766,24.573732376098636,21.69946318180632,0.9291360357412188,185,49.37201600982733,-0.42053518012493246,0.22702702702702704,150.51971531343705,40.44472251326169,105.35641089996845,58.623555611644086,3.4972156569447232,4.767010833253604,4.628657335890506,-5.337663776080204,12.024321556376039,-1.4264471920416548,1.5842362918268569,0.0,14.987638473510742,21.69946318180632,0.9291360357412188,24.573732376098636,35.378543853759766,0.8630911801454518,0.8630911801454518,0.7588948535354854,0.9095622062683105,1.0
2120,119,v8_7_phase_2_1_thrust_guard_v2,151.27715155608445,187,success,109.5942840576172,14.56863784790039,35.936241149902344,24.868810653686523,20.34582384869464,0.9376111635173252,187,49.68058894931267,-0.3998936151283828,0.2620320855614973,151.2771515560845,40.32928973541567,105.3957711663131,58.38798678111298,3.6126610795479617,2.198620272887683,5.338100209246786,-5.390211556532057,0.19783362825045267,-3.89213975896518,1.903806876295632,0.0,14.56863784790039,20.34582384869464,0.9376111635173252,24.868810653686523,35.936241149902344,0.867067539396113,0.867067539396113,0.7739352905700596,0.9144801775614421,1.0
2120,120,v8_7_phase_2_1_thrust_guard_v2,153.79001105181493,192,success,112.41060638427734,14.61553955078125,36.35078430175781,27.49142837524414,20.912348766759465,0.9341275660820936,192,52.28867701774447,-0.5356640698349414,0.140625,153.79001105181496,37.61895697764175,102.5674099838314,53.45238429905778,3.6244003248883163,2.7630753709007485,4.234935592514119,-6.439571466640932,-4.000318111157757,11.684104075343102,1.9459830004075596,0.0,14.61553955078125,20.912348766759465,0.9341275660820936,27.49142837524414,36.35078430175781,0.8699807783189265,0.8699807783189265,0.7676405692582282,0.9581904729207357,1.0
2121,121,v8_7_phase_2_1_thrust_guard_v2,145.39292413897095,186,success,108.4190673828125,14.865596771240234,36.04965591430664,25.499832153320312,19.44569370854617,0.9429574576404522,186,51.06588710394444,-0.3454564416440584,0.27956989247311825,145.39292413897093,37.41072649860689,100.82509330922929,53.49711567860558,3.6620570076254975,1.5862328519860998,6.008611680243297,-6.449818956388138,-4.38609107631625,2.7611230013834427,2.199942519186247,0.0,14.865596771240234,19.44569370854617,0.9429574576404522,25.499832153320312,36.04965591430664,0.8628876162644722,0.8628876162644722,0.7839367365717093,0.9249972025553386,1.0
2121,122,v8_7_phase_2_1_thrust_guard_v2,141.90993317323688,190,success,113.80862426757812,14.866339683532717,37.50541305541992,27.99129295349121,34.45607430595032,0.8245601805913467,190,54.13210259172191,-0.40308602298364826,0.23684210526315788,141.90993317323688,34.897345279222286,99.63357365947034,48.39454556116365,2.5238121011540042,3.398757480690115,5.089415821032078,-7.630034483963544,11.399081854753753,-0.6652861452247155,0.009923493120987979,0.0,14.866339683532717,34.45607430595032,0.8245601805913467,27.99129295349121,37.50541305541992,0.8693742255544702,0.8693742255544702,0.6171547299338853,0.9665215492248536,1.0
2121,123,v8_7_phase_2_1_thrust_guard_v2,153.3429658972924,183,success,107.65841674804688,14.68025016784668,35.2116584777832,24.22055435180664,12.901317219447185,0.9747560614544646,183,48.44732383291096,-0.271577238563265,0.3333333333333333,153.3429658972924,41.10612889161327,105.49451057137684,59.977742410308934,4.190506182388447,3.714613745813699,5.518614904719457,-5.33241478794954,0.7360945561891741,-2.0564008024546547,2.5681671478163253,0.0,14.68025016784668,12.901317219447185,0.9747560614544646,24.22055435180664,35.2116584777832,0.8636404787356023,0.8636404787356023,0.8566520308950313,0.903675905863444,1.0
2121,124,v8_7_phase_2_1_thrust_guard_v2,156.5975159232143,187,success,111.13274383544922,14.79087734222412,35.79948043823242,27.620380401611328,10.760678730730888,0.9824156164965604,187,49.34401938860417,-0.3937756499165998,0.25668449197860965,156.59751592321427,41.91376612180089,106.24193581535215,61.35845295480146,4.444039602728144,3.8702203035050164,1.8216454762726035,-4.762513577443753,0.30644191232155643,5.397166870705693,5.422125465821216,0.0,14.79087734222412,10.760678730730888,0.9824156164965604,27.620380401611328,35.79948043823242,0.8669080161997573,0.8669080161997573,0.880436902991879,0.9603396733601888,1.0
2121,125,v8_7_phase_2_1_thrust_guard_v2,156.98987691307408,189,success,106.95845794677734,14.54899787902832,36.47922134399414,24.28805923461914,9.905797740060104,0.9850919236653296,189,49.24170523843352,-0.36720508951496666,0.2751322751322751,156.98987691307408,40.35699304399569,101.9435428311423,59.43353407317032,4.424327178748861,4.910024193682837,3.868835064645692,-4.642328673451633,-4.496904322261739,1.8197980488135854,6.67588129551023,0.0,14.54899787902832,9.905797740060104,0.9850919236653296,24.28805923461914,36.47922134399414,0.8639752464805737,0.8639752464805737,0.8899355806659989,0.9048009872436523,1.0
2121,126,v8_7_phase_2_1_thrust_guard_v2,180.28540083850143,181,success,107.07083892822266,14.720391273498535,34.84671401977539,16.590274810791016,5.037267501092166,0.9961377977307884,181,43.052502657117394,-0.24001307004177685,0.35359116022099446,180.28540083850146,48.23333025703328,113.52775304217906,72.6738558235352,4.832592522745771,2.960634477928692,2.3697146805297153,-3.2966302591553123,-0.264582542651204,4.016488193876596,6.437367205728796,0.0,14.720391273498535,5.037267501092166,0.9961377977307884,16.590274810791016,34.84671401977539,0.8625172696800603,0.8625172696800603,0.944030361098976,0.7765045801798502,1.0
2122,127,v8_7_phase_2_1_thrust_guard_v2,152.34403592379377,194,success,114.29290008544922,14.849167823791504,37.52084732055664,27.89857292175293,29.65458450812017,0.8690239667656853,194,54.39893264319712,-0.5098894336140839,0.18556701030927836,152.34403592379377,34.89295306685586,99.45784190444114,48.50213097171969,2.9334768868788283,5.13115393042684,6.680011301780485,-7.6678119353805485,7.565898356856376,8.77657944083739,0.5049097960416256,0.0,14.849167823791504,29.65458450812017,0.8690239667656853,27.89857292175293,37.52084732055664,0.8700779504878277,0.8700779504878277,0.6705046165764426,0.9649762153625489,1.0
2122,128,v8_7_phase_2_1_thrust_guard_v2,143.65641081044774,188,success,110.75325012207033,14.591064453125,36.66878509521485,27.98151397705078,40.068372445058095,0.7652768438046682,188,52.44785033265003,-0.37345376113390033,0.26063829787234044,143.65641081044777,36.88336055271134,100.95587985396243,52.37350271363657,1.9937808838245532,2.8554896920718917,2.9412204468932734,-6.565121802233835,1.6076336533957183,12.42100167746002,0.0,0.0,14.591064453125,40.068372445058095,0.7652768438046682,27.98151397705078,36.66878509521485,0.8682561059197542,0.8682561059197542,0.5547958617215767,0.9663585662841797,1.0
2122,129,v8_7_phase_2_1_thrust_guard_v2,155.72635113524535,187,success,110.06452178955078,14.818499565124512,35.46141815185547,23.425405502319336,17.41706605334985,0.954151214249657,187,48.983201798002845,-0.41383583779648486,0.21390374331550802,155.72635113524535,41.42094517813661,106.99354063835821,60.252369481139674,3.8668021732803837,2.651183061875624,5.371175689930438,-5.266849490312439,-4.531411807027874,5.179571824682821,1.916428767637914,0.0,14.818499565124512,17.41706605334985,0.954151214249657,23.425405502319336,35.46141815185547,0.8653653391284589,0.8653653391284589,0.8064770438516684,0.8904234250386556,1.0
2122,130,v8_7_phase_2_1_thrust_guard_v2,161.7983297833244,190,success,115.32658386230467,14.605525016784668,37.153934478759766,30.189598083496094,26.060853155561283,0.8983279507515087,190,51.73006643655716,-0.4267977782182003,0.24210526315789474,161.79832978332436,40.13684671622327,106.18909976031622,57.155528228679756,3.2530215953735646,1.7402915039754323,2.6559666825939923,-5.264662382673447,4.018917780186683,3.3988001766802247,1.3763964325156672,0.0,14.605525016784668,26.060853155561283,0.8983279507515087,30.189598083496094,37.153934478759766,0.87335508841376,0.87335508841376,0.710434964938208,1.0,1.0
2122,131,v8_7_phase_2_1_thrust_guard_v2,150.64594342139634,196,success,111.73523712158205,10.73782730102539,39.46167755126953,26.532365798950195,39.34459437418477,0.7733470032374548,196,53.415771079017965,-0.3980419077644391,0.2602040816326531,150.64594342139634,36.836024865955785,103.8900248343006,51.53759747613006,2.074546447803877,1.3430302006348542,5.000388436628582,-8.772583935841945,-0.7616561325348242,8.917576332268165,0.0,0.0,10.73782730102539,39.34459437418477,0.7733470032374548,26.532365798950195,39.46167755126953,0.903899364447213,0.903899364447213,0.5628378402868359,0.9422060966491699,1.0
2122,132,v8_7_phase_2_1_thrust_guard_v2,161.4350914243161,185,success,109.71558380126952,14.626256942749023,35.56221008300781,25.83125877380371,20.574816185903067,0.9362140939575802,185,47.96819011732174,-0.3544693489533824,0.2864864864864865,161.4350914243161,43.569861819800025,108.23991551161168,64.36348288608323,3.5961880862259674,1.3663095041451947,2.1610896876521895,-4.024117267579675,0.4228386794403191,0.08495423999694934,3.9352095695395626,0.0,14.626256942749023,20.574816185903067,0.9362140939575802,25.83125877380371,35.56221008300781,0.8666893395085796,0.8666893395085796,0.7713909312677437,0.9305209795633952,1.0
2123,133,v8_7_phase_2_1_thrust_guard_v2,151.13685841846052,194,success,114.0797348022461,14.879422187805176,37.5608024597168,27.06321907043457,29.653809281649373,0.8690306610499862,194,54.07729192333476,-0.5094583287268647,0.20103092783505155,151.13685841846055,35.30139358763928,100.13460190390217,49.19496665494391,2.9293523063937874,3.1922607079829364,4.683214731092772,-7.32664743099776,-4.156365536999193,11.127436022679765,0.49430413727796557,0.0,14.879422187805176,29.653809281649373,0.8690306610499862,27.06321907043457,37.5608024597168,0.8695699791588908,0.8695699791588908,0.6705132302038959,0.9510536511739095,1.0
2123,134,v8_7_phase_2_1_thrust_guard_v2,144.23901404754918,188,success,108.0272979736328,14.84947395324707,35.6728515625,22.518049240112305,27.82311538595815,0.8843927443951549,188,48.89049142680335,-0.4232297234801932,0.2393617021276596,144.23901404754918,40.68582658391432,104.62577398004808,59.43703839227867,2.955260209984903,2.6129228560342797,3.8794609385282226,-5.2725800114201675,3.562791940814996,6.842785632451031,3.8134679181553426,0.0,14.84947395324707,27.82311538595815,0.8843927443951549,22.518049240112305,35.6728515625,0.8625396151547592,0.8625396151547592,0.6908542734893539,0.8753008206685384,1.0
2123,135,v8_7_phase_2_1_thrust_guard_v2,-419.6327174789494,464,low_agl,110.38365936279295,173.71563720703125,0.3251031339168548,-29.8942928314209,73.87526459115539,0.2777294095720523,464,77.52802685091204,0.024234403660902275,0.4978448275862069,-419.63271747894953,11.315318610431277,83.23098525852029,-67.55427507194143,-0.8312624811120917,-2.863383745459471,105.98816986071746,-77.57556968416172,23.150678855200336,34.65703829980164,0.0,46.72483476626132,22.359493255615234,77.00057474024563,0.2249412803196075,0.3207014501094818,38.3949089050293,0.7974383764346197,-0.5737441412056106,0.1444380584417153,0.5053450241684914,0.0
2123,136,v8_7_phase_2_1_thrust_guard_v2,161.5255990748588,187,success,109.92430877685548,14.767759323120115,35.64739227294922,24.56117820739746,16.039799388351796,0.9610699979662526,187,48.68036465143236,-0.41283300285411867,0.24064171122994651,161.52559907485877,42.13855858106138,106.71554742829191,61.78687667767015,3.9785804957773645,3.8992470226215583,1.3105641886479267,-4.604972218391694,8.973616320104208,-0.08056651802328099,4.440775618938766,0.0,14.767759323120115,16.039799388351796,0.9610699979662526,24.56117820739746,35.64739227294922,0.8656551995873959,0.8656551995873959,0.8217800067960912,0.909352970123291,1.0
2123,137,v8_7_phase_2_1_thrust_guard_v2,160.2843747316141,188,success,113.17890167236328,14.63101863861084,36.68235778808594,28.09026908874512,29.54160293396441,0.8699979137580408,188,52.420658005324846,-0.4048008684321564,0.26595744680851063,160.2843747316141,37.373762803917764,103.01744667502906,52.68195882238042,2.920810016471821,2.3059835658483543,4.919561217771979,-6.665991671060934,1.7415576445869096,-7.578408343131575,0.413804265101388,0.0,14.63101863861084,29.54160293396441,0.8699979137580408,28.09026908874512,36.68235778808594,0.8707266246409994,0.8707266246409994,0.6717599674003955,0.9681711514790853,1.0
2124,138,v8_7_phase_2_1_thrust_guard_v2,160.55515660578598,186,success,110.8609390258789,14.977021217346191,35.24504470825195,26.318952560424805,17.32671631100892,0.9546220335001268,186,49.15440790649605,-0.39706148995557217,0.26881720430107525,160.555156605786,41.717559131397884,107.07752306597502,60.78267223870987,3.891181395157881,2.6484128009235293,3.382939937250456,-4.878406939240066,-1.8955595126949911,4.753190537308629,2.668081927354794,0.0,14.977021217346191,17.32671631100892,0.9546220335001268,26.318952560424805,35.24504470825195,0.8649026307286644,0.8649026307286644,0.8074809298776786,0.9386492093404134,1.0
2124,139,v8_7_phase_2_1_thrust_guard_v2,146.47975142546207,185,success,107.53431701660156,14.876904487609863,35.3731689453125,25.136537551879883,29.46695921161992,0.8706395173688645,185,50.457529298431204,-0.38734228692042666,0.23783783783783785,146.47975142546207,38.000598886842944,101.37927370545923,54.6841489410616,2.8072515759224093,-0.8504751670287027,6.534816039617256,-6.288270943253377,5.004725498693648,1.345162970263862,1.105784376619468,0.0,14.876904487609863,29.46695921161992,0.8706395173688645,25.136537551879883,35.3731689453125,0.861654354625109,0.861654354625109,0.6725893420931119,0.9189422925313314,1.0
2124,140,v8_7_phase_2_1_thrust_guard_v2,162.96678048019794,187,success,111.36245727539062,14.705399513244627,35.74909210205078,25.37289428710937,25.271906542269573,0.904291984507088,187,49.54011021149213,-0.43633673574157894,0.2192513368983957,162.96678048019794,41.165667803150235,107.02346976014915,59.677549648003684,3.2395545967644175,-0.27586365661400675,4.5471887628576955,-5.201838850069517,2.5938001260163746,-1.5521584333181777,1.7043836593746944,0.0,14.705399513244627,25.271906542269573,0.904291984507088,25.37289428710937,35.74909210205078,0.8679501164662762,0.8679501164662762,0.7192010384192269,0.9228815714518229,1.0
2124,141,v8_7_phase_2_1_thrust_guard_v2,157.05536929411866,190,success,114.59268188476562,14.573137283325195,36.29410171508789,27.811994552612305,32.50641729793769,0.8433312613667154,190,52.27772929293899,-0.48751522841201606,0.17894736842105263,157.05536929411866,38.18440997105086,105.0325362414917,53.89459929659295,2.701685595066768,3.010494459810518,6.781433422366341,-6.964482366327366,4.9424407500470915,-3.9153610722685914,0.0799607226724392,0.0,14.573137283325195,32.50641729793769,0.8433312613667154,27.811994552612305,36.29410171508789,0.8728266321755176,0.8728266321755176,0.6388175855784701,0.9635332425435384,1.0
2124,142,v8_7_phase_2_1_thrust_guard_v2,160.78906646003668,183,success,106.93368530273438,14.999773025512695,34.67176818847656,21.430635452270508,15.604728291053032,0.9631403711123296,183,46.33300119996221,-0.3642782104084563,0.23497267759562843,160.7890664600367,44.05755928976977,108.16857729707877,65.50309387136062,3.948852808892921,1.2975678241535138,3.377983265669156,-3.9209422023822063,-4.582378552333233,2.7459794563573143,3.4126494800822527,0.0,14.999773025512695,15.604728291053032,0.9631403711123296,21.430635452270508,34.67176818847656,0.8597282700671204,0.8597282700671204,0.8266141300994108,0.8571772575378418,1.0
2124,143,v8_7_phase_2_1_thrust_guard_v2,167.98307230052365,188,success,111.93292236328124,14.954710960388184,36.16641998291016,24.21296501159668,24.946673424561077,0.9067007355307168,188,50.37101373997732,-0.4669982049604283,0.19148936170212766,167.98307230052362,39.812333052242586,105.80157606369981,57.12959877291535,3.2784422788038823,2.7886436741660834,4.315181029627691,-5.77796516678362,2.8323770608452863,2.7296289800928077,1.2794283988491617,0.0,14.954710960388184,24.946673424561077,0.9067007355307168,24.21296501159668,36.16641998291016,0.8663957784301184,0.8663957784301184,0.7228147397270992,0.9035494168599446,1.0
2124,144,v8_7_phase_2_1_thrust_guard_v2,161.75579139973786,186,success,108.71431732177734,14.846139907836914,35.36595153808594,25.362150192260746,12.85911006547109,0.9749202715150465,186,49.42059513588302,-0.37833252174639576,0.25268817204301075,161.75579139973786,40.11359455743216,104.27025666900357,58.24217304070319,4.21743334941757,5.217768497553444,4.331380703681583,-5.363451413677176,18.973671383234663,-8.362067238407315,3.385733418948039,0.0,14.846139907836914,12.85911006547109,0.9749202715150465,25.362150192260746,35.36595153808594,0.8634389630218192,0.8634389630218192,0.8571209992725435,0.9227025032043457,1.0
2125,145,v8_7_phase_2_1_thrust_guard_v2,173.05807850408615,186,success,110.8084945678711,14.88986110687256,35.30060195922852,20.659528732299805,30.16862454505533,0.8645501285887691,186,48.58853271935638,-0.38215319539159937,0.25806451612903225,173.05807850408615,42.00663037750122,108.55275241307268,60.99684090200192,2.819921576832778,0.13512751390212838,2.45266525675992,-5.3467954182455415,-1.5566981053908675,-1.2753502882701573,0.7685729577791008,0.0,14.88986110687256,30.16862454505533,0.8645501285887691,20.659528732299805,35.30060195922852,0.8656252739021519,0.8656252739021519,0.6647930606104964,0.8443254788716634,1.0
2125,146,v8_7_phase_2_1_thrust_guard_v2,-135.7981220195917,204,near_miss,114.07938385009766,10.287230491638184,42.41410446166992,10.98327922821045,75.14585053150701,0.2563593754645848,204,55.510746469913535,-0.28256285745267046,0.3431372549019608,-135.7981220195917,34.56751430190073,102.03890764476401,47.23724326050187,-0.861656822918658,-4.784356430197116,10.36010099951168,-12.941782540696606,5.588651608894578,0.23170650937892068,0.0,0.0,10.287230491638184,75.14585053150701,0.2563593754645848,10.98327922821045,42.41410446166992,0.9098239301050592,0.9098239301050592,0.1650461052054777,0.6830546538035075,1.0
2125,147,v8_7_phase_2_1_thrust_guard_v2,-148.34120351233275,190,near_miss,113.73676300048828,17.324134826660156,36.31076431274414,18.10093307495117,76.38438922427292,0.235406924316808,190,57.04330336783101,-0.23997459298391877,0.34210526315789475,-148.34120351233273,29.63922407654186,90.92703324224851,39.76875284625502,-0.9716370981166278,-7.691820470474156,18.867827807679173,-12.535999566466288,0.25485604022051345,-0.7494123356606431,0.0,0.0,17.324134826660156,76.38438922427292,0.235406924316808,18.10093307495117,36.31076431274414,0.8476821885058766,0.8476821885058766,0.15128456417474534,0.8016822179158528,1.0
2125,148,v8_7_phase_2_1_thrust_guard_v2,160.7762140373412,184,success,108.0566864013672,14.839324951171877,34.849361419677734,23.045883178710938,14.921729864619266,0.96627849023613,184,46.78455066830215,-0.3772826658134126,0.2554347826086957,160.7762140373412,44.092001599838405,108.82320108480883,65.38837070866488,4.031028522344637,1.3541329802907567,3.311318162337789,-4.021958702306335,-1.6053640824987463,1.2235665465191004,3.5801854712582455,0.0,14.839324951171877,14.921729864619266,0.96627849023613,23.045883178710938,34.849361419677734,0.8626709235183051,0.8626709235183051,0.8342030015042303,0.8840980529785156,1.0
2125,149,v8_7_phase_2_1_thrust_guard_v2,156.1961437581187,190,success,112.76923370361328,14.664508819580078,36.61603546142578,26.314109802246094,29.85933650396423,0.8672503132583995,190,51.79153092245319,-0.47808636702401075,0.17894736842105263,156.1961437581187,38.28609795512882,104.22063362256253,54.36657955816531,2.886089319008493,3.4506769457757995,4.995614164269707,-6.275970379567727,14.52174145224796,-0.8168794666941681,0.347671202957778,0.0,14.664508819580078,29.85933650396423,0.8672503132583995,26.314109802246094,36.61603546142578,0.8699600206726402,0.8699600206726402,0.6682295944003975,0.9385684967041016,1.0
2125,150,v8_7_phase_2_1_thrust_guard_v2,146.5463259254219,191,success,112.9172134399414,14.4447603225708,36.41978073120117,27.555009841918945,30.122288541725965,0.8649562632052001,191,52.01738455859071,-0.4536221971277011,0.18848167539267016,146.5463259254219,38.373126512918596,104.21265371972798,54.55881943294139,2.8671620110447438,0.8824606945648352,4.86607864667687,-6.119138218188217,3.929179189964779,4.121637587719127,0.2707923393208812,0.0,14.4447603225708,30.122288541725965,0.8649562632052001,27.555009841918945,36.41978073120117,0.872076542782791,0.872076542782791,0.6653079050919337,0.9592501640319824,1.0
2126,151,v8_7_phase_2_1_thrust_guard_v2,-191.97011542260657,197,near_miss,114.97502136230467,17.542036056518555,40.75302505493164,23.3321590423584,84.40411730994593,0.0975113818543448,197,64.36351028487718,-0.06896854290351044,0.4213197969543147,-191.97011542260657,20.22314585920926,73.0782577598394,24.647629239281226,-1.615697754457006,-5.434735608529712,19.188988711343413,-17.26911114064885,-13.537906423064182,1.8657758473988708,0.0,0.0,17.542036056518555,84.40411730994593,0.0975113818543448,23.3321590423584,40.75302505493164,0.8474274164190777,0.8474274164190777,0.06217647433393414,0.88886931737264,1.0
2126,152,v8_7_phase_2_1_thrust_guard_v2,150.27620248229675,190,success,112.33150482177734,14.568881034851074,36.90793228149414,28.129079818725582,25.4753437266984,0.9027704639673496,190,53.63182004763227,-0.4936458704404925,0.22105263157894736,150.27620248229672,35.34044188772444,99.58395526433792,49.39131215969772,3.2425405277965744,3.4868505643996017,7.377129901784712,-7.506540703236313,9.931318155231665,-5.298726669785878,0.826022676717118,0.0,14.568881034851074,25.4753437266984,0.9027704639673496,28.129079818725582,36.90793228149414,0.8703045858954197,0.8703045858954197,0.7169406252589067,0.9688179969787598,1.0
2126,153,v8_7_phase_2_1_thrust_guard_v2,158.93712537811004,192,success,115.68628692626952,14.905762672424316,37.18465042114258,30.220422744750977,30.57576529129062,0.8609572620277125,192,53.329129205563895,-0.47645848663523793,0.19791666666666666,158.93712537811004,37.40577821500176,103.1842427752594,52.54635099593993,2.8836683015389393,4.444547647773747,0.7047626499173992,-6.126058274741715,10.403996247028012,-9.112200673346551,0.328405354946266,0.0,14.905762672424316,30.57576529129062,0.8609572620277125,30.220422744750977,37.18465042114258,0.8711535907283097,0.8711535907283097,0.6602692745412153,1.0,1.0
2126,154,v8_7_phase_2_1_thrust_guard_v2,147.59786115698137,188,success,109.82683563232422,14.557435035705566,35.9161491394043,26.34943389892578,15.579164600536966,0.9632602948154178,188,50.6287995298267,-0.44787707276013183,0.22340425531914893,147.59786115698137,39.08235091166642,103.34153172719023,56.30965716242584,4.014879536121399,3.9450116101106403,3.6790177570904863,-5.766051221903086,-2.793412946134019,8.937840309471103,2.9850009556004506,0.0,14.557435035705566,15.579164600536966,0.9632602948154178,26.34943389892578,35.9161491394043,0.8674510200362996,0.8674510200362996,0.8268981711051449,0.939157231648763,1.0
2126,155,v8_7_phase_2_1_thrust_guard_v2,151.1778763807982,190,success,109.45877075195312,14.999706268310549,35.66545486450195,24.934234619140625,33.98410140411327,0.8291927070740329,190,54.018395166173384,-0.5610926486845863,0.14736842105263157,151.1778763807982,33.01386654465023,96.19223279735209,45.634132622007826,2.4732169056947035,1.3069396500365387,11.061942186572214,-8.888206973486058,4.033238300339231,0.38564161389046236,0.017063370317798,0.0,14.999706268310549,33.98410140411327,0.8291927070740329,24.934234619140625,35.66545486450195,0.8629647842263668,0.8629647842263668,0.6223988732876303,0.9155705769856771,1.0
2126,156,v8_7_phase_2_1_thrust_guard_v2,-142.02868845630297,211,near_miss,113.00830078125,8.855266571044922,44.86392974853516,-5.952977657318115,75.2936968062811,0.2538643536097359,211,53.329207653183005,-0.3090077437001382,0.2843601895734597,-142.02868845630297,39.05080145916046,109.13693600099428,54.823572021702915,-0.8952892435742269,-4.2811539587681295,13.957698451614897,-12.907198603464826,-1.1454916573579983,-0.22527683285778632,0.0,0.009725346974256751,8.71399974822998,70.92266260541808,0.3268441110572979,-1.00906503200531,44.03194808959961,0.9228906222995278,0.9216405652520513,0.21197041549535467,0.4831822494665782,1.0
2127,157,v8_7_phase_2_1_thrust_guard_v2,168.7296390794188,186,success,108.92230987548828,14.66130256652832,35.4010124206543,21.394227981567383,14.368668956955824,0.968719007363571,186,46.83137934193362,-0.4162349656990339,0.24731182795698925,168.7296390794188,44.092762263220344,109.01865056038744,65.30418828569148,4.096187957844131,2.403413653037639,3.00318203395127,-4.256146062505571,3.768308495363062,-0.5403368868733968,5.437084997277068,0.0,14.66130256652832,14.368668956955824,0.968719007363571,21.394227981567383,35.4010124206543,0.8653966980383724,0.8653966980383724,0.8403481227004909,0.8565704663594563,1.0
2127,158,v8_7_phase_2_1_thrust_guard_v2,155.1031557603448,190,success,115.33805084228516,14.939764022827148,36.36320877075195,28.276498794555664,32.681075480298674,0.841689174812687,190,51.45433151103484,-0.4945410166110378,0.18947368421052632,155.1031557603448,40.29312990142894,107.09570695035363,57.554137790032065,2.701555536881319,2.0634920990509564,3.294649802059179,-5.474057799509326,-5.138762391805003,6.040518283084635,0.12515199897623028,0.0,14.939764022827148,32.681075480298674,0.841689174812687,28.276498794555664,36.36320877075195,0.8704697719986964,0.8704697719986964,0.6368769391077925,0.971274979909261,1.0
2127,159,v8_7_phase_2_1_thrust_guard_v2,-172.42191776573543,219,near_miss,115.0494155883789,7.503931045532227,49.05255508422852,-0.0340603403747081,76.13330464019408,0.2396637480927212,219,58.82292214180878,-0.16477904584871172,0.3789954337899543,-172.42191776573537,30.27928504361979,97.36245321748551,39.5920484193853,-0.9250244721258775,-2.0197771396478483,15.940329103547015,-18.524115667721706,-5.684472965547425,4.827692010063561,0.0,0.0001995084847013135,7.503931045532227,76.13330464019408,0.2396637480927212,-0.0340603403747081,49.05255508422852,0.934776452299596,0.934776452299596,0.15407439288673241,0.4994323276604215,1.0
2127,160,v8_7_phase_2_1_thrust_guard_v2,172.1967774451931,191,success,109.80670928955078,14.905895233154297,36.94329452514648,9.748037338256836,17.69899406417317,0.9526668189824484,191,46.51374113137977,-0.34179491586788163,0.2774869109947644,172.19677744519313,42.97224433343577,110.43218087044654,62.66582149540825,3.837795640535811,2.5036666479245233,2.990759985234467,-5.973534825005145,-0.49014424794820677,-1.93908677653226,3.131850868617764,0.0,14.905895233154297,17.69899406417317,0.9526668189824484,9.748037338256836,36.94329452514648,0.8642533290579837,0.8642533290579837,0.8033445103980759,0.6624672889709473,1.0
2127,161,v8_7_phase_2_1_thrust_guard_v2,162.64276638802124,187,success,110.00800323486328,14.959210395812988,34.73417282104492,20.551908493041992,23.290996296162252,0.918508527714584,187,47.26305284300606,-0.4284554857954901,0.21390374331550802,162.64276638802124,44.22263544454486,110.23981040707544,65.27841521352573,3.376101888808411,2.371835807905171,2.774468850864115,-4.36987736351847,0.1143813445427137,2.5623441019317643,1.4482976659871647,0.0,14.959210395812988,23.290996296162252,0.918508527714584,20.551908493041992,34.73417282104492,0.8640170718863464,0.8640170718863464,0.7412111522648639,0.8425318082173665,1.0
2127,162,v8_7_phase_2_1_thrust_guard_v2,155.8561723602336,185,success,106.45169830322266,14.689428329467772,35.02225112915039,22.95860290527344,13.54309118537169,0.9721940751095928,185,48.87645007011454,-0.3979075317522763,0.25405405405405407,155.8561723602336,39.6003032621379,103.27465280903762,57.524158295061625,4.1096302681653425,2.4285170131511666,3.0444883449027422,-5.862339914237279,-12.193309255949156,3.332263950139729,3.2963668413275657,0.0,14.689428329467772,13.54309118537169,0.9721940751095928,22.95860290527344,35.02225112915039,0.8620085112439857,0.8620085112439857,0.8495212090514257,0.8826433817545573,1.0
2128,163,v8_7_phase_2_1_thrust_guard_v2,167.10753968362383,187,success,108.57756042480467,14.69571590423584,34.79322814941406,19.2393798828125,14.617870116371032,0.9676305049062558,187,46.21847395410705,-0.44555660383900336,0.19786096256684493,167.10753968362386,44.524967475411515,110.36288258674061,65.97810534441602,4.067867574519928,1.4852955760498057,5.036836808313039,-4.474540608364436,1.4221293662552568,-1.7334060438361625,3.7430432662931903,0.0,14.69571590423584,14.617870116371032,0.9676305049062558,19.2393798828125,34.79322814941406,0.8646523660437798,0.8646523660437798,0.8375792209292108,0.8206563313802083,1.0
2128,164,v8_7_phase_2_1_thrust_guard_v2,149.808174885077,194,success,115.0934066772461,14.70156478881836,37.12477493286133,27.456525802612305,31.233334923444428,0.8550627251345554,194,54.09194884035756,-0.5712536059862444,0.13917525773195877,149.80817488507702,35.47076110225171,101.07949415994052,49.284671988339745,2.8174900294882583,2.975922313032653,9.10613802319048,-7.803988707362114,9.746493749815974,2.066774118677285,0.20802208255793359,0.0,14.70156478881836,31.233334923444428,0.8550627251345554,27.456525802612305,37.12477493286133,0.8722640574012581,0.8722640574012581,0.6529629452950619,0.9576087633768717,1.0
2128,165,v8_7_phase_2_1_thrust_guard_v2,-457.39711710854215,309,low_agl,107.69869995117188,91.69435119628906,0.3856486082077026,-28.59443473815918,135.07951740393997,-0.7080874513287961,309,97.69976248729249,-0.0007399348184183056,0.511326860841424,-457.3971171085422,14.721295664459843,32.18135950004853,-44.35455431036205,-5.990107776317304,-8.974211749317973,145.02390154308753,-123.51276236747759,0.8428347170953701,-1.5470624406086944,0.0,39.979675589930366,26.202735900878903,154.44571283318905,-0.9021769743947944,0.6272844672203064,34.50606918334961,0.756703322205759,0.14860298928528215,0.0,0.5104547411203384,0.0
2128,166,v8_7_phase_2_1_thrust_guard_v2,157.78031289395992,191,success,112.8981704711914,14.69326877593994,35.51530075073242,25.57793617248535,23.806016465243317,0.9149172876729844,191,49.33729236073388,-0.5715694015367805,0.13089005235602094,157.78031289395994,42.730564542850736,109.16760817934944,62.4195158125635,3.393133819277483,1.4888475997712145,3.4689274027331902,-4.559909348242261,0.17092572519761118,-1.4469569795462627,2.222890590571882,0.0,14.69326877593994,23.806016465243317,0.9149172876729844,25.57793617248535,35.51530075073242,0.869853792009063,0.869853792009063,0.735488705941741,0.9262989362080892,1.0
2128,167,v8_7_phase_2_1_thrust_guard_v2,145.7159213063719,190,success,114.51146697998048,14.969268798828123,36.38629913330078,28.388368606567383,29.345402334961204,0.8716812021170443,190,52.26915506888697,-0.48625250443031914,0.21052631578947367,145.7159213063719,38.235961498533946,104.49263042179051,54.132697086632476,2.9635189047607,2.4255967319376355,6.709765687472895,-6.267962563016368,3.6031561115066273,0.22877145660194234,0.3466313786326652,0.0,14.969268798828123,29.345402334961204,0.8716812021170443,28.388368606567383,36.38629913330078,0.8692771196316511,0.8692771196316511,0.6739399740559866,0.973139476776123,1.0
2128,168,v8_7_phase_2_1_thrust_guard_v2,154.17570158419286,187,success,109.41517639160156,14.795194625854492,35.19186782836914,24.02376937866211,11.766512878474476,0.9789867414375776,187,49.643632804592905,-0.48461180400441994,0.21390374331550802,154.17570158419286,39.90096493861793,104.69501873901365,57.69562186886826,4.323740050059142,3.3068383633913925,5.289635459358675,-5.945392477741081,0.7997465060581749,-7.966957092318207,2.6026555601250574,0.0,14.795194625854492,11.766512878474476,0.9789867414375776,24.02376937866211,35.19186782836914,0.8647793193432156,0.8647793193432156,0.8692609680169503,0.9003961563110352,1.0
2129,169,v8_7_phase_2_1_thrust_guard_v2,154.92604164021986,191,success,114.3117904663086,14.518356323242188,36.65278244018555,28.369653701782227,25.33347215990077,0.9038327331917668,191,52.48586059131351,-0.5514544129703214,0.14659685863874344,154.92604164021986,37.96457004054886,104.06324039124657,53.67657607540155,3.2939401203262504,4.225013492095283,4.729477938447147,-6.46477806674563,8.031288731774685,-2.8720955326764,0.9422360991954144,0.0,14.518356323242188,25.33347215990077,0.9038327331917668,28.369653701782227,36.65278244018555,0.8729933608421502,0.8729933608421502,0.7185169760011025,0.9728275616963704,1.0
2129,170,v8_7_phase_2_1_thrust_guard_v2,165.8466655880419,189,success,110.5672378540039,14.82266330718994,35.844261169433594,22.7368278503418,24.485410259342604,0.9100668384513698,189,49.1708048708304,-0.49460293516201315,0.20105820105820105,165.8466655880419,41.48569397515078,106.83087300080791,60.407926639559385,3.2884411065663506,1.6282361369328286,0.9011990778929121,-4.854137953314169,0.07477681282230357,6.589303497050046,2.7506138045000585,0.0,14.82266330718994,24.485410259342604,0.9100668384513698,22.7368278503418,35.844261169433594,0.8659398245367926,0.8659398245367926,0.7279398860073044,0.87894713083903,1.0
2129,171,v8_7_phase_2_1_thrust_guard_v2,142.79242094407996,190,success,110.99671173095705,14.714519500732422,36.498653411865234,25.236661911010746,33.66768947571784,0.832266880489813,190,53.005198272220525,-0.5524858196241487,0.18947368421052632,142.79242094407996,35.54468354758378,100.02088434405977,49.83208041370545,2.5322784052214504,0.6684112768007283,7.191376103121054,-7.371923815288183,-4.929466276337329,0.8103956672352497,0.028534141176702398,0.0,14.714519500732422,33.66768947571784,0.832266880489813,25.236661911010746,36.498653411865234,0.8674328340789168,0.8674328340789168,0.6259145613809128,0.920611031850179,1.0
2129,172,v8_7_phase_2_1_thrust_guard_v2,152.3777691760712,206,success,115.8421859741211,7.126708030700684,42.74029541015625,25.65861701965332,40.31334742492436,0.7625176351117594,206,54.221500923438285,-0.35249403009227326,0.2621359223300971,152.3777691760712,38.16527935791886,109.21764099194463,52.8253525086163,2.0751742560250803,-0.8149349180127805,4.18102640469861,-9.781278225862144,-4.154864283096732,1.745989430040359,0.0,0.0,7.126708030700684,40.31334742492436,0.7625176351117594,25.65861701965332,42.74029541015625,0.9384791648157195,0.9384791648157195,0.5520739175008404,0.927643616994222,1.0
2129,173,v8_7_phase_2_1_thrust_guard_v2,143.95046057788218,192,success,113.29872131347656,14.621750831604004,37.80600357055664,28.82413482666016,37.66152989476149,0.7916339521882361,192,53.882258023806116,-0.45828057961140684,0.234375,143.9504605778822,35.71105562148264,100.04323763267824,50.09745997004469,2.246547971168938,3.6051976831468475,5.222628902969627,-6.721354457757572,7.486107750977613,2.5885723803754592,0.0,0.0,14.621750831604004,37.66152989476149,0.7916339521882361,28.82413482666016,37.80600357055664,0.870945138108414,0.870945138108414,0.5815385567248723,0.9804022471110027,1.0
2129,174,v8_7_phase_2_1_thrust_guard_v2,146.0653504540719,191,success,113.4140625,14.45346736907959,36.69406127929688,27.899873733520508,32.766360637370035,0.8408845050466828,191,52.80133968930506,-0.5038829049149148,0.193717277486911,146.0653504540719,37.170581371269826,102.98382240884348,52.36557165469172,2.65678108555095,2.3294562698410104,3.592711012671209,-6.8908550253213985,0.1545075584386419,6.436635047182275,0.0606787177444172,0.0,14.45346736907959,32.766360637370035,0.8408845050466828,27.899873733520508,36.69406127929688,0.8725601830101132,0.8725601830101132,0.635929326251444,0.9649978955586751,1.0
2130,175,v8_7_phase_2_1_thrust_guard_v2,-436.78421689536833,418,low_agl,112.01943969726562,113.98017120361328,0.3314763307571411,-19.16017723083496,114.61550566939472,-0.416526839020793,418,80.03984698986142,-0.0023970417157550784,0.49282296650717705,-436.78421689536833,16.97483008991936,68.50023076036909,-34.7056827690761,-4.192185697446235,-7.256935215350645,151.80331455177938,-83.42719179409124,8.456265795547534,47.529762187023685,0.0,25.13441706755394,22.204763412475582,102.0302947273776,-0.2084288501721392,0.1040115728974342,41.78959274291992,0.8017775890284372,-0.017503493247659204,0.0,0.5017335262149573,0.0
2130,176,v8_7_phase_2_1_thrust_guard_v2,162.25357395319904,188,success,109.46482849121094,14.665263175964355,35.97989273071289,24.4366512298584,19.842841888025728,0.9406272207692644,188,50.64089705734186,-0.45036159939766723,0.19680851063829788,162.253573953199,38.6776101754552,103.25130291495718,55.52109925889792,3.651784972296226,3.4914594172288957,2.8169016443450245,-5.975515916880943,-2.6047617843688116,7.971423887409154,1.6229545903417817,0.0,14.665263175964355,19.842841888025728,0.9406272207692644,24.4366512298584,35.97989273071289,0.8660276238669496,0.8660276238669496,0.7795239790219364,0.90727752049764,1.0
2130,177,v8_7_phase_2_1_thrust_guard_v2,158.8793866491373,187,success,109.86685943603516,14.535785675048828,35.7010498046875,24.99613571166992,18.71110003312212,0.9471481469350164,187,49.34426039018541,-0.4484025752420891,0.20320855614973263,158.87938664913733,40.9873875468339,106.15212019991291,59.57041644777632,3.754742674662569,4.608709509794969,1.5870806326286704,-5.198542683704815,15.260214079382362,-0.4082454734510052,2.546018188060514,0.0,14.535785675048828,18.71110003312212,0.9471481469350164,24.99613571166992,35.7010498046875,0.8676963576672398,0.8676963576672398,0.7920988885208653,0.9166022618611653,1.0
2130,178,v8_7_phase_2_1_thrust_guard_v2,-377.8709531127551,330,wrong_way,115.337646484375,121.49143981933594,35.06964874267578,-49.01484680175781,131.82969973646954,-0.6669188042737755,330,80.1719716011093,-0.1260547671946838,0.396969696969697,-377.87095311275505,31.215276424590833,83.37268031490966,-23.835390157936274,-5.560836078806321,-11.573478937783193,126.19385079720868,-91.39640870589085,-1.7797282963222543,11.34309574193741,0.0,38.07748407128464,20.1090145111084,100.93530612039784,-0.1897004979112929,0.9317904114723206,36.84340286254883,0.8256509030307585,-0.05335459429367326,0.0,0.5155298401912053,0.0
2130,179,v8_7_phase_2_1_thrust_guard_v2,143.71198089903606,189,success,109.44998168945312,14.5930814743042,35.93650436401367,24.73691749572754,22.702573791618367,0.9225207531868708,189,51.509126032805334,-0.5039334409955208,0.19047619047619047,143.711980899036,37.23615955771464,101.66886838826818,52.97171376762894,3.4131535306216163,1.0492497193406134,7.736395694456871,-6.71679959406131,-2.0407371253619466,0.21939754086622332,1.0427538187284573,0.0,14.5930814743042,22.702573791618367,0.9225207531868708,24.73691749572754,35.93650436401367,0.8666689454941185,0.8666689454941185,0.7477491800931293,0.9122819582621257,1.0
2131,180,v8_7_phase_2_1_thrust_guard_v2,-205.25014786095372,196,near_miss,114.5500030517578,17.76927947998047,38.57037734985352,17.6055965423584,105.07938679551968,-0.2601571453560669,196,66.1772469357025,-0.2042159804663317,0.3826530612244898,-205.2501478609538,20.717249663407063,67.99276087215185,26.43853758769291,-3.346895146143798,-9.505669673000115,63.244257004667894,-25.273340229376796,-14.840709811371582,-17.64309867699474,0.0,0.0,17.76927947998047,105.07938679551968,-0.2601571453560669,17.6055965423584,38.57037734985352,0.8448775294056372,0.8448775294056372,0.0,0.7934266090393066,1.0
2131,181,v8_7_phase_2_1_thrust_guard_v2,162.72768830958458,186,success,107.98394775390624,14.678744316101074,35.04396438598633,23.221635818481445,14.678155073532857,0.9673644317197536,186,47.69930144045968,-0.46682575213853067,0.22043010752688172,162.7276883095846,42.644286640063335,107.1751615047959,62.84228769901827,4.049708805133407,2.3018396135563357,2.9968543761426307,-4.421429982809741,2.6005033281131684,0.25141820973802687,3.3318135050270334,0.0,14.678744316101074,14.678155073532857,0.9673644317197536,23.221635818481445,35.04396438598633,0.8640654965721969,0.8640654965721969,0.8369093880718572,0.8870272636413574,1.0
2131,182,v8_7_phase_2_1_thrust_guard_v2,146.41896466724813,190,success,111.92723846435548,14.563382148742676,35.88606262207031,24.571826934814453,25.790138607807823,0.9003936673287924,190,50.03136985596102,-0.5366959261266808,0.15263157894736842,146.41896466724813,40.85474709135921,107.12745822823224,59.04062368825351,3.208035692770141,1.3969840693236035,5.332468297264589,-5.471306543993174,-1.8657217109587199,2.6519212668297665,0.8546418948481168,0.0,14.563382148742676,25.790138607807823,0.9003936673287924,24.571826934814453,35.88606262207031,0.8698852723559284,0.8698852723559284,0.7134429043576909,0.9095304489135743,1.0
2131,183,v8_7_phase_2_1_thrust_guard_v2,-132.75399476818149,211,near_miss,115.31739044189452,8.380146980285645,45.10929489135742,-2.928806781768799,78.66474350133007,0.1965495204773857,211,52.99569927573656,-0.35723326724216836,0.27488151658767773,-132.75399476818149,40.53858338885685,111.93952289947859,57.07974378213967,-1.1308135183589205,-1.8869239148802983,7.2359110196627485,-11.554647358948813,-6.976469600436623,2.599078475948644,0.0,0.005719121194931801,8.346599578857422,74.63859970260684,0.2649065540077771,-0.0083019630983471,44.6821174621582,0.9276206342610306,0.9273297206243304,0.17068222552659063,0.49986163394836086,1.0
2131,184,v8_7_phase_2_1_thrust_guard_v2,164.01790389571107,196,success,112.47040557861328,14.815713882446287,37.78776931762695,21.23431205749512,39.91527375481226,0.7669941286409395,196,53.445985919271386,-0.4680126500054624,0.18877551020408162,164.0179038957111,35.36318693514748,100.35312052389907,49.385629862383915,2.042039016222843,0.19801477132034428,4.769016082244316,-7.331925431551916,9.088888214299674,-13.010769899560163,0.0,0.0,14.815713882446287,39.91527375481226,0.7669941286409395,21.23431205749512,37.78776931762695,0.8682701124244584,0.8682701124244584,0.5564969582798638,0.853905200958252,1.0
2131,185,v8_7_phase_2_1_thrust_guard_v2,176.77474610135437,187,success,111.30029296875,14.683598518371582,35.38192367553711,25.228302001953125,11.846595992719228,0.9787007579496768,187,47.84191446153354,-0.47905155783768166,0.1925133689839572,176.77474610135437,44.25094871554229,109.97992361541162,65.28337390492153,4.357038431775616,3.1958161486162693,2.059795725110075,-4.075619893598542,2.7523823531656832,2.345777953171155,4.387248252688175,0.0,14.683598518371582,11.846595992719228,0.9787007579496768,25.228302001953125,35.38192367553711,0.8680722383858026,0.8680722383858026,0.8683711556364531,0.9204717000325521,1.0
2132,186,v8_7_phase_2_1_thrust_guard_v2,-223.51408595154757,196,near_miss,113.54915618896484,17.87594223022461,44.414669036865234,19.157859802246094,111.815148600257,-0.3716133076756385,196,68.2113727363651,0.16564120512398683,0.6071428571428571,-223.51408595154763,17.27021387917075,61.85901234701597,20.73588032609333,-3.9279268168233026,-10.43133068081114,39.41334217458885,-23.79093207005776,-2.658322721234601,-8.389059071636586,0.0,0.0,17.87594223022461,111.815148600257,-0.3716133076756385,19.157859802246094,44.414669036865234,0.8425708932572247,0.8425708932572247,0.0,0.8192976633707683,1.0
2132,187,v8_7_phase_2_1_thrust_guard_v2,161.29461623186617,189,success,109.51367950439452,14.57591438293457,35.77735900878906,25.658227920532227,12.180083394039686,0.9774892939190152,189,49.25882852720006,-0.4967683489045138,0.1746031746031746,161.29461623186617,41.08075106421918,104.7443690907605,60.137492359835754,4.291402875172731,3.088342787779682,4.003403161973292,-4.900101330833987,-5.249562897133367,1.4812652169947693,6.089284427589262,0.0,14.57591438293457,12.180083394039686,0.9774892939190152,25.658227920532227,35.77735900878906,0.8669032540144934,0.8669032540144934,0.8646657400662257,0.9276371320088704,1.0
2132,188,v8_7_phase_2_1_thrust_guard_v2,148.61047798551945,189,success,109.54744720458984,14.91578769683838,35.645347595214844,25.272729873657227,26.886559846966,0.8919036349053203,189,53.164058806104244,-0.49069648500650176,0.21164021164021163,148.61047798551948,34.408862986612704,97.88052108932973,48.05545859948804,3.0665917242736778,2.197811943083748,9.86582036517083,-8.349454162645673,10.190347611383642,-6.093367423405445,0.5341960124214036,0.0,14.91578769683838,26.886559846966,0.8919036349053203,25.272729873657227,35.645347595214844,0.8638417591878541,0.8638417591878541,0.7012604461448222,0.9212121645609538,1.0
2132,189,v8_7_phase_2_1_thrust_guard_v2,150.52499203415096,189,success,110.75960540771484,14.554338455200195,36.13701629638672,26.926767349243164,23.319679675581725,0.9183104671240826,189,51.403360969101215,-0.47093442727432205,0.19576719576719576,150.52499203415096,38.27301539653205,102.93668490734004,54.749041953060754,3.3896384699697317,1.5716658431105377,4.239455824285531,-6.205577788519571,0.2515451744874576,1.5762720526790626,1.7945413680532272,0.0,14.554338455200195,23.319679675581725,0.9183104671240826,26.926767349243164,36.13701629638672,0.8685952482258805,0.8685952482258805,0.7408924480490919,0.9487794558207194,1.0
2132,190,v8_7_phase_2_1_thrust_guard_v2,136.29705068170009,191,success,111.35101318359376,14.613409996032717,37.06494522094727,27.039194107055664,30.463750188902413,0.8619500966117587,191,54.823656339108666,-0.3512961683326757,0.2774869109947644,136.29705068170009,32.992498626837424,95.93102851616764,45.485046647366104,2.8066636104713587,2.849541601597254,10.022067042660867,-8.914072923669716,10.608760542636157,-4.810449453415445,0.2952393428968376,0.0,14.613409996032717,30.463750188902413,0.8619500966117587,27.039194107055664,37.06494522094727,0.8687626670092498,0.8687626670092498,0.6615138867899732,0.9506532351175944,1.0
2132,191,v8_7_phase_2_1_thrust_guard_v2,159.4776864550929,189,success,107.14995574951172,14.83285903930664,35.35581970214844,16.10948371887207,14.529555770402768,0.9680183541734406,189,46.29815521838106,-0.5091935546191596,0.18518518518518517,159.4776864550929,43.438348394487484,108.75320759867455,64.19706594897842,4.043361424960349,3.27067734204047,3.6925391919480757,-4.486879672668996,-5.53689899298576,0.359571703415118,3.525631612950199,0.0,14.83285903930664,14.529555770402768,0.9680183541734406,16.10948371887207,35.35581970214844,0.861569153850311,0.861569153850311,0.8385604914399692,0.7684913953145345,1.0
2133,192,v8_7_phase_2_1_thrust_guard_v2,154.59131356757825,189,success,111.57769775390624,14.682631492614746,35.560794830322266,25.797462463378903,16.178645181347107,0.960397602279625,189,49.97612388122543,-0.5341207219790371,0.14814814814814814,154.59131356757823,40.73284913348079,106.40490479795372,58.935694010500136,4.0017881979166,4.017016511953645,5.0120867124113335,-5.36747207556988,7.34222452554006,1.9418058591785934,2.6825794247041532,0.0,14.682631492614746,16.178645181347107,0.960397602279625,25.797462463378903,35.560794830322266,0.8684089043941515,0.8684089043941515,0.8202372757628099,0.9299577077229818,1.0
2133,193,v8_7_phase_2_1_thrust_guard_v2,159.56501138567893,186,success,106.35942840576172,14.887517929077148,35.20746994018555,22.64601325988769,14.068343831603071,0.9700064656037164,186,49.48570782957047,-0.4297464124517896,0.24731182795698925,159.56501138567893,38.525915728448446,101.80576413244958,55.69506178397119,4.063736163845714,4.181741346247622,7.408872833901832,-6.104318791077649,5.431976344301189,12.101285854248424,3.1737987273988724,0.0,14.887517929077148,14.068343831603071,0.9700064656037164,22.64601325988769,35.20746994018555,0.8600263450807464,0.8600263450807464,0.8436850685377437,0.8774335543314616,1.0
2133,194,v8_7_phase_2_1_thrust_guard_v2,156.62565825818214,190,success,108.3777313232422,14.81614875793457,35.254539489746094,23.866167068481445,12.939226476888043,0.9746081217688228,190,49.469399982066584,-0.5622057167911216,0.14210526315789473,156.62565825818217,39.80743777526591,102.89363509784525,58.08823130105522,4.203350780009478,3.283014286405644,6.215874984161504,-5.800256167289645,5.95814809988077,4.644791093963329,5.914069671340202,0.0,14.81614875793457,12.939226476888043,0.9746081217688228,23.866167068481445,35.254539489746094,0.8632915768116179,0.8632915768116179,0.8562308169234663,0.8977694511413574,1.0
2133,195,v8_7_phase_2_1_thrust_guard_v2,164.76427521605325,190,success,115.50758361816406,14.745850563049316,36.26579666137695,27.33644676208496,37.523775224486094,0.793100662819662,190,51.530495957023845,-0.4268032463365479,0.22631578947368422,164.76427521605325,40.0288051638013,107.32147841993488,57.04764977694502,2.30125124082278,2.386689298636225,2.391580299700536,-5.8188786687209,7.011054695698418,4.048953904398337,0.0,0.0,14.745850563049316,37.523775224486094,0.793100662819662,27.33644676208496,36.26579666137695,0.8723386802740589,0.8723386802740589,0.5830691641723768,0.9556074460347493,1.0
2133,196,v8_7_phase_2_1_thrust_guard_v2,146.9664234403544,193,success,113.6681137084961,14.493230819702148,37.14241409301758,27.69154357910156,28.262539021305503,0.8807871324244105,193,54.32998361022729,-0.5754171385926826,0.14507772020725387,146.96642344035436,34.72672364726265,99.53918243887698,48.14610042335598,3.0371544627245695,1.3376033492052937,6.9218469133571805,-7.935188598053841,0.004777401687024702,8.466045967077553,0.3895738489184908,0.0,14.493230819702148,28.262539021305503,0.8807871324244105,27.69154357910156,37.14241409301758,0.872495193710434,0.872495193710434,0.685971788652161,0.9615257263183594,1.0
2133,197,v8_7_phase_2_1_thrust_guard_v2,-168.54875988618363,212,near_miss,115.0436553955078,5.190421104431152,48.00255584716797,6.46938419342041,75.76639370817017,0.2458759625535327,212,57.31197576024108,-0.09083373430031264,0.4339622641509434,-168.5487598861837,33.523115897219554,102.46824952266856,44.861941084635134,-0.894559551697897,-0.5750647552049358,12.460386354497548,-15.778350624587514,-1.6141124302267635,-0.9500206062723577,0.0,0.0,5.190421104431152,75.76639370817017,0.2458759625535327,6.46938419342041,48.00255584716797,0.9548830303888811,0.9548830303888811,0.15815118102033143,0.6078230698903402,1.0
2134,198,v8_7_phase_2_1_thrust_guard_v2,149.9272918664677,192,success,115.06549835205078,14.61648941040039,36.44807434082031,27.81974220275879,32.757348202760205,0.8409696258921133,192,52.61249471214961,-0.5755091252552423,0.13541666666666666,149.92729186646767,37.862956091859935,104.54723143071159,53.39943029573591,2.6899499071166106,2.8340027511123385,5.71790283066865,-6.714279189132965,5.145819109432502,3.5556697316609385,0.0750358715568128,0.0,14.61648941040039,32.757348202760205,0.8409696258921133,27.81974220275879,36.44807434082031,0.872972440742574,0.872972440742574,0.6360294644137755,0.9636623700459798,1.0
2134,199,v8_7_phase_2_1_thrust_guard_v2,153.59102775777592,192,success,111.06947326660156,14.797445297241213,36.253604888916016,26.71503257751465,38.76110838886351,0.7797631156701685,192,52.91017283682081,-0.4922992634098288,0.19270833333333334,153.59102775777592,36.13453339367511,100.4685427661834,51.041550793169435,2.1093493921284625,1.0659124524743393,4.014395340818341,-6.813185682626132,-3.2712856094003055,-2.676465519916498,0.0,0.0,14.797445297241213,38.76110838886351,0.7797631156701685,26.71503257751465,36.253604888916016,0.8667730667838615,0.8667730667838615,0.5693210179015165,0.9452505429585775,1.0
2134,200,v8_7_phase_2_1_thrust_guard_v2,155.6480662204304,191,success,111.82598876953124,14.61982250213623,36.41601943969727,26.265514373779297,33.53063148473778,0.8335906262145995,191,52.31427655730144,-0.5657226480982457,0.13089005235602094,155.6480662204304,37.18322705074476,102.48408030023607,52.61565775328799,2.5609125503606482,-0.3152117749657449,4.065589733641695,-6.573552160003401,-1.7669019042506207,9.07272668809997,0.0392083473807932,0.0,14.61982250213623,33.53063148473778,0.8335906262145995,26.265514373779297,36.41601943969727,0.8692627477476003,0.8692627477476003,0.627437427947358,0.9377585728963216,1.0
2134,201,v8_7_phase_2_1_thrust_guard_v2,161.41197452285837,194,success,114.63164520263672,14.915996551513672,36.88206100463867,27.30008888244629,21.64592986663905,0.9294810884524184,194,51.947617648594374,-0.5684805993067542,0.16494845360824742,161.41197452285837,39.10710014494595,104.82415665852886,55.897775394181295,3.6074855037043836,3.5224939704697538,2.692381302239723,-5.640449937041147,-2.678006928258038,-4.040982194476428,2.7279450189055137,0.0,14.915996551513672,21.64592986663905,0.9294810884524184,27.30008888244629,36.88206100463867,0.8698788931699762,0.8698788931699762,0.759489668148455,0.9550014813741048,1.0
2134,202,v8_7_phase_2_1_thrust_guard_v2,151.54458174509182,192,success,112.04280090332033,14.744129180908203,36.04336929321289,26.544527053833008,19.770165260162205,0.9410570271163956,192,52.19264851561068,-0.5929746680388538,0.11979166666666667,151.54458174509182,37.4074579086791,102.43671645414162,53.06011386821445,3.7120719215965603,2.400832248813867,5.503779511245773,-6.571008899862863,-2.4740255971619907,6.468812527545919,1.62495346370177,0.0,14.744129180908203,19.770165260162205,0.9410570271163956,26.544527053833008,36.04336929321289,0.8684062781183894,0.8684062781183894,0.7803314971093088,0.9424087842305501,1.0
2134,203,v8_7_phase_2_1_thrust_guard_v2,164.00660405886595,192,success,115.24103546142578,14.873334884643556,35.961387634277344,28.430419921875,13.93024935941646,0.9705895176834688,192,49.38025001862269,-0.5770332756098165,0.11979166666666667,164.00660405886592,44.24589905583458,110.02033498426293,65.17788556413882,4.262259738644759,3.763476514076842,1.3289540351326508,-3.8483943768309694,4.58637246071646,2.003590995579334,5.962149793103501,0.0,14.873334884643556,13.93024935941646,0.9705895176834688,28.430419921875,35.961387634277344,0.8709371637881365,0.8709371637881365,0.8452194515620394,0.97384033203125,1.0
2134,204,v8_7_phase_2_1_thrust_guard_v2,160.365180868875,193,success,111.8938217163086,14.57082748413086,35.98841094970703,25.247224807739254,30.051476555505857,0.8655758366324656,193,52.2827413980673,-0.6694315874990114,0.09326424870466321,160.36518086887503,37.04835329196806,102.72675677179139,52.33976674402594,2.8522377631170475,2.2757604364498993,3.68124374031577,-6.917124152744012,-1.8878562124006921,1.7101777533971203,0.2703188861148936,0.0,14.57082748413086,30.051476555505857,0.8655758366324656,25.247224807739254,35.98841094970703,0.8697798747005604,0.8697798747005604,0.6660947049388238,0.9207870801289876,1.0
2135,205,v8_7_phase_2_1_thrust_guard_v2,142.40541016940506,191,success,113.41960906982422,14.92848300933838,36.85060119628906,29.265602111816406,31.22485182849527,0.8551394874416477,191,53.496959053719664,-0.47788445158990794,0.2198952879581152,142.40541016940506,36.10186451911129,100.8606202482882,50.673674131015176,2.785351712713626,2.8039127203208305,4.834771680823766,-6.631488906640904,0.8867871008570916,7.3634992207324625,0.2436413351215424,0.0,14.92848300933838,31.22485182849527,0.8551394874416477,29.265602111816406,36.85060119628906,0.8683782889769264,0.8683782889769264,0.6530572019056081,0.9877600351969401,1.0
2135,206,v8_7_phase_2_1_thrust_guard_v2,163.17909698065256,191,success,107.6030502319336,14.724032402038574,35.736900329589844,14.828993797302246,19.968213425335897,0.9398822222333538,191,46.09426720017255,-0.5083912217706754,0.1518324607329843,163.17909698065256,44.002974811930386,108.46464504729575,65.3474524268346,3.600356209166969,0.6733462777267039,1.9927137253697296,-4.2201978447858535,5.32719652458883,5.448759595530841,6.808008462785099,0.0,14.724032402038574,19.968213425335897,0.9398822222333538,14.828993797302246,35.736900329589844,0.8631634291936746,0.8631634291936746,0.7781309619407123,0.7471498966217041,1.0
2135,207,v8_7_phase_2_1_thrust_guard_v2,169.7551136509608,185,success,108.61743927001952,14.790030479431152,34.87537384033203,22.791501998901367,8.067280716448277,0.9901039592331295,185,47.75581684410703,-0.4545793695425665,0.2,169.7551136509608,42.023646050969234,106.88303880577496,61.538155219450005,4.614626565456973,2.988543484651022,4.753703558353675,-5.096312341076002,1.6218514886226683,-5.4228619834423775,4.64210369065077,0.0,14.790030479431152,8.067280716448277,0.9901039592331295,22.791501998901367,34.87537384033203,0.8638337399700282,0.8638337399700282,0.9103635475950191,0.8798583666483561,1.0
2135,208,v8_7_phase_2_1_thrust_guard_v2,162.7484004225389,188,success,109.12023162841795,14.607783317565918,35.491695404052734,19.340267181396484,38.44648255493604,0.7831892786679059,188,49.14699089766226,-0.3950683765603784,0.24468085106382978,162.7484004225389,40.48747103895805,106.3675139512269,58.548987350947,2.09401618662421,0.22158053505194153,3.6215152841312097,-6.027919699149603,5.410165990525588,6.88940607600059,0.061123213459082004,0.0,14.607783317565918,38.44648255493604,0.7831892786679059,19.340267181396484,35.491695404052734,0.8661313021465248,0.8661313021465248,0.5728168605007107,0.822337786356608,1.0
2135,209,v8_7_phase_2_1_thrust_guard_v2,148.42691944977696,192,success,112.62081909179688,14.698819160461426,36.51395797729492,27.89467430114746,36.01678277658199,0.808844788724855,192,52.74502467902287,-0.5008114960358702,0.19791666666666666,148.42691944977696,37.024706034661186,102.15208009782825,52.37929710406008,2.3699663589676976,2.4338545533354528,4.6263607361191905,-6.415700863799419,7.222203512176074,6.290605165843876,0.0,0.0,14.698819160461426,36.01678277658199,0.808844788724855,27.89467430114746,36.51395797729492,0.8694839970176343,0.8694839970176343,0.5998135247046446,0.9649112383524577,1.0
2135,210,v8_7_phase_2_1_thrust_guard_v2,-144.14363275360944,212,near_miss,113.38228607177734,9.462465286254885,44.9807014465332,14.512088775634766,76.7318136265948,0.229509341720784,212,59.34514576508739,-0.298767740464822,0.32547169811320753,-144.1436327536094,28.560521321624798,92.5819545132124,37.2654822398518,-1.0076407327790613,-2.078028663265737,17.49349022320287,-16.02661168722033,1.9200330883172667,2.1636643456319136,0.0,0.0,9.462465286254885,76.7318136265948,0.229509341720784,14.512088775634766,44.9807014465332,0.9165437070102413,0.9165437070102413,0.14742429303783555,0.7418681462605794,1.0
2136,211,v8_7_phase_2_1_thrust_guard_v2,162.70123999840135,188,success,112.34943389892578,14.95753002166748,35.14922332763672,25.139965057373047,23.05856495870672,0.9201049863006232,188,48.44120804099845,-0.4994207438765133,0.16489361702127658,162.7012399984014,43.947562845970694,110.09108707412553,64.64961239927446,3.4443036044007123,3.1196302342926696,2.7058368283542262,-4.095644498633697,-2.1077030781095734,4.8088385892426855,1.8964142092282907,0.0,14.95753002166748,23.05856495870672,0.9201049863006232,25.139965057373047,35.14922332763672,0.8668659956477939,0.8668659956477939,0.7437937226810365,0.9189994176228841,1.0
2136,212,v8_7_phase_2_1_thrust_guard_v2,167.0715598913462,189,success,107.10896301269533,14.856867790222168,35.359249114990234,11.633537292480469,14.776984495728357,0.9669259222215244,189,43.61541339691264,-0.4357681054111925,0.2275132275132275,167.07155989134623,47.18051040115932,113.25650388758126,70.8812589604219,4.02181402797186,3.1392229995238434,4.05965578535364,-3.7378645603360763,8.319711035376468,-1.6620165108089389,4.3379909355559345,0.0,14.856867790222168,14.776984495728357,0.9669259222215244,11.633537292480469,35.359249114990234,0.8612920210191819,0.8612920210191819,0.835811283380796,0.6938922882080079,1.0
2136,213,v8_7_phase_2_1_thrust_guard_v2,-138.33609861189487,216,near_miss,115.12745666503906,8.689166069030762,47.9784049987793,-3.442154884338379,76.15199886795241,0.2393469685129516,216,55.47793472103971,-0.2426468151345573,0.3425925925925926,-138.33609861189487,35.44050718960708,105.30641558713299,48.26621429210993,-0.9250762677270858,0.30490803587861537,7.89079804995433,-14.28802319970109,-3.8887365944333343,2.055070610867965,0.0,0.005382735491034889,8.644152641296387,73.06254721200473,0.29132757605385,-1.056519627571106,47.52335739135742,0.9249166715595363,0.9245256837879108,0.18819391986661416,0.4823913395404816,1.0
2136,214,v8_7_phase_2_1_thrust_guard_v2,-146.9110506192107,214,near_miss,114.71244049072266,11.992767333984377,46.0337028503418,-2.482271671295166,76.32028789891235,0.2364941147812182,214,56.11727848633014,-0.17515681039489736,0.397196261682243,-146.91105061921064,33.21388535849598,100.99525829670723,44.89211783487018,-0.947138347928655,-1.659684848616028,11.765592600035385,-16.49162920889975,-1.7456254024273627,-18.17318191871813,0.0,0.004422019654561555,11.95052719116211,72.60559389615254,0.2989476265290706,0.5874459147453308,45.147647857666016,0.8958218730240631,0.8954536466778921,0.19327117893163848,0.5097907652457555,1.0
2136,215,v8_7_phase_2_1_thrust_guard_v2,154.51386471046197,189,success,108.0036163330078,14.623586654663086,35.3776969909668,23.11969757080078,16.814455538352547,0.9572465452844514,189,48.84553171158963,-0.5142845570568054,0.18518518518518517,154.51386471046192,40.73368027689899,105.03960999893532,59.49914196640824,3.8721214676877453,2.0530866853054017,4.305409910520156,-5.1394098654249865,1.1135278909340944,2.8202467598131045,3.700787544039785,0.0,14.623586654663086,16.814455538352547,0.9572465452844514,23.11969757080078,35.3776969909668,0.8646009536423841,0.8646009536423841,0.8131727162405272,0.8853282928466797,1.0
2136,216,v8_7_phase_2_1_thrust_guard_v2,172.0924094412459,189,success,111.89414978027344,14.69894027709961,36.32901763916016,17.337100982666016,40.28225298872788,0.762868632217405,189,48.2074717649247,-0.3375632997267145,0.2804232804232804,172.09240944124588,43.569594634619676,110.59848797166754,63.676869801368234,1.9996798905377178,-0.21411199158734104,2.0678236227954074,-5.112095531843174,1.6024992678397296,-2.0323125882912243,1.023702879464046,0.0,14.69894027709961,40.28225298872788,0.762868632217405,17.337100982666016,36.32901763916016,0.8686353101930359,0.8686353101930359,0.5524194112363568,0.7889516830444336,1.0
2137,217,v8_7_phase_2_1_thrust_guard_v2,160.32042934050517,195,success,115.35384368896484,14.517449378967283,37.84713363647461,26.584041595458984,40.05997131237898,0.7653712198412976,195,53.96883408854613,-0.5822777129900761,0.11282051282051282,160.32042934050517,36.010824805453424,102.24425180696376,50.14034330690661,2.0869520634751217,2.057193715998814,1.710388600814673,-7.316370794888709,7.4653414121724,-8.558843921244272,0.0,0.0,14.517449378967283,40.05997131237898,0.7653712198412976,26.584041595458984,37.84713363647461,0.8741485423050877,0.8741485423050877,0.5548892076402336,0.9430673599243165,1.0
2137,218,v8_7_phase_2_1_thrust_guard_v2,151.85469635047852,191,success,113.28443145751952,14.76205825805664,36.80948638916016,25.232213973999023,32.547589678254525,0.8429448757255573,191,52.05561577362658,-0.5171073166292688,0.14659685863874344,151.85469635047855,37.93153780781057,103.94821858723348,53.717291650446796,2.67242335711514,2.8845439020682377,2.143122036569967,-6.437085640526636,12.01623036336769,0.06425211908443626,0.1435989402544952,0.0,14.76205825805664,32.547589678254525,0.8429448757255573,25.232213973999023,36.80948638916016,0.8696903178298401,0.8696903178298401,0.6383601146860609,0.9205368995666504,1.0
2137,219,v8_7_phase_2_1_thrust_guard_v2,160.95095194399065,190,success,109.52230834960938,14.652546882629396,35.19718551635742,23.375627517700195,9.349688860479544,0.986715196956433,190,49.068222745892356,-0.5638953394893753,0.14736842105263157,160.95095194399065,40.9612450991327,106.13824349908185,59.60877534544167,4.527455208957629,2.78546537133028,2.1874090812559257,-5.265179097166454,2.012487451885078,8.335856560822837,3.499707429648146,0.0,14.652546882629396,9.349688860479544,0.986715196956433,23.375627517700195,35.19718551635742,0.8662140425687836,0.8662140425687836,0.896114568216894,0.8895937919616699,1.0
2137,220,v8_7_phase_2_1_thrust_guard_v2,158.75016304257247,189,success,111.52976989746094,14.987428665161133,35.40134048461914,25.487329483032227,21.18431665422562,0.9324227523415024,189,49.94996871078268,-0.5408587458903197,0.1693121693121693,158.75016304257247,40.5512740054617,106.04469023205317,58.69495937941236,3.5836573927155406,2.808665263180666,3.3884912302935746,-5.268423934513599,5.922088574346565,0.6691758750007907,2.5289703732979754,0.0,14.987428665161133,21.18431665422562,0.9324227523415024,25.487329483032227,35.40134048461914,0.8656194782887081,0.8656194782887081,0.7646187038419376,0.9247888247172038,1.0
2137,221,v8_7_phase_2_1_thrust_guard_v2,157.6776344399133,188,success,109.68128967285156,14.851933479309082,35.53263092041016,26.004308700561523,15.071799365968202,0.965600732662822,188,50.57276164242006,-0.4788117061983398,0.19148936170212766,157.6776344399133,38.843631034631585,102.882784988832,55.961373572192834,4.054036299155043,3.913044222299993,6.784872085065295,-5.9625382440052,7.23512162579531,5.429224734964628,3.2411295032198213,0.0,14.851933479309082,15.071799365968202,0.965600732662822,26.004308700561523,35.53263092041016,0.8645900907656335,0.8645900907656335,0.8325355626003533,0.9334051450093587,1.0
2138,222,v8_7_phase_2_1_thrust_guard_v2,-487.0300898930285,439,low_agl,112.20124816894533,260.6247253417969,0.3545912206172943,-53.423465728759766,89.28352932092217,0.0125044464526407,439,87.71781616531321,0.15670498649169137,0.5899772209567198,-487.03008989302896,9.524277207776386,64.20408284080494,-90.03278437129288,-2.0774663536740654,-5.108129460898132,108.93560970079423,-107.58400056385658,18.838247065234725,39.350185332345845,0.0,64.8436402327055,21.866622924804688,98.50559609676004,-0.1479060079140949,0.4115632772445678,44.18961334228516,0.8051124806394369,-1.0,0.0,0.5068593879540761,0.0
2138,223,v8_7_phase_2_1_thrust_guard_v2,155.0071312899846,189,success,108.5899658203125,14.862530708312988,35.13268280029297,22.047452926635746,21.377971300215695,0.9311960324412434,189,48.801850591949076,-0.5899082558431599,0.13756613756613756,155.0071312899846,41.1698001076157,105.59667063549863,60.23366900122653,3.5047973092190468,2.0657185984247803,2.985948752408607,-4.87180858080708,-0.2954313832960288,3.3263138918936135,2.1943473297876324,0.0,14.862530708312988,21.377971300215695,0.9311960324412434,22.047452926635746,35.13268280029297,0.8631316383973587,0.8631316383973587,0.762466985553159,0.8674575487772623,1.0
2138,224,v8_7_phase_2_1_thrust_guard_v2,166.9086008301282,191,success,113.19950103759766,14.7683744430542,35.903316497802734,26.27438735961914,28.00835353134348,0.8828791361050029,191,52.27180417921265,-0.5940312504651347,0.11518324607329843,166.90860083012817,37.40129830542754,103.4897469302157,52.74997119445961,3.0489934572859205,1.4107144096707387,2.8265637081925328,-6.853001659233796,-3.653786448865627,-6.667331528254787,0.44297953883302,0.0,14.7683744430542,28.00835353134348,0.8828791361050029,26.27438735961914,35.903316497802734,0.8695367531863141,0.8695367531863141,0.6887960718739613,0.9379064559936523,1.0
2138,225,v8_7_phase_2_1_thrust_guard_v2,143.15699363770472,194,success,115.18169403076172,14.44354248046875,37.28214645385742,28.68550491333008,30.70545350815624,0.8598036733728874,194,53.995397339061,-0.6128675494698289,0.10824742268041238,143.15699363770474,35.9969906824233,101.84753023316281,50.15890302520258,2.8631831412619966,1.260167239753681,3.8812287851998275,-7.124198601761899,10.307485811179482,-1.0233402955273563,0.1987212706256804,0.0,14.44354248046875,30.70545350815624,0.8598036733728874,28.68550491333008,37.28214645385742,0.8746021006027981,0.8746021006027981,0.6588282943538195,0.9780917485555013,1.0
2138,226,v8_7_phase_2_1_thrust_guard_v2,155.7944982780233,190,success,110.437255859375,14.568315505981444,35.830806732177734,26.264244079589844,20.96942182746409,0.933771550850434,190,50.386637984616094,-0.5063876586480642,0.18947368421052632,155.79449827802333,40.01190407173925,104.89626559543734,57.91667565171302,3.5786921297801584,3.12350517673833,1.838217163681615,-5.196354142587849,-9.41371760639933,3.5335377425940493,1.8144689773411171,0.0,14.568315505981444,20.96942182746409,0.933771550850434,26.264244079589844,35.830806732177734,0.8680851367356323,0.8680851367356323,0.7670064241392879,0.9377374013264974,1.0
2138,227,v8_7_phase_2_1_thrust_guard_v2,161.3859352747912,187,success,107.29598236083984,14.750625610351562,34.79888916015625,19.96417236328125,13.214522374027288,0.9735209930488185,187,46.65225110494013,-0.480613014926601,0.18181818181818182,161.3859352747912,43.433215382773895,108.49095427092972,64.24610820445562,4.156251076153535,1.631545168855646,4.805661237789426,-4.389992840972695,0.27349448717249203,-3.1949919636272126,3.220066565159766,0.0,14.750625610351562,13.214522374027288,0.9735209930488185,19.96417236328125,34.79888916015625,0.862523970741563,0.862523970741563,0.853171973621919,0.8327362060546875,1.0
2139,228,v8_7_phase_2_1_thrust_guard_v2,150.14136822200516,191,success,111.32395935058594,14.48890495300293,35.3975944519043,26.01545524597168,21.799045632357814,0.928492012573274,191,50.831477774822375,-0.54798900682957,0.15706806282722513,150.14136822200516,39.34071913976952,104.81829281856263,56.5410503693818,3.528158832910212,2.13002632389947,6.5395343432543385,-5.860805626678111,-0.17084470194570756,-1.093933130714675,1.9761719923294547,0.0,14.48890495300293,21.799045632357814,0.928492012573274,26.01545524597168,35.3975944519043,0.8698491767852607,0.8698491767852607,0.7577883818626909,0.9335909207661947,1.0
2139,229,v8_7_phase_2_1_thrust_guard_v2,159.1384873372221,188,success,108.61520385742188,14.657632827758787,35.446014404296875,24.914400100708008,10.773383736360758,0.9823741911221674,188,49.376652834100874,-0.48224291741412056,0.20212765957446807,159.1384873372221,40.21610380885756,104.10280573117716,58.55407030461416,4.389067892410353,4.31965145075851,5.3136102406738575,-5.386920949928552,3.337640918565768,2.833892528709648,4.669214462071679,0.0,14.657632827758787,10.773383736360758,0.9823741911221674,24.914400100708008,35.446014404296875,0.8650498981063487,0.8650498981063487,0.8802957362626582,0.9152400016784668,1.0
2139,230,v8_7_phase_2_1_thrust_guard_v2,-567.9495466317621,376,low_agl,114.96588134765624,75.16764068603516,0.3814433217048645,-14.665098190307615,114.75298371700872,-0.4187070291482659,376,97.03793850846667,-0.01379486636947246,0.4867021276595745,-567.9495466317621,11.486333416779711,23.863345773937006,-36.14452640057265,-4.144946970781561,-4.544966968439087,240.69033557023207,-179.50226516150153,10.047635191306165,-4.438825390750274,0.0,30.520867608374864,20.644248962402344,168.97495953753187,-0.981543698823382,0.3495104014873504,49.24359130859375,0.8204315165472942,0.3461743622985971,0.0,0.5058251733581225,0.0
2139,231,v8_7_phase_2_1_thrust_guard_v2,-269.1527481885545,315,wrong_way,110.91089630126952,117.1837387084961,93.91427612304688,-57.44049453735352,135.50707358560442,-0.713336976124852,315,74.87344810306922,-0.23053883298462818,0.346031746031746,-269.1527481885544,51.16070741640438,106.44326951283333,2.1050798086930667,-5.95613327702081,-12.876299944064732,38.65248875781869,-58.84517185200977,-1.256971617892658,-2.245049817535991,6.325014781917691,50.5554182340797,15.691165924072266,44.7773985569992,0.7098486380946665,0.2566458284854889,36.209716796875,0.8585245774098693,-0.05655749449709186,0.5024733493666755,0.5042774304747581,0.0
2139,232,v8_7_phase_2_1_thrust_guard_v2,162.35324710499327,190,success,112.13782501220705,14.995707511901855,36.03786087036133,26.66857147216797,19.77913842118431,0.9410040421580946,190,50.6471291861037,-0.47998118404985257,0.22105263157894736,162.35324710499327,39.9954399920204,105.2140870501615,57.69191307919769,3.713270192909073,3.8368479759812226,1.8738978082004933,-5.318507380221863,1.41642226283176,-4.995554341385626,2.7431116050564457,0.0,14.995707511901855,19.77913842118431,0.9410040421580946,26.66857147216797,36.03786087036133,0.8662743145743244,0.8662743145743244,0.7802317953201743,0.9444761912027995,1.0
2140,233,v8_7_phase_2_1_thrust_guard_v2,146.06290114028386,190,success,110.86538696289062,14.936548233032228,35.52416229248047,25.06433486938477,19.511167901929905,0.9425764086681097,190,50.60330187530811,-0.54592619139309,0.12105263157894737,146.06290114028386,39.20948028108379,104.38092154297114,56.35698406069038,3.7092365393173585,1.355249964831385,4.70395798235339,-5.754978626313232,2.6257167853656527,-4.329462204412165,1.9655636590305985,0.0,14.936548233032228,19.511167901929905,0.9425764086681097,25.06433486938477,35.52416229248047,0.8652731150613143,0.8652731150613143,0.7832092455341122,0.9177389144897461,1.0
2140,234,v8_7_phase_2_1_thrust_guard_v2,144.6046196016289,193,success,115.69287872314452,14.638875961303713,37.00312042236328,28.98891258239746,34.60645799600108,0.8230723597673129,193,52.85682991013537,-0.5426841292800526,0.16062176165803108,144.6046196016289,38.09666922561117,104.68625691235434,53.818965719791215,2.547903601312716,-0.33314385640316946,4.966075772337532,-6.343076374562035,2.6427726289720646,1.6913897607784119,0.0074072958721796,0.0,14.638875961303713,34.60645799600108,0.8230723597673129,28.98891258239746,37.00312042236328,0.8734677871026544,0.8734677871026544,0.6154838000444325,0.9831485430399577,1.0
2140,235,v8_7_phase_2_1_thrust_guard_v2,166.6688784164903,189,success,112.02960968017578,14.595980644226074,35.52846908569336,25.716388702392575,17.17697295119285,0.9553971293902634,189,48.7805994160186,-0.5334795677452964,0.14814814814814814,166.66887841649026,43.15471125988049,109.08812484424686,63.26916373651555,3.9279009190226915,4.005255480192267,2.7863132228741385,-4.451877295021218,9.803835984910865,-3.035913996504585,3.9237987394837686,0.0,14.595980644226074,17.17697295119285,0.9553971293902634,25.716388702392575,35.52846908569336,0.869713188451741,0.869713188451741,0.8091447449867462,0.9286064783732096,1.0
2140,236,v8_7_phase_2_1_thrust_guard_v2,-467.7550026141915,355,wrong_way,114.85730743408205,136.83070373535156,38.95641326904297,-49.15835952758789,128.2987378223831,-0.6197617436843246,355,85.45536783857705,0.0346928711364072,0.5295774647887324,-467.7550026141916,20.197121714076896,68.15328010221528,-46.757137995695786,-5.275863511160463,-10.931260618249706,143.3518786236121,-127.65821314542251,4.68043404337563,-14.47211790871098,0.0,43.472020666652874,18.00096321105957,117.16446396575176,-0.4565462046420278,-0.2945989668369293,43.36145782470703,0.8432754204917216,-0.19131039018897694,0.0,0.4950900172193845,0.0
2140,237,v8_7_phase_2_1_thrust_guard_v2,170.0534875847696,187,success,112.87733459472656,14.869256973266602,35.00416946411133,19.527921676635746,36.02458626770873,0.8087646945910633,187,47.57701529937602,-0.3523487742507163,0.27807486631016043,170.0534875847696,44.89327653238882,112.78505223616249,65.83899578491506,2.374500181620507,1.1550570654860437,2.7334879437205837,-4.917128032304434,7.019834150706251,6.578946753282493,0.66446162078477,0.0,14.869256973266602,36.02458626770873,0.8087646945910633,19.527921676635746,35.00416946411133,0.8682706583509169,0.8682706583509169,0.5997268192476808,0.8254653612772623,1.0
2141,238,v8_7_phase_2_1_thrust_guard_v2,155.45486706056715,190,success,108.23614501953124,14.604850769042969,34.922935485839844,21.7286376953125,22.49007806880281,0.9239457880889538,190,49.23723945262455,-0.5259507118871337,0.14736842105263157,155.45486706056712,40.030626126656436,105.18354638189126,58.03179770401966,3.404314838948794,2.3065832747986375,4.653737716716601,-5.6149439386537,-2.888875752829747,6.332215966446793,1.5455255360034703,0.0,14.604850769042969,22.49007806880281,0.9239457880889538,21.7286376953125,34.922935485839844,0.8650649395688703,0.8650649395688703,0.7501102436799688,0.8621439615885417,1.0
2141,239,v8_7_phase_2_1_thrust_guard_v2,159.7909207220793,187,success,106.81873321533205,14.63291358947754,35.21818542480469,22.146732330322266,26.038907757758032,0.8984961550626018,187,50.19312895617335,-0.5139157571057904,0.18716577540106952,159.7909207220793,37.828551242118266,102.01508438478851,54.26238652302146,3.076718475787474,-0.11012549857651437,6.746062513171714,-6.639182247970887,1.179876195405767,-4.187082238045121,0.6545632423813008,0.0,14.63291358947754,26.038907757758032,0.8984961550626018,22.146732330322266,35.21818542480469,0.8630117288511597,0.8630117288511597,0.7106788026915773,0.869112205505371,1.0
2141,240,v8_7_phase_2_1_thrust_guard_v2,164.39264894165996,189,success,110.9674072265625,14.610045433044434,35.714088439941406,26.29047203063965,14.414190460226669,0.9685215383351924,189,49.776125796424765,-0.5150378882471058,0.19576719576719576,164.39264894165996,41.013151820190664,106.01608439129572,59.63340268678081,4.1361242162168015,2.7009922281850582,1.2307829742309215,-5.049187225145526,-3.901356646968613,-9.45782471354311,3.7391291071390693,0.0,14.610045433044434,14.414190460226669,0.9685215383351924,26.29047203063965,35.714088439941406,0.8683393097288913,0.8683393097288913,0.8398423282197036,0.9381745338439942,1.0
2141,241,v8_7_phase_2_1_thrust_guard_v2,-167.0678208135392,218,near_miss,114.79458618164062,5.642185688018799,49.0903549194336,-7.678346633911133,76.66502803689042,0.2306436992301248,218,57.05933899557414,-0.20124278421708117,0.3944954128440367,-167.06782081353916,33.97181186093139,103.83032799108253,45.49660759896729,-0.9742707052240982,1.0827672445161607,13.056925458790571,-17.141579448568137,-3.6645283507510267,1.844007678653879,0.0,0.015812283373320666,5.464295387268066,71.19107537942125,0.3224131452086589,-1.3011120557785034,48.18389892578125,0.9523993633408647,0.9508497231821446,0.20898805133976395,0.4783147990703583,1.0
2141,242,v8_7_phase_2_1_thrust_guard_v2,150.97804085160243,187,success,108.18443298339844,14.772224426269531,35.08982467651367,23.55778694152832,11.846562695547023,0.9787008772540196,187,48.86982298168858,-0.4763695050658469,0.18716577540106952,150.9780408516024,40.6582058461781,104.994496195299,59.25211700930773,4.2901292583359405,3.7378712340346563,4.943009253583178,-5.245766284726013,7.6546242621833125,1.629015503385766,3.060696626954426,0.0,14.772224426269531,11.846562695547023,0.9787008772540196,23.55778694152832,35.08982467651367,0.8634533267042549,0.8634533267042549,0.8683715256050331,0.8926297823588053,1.0
