timestamp,update_id,episode_id,phase_id,phase_name,max_step,episode_return,episode_len,done_reason,start_distance,final_distance,start_agl,final_agl,start_alt_error,final_alt_error,final_closing_speed,final_theta_deg,final_alpha_deg,final_beta_deg,final_alignment,final_forward_up_dot,final_grounded_flag,final_ang_vel_mag,episode_index,episode_segment,is_success
2026-04-18 12:59:34,1,1,1,v9_0_0_phase_1_clock_guidance_140_160,700,-588.5797187870983,417,high_altitude,155.15992736816406,117.72582244873048,0.4062908589839935,145.35206604003906,48.5619010925293,-95.95264434814452,-43.49369812011719,142.86958037877127,-154.13126458418,1.5074117574861186,-0.7972635597076786,0.9995431303977966,0.0,1.7240860178573214,1,0,0.0
2026-04-18 12:59:40,1,2,1,v9_0_0_phase_1_clock_guidance_140_160,700,-630.6840751780137,415,high_altitude,152.9429473876953,113.17936706542967,0.4062908589839935,145.0380401611328,48.5619010925293,-95.63866424560548,-42.06403350830078,146.47555143032284,148.32886862009244,-7.191310662941434,-0.8336502302092043,0.9997180104255676,0.0,0.1001369493037789,2,0,0.0
2026-04-18 12:59:46,2,3,1,v9_0_0_phase_1_clock_guidance_140_160,700,-637.4500690918654,417,high_altitude,163.01055908203125,109.16596221923828,0.4062908589839935,145.32095336914062,48.5619010925293,-95.92142486572266,-42.09471130371094,151.36216929087342,160.8866222016461,19.695115141562106,-0.8776667179893858,0.9999464750289916,0.0,5.690626026606793,3,0,0.0
2026-04-18 12:59:52,2,4,1,v9_0_0_phase_1_clock_guidance_140_160,700,-610.0628083660916,417,high_altitude,163.48451232910156,110.53572845458984,0.4062908589839935,145.4252166748047,48.5619010925293,-96.02579498291016,-42.507083892822266,150.44089971524377,-162.67141893366212,-26.96204026748381,-0.8698473007866306,0.9999717473983764,0.0,0.8094545920517897,4,0,0.0
2026-04-18 12:59:58,2,5,1,v9_0_0_phase_1_clock_guidance_140_160,700,-629.7045240185354,417,high_altitude,156.58416748046875,111.55623626708984,0.4062908589839935,145.32579040527344,48.5619010925293,-95.92609405517578,-42.35820388793945,152.9598871415228,-174.80049618252744,44.14817079480636,-0.8906884664460304,0.9979572296142578,0.0,0.6664591894390537,5,0,0.0
2026-04-18 13:00:04,3,6,1,v9_0_0_phase_1_clock_guidance_140_160,700,-592.6515572002345,416,high_altitude,159.58499145507812,112.03414154052734,0.4062908589839935,145.60671997070312,48.5619010925293,-96.20738983154295,-42.11484146118164,149.27047849907038,161.8793082352374,-26.12495277337456,-0.8595891015651514,0.9999766945838928,0.0,0.6072237636843407,6,0,0.0
2026-04-18 13:00:10,3,7,1,v9_0_0_phase_1_clock_guidance_140_160,700,-593.8524109384027,417,high_altitude,150.92970275878906,116.75958251953124,0.4062908589839935,145.4909210205078,48.5619010925293,-96.09149932861328,-42.34101486206055,144.4661234368834,147.1124255892915,-15.52817723838282,-0.8137720310588782,0.9994556307792664,0.0,3.526008895790587,7,0,0.0
2026-04-18 13:00:16,3,8,1,v9_0_0_phase_1_clock_guidance_140_160,700,-624.2011191147706,416,high_altitude,161.78363037109375,109.6018524169922,0.4062908589839935,145.43319702148438,48.5619010925293,-96.03389739990234,-42.00627136230469,151.17409320188796,151.19473403355974,22.78668415615249,-0.8760887612481114,0.9995265603065492,0.0,3.8263717419781953,8,0,0.0
2026-04-18 13:00:23,4,9,1,v9_0_0_phase_1_clock_guidance_140_160,700,-608.9035254060212,419,high_altitude,159.8671112060547,112.66584014892578,0.4062908589839935,145.6478271484375,48.5619010925293,-96.24846649169922,-42.064544677734375,149.26763714037563,163.5594528087905,37.06648381426998,-0.8595637601741343,0.9999269247055054,0.0,2.611959072729,9,0,0.0
2026-04-18 13:00:29,4,10,1,v9_0_0_phase_1_clock_guidance_140_160,700,-613.3131322918707,417,high_altitude,151.12051391601562,116.04814910888672,0.4062908589839935,145.0404510498047,48.5619010925293,-95.64069366455078,-42.60466003417969,148.13774626673714,-160.91540461880854,-39.63805686696895,-0.8493196367682553,0.998764991760254,0.0,3.221928795267853,10,0,0.0
2026-04-18 13:00:35,4,11,1,v9_0_0_phase_1_clock_guidance_140_160,700,-637.3287069430637,418,high_altitude,160.8134002685547,111.46016693115234,0.4062908589839935,145.3654327392578,48.5619010925293,-95.96617889404295,-42.33001327514648,146.96500278624595,147.307372848582,4.111227038327252,-0.8383377369448938,0.9990015029907228,0.0,0.0924237778885379,11,0,0.0
2026-04-18 13:00:42,5,12,1,v9_0_0_phase_1_clock_guidance_140_160,700,-650.1474651300158,417,high_altitude,156.30213928222656,113.085205078125,0.4062908589839935,145.62974548339844,48.5619010925293,-96.2302474975586,-42.39530563354492,146.58401483434264,152.7482742206575,8.522376220846226,-0.8346942500759549,0.9993480443954468,0.0,2.7236767711857186,12,0,0.0
2026-04-18 13:00:50,5,13,1,v9_0_0_phase_1_clock_guidance_140_160,700,-596.333057509218,418,high_altitude,154.4388427734375,115.76618194580078,0.4062908589839935,145.3983612060547,48.5619010925293,-95.9990463256836,-42.06028366088867,145.255215191695,171.00485077772464,-8.75850866705826,-0.8216988169354561,0.9998677372932434,0.0,0.8786115579642443,13,0,0.0
2026-04-18 13:00:56,5,14,1,v9_0_0_phase_1_clock_guidance_140_160,700,-623.0104016317882,419,high_altitude,166.99960327148438,108.34944915771484,0.4062908589839935,145.17971801757812,48.5619010925293,-96.2112808227539,-41.99059295654297,153.71292915789505,161.89822785923835,42.63837113915338,-0.8965863893963796,0.9998127222061156,0.0,2.725105678880968,14,0,0.0
2026-04-18 13:01:04,6,15,1,v9_0_0_phase_1_clock_guidance_140_160,700,-582.6951104797121,419,high_altitude,162.0478515625,109.47537231445312,0.4062908589839935,145.4629364013672,48.5619010925293,-96.06346893310548,-41.31017303466797,152.7143555012392,153.99997468795402,-44.25694155733881,-0.8887321197575186,0.9997118711471558,0.0,3.252459372343327,15,0,0.0
2026-04-18 13:01:11,6,16,1,v9_0_0_phase_1_clock_guidance_140_160,700,-609.765257164346,420,high_altitude,158.57447814941406,111.91272735595705,0.4062908589839935,145.68576049804688,48.5619010925293,-96.2855453491211,-41.783203125,148.5130241804943,154.34500852406637,21.540943028906785,-0.8527589139977027,0.9950863122940063,0.0,0.6407118410365198,16,0,0.0
2026-04-18 13:01:19,6,17,1,v9_0_0_phase_1_clock_guidance_140_160,700,-619.6335460658019,419,high_altitude,165.36581420898438,109.23397064208984,0.4062908589839935,145.68775939941406,48.5619010925293,-96.28800201416016,-42.07967376708984,153.80818297606007,-177.479036827818,-31.801480303889843,-0.8973214163338384,0.9981216192245485,0.0,1.0992065466643788,17,0,0.0
2026-04-18 13:01:27,7,18,1,v9_0_0_phase_1_clock_guidance_140_160,700,-569.176472045077,419,high_altitude,165.17796325683594,110.2122802734375,0.4062908589839935,145.55145263671875,48.5619010925293,-96.15038299560548,-41.93690490722656,144.73679017331267,173.72517852035733,3.540573270909149,-0.8165084697667471,0.994223952293396,0.0,0.2535220635621832,18,0,0.0
2026-04-18 13:01:33,7,19,1,v9_0_0_phase_1_clock_guidance_140_160,700,-615.4445304870461,418,high_altitude,160.1651153564453,113.47126007080078,0.4062908589839935,145.3501434326172,48.5619010925293,-95.9504165649414,-43.06399154663086,146.04963449405918,-147.6190753615447,-12.307428002246342,-0.8295216820354122,0.9990414381027222,0.0,0.3936148522631921,19,0,0.0
2026-04-18 13:01:37,7,20,1,v9_0_0_phase_1_clock_guidance_140_160,700,-163.10342609065896,259,near_miss,148.19114685058594,15.944042205810549,0.4062908589839935,56.36213684082031,48.5619010925293,-7.393840789794922,5.3550801277160645,119.21832916993128,-140.02446508000247,-39.21044604379114,-0.4881388857528339,0.9995433688163756,0.0,0.4444579019611965,20,0,0.0
2026-04-18 13:01:44,8,21,1,v9_0_0_phase_1_clock_guidance_140_160,700,-637.0485415061171,419,high_altitude,157.7510223388672,113.01121520996094,0.4062908589839935,145.48480224609375,48.5619010925293,-96.08472442626952,-42.2760009765625,145.9617572801978,173.20153523744912,12.147218231300878,-0.8286641482481979,0.9983265995979308,0.0,1.360913593975573,21,0,0.0
2026-04-18 13:01:50,8,22,1,v9_0_0_phase_1_clock_guidance_140_160,700,-613.4856161493278,418,high_altitude,161.5817413330078,111.33135986328124,0.4062908589839935,145.2010498046875,48.5619010925293,-95.80167388916016,-42.50643157958984,147.91598368476517,-151.08419425203226,-1.0968392680797203,-0.8472701315768622,0.9996744394302368,0.0,2.7495841508863013,22,0,0.0
2026-04-18 13:01:57,8,23,1,v9_0_0_phase_1_clock_guidance_140_160,700,-609.4358503992898,419,high_altitude,165.70620727539062,109.72056579589844,0.4062908589839935,145.3007049560547,48.5619010925293,-95.90094757080078,-41.9932746887207,152.30565064168397,-174.6554366249347,35.11489386272224,-0.885439465241239,0.9995015263557434,0.0,4.125146681637291,23,0,0.0
2026-04-18 13:02:03,9,24,1,v9_0_0_phase_1_clock_guidance_140_160,700,-586.947736020195,421,high_altitude,161.4784393310547,112.1784439086914,0.4062908589839935,145.60870361328125,48.5619010925293,-96.20891571044922,-41.73748016357422,146.2715200194362,156.38111523640387,12.125489692003772,-0.8316782231587964,0.997545599937439,0.0,0.5529098293806004,24,0,0.0
2026-04-18 13:02:09,9,25,1,v9_0_0_phase_1_clock_guidance_140_160,700,-615.8608328431319,420,high_altitude,153.48106384277344,115.218505859375,0.4062908589839935,145.51092529296875,48.5619010925293,-96.1111831665039,-42.35142517089844,148.21897087634693,-174.67559934336458,-33.12334388943534,-0.8500671237024835,0.9989893436431884,0.0,3.295336575744422,25,0,0.0
2026-04-18 13:02:16,9,26,1,v9_0_0_phase_1_clock_guidance_140_160,700,-649.0467961529364,420,high_altitude,160.42153930664062,111.65727996826172,0.4062908589839935,145.6034393310547,48.5619010925293,-96.20372772216795,-42.12639617919922,149.34040597579298,149.3379197869351,20.91161452142369,-0.8602121014570422,0.999774694442749,0.0,2.329349973043331,26,0,0.0
2026-04-18 13:02:22,10,27,1,v9_0_0_phase_1_clock_guidance_140_160,700,-564.6065446058972,421,high_altitude,153.70260620117188,122.57891845703124,0.4062908589839935,145.4437713623047,48.5619010925293,-96.04022979736328,-45.24201202392578,147.151535252479,-147.49592705080937,-32.072133379940766,-0.8401080884325708,0.9835887551307678,0.0,1.2508240356814813,27,0,0.0
2026-04-18 13:02:29,10,28,1,v9_0_0_phase_1_clock_guidance_140_160,700,-614.298230641949,421,high_altitude,164.61769104003906,109.79790496826172,0.4062908589839935,145.68321228027344,48.5619010925293,-96.28328704833984,-41.84926986694336,150.03515915778834,164.48520298851568,-15.447128506144155,-0.8663320622436894,0.9990750551223756,0.0,4.069753360375729,28,0,0.0
2026-04-18 13:02:33,10,29,1,v9_0_0_phase_1_clock_guidance_140_160,700,-193.06772930143575,266,near_miss,153.7410430908203,15.955389022827148,0.4062908589839935,58.94830703735352,48.5619010925293,-9.548606872558594,6.539547443389893,126.04992535891306,174.43696619414268,15.250956935444927,-0.5884899756388784,0.9996830224990844,0.0,2.0432998338343022,29,0,0.0
2026-04-18 13:02:39,11,30,1,v9_0_0_phase_1_clock_guidance_140_160,700,-602.413510267382,420,high_altitude,165.0964813232422,112.1908721923828,0.4062908589839935,145.3753662109375,48.5619010925293,-95.97571563720705,-43.60611724853516,151.8783676675863,-152.8717230597163,-38.89385994557188,-0.8819489700579078,0.9982365369796752,0.0,0.7276707789618921,30,0,0.0
2026-04-18 13:02:45,11,31,1,v9_0_0_phase_1_clock_guidance_140_160,700,-560.8604374913048,421,high_altitude,161.94981384277344,113.16606903076172,0.4062908589839935,145.0250244140625,48.5619010925293,-95.61617279052734,-42.76414108276367,141.21547248633428,-165.91284912883177,-18.466420458937463,-0.7795071482592272,0.967241644859314,0.0,2.3116801272330374,31,0,0.0
2026-04-18 13:02:52,11,32,1,v9_0_0_phase_1_clock_guidance_140_160,700,-586.0242284965844,421,high_altitude,153.077392578125,117.74867248535156,0.4062908589839935,145.2526092529297,48.5619010925293,-95.85115814208984,-42.36317443847656,137.9028717200131,-138.39730911403032,1.4366624169073052,-0.7420094424757092,0.9933373928070068,0.0,2.848708836736501,32,0,0.0
2026-04-18 13:02:56,12,33,1,v9_0_0_phase_1_clock_guidance_140_160,700,-166.21730153393156,259,near_miss,148.83773803710938,15.866966247558594,0.4062908589839935,55.03888702392578,48.5619010925293,-6.070552825927734,9.045705795288086,112.73077643963222,112.97516743832443,-26.633451819345545,-0.3864015281502909,0.9998927116394044,0.0,4.517336268765424,33,0,0.0
2026-04-18 13:03:02,12,34,1,v9_0_0_phase_1_clock_guidance_140_160,700,-610.0626067190192,420,high_altitude,152.9483184814453,116.38745880126952,0.4062908589839935,145.4320526123047,48.5619010925293,-96.03047943115234,-42.52017211914063,146.97818505134407,-147.11943336337993,-26.73879724200924,-0.8384631398355673,0.9935364723205566,0.0,3.025769054741101,34,0,0.0
2026-04-18 13:03:09,12,35,1,v9_0_0_phase_1_clock_guidance_140_160,700,-582.8161810319976,421,high_altitude,160.6172637939453,111.2516098022461,0.4062908589839935,145.5301971435547,48.5619010925293,-96.13065338134766,-41.460182189941406,147.81982828162973,147.84877462333222,2.468784895549214,-0.8463775273054235,0.9993992447853088,0.0,3.391207511094343,35,0,0.0
2026-04-18 13:03:16,13,36,1,v9_0_0_phase_1_clock_guidance_140_160,700,-577.1484083677906,420,high_altitude,158.97970581054688,115.01763916015624,0.4062908589839935,145.42672729492188,48.5619010925293,-96.02745819091795,-42.6076545715332,146.77474103672606,-146.9473808981873,-24.34284542834422,-0.8365228377708344,0.9996198415756226,0.0,0.3620014336698028,36,0,0.0
2026-04-18 13:03:22,13,37,1,v9_0_0_phase_1_clock_guidance_140_160,700,-597.5856282879504,421,high_altitude,151.92828369140625,115.78103637695312,0.4062908589839935,145.03396606445312,48.5619010925293,-95.63182830810548,-40.97311401367188,146.11122913999435,145.81552293006783,24.680866367726274,-0.8301215790887294,0.9917802810668944,0.0,3.30968342754086,37,0,0.0
2026-04-18 13:03:28,13,38,1,v9_0_0_phase_1_clock_guidance_140_160,700,-608.8084853305095,421,high_altitude,162.77296447753906,111.42023468017578,0.4062908589839935,145.57498168945312,48.5619010925293,-96.17435455322266,-42.78297805786133,153.37801766213266,-160.8135938190403,-34.058823673633206,-0.8939823819144667,0.995451033115387,0.0,2.6287457074684752,38,0,0.0
2026-04-18 13:03:35,14,39,1,v9_0_0_phase_1_clock_guidance_140_160,700,-583.1201204261661,421,high_altitude,160.6724395751953,111.85106658935548,0.4062908589839935,145.50279235839844,48.5619010925293,-96.09923553466795,-42.33077621459961,150.87960276563368,-152.11323055238637,-27.04727932077828,-0.8735990328107816,0.9875591993331908,0.0,2.840224227873066,39,0,0.0
2026-04-18 13:03:39,14,40,1,v9_0_0_phase_1_clock_guidance_140_160,700,-162.59831933847218,261,near_miss,152.60629272460938,15.91425323486328,0.4062908589839935,56.46574401855469,48.5619010925293,-7.497718811035156,12.18521785736084,116.95626613947144,126.60729611594276,-11.298890807138722,-0.4533102623961933,0.9995975494384766,0.0,1.2354370997011948,40,0,0.0
2026-04-18 13:03:46,14,41,1,v9_0_0_phase_1_clock_guidance_140_160,700,-625.0157262457392,421,high_altitude,161.6121368408203,112.38497924804688,0.4062908589839935,145.68057250976562,48.5619010925293,-96.2809066772461,-42.14712142944336,150.67528448680193,178.9438938387323,30.06135642414028,-0.8718580878223978,0.9978610277175904,0.0,0.8790654388444935,41,0,0.0
2026-04-18 13:03:50,15,42,1,v9_0_0_phase_1_clock_guidance_140_160,700,-143.16381161968158,255,near_miss,149.99627685546875,15.932497024536133,0.4062908589839935,53.041046142578125,48.5619010925293,-4.072944641113281,17.509944915771484,104.24044832014536,-141.05441662570536,0.5998477034780298,-0.2459917108082621,0.9999502301216124,0.0,1.3701603740449366,42,0,0.0
2026-04-18 13:03:57,15,43,1,v9_0_0_phase_1_clock_guidance_140_160,700,-594.7339242726168,420,high_altitude,158.09268188476562,111.96851348876952,0.4062908589839935,145.0989990234375,48.5619010925293,-95.69928741455078,-41.28044891357422,150.00813892943177,155.3502894264872,27.648317184719183,-0.8660964206047304,0.9971122145652772,0.0,2.2927709750331595,43,0,0.0
2026-04-18 13:04:04,15,44,1,v9_0_0_phase_1_clock_guidance_140_160,700,-605.7262205715381,422,high_altitude,162.5081787109375,112.06517028808594,0.4062908589839935,145.65078735351562,48.5619010925293,-96.25106048583984,-41.97675704956055,149.8726962781904,-178.7973179791438,28.039031326000597,-0.8649123324967747,0.9994306564331056,0.0,4.351422294964546,44,0,0.0
2026-04-18 13:04:11,16,45,1,v9_0_0_phase_1_clock_guidance_140_160,700,-617.7383551249212,421,high_altitude,155.43582153320312,114.1400375366211,0.4062908589839935,145.1949462890625,48.5619010925293,-95.79534149169922,-42.09566879272461,147.40086447794113,168.388697080313,-26.47130312844944,-0.8424605258775243,0.9997388124465942,0.0,1.4825146061806374,45,0,0.0
2026-04-18 13:04:17,16,46,1,v9_0_0_phase_1_clock_guidance_140_160,700,-636.0564016968713,422,high_altitude,156.2626495361328,114.77919006347656,0.4062908589839935,145.6428985595703,48.5619010925293,-96.2430191040039,-42.08961486816406,148.90694851068562,148.99470278114194,-44.13634432225848,-0.8563297205675632,0.999433934688568,0.0,4.910317611869052,46,0,0.0
2026-04-18 13:04:24,16,47,1,v9_0_0_phase_1_clock_guidance_140_160,700,-579.4606930511707,422,high_altitude,162.39939880371094,110.2294921875,0.4062908589839935,145.62579345703125,48.5619010925293,-96.21942901611328,-40.21518325805664,152.86781619151105,161.93605344686188,27.730701218940585,-0.8899567784941259,0.9767304062843324,0.0,2.000695689637218,47,0,0.0
2026-04-18 13:04:31,17,48,1,v9_0_0_phase_1_clock_guidance_140_160,700,-589.3419664719158,422,high_altitude,161.84185791015625,117.98320770263672,0.4062908589839935,145.27938842773438,48.5619010925293,-95.87381744384766,-45.02034378051758,143.00850642648933,-154.19083749412084,-22.823404960677767,-0.7987248498028171,0.9796698689460754,0.0,0.8174810110444618,48,0,0.0
2026-04-18 13:04:38,17,49,1,v9_0_0_phase_1_clock_guidance_140_160,700,-624.5379099571519,421,high_altitude,157.2056121826172,113.14351654052734,0.4062908589839935,145.55442810058594,48.5619010925293,-96.15470123291016,-41.48390197753906,146.0847963079064,168.03695599843567,-16.155268858912738,-0.8298642557088463,0.9970134496688844,0.0,1.1527824665618334,49,0,0.0
2026-04-18 13:04:42,17,50,1,v9_0_0_phase_1_clock_guidance_140_160,700,-154.15240050036053,259,near_miss,150.4814453125,15.823086738586426,0.4062908589839935,54.72618865966797,48.5619010925293,-5.758052825927734,12.491262435913086,110.90809264829014,-165.8315015758169,-7.133225453579176,-0.3568699459376698,0.9999631643295288,0.0,2.594244197749071,50,0,0.0
2026-04-18 13:04:50,18,51,1,v9_0_0_phase_1_clock_guidance_140_160,700,-570.8174298920948,422,high_altitude,157.2189483642578,115.4150848388672,0.4062908589839935,145.4976806640625,48.5619010925293,-96.09844207763672,-41.55790328979492,144.81485923552592,172.11285772526244,2.528797072031062,-0.8172943642999763,0.9996203184127808,0.0,3.3893874048452446,51,0,0.0
2026-04-18 13:04:57,18,52,1,v9_0_0_phase_1_clock_guidance_140_160,700,-578.1258519445977,422,high_altitude,162.31732177734375,111.76184844970705,0.4062908589839935,145.280517578125,48.5619010925293,-95.88114166259766,-41.29966354370117,150.46507858490563,-178.37213870331053,31.00287751065903,-0.870055405253269,0.9989714026451112,0.0,1.135961543767043,52,0,0.0
2026-04-18 13:05:01,18,53,1,v9_0_0_phase_1_clock_guidance_140_160,700,-133.67309508907158,256,near_miss,149.2969512939453,15.782715797424316,0.4062908589839935,54.14157104492188,48.5619010925293,-4.739044189453125,14.215576171875,98.47044111310196,98.4070228066584,-3.178267380489704,-0.1472991582977004,0.9870797395706176,0.0,1.211874508163973,53,0,0.0
2026-04-18 13:05:09,18,54,1,v9_0_0_phase_1_clock_guidance_140_160,700,-604.1480788521803,422,high_altitude,161.22882080078125,108.2011260986328,0.4062908589839935,145.34779357910156,48.5619010925293,-95.94658660888672,-40.060455322265625,149.76887740280625,150.00846677851192,19.100034910124744,-0.8640014381552135,0.9908753633499146,0.0,1.9197207766829316,54,0,0.0
2026-04-18 13:05:14,19,55,1,v9_0_0_phase_1_clock_guidance_140_160,700,-147.9148028351516,256,near_miss,149.17567443847656,15.792953491210938,0.4062908589839935,54.0180778503418,48.5619010925293,-4.618442535400391,14.636357307434082,111.43065676130946,-111.67278013719724,41.59127240353916,-0.3653749041330172,0.996836483478546,0.0,1.3535471003942443,55,0,0.0
2026-04-18 13:05:21,19,56,1,v9_0_0_phase_1_clock_guidance_140_160,700,-575.995864303899,425,high_altitude,150.96621704101562,130.99789428710938,0.4062908589839935,145.14920043945312,48.5619010925293,-95.73761749267578,-47.295780181884766,151.6329453103294,-158.03097475117713,39.357496601526925,-0.8799219133210621,0.9586940407752992,0.0,1.4733922082818196,56,0,0.0
2026-04-18 13:05:26,19,57,1,v9_0_0_phase_1_clock_guidance_140_160,700,-160.1258698090498,260,near_miss,148.38067626953125,15.929739952087402,0.4062908589839935,56.15973281860352,48.5619010925293,-6.760219573974609,7.588548183441162,113.59351129407489,-130.6166718002536,12.588037786559854,-0.4002452525680859,0.9991531372070312,0.0,2.552735858272392,57,0,0.0
2026-04-18 13:05:33,20,58,1,v9_0_0_phase_1_clock_guidance_140_160,700,-581.346796109671,422,high_altitude,160.30587768554688,109.74823760986328,0.4062908589839935,145.19943237304688,48.5619010925293,-95.79961395263672,-39.15376281738281,145.6235126521204,154.78376621596965,-2.7848939477436323,-0.8253452761091692,0.995789349079132,0.0,0.89718077085164,58,0,0.0
2026-04-18 13:05:40,20,59,1,v9_0_0_phase_1_clock_guidance_140_160,700,-625.7664957454946,423,high_altitude,158.46734619140625,115.1305160522461,0.4062908589839935,145.38743591308594,48.5619010925293,-95.98514556884766,-43.77426528930664,154.35595048711673,-154.24871651714753,-38.11304296493977,-0.901500068488962,0.9870264530181884,0.0,2.144818404300528,59,0,0.0
2026-04-18 13:05:47,20,60,1,v9_0_0_phase_1_clock_guidance_140_160,700,-629.8473610022024,423,high_altitude,157.91700744628906,114.9286880493164,0.4062908589839935,145.17723083496094,48.5619010925293,-95.76934051513672,-42.84590530395508,152.60956673899287,-178.65142513847235,31.596779534464563,-0.8878922128217599,0.9702744483947754,0.0,1.37695194486817,60,0,0.0
2026-04-18 13:05:52,20,61,1,v9_0_0_phase_1_clock_guidance_140_160,700,-126.49553784576152,251,near_miss,149.68702697753906,15.852170944213867,0.4062908589839935,52.131446838378906,48.5619010925293,-2.7321701049804688,21.611486434936523,99.44536182466209,101.1221322847652,15.520518888775944,-0.1641069931710997,0.9998412132263184,0.0,0.7836228374838414,61,0,0.0
2026-04-18 13:05:59,21,62,1,v9_0_0_phase_1_clock_guidance_140_160,700,-599.1379841913541,424,high_altitude,166.67013549804688,102.8444595336914,0.4062908589839935,145.6350555419922,48.5619010925293,-96.22150421142578,-37.30426788330078,148.01659237123943,148.86432813026474,16.443125473935634,-0.8482015207135434,0.953335464000702,0.0,1.2776069657962497,62,0,0.0
2026-04-18 13:06:06,21,63,1,v9_0_0_phase_1_clock_guidance_140_160,700,-624.1952832331422,423,high_altitude,157.3557891845703,114.89111328125,0.4062908589839935,145.06356811523438,48.5619010925293,-95.66394805908205,-42.17148208618164,145.20336039551626,-156.67910272951318,10.687182480166966,-0.8211826800526819,0.9996238946914672,0.0,4.613339925985733,63,0,0.0
2026-04-18 13:06:13,22,64,1,v9_0_0_phase_1_clock_guidance_140_160,700,-576.6474811978038,422,high_altitude,155.2828369140625,117.52349853515624,0.4062908589839935,145.2850799560547,48.5619010925293,-95.8843002319336,-43.34676361083984,151.63196176308892,-154.0515016350526,43.70888717833699,-0.879913757244761,0.9925617575645448,0.0,1.8283689747824556,64,0,0.0
2026-04-18 13:06:21,22,65,1,v9_0_0_phase_1_clock_guidance_140_160,700,-588.0695390867804,424,high_altitude,162.03013610839844,108.06771850585938,0.4062908589839935,145.4967498779297,48.5619010925293,-96.09679412841795,-39.63135528564453,147.42813059310782,148.3213827327621,2.547546154746158,-0.8427168165431435,0.9955278635025024,0.0,1.610140724244456,65,0,0.0
2026-04-18 13:06:27,22,66,1,v9_0_0_phase_1_clock_guidance_140_160,700,-623.5597478532503,423,high_altitude,155.708984375,110.37422943115234,0.4062908589839935,145.26797485351562,48.5619010925293,-95.86632537841795,-40.503055572509766,151.89888555585304,153.84371362012246,-27.22280493716385,-0.8821177043307263,0.9913081526756288,0.0,0.7944146719390135,66,0,0.0
2026-04-18 13:06:35,23,67,1,v9_0_0_phase_1_clock_guidance_140_160,700,-645.2459602703346,423,high_altitude,158.0897216796875,113.81983947753906,0.4062908589839935,145.06488037109375,48.5619010925293,-96.09673309326172,-42.73090744018555,150.2550092867927,-150.433236242995,-34.89673420553745,-0.8682421946592049,0.998026728630066,0.0,2.642636843154256,67,0,0.0
2026-04-18 13:06:39,23,68,1,v9_0_0_phase_1_clock_guidance_140_160,700,-159.37062580087667,262,near_miss,151.9735107421875,15.95572566986084,0.4062908589839935,56.40596389770508,48.5619010925293,-7.006504058837891,12.706494331359863,114.14006986164846,-160.83006823531838,14.214970063836674,-0.408968751983622,0.9982108473777772,0.0,0.6532747020638788,68,0,0.0
2026-04-18 13:06:46,23,69,1,v9_0_0_phase_1_clock_guidance_140_160,700,-581.4020513363447,423,high_altitude,163.4732666015625,117.09180450439452,0.4062908589839935,145.23373413085938,48.5619010925293,-95.82653045654295,-44.02832794189453,153.3806677755306,-166.57480374243272,-34.369675828044244,-0.894003107116638,0.9730458855628968,0.0,1.575257956584446,69,0,0.0
2026-04-18 13:06:53,24,70,1,v9_0_0_phase_1_clock_guidance_140_160,700,-597.0672197517375,424,high_altitude,166.0560760498047,111.71673583984376,0.4062908589839935,145.4516143798828,48.5619010925293,-96.04666900634766,-43.57390975952149,158.8465266588333,-158.91612628647576,38.401744815872455,-0.9326171486299218,0.9806823134422302,0.0,1.95304165589924,70,0,0.0
2026-04-18 13:07:00,24,71,1,v9_0_0_phase_1_clock_guidance_140_160,700,-593.2616304654496,426,high_altitude,166.1037139892578,109.31236267089844,0.4062908589839935,145.64224243164062,48.5619010925293,-96.22721099853516,-39.91957473754883,143.00876597367778,161.0784275739184,19.03727913203067,-0.7987275754512488,0.94844388961792,0.0,1.3528639424844098,71,0,0.0
2026-04-18 13:07:07,24,72,1,v9_0_0_phase_1_clock_guidance_140_160,700,-591.1132403116395,423,high_altitude,159.95162963867188,116.33488464355467,0.4062908589839935,145.4109344482422,48.5619010925293,-96.01148223876952,-43.12954330444336,145.66542269286762,-145.71540601721378,-23.19621205350269,-0.8257580629578704,0.9994142055511476,0.0,0.3287623100158245,72,0,0.0
2026-04-18 13:07:14,25,73,1,v9_0_0_phase_1_clock_guidance_140_160,700,-567.3867578624345,429,high_altitude,163.00733947753906,101.7183074951172,0.4062908589839935,145.62770080566406,48.5619010925293,-96.18633270263672,-33.690406799316406,133.30951486166617,133.28957070928973,-17.86663081206738,-0.6859392015363408,0.8733207583427429,0.0,1.4792410003149157,73,0,0.0
2026-04-18 13:07:21,25,74,1,v9_0_0_phase_1_clock_guidance_140_160,700,-548.6390042937066,423,high_altitude,165.39100646972656,109.08414459228516,0.4062908589839935,145.14111328125,48.5619010925293,-95.73540496826172,-38.707550048828125,140.72506490392735,149.88343333556568,-9.400993826430096,-0.774117217697485,0.976097285747528,0.0,1.9281958407148407,74,0,0.0
2026-04-18 13:07:28,25,75,1,v9_0_0_phase_1_clock_guidance_140_160,700,-630.5606852927194,426,high_altitude,152.47698974609375,115.45231628417967,0.4062908589839935,145.00318908691406,48.5619010925293,-95.58509063720705,-42.17327499389648,163.16000968574983,-178.78614378966168,-41.18541573286783,-0.9571175309687936,0.9409252405166626,0.0,0.9874033583737052,75,0,0.0
2026-04-18 13:07:33,26,76,1,v9_0_0_phase_1_clock_guidance_140_160,700,-149.2343417469861,258,near_miss,149.5672149658203,15.822036743164062,0.4062908589839935,54.73730850219727,48.5619010925293,-5.338062286376953,13.101335525512695,110.93712095226267,-110.90906936534144,-34.195632362708565,-0.3573431794530344,0.9995704293251038,0.0,1.0782905853022748,76,0,0.0
2026-04-18 13:07:40,26,77,1,v9_0_0_phase_1_clock_guidance_140_160,700,-607.450684592612,430,high_altitude,162.57525634765625,99.22380065917967,0.4062908589839935,145.39404296875,48.5619010925293,-95.94805145263672,-31.69708251953125,136.82469903876992,136.8809388163958,-28.291055061090308,-0.729263653937735,0.8597325682640076,0.0,1.7421844534082702,77,0,0.0
2026-04-18 13:07:46,26,78,1,v9_0_0_phase_1_clock_guidance_140_160,700,-593.1662625105328,423,high_altitude,165.38282775878906,121.65277862548828,0.4062908589839935,145.43402099609375,48.5619010925293,-96.02605438232422,-47.67993927001953,155.80686025174586,-156.42833916432534,-41.80765279644516,-0.9121691913505084,0.9694069623947144,0.0,1.504015434418915,78,0,0.0
2026-04-18 13:07:54,27,79,1,v9_0_0_phase_1_clock_guidance_140_160,700,-584.1865773312676,427,high_altitude,162.73971557617188,128.58786010742188,0.4062908589839935,145.32196044921875,48.5619010925293,-95.89728546142578,-48.22450637817383,147.39768160978792,-164.9167070195204,41.33121636598551,-0.8424305957428984,0.9204280376434326,0.0,1.353763196192291,79,0,0.0
2026-04-18 13:08:00,27,80,1,v9_0_0_phase_1_clock_guidance_140_160,700,-585.1509736824553,423,high_altitude,158.1502685546875,114.23963928222656,0.4062908589839935,145.41542053222656,48.5619010925293,-96.0149154663086,-42.80216598510742,152.88278796617172,-154.40455411325055,37.995136824392425,-0.890075915720291,0.9933128952980042,0.0,2.178890813894152,80,0,0.0
2026-04-18 13:08:07,27,81,1,v9_0_0_phase_1_clock_guidance_140_160,700,-605.619074146453,423,high_altitude,165.7322540283203,104.90036010742188,0.4062908589839935,145.0601806640625,48.5619010925293,-95.65825653076172,-39.69402313232422,152.85605460576028,158.68182347718763,-19.70592220837636,-0.8898631435820306,0.9888366460800172,0.0,1.2792131159480495,81,0,0.0
2026-04-18 13:08:15,28,82,1,v9_0_0_phase_1_clock_guidance_140_160,700,-593.0788921810365,424,high_altitude,150.06283569335938,117.05378723144533,0.4062908589839935,145.51434326171875,48.5619010925293,-96.1061782836914,-40.865631103515625,152.462854275621,165.1121870335662,-32.5628790567116,-0.8867112881467728,0.9690170288085938,0.0,0.7635400642691951,82,0,0.0
2026-04-18 13:08:22,28,83,1,v9_0_0_phase_1_clock_guidance_140_160,700,-601.8792086784981,423,high_altitude,156.93154907226562,115.22461700439452,0.4062908589839935,145.08961486816406,48.5619010925293,-95.68938446044922,-42.080543518066406,140.71322135590654,-162.4709665419006,2.688225640090207,-0.7739863456806713,0.995366394519806,0.0,0.1403354880394088,83,0,0.0
2026-04-18 13:08:29,28,84,1,v9_0_0_phase_1_clock_guidance_140_160,700,-611.7863192433429,422,high_altitude,161.51795959472656,108.81946563720705,0.4062908589839935,145.0281219482422,48.5619010925293,-95.6260757446289,-40.68971252441406,155.14161348696496,158.6571391735272,-30.526150797159648,-0.9073495701263244,0.98805570602417,0.0,0.8371621389653764,84,0,0.0
2026-04-18 13:08:36,29,85,1,v9_0_0_phase_1_clock_guidance_140_160,700,-614.0584788525563,422,high_altitude,162.02987670898438,109.37598419189452,0.4062908589839935,145.26193237304688,48.5619010925293,-95.86266326904295,-41.2287712097168,149.46500228663234,163.3674425308431,7.937255258992391,-0.86131898243312,0.9993661642074584,0.0,1.6773462626464788,85,0,0.0
2026-04-18 13:08:40,29,86,1,v9_0_0_phase_1_clock_guidance_140_160,700,-158.66041943437727,260,near_miss,152.54983520507812,15.972204208374023,0.4062908589839935,55.67322540283203,48.5619010925293,-6.270679473876953,14.112427711486816,117.79352438830996,-157.04315181227486,-30.740376265382512,-0.4662866613604696,0.987600564956665,0.0,1.7154919592176388,86,0,0.0
2026-04-18 13:08:47,29,87,1,v9_0_0_phase_1_clock_guidance_140_160,700,-600.2763699239471,424,high_altitude,165.35708618164062,103.33967590332033,0.4062908589839935,145.65269470214844,48.5619010925293,-96.2516098022461,-38.1184196472168,155.4901853610674,159.30682676737882,18.15266205903459,-0.9098902215011042,0.991810977458954,0.0,1.353680284035476,87,0,0.0
2026-04-18 13:08:51,29,88,1,v9_0_0_phase_1_clock_guidance_140_160,700,-168.16432689330597,266,near_miss,154.24754333496094,15.928584098815918,0.4062908589839935,57.90120697021485,48.5619010925293,-8.933040618896484,8.779570579528809,122.62122503708,122.87586814971642,-16.217701910568532,-0.5390828318102842,0.998255729675293,0.0,0.4951984592405379,88,0,0.0
2026-04-18 13:08:59,30,89,1,v9_0_0_phase_1_clock_guidance_140_160,700,-612.9304391147942,421,high_altitude,157.34988403320312,115.25796508789062,0.4062908589839935,145.4158172607422,48.5619010925293,-96.01439666748048,-43.27849197387695,152.59441737941378,-153.1552715329202,36.020880890083994,-0.8877705413054826,0.9900609850883484,0.0,2.1443314856403823,89,0,0.0
2026-04-18 13:09:06,30,90,1,v9_0_0_phase_1_clock_guidance_140_160,700,-622.4867952879791,428,high_altitude,163.23007202148438,132.67843627929688,0.4062908589839935,145.09434509277344,48.5619010925293,-95.63062286376952,-52.2421875,167.52954124499544,-172.8034444918641,-162.43132412395784,-0.9764074718794504,0.8138748407363892,0.0,1.416973908692964,90,0,0.0
2026-04-18 13:09:13,31,91,1,v9_0_0_phase_1_clock_guidance_140_160,700,-603.4292857725849,424,high_altitude,149.77020263671875,115.7943344116211,0.4062908589839935,145.1343994140625,48.5619010925293,-95.72628021240234,-42.99150848388672,158.34491756618758,-163.76050625719898,39.24124336675872,-0.9294221524395844,0.9686399698257446,0.0,2.165042612706358,91,0,0.0
2026-04-18 13:09:20,31,92,1,v9_0_0_phase_1_clock_guidance_140_160,700,-633.6118865533927,425,high_altitude,161.1602783203125,108.26961517333984,0.4062908589839935,145.6529998779297,48.5619010925293,-96.24529266357422,-39.614139556884766,162.51529446961396,169.25094016113542,-36.739491922850206,-0.9537971868290216,0.9726674556732178,0.0,1.9997840680559071,92,0,0.0
2026-04-18 13:09:26,31,93,1,v9_0_0_phase_1_clock_guidance_140_160,700,-596.5373127056351,423,high_altitude,161.68478393554688,109.7544174194336,0.4062908589839935,145.21041870117188,48.5619010925293,-95.80342864990234,-39.823020935058594,149.48919481667252,149.29070951939195,-24.0184148578632,-0.8615334304777252,0.973453938961029,0.0,0.5087681906259324,93,0,0.0
2026-04-18 13:09:34,32,94,1,v9_0_0_phase_1_clock_guidance_140_160,700,-582.3520481068194,423,high_altitude,161.3872833251953,116.44805145263672,0.4062908589839935,145.31936645507812,48.5619010925293,-95.91751861572266,-42.85905075073242,137.44918323458418,-158.97060387529578,2.4581784655418306,-0.7366778525273487,0.9900076389312744,0.0,2.3458055695471964,94,0,0.0
2026-04-18 13:09:41,32,95,1,v9_0_0_phase_1_clock_guidance_140_160,700,-570.4613378643772,423,high_altitude,158.21011352539062,111.75536346435548,0.4062908589839935,145.11573791503906,48.5619010925293,-95.71381378173828,-40.44709014892578,155.1439494116611,160.01589602587453,-35.16979150817622,-0.9073667079615922,0.9882890582084656,0.0,0.3722140603871201,95,0,0.0
2026-04-18 13:09:48,32,96,1,v9_0_0_phase_1_clock_guidance_140_160,700,-538.8854424425213,425,high_altitude,160.77259826660156,112.66117095947266,0.4062908589839935,145.0705108642578,48.5619010925293,-95.64810943603516,-36.09665298461914,127.243951708858,150.79055075923506,5.967028709407444,-0.6052099566338631,0.928823471069336,0.0,1.0040261809249764,96,0,0.0
2026-04-18 13:09:53,33,97,1,v9_0_0_phase_1_clock_guidance_140_160,700,-158.82726686763405,266,near_miss,150.5747528076172,15.96647834777832,0.4062908589839935,58.78089904785156,48.5619010925293,-9.37759017944336,4.274147033691406,117.15102215346518,120.1378092359984,-8.344141580681097,-0.4563374650758325,0.9837263822555542,0.0,2.342653960023163,97,0,0.0
2026-04-18 13:09:59,33,98,1,v9_0_0_phase_1_clock_guidance_140_160,700,-633.0082479314449,426,high_altitude,152.20870971679688,126.5550765991211,0.4062908589839935,145.45895385742188,48.5619010925293,-96.01476287841795,-47.50725555419922,142.36762977666703,-161.31707438351864,79.54236816816335,-0.7919448050603457,0.8656497001647949,0.0,1.0720796843944185,98,0,0.0
2026-04-18 13:10:06,33,99,1,v9_0_0_phase_1_clock_guidance_140_160,700,-617.6689376779092,425,high_altitude,159.23089599609375,113.6002197265625,0.4062908589839935,145.58279418945312,48.5619010925293,-96.14286041259766,-43.21812057495117,156.71493390189906,167.05532121092145,-81.76652364872962,-0.9185494474014972,0.8767061233520508,0.0,1.5070683871219162,99,0,0.0
2026-04-18 13:10:14,34,100,1,v9_0_0_phase_1_clock_guidance_140_160,700,-553.0058136212443,425,high_altitude,158.6378936767578,127.46102905273438,0.4062908589839935,145.3443603515625,48.5619010925293,-95.9130630493164,-47.78798675537109,140.68564105203805,-166.18728612968286,47.02172358618452,-0.773681453264725,0.9022724628448486,0.0,1.7983084475780768,100,0,0.0
2026-04-18 13:10:21,34,101,1,v9_0_0_phase_1_clock_guidance_140_160,700,-588.6832305001006,430,high_altitude,162.72500610351562,139.63525390625,0.4062908589839935,145.15586853027344,48.5619010925293,-95.69625091552734,-53.04117202758789,150.23031132275395,-166.35554100969696,130.2796019647135,-0.8680282472423633,0.8239471912384033,0.0,1.6053147879704166,101,0,0.0
2026-04-18 13:10:25,34,102,1,v9_0_0_phase_1_clock_guidance_140_160,700,-165.12524667768946,260,near_miss,151.99110412597656,15.893707275390623,0.4062908589839935,56.00765228271485,48.5619010925293,-6.600009918212891,12.508846282958984,123.41567166020089,-152.84824086934978,33.15916140144288,-0.5507090688057202,0.9709159731864928,0.0,1.7487848037142435,102,0,0.0
2026-04-18 13:10:32,35,103,1,v9_0_0_phase_1_clock_guidance_140_160,700,-566.7605699236221,424,high_altitude,158.2490692138672,123.55823516845705,0.4062908589839935,145.2301483154297,48.5619010925293,-95.8189468383789,-45.33713912963867,137.9883310469083,-155.1078040505734,22.40766329873014,-0.743008533821729,0.9595842361450196,0.0,2.020212189627624,103,0,0.0
2026-04-18 13:10:40,35,104,1,v9_0_0_phase_1_clock_guidance_140_160,700,-559.9093968456568,430,high_altitude,160.71896362304688,132.75265502929688,0.4062908589839935,145.25457763671875,48.5619010925293,-95.79381561279295,-45.20832061767578,129.99892217096098,179.11352841695873,93.79975968316133,-0.6427731990009803,0.8201292157173157,0.0,1.718822150419194,104,0,0.0
2026-04-18 13:10:44,35,105,1,v9_0_0_phase_1_clock_guidance_140_160,700,-181.14476072247123,266,near_miss,151.64859008789062,15.94400691986084,0.4062908589839935,57.88292694091797,48.5619010925293,-8.479255676269531,6.194630146026611,127.64502041692116,-130.55336960702596,31.579850910606684,-0.6107675206395498,0.9848365783691406,0.0,2.403245217473112,105,0,0.0
2026-04-18 13:10:51,35,106,1,v9_0_0_phase_1_clock_guidance_140_160,700,-597.3027695794519,424,high_altitude,164.65419006347656,116.22279357910156,0.4062908589839935,145.1132354736328,48.5619010925293,-95.70299530029295,-45.96535110473633,146.9431871620369,-151.6044770818688,26.809358218777348,-0.8381301074218832,0.9622899293899536,0.0,0.7166403137319731,106,0,0.0
2026-04-18 13:10:55,36,107,1,v9_0_0_phase_1_clock_guidance_140_160,700,-122.8471187641222,257,near_miss,150.8423309326172,15.896361351013184,0.4062908589839935,54.016231536865234,48.5619010925293,-4.609504699707031,17.982112884521484,94.85850047621582,97.49147009936404,-4.975993020274335,-0.0846952445810426,0.9754526019096376,0.0,2.2401939280498198,107,0,0.0
2026-04-18 13:11:02,36,108,1,v9_0_0_phase_1_clock_guidance_140_160,700,-604.9840163781686,425,high_altitude,159.12510681152344,112.39479064941406,0.4062908589839935,145.01669311523438,48.5619010925293,-95.60216522216795,-42.74253463745117,164.76548663129634,-179.2176478206664,-40.651400807704974,-0.9648583840039218,0.9498271346092224,0.0,0.9381490383971772,108,0,0.0
2026-04-18 13:11:06,36,109,1,v9_0_0_phase_1_clock_guidance_140_160,700,-141.7390532024481,254,near_miss,150.92132568359375,15.704195022583008,0.4062908589839935,52.99584579467773,48.5619010925293,-3.594646453857422,19.16284942626953,108.16484962099206,118.203950455536,-32.52378305390245,-0.311752061563522,0.990774393081665,0.0,0.3102295795632308,109,0,0.0
2026-04-18 13:11:14,37,110,1,v9_0_0_phase_1_clock_guidance_140_160,700,-549.405057701663,431,high_altitude,161.447509765625,104.3492202758789,0.4062908589839935,145.34312438964844,48.5619010925293,-95.8757553100586,-31.20864486694336,120.58586964555124,131.84280003929763,-16.599565834232898,-0.508829123032202,0.8005329370498657,0.0,1.872756682126466,110,0,0.0
2026-04-18 13:11:18,37,111,1,v9_0_0_phase_1_clock_guidance_140_160,700,-160.595243122078,258,near_miss,149.19696044921875,15.847973823547363,0.4062908589839935,54.80268478393555,48.5619010925293,-5.403175354003906,11.991250038146973,107.02290346346844,-121.2856088656407,8.61562879358441,-0.2927539554268634,0.9981170892715454,0.0,0.6952568674612336,111,0,0.0
2026-04-18 13:11:25,37,112,1,v9_0_0_phase_1_clock_guidance_140_160,700,-575.4153260672172,428,high_altitude,161.1088104248047,130.75514221191406,0.4062908589839935,145.09275817871094,48.5619010925293,-95.61577606201172,-50.34324264526367,142.03064190339694,-173.11843915600676,120.93897676526257,-0.7883398979522139,0.7749851942062378,0.0,1.238112526891135,112,0,0.0
2026-04-18 13:11:33,38,113,1,v9_0_0_phase_1_clock_guidance_140_160,700,-568.8726947284748,434,high_altitude,165.50047302246094,103.38294982910156,0.4062908589839935,145.26417541503906,48.5619010925293,-95.69835662841795,-31.546316146850582,111.50037250216778,123.56532110491584,67.00924424875674,-0.3665072757233713,0.531190812587738,0.0,1.4884252445852135,113,0,0.0
2026-04-18 13:11:37,38,114,1,v9_0_0_phase_1_clock_guidance_140_160,700,-137.32406237367786,251,near_miss,149.222900390625,15.631098747253418,0.4062908589839935,52.14369583129883,48.5619010925293,-2.7436180114746094,19.052520751953125,105.06078819040972,111.06047416867312,-38.77805750328889,-0.2598437021796061,0.9954473376274108,0.0,2.6065607736262564,114,0,0.0
2026-04-18 13:11:44,38,115,1,v9_0_0_phase_1_clock_guidance_140_160,700,-632.2243076982205,432,high_altitude,158.31851196289062,132.64132690429688,0.4062908589839935,145.1184844970703,48.5619010925293,-95.60730743408205,-48.36335372924805,155.09989469151452,169.4646567802651,-144.99180211616428,-0.907043240434612,0.6832888722419739,0.0,1.4030776108294634,115,0,0.0
2026-04-18 13:11:51,38,116,1,v9_0_0_phase_1_clock_guidance_140_160,700,-572.3663856576325,437,high_altitude,163.8130340576172,96.46993255615234,0.4062908589839935,145.1287384033203,48.5619010925293,-95.5235824584961,-26.81417655944824,115.50202324252734,114.82240575973272,-92.90732716620744,-0.4305429688513671,0.4283410012722015,0.0,1.302402929418569,116,0,0.0
2026-04-18 13:11:59,39,117,1,v9_0_0_phase_1_clock_guidance_140_160,700,-519.4213728457989,451,high_altitude,153.1107940673828,138.42626953125,0.4062908589839935,145.3104705810547,48.5619010925293,-95.58184051513672,-31.568845748901367,76.0747425982504,114.22246243360632,64.69327736536717,0.2406559350413269,0.0971546918153762,0.0,1.8745897710216275,117,0,0.0
2026-04-18 13:12:05,39,118,1,v9_0_0_phase_1_clock_guidance_140_160,700,-689.3824030145112,428,high_altitude,151.1825714111328,113.7545928955078,0.4062908589839935,145.05445861816406,48.5619010925293,-95.63831329345705,-41.93235778808594,163.61529643544452,-165.94204135734438,40.04075799024373,-0.959389317943358,0.9449414014816284,0.0,2.2419836143318217,118,0,0.0
2026-04-18 13:12:13,40,119,1,v9_0_0_phase_1_clock_guidance_140_160,700,-527.6781207647588,427,high_altitude,152.17897033691406,138.03009033203125,0.4062908589839935,145.37644958496094,48.5619010925293,-95.9349594116211,-49.27068328857422,138.62754113057312,-161.3227980820431,72.38359225755961,-0.7504288646005077,0.8737946152687073,0.0,1.815582477828814,119,0,0.0
2026-04-18 13:12:20,40,120,1,v9_0_0_phase_1_clock_guidance_140_160,700,-595.2674123840425,433,high_altitude,161.910888671875,101.63748168945312,0.4062908589839935,145.43788146972656,48.5619010925293,-95.94196319580078,-33.5738639831543,140.98238545071845,138.3873643585988,-114.3758479917973,-0.776952451582582,0.7234500646591187,0.0,1.250991984050977,120,0,0.0
2026-04-18 13:12:27,40,121,1,v9_0_0_phase_1_clock_guidance_140_160,700,-594.9885961544633,427,high_altitude,162.76747131347656,116.3265380859375,0.4062908589839935,145.21820068359375,48.5619010925293,-95.7983627319336,-44.31510543823242,138.2573038964234,-156.58240091124415,22.783321995533548,-0.7461422536239192,0.9342231154441832,0.0,0.8000731361339941,121,0,0.0
2026-04-18 13:12:31,40,122,1,v9_0_0_phase_1_clock_guidance_140_160,700,-173.92495801137733,259,near_miss,150.56097412109375,15.879261016845703,0.4062908589839935,54.16899490356445,48.5619010925293,-5.200656890869141,13.273365020751951,112.49282630932731,-114.98787392256548,41.82436968443877,-0.3825677554708562,0.9981755018234252,0.0,0.8173928404338134,122,0,0.0
2026-04-18 13:12:38,41,123,1,v9_0_0_phase_1_clock_guidance_140_160,700,-602.5917347148445,432,high_altitude,156.46302795410156,102.5814971923828,0.4062908589839935,145.3556365966797,48.5619010925293,-95.85161590576172,-31.54462432861328,130.9653256366261,130.34958408294943,-90.29772362020984,-0.6556021723717649,0.7002186179161072,0.0,1.1390253170855202,123,0,0.0
2026-04-18 13:12:46,41,124,1,v9_0_0_phase_1_clock_guidance_140_160,700,-465.9847002807964,444,high_altitude,163.9089813232422,120.1683578491211,0.4062908589839935,145.00987243652344,48.5619010925293,-95.40357208251952,-29.8301944732666,78.45262514646615,138.35389643166573,13.162762346723284,0.200178114148823,0.4234411120414734,0.0,1.2676508706879934,124,0,0.0
2026-04-18 13:12:53,42,125,1,v9_0_0_phase_1_clock_guidance_140_160,700,-576.6528472471995,424,high_altitude,165.59820556640625,116.52223205566406,0.4062908589839935,145.28622436523438,48.5619010925293,-95.85681915283205,-45.81341171264648,152.815346678307,-166.43351444926182,50.8599210695165,-0.8895387750946365,0.9067482948303224,0.0,0.8201390079487461,125,0,0.0
2026-04-18 13:13:00,42,126,1,v9_0_0_phase_1_clock_guidance_140_160,700,-546.0252303503232,446,high_altitude,167.13218688964844,154.00013732910156,0.4062908589839935,145.1490020751953,48.5619010925293,-95.4444351196289,-53.60190200805664,111.64698934289127,150.1516685246504,110.24104954375753,-0.3688869559262959,0.1629714518785476,0.0,1.779984451638024,126,0,0.0
2026-04-18 13:13:07,42,127,1,v9_0_0_phase_1_clock_guidance_140_160,700,-562.7544158665702,430,high_altitude,165.6300811767578,103.80522918701172,0.4062908589839935,145.20460510253906,48.5619010925293,-95.74039459228516,-32.01144790649414,122.86455735645087,136.36114776017948,-25.617020633104683,-0.5426549649145499,0.8096722960472107,0.0,1.0978189425729448,127,0,0.0
2026-04-18 13:13:15,43,128,1,v9_0_0_phase_1_clock_guidance_140_160,700,-590.3631054750608,430,high_altitude,162.21847534179688,130.99578857421875,0.4062908589839935,145.6134490966797,48.5619010925293,-96.1363296508789,-49.84469223022461,142.78517290100825,-172.0502112301951,122.08430386642532,-0.7963734321706496,0.7736140489578247,0.0,1.913245636030397,128,0,0.0
2026-04-18 13:13:22,43,129,1,v9_0_0_phase_1_clock_guidance_140_160,700,-580.4713374575534,456,high_altitude,159.3074493408203,180.7581329345703,0.4062908589839935,145.0235137939453,48.5619010925293,-95.26824188232422,-60.03700256347656,114.19063375207406,148.0579423364747,117.79643404889636,-0.4097739223886676,0.0258057415485382,0.0,1.82591448612578,129,0,0.0
2026-04-18 13:13:29,43,130,1,v9_0_0_phase_1_clock_guidance_140_160,700,-540.5235501993055,444,high_altitude,164.50762939453125,161.73948669433594,0.4062908589839935,145.41079711914062,48.5619010925293,-95.67874908447266,-58.17961883544922,125.52689679303016,148.36990439662586,130.99954488436785,-0.5810850681439628,0.091917410492897,0.0,1.452730236946736,130,0,0.0
2026-04-18 13:13:37,44,131,1,v9_0_0_phase_1_clock_guidance_140_160,700,-629.7454754734753,428,high_altitude,154.5067596435547,105.19998931884766,0.4062908589839935,145.2580108642578,48.5619010925293,-95.8259506225586,-34.85478973388672,145.82205259091435,144.17329956678662,-41.33715863056342,-0.8272968534583287,0.8996278047561646,0.0,1.0115347483056063,131,0,0.0
2026-04-18 13:13:43,44,132,1,v9_0_0_phase_1_clock_guidance_140_160,700,-621.4135377113282,425,high_altitude,165.7209014892578,108.68262481689452,0.4062908589839935,145.43307495117188,48.5619010925293,-96.00963592529295,-40.8018913269043,167.33720311796787,170.03358421737047,-47.5332535285997,-0.975677088143092,0.923700511455536,0.0,0.7082773077095668,132,0,0.0
2026-04-18 13:13:50,44,133,1,v9_0_0_phase_1_clock_guidance_140_160,700,-590.0020478243453,424,high_altitude,163.71754455566406,113.54313659667967,0.4062908589839935,145.24703979492188,48.5619010925293,-95.83121490478516,-43.13713836669922,135.621916386309,-164.21504168608502,15.454836374622516,-0.7147402577509854,0.9457384943962096,0.0,0.7193410729025781,133,0,0.0
2026-04-18 13:13:55,45,134,1,v9_0_0_phase_1_clock_guidance_140_160,700,-167.06077671605323,259,near_miss,151.97891235351562,15.872651100158691,0.4062908589839935,54.81440353393555,48.5619010925293,-5.406208038330078,14.372352600097656,121.90718340086856,-155.12477024047172,-38.64337983323458,-0.5285447695424205,0.9726415276527404,0.0,0.5047468548185057,134,0,0.0
2026-04-18 13:14:02,45,135,1,v9_0_0_phase_1_clock_guidance_140_160,700,-618.3344340945088,425,high_altitude,165.59393310546875,112.02488708496094,0.4062908589839935,145.0785675048828,48.5619010925293,-95.6498794555664,-44.70084762573242,157.68628242452326,-162.09501926960473,51.67345807136755,-0.9251188436686816,0.9090036153793336,0.0,2.080082781903453,135,0,0.0
2026-04-18 13:14:09,45,136,1,v9_0_0_phase_1_clock_guidance_140_160,700,-559.1963596600053,441,high_altitude,155.01072692871094,152.4233856201172,0.4062908589839935,145.1974639892578,48.5619010925293,-95.53510284423828,-52.00185394287109,108.598491501207,165.6029088046749,101.32395071436072,-0.3189343560842651,0.2740904688835144,0.0,1.3834563947072382,136,0,0.0
2026-04-18 13:14:16,46,137,1,v9_0_0_phase_1_clock_guidance_140_160,700,-531.6400454454206,439,high_altitude,160.6072540283203,140.62713623046875,0.4062908589839935,145.0946044921875,48.5619010925293,-95.56751251220705,-48.68275451660156,113.1703332636684,-151.86784917626449,85.88597466170438,-0.3934659448614561,0.6385807991027832,0.0,2.120941311045845,137,0,0.0
2026-04-18 13:14:23,46,138,1,v9_0_0_phase_1_clock_guidance_140_160,700,-621.1322229685065,424,high_altitude,162.51522827148438,112.42816162109376,0.4062908589839935,145.5746612548828,48.5619010925293,-96.1709213256836,-41.60276794433594,138.1425293976105,164.13529239733597,2.224658139800503,-0.7448070585615912,0.9824141263961792,0.0,0.2570098523989663,138,0,0.0
2026-04-18 13:14:30,46,139,1,v9_0_0_phase_1_clock_guidance_140_160,700,-548.2278973904756,425,high_altitude,167.1078643798828,112.60787200927734,0.4062908589839935,145.5292205810547,48.5619010925293,-96.12091827392578,-41.79777145385742,136.87878047661806,-175.14195099951473,10.544220644423074,-0.729909175735173,0.9682201147079468,0.0,2.298919357100752,139,0,0.0
2026-04-18 13:14:35,47,140,1,v9_0_0_phase_1_clock_guidance_140_160,700,-140.5742443691076,263,near_miss,156.5297088623047,15.726028442382812,0.4062908589839935,56.5571517944336,48.5619010925293,-7.152137756347656,14.96841526031494,110.35635679732567,109.25526883141708,-14.21881546033939,-0.3478580020963045,0.9796499013900756,0.0,2.1854406250825025,140,0,0.0
2026-04-18 13:14:39,47,141,1,v9_0_0_phase_1_clock_guidance_140_160,700,-136.6167540968795,264,near_miss,156.09059143066406,15.93760585784912,0.4062908589839935,56.9378776550293,48.5619010925293,-7.531444549560547,12.987780570983888,108.2629447978518,107.57206433311582,-10.687297739609209,-0.3133783633894698,0.9739142656326294,0.0,2.3607597509347724,141,0,0.0
2026-04-18 13:14:46,47,142,1,v9_0_0_phase_1_clock_guidance_140_160,700,-639.4438282789087,432,high_altitude,149.0834197998047,138.40821838378906,0.4062908589839935,145.50900268554688,48.5619010925293,-96.02814483642578,-50.98615646362305,166.74365967909375,-170.59346848401478,162.609947231132,-0.9733538893057012,0.7651125192642212,0.0,1.680486433232418,142,0,0.0
2026-04-18 13:14:54,48,143,1,v9_0_0_phase_1_clock_guidance_140_160,700,-547.7374008215377,439,high_altitude,161.63479614257812,114.72942352294922,0.4062908589839935,145.50399780273438,48.5619010925293,-95.9449691772461,-28.911846160888672,91.69383477712798,129.5974299911693,18.68294428581604,-0.0295586878359012,0.5528927445411682,0.0,1.2286739270451332,143,0,0.0
2026-04-18 13:14:58,48,144,1,v9_0_0_phase_1_clock_guidance_140_160,700,-140.96803148202764,259,near_miss,150.8619384765625,15.774473190307615,0.4062908589839935,54.817867279052734,48.5619010925293,-5.417083740234375,12.10682487487793,106.80622937242812,106.70119472337169,-15.833092250857822,-0.2891358779403942,0.9924553036689758,0.0,0.2203745926558825,144,0,0.0
2026-04-18 13:15:02,48,145,1,v9_0_0_phase_1_clock_guidance_140_160,700,-116.79739385286302,252,near_miss,149.97467041015625,15.590434074401855,0.4062908589839935,51.86414337158203,48.5619010925293,-2.46108627319336,23.36375999450684,89.76640320467456,94.55276754858772,-2.897432626820405,0.0040770219056689,0.9862661361694336,0.0,2.55456792482122,145,0,0.0
2026-04-18 13:15:09,48,146,1,v9_0_0_phase_1_clock_guidance_140_160,700,-696.4159821059234,429,high_altitude,153.21383666992188,116.87108612060548,0.4062908589839935,145.0195770263672,48.5619010925293,-95.5760269165039,-43.77971649169922,172.65107663185947,-171.94423401503315,116.00131007085528,-0.9917855838606304,0.8676033616065979,0.0,1.8380538709194123,146,0,0.0
2026-04-18 13:15:13,49,147,1,v9_0_0_phase_1_clock_guidance_140_160,700,-121.62028604728464,256,near_miss,151.64291381835938,15.927720069885254,0.4062908589839935,53.76195907592773,48.5619010925293,-4.354099273681641,20.21145248413086,92.92434116742996,105.46092116255656,4.78499104900316,-0.051017224953797,0.971711814403534,0.0,2.3779292216290715,147,0,0.0
2026-04-18 13:15:20,49,148,1,v9_0_0_phase_1_clock_guidance_140_160,700,-661.1405948038743,425,high_altitude,166.37388610839844,106.28986358642578,0.4062908589839935,145.22691345214844,48.5619010925293,-95.81414031982422,-40.867706298828125,169.30942024080906,-171.91550623938411,40.32710342591277,-0.9826433094939264,0.9546689987182616,0.0,2.371808336254751,148,0,0.0
2026-04-18 13:15:27,49,149,1,v9_0_0_phase_1_clock_guidance_140_160,700,-555.3174728130905,424,high_altitude,164.6584930419922,113.1536102294922,0.4062908589839935,145.39547729492188,48.5619010925293,-95.9932632446289,-41.623802185058594,146.8790107045955,160.44480458499464,-22.42612871515127,-0.8375186056200251,0.9877410531044006,0.0,2.444222526037263,149,0,0.0
2026-04-18 13:15:34,50,150,1,v9_0_0_phase_1_clock_guidance_140_160,700,-612.7238238455761,423,high_altitude,162.8013916015625,112.0593490600586,0.4062908589839935,145.49771118164062,48.5619010925293,-96.0947036743164,-42.197021484375,145.04775502584502,-161.6120019518798,18.000526425461725,-0.8196298255891145,0.9863356947898864,0.0,3.26155288031758,150,0,0.0
2026-04-18 13:15:41,50,151,1,v9_0_0_phase_1_clock_guidance_140_160,700,-537.8320389171148,440,high_altitude,164.52439880371094,148.2449493408203,0.4062908589839935,145.25958251953125,48.5619010925293,-95.70157623291016,-54.13409423828125,126.6922909899744,-175.01795574532233,112.17167081455332,-0.5975172645721286,0.553857684135437,0.0,1.7881777125334584,151,0,0.0
2026-04-18 13:15:48,50,152,1,v9_0_0_phase_1_clock_guidance_140_160,700,-599.4105868871662,425,high_altitude,161.1701202392578,116.17649841308594,0.4062908589839935,145.2386474609375,48.5619010925293,-95.8235092163086,-42.61066055297852,133.70837058843824,-178.67235283808927,14.91415347728243,-0.6909880251033045,0.948121190071106,0.0,2.0781678309578364,152,0,0.0
2026-04-18 13:15:55,51,153,1,v9_0_0_phase_1_clock_guidance_140_160,700,-588.8221294456577,427,high_altitude,159.88995361328125,119.89915466308594,0.4062908589839935,145.25047302246094,48.5619010925293,-95.83531951904295,-45.59999847412109,145.9543260343808,-150.286236911678,27.984811576821738,-0.8285915423695029,0.9479221701622008,0.0,0.8615153518826637,153,0,0.0
2026-04-18 13:16:01,51,154,1,v9_0_0_phase_1_clock_guidance_140_160,700,-617.6643101074098,424,high_altitude,165.86119079589844,110.58148956298828,0.4062908589839935,145.09457397460938,48.5619010925293,-95.6900405883789,-42.60003280639648,151.8958392914832,-156.39493953928397,27.49275108863568,-0.8820926597214155,0.9800008535385132,0.0,0.2859879114501603,154,0,0.0
2026-04-18 13:16:09,52,155,1,v9_0_0_phase_1_clock_guidance_140_160,700,-509.7265764515835,467,high_altitude,165.5186004638672,171.59109497070312,0.4062908589839935,145.10482788085938,48.5619010925293,-95.32083892822266,-44.315067291259766,65.5887902976367,125.65135650008614,62.37151848156141,0.4132825937278749,-0.050724372267723,0.0,1.971458838283016,155,0,0.0
2026-04-18 13:16:16,52,156,1,v9_0_0_phase_1_clock_guidance_140_160,700,-641.9074739742024,426,high_altitude,164.91075134277344,113.24479675292967,0.4062908589839935,145.0694580078125,48.5619010925293,-95.63846588134766,-44.9541244506836,158.86469496202557,-164.32388758069834,58.70947840711322,-0.9327315315943312,0.9027439951896667,0.0,0.6461075786791428,156,0,0.0
2026-04-18 13:16:22,52,157,1,v9_0_0_phase_1_clock_guidance_140_160,700,-569.4634942498461,427,high_altitude,165.88490295410156,116.87738800048828,0.4062908589839935,145.6529998779297,48.5619010925293,-96.2383041381836,-44.4541015625,148.98037304426327,-151.76657113125154,28.754293858526204,-0.8569908215462526,0.9491355419158936,0.0,0.7269621219415202,157,0,0.0
2026-04-18 13:16:29,53,158,1,v9_0_0_phase_1_clock_guidance_140_160,700,-664.637441892434,435,high_altitude,159.81973266601562,123.9660415649414,0.4062908589839935,145.2356719970703,48.5619010925293,-95.72652435302734,-48.587928771972656,164.98384777906165,179.65452038035875,160.66737312928868,-0.9658528243762972,0.6854622960090637,0.0,1.1308117187628788,158,0,0.0
2026-04-18 13:16:36,53,159,1,v9_0_0_phase_1_clock_guidance_140_160,700,-517.9727888407539,427,high_altitude,159.17799377441406,110.81122589111328,0.4062908589839935,145.26821899414062,48.5619010925293,-95.8432846069336,-36.38315963745117,128.17176460571253,135.076908271677,-8.318629116583807,-0.6180210495369798,0.9200153350830078,0.0,1.9176935671324205,159,0,0.0
2026-04-18 13:16:40,53,160,1,v9_0_0_phase_1_clock_guidance_140_160,700,-152.10154790534855,259,near_miss,151.3728485107422,15.866044044494627,0.4062908589839935,54.88916778564453,48.5619010925293,-5.488597869873047,15.986021995544434,105.32605907739467,-177.23911960303212,10.921241110192254,-0.2643117194806649,0.9931545853614808,0.0,2.7533494048316345,160,0,0.0
2026-04-18 13:16:47,54,161,1,v9_0_0_phase_1_clock_guidance_140_160,700,-594.0812785938319,427,high_altitude,166.9638214111328,107.77239990234376,0.4062908589839935,145.56314086914062,48.5619010925293,-96.15204620361328,-41.19795989990234,148.94814821175913,-148.449735647645,22.52708744882052,-0.856700848319571,0.9599683880805968,0.0,0.6344492323004114,161,0,0.0
2026-04-18 13:16:53,54,162,1,v9_0_0_phase_1_clock_guidance_140_160,700,-519.5358883476939,427,high_altitude,157.43460083007812,118.0682144165039,0.4062908589839935,145.4926300048828,48.5619010925293,-96.08000946044922,-39.2041244506836,130.8478190621452,154.28673335006783,-10.694004131600517,-0.6540521644780701,0.9565622806549072,0.0,0.5868614213604818,162,0,0.0
2026-04-18 13:16:57,54,163,1,v9_0_0_phase_1_clock_guidance_140_160,700,-170.38531848179505,262,near_miss,149.25442504882812,15.99874496459961,0.4062908589839935,56.43243789672852,48.5619010925293,-7.031974792480469,5.946195602416992,119.56821244035436,-121.4750236717035,30.869972274694334,-0.4934593969111445,0.9934019446372986,0.0,0.547641691652772,163,0,0.0
2026-04-18 13:17:01,54,164,1,v9_0_0_phase_1_clock_guidance_140_160,700,-172.0562714024565,261,near_miss,151.1148681640625,15.800135612487791,0.4062908589839935,55.78522491455078,48.5619010925293,-6.385475158691406,12.611675262451172,109.33605630892,-152.48738831511966,4.275931500633408,-0.3311082624010084,0.9966338276863098,0.0,0.3732320684526654,164,0,0.0
2026-04-18 13:17:08,55,165,1,v9_0_0_phase_1_clock_guidance_140_160,700,-637.2724701203423,425,high_altitude,158.1192169189453,115.21178436279295,0.4062908589839935,145.63148498535156,48.5619010925293,-96.22881317138672,-42.08522033691406,153.5599465808651,176.86712018007654,-35.47529220937255,-0.8954007129368623,0.9861716628074646,0.0,3.137874853756122,165,0,0.0
2026-04-18 13:17:12,55,166,1,v9_0_0_phase_1_clock_guidance_140_160,700,-172.9999902456827,263,near_miss,150.42291259765625,15.902341842651367,0.4062908589839935,56.6389045715332,48.5619010925293,-7.235836029052734,8.363384246826172,120.86127653326449,-122.3031021462975,28.812828579713216,-0.5129612099396118,0.9854502081871032,0.0,0.3638460743921624,166,0,0.0
2026-04-18 13:17:19,55,167,1,v9_0_0_phase_1_clock_guidance_140_160,700,-555.0035682974531,430,high_altitude,166.11126708984375,105.94395446777344,0.4062908589839935,145.24185180664062,48.5619010925293,-95.81938934326172,-34.8121337890625,134.23303839972192,146.67518419938395,-8.509660969932602,-0.6975783782703079,0.9268471002578736,0.0,2.1165650328182126,167,0,0.0
2026-04-18 13:17:23,55,168,1,v9_0_0_phase_1_clock_guidance_140_160,700,-159.26764961390543,259,near_miss,150.11251831054688,15.927836418151855,0.4062908589839935,55.11717224121094,48.5619010925293,-5.717357635498047,12.039076805114746,110.25725758265796,-110.36656109994568,17.927067740938238,-0.3462358937896362,0.9991042613983154,0.0,1.1436686756829413,168,0,0.0
2026-04-18 13:17:30,56,169,1,v9_0_0_phase_1_clock_guidance_140_160,700,-609.180440771161,425,high_altitude,163.20042419433594,111.222412109375,0.4062908589839935,145.52041625976562,48.5619010925293,-96.11820220947266,-40.9514045715332,145.81232640153624,151.18177033451505,-17.0365425543101,-0.8272014796670403,0.9891005158424376,0.0,3.149207352458808,169,0,0.0
2026-04-18 13:17:37,56,170,1,v9_0_0_phase_1_clock_guidance_140_160,700,-592.9248946575306,423,high_altitude,160.76576232910156,112.0912628173828,0.4062908589839935,145.47149658203125,48.5619010925293,-96.06526947021484,-40.898536682128906,153.7111396483325,156.62772604657633,-30.526949929292535,-0.8965725569088725,0.9746623635292052,0.0,0.3133090785440338,170,0,0.0
2026-04-18 13:17:44,57,171,1,v9_0_0_phase_1_clock_guidance_140_160,700,-636.2059003117305,423,high_altitude,153.80955505371094,117.30877685546876,0.4062908589839935,145.0090789794922,48.5619010925293,-95.60892486572266,-42.43547821044922,143.76638421679394,-155.2665376468845,-19.450635350410668,-0.806613661329655,0.9983394145965576,0.0,4.3818906564388085,171,0,0.0
2026-04-18 13:17:50,57,172,1,v9_0_0_phase_1_clock_guidance_140_160,700,-595.1522870801726,424,high_altitude,161.47499084472656,113.38298797607422,0.4062908589839935,145.32266235351562,48.5619010925293,-95.91907501220705,-42.23445892333984,146.8902122148343,-149.08435584418754,23.32298377959272,-0.8376254143032122,0.9836037755012512,0.0,0.4928888707621894,172,0,0.0
2026-04-18 13:17:57,57,173,1,v9_0_0_phase_1_clock_guidance_140_160,700,-561.0706611076337,425,high_altitude,157.69769287109375,115.24279022216795,0.4062908589839935,145.4008026123047,48.5619010925293,-95.99036407470705,-39.1118392944336,136.45477599332202,143.49847687678937,-14.965473811158612,-0.7248308214643315,0.9616712927818298,0.0,2.3956734910972064,173,0,0.0
2026-04-18 13:18:01,57,174,1,v9_0_0_phase_1_clock_guidance_140_160,700,-136.49109297161027,250,near_miss,148.76321411132812,15.934343338012695,0.4062908589839935,51.23469924926758,48.5619010925293,-1.8344039916992188,20.86980438232422,99.22560731830607,-98.81030449601263,30.106490314175723,-0.1603223545112053,0.9958695769309998,0.0,0.1985942965872175,174,0,0.0
2026-04-18 13:18:08,58,175,1,v9_0_0_phase_1_clock_guidance_140_160,700,-621.6534170271507,425,high_altitude,165.7434844970703,108.75743865966795,0.4062908589839935,145.21499633789062,48.5619010925293,-95.80113983154295,-40.8109016418457,165.84240255773224,170.41179911247076,-39.45951572206482,-0.9696266276233558,0.957935094833374,0.0,2.710591667349155,175,0,0.0
2026-04-18 13:18:14,58,176,1,v9_0_0_phase_1_clock_guidance_140_160,700,-598.7429766243079,424,high_altitude,160.15980529785156,112.8203582763672,0.4062908589839935,145.04029846191406,48.5619010925293,-95.63977813720705,-41.00179672241211,149.59719376782877,149.9621444355609,-27.614533361537006,-0.8624888836556234,0.9944829940795898,0.0,3.1843027094778766,176,0,0.0
2026-04-18 13:18:18,58,177,1,v9_0_0_phase_1_clock_guidance_140_160,700,-150.3618579597844,259,near_miss,152.8033447265625,15.751721382141112,0.4062908589839935,54.40308380126953,48.5619010925293,-5.003288269042969,17.477758407592773,104.30528730593628,104.26636888804552,8.800280396474767,-0.2470884333119682,0.9959952235221864,0.0,0.4171923381032791,177,0,0.0
2026-04-18 13:18:25,59,178,1,v9_0_0_phase_1_clock_guidance_140_160,700,-634.3249882349241,426,high_altitude,159.9199981689453,114.52327728271484,0.4062908589839935,145.29112243652344,48.5619010925293,-95.8873519897461,-41.86996078491211,136.66352023473596,178.2355212595319,4.061959176296657,-0.7273359551071409,0.983185648918152,0.0,3.1775167595852225,178,0,0.0
2026-04-18 13:18:32,59,179,1,v9_0_0_phase_1_clock_guidance_140_160,700,-563.4668414930516,426,high_altitude,159.91128540039062,118.75138854980467,0.4062908589839935,145.1035919189453,48.5619010925293,-95.68802642822266,-43.53559112548828,133.73834145851626,-159.25158419737176,17.095854209515196,-0.6913660548955978,0.9465548396110536,0.0,0.7746026147616903,179,0,0.0
2026-04-18 13:18:39,59,180,1,v9_0_0_phase_1_clock_guidance_140_160,700,-664.6850660679365,426,high_altitude,157.17933654785156,110.90880584716795,0.4062908589839935,145.513916015625,48.5619010925293,-96.10883331298828,-41.580223083496094,158.08863520815038,-166.86499115950988,35.20029854810408,-0.927762252387763,0.9784306287765504,0.0,2.4110456861508816,180,0,0.0
2026-04-18 13:18:46,60,181,1,v9_0_0_phase_1_clock_guidance_140_160,700,-556.4003176289909,424,high_altitude,164.57797241210938,111.55796813964844,0.4062908589839935,145.2430877685547,48.5619010925293,-95.84026336669922,-40.80950546264648,146.24036069644262,165.93123599807743,-19.336745361095293,-0.8313761327419551,0.9879323840141296,0.0,2.772570739398988,181,0,0.0
2026-04-18 13:18:50,60,182,1,v9_0_0_phase_1_clock_guidance_140_160,700,-148.37276841552685,252,near_miss,149.9403076171875,15.765076637268066,0.4062908589839935,52.43970489501953,48.5619010925293,-3.0396804809570312,19.27130126953125,104.53637309612532,-171.96815333750655,40.49879047598479,-0.2509945630043472,0.9980288743972778,0.0,0.1444207560054604,182,0,0.0
2026-04-18 13:18:56,60,183,1,v9_0_0_phase_1_clock_guidance_140_160,700,-627.3566340299378,427,high_altitude,163.71929931640625,106.4727554321289,0.4062908589839935,145.4984130859375,48.5619010925293,-96.09143829345705,-41.04325866699219,167.5821200412262,-174.90502539758532,42.40254519768035,-0.9766052195816098,0.9721971154212952,0.0,0.7912348449693561,183,0,0.0
2026-04-18 13:19:03,61,184,1,v9_0_0_phase_1_clock_guidance_140_160,700,-610.4219034006885,422,high_altitude,162.45606994628906,107.97692108154295,0.4062908589839935,145.1782989501953,48.5619010925293,-95.76944732666016,-40.18354415893555,149.08128225906103,153.96642479875092,-22.338538369235025,-0.8578970930943761,0.968707799911499,0.0,1.1350437926761707,184,0,0.0
2026-04-18 13:19:07,61,185,1,v9_0_0_phase_1_clock_guidance_140_160,700,-118.89767453685292,249,near_miss,149.2205810546875,15.917469024658203,0.4062908589839935,51.25934219360352,48.5619010925293,-1.855815887451172,22.556060791015625,96.34682601711827,91.99749815743756,-22.17803233883431,-0.1105466070087476,0.983157753944397,0.0,0.6625844604981505,185,0,0.0
2026-04-18 13:19:11,61,186,1,v9_0_0_phase_1_clock_guidance_140_160,700,-139.80588592925182,252,near_miss,148.77252197265625,15.69126033782959,0.4062908589839935,51.69892501831055,48.5619010925293,-2.730365753173828,20.175111770629883,96.44647847710876,110.79635075346872,-3.4531075759452583,-0.1122750424194525,0.9979384541511536,0.0,3.288898704457854,186,0,0.0
2026-04-18 13:19:18,61,187,1,v9_0_0_phase_1_clock_guidance_140_160,700,-606.6311275025755,427,high_altitude,160.9047393798828,102.91554260253906,0.4062908589839935,145.0360107421875,48.5619010925293,-95.57640838623048,-33.75651168823242,126.59746064353796,133.4244806057758,32.87467719232268,-0.5961892934042674,0.8262368440628052,0.0,1.2689870953842637,187,0,0.0
2026-04-18 13:19:25,62,188,1,v9_0_0_phase_1_clock_guidance_140_160,700,-577.3029999216893,424,high_altitude,160.64598083496094,109.8722915649414,0.4062908589839935,145.12387084960938,48.5619010925293,-95.71392059326172,-39.13467788696289,149.38291707318714,148.47081361142364,-24.785610733743,-0.8605902163606953,0.9641144275665284,0.0,0.6695463309836164,188,0,0.0
2026-04-18 13:19:29,62,189,1,v9_0_0_phase_1_clock_guidance_140_160,700,-145.26701712560947,251,near_miss,148.69053649902344,15.759927749633787,0.4062908589839935,51.26199722290039,48.5619010925293,-2.292743682861328,20.65593910217285,102.67090499982226,-102.2806143302694,35.57024891430865,-0.2193507961253101,0.9954546689987184,0.0,3.601542157706111,189,0,0.0
2026-04-18 13:19:35,62,190,1,v9_0_0_phase_1_clock_guidance_140_160,700,-520.1676475031161,429,high_altitude,159.5469970703125,125.9323272705078,0.4062908589839935,145.62237548828125,48.5619010925293,-96.20647430419922,-45.11773681640625,128.86284314593442,-150.11247689919287,15.888795858633864,-0.6274582276043665,0.9456517696380616,0.0,0.718376845576102,190,0,0.0
2026-04-18 13:19:42,63,191,1,v9_0_0_phase_1_clock_guidance_140_160,700,-531.2262068478306,424,high_altitude,150.65765380859375,118.95962524414062,0.4062908589839935,145.15945434570312,48.5619010925293,-95.75228118896484,-39.977638244628906,141.07181994771057,146.86346519404452,-21.984910447599493,-0.7779342003899792,0.9726385474205016,0.0,2.644222897470746,191,0,0.0
2026-04-18 13:19:47,63,192,1,v9_0_0_phase_1_clock_guidance_140_160,700,-162.46157822594375,268,near_miss,153.07925415039062,15.924091339111328,0.4062908589839935,58.84650802612305,48.5619010925293,-9.446075439453123,5.918781757354736,122.08065654540852,123.28951806623074,-11.882340080193195,-0.5311125549732921,0.9941679239273072,0.0,0.4692659913603033,192,0,0.0
2026-04-18 13:19:53,63,193,1,v9_0_0_phase_1_clock_guidance_140_160,700,-603.2037518353524,424,high_altitude,165.40003967285156,111.35482788085938,0.4062908589839935,145.40780639648438,48.5619010925293,-96.0058822631836,-42.00156784057617,142.06573541535246,-163.72707931140096,7.653427601806157,-0.7887165828857232,0.9891406297683716,0.0,0.4624569195925199,193,0,0.0
2026-04-18 13:20:00,64,194,1,v9_0_0_phase_1_clock_guidance_140_160,700,-577.4126032772606,423,high_altitude,159.17832946777344,112.03858184814452,0.4062908589839935,145.0459747314453,48.5619010925293,-95.64354705810548,-40.53908157348633,147.20072627488142,146.82971039916632,-22.115530985286817,-0.8405734700607317,0.9872674345970154,0.0,2.720451119790092,194,0,0.0
2026-04-18 13:20:07,64,195,1,v9_0_0_phase_1_clock_guidance_140_160,700,-615.7605977829761,424,high_altitude,157.19949340820312,115.47689819335938,0.4062908589839935,145.3782958984375,48.5619010925293,-95.97472381591795,-41.39122009277344,138.49421583797448,157.3048300197564,-9.175933116862652,-0.7488888237083812,0.9870653748512268,0.0,3.716503266397756,195,0,0.0
2026-04-18 13:20:11,64,196,1,v9_0_0_phase_1_clock_guidance_140_160,700,-158.35197249104218,266,near_miss,154.0283966064453,15.804258346557615,0.4062908589839935,57.97502517700195,48.5619010925293,-8.5738525390625,10.413043022155762,116.36997636149589,126.13792551617952,-6.524096803679568,-0.4441657550361844,0.9921903610229492,0.0,2.7891390853345883,196,0,0.0
2026-04-18 13:20:18,65,197,1,v9_0_0_phase_1_clock_guidance_140_160,700,-555.5921935567003,423,high_altitude,156.8233184814453,117.53620147705078,0.4062908589839935,145.0082550048828,48.5619010925293,-95.6069107055664,-41.397159576416016,144.65422684662556,144.9274753945611,-24.1316389037345,-0.815675683718732,0.9935500025749208,0.0,0.2205084537048288,197,0,0.0
2026-04-18 13:20:25,65,198,1,v9_0_0_phase_1_clock_guidance_140_160,700,-597.2816250838391,423,high_altitude,150.8943634033203,121.10609436035156,0.4062908589839935,145.538330078125,48.5619010925293,-96.13631439208984,-42.851016998291016,136.1988624655,-139.26429234613673,10.934182611122136,-0.7217464863376933,0.9894397854804992,0.0,0.254950566513772,198,0,0.0
2026-04-18 13:20:31,65,199,1,v9_0_0_phase_1_clock_guidance_140_160,700,-625.2467405093578,423,high_altitude,164.56597900390625,109.4667510986328,0.4062908589839935,145.14146423339844,48.5619010925293,-95.7405776977539,-41.75472259521485,157.7110760112104,-174.52213865309275,40.63298320260803,-0.9252830548546576,0.992254674434662,0.0,3.1648100050268733,199,0,0.0
2026-04-18 13:20:38,66,200,1,v9_0_0_phase_1_clock_guidance_140_160,700,-596.2627579799434,423,high_altitude,150.7835693359375,117.99771118164062,0.4062908589839935,145.37669372558594,48.5619010925293,-95.9745864868164,-41.51532745361328,137.03168109137798,139.14914901710864,-8.223896100343023,-0.7317306935306515,0.9888948798179626,0.0,0.1989363892442557,200,0,0.0
2026-04-18 13:20:45,66,201,1,v9_0_0_phase_1_clock_guidance_140_160,700,-577.4255207787431,423,high_altitude,156.47190856933594,123.80796813964844,0.4062908589839935,145.12623596191406,48.5619010925293,-95.71668243408205,-44.05062484741211,138.5222879154632,-168.6777780067446,22.711231056391355,-0.7492134216645292,0.9659659266471864,0.0,1.1626768626487205,201,0,0.0
2026-04-18 13:20:49,66,202,1,v9_0_0_phase_1_clock_guidance_140_160,700,-162.59404923185429,259,near_miss,150.2635955810547,15.873983383178713,0.4062908589839935,55.305789947509766,48.5619010925293,-5.906303405761719,12.409462928771973,109.1287395770426,-142.0289889976178,6.609632116429284,-0.3276918444006312,0.9986063241958618,0.0,3.559667524910736,202,0,0.0
2026-04-18 13:20:53,66,203,1,v9_0_0_phase_1_clock_guidance_140_160,700,-206.09973151524557,267,near_miss,153.40040588378906,15.999585151672363,0.4062908589839935,57.94447326660156,48.5619010925293,-8.975788116455078,6.711071491241455,125.3407058362556,-125.48852479027305,33.32398411139905,-0.5784373041595015,0.9995133280754088,0.0,6.117770733141174,203,0,0.0
2026-04-18 13:21:00,67,204,1,v9_0_0_phase_1_clock_guidance_140_160,700,-522.3921249192974,424,high_altitude,164.60572814941406,113.4779815673828,0.4062908589839935,145.07492065429688,48.5619010925293,-95.66577911376952,-40.87105941772461,134.595858048433,166.09779699117735,-6.8233137308394864,-0.7021015783046991,0.9702027440071106,0.0,2.420036111400675,204,0,0.0
2026-04-18 13:21:07,67,205,1,v9_0_0_phase_1_clock_guidance_140_160,700,-580.5810503177834,423,high_altitude,152.4374542236328,116.994384765625,0.4062908589839935,145.48162841796875,48.5619010925293,-96.07959747314452,-41.1581916809082,137.83694673414414,137.99445089640463,-8.584402876246404,-0.7412375959903755,0.9886782765388488,0.0,0.3838812431206552,205,0,0.0
2026-04-18 13:21:11,67,206,1,v9_0_0_phase_1_clock_guidance_140_160,700,-175.3523076518215,267,near_miss,154.24217224121094,15.976292610168455,0.4062908589839935,58.3076400756836,48.5619010925293,-8.907676696777344,9.151379585266112,118.9786441715772,129.91846254253824,-6.358961612568877,-0.4844835899932062,0.9955563545227052,0.0,0.1544480982182565,206,0,0.0
2026-04-18 13:21:18,68,207,1,v9_0_0_phase_1_clock_guidance_140_160,700,-567.7454623842373,423,high_altitude,153.29135131835938,117.47461700439452,0.4062908589839935,145.22842407226562,48.5619010925293,-95.82720184326172,-41.58185195922852,150.4184147324961,159.0239203319569,-36.91450869014261,-0.86965363638084,0.992403507232666,0.0,0.2035314049358143,207,0,0.0
2026-04-18 13:21:25,68,208,1,v9_0_0_phase_1_clock_guidance_140_160,700,-593.4286879641141,423,high_altitude,158.09515380859375,116.72135162353516,0.4062908589839935,145.5587921142578,48.5619010925293,-96.15706634521484,-42.6798210144043,139.8473446144457,-165.59344216248527,13.275237633106824,-0.76432912202514,0.9889729022979736,0.0,0.2112858616744289,208,0,0.0
2026-04-18 13:21:29,68,209,1,v9_0_0_phase_1_clock_guidance_140_160,700,-170.75752357709038,258,near_miss,151.6549530029297,15.754111289978027,0.4062908589839935,54.51493453979492,48.5619010925293,-5.546100616455078,15.880285263061523,111.14916417504573,117.87532273381002,-25.52184706966243,-0.360797221206849,0.9989123940467834,0.0,1.805795145501591,209,0,0.0
2026-04-18 13:21:36,69,210,1,v9_0_0_phase_1_clock_guidance_140_160,700,-597.2575783260268,425,high_altitude,163.41140747070312,112.81560516357422,0.4062908589839935,145.42176818847656,48.5619010925293,-96.4499740600586,-42.0125732421875,150.2155171330117,-152.1861086708304,26.75052467681415,-0.867900014547199,0.9893942475318908,0.0,0.7055945755733781,210,0,0.0
2026-04-18 13:21:43,69,211,1,v9_0_0_phase_1_clock_guidance_140_160,700,-644.6748544170462,423,high_altitude,157.7139434814453,114.11750793457033,0.4062908589839935,145.1919708251953,48.5619010925293,-95.79024505615234,-41.83841323852539,144.26210568637512,154.2180489677742,-14.9812156896482,-0.8116974065056556,0.9959980845451356,0.0,5.180855672284964,211,0,0.0
2026-04-18 13:21:49,69,212,1,v9_0_0_phase_1_clock_guidance_140_160,700,-619.9672286689748,424,high_altitude,163.87452697753906,108.49219512939452,0.4062908589839935,145.47802734375,48.5619010925293,-96.07613372802734,-40.74197769165039,160.17822230168906,166.29561292991926,-39.83786039075934,-0.9407519492364724,0.988680899143219,0.0,2.642479885023059,212,0,0.0
2026-04-18 13:21:56,70,213,1,v9_0_0_phase_1_clock_guidance_140_160,700,-630.1783177110589,422,high_altitude,155.70510864257812,114.91017150878906,0.4062908589839935,145.1064453125,48.5619010925293,-95.70613861083984,-42.03897857666016,151.17350580561933,-177.11045249944743,44.32719346804698,-0.8760838182022905,0.9965161681175232,0.0,1.6082605547789175,213,0,0.0
2026-04-18 13:22:03,70,214,1,v9_0_0_phase_1_clock_guidance_140_160,700,-642.4905158570504,424,high_altitude,159.6234893798828,112.87579345703124,0.4062908589839935,145.6017608642578,48.5619010925293,-96.19791412353516,-41.50975036621094,138.07006109051667,163.83390347001995,-0.4061241419464424,-0.7439624803887229,0.9836030006408693,0.0,3.151903697376027,214,0,0.0
2026-04-18 13:22:07,70,215,1,v9_0_0_phase_1_clock_guidance_140_160,700,-159.2069622116171,256,near_miss,148.63844299316406,15.781044960021973,0.4062908589839935,53.94889450073242,48.5619010925293,-4.547706604003906,13.61642360687256,107.51262802695835,-112.25851666985002,24.367509241437137,-0.3009159920333484,0.9929290413856506,0.0,3.120490102135331,215,0,0.0
2026-04-18 13:22:14,71,216,1,v9_0_0_phase_1_clock_guidance_140_160,700,-641.5161141031338,427,high_altitude,151.7566680908203,124.25655364990234,0.4062908589839935,145.43795776367188,48.5619010925293,-96.02165985107422,-46.13764572143555,148.97586511941105,-148.85266216716238,32.083737871340624,-0.8569502735609791,0.9468955397605896,0.0,2.040809146077234,216,0,0.0
2026-04-18 13:22:21,71,217,1,v9_0_0_phase_1_clock_guidance_140_160,700,-637.6465037997158,423,high_altitude,162.8602752685547,111.01936340332033,0.4062908589839935,145.471435546875,48.5619010925293,-96.06951141357422,-41.485164642333984,145.0981481615414,146.71321469268258,-6.011116299839407,-0.8201333833026726,0.9958567023277284,0.0,5.420306219210615,217,0,0.0
2026-04-18 13:22:27,71,218,1,v9_0_0_phase_1_clock_guidance_140_160,700,-632.7622617344219,423,high_altitude,161.5489044189453,112.15663146972656,0.4062908589839935,145.43565368652344,48.5619010925293,-96.03385162353516,-41.69373321533203,145.457334149614,154.47960423185066,-13.20747020370925,-0.8237041803412966,0.9957119226455688,0.0,5.052040620641404,218,0,0.0
2026-04-18 13:22:32,72,219,1,v9_0_0_phase_1_clock_guidance_140_160,700,-148.8074136734887,255,near_miss,149.89491271972656,15.915983200073242,0.4062908589839935,53.57605743408203,48.5619010925293,-4.1760101318359375,15.470601081848145,108.34774159639748,108.80914819558852,43.09716519098689,-0.3147834537983198,0.9984747767448424,0.0,3.75181627808326,219,0,0.0
2026-04-18 13:22:38,72,220,1,v9_0_0_phase_1_clock_guidance_140_160,700,-624.3123134494681,421,high_altitude,156.65956115722656,114.90757751464844,0.4062908589839935,145.24017333984375,48.5619010925293,-95.84008026123048,-42.55173110961914,144.8264159156016,-152.72771535125574,14.523408600149756,-0.8174105725441826,0.9985904097557068,0.0,3.9752324313468463,220,0,0.0
2026-04-18 13:22:45,72,221,1,v9_0_0_phase_1_clock_guidance_140_160,700,-628.5802957463795,421,high_altitude,165.8046112060547,107.60343170166016,0.4062908589839935,145.156982421875,48.5619010925293,-95.7571792602539,-41.39289474487305,149.52565436646205,158.88201632176072,4.430375738145737,-0.861856325969972,0.998151421546936,0.0,0.968696103743809,221,0,0.0
2026-04-18 13:22:52,73,222,1,v9_0_0_phase_1_clock_guidance_140_160,700,-591.9910509151277,424,high_altitude,154.36038208007812,117.63555908203124,0.4062908589839935,145.288330078125,48.5619010925293,-96.3189468383789,-41.70613098144531,138.75605796999608,172.52714967955873,-4.7760046544895385,-0.7519095169132115,0.9935344457626344,0.0,3.097851046250397,222,0,0.0
2026-04-18 13:22:59,73,223,1,v9_0_0_phase_1_clock_guidance_140_160,700,-519.021143519102,424,high_altitude,160.30870056152344,114.18543243408205,0.4062908589839935,145.00509643554688,48.5619010925293,-95.5998306274414,-39.88529968261719,137.59101894288867,146.2766016801787,-11.498558580919353,-0.7383496353179501,0.9775349497795104,0.0,0.723082166690949,223,0,0.0
2026-04-18 13:23:05,73,224,1,v9_0_0_phase_1_clock_guidance_140_160,700,-606.2368162018165,423,high_altitude,151.82017517089844,117.9233169555664,0.4062908589839935,145.62045288085938,48.5619010925293,-96.21900177001952,-42.054443359375,145.40575256100206,-145.50529573796584,25.431905431124413,-0.823193376539194,0.9959760308265686,0.0,1.402001092781217,224,0,0.0
2026-04-18 13:23:12,74,225,1,v9_0_0_phase_1_clock_guidance_140_160,700,-640.0969788864252,424,high_altitude,160.2069549560547,111.29035949707033,0.4062908589839935,145.45037841796875,48.5619010925293,-96.03980255126952,-42.1768913269043,164.91952105745847,-177.01954268159454,-41.94868595752217,-0.9655613304792384,0.9613732695579528,0.0,2.277513267175378,225,0,0.0
2026-04-18 13:23:19,74,226,1,v9_0_0_phase_1_clock_guidance_140_160,700,-632.3468705284672,424,high_altitude,157.406494140625,116.00071716308594,0.4062908589839935,145.35305786132812,48.5619010925293,-95.94676971435548,-42.6697883605957,134.73018054865048,-154.16881696423673,6.897565144193519,-0.7037690187923733,0.9776039719581604,0.0,2.76562286835904,226,0,0.0
2026-04-18 13:23:23,74,227,1,v9_0_0_phase_1_clock_guidance_140_160,700,-161.92422453228843,260,near_miss,151.94317626953125,15.810585021972656,0.4062908589839935,55.7402229309082,48.5619010925293,-6.3407745361328125,12.34302806854248,116.82055028066328,124.0695939713379,-37.194997238598354,-0.4511976554900399,0.9978784322738647,0.0,3.042426405526091,227,0,0.0
2026-04-18 13:23:30,75,228,1,v9_0_0_phase_1_clock_guidance_140_160,700,-639.792518532221,422,high_altitude,161.52011108398438,112.09445190429688,0.4062908589839935,145.4727325439453,48.5619010925293,-96.07076263427734,-42.251739501953125,154.71412560719222,-173.50810144815597,-38.201275348638,-0.9041878822884748,0.9933266043663024,0.0,3.5816338725976142,228,0,0.0
2026-04-18 13:23:37,75,229,1,v9_0_0_phase_1_clock_guidance_140_160,700,-628.0079345274813,423,high_altitude,156.10818481445312,116.3669891357422,0.4062908589839935,145.286865234375,48.5619010925293,-95.88483428955078,-42.9793586730957,143.40195264343876,-150.96689258322644,20.02270979717613,-0.8028377941026916,0.9905573129653932,0.0,0.4278512146665991,229,0,0.0
2026-04-18 13:23:44,75,230,1,v9_0_0_phase_1_clock_guidance_140_160,700,-587.1368210354608,423,high_altitude,158.1235809326172,114.08931732177734,0.4062908589839935,145.0255889892578,48.5619010925293,-95.62317657470705,-41.1993293762207,139.94390982893134,150.94748118560528,-8.545383713065414,-0.7654148139690137,0.9898263812065125,0.0,3.0092854462940086,230,0,0.0
2026-04-18 13:23:51,76,231,1,v9_0_0_phase_1_clock_guidance_140_160,700,-619.7021788524246,421,high_altitude,161.24755859375,112.43675994873048,0.4062908589839935,145.14920043945312,48.5619010925293,-95.74114227294922,-42.71108627319336,161.17594901488783,-169.9022260192528,-41.11895457714903,-0.9465138996075888,0.9718939661979676,0.0,0.4856016865701159,231,0,0.0
2026-04-18 13:23:58,76,232,1,v9_0_0_phase_1_clock_guidance_140_160,700,-606.5655047250968,423,high_altitude,161.4029998779297,111.89900207519533,0.4062908589839935,145.32310485839844,48.5619010925293,-95.9195327758789,-42.50529861450195,148.58614818574847,-148.16976619356615,23.95835358939669,-0.8534248131657671,0.9850961565971376,0.0,0.2859057471741607,232,0,0.0
2026-04-18 13:24:04,76,233,1,v9_0_0_phase_1_clock_guidance_140_160,700,-601.1078222570026,423,high_altitude,165.9674072265625,109.01528930664062,0.4062908589839935,145.11727905273438,48.5619010925293,-95.7151107788086,-41.55080795288086,157.3241184739725,168.09376951195185,38.74604782174363,-0.9227004536227618,0.9931378960609436,0.0,3.585757987970325,233,0,0.0
2026-04-18 13:24:11,77,234,1,v9_0_0_phase_1_clock_guidance_140_160,700,-623.0214477600132,423,high_altitude,160.6793212890625,112.85017395019533,0.4062908589839935,145.26771545410156,48.5619010925293,-96.29674530029295,-41.97274398803711,148.538883276692,151.50837632024673,-23.801542691336955,-0.8529945570376403,0.9931424260139464,0.0,0.6960877025645328,234,0,0.0
2026-04-18 13:24:18,77,235,1,v9_0_0_phase_1_clock_guidance_140_160,700,-598.174556136443,424,high_altitude,165.21890258789062,111.16299438476562,0.4062908589839935,145.12828063964844,48.5619010925293,-95.72733306884766,-41.90785598754883,145.78888519230478,-151.14227818073405,12.97064620084375,-0.8269715201639964,0.995364248752594,0.0,1.297337023550029,235,0,0.0
2026-04-18 13:24:22,77,236,1,v9_0_0_phase_1_clock_guidance_140_160,700,-155.08040580660204,257,near_miss,149.76962280273438,15.992538452148438,0.4062908589839935,53.69223785400391,48.5619010925293,-4.72393798828125,14.335165023803713,104.7815222458154,123.97849290818829,0.0797452666747822,-0.2551339463876895,0.999123513698578,0.0,0.9753395651660184,236,0,0.0
2026-04-18 13:24:29,78,237,1,v9_0_0_phase_1_clock_guidance_140_160,700,-620.9560587491395,422,high_altitude,166.33758544921875,110.34872436523438,0.4062908589839935,145.00341796875,48.5619010925293,-95.60272979736328,-42.04058456420898,146.86054187307977,-146.89227493196364,-12.953134449585484,-0.8373424316485435,0.996459186077118,0.0,3.74085372137562,237,0,0.0
2026-04-18 13:24:36,78,238,1,v9_0_0_phase_1_clock_guidance_140_160,700,-597.0519670818142,423,high_altitude,166.02650451660156,110.26432037353516,0.4062908589839935,145.48301696777344,48.5619010925293,-96.0825424194336,-41.43051528930664,147.0352581120487,160.6629061855715,-3.0045242300340926,-0.8390055637312344,0.9979640245437622,0.0,2.16478414458481,238,0,0.0
2026-04-18 13:24:43,78,239,1,v9_0_0_phase_1_clock_guidance_140_160,700,-562.3575669145234,428,high_altitude,166.92996215820312,112.0325698852539,0.4062908589839935,145.4429473876953,48.5619010925293,-95.99654388427734,-36.73600769042969,125.69506971077422,150.4916207000203,38.32590581042322,-0.5834713295868855,0.8625074028968811,0.0,1.276771993135532,239,0,0.0
2026-04-18 13:24:48,79,240,1,v9_0_0_phase_1_clock_guidance_140_160,700,-167.188895154566,264,near_miss,152.74356079101562,15.989940643310549,0.4062908589839935,56.98235321044922,48.5619010925293,-7.582950592041016,9.275318145751951,117.74056310148566,117.72891079876162,-15.94836706102742,-0.4654687521654383,0.9997527003288268,0.0,1.5983011075493898,240,0,0.0
2026-04-18 13:24:55,79,241,1,v9_0_0_phase_1_clock_guidance_140_160,700,-634.8882766741517,423,high_altitude,155.60879516601562,114.58961486816406,0.4062908589839935,145.58212280273438,48.5619010925293,-96.18218231201172,-41.58042526245117,150.0455547057051,152.52515926122985,44.81515242763644,-0.8664226698150718,0.9986541271209716,0.0,4.215409815422282,241,0,0.0
2026-04-18 13:24:59,79,242,1,v9_0_0_phase_1_clock_guidance_140_160,700,-139.52271383372886,259,near_miss,151.95205688476562,15.709673881530762,0.4062908589839935,55.26187515258789,48.5619010925293,-5.861415863037109,16.314542770385742,105.8617030026746,121.22557150283627,-0.9311170008655256,-0.2733163212863713,0.9944154024124146,0.0,0.604684383202663,242,0,0.0
2026-04-18 13:25:05,79,243,1,v9_0_0_phase_1_clock_guidance_140_160,700,-604.575876092407,423,high_altitude,152.8743438720703,115.42671966552734,0.4062908589839935,145.3855743408203,48.5619010925293,-95.98514556884766,-42.24512100219727,149.42167156653778,-155.16058775247927,32.8144963955457,-0.8609345053499357,0.996010720729828,0.0,2.530926086819102,243,0,0.0
2026-04-18 13:25:10,80,244,1,v9_0_0_phase_1_clock_guidance_140_160,700,-155.8893896075508,255,near_miss,150.19700622558594,15.805858612060549,0.4062908589839935,52.8787727355957,48.5619010925293,-3.9101715087890634,18.19537925720215,102.17650858694006,107.85274412686832,-8.433588884277938,-0.2109240357405981,0.9989895820617676,0.0,4.822143834733005,244,0,0.0
2026-04-18 13:25:16,80,245,1,v9_0_0_phase_1_clock_guidance_140_160,700,-587.0580209758323,423,high_altitude,150.62484741210938,121.27588653564452,0.4062908589839935,145.57302856445312,48.5619010925293,-96.17266082763672,-42.32016372680664,138.6690003788351,-175.8852121849955,13.894568451192312,-0.7509069326585572,0.9940827488899232,0.0,1.6284642288576,245,0,0.0
2026-04-18 13:25:20,80,246,1,v9_0_0_phase_1_clock_guidance_140_160,700,-159.19776516481323,256,near_miss,150.37152099609375,15.996337890625,0.4062908589839935,53.77613830566406,48.5619010925293,-4.807647705078125,16.083961486816406,106.01156418325384,-109.67234750289474,9.37131665448639,-0.2758313646035477,0.9994734525680542,0.0,1.0268280896197215,246,0,0.0
2026-04-18 13:25:28,81,247,1,v9_0_0_phase_1_clock_guidance_140_160,700,-589.6083395202913,424,high_altitude,161.6403350830078,113.2820816040039,0.4062908589839935,145.6022186279297,48.5619010925293,-96.20238494873048,-42.06712341308594,151.0481035324579,-162.59841787181304,-42.94019036838707,-0.8750264280453348,0.9986716508865356,0.0,1.066074665906371,247,0,0.0
2026-04-18 13:25:34,81,248,1,v9_0_0_phase_1_clock_guidance_140_160,700,-615.2878892201522,424,high_altitude,165.30319213867188,113.03988647460938,0.4062908589839935,145.00990295410156,48.5619010925293,-95.60602569580078,-44.16180038452149,153.9671351384246,-155.0866441245247,33.60732084873869,-0.8985424487451772,0.9841984510421752,0.0,0.9415483121339157,248,0,0.0
2026-04-18 13:25:41,81,249,1,v9_0_0_phase_1_clock_guidance_140_160,700,-625.9474816240928,423,high_altitude,161.8828887939453,112.6026840209961,0.4062908589839935,145.31719970703125,48.5619010925293,-95.91692352294922,-42.233245849609375,144.1251330727597,-168.49855384292349,-3.1766996386317743,-0.8102987775945981,0.9970788955688475,0.0,0.2593002602716443,249,0,0.0
2026-04-18 13:25:48,82,250,1,v9_0_0_phase_1_clock_guidance_140_160,700,-585.5260077127948,423,high_altitude,157.63018798828125,115.31932067871094,0.4062908589839935,145.92945861816406,48.5619010925293,-96.52898406982422,-41.76759719848633,144.0766387296526,154.0393575587083,-9.065135495693998,-0.8098024908826497,0.998285710811615,0.0,1.6146482903246655,250,0,0.0
2026-04-18 13:25:52,82,251,1,v9_0_0_phase_1_clock_guidance_140_160,700,-149.49012665958443,252,near_miss,148.93223571777344,15.836359977722168,0.4062908589839935,51.80781173706055,48.5619010925293,-2.839740753173828,20.120359420776367,99.97493371176984,-103.09576325676456,-16.310964728590474,-0.1732173182468524,0.9998910427093506,0.0,0.4806673076635357,251,0,0.0
2026-04-18 13:25:59,82,252,1,v9_0_0_phase_1_clock_guidance_140_160,700,-633.3757599015535,424,high_altitude,158.62838745117188,113.7889175415039,0.4062908589839935,145.33010864257812,48.5619010925293,-95.92981719970705,-42.016414642333984,143.55418389966,178.03446781112342,7.840344266180018,-0.8044190175236378,0.9969173669815063,0.0,3.283567041401559,252,0,0.0
2026-04-18 13:26:06,83,253,1,v9_0_0_phase_1_clock_guidance_140_160,700,-592.4663681193193,422,high_altitude,163.41476440429688,111.98478698730467,0.4062908589839935,145.5986785888672,48.5619010925293,-96.19950103759766,-41.959938049316406,148.4810862159353,-163.8782860392467,-17.24676894677392,-0.8524676370458247,0.9994478821754456,0.0,2.071247590510022,253,0,0.0
2026-04-18 13:26:13,83,254,1,v9_0_0_phase_1_clock_guidance_140_160,700,-603.944722691762,422,high_altitude,158.8531951904297,114.35031127929688,0.4062908589839935,145.071533203125,48.5619010925293,-95.67040252685548,-41.34197998046875,145.3252519514443,170.9090368840477,-20.295801250760757,-0.8223948595657693,0.9939716458320618,0.0,2.6864836319463468,254,0,0.0
2026-04-18 13:26:17,83,255,1,v9_0_0_phase_1_clock_guidance_140_160,700,-167.54639062403132,263,near_miss,154.1555938720703,15.75656509399414,0.4062908589839935,56.54238128662109,48.5619010925293,-7.1431732177734375,12.93964385986328,117.1355995863193,118.85146604923156,23.96626636355015,-0.4560979351823643,0.9994582533836364,0.0,2.395050819110673,255,0,0.0
2026-04-18 13:26:21,83,256,1,v9_0_0_phase_1_clock_guidance_140_160,700,-180.0527060807474,265,near_miss,153.22427368164062,15.893550872802734,0.4062908589839935,58.10143280029297,48.5619010925293,-9.132884979248049,7.910324573516846,123.8115767452515,129.53325353372787,-12.704355054351524,-0.5564635064847229,0.9994057416915894,0.0,4.787851848001064,256,0,0.0
2026-04-18 13:26:28,84,257,1,v9_0_0_phase_1_clock_guidance_140_160,700,-661.8335631409609,423,high_altitude,163.37925720214844,110.51388549804688,0.4062908589839935,145.19956970214844,48.5619010925293,-95.79981231689452,-41.95965194702149,149.31040778495827,169.79515597382368,13.486225591663102,-0.8599449975901277,0.9997403025627136,0.0,3.0835002325146954,257,0,0.0
2026-04-18 13:26:35,84,258,1,v9_0_0_phase_1_clock_guidance_140_160,700,-563.7959896202284,428,high_altitude,150.6407012939453,108.3712158203125,0.4062908589839935,145.57249450683594,48.5619010925293,-96.13994598388672,-33.818443298339844,130.7884373975011,132.6792659861924,-19.516930874042107,-0.653267824932349,0.8999260663986206,0.0,1.4429818725559291,258,0,0.0
2026-04-18 13:26:39,84,259,1,v9_0_0_phase_1_clock_guidance_140_160,700,-132.0124719652405,250,near_miss,149.21224975585938,15.881474494934082,0.4062908589839935,51.01370620727539,48.5619010925293,-2.045623779296875,22.07945251464844,96.47336893187112,106.9335167778005,17.747505482753187,-0.112741389534554,0.9987866282463074,0.0,1.247605583418903,259,0,0.0
2026-04-18 13:26:43,84,260,1,v9_0_0_phase_1_clock_guidance_140_160,700,-152.0026895170255,250,near_miss,148.1466827392578,15.590837478637695,0.4062908589839935,51.153621673583984,48.5619010925293,-2.185386657714844,20.864891052246094,101.97250449681012,-102.19338598437916,43.28687711027858,-0.2074422665191044,0.997632622718811,0.0,0.3254034499099682,260,0,0.0
2026-04-18 13:26:47,85,261,1,v9_0_0_phase_1_clock_guidance_140_160,700,-163.43462438288458,265,near_miss,152.08970642089844,15.864073753356934,0.4062908589839935,57.699825286865234,48.5619010925293,-8.300498962402344,7.664513111114502,118.6850963014284,133.7967122551632,-7.281898608129667,-0.4799953191578237,0.998378038406372,0.0,1.9608063809205416,261,0,0.0
2026-04-18 13:26:51,85,262,1,v9_0_0_phase_1_clock_guidance_140_160,700,-148.0569653470012,252,near_miss,149.10031127929688,15.890643119812012,0.4062908589839935,52.04022979736328,48.5619010925293,-3.072071075439453,19.59661102294922,101.015581333713,101.20495515864076,-12.096272704055398,-0.1910759374866518,0.9999940395355223,0.0,0.3787850605938732,262,0,0.0
2026-04-18 13:26:58,85,263,1,v9_0_0_phase_1_clock_guidance_140_160,700,-611.7590997506891,422,high_altitude,154.05450439453125,113.6037826538086,0.4062908589839935,145.0750274658203,48.5619010925293,-95.67525482177734,-40.35268783569336,142.69617553612298,148.78451053962397,-3.135180412771148,-0.7954330296681015,0.9965271949768066,0.0,1.2663926616030066,263,0,0.0
2026-04-18 13:27:05,86,264,1,v9_0_0_phase_1_clock_guidance_140_160,700,-606.2264749681774,424,high_altitude,159.8555908203125,116.69102478027344,0.4062908589839935,145.46559143066406,48.5619010925293,-96.0637435913086,-44.25555038452149,149.55051625504092,-153.3883722289144,31.197295430288857,-0.8620763093636339,0.9890083074569702,0.0,1.746039198454694,264,0,0.0
2026-04-18 13:27:12,86,265,1,v9_0_0_phase_1_clock_guidance_140_160,700,-570.783947731265,425,high_altitude,161.8976287841797,118.35890197753906,0.4062908589839935,145.52001953125,48.5619010925293,-96.11914825439452,-43.709510803222656,150.1181186354473,-159.57054037123302,-36.94769999441429,-0.867054342288008,0.9922816753387452,0.0,1.4308010614806512,265,0,0.0
2026-04-18 13:27:19,86,266,1,v9_0_0_phase_1_clock_guidance_140_160,700,-641.2809757569117,423,high_altitude,160.22390747070312,112.75872039794922,0.4062908589839935,145.60040283203125,48.5619010925293,-96.2010269165039,-42.10813522338867,147.63393785317865,166.92214618248454,-4.886271228450225,-0.8446451621940552,0.9998544454574584,0.0,4.240840813422116,266,0,0.0
2026-04-18 13:27:26,87,267,1,v9_0_0_phase_1_clock_guidance_140_160,700,-585.5745834793396,424,high_altitude,166.51654052734375,110.29923248291016,0.4062908589839935,145.5354461669922,48.5619010925293,-96.1357650756836,-41.27360916137695,148.4501181382385,161.4088721259636,-9.488766026132993,-0.8521849526085254,0.998864471912384,0.0,4.48756946591465,267,0,0.0
2026-04-18 13:27:32,87,268,1,v9_0_0_phase_1_clock_guidance_140_160,700,-587.6997169125726,423,high_altitude,155.57058715820312,118.01708984375,0.4062908589839935,145.54957580566406,48.5619010925293,-96.1502914428711,-42.527809143066406,145.0553228754454,-152.6598232709058,34.13255898081808,-0.8197054884413152,0.9999279975891112,0.0,1.207917661803006,268,0,0.0
2026-04-18 13:27:39,87,269,1,v9_0_0_phase_1_clock_guidance_140_160,700,-610.89793620666,425,high_altitude,165.9761505126953,110.92633819580078,0.4062908589839935,145.48941040039062,48.5619010925293,-96.09004974365234,-41.7938346862793,150.48761820916667,-179.93440787216753,37.57202368078306,-0.8702492614005535,0.9999567270278932,0.0,3.723056750622849,269,0,0.0
2026-04-18 13:27:46,88,270,1,v9_0_0_phase_1_clock_guidance_140_160,700,-580.0858843235188,423,high_altitude,161.1514434814453,118.50650787353516,0.4062908589839935,145.2176055908203,48.5619010925293,-95.8155288696289,-45.133094787597656,152.02426050825778,-151.94102782303202,39.3245443538762,-0.8831463000487434,0.9878209233283995,0.0,1.6382297633058251,270,0,0.0
2026-04-18 13:27:53,88,271,1,v9_0_0_phase_1_clock_guidance_140_160,700,-587.8517138738285,423,high_altitude,156.96920776367188,119.46802520751952,0.4062908589839935,145.23403930664062,48.5619010925293,-95.83446502685548,-44.45530700683594,146.03306445513272,-149.7322129473416,-33.24307369049107,-0.8293601355498043,0.9974126219749452,0.0,1.570600575462794,271,0,0.0
2026-04-18 13:28:00,88,272,1,v9_0_0_phase_1_clock_guidance_140_160,700,-612.5595923113051,423,high_altitude,161.89456176757812,112.8853988647461,0.4062908589839935,145.02505493164062,48.5619010925293,-95.6256332397461,-42.36916732788086,148.29690333477677,-156.8846777631522,32.09456372117509,-0.8507827080130064,0.9999359846115112,0.0,2.18035615476607,272,0,0.0
2026-04-18 13:28:07,89,273,1,v9_0_0_phase_1_clock_guidance_140_160,700,-595.1019963627944,423,high_altitude,159.91403198242188,114.21478271484376,0.4062908589839935,145.0439453125,48.5619010925293,-95.64466094970705,-42.675392150878906,148.30682076945163,-154.5479880858208,-31.091126969830174,-0.850873658107174,0.9989143013954164,0.0,0.8700389619808199,273,0,0.0
2026-04-18 13:28:14,89,274,1,v9_0_0_phase_1_clock_guidance_140_160,700,-615.1255863055819,425,high_altitude,163.47511291503906,112.46531677246094,0.4062908589839935,145.0418701171875,48.5619010925293,-95.63843536376952,-42.46757125854492,157.95100689637462,-169.99722029022934,40.58702968987218,-0.9268631929214656,0.98360276222229,0.0,1.806327189233114,274,0,0.0
2026-04-18 13:28:23,90,275,1,v9_0_0_phase_1_clock_guidance_140_160,700,-630.5771469871606,424,high_altitude,161.74148559570312,111.75806427001952,0.4062908589839935,145.4577178955078,48.5619010925293,-96.05823516845705,-42.01373291015625,151.802866756501,-157.99230222009652,44.84958682633706,-0.8813270947273792,0.999017298221588,0.0,1.50092082784546,275,0,0.0
2026-04-18 13:28:30,90,276,1,v9_0_0_phase_1_clock_guidance_140_160,700,-591.087925364878,423,high_altitude,158.00936889648438,113.24370574951172,0.4062908589839935,145.05625915527344,48.5619010925293,-95.6562271118164,-41.46485137939453,144.48595830623313,152.28032430024157,-2.0436848072216103,-0.8139731788358651,0.998457372188568,0.0,0.6147928672864973,276,0,0.0
2026-04-18 13:28:38,90,277,1,v9_0_0_phase_1_clock_guidance_140_160,700,-600.1365670518745,424,high_altitude,155.8956298828125,114.5802764892578,0.4062908589839935,145.38174438476562,48.5619010925293,-95.98145294189452,-41.320594787597656,142.44019370640925,151.63840946166542,10.10088843332318,-0.7927174728380786,0.995152711868286,0.0,1.7457549828149166,277,0,0.0
2026-04-18 13:28:43,90,278,1,v9_0_0_phase_1_clock_guidance_140_160,700,-156.7251839638567,258,near_miss,148.94090270996094,15.839073181152344,0.4062908589839935,54.09357833862305,48.5619010925293,-5.125465393066406,11.545634269714355,108.38410552353864,179.09907573667496,3.05387042579673,-0.3153857962117028,0.9999606609344482,0.0,0.2615799501938951,278,0,0.0
2026-04-18 13:28:52,91,279,1,v9_0_0_phase_1_clock_guidance_140_160,700,-634.9326499396517,424,high_altitude,163.22572326660156,111.33432006835938,0.4062908589839935,145.1656036376953,48.5619010925293,-95.7652359008789,-41.74628829956055,152.13175402541546,175.226891232033,-39.77909685823513,-0.8840248268064693,0.9986167550086976,0.0,2.075228716664824,279,0,0.0
2026-04-18 13:28:59,91,280,1,v9_0_0_phase_1_clock_guidance_140_160,700,-630.1366399249212,425,high_altitude,161.36407470703125,110.4820556640625,0.4062908589839935,145.35472106933594,48.5619010925293,-95.95478057861328,-41.32666778564453,149.99512058887373,159.91419450913304,-21.271705509561347,-0.8659828197491962,0.999129354953766,0.0,1.1473039434732364,280,0,0.0
2026-04-18 13:29:06,91,281,1,v9_0_0_phase_1_clock_guidance_140_160,700,-609.3399522157289,423,high_altitude,161.93704223632812,111.69649505615234,0.4062908589839935,145.00132751464844,48.5619010925293,-95.60213470458984,-41.547664642333984,147.96599432986798,157.49380769371228,15.904908274885925,-0.8477334339464585,0.9994388818740844,0.0,1.5214466451374833,281,0,0.0
2026-04-18 13:29:14,92,282,1,v9_0_0_phase_1_clock_guidance_140_160,700,-565.1189946580408,425,high_altitude,163.90484619140625,111.81613159179688,0.4062908589839935,145.38551330566406,48.5619010925293,-95.98625946044922,-41.04284286499024,149.36958454392726,149.36831412874164,-24.428692368474817,-0.8604716811772177,0.9992282390594482,0.0,2.89305516405402,282,0,0.0
2026-04-18 13:29:22,92,283,1,v9_0_0_phase_1_clock_guidance_140_160,700,-575.7183081821121,424,high_altitude,157.44851684570312,114.7639389038086,0.4062908589839935,145.3082275390625,48.5619010925293,-95.90808868408205,-41.661251068115234,150.56063293139408,167.22573443071326,-36.41692257891801,-0.8708763129150286,0.9964576959609984,0.0,0.1329963885935222,283,0,0.0
2026-04-18 13:29:32,93,284,1,v9_0_0_phase_1_clock_guidance_140_160,700,-592.2146711717941,424,high_altitude,157.40853881835938,114.3149642944336,0.4062908589839935,145.3213348388672,48.5619010925293,-95.9215316772461,-41.45053482055664,149.16555313304065,151.77304615058472,-38.15626098691303,-0.8586518957830501,0.999117076396942,0.0,1.920965302911028,284,0,0.0
2026-04-18 13:29:37,93,285,1,v9_0_0_phase_1_clock_guidance_140_160,700,-142.34770643940362,252,near_miss,148.3673095703125,15.79981803894043,0.4062908589839935,51.69505310058594,48.5619010925293,-2.7266845703125,18.405048370361328,102.23112960973263,-113.59922816241016,42.09282343957696,-0.21185580915846,0.9991648197174072,0.0,0.6620437967177727,285,0,0.0
2026-04-18 13:29:44,93,286,1,v9_0_0_phase_1_clock_guidance_140_160,700,-624.3722636285951,424,high_altitude,157.10690307617188,114.35581970214844,0.4062908589839935,145.43556213378906,48.5619010925293,-96.03572845458984,-41.72641372680664,148.51320176541273,152.1572716121546,38.18955815911684,-0.8527605328465879,0.9996213912963868,0.0,2.9972659307266176,286,0,0.0
2026-04-18 13:29:49,93,287,1,v9_0_0_phase_1_clock_guidance_140_160,700,-139.14745657286252,254,near_miss,148.89340209960938,15.80822467803955,0.4062908589839935,52.14556884765625,48.5619010925293,-3.177215576171875,17.197282791137695,100.60260760592652,-109.79776343643452,-2.584926285969757,-0.1839960850966114,0.9998451471328736,0.0,1.9221602137665217,287,0,0.0
2026-04-18 13:29:55,94,288,1,v9_0_0_phase_1_clock_guidance_140_160,700,-154.79619628626676,259,near_miss,151.1661834716797,15.931659698486328,0.4062908589839935,54.62649154663086,48.5619010925293,-5.227069854736328,14.415861129760742,109.65449338840432,112.22778764877414,-32.91316189320112,-0.3363473984215537,0.999912977218628,0.0,3.4971729992275327,288,0,0.0
2026-04-18 13:30:02,94,289,1,v9_0_0_phase_1_clock_guidance_140_160,700,-131.27881891510202,250,near_miss,149.10971069335938,15.64114761352539,0.4062908589839935,51.22289276123047,48.5619010925293,-1.8232841491699217,22.40187644958496,96.83332673131996,104.75071809265866,24.202782154129352,-0.118981517743673,0.9997860193252563,0.0,4.501555746154996,289,0,0.0
2026-04-18 13:30:14,94,290,1,v9_0_0_phase_1_clock_guidance_140_160,700,-597.4765979561041,424,high_altitude,163.2901611328125,112.10118865966795,0.4062908589839935,145.6649169921875,48.5619010925293,-96.26537322998048,-41.47196960449219,150.0573709329692,158.4713033865895,37.14127438568162,-0.8665256253890491,0.99983549118042,0.0,2.0637129144197406,290,0,0.0
2026-04-18 13:30:26,94,291,1,v9_0_0_phase_1_clock_guidance_140_160,700,-604.958894316633,424,high_altitude,162.97853088378906,112.3188247680664,0.4062908589839935,145.2770538330078,48.5619010925293,-95.8774185180664,-41.88728332519531,149.75629619435506,-152.64209209982047,38.40354798581334,-0.8638908593692898,0.999747395515442,0.0,5.216298308192423,291,0,0.0
2026-04-18 13:30:32,95,292,1,v9_0_0_phase_1_clock_guidance_140_160,700,-168.76870759756866,260,near_miss,151.9523468017578,15.824512481689451,0.4062908589839935,55.25986862182617,48.5619010925293,-5.860546112060547,14.452733993530272,112.27270980294531,-114.3011188920882,32.00385880899732,-0.3790154356055746,0.999884068965912,0.0,0.7366235777398662,292,0,0.0
2026-04-18 13:30:40,95,293,1,v9_0_0_phase_1_clock_guidance_140_160,700,-626.6446968148254,423,high_altitude,155.59352111816406,115.43289184570312,0.4062908589839935,145.532470703125,48.5619010925293,-96.13300323486328,-42.19847869873047,145.87812844400014,-168.63515762632375,7.151685320471605,-0.8278462611998513,0.9999488592147828,0.0,1.3306476045146127,293,0,0.0
2026-04-18 13:30:45,95,294,1,v9_0_0_phase_1_clock_guidance_140_160,700,-131.0795935002563,251,near_miss,149.3526611328125,15.895639419555664,0.4062908589839935,51.26216506958008,48.5619010925293,-2.2941627502441406,21.75541114807129,97.44620643573435,100.93251940321646,-15.539879059978343,-0.1295952922196677,0.9994968175888062,0.0,1.960097202467726,294,0,0.0
2026-04-18 13:30:53,96,295,1,v9_0_0_phase_1_clock_guidance_140_160,700,-580.9865785529064,425,high_altitude,159.9335479736328,114.60177612304688,0.4062908589839935,145.64553833007812,48.5619010925293,-96.24492645263672,-41.70851516723633,146.15755148294537,166.35768568909634,-20.528746559951333,-0.830572100533663,0.996451497077942,0.0,0.214615206425788,295,0,0.0
2026-04-18 13:31:01,96,296,1,v9_0_0_phase_1_clock_guidance_140_160,700,-615.5789728170313,425,high_altitude,162.30467224121094,108.97982025146484,0.4062908589839935,145.1402587890625,48.5619010925293,-95.73473358154295,-40.773075103759766,160.58535621773518,178.349339531861,-37.019041320295074,-0.9431377326638246,0.9785765409469604,0.0,1.1125935381019236,296,0,0.0
2026-04-18 13:31:09,96,297,1,v9_0_0_phase_1_clock_guidance_140_160,700,-630.6832128960829,424,high_altitude,154.24838256835938,116.32907104492188,0.4062908589839935,145.6166534423828,48.5619010925293,-96.21656036376952,-41.93115997314453,146.05016724881443,146.10489072444457,-24.544421386224226,-0.8295268748768247,0.9992936849594116,0.0,2.661253145673234,297,0,0.0
2026-04-18 13:31:17,97,298,1,v9_0_0_phase_1_clock_guidance_140_160,700,-615.6417300443571,424,high_altitude,159.10311889648438,113.91707611083984,0.4062908589839935,145.2440185546875,48.5619010925293,-95.8430404663086,-41.66918563842773,144.65521039386604,153.3068470909811,-15.89356162312724,-0.8156856143713577,0.9957716464996338,0.0,0.7140067849297935,298,0,0.0
2026-04-18 13:31:24,97,299,1,v9_0_0_phase_1_clock_guidance_140_160,700,-584.5724396256448,423,high_altitude,157.7342071533203,114.6116943359375,0.4062908589839935,145.25924682617188,48.5619010925293,-95.85970306396484,-41.92375183105469,146.6203924218621,177.4712913932992,19.50330635419522,-0.8350437346816527,0.9999358654022216,0.0,5.846216906998535,299,0,0.0
2026-04-18 13:31:33,97,300,1,v9_0_0_phase_1_clock_guidance_140_160,700,-587.5894228446025,423,high_altitude,154.16494750976562,117.01744079589844,0.4062908589839935,145.0598602294922,48.5619010925293,-95.66002655029295,-42.0388298034668,141.7033255779916,-165.686756206926,-1.2297909279864283,-0.7848123426026447,0.9984974265098572,0.0,0.1779509565378422,300,0,0.0
2026-04-18 13:31:42,98,301,1,v9_0_0_phase_1_clock_guidance_140_160,700,-606.7593675775166,423,high_altitude,156.96298217773438,110.50353240966795,0.4062908589839935,145.10855102539062,48.5619010925293,-95.70764923095705,-40.20171356201172,151.03773530529782,151.06889462829142,26.15675925679201,-0.8749388156242751,0.9930646419525146,0.0,1.8025763973600075,301,0,0.0
2026-04-18 13:31:46,98,302,1,v9_0_0_phase_1_clock_guidance_140_160,700,-165.42585792403736,261,near_miss,152.1580810546875,15.94115161895752,0.4062908589839935,55.27638244628906,48.5619010925293,-6.308029174804688,13.448446273803713,112.79823138787526,166.04669351580733,-14.59146289749247,-0.3874871300991429,0.9998563528060912,0.0,4.992883078188142,302,0,0.0
2026-04-18 13:31:53,98,303,1,v9_0_0_phase_1_clock_guidance_140_160,700,-592.0082377530744,425,high_altitude,151.26815795898438,119.3400421142578,0.4062908589839935,145.55999755859375,48.5619010925293,-96.16059112548828,-42.159400939941406,143.93515819118497,-152.29536437679394,26.83877584353259,-0.8083512780752613,0.9998854398727416,0.0,4.33664190984226,303,0,0.0
2026-04-18 13:31:57,99,304,1,v9_0_0_phase_1_clock_guidance_140_160,700,-158.289375351722,256,near_miss,148.60955810546875,15.911688804626465,0.4062908589839935,53.06392288208008,48.5619010925293,-4.095848083496094,14.144193649291992,105.04935445373911,-157.8246893778644,25.45303632886914,-0.2596509952797678,0.9999349117279052,0.0,1.2019029950403255,304,0,0.0
2026-04-18 13:32:05,99,305,1,v9_0_0_phase_1_clock_guidance_140_160,700,-619.2954032726689,426,high_altitude,164.6756591796875,110.37376403808594,0.4062908589839935,145.50669860839844,48.5619010925293,-96.10663604736328,-41.129432678222656,148.71103136453297,152.64713277942792,-13.356696176695689,-0.8545588391966864,0.9986830949783324,0.0,1.0135008224754836,305,0,0.0
2026-04-18 13:32:13,99,306,1,v9_0_0_phase_1_clock_guidance_140_160,700,-577.0203436997305,425,high_altitude,159.27957153320312,115.640869140625,0.4062908589839935,145.45953369140625,48.5619010925293,-96.05817413330078,-42.33300018310547,152.20974112535865,-153.6750625891365,-40.69573898070211,-0.8846602550198669,0.9937946796417236,0.0,3.1298073273711817,306,0,0.0
2026-04-18 13:32:22,100,307,1,v9_0_0_phase_1_clock_guidance_140_160,700,-641.686763145947,423,high_altitude,165.85118103027344,109.83828735351562,0.4062908589839935,145.0989227294922,48.5619010925293,-95.6992416381836,-42.35204315185547,155.18816805634776,-156.32632345888203,-41.24609854854881,-0.90769083964903,0.9965333938598632,0.0,0.1144699099980706,307,0,0.0
2026-04-18 13:32:26,100,308,1,v9_0_0_phase_1_clock_guidance_140_160,700,-163.94136078476168,257,near_miss,149.07601928710938,15.911030769348145,0.4062908589839935,53.11572647094727,48.5619010925293,-4.147232055664063,13.58184814453125,104.23785284826074,111.54026080692066,-9.564500871197383,-0.2459478029928924,0.9998131394386292,0.0,5.751463925376701,308,0,0.0
2026-04-18 13:32:33,100,309,1,v9_0_0_phase_1_clock_guidance_140_160,700,-627.4467334773609,425,high_altitude,161.91226196289062,112.56818389892578,0.4062908589839935,145.2738800048828,48.5619010925293,-95.87419891357422,-42.172733306884766,146.73758480764118,-155.75115322887524,17.31062438532437,-0.836167328757774,0.9974194765090942,0.0,0.6220204247122765,309,0,0.0
2026-04-18 13:32:41,100,310,1,v9_0_0_phase_1_clock_guidance_140_160,700,-579.1490797688208,425,high_altitude,159.8430633544922,115.24411010742188,0.4062908589839935,145.3463592529297,48.5619010925293,-95.9471206665039,-41.54964447021485,146.34771760981687,149.11416278972547,-22.921218392234227,-0.8324159243063736,0.998925805091858,0.0,2.221292222001993,310,0,0.0
