timestamp,update_id,episode_id,phase_id,phase_name,max_step,episode_return,episode_len,done_reason,start_distance,final_distance,start_agl,final_agl,start_alt_error,final_alt_error,final_closing_speed,final_theta_deg,final_alpha_deg,final_beta_deg,final_alignment,final_forward_up_dot,final_grounded_flag,final_ang_vel_mag
2026-04-13 13:33:14,2162,1,1,v8_7_phase_2_2_radius_105_120_reward_grid,520,152.51981329319747,205,success,122.83721923828125,14.543341636657715,0.40629085898399353,37.78935623168945,48.5619010925293,11.614986419677734,29.73912239074707,33.50555444520008,22.113268485124248,-16.14562975444656,0.8338323115246835,0.9805023074150085,0.0,0.25849176320927775
2026-04-13 13:33:17,2162,2,1,v8_7_phase_2_2_radius_105_120_reward_grid,520,166.77281023862852,199,success,118.94984436035156,14.969346046447754,0.40629085898399353,35.42417907714844,48.5619010925293,13.979789733886719,25.410917282104492,17.828438101775962,15.877616546509843,14.416172922633264,0.951977547117045,0.9887990355491638,0.0,4.20582759745944
2026-04-13 13:33:20,2162,3,1,v8_7_phase_2_2_radius_105_120_reward_grid,520,-160.66428076320125,236,near_miss,120.21177673339844,8.22899341583252,0.40629085898399353,48.19614028930664,48.5619010925293,1.2034339904785156,-4.5636491775512695,77.54710598706254,42.692804331743794,-5.456849863787457,0.21563687465310688,0.9971057772636414,0.0,1.2979214119856206
2026-04-13 13:33:27,2162,4,1,v8_7_phase_2_2_radius_105_120_reward_grid,520,-754.617806193817,421,low_agl,121.95603942871094,132.85140991210938,0.40629085898399353,0.28670597076416016,48.5619010925293,49.67872619628906,-21.58678436279297,118.32625182281426,-176.050229555343,-110.64756191258917,-0.4744915770382431,-0.5240153670310974,0.0,3.22870232703653
2026-04-13 13:33:30,2163,5,1,v8_7_phase_2_2_radius_105_120_reward_grid,520,151.13238504005722,201,success,119.38465118408203,14.856904983520508,0.40629085898399353,36.690452575683594,48.5619010925293,12.711750030517578,25.918127059936523,33.893946322163686,6.42492203004416,-25.119603569062043,0.8300712099199257,0.9874942898750305,0.0,2.1903225944306746
2026-04-13 13:33:34,2163,6,1,v8_7_phase_2_2_radius_105_120_reward_grid,520,160.24976739655096,199,success,117.10428619384766,14.584050178527832,0.40629085898399353,35.871524810791016,48.5619010925293,13.532100677490234,25.59082794189453,28.021781683251724,5.836133256606027,-32.67076189465195,0.8827690537698066,0.9894134402275085,0.0,2.7778893872631714
2026-04-13 13:33:37,2163,7,1,v8_7_phase_2_2_radius_105_120_reward_grid,520,148.32277947867192,204,success,118.54498291015625,14.976152420043945,0.40629085898399353,36.72562789916992,48.5619010925293,12.6773681640625,26.27692985534668,30.90016854101496,-29.531330329452707,-18.537263181008836,0.8580633950892264,0.9920831918716431,0.0,2.5351091351097064
2026-04-13 13:33:40,2163,8,1,v8_7_phase_2_2_radius_105_120_reward_grid,520,143.74631516209902,199,success,116.468994140625,14.868755340576172,0.40629085898399353,35.34819030761719,48.5619010925293,14.05630874633789,23.428157806396484,29.369202129124112,-3.0620933332271916,-42.775507677308894,0.8714775579182562,0.9834959506988525,0.0,1.5831528042013312
2026-04-13 13:33:44,2163,9,1,v8_7_phase_2_2_radius_105_120_reward_grid,520,-271.7541558648329,219,near_miss,123.31693267822266,17.831296920776367,0.40629085898399353,41.853824615478516,48.5619010925293,7.706298828125,13.307706832885742,120.61082715677847,-120.9502192566364,-171.39727246629855,-0.5092040606806931,0.5478050112724304,0.0,1.4261228015568252
2026-04-13 13:33:47,2163,10,1,v8_7_phase_2_2_radius_105_120_reward_grid,520,-147.9815576504522,228,near_miss,117.28622436523438,9.325312614440918,0.40629085898399353,46.523719787597656,48.5619010925293,2.882030487060547,-10.556321144104004,76.87709858043014,-39.432717474856275,-27.981232557696654,0.22704059255542886,0.9774208068847656,0.0,0.5476992227473905
2026-04-13 13:33:51,2164,11,1,v8_7_phase_2_2_radius_105_120_reward_grid,520,164.96146360584245,207,success,123.34068298339844,14.445259094238281,0.40629085898399353,37.82514190673828,48.5619010925293,11.617961883544922,30.428848266601562,6.813767687700748,6.767758679677896,1.7004132666368152,0.992937027975026,0.8679056167602539,0.0,0.9407767437450278
2026-04-13 13:33:54,2164,12,1,v8_7_phase_2_2_radius_105_120_reward_grid,520,169.42430681836447,205,success,123.71099853515625,14.934822082519531,0.40629085898399353,37.48817825317383,48.5619010925293,11.937252044677734,31.180789947509766,16.965817653001906,14.657398128645188,-7.056423391456968,0.9564790131176458,0.9179280996322632,0.0,1.809776630268348
2026-04-13 13:33:58,2164,13,1,v8_7_phase_2_2_radius_105_120_reward_grid,520,-285.0125497109904,219,near_miss,123.97935485839844,17.773345947265625,0.40629085898399353,42.553001403808594,48.5619010925293,6.984447479248047,16.427886962890625,105.48443067367977,-115.23522239316831,-133.88810018625796,-0.2669765131237791,0.6082435846328735,0.0,1.0021163302264402
2026-04-13 13:34:01,2164,14,1,v8_7_phase_2_2_radius_105_120_reward_grid,520,-131.06070288570785,219,near_miss,129.73110961914062,10.432951927185059,0.40629085898399353,41.10417938232422,48.5619010925293,8.458824157714844,14.12679386138916,75.68622777788174,-67.10984610504187,-112.7131067402494,0.24723192849832923,0.5396224856376648,0.0,1.3635375115443817
2026-04-13 13:34:04,2164,15,1,v8_7_phase_2_2_radius_105_120_reward_grid,520,173.9720142746731,207,success,127.93409729003906,14.606849670410156,0.40629085898399353,37.434165954589844,48.5619010925293,12.111076354980469,32.13913345336914,21.09056889277261,-20.312608638760864,9.94965353094711,0.9330127790552628,0.5882121324539185,0.0,1.325092931351026
2026-04-13 13:34:08,2164,16,1,v8_7_phase_2_2_radius_105_120_reward_grid,520,133.4170807315455,219,success,120.05094146728516,7.511837959289551,0.40629085898399353,42.35408401489258,48.5619010925293,7.0736541748046875,19.077106475830078,40.341648313750305,-39.73697508162366,49.90345552909377,0.7621979766243404,0.911621630191803,0.0,0.3931674877270431
2026-04-13 13:34:11,2165,17,1,v8_7_phase_2_2_radius_105_120_reward_grid,520,186.3578656699772,199,success,117.75406646728516,14.927623748779297,0.40629085898399353,34.833946228027344,48.5619010925293,14.579471588134766,21.07077980041504,9.666112741706018,-9.663264552822122,8.053252361666717,0.9858029487520643,0.9529783725738525,0.0,1.4060655413427599
2026-04-13 13:34:15,2165,18,1,v8_7_phase_2_2_radius_105_120_reward_grid,520,-199.2924716206481,206,near_miss,119.8944091796875,17.574657440185547,0.40629085898399353,38.7737922668457,48.5619010925293,10.67831802368164,22.7006893157959,79.243977693893,-81.69685571919548,118.89131337284941,0.18662729942594747,0.8427739143371582,0.0,1.0212937341256394
2026-04-13 13:34:19,2165,19,1,v8_7_phase_2_2_radius_105_120_reward_grid,520,-220.68682470816498,233,near_miss,115.7000961303711,16.161663055419922,0.40629085898399353,47.78840637207031,48.5619010925293,1.7013587951660156,-14.908347129821777,75.20616110187822,-109.21369346993922,-74.64272513686552,0.2553417924770326,0.7383696436882019,0.0,0.7812055881655622
2026-04-13 13:34:25,2165,20,1,v8_7_phase_2_2_radius_105_120_reward_grid,520,-665.7412521990238,427,low_agl,118.8285140991211,223.697021484375,0.40629085898399353,0.3069930970668793,48.5619010925293,49.68212127685547,-44.548282623291016,80.0458419024525,109.89518925475558,-67.66650652239791,0.17286018523490881,-0.5802985429763794,0.0,1.5541113281500312
2026-04-13 13:34:29,2166,21,1,v8_7_phase_2_2_radius_105_120_reward_grid,520,-177.50427737869677,206,near_miss,122.69349670410156,17.99968719482422,0.40629085898399353,37.798187255859375,48.5619010925293,11.646400451660156,24.958669662475586,75.7460465746327,-77.2645888724233,-102.38615441332443,0.2462201696562238,0.8637511134147644,0.0,0.6886992671785094
2026-04-13 13:34:33,2166,22,1,v8_7_phase_2_2_radius_105_120_reward_grid,520,145.504497658512,219,success,123.72705841064453,9.88448715209961,0.40629085898399353,41.828887939453125,48.5619010925293,7.571811676025391,29.973567962646484,40.12644271338154,0.5828266586229465,21.98652066469632,0.7646240484174798,0.9952313899993896,0.0,0.9163245281899183
2026-04-13 13:34:39,2166,23,1,v8_7_phase_2_2_radius_105_120_reward_grid,520,-610.4903736511916,373,wrong_way,121.80683135986328,188.1124267578125,0.40629085898399353,6.253083229064941,48.5619010925293,43.81391525268555,-65.76586151123047,128.04163584164544,128.73253679694892,-135.64005736874455,-0.6162339463628793,-0.7808537483215332,0.0,3.8300467808828538
2026-04-13 13:34:42,2166,24,1,v8_7_phase_2_2_radius_105_120_reward_grid,520,-181.98355537513396,204,near_miss,121.6813735961914,17.634479522705078,0.40629085898399353,36.82321548461914,48.5619010925293,12.655029296875,26.02264404296875,82.88905157844287,-77.899133936885,164.91270452866678,0.12379109522747503,0.77016282081604,0.0,0.9164480876009817
2026-04-13 13:34:45,2166,25,1,v8_7_phase_2_2_radius_105_120_reward_grid,520,146.42885757396004,204,success,116.89474487304688,14.540160179138184,0.40629085898399353,36.777488708496094,48.5619010925293,12.624210357666016,24.299924850463867,28.76405761394474,-28.51375679407316,-18.841542985891028,0.8766087179330696,0.9944220781326294,0.0,2.8663671414287366
2026-04-13 13:34:49,2167,26,1,v8_7_phase_2_2_radius_105_120_reward_grid,520,159.98552342962267,205,success,125.35560607910156,14.961173057556152,0.40629085898399353,36.60141372680664,48.5619010925293,12.802558898925781,28.359769821166992,22.6052623789659,11.00548039454696,5.80522536995125,0.923174917292584,0.9859258532524109,0.0,0.9295683020248586
2026-04-13 13:34:54,2167,27,1,v8_7_phase_2_2_radius_105_120_reward_grid,520,-480.3932937368929,328,low_agl,125.31684112548828,172.63372802734375,0.40629085898399353,0.3851233720779419,48.5619010925293,49.730506896972656,-65.1569595336914,85.3473869248922,84.39579813953685,14.833075716739794,0.0811142039139354,-0.9020479917526245,0.0,3.124655380760871
2026-04-13 13:34:58,2167,28,1,v8_7_phase_2_2_radius_105_120_reward_grid,520,144.49445449895455,205,success,121.3226089477539,14.519993782043457,0.40629085898399353,36.70354080200195,48.5619010925293,12.698810577392578,27.83979034423828,31.45894290191912,29.778060667935662,-26.099274677189896,0.8530143582389685,0.9923582077026367,0.0,2.784244111632139
2026-04-13 13:35:01,2167,29,1,v8_7_phase_2_2_radius_105_120_reward_grid,520,141.5526138934617,201,success,117.17903900146484,14.824105262756348,0.40629085898399353,36.1434326171875,48.5619010925293,13.257556915283203,26.551605224609375,31.961416013494862,-15.321237874457067,-39.17979898498529,0.8484047607989932,0.99491947889328,0.0,4.386866799245496
2026-04-13 13:35:04,2167,30,1,v8_7_phase_2_2_radius_105_120_reward_grid,520,172.08409961367644,200,success,119.55287170410156,14.76939582824707,0.40629085898399353,35.56892776489258,48.5619010925293,13.840778350830078,25.81296157836914,16.65238368708461,0.7430948063414743,13.48567490766127,0.9580609782983709,0.9642706513404846,0.0,1.0796729674110837
2026-04-13 13:35:08,2168,31,1,v8_7_phase_2_2_radius_105_120_reward_grid,520,-131.27371050088772,218,near_miss,124.82817077636719,11.086179733276367,0.40629085898399353,41.14781951904297,48.5619010925293,8.381546020507812,7.965798854827881,78.9253015577877,-75.47324198899322,124.07975729282288,0.19208861335438512,0.6305819749832153,0.0,1.3551066532678413
2026-04-13 13:35:15,2168,32,1,v8_7_phase_2_2_radius_105_120_reward_grid,520,-344.30092461766344,417,near_miss,116.4136734008789,17.762718200683594,0.40629085898399353,61.543121337890625,48.5619010925293,-11.450462341308594,11.732927322387695,82.21866851140612,72.62155604824287,-146.6879566531319,0.13539275284882643,-0.8424570560455322,0.0,4.287877979373257
2026-04-13 13:35:19,2168,33,1,v8_7_phase_2_2_radius_105_120_reward_grid,520,130.07426308392587,212,success,119.96487426757812,11.141439437866211,0.40629085898399353,39.6920051574707,48.5619010925293,9.711772918701172,26.641902923583984,39.41598692648433,-31.509855131992396,39.57110052253532,0.7725564380522989,0.9827847480773926,0.0,2.551319088799536
2026-04-13 13:35:22,2168,34,1,v8_7_phase_2_2_radius_105_120_reward_grid,520,158.93986528120342,204,success,119.32450866699219,14.835809707641602,0.40629085898399353,36.61549377441406,48.5619010925293,12.787845611572266,21.55423927307129,29.116444148698623,-17.69480374311737,18.42306241808622,0.8736326065894539,0.9869852066040039,0.0,3.7789553016881228
2026-04-13 13:35:26,2168,35,1,v8_7_phase_2_2_radius_105_120_reward_grid,520,-160.67833676616613,229,near_miss,124.2231216430664,5.517644882202148,0.40629085898399353,46.14861297607422,48.5619010925293,3.2786712646484375,12.933404922485352,77.18015407390361,-75.50211319861486,-61.00931238368324,0.2218862533898792,0.9149717092514038,0.0,1.9107234182451571
2026-04-13 13:35:30,2169,36,1,v8_7_phase_2_2_radius_105_120_reward_grid,520,-185.32452223420177,215,near_miss,128.57470703125,16.107805252075195,0.40629085898399353,42.02970504760742,48.5619010925293,7.386329650878906,28.00691795349121,75.63719384983021,-76.379088997477,-32.71876787923338,0.24806107407119826,0.9451464414596558,0.0,1.6542856100095487
2026-04-13 13:35:33,2169,37,1,v8_7_phase_2_2_radius_105_120_reward_grid,520,-174.38127107201672,214,near_miss,125.51029968261719,13.660167694091797,0.40629085898399353,40.36101150512695,48.5619010925293,9.087295532226562,28.76740837097168,75.5176177280308,-59.010402881565646,112.88283011093505,0.2500822990597475,0.8539241552352905,0.0,2.310875847900484
2026-04-13 13:35:37,2169,38,1,v8_7_phase_2_2_radius_105_120_reward_grid,520,140.36549827275175,201,success,115.89459228515625,14.622611045837402,0.40629085898399353,36.06694030761719,48.5619010925293,13.334152221679688,25.37826156616211,31.09468891348234,-27.55699584796882,43.16370489388115,0.856314961467371,0.9927429556846619,0.0,3.2672286335666825
2026-04-13 13:35:40,2169,39,1,v8_7_phase_2_2_radius_105_120_reward_grid,520,-164.27716691852413,207,near_miss,120.92112731933594,14.789285659790039,0.40629085898399353,37.59305191040039,48.5619010925293,11.884391784667969,18.230165481567383,75.0945558108402,-69.73007059519884,-164.2109708933397,0.2572246161075301,0.7726036310195923,0.0,1.5179272580387329
2026-04-13 13:35:44,2169,40,1,v8_7_phase_2_2_radius_105_120_reward_grid,520,163.24114850702875,210,success,126.50366973876953,14.89487361907959,0.40629085898399353,38.31962585449219,48.5619010925293,11.104087829589844,31.20813751220703,20.85711985713074,18.756462734494765,5.006039876206867,0.934471195274577,0.9232244491577148,0.0,1.1762662912604251
2026-04-13 13:35:47,2169,41,1,v8_7_phase_2_2_radius_105_120_reward_grid,520,-244.82114570808767,212,near_miss,125.64179992675781,17.670024871826172,0.40629085898399353,42.546913146972656,48.5619010925293,6.927757263183594,23.67523193359375,103.03068521435269,-104.67524450233002,-157.58515464367204,-0.2254728537631436,0.780621349811554,0.0,1.4879484188835057
2026-04-13 13:35:51,2170,42,1,v8_7_phase_2_2_radius_105_120_reward_grid,520,155.9611301235105,201,success,117.96973419189453,14.793548583984375,0.40629085898399353,35.30365753173828,48.5619010925293,14.09768295288086,23.966941833496094,13.211877383271199,12.371161351165378,4.346267081158907,0.9735315449461185,0.9966084361076355,0.0,5.080211874585882
2026-04-13 13:35:54,2170,43,1,v8_7_phase_2_2_radius_105_120_reward_grid,520,-150.86012626136224,223,near_miss,117.27283477783203,10.84713363647461,0.40629085898399353,42.81413650512695,48.5619010925293,6.644153594970703,-4.506662368774414,75.50813059527366,-78.6607273500981,-117.77143555653412,0.2502426159062927,0.8253492712974548,0.0,0.8368972252956463
2026-04-13 13:35:58,2170,44,1,v8_7_phase_2_2_radius_105_120_reward_grid,520,-142.26685610929715,212,near_miss,127.48165893554688,15.369080543518066,0.40629085898399353,39.498661041259766,48.5619010925293,9.969974517822266,19.4099178314209,76.5159113469307,-74.4989633152151,128.58742259784285,0.23317532248741926,0.7992293834686279,0.0,1.772512370160641
2026-04-13 13:36:01,2170,45,1,v8_7_phase_2_2_radius_105_120_reward_grid,520,154.2000533065287,205,success,120.48966979980469,14.93889045715332,0.40629085898399353,36.98731994628906,48.5619010925293,12.419219970703125,28.290315628051758,36.10975189646962,3.6007613247621246,-23.262715897903817,0.8078895893833432,0.9790440797805786,0.0,4.0949352548623175
2026-04-13 13:36:05,2170,46,1,v8_7_phase_2_2_radius_105_120_reward_grid,520,-185.13335349321716,205,near_miss,123.444091796875,17.918758392333984,0.40629085898399353,36.283836364746094,48.5619010925293,13.236137390136719,20.392244338989258,85.92268009830404,-81.92914362267845,-144.5424986121825,0.07110260939800696,0.6567699909210205,0.0,1.4129886871805373
2026-04-13 13:36:09,2171,47,1,v8_7_phase_2_2_radius_105_120_reward_grid,520,-180.25548707873565,225,near_miss,125.96891021728516,8.925642013549805,0.40629085898399353,44.57497787475586,48.5619010925293,4.845020294189453,25.60872459411621,76.17546739794058,-76.78479540398659,42.03134490685767,0.23894925080983748,0.9335923194885254,0.0,1.887291792433575
2026-04-13 13:36:12,2171,48,1,v8_7_phase_2_2_radius_105_120_reward_grid,520,176.15105378804023,205,success,124.8035888671875,14.668270111083984,0.40629085898399353,36.78627395629883,48.5619010925293,12.6651611328125,29.8322696685791,2.7740345872935466,-1.2733391469173718,-2.952862173255997,0.9988281726099443,0.8444706797599792,0.0,0.7220030311702376
2026-04-13 13:36:16,2171,49,1,v8_7_phase_2_2_radius_105_120_reward_grid,520,-152.51098314824154,223,near_miss,116.18209838867188,8.987817764282227,0.40629085898399353,43.22282028198242,48.5619010925293,6.268558502197266,1.8256088495254517,75.62588988675384,-67.77411615277146,123.13422688526133,0.24825219415522223,0.7360990047454834,0.0,1.1781981930720546
2026-04-13 13:36:22,2171,50,1,v8_7_phase_2_2_radius_105_120_reward_grid,520,-600.780202416726,370,low_agl,129.5520782470703,174.83985900878906,0.40629085898399353,0.3883604407310486,48.5619010925293,49.76091003417969,-55.55332946777344,114.75354379252067,113.82562844282859,-37.69870319931929,-0.4187159061615413,-0.986306369304657,0.0,2.476760607611495
2026-04-13 13:36:25,2171,51,1,v8_7_phase_2_2_radius_105_120_reward_grid,520,-157.56929941156284,209,near_miss,124.38217163085938,15.507490158081055,0.40629085898399353,40.35760498046875,48.5619010925293,9.118278503417969,24.588167190551758,75.7703278971321,-74.25537827884493,114.45232561993393,0.24580940533558798,0.776708722114563,0.0,1.0767069196098267
2026-04-13 13:36:29,2172,52,1,v8_7_phase_2_2_radius_105_120_reward_grid,520,-206.45607201568612,214,near_miss,124.23020935058594,17.92230987548828,0.40629085898399353,39.73699188232422,48.5619010925293,9.815528869628906,4.890646457672119,111.5801559418627,-111.07246115066648,170.68590826424173,-0.367802507964014,0.5685943961143494,0.0,1.4818646090848573
2026-04-13 13:36:33,2172,53,1,v8_7_phase_2_2_radius_105_120_reward_grid,520,-167.21591972380958,231,near_miss,125.47289276123047,5.195921897888184,0.40629085898399353,48.323726654052734,48.5619010925293,1.0800552368164062,4.067887783050537,77.32580102776495,-80.2811282589811,21.294004369654147,0.219406886302491,0.9831216931343079,0.0,2.7904079387050817
2026-04-13 13:36:37,2172,54,1,v8_7_phase_2_2_radius_105_120_reward_grid,520,-157.69187539911118,222,near_miss,128.4356689453125,10.422050476074219,0.40629085898399353,46.434024810791016,48.5619010925293,3.1114730834960938,11.226126670837402,78.30776366435934,-88.67689923959831,87.95558345192077,0.20265460733060642,0.586427628993988,0.0,1.751139833437011
2026-04-13 13:36:40,2172,55,1,v8_7_phase_2_2_radius_105_120_reward_grid,520,-203.5778389328038,206,near_miss,120.31492614746094,17.68756866455078,0.40629085898399353,37.445064544677734,48.5619010925293,12.079936981201172,23.632715225219727,96.67374619155177,-93.11218502998365,172.12859448111016,-0.11621563878202014,0.64206862449646,0.0,1.7809816512867103
2026-04-13 13:36:44,2172,56,1,v8_7_phase_2_2_radius_105_120_reward_grid,520,-139.7904841051237,217,near_miss,123.7768325805664,10.242399215698242,0.40629085898399353,41.406211853027344,48.5619010925293,8.133987426757812,13.391559600830078,78.0519662497532,-72.02810140182797,123.8572433900422,0.20702444300172912,0.6013332605361938,0.0,1.74578651676847
2026-04-13 13:36:51,2173,57,1,v8_7_phase_2_2_radius_105_120_reward_grid,520,-505.3342197498555,427,low_agl,118.34651184082031,66.89495086669922,0.40629085898399353,0.3914921283721924,48.5619010925293,49.74500274658203,-6.456864833831787,129.04826912152194,149.89660194028545,-17.3287704904018,-0.6299748782252502,-0.948311448097229,0.0,2.557470644140108
2026-04-13 13:36:54,2173,58,1,v8_7_phase_2_2_radius_105_120_reward_grid,520,161.43146030800082,200,success,115.88734436035156,14.789698600769043,0.40629085898399353,34.82594299316406,48.5619010925293,14.575157165527344,20.900264739990234,8.534282948116852,1.688991162632144,14.40121822344552,0.9889272445131994,0.9914332032203674,0.0,1.036743128636031
2026-04-13 13:36:58,2173,59,1,v8_7_phase_2_2_radius_105_120_reward_grid,520,168.4323414298807,205,success,128.58694458007812,14.504220008850098,0.40629085898399353,37.09150314331055,48.5619010925293,12.432319641113281,30.92830467224121,18.87653233746171,-18.50027770665322,-3.5881779818768456,0.9462179521457986,0.6462399363517761,0.0,1.4045544912391714
2026-04-13 13:37:01,2173,60,1,v8_7_phase_2_2_radius_105_120_reward_grid,520,-166.50839378646458,230,near_miss,121.67021179199219,2.24308180809021,0.40629085898399353,48.4186897277832,48.5619010925293,0.9885597229003906,4.186944961547852,76.52404610223218,-46.075923386150755,39.239826102505944,0.23303725554561583,0.9716792106628418,0.0,0.1635937053443227
2026-04-13 13:37:05,2173,61,1,v8_7_phase_2_2_radius_105_120_reward_grid,520,-151.55888748000962,202,near_miss,125.60499572753906,17.195892333984375,0.40629085898399353,40.06973648071289,48.5619010925293,9.422061920166016,29.295650482177734,75.21459638550319,-49.37200533996425,105.03440316964597,0.2551994465704749,0.7345033884048462,0.0,1.0654231983400844
2026-04-13 13:37:08,2173,62,1,v8_7_phase_2_2_radius_105_120_reward_grid,520,-206.21183647630016,202,near_miss,117.79914855957031,17.812406539916992,0.40629085898399353,36.084190368652344,48.5619010925293,13.483306884765625,22.750808715820312,98.99081273539772,-97.35704514630902,178.19180804884382,-0.1562760891634328,0.526897668838501,0.0,1.8671791681787062
2026-04-13 13:37:12,2174,63,1,v8_7_phase_2_2_radius_105_120_reward_grid,520,157.15794740064018,206,success,123.72279357910156,14.52665901184082,0.40629085898399353,37.352542877197266,48.5619010925293,12.058956146240234,29.439809799194336,30.89944454096294,11.699353335913033,16.72250411665125,0.8580698842547242,0.9585267305374146,0.0,1.7618749082447187
2026-04-13 13:37:15,2174,64,1,v8_7_phase_2_2_radius_105_120_reward_grid,520,-199.00525673415393,204,near_miss,121.30995178222656,17.54780387878418,0.40629085898399353,40.02652359008789,48.5619010925293,9.404106140136719,27.09815788269043,76.95109684989805,-78.53561877507097,-57.0892209322028,0.22578261760104495,0.9035869240760803,0.0,1.3450468005540148
2026-04-13 13:37:19,2174,65,1,v8_7_phase_2_2_radius_105_120_reward_grid,520,-151.156534782084,236,near_miss,123.29301452636719,6.888331413269043,0.40629085898399353,48.28771209716797,48.5619010925293,1.154052734375,-18.426156997680664,76.28678582103345,-63.19531442754582,51.49485545476089,0.23706220904282158,0.8715766668319702,0.0,0.67930670447143
2026-04-13 13:37:23,2174,66,1,v8_7_phase_2_2_radius_105_120_reward_grid,520,160.36399669949438,203,success,117.16061401367188,14.827265739440918,0.40629085898399353,35.69914627075195,48.5619010925293,13.712348937988281,20.12693977355957,25.447819771890543,-19.265754082409472,-20.48396271711085,0.9029769836732577,0.9602963924407959,0.0,2.225185089852438
2026-04-13 13:37:26,2174,67,1,v8_7_phase_2_2_radius_105_120_reward_grid,520,130.12533981053645,218,success,120.84352111816406,9.887252807617188,0.40629085898399353,41.496788024902344,48.5619010925293,7.915744781494141,20.661651611328125,40.51853996796988,-39.38410701853329,-23.0308275604873,0.7601957751317188,0.9575271010398865,0.0,0.7317344270785779
2026-04-13 13:37:30,2175,68,1,v8_7_phase_2_2_radius_105_120_reward_grid,520,-205.26400927203662,208,near_miss,125.12491607666016,17.96135139465332,0.40629085898399353,39.40675354003906,48.5619010925293,10.135684967041016,24.367401123046875,84.84329847357775,-93.98674977206876,111.72726455620644,0.08987996362876378,0.5946828722953796,0.0,1.847673509763139
2026-04-13 13:37:33,2175,69,1,v8_7_phase_2_2_radius_105_120_reward_grid,520,136.86650167673628,210,success,119.81130981445312,13.421540260314941,0.40629085898399353,37.64063262939453,48.5619010925293,11.764110565185547,23.238332748413086,40.38573376974816,-39.13818947256157,42.63398274261164,0.7616996610458285,0.9791253209114075,0.0,0.6593331923297608
2026-04-13 13:37:37,2175,70,1,v8_7_phase_2_2_radius_105_120_reward_grid,520,-171.29715141279308,208,near_miss,126.72962951660156,17.920263290405273,0.40629085898399353,38.758033752441406,48.5619010925293,10.755470275878906,27.212459564208984,79.49985024058002,-77.87564491632932,112.16086545528636,0.18223809551825132,0.6746843457221985,0.0,1.6716385175561037
2026-04-13 13:37:40,2175,71,1,v8_7_phase_2_2_radius_105_120_reward_grid,520,-173.97603663064143,207,near_miss,121.65843200683594,17.697608947753906,0.40629085898399353,38.00551986694336,48.5619010925293,11.473377227783203,23.345273971557617,86.50311640416089,-86.1687718140996,-154.4188428689942,0.0609942493822859,0.7699854969978333,0.0,1.4013940428899023
2026-04-13 13:37:44,2175,72,1,v8_7_phase_2_2_radius_105_120_reward_grid,520,-249.59574668195046,215,near_miss,124.61656188964844,17.727041244506836,0.40629085898399353,43.117401123046875,48.5619010925293,6.425346374511719,19.065189361572266,114.31281217594726,-120.24785724390564,-146.76545197945484,-0.41171815144375673,0.5941129326820374,0.0,1.6766686749211104
2026-04-13 13:37:48,2175,73,1,v8_7_phase_2_2_radius_105_120_reward_grid,520,-180.74025997641928,238,near_miss,117.222412109375,6.2316389083862305,0.40629085898399353,51.25975799560547,48.5619010925293,-1.7680320739746094,-13.675800323486328,75.52894218167468,72.08234676421621,-45.26301476170335,0.249890925553572,0.7342349886894226,0.0,1.3274512731256505
2026-04-13 13:37:52,2176,74,1,v8_7_phase_2_2_radius_105_120_reward_grid,520,-219.1582178280981,214,near_miss,122.91683197021484,17.861698150634766,0.40629085898399353,40.7592658996582,48.5619010925293,8.775096893310547,11.93183708190918,112.37686335759884,-112.28025716197818,-177.73488205374832,-0.38069700381394206,0.6179313063621521,0.0,1.489237475580404
2026-04-13 13:37:55,2176,75,1,v8_7_phase_2_2_radius_105_120_reward_grid,520,-201.7614078928047,206,near_miss,126.14056396484375,17.99864387512207,0.40629085898399353,41.67727279663086,48.5619010925293,7.834156036376953,26.12185287475586,89.75790644934706,-96.2041706861134,-116.17425046064,0.004225316983991932,0.6792822480201721,0.0,1.2738662941773518
2026-04-13 13:37:58,2176,76,1,v8_7_phase_2_2_radius_105_120_reward_grid,520,144.30548810133,203,success,117.885986328125,14.552812576293945,0.40629085898399353,36.019527435302734,48.5619010925293,13.380741119384766,22.59817123413086,24.77843049737803,14.610655729060205,-30.034121044824854,0.9079353206473746,0.9986435770988464,0.0,5.745636707777542
2026-04-13 13:38:02,2176,77,1,v8_7_phase_2_2_radius_105_120_reward_grid,520,-155.35069275729785,233,near_miss,124.43445587158203,5.788757801055908,0.40629085898399353,46.458438873291016,48.5619010925293,3.0730514526367188,-13.39087200164795,77.05026436645747,-86.90315375365937,99.33277298638359,0.2240961737952421,0.6243554353713989,0.0,0.9218132233203048
2026-04-13 13:38:06,2176,78,1,v8_7_phase_2_2_radius_105_120_reward_grid,520,147.75593278652866,205,success,120.53141021728516,14.815600395202637,0.40629085898399353,36.05903244018555,48.5619010925293,13.344345092773438,25.732019424438477,26.88634811110173,25.276656938837316,22.270234769987606,0.8919053060931409,0.9891014695167542,0.0,2.513618812109579
2026-04-13 13:38:09,2176,79,1,v8_7_phase_2_2_radius_105_120_reward_grid,520,-297.83644621520074,214,near_miss,122.8525161743164,17.766273498535156,0.40629085898399353,45.07279586791992,48.5619010925293,4.480133056640625,17.672739028930664,116.44203485723952,-127.63425603878922,-137.6106898876983,-0.4452921954070542,0.5676019787788391,0.0,1.507317941158364
2026-04-13 13:38:16,2177,80,1,v8_7_phase_2_2_radius_105_120_reward_grid,520,-539.0553813272137,409,low_agl,118.77130889892578,67.1075210571289,0.40629085898399353,0.3874722123146057,48.5619010925293,49.7251091003418,-9.007370948791504,132.0508339410379,-168.64640011769757,-42.29037300094123,-0.6697896756030531,-0.8969942927360535,0.0,1.7031335617006111
2026-04-13 13:38:20,2177,81,1,v8_7_phase_2_2_radius_105_120_reward_grid,520,147.82329884942556,207,success,117.98460388183594,14.92718505859375,0.40629085898399353,36.81877899169922,48.5619010925293,12.581356048583984,19.685455322265625,33.0933081325602,-32.820442075218196,-23.610910404054607,0.8377824929506229,0.9974913001060486,0.0,1.536941732125484
2026-04-13 13:38:23,2177,82,1,v8_7_phase_2_2_radius_105_120_reward_grid,520,-142.9361906531891,215,near_miss,127.05333709716797,10.303706169128418,0.40629085898399353,42.57850646972656,48.5619010925293,7.00146484375,27.930755615234375,75.37505118948512,-61.10966152296906,97.57345969016087,0.2524907125377822,0.49520614743232727,0.0,1.5232159536763932
2026-04-13 13:38:27,2177,83,1,v8_7_phase_2_2_radius_105_120_reward_grid,520,142.12935014927956,208,success,119.99090576171875,14.16417121887207,0.40629085898399353,36.81727600097656,48.5619010925293,12.593833923339844,25.564414978027344,39.98556664665545,-38.814851732347755,33.150941268776776,0.766206343141049,0.9596822261810303,0.0,0.6161281137257812
2026-04-13 13:38:33,2178,84,1,v8_7_phase_2_2_radius_105_120_reward_grid,520,-671.6573025235713,347,low_agl,128.8568572998047,81.756103515625,0.40629085898399353,0.3859735131263733,48.5619010925293,49.74333953857422,-18.5662784576416,113.35478935239375,125.77584352789879,-14.110539032748118,-0.396423590152988,-0.9351407885551453,0.0,1.9145805280110153
2026-04-13 13:38:36,2178,85,1,v8_7_phase_2_2_radius_105_120_reward_grid,520,-220.6333485473636,210,near_miss,127.9772720336914,17.593849182128906,0.40629085898399353,43.43107986450195,48.5619010925293,6.02362060546875,26.57018280029297,93.50319969958854,-92.28582776306048,-117.28127386093733,-0.061104280569798136,0.8371878862380981,0.0,1.121723305281902
2026-04-13 13:38:40,2178,86,1,v8_7_phase_2_2_radius_105_120_reward_grid,520,143.2606044417215,207,success,119.38054656982422,14.883373260498047,0.40629085898399353,36.417938232421875,48.5619010925293,12.981693267822266,26.48499870300293,30.935767486969066,-29.198672796116405,36.81524555093482,0.8577441550760825,0.9994224905967712,0.0,2.2261819533240517
2026-04-13 13:38:43,2178,87,1,v8_7_phase_2_2_radius_105_120_reward_grid,520,165.05554911149596,212,success,125.51171875,14.821529388427734,0.40629085898399353,37.48504638671875,48.5619010925293,11.994316101074219,15.08763599395752,40.40928767710094,-39.25525891493559,-68.11475134705833,0.7614332369425182,0.7674255967140198,0.0,1.4566862466512494
2026-04-13 13:38:47,2178,88,1,v8_7_phase_2_2_radius_105_120_reward_grid,520,-174.0216973846321,206,near_miss,115.6644058227539,16.11955451965332,0.40629085898399353,35.55482482910156,48.5619010925293,13.954330444335938,14.309611320495605,75.52353267185204,-75.69310577837594,-160.82495925381923,0.2499823428254666,0.6861212253570557,0.0,1.4397654096423935
2026-04-13 13:38:53,2179,89,1,v8_7_phase_2_2_radius_105_120_reward_grid,520,-693.3103788234666,364,low_agl,119.69622802734375,85.3374252319336,0.40629085898399353,0.3849726915359497,48.5619010925293,49.72114944458008,-16.348730087280273,152.02490254603975,163.98004219750155,-95.5408568648676,-0.8831515565483586,-0.8806473612785339,0.0,3.8405806837589953
2026-04-13 13:38:59,2179,90,1,v8_7_phase_2_2_radius_105_120_reward_grid,520,-682.6935622455198,329,low_agl,124.55914306640625,73.5782699584961,0.40629085898399353,0.38190627098083496,48.5619010925293,49.71644592285156,-10.314613342285156,149.37929707292702,172.15009591661735,-100.17692289609464,-0.8605580367234388,-0.8614388108253479,0.0,3.825952481300388
2026-04-13 13:39:02,2179,91,1,v8_7_phase_2_2_radius_105_120_reward_grid,520,-260.2976248968488,214,near_miss,121.55432891845703,17.819683074951172,0.40629085898399353,42.124000549316406,48.5619010925293,7.475990295410156,12.230253219604492,129.05138368778347,-129.00891357152432,179.85734967795145,-0.6300170936756828,0.44061532616615295,0.0,1.7997054111126605
2026-04-13 13:39:06,2179,92,1,v8_7_phase_2_2_radius_105_120_reward_grid,520,177.0153280939797,203,success,118.2147216796875,14.776202201843262,0.40629085898399353,34.9964714050293,48.5619010925293,14.433349609375,18.877944946289062,15.796024814232164,-15.69538539190661,-12.778343078535688,0.9622368820387356,0.9057870507240295,0.0,1.0903482565457017
2026-04-13 13:39:09,2179,93,1,v8_7_phase_2_2_radius_105_120_reward_grid,520,-260.5774190426745,217,near_miss,126.85783386230469,17.87277603149414,0.40629085898399353,42.460262298583984,48.5619010925293,7.229061126708984,9.299799919128418,134.8221968571489,-142.52178714623423,151.42813525787741,-0.7049090506299506,0.20200762152671814,0.0,1.678292385747875
2026-04-13 13:39:13,2180,94,1,v8_7_phase_2_2_radius_105_120_reward_grid,520,167.53874304071928,207,success,116.16582489013672,14.957447052001953,0.40629085898399353,36.32862854003906,48.5619010925293,13.072315216064453,15.988021850585938,25.276650108648145,-18.81412148392072,13.282843902521279,0.9042566367913658,0.9916608333587646,0.0,1.973671035009185
2026-04-13 13:39:19,2180,95,1,v8_7_phase_2_2_radius_105_120_reward_grid,520,-646.5654151612042,342,low_agl,124.22958374023438,84.40752410888672,0.40629085898399353,0.3599657714366913,48.5619010925293,49.70703887939453,-18.6715087890625,113.50957509936458,168.09853698399252,83.29992160796499,-0.39890231969411133,-0.7779797911643982,0.0,1.5367243833357367
2026-04-13 13:39:22,2180,96,1,v8_7_phase_2_2_radius_105_120_reward_grid,520,159.33279210481084,203,success,116.5859146118164,14.874664306640625,0.40629085898399353,34.959266662597656,48.5619010925293,14.4439697265625,21.14907455444336,11.562057142085667,8.080241000398376,-13.897525069329284,0.979708194184375,0.9846752285957336,0.0,2.675116077276877
2026-04-13 13:39:27,2180,97,1,v8_7_phase_2_2_radius_105_120_reward_grid,520,-468.041306185593,273,low_agl,128.78521728515625,80.54846954345703,0.40629085898399353,0.36680296063423157,48.5619010925293,49.72458267211914,-14.533652305603027,158.10887988885028,158.35416564232378,144.66495024362249,-0.9278940496319837,-0.8362693190574646,0.0,2.603945275086293
2026-04-13 13:39:33,2181,98,1,v8_7_phase_2_2_radius_105_120_reward_grid,520,-673.1232306753168,369,low_agl,123.8708724975586,82.415283203125,0.40629085898399353,0.3897162675857544,48.5619010925293,49.75101089477539,-15.849634170532227,111.33189222591108,127.01520867355428,1.8288883778728147,-0.3637697761950494,-0.9616928100585938,0.0,2.1861467434680013
2026-04-13 13:39:37,2181,99,1,v8_7_phase_2_2_radius_105_120_reward_grid,520,138.58327870376422,208,success,123.49457550048828,14.627691268920898,0.40629085898399353,37.78620147705078,48.5619010925293,11.618583679199219,29.459651947021484,27.04008883912955,14.23495775866907,-4.745748197126852,0.8906886570278102,0.9809831380844116,0.0,3.171185965715016
2026-04-13 13:39:40,2181,100,1,v8_7_phase_2_2_radius_105_120_reward_grid,520,160.64271294301508,207,success,124.49222564697266,14.932599067687988,0.40629085898399353,37.086971282958984,48.5619010925293,12.343669891357422,28.568218231201172,22.861560104928753,13.185852654986158,-18.302818645295442,0.9214462625502124,0.9038052558898926,0.0,2.4209967356285165
2026-04-13 13:39:45,2181,101,1,v8_7_phase_2_2_radius_105_120_reward_grid,520,-517.8072031708786,289,low_agl,125.69566345214844,86.00013732910156,0.40629085898399353,0.38346561789512634,48.5619010925293,49.733070373535156,-25.876758575439453,149.91610896055502,152.10049907977347,-71.38066094021329,-0.8652923883244702,-0.9030839800834656,0.0,4.461558823797528
2026-04-13 13:39:49,2181,102,1,v8_7_phase_2_2_radius_105_120_reward_grid,520,-165.20843316463944,235,near_miss,117.92222595214844,11.32291316986084,0.40629085898399353,47.70137023925781,48.5619010925293,1.7690505981445312,-18.615192413330078,75.04339086376764,-57.02263683307893,77.12965165518052,0.25808746234463775,0.7917878031730652,0.0,1.6844332809078948
2026-04-13 13:39:53,2182,103,1,v8_7_phase_2_2_radius_105_120_reward_grid,520,152.23495342808258,207,success,121.28840637207031,14.61689567565918,0.40629085898399353,36.23212814331055,48.5619010925293,13.168327331542969,25.201749801635742,21.575698446498397,19.43301004725745,0.8179441280521466,0.9299325393807035,0.9973704814910889,0.0,2.9631374488206674
2026-04-13 13:39:56,2182,104,1,v8_7_phase_2_2_radius_105_120_reward_grid,520,148.68822782304036,205,success,118.98535919189453,14.798498153686523,0.40629085898399353,35.535614013671875,48.5619010925293,13.864479064941406,24.746957778930664,22.81133260131977,19.668048809428637,-42.56076311470911,0.9217864863816013,0.9991394877433777,0.0,5.488973498824659
2026-04-13 13:40:00,2182,105,1,v8_7_phase_2_2_radius_105_120_reward_grid,520,-146.2341621673712,228,near_miss,129.0847930908203,6.308274269104004,0.40629085898399353,44.1624641418457,48.5619010925293,5.375579833984375,19.784147262573242,76.56220636912504,-71.54836940509378,133.25240081982653,0.23238951866066704,0.6070842146873474,0.0,1.3740708140888167
2026-04-13 13:40:03,2182,106,1,v8_7_phase_2_2_radius_105_120_reward_grid,520,185.45259087800932,206,success,122.40135192871094,14.839334487915039,0.40629085898399353,35.35177993774414,48.5619010925293,14.086395263671875,25.200883865356445,11.894741996178649,-9.537102421115524,-10.0613544446335,0.9785279042320411,0.8819538354873657,0.0,1.4397416008972426
2026-04-13 13:40:07,2182,107,1,v8_7_phase_2_2_radius_105_120_reward_grid,520,-129.87718555719283,228,near_miss,126.0814437866211,7.468547344207764,0.40629085898399353,44.05738830566406,48.5619010925293,5.427940368652344,11.208845138549805,76.42912013314734,-76.42718718961223,-133.40606641577347,0.234648091154831,0.7513975501060486,0.0,1.4223988427497172
2026-04-13 13:40:11,2182,108,1,v8_7_phase_2_2_radius_105_120_reward_grid,520,-223.6348742903242,207,near_miss,120.99305725097656,17.86469841003418,0.40629085898399353,39.37201690673828,48.5619010925293,10.140621185302734,20.42333221435547,102.45069970098105,-102.56682657724961,172.63766214032955,-0.2155994775389271,0.6777858138084412,0.0,1.3662476874815415
2026-04-13 13:40:16,2183,109,1,v8_7_phase_2_2_radius_105_120_reward_grid,520,-532.652787843333,308,low_agl,126.71867370605469,83.57514953613281,0.40629085898399353,0.3761768043041229,48.5619010925293,49.72492599487305,-16.321001052856445,154.81536267107015,153.84012094061904,117.48310595091121,-0.9049411837966164,-0.8630872368812561,0.0,4.216774988644444
2026-04-13 13:40:19,2183,110,1,v8_7_phase_2_2_radius_105_120_reward_grid,520,169.3097444816019,205,success,115.45979309082031,14.970817565917969,0.40629085898399353,34.97602844238281,48.5619010925293,14.445659637451172,9.345104217529297,36.987841016166456,-32.28656033874415,-52.238683545942784,0.7987632058179212,0.9286966323852539,0.0,0.6358842236166743
2026-04-13 13:40:23,2183,111,1,v8_7_phase_2_2_radius_105_120_reward_grid,520,-138.73522537542993,219,near_miss,117.00838470458984,12.451367378234863,0.40629085898399353,40.163944244384766,48.5619010925293,9.297542572021484,-2.328899621963501,76.83568714349235,-75.02476493790103,169.61336365887462,0.22774442429647096,0.8164829015731812,0.0,1.9258043800865112
2026-04-13 13:40:26,2183,112,1,v8_7_phase_2_2_radius_105_120_reward_grid,520,139.48839507517476,208,success,120.64602661132812,14.946542739868164,0.40629085898399353,36.387168884277344,48.5619010925293,13.015857696533203,26.685237884521484,37.46661678641684,-23.30644276897024,-43.68025844043088,0.79370789862377,0.9901486039161682,0.0,4.693867577657882
2026-04-13 13:40:30,2183,113,1,v8_7_phase_2_2_radius_105_120_reward_grid,520,172.6165767243804,206,success,123.2065200805664,14.896757125854492,0.40629085898399353,35.65104675292969,48.5619010925293,13.76552963256836,26.302492141723633,10.519620864353627,2.789655656812189,7.202594135450295,0.983192443595406,0.9442926645278931,0.0,1.1070467746822372
2026-04-13 13:40:34,2184,114,1,v8_7_phase_2_2_radius_105_120_reward_grid,520,164.6786732832034,204,success,117.22652435302734,14.775565147399902,0.40629085898399353,35.15324020385742,48.5619010925293,14.25393295288086,18.703306198120117,23.793337926596475,-10.900116188863052,28.684345891236106,0.915006583940741,0.9742498397827148,0.0,2.5436034026597323
2026-04-13 13:40:37,2184,115,1,v8_7_phase_2_2_radius_105_120_reward_grid,520,172.37921846344278,209,success,123.87940216064453,14.621325492858887,0.40629085898399353,36.49523162841797,48.5619010925293,12.908554077148438,27.316059112548828,19.73614238035908,19.30809271752709,8.21843963296983,0.9412577166331707,0.9821792840957642,0.0,0.3865885792628553
2026-04-13 13:40:41,2184,116,1,v8_7_phase_2_2_radius_105_120_reward_grid,520,136.81101232966114,207,success,119.29493713378906,14.974519729614258,0.40629085898399353,36.346004486083984,48.5619010925293,13.056785583496094,25.51535415649414,30.405683335673547,-30.3822796924825,22.512983108184443,0.8624634699974207,0.9892135858535767,0.0,1.8884533994551849
2026-04-13 13:40:44,2184,117,1,v8_7_phase_2_2_radius_105_120_reward_grid,520,140.76125037904944,214,success,125.66944122314453,14.520157814025879,0.40629085898399353,38.29698181152344,48.5619010925293,11.102958679199219,29.103628158569336,38.679521779227706,-38.69399495007896,-12.972543285885722,0.7806538269503442,0.9991215467453003,0.0,5.800552385652768
2026-04-13 13:40:48,2184,118,1,v8_7_phase_2_2_radius_105_120_reward_grid,520,-172.29280815066375,239,near_miss,125.08570861816406,4.361944198608398,0.40629085898399353,48.008506774902344,48.5619010925293,1.425933837890625,0.7635272741317749,77.77320573915748,-28.783107011539904,-50.04423597317149,0.21178185998975785,0.8924596309661865,0.0,0.9430649530449506
2026-04-13 13:40:52,2184,119,1,v8_7_phase_2_2_radius_105_120_reward_grid,520,142.55348530938593,210,success,124.15323638916016,14.959075927734375,0.40629085898399353,36.75888442993164,48.5619010925293,12.641433715820312,27.866905212402344,35.49640432409706,29.591377937540873,38.74940827481527,0.8141519595704497,0.9981622695922852,0.0,2.1268805985441688
2026-04-13 13:40:56,2185,120,1,v8_7_phase_2_2_radius_105_120_reward_grid,520,147.52613360557683,215,success,127.20952606201172,14.689746856689453,0.40629085898399353,38.338287353515625,48.5619010925293,11.06649398803711,28.511659622192383,34.55585995462962,-12.93570209927632,-11.4127807964541,0.8235735848708565,0.9837883710861206,0.0,4.203987027681173
2026-04-13 13:40:59,2185,121,1,v8_7_phase_2_2_radius_105_120_reward_grid,520,166.0469552742099,206,success,117.67671966552734,14.819863319396973,0.40629085898399353,35.816246032714844,48.5619010925293,13.584892272949219,24.18935203552246,18.936407483273335,0.34774235296381795,-9.68622679503806,0.9458793408474936,0.9936712384223938,0.0,2.6681473861949576
2026-04-13 13:41:03,2185,122,1,v8_7_phase_2_2_radius_105_120_reward_grid,520,-152.12617887278952,234,near_miss,128.78366088867188,5.466204643249512,0.40629085898399353,46.271053314208984,48.5619010925293,3.1830711364746094,-3.663426637649536,76.36339322276432,-80.14271447545079,-109.4110586161959,0.23576305949539228,0.8385252356529236,0.0,0.6932545967120786
2026-04-13 13:41:07,2185,123,1,v8_7_phase_2_2_radius_105_120_reward_grid,520,163.7206604899499,206,success,120.0384750366211,14.901777267456055,0.40629085898399353,35.77480697631836,48.5619010925293,13.624641418457031,25.571674346923828,22.874557954919286,19.944700499118127,-17.443095904276767,0.9213581042410087,0.9979708194732666,0.0,2.4666793079981915
2026-04-13 13:41:10,2185,124,1,v8_7_phase_2_2_radius_105_120_reward_grid,520,-158.3674215601353,212,near_miss,129.10458374023438,17.786035537719727,0.40629085898399353,39.07536315917969,48.5619010925293,10.368247985839844,25.05251693725586,80.5673200153938,-59.14244409860033,100.57818967964371,0.16388865009401118,0.867561399936676,0.0,0.8142816799013151
2026-04-13 13:41:14,2186,125,1,v8_7_phase_2_2_radius_105_120_reward_grid,520,132.2387287244727,214,success,126.8774185180664,14.811823844909668,0.40629085898399353,38.010902404785156,48.5619010925293,11.389045715332031,29.37056541442871,39.37314456491542,27.24708796721054,19.46985379518779,0.773030996801422,0.9994232654571533,0.0,4.241903341600678
2026-04-13 13:41:17,2186,126,1,v8_7_phase_2_2_radius_105_120_reward_grid,520,141.07892897085134,206,success,116.43952178955078,14.762359619140625,0.40629085898399353,36.351417541503906,48.5619010925293,13.048076629638672,20.651365280151367,27.131405053238034,-26.185326522995595,18.703612438244498,0.8899629769024181,0.9978915452957153,0.0,0.6547191372972978
2026-04-13 13:41:21,2186,127,1,v8_7_phase_2_2_radius_105_120_reward_grid,520,148.07852943697702,217,success,128.2308807373047,14.943235397338867,0.40629085898399353,39.06747055053711,48.5619010925293,10.336662292480469,30.895572662353516,36.241564302167106,28.99944983840547,-2.498054177133423,0.8065316544611281,0.9842592477798462,0.0,1.5566942201768665
2026-04-13 13:41:25,2186,128,1,v8_7_phase_2_2_radius_105_120_reward_grid,520,-168.86555384949907,237,near_miss,119.9019546508789,2.0020408630371094,0.40629085898399353,48.529502868652344,48.5619010925293,0.8926811218261719,1.2552014589309692,80.4313855905322,-36.547526041132414,40.75218707909768,0.16622861094722807,0.927325427532196,0.0,1.5811216151893575
2026-04-13 13:41:29,2186,129,1,v8_7_phase_2_2_radius_105_120_reward_grid,520,-154.47909769916888,227,near_miss,124.96317291259766,12.37308120727539,0.40629085898399353,43.59062957763672,48.5619010925293,5.853828430175781,6.804654121398926,76.78352498880096,-83.43580139131322,80.51026061506751,0.2286308066498314,0.8640673160552979,0.0,1.9389624166794572
2026-04-13 13:41:32,2186,130,1,v8_7_phase_2_2_radius_105_120_reward_grid,520,135.82664315306164,210,success,123.26876068115234,14.964691162109375,0.40629085898399353,37.221168518066406,48.5619010925293,12.17928695678711,28.082809448242188,40.162738338630994,-10.051051958044182,-42.36269445896791,0.7642156331827863,0.9966232180595398,0.0,2.3423746381494763
2026-04-13 13:41:36,2187,131,1,v8_7_phase_2_2_radius_105_120_reward_grid,520,137.92865053420937,208,success,120.4916000366211,14.636007308959961,0.40629085898399353,36.78199005126953,48.5619010925293,12.617713928222656,26.5230655670166,30.751871473755646,12.78306871566769,-25.354123236856307,0.8593897104832071,0.9997008442878723,0.0,1.6710401609642445
2026-04-13 13:41:40,2187,132,1,v8_7_phase_2_2_radius_105_120_reward_grid,520,164.56498343814087,205,success,116.47382354736328,14.765523910522461,0.40629085898399353,35.18174362182617,48.5619010925293,14.22885513305664,17.746036529541016,26.5668164938029,-26.534321868826567,29.56597987911218,0.8944134116610104,0.9633587598800659,0.0,2.4148981686093327
2026-04-13 13:41:43,2187,133,1,v8_7_phase_2_2_radius_105_120_reward_grid,520,176.5864426218655,206,success,122.41278076171875,14.55104923248291,0.40629085898399353,35.37210464477539,48.5619010925293,14.164566040039062,22.7222843170166,39.52297500964341,-39.4285442292734,-13.683558294521232,0.7713694606305925,0.6116269826889038,0.0,1.3202386320589432
2026-04-13 13:41:47,2187,134,1,v8_7_phase_2_2_radius_105_120_reward_grid,520,-162.7777247461322,243,near_miss,125.81977081298828,5.098979949951172,0.40629085898399353,49.14645004272461,48.5619010925293,0.255584716796875,-10.398846626281738,78.85794223219304,69.27865656276353,5.229003290812294,0.1932422290627615,0.988063395023346,0.0,2.2188529672963586
2026-04-13 13:41:51,2187,135,1,v8_7_phase_2_2_radius_105_120_reward_grid,520,-168.27774049312325,235,near_miss,117.43721008300781,5.867728233337402,0.40629085898399353,46.42257308959961,48.5619010925293,3.1046218872070312,-6.5026326179504395,77.61018278404761,-16.46876429653257,100.74182052158972,0.2145617465432772,0.6361544728279114,0.0,2.1637841373157722
2026-04-13 13:41:55,2188,136,1,v8_7_phase_2_2_radius_105_120_reward_grid,520,155.65217185841868,209,success,121.40059661865234,14.678733825683594,0.40629085898399353,36.94040298461914,48.5619010925293,12.460014343261719,27.48199462890625,26.933290293719935,-6.932963880227579,-7.189770455283596,0.8915345031058866,0.9948268532752991,0.0,1.0528727870261083
2026-04-13 13:41:59,2188,137,1,v8_7_phase_2_2_radius_105_120_reward_grid,520,144.39367455185644,206,success,116.25328826904297,14.970968246459961,0.40629085898399353,36.305519104003906,48.5619010925293,13.098854064941406,21.72736358642578,36.92799831375339,-37.219746429055895,31.892089593419232,0.7993911600154333,0.9802953600883484,0.0,0.678723738309609
2026-04-13 13:42:02,2188,138,1,v8_7_phase_2_2_radius_105_120_reward_grid,520,155.12713060307624,210,success,122.55957794189453,14.835554122924805,0.40629085898399353,36.87913513183594,48.5619010925293,12.523967742919922,25.868160247802734,23.10482070731334,6.222394114548588,-4.341764705835399,0.9197884839137457,0.9850075840950012,0.0,0.3874095066244495
2026-04-13 13:42:06,2188,139,1,v8_7_phase_2_2_radius_105_120_reward_grid,520,144.2150403025864,217,success,128.25537109375,14.897786140441895,0.40629085898399353,39.217811584472656,48.5619010925293,10.217247009277344,26.322938919067383,35.76273047530878,-11.586805478769563,-26.690217521537523,0.811444148254037,0.8910062313079834,0.0,0.6813601808251144
2026-04-13 13:42:09,2188,140,1,v8_7_phase_2_2_radius_105_120_reward_grid,520,135.30432565398618,213,success,124.6593017578125,14.458333015441895,0.40629085898399353,38.05361557006836,48.5619010925293,11.347312927246094,28.807519912719727,39.58889658041779,-26.323742014073193,-24.2233393159838,0.7706367554856547,0.9930617213249207,0.0,0.9921051020215779
2026-04-13 13:42:17,2189,141,1,v8_7_phase_2_2_radius_105_120_reward_grid,520,-459.7564385626266,433,low_agl,117.9818115234375,74.51484680175781,0.40629085898399353,0.3661942183971405,48.5619010925293,49.70448303222656,-10.591402053833008,166.91142278548762,179.00279739013448,-168.723430991157,-0.9740211343096685,-0.7932214140892029,0.0,1.0620947805465875
2026-04-13 13:42:21,2189,142,1,v8_7_phase_2_2_radius_105_120_reward_grid,520,-155.07217614495713,245,near_miss,123.86429595947266,3.6153883934020996,0.40629085898399353,49.557106018066406,48.5619010925293,-0.14313888549804688,-12.501982688903809,76.31527454006157,77.18224411178963,6.700699455519888,0.2365791313857502,0.9515465497970581,0.0,1.2736888445722412
2026-04-13 13:42:25,2189,143,1,v8_7_phase_2_2_radius_105_120_reward_grid,520,-130.9710007443357,219,near_miss,124.87036895751953,14.890923500061035,0.40629085898399353,39.81791687011719,48.5619010925293,9.666397094726562,6.807879447937012,77.3994987689094,-77.96032560165914,122.9298539649162,0.2181517788376738,0.7542812824249268,0.0,1.4010245450432912
2026-04-13 13:42:28,2189,144,1,v8_7_phase_2_2_radius_105_120_reward_grid,520,132.0709820439957,212,success,118.91649627685547,13.621490478515625,0.40629085898399353,38.089603424072266,48.5619010925293,11.317729949951172,19.567310333251953,40.21424138006748,-40.884081447065206,27.45951709568169,0.7636355707425755,0.9722486734390259,0.0,2.569370826649991
2026-04-13 13:42:32,2189,145,1,v8_7_phase_2_2_radius_105_120_reward_grid,520,-278.1918624699052,229,near_miss,128.87037658691406,17.853647232055664,0.40629085898399353,45.21728515625,48.5619010925293,4.359645843505859,8.309436798095703,135.64728370888642,-135.63554944389236,179.17575144029755,-0.7150498379235752,0.5031972527503967,0.0,1.3993443465633284
2026-04-13 13:42:36,2190,146,1,v8_7_phase_2_2_radius_105_120_reward_grid,520,145.61695722237025,213,success,123.9272232055664,14.850593566894531,0.40629085898399353,38.0305290222168,48.5619010925293,11.369426727294922,28.39925765991211,39.721962325827974,0.7154583668557217,20.79897787182101,0.7691546493085961,0.9971544742584229,0.0,1.5198971322173271
2026-04-13 13:42:40,2190,147,1,v8_7_phase_2_2_radius_105_120_reward_grid,520,149.65561358615108,217,success,128.9703826904297,14.785626411437988,0.40629085898399353,39.64897537231445,48.5619010925293,9.764850616455078,31.29442024230957,31.97116269344047,12.431525709276304,3.1207606027727812,0.8483147002497705,0.954910159111023,0.0,1.1651506541104333
2026-04-13 13:42:44,2190,148,1,v8_7_phase_2_2_radius_105_120_reward_grid,520,168.50684178195587,211,success,125.8044662475586,14.769402503967285,0.40629085898399353,37.19816589355469,48.5619010925293,12.224773406982422,29.252349853515625,13.309707890300585,13.253904391007934,3.93510335350248,0.9731398804117048,0.9255349636077881,0.0,0.40901422133044774
2026-04-13 13:42:48,2190,149,1,v8_7_phase_2_2_radius_105_120_reward_grid,520,-196.87143897098647,251,near_miss,119.72103118896484,7.3948211669921875,0.40629085898399353,52.10677719116211,48.5619010925293,-2.644439697265625,-12.6980619430542,75.60092554533745,89.97258612514973,5.421183469715297,0.24867424082064968,0.8141010999679565,0.0,0.6747800153271087
2026-04-13 13:42:52,2190,150,1,v8_7_phase_2_2_radius_105_120_reward_grid,520,150.12993308648544,209,success,121.55077362060547,14.512606620788574,0.40629085898399353,36.70940017700195,48.5619010925293,12.700271606445312,25.706283569335938,27.83329919801064,1.1138178376959027,17.906290305483058,0.8843097709496932,0.9644140005111694,0.0,0.39347224970751943
2026-04-13 13:42:55,2190,151,1,v8_7_phase_2_2_radius_105_120_reward_grid,520,156.48385329642804,207,success,119.95906066894531,14.525992393493652,0.40629085898399353,35.62565231323242,48.5619010925293,13.778175354003906,24.000038146972656,24.165438094842308,-1.5118082648774913,27.213271700629807,0.9123672235885051,0.9821707606315613,0.0,0.14861910440541498
2026-04-13 13:42:59,2191,152,1,v8_7_phase_2_2_radius_105_120_reward_grid,520,161.3717623200438,204,success,117.3121566772461,14.999798774719238,0.40629085898399353,35.18482971191406,48.5619010925293,14.222850799560547,22.65928840637207,29.36899380835443,-20.916940361429006,32.190292237487405,0.8714793410783342,0.9700413346290588,0.0,0.48599419027328583
2026-04-13 13:43:02,2191,153,1,v8_7_phase_2_2_radius_105_120_reward_grid,520,-192.96272918805172,221,near_miss,123.52942657470703,12.63180160522461,0.40629085898399353,40.67393112182617,48.5619010925293,8.775814056396484,25.428627014160156,75.19493910107188,-71.50441713778474,-122.6478081333297,0.25553115582008235,0.8498489856719971,0.0,2.359472784406836
2026-04-13 13:43:06,2191,154,1,v8_7_phase_2_2_radius_105_120_reward_grid,520,-236.17086517499246,219,near_miss,125.97423553466797,17.775989532470703,0.40629085898399353,40.437965393066406,48.5619010925293,9.137886047363281,19.81035614013672,118.61347493779164,-118.60350286160342,-177.07443008176477,-0.4788983305196535,0.5058692097663879,0.0,1.4969598948139515
2026-04-13 13:43:10,2191,155,1,v8_7_phase_2_2_radius_105_120_reward_grid,520,155.4706472939921,212,success,126.85994720458984,14.89879322052002,0.40629085898399353,37.27131652832031,48.5619010925293,12.130416870117188,29.228710174560547,31.937407898562267,31.563410645274466,14.761442400271992,0.8486264940787314,0.9896413683891296,0.0,2.760016165309637
2026-04-13 13:43:13,2191,156,1,v8_7_phase_2_2_radius_105_120_reward_grid,520,151.84137559786427,209,success,124.03945922851562,14.913949966430664,0.40629085898399353,36.46688461303711,48.5619010925293,12.93593978881836,28.045377731323242,24.32590143656071,24.49829541121183,11.126751257034183,0.9112171521310595,0.9883965849876404,0.0,3.6829190883353555
2026-04-13 13:43:17,2192,157,1,v8_7_phase_2_2_radius_105_120_reward_grid,520,-121.59320396844801,212,near_miss,118.13639068603516,13.971020698547363,0.40629085898399353,37.81927490234375,48.5619010925293,11.690746307373047,-3.9279563426971436,77.41912190239483,-78.02327945523915,-152.41284363051815,0.21781752664151352,0.6835817694664001,0.0,1.1609567777178078
2026-04-13 13:43:21,2192,158,1,v8_7_phase_2_2_radius_105_120_reward_grid,520,165.32947991641421,206,success,118.94872283935547,14.74536418914795,0.40629085898399353,35.804473876953125,48.5619010925293,13.606918334960938,23.538955688476562,8.419978878583041,4.47439630734647,4.233808443361471,0.9892213340765362,0.9595984816551208,0.0,0.6633881928019111
2026-04-13 13:43:25,2192,159,1,v8_7_phase_2_2_radius_105_120_reward_grid,520,-167.04356148804266,246,near_miss,125.36433410644531,7.168684482574463,0.40629085898399353,50.28301239013672,48.5619010925293,-0.8347358703613281,-22.24105453491211,75.93956632438667,78.82058109743308,38.01185712748062,0.24294519637909534,0.8534521460533142,0.0,0.6064638640087383
2026-04-13 13:43:28,2192,160,1,v8_7_phase_2_2_radius_105_120_reward_grid,520,136.37940523873652,209,success,120.9334716796875,14.848854064941406,0.40629085898399353,36.63959503173828,48.5619010925293,12.762592315673828,27.112091064453125,35.47434964326708,-31.61386525267335,-36.93463042743747,0.8143754077104692,0.9954445958137512,0.0,3.666165324714844
2026-04-13 13:43:32,2192,161,1,v8_7_phase_2_2_radius_105_120_reward_grid,520,156.87502445749257,208,success,119.21211242675781,14.839696884155273,0.40629085898399353,36.21397018432617,48.5619010925293,13.186019897460938,25.279659271240234,26.863238166044994,-26.230176960180483,19.584291907184063,0.8920876349370506,0.9987512230873108,0.0,2.3754772297825846
2026-04-13 13:43:36,2192,162,1,v8_7_phase_2_2_radius_105_120_reward_grid,520,120.70587341674144,236,success,126.63945007324219,4.635335922241211,0.40629085898399353,45.90385055541992,48.5619010925293,3.4999427795410156,27.918760299682617,39.412431813021335,-39.507972499131476,18.837137513876367,0.7725958339770534,0.9835323095321655,0.0,0.7807244598136026
2026-04-13 13:43:40,2193,163,1,v8_7_phase_2_2_radius_105_120_reward_grid,520,-141.78833616741846,223,near_miss,116.37225341796875,12.08632755279541,0.40629085898399353,42.288795471191406,48.5619010925293,7.164035797119141,-5.421074390411377,75.64539007683423,-78.81608000277004,-107.955497492742,0.247922491536204,0.8409097194671631,0.0,2.2368881866409063
2026-04-13 13:43:44,2193,164,1,v8_7_phase_2_2_radius_105_120_reward_grid,520,-162.75614857004012,242,near_miss,128.26596069335938,4.399761199951172,0.40629085898399353,48.7369499206543,48.5619010925293,0.6631050109863281,1.4894282817840576,78.76505165948087,-57.554315833545644,-10.284460012551028,0.19483266199784913,0.9982212781906128,0.0,2.5142558173337286
2026-04-13 13:43:48,2193,165,1,v8_7_phase_2_2_radius_105_120_reward_grid,520,-168.19652635880487,242,near_miss,128.4083709716797,2.932033061981201,0.40629085898399353,48.9624137878418,48.5619010925293,0.45012664794921875,23.098201751708984,75.04317912790337,-84.30564647268186,16.822825935180397,0.2580910326334706,0.956534743309021,0.0,0.49750678254798214
2026-04-13 13:43:52,2193,166,1,v8_7_phase_2_2_radius_105_120_reward_grid,520,-229.0988261626557,216,near_miss,124.99234771728516,17.69358253479004,0.40629085898399353,40.175357818603516,48.5619010925293,9.303337097167969,19.95979881286621,97.63428935490901,-97.80434057467481,-171.98011982893243,-0.13284957151239501,0.7698043584823608,0.0,1.308404215923247
2026-04-13 13:43:57,2194,167,1,v8_7_phase_2_2_radius_105_120_reward_grid,520,-584.0821247601829,331,low_agl,121.06767272949219,105.88003540039062,0.40629085898399353,0.3877965211868286,48.5619010925293,49.75584411621094,-34.946617126464844,116.97376508412502,129.76629958820868,22.311724754100847,-0.453582473050858,-0.9711112976074219,0.0,2.4957799715019275
2026-04-13 13:44:01,2194,168,1,v8_7_phase_2_2_radius_105_120_reward_grid,520,167.54904097563232,204,success,118.19013977050781,14.630278587341309,0.40629085898399353,35.20566940307617,48.5619010925293,14.196540832519531,21.669057846069336,5.650208250322287,5.090043945922031,0.988892930724429,0.995141506050248,0.989310085773468,0.0,2.2624206986676625
2026-04-13 13:44:04,2194,169,1,v8_7_phase_2_2_radius_105_120_reward_grid,520,143.37534195324292,208,success,119.45171356201172,14.774600982666016,0.40629085898399353,36.40943145751953,48.5619010925293,13.000240325927734,25.481325149536133,38.13939383475768,-38.0494436584832,30.470887736585073,0.7865105916666923,0.9667729735374451,0.0,1.1128228626414534
2026-04-13 13:44:08,2194,170,1,v8_7_phase_2_2_radius_105_120_reward_grid,520,149.0821555009516,209,success,118.21880340576172,14.530810356140137,0.40629085898399353,36.663665771484375,48.5619010925293,12.737876892089844,24.15586280822754,37.03582992527497,-32.60031532355244,-44.64625209474578,0.7982590087883894,0.9895908832550049,0.0,2.0178116490503126
2026-04-13 13:44:11,2194,171,1,v8_7_phase_2_2_radius_105_120_reward_grid,520,179.72486323715626,210,success,126.50761413574219,14.55224895477295,0.40629085898399353,36.30429458618164,48.5619010925293,13.177879333496094,26.099475860595703,18.430223871430982,-16.682791689269504,19.306161481539267,0.9487093728511262,0.760633647441864,0.0,1.405340242575782
2026-04-13 13:44:15,2194,172,1,v8_7_phase_2_2_radius_105_120_reward_grid,520,-170.1646441781586,240,near_miss,126.55689239501953,4.299455642700195,0.40629085898399353,47.679203033447266,48.5619010925293,1.7270393371582031,20.379844665527344,76.96713413406924,-73.75855714880737,36.38534661438504,0.22550993309539397,0.9754420518875122,0.0,0.7943059017435712
2026-04-13 13:44:22,2195,173,1,v8_7_phase_2_2_radius_105_120_reward_grid,520,-740.6309455967404,400,low_agl,126.737548828125,131.16152954101562,0.40629085898399353,0.38905277848243713,48.5619010925293,49.7461051940918,-34.41241455078125,127.42690515596597,124.314060102111,37.340128513177376,-0.607748816787281,-0.9505585432052612,0.0,4.3348689376161955
2026-04-13 13:44:26,2195,174,1,v8_7_phase_2_2_radius_105_120_reward_grid,520,-169.0032933503952,223,near_miss,116.74290466308594,9.82136058807373,0.40629085898399353,41.54634475708008,48.5619010925293,7.964817047119141,11.13126277923584,75.31883190242675,-74.7130214438033,-134.15554307339897,0.2534400105745963,0.6806915998458862,0.0,1.5341024059592345
2026-04-13 13:44:32,2195,175,1,v8_7_phase_2_2_radius_105_120_reward_grid,520,-663.6136551261623,366,wrong_way,129.41258239746094,136.20938110351562,0.40629085898399353,1.7651034593582153,48.5619010925293,48.35850143432617,-57.362178802490234,133.28029531239685,133.18375741866788,-55.5931602020653,-0.6855680228252646,-0.9239687919616699,0.0,1.9630252980855665
2026-04-13 13:44:36,2195,176,1,v8_7_phase_2_2_radius_105_120_reward_grid,520,-146.2738876090591,228,near_miss,124.5027084350586,8.793320655822754,0.40629085898399353,43.173336029052734,48.5619010925293,6.289375305175781,4.15354585647583,76.50167040251122,-77.85018197110351,146.44071746555576,0.23341701526104017,0.8131500482559204,0.0,0.9088242828747342
2026-04-13 13:44:40,2196,177,1,v8_7_phase_2_2_radius_105_120_reward_grid,520,151.49733693779186,208,success,122.72622680664062,14.812834739685059,0.40629085898399353,36.03827667236328,48.5619010925293,13.372550964355469,25.92902946472168,36.075915139321374,0.8831523709450815,-30.28685511958825,0.8082374871544991,0.962309718132019,0.0,0.6228928302538819
2026-04-13 13:44:43,2196,178,1,v8_7_phase_2_2_radius_105_120_reward_grid,520,158.92791712621386,205,success,116.56919860839844,14.801090240478516,0.40629085898399353,35.37311553955078,48.5619010925293,14.029365539550781,17.605281829833984,9.726758845120207,1.668122053231699,-2.6969016878834156,0.9856246720056403,0.9872315526008606,0.0,2.667308314271582
2026-04-13 13:44:47,2196,179,1,v8_7_phase_2_2_radius_105_120_reward_grid,520,163.4365664376708,210,success,125.11902618408203,14.842428207397461,0.40629085898399353,36.318912506103516,48.5619010925293,13.10092544555664,27.279037475585938,29.558818425767424,10.26111271842063,-20.115646473665205,0.8698497276036616,0.9355016946792603,0.0,2.779794592458329
2026-04-13 13:44:50,2196,180,1,v8_7_phase_2_2_radius_105_120_reward_grid,520,164.41531604342745,206,success,120.2939453125,14.945273399353027,0.40629085898399353,35.65190887451172,48.5619010925293,13.76144027709961,25.368032455444336,13.800180359504616,4.31016270120622,9.399790859362527,0.9711335290331791,0.9531846642494202,0.0,2.062895616293917
2026-04-13 13:44:54,2196,181,1,v8_7_phase_2_2_radius_105_120_reward_grid,520,145.67014513275913,210,success,119.21621704101562,14.630436897277832,0.40629085898399353,36.6982307434082,48.5619010925293,12.704460144042969,25.583969116210938,30.367646012185748,-30.520304155230118,-21.37789787568212,0.8627992806527318,0.986198365688324,0.0,0.26012378015098414
2026-04-13 13:44:58,2196,182,1,v8_7_phase_2_2_radius_105_120_reward_grid,520,-162.02563881501345,242,near_miss,125.75440216064453,2.1191890239715576,0.40629085898399353,48.32687759399414,48.5619010925293,1.0951728820800781,15.913827896118164,75.63235807589784,-72.78929866406921,-39.76235606457943,0.2481428353860209,0.9289516806602478,0.0,1.482177684178942
2026-04-13 13:45:02,2197,183,1,v8_7_phase_2_2_radius_105_120_reward_grid,520,161.0382165083589,206,success,120.13932800292969,14.809073448181152,0.40629085898399353,35.55879592895508,48.5619010925293,13.842796325683594,24.864513397216797,21.982470362518505,13.06008923557236,-22.1276972597459,0.9272984220166453,0.9906817674636841,0.0,0.7935719497858009
2026-04-13 13:45:06,2197,184,1,v8_7_phase_2_2_radius_105_120_reward_grid,520,-168.195986916354,243,near_miss,127.86064910888672,1.7906696796417236,0.40629085898399353,49.30305099487305,48.5619010925293,0.096435546875,-13.562317848205566,85.51256138959062,83.56255604193032,17.500438757453608,0.07824053207341604,0.9974178075790405,0.0,1.3839867105215977
2026-04-13 13:45:09,2197,185,1,v8_7_phase_2_2_radius_105_120_reward_grid,520,149.93682146342059,207,success,117.47575378417969,14.943624496459961,0.40629085898399353,35.70652770996094,48.5619010925293,13.69424819946289,24.15035629272461,28.19568000706754,-17.69741116783302,32.71832391693734,0.8813390789898917,0.9937229156494141,0.0,0.4944642366568805
2026-04-13 13:45:13,2197,186,1,v8_7_phase_2_2_radius_105_120_reward_grid,520,-144.48240899786526,235,near_miss,126.58613586425781,6.9325385093688965,0.40629085898399353,45.433536529541016,48.5619010925293,4.003490447998047,-6.216709613800049,78.42494921994926,-79.92341076158002,79.71065719912329,0.20065134993856304,0.8849611878395081,0.0,0.6299652626435154
2026-04-13 13:45:20,2198,187,1,v8_7_phase_2_2_radius_105_120_reward_grid,520,-610.5067455024473,378,low_agl,117.21536254882812,119.464111328125,0.40629085898399353,0.39094310998916626,48.5619010925293,49.75503921508789,-29.889482498168945,115.70755729503136,129.69015663934138,24.516525186106595,-0.4337779325864285,-0.9788308143615723,0.0,4.229531780165322
2026-04-13 13:45:25,2198,188,1,v8_7_phase_2_2_radius_105_120_reward_grid,520,-164.87729088284237,235,near_miss,127.12683868408203,6.063483238220215,0.40629085898399353,46.662540435791016,48.5619010925293,2.7463035583496094,21.419849395751953,77.3999768821513,-77.10901765369792,-41.153385560755055,0.2181436351619338,0.9667760133743286,0.0,1.2689531406507362
2026-04-13 13:45:29,2198,189,1,v8_7_phase_2_2_radius_105_120_reward_grid,520,147.79254079158827,209,success,122.6384048461914,14.712254524230957,0.40629085898399353,36.57182693481445,48.5619010925293,12.82857894897461,27.002239227294922,29.242030836967647,27.392767364470448,-21.370673243087538,0.8725639600496276,0.9976683259010315,0.0,3.0137493620871507
2026-04-13 13:45:33,2198,190,1,v8_7_phase_2_2_radius_105_120_reward_grid,520,149.38649105346326,207,success,116.9012451171875,14.740248680114746,0.40629085898399353,35.839717864990234,48.5619010925293,13.56735610961914,24.07213020324707,34.78764583920859,-34.17727281421957,-36.28227564471497,0.8212722477500208,0.9728758335113525,0.0,0.6659861687851573
2026-04-13 13:45:36,2198,191,1,v8_7_phase_2_2_radius_105_120_reward_grid,520,151.46512070300037,207,success,116.64415740966797,14.67790412902832,0.40629085898399353,35.79115295410156,48.5619010925293,13.609992980957031,23.291677474975586,24.377797213874466,-17.719762961891888,-27.48665855989603,0.9108436752341703,0.9954460859298706,0.0,2.561622900265889
2026-04-13 13:45:40,2198,192,1,v8_7_phase_2_2_radius_105_120_reward_grid,520,-206.02157571552164,218,near_miss,126.96186065673828,17.7977352142334,0.40629085898399353,41.49175262451172,48.5619010925293,7.954105377197266,24.599407196044922,92.29325217868829,-90.7110251970765,115.35141757132857,-0.04001411543274491,0.8617968559265137,0.0,1.5997843877872402
2026-04-13 13:45:44,2199,193,1,v8_7_phase_2_2_radius_105_120_reward_grid,520,-178.89755417339825,224,near_miss,123.81977844238281,11.079915046691895,0.40629085898399353,41.70334243774414,48.5619010925293,7.764530181884766,15.513673782348633,75.11465022737839,-77.68178365711685,-135.81474628695682,0.2568856875062697,0.8026654720306396,0.0,3.178857095376426
2026-04-13 13:45:48,2199,194,1,v8_7_phase_2_2_radius_105_120_reward_grid,520,143.40576678487503,209,success,118.3426513671875,13.138533592224121,0.40629085898399353,37.08992004394531,48.5619010925293,12.328655242919922,20.037303924560547,40.45215735942653,-37.80239230110925,45.616719522967045,0.7609479970971454,0.9377995729446411,0.0,0.4391880182030337
2026-04-13 13:45:51,2199,195,1,v8_7_phase_2_2_radius_105_120_reward_grid,520,-121.6064112176023,200,near_miss,115.4613037109375,17.708328247070312,0.40629085898399353,33.029945373535156,48.5619010925293,16.53866195678711,0.21410420536994934,77.83468427187675,-78.3545367997956,-156.40869554027236,0.2107330744236823,0.5242763757705688,0.0,1.3139471250214179
2026-04-13 13:45:55,2199,196,1,v8_7_phase_2_2_radius_105_120_reward_grid,520,-150.52219472178467,228,near_miss,122.44856262207031,9.77570915222168,0.40629085898399353,43.448387145996094,48.5619010925293,5.9936065673828125,-1.2594987154006958,77.36912491767035,-76.28862997210935,93.1198006909082,0.21866910376314783,0.8727975487709045,0.0,1.0353546961685531
2026-04-13 13:45:59,2199,197,1,v8_7_phase_2_2_radius_105_120_reward_grid,520,131.84908652876712,216,success,118.16134643554688,12.074722290039062,0.40629085898399353,38.69023513793945,48.5619010925293,10.730422973632812,24.093461990356445,40.43163605606522,-41.23502339680964,-31.900405348733724,0.761180329900035,0.9317277073860168,0.0,0.49517614717788433
2026-04-13 13:46:03,2200,198,1,v8_7_phase_2_2_radius_105_120_reward_grid,520,-160.89082250167695,242,near_miss,126.60755157470703,2.37457013130188,0.40629085898399353,49.12586212158203,48.5619010925293,0.2762641906738281,-7.559412479400635,82.2239345872562,69.40302064717112,20.603489320038783,0.13530168822475483,0.9878565669059753,0.0,1.1502715480404393
2026-04-13 13:46:07,2200,199,1,v8_7_phase_2_2_radius_105_120_reward_grid,520,137.16195187345508,226,success,124.21829223632812,8.081108093261719,0.40629085898399353,42.20030975341797,48.5619010925293,7.213626861572266,23.3222599029541,39.71684651413963,-37.04439498249416,32.15912266921005,0.769211706717542,0.9551128149032593,0.0,1.3040748724554225
2026-04-13 13:46:10,2200,200,1,v8_7_phase_2_2_radius_105_120_reward_grid,520,144.5441316704618,208,success,118.2419662475586,14.866742134094238,0.40629085898399353,36.10436248779297,48.5619010925293,13.295207977294922,24.931060791015625,26.2481215746774,-25.63652253073236,-18.91194857585552,0.8968872413556453,0.9996578693389893,0.0,3.800394536709639
2026-04-13 13:46:14,2200,201,1,v8_7_phase_2_2_radius_105_120_reward_grid,520,-166.26549118777652,243,near_miss,128.52822875976562,2.0655298233032227,0.40629085898399353,49.032997131347656,48.5619010925293,0.37590789794921875,-9.622572898864746,80.22125482071677,34.87430386430312,-22.8405487354945,0.16984393404153095,0.9663121700286865,0.0,1.8338787968253607
2026-04-13 13:46:18,2200,202,1,v8_7_phase_2_2_radius_105_120_reward_grid,520,157.93478248291518,214,success,128.17398071289062,14.500988960266113,0.40629085898399353,37.493927001953125,48.5619010925293,11.928050994873047,28.533903121948242,39.84370361759428,-13.608488539127269,-25.789870522882904,0.7677950423692644,0.9290858507156372,0.0,1.036083235066122
2026-04-13 13:46:22,2200,203,1,v8_7_phase_2_2_radius_105_120_reward_grid,520,164.79405799846577,212,success,126.2720947265625,14.775899887084961,0.40629085898399353,37.265872955322266,48.5619010925293,12.15560531616211,29.05628204345703,13.11307528183238,13.094743054100066,-1.0224585080182815,0.9739242185668544,0.929541826248169,0.0,0.9573572757997901
2026-04-13 13:46:26,2201,204,1,v8_7_phase_2_2_radius_105_120_reward_grid,520,146.73519334174688,208,success,120.98018646240234,14.6127290725708,0.40629085898399353,36.177066802978516,48.5619010925293,13.22354507446289,23.816997528076172,23.690227683338673,23.322751553160938,15.05765745929169,0.9157311358722809,0.9982921481132507,0.0,4.45079048507791
2026-04-13 13:46:29,2201,205,1,v8_7_phase_2_2_radius_105_120_reward_grid,520,-173.24230316286548,216,near_miss,128.45761108398438,16.072132110595703,0.40629085898399353,39.16630935668945,48.5619010925293,10.281494140625,25.194822311401367,75.56719124102675,-72.16458224182315,105.89911194875874,0.24924447729254848,0.8561434149742126,0.0,1.5281741816283387
2026-04-13 13:46:33,2201,206,1,v8_7_phase_2_2_radius_105_120_reward_grid,520,142.38130340968735,212,success,121.0124282836914,14.497665405273438,0.40629085898399353,37.204166412353516,48.5619010925293,12.196426391601562,25.75273323059082,35.30503266883706,-34.57590314474902,-33.271121862317734,0.816086829858947,0.9979766607284546,0.0,3.794611724330613
2026-04-13 13:46:37,2201,207,1,v8_7_phase_2_2_radius_105_120_reward_grid,520,-163.42990463977895,240,near_miss,125.25033569335938,7.734050273895264,0.40629085898399353,47.4427490234375,48.5619010925293,1.9603042602539062,-6.963022708892822,76.00196693264391,-62.32991579932686,23.1522973522341,0.2418885857377226,0.984652578830719,0.0,0.9759770075692505
2026-04-13 13:46:40,2201,208,1,v8_7_phase_2_2_radius_105_120_reward_grid,520,143.55914760034446,208,success,120.71236419677734,14.577252388000488,0.40629085898399353,36.40724182128906,48.5619010925293,12.992687225341797,26.22188949584961,25.6559885698669,-2.1693423587032736,-17.169319724227854,0.9014098682328743,0.9969806671142578,0.0,0.20008367357730258
2026-04-13 13:46:44,2202,209,1,v8_7_phase_2_2_radius_105_120_reward_grid,520,134.9622213673913,213,success,121.4192886352539,13.975447654724121,0.40629085898399353,37.76803207397461,48.5619010925293,11.634803771972656,26.53110122680664,40.0210187435424,-38.17259538431311,-36.55889147591132,0.765808587335507,0.9915664196014404,0.0,4.312490978715613
2026-04-13 13:46:48,2202,210,1,v8_7_phase_2_2_radius_105_120_reward_grid,520,143.50561037404074,209,success,120.7196044921875,14.960187911987305,0.40629085898399353,36.29177474975586,48.5619010925293,13.107498168945312,26.315433502197266,29.38291031878833,-25.355125567117007,-28.935666116841308,0.8713601948181976,0.9997597932815552,0.0,0.9720874860343172
2026-04-13 13:46:51,2202,211,1,v8_7_phase_2_2_radius_105_120_reward_grid,520,165.08161228336354,205,success,120.80042266845703,14.723064422607422,0.40629085898399353,35.17394256591797,48.5619010925293,14.285110473632812,18.720687866210938,35.346228954815984,-31.61334274320184,78.95226714463092,0.8156710815138147,0.8242976665496826,0.0,1.3345878321439706
2026-04-13 13:46:55,2202,212,1,v8_7_phase_2_2_radius_105_120_reward_grid,520,148.9603761576451,204,success,116.3675537109375,14.834207534790039,0.40629085898399353,34.780147552490234,48.5619010925293,14.18936538696289,22.734155654907227,23.636086481335273,-23.640584160903725,-41.27768817346012,0.9161103968297138,0.992868959903717,0.0,1.3231074051859748
2026-04-13 13:46:58,2202,213,1,v8_7_phase_2_2_radius_105_120_reward_grid,520,147.82195293448103,206,success,117.70217895507812,14.828374862670898,0.40629085898399353,35.924034118652344,48.5619010925293,13.477046966552734,25.13961410522461,26.196236042647396,-13.202117042947252,-23.59132995925147,0.8972873717802848,0.9917380809783936,0.0,0.7221055621914263
2026-04-13 13:47:02,2202,214,1,v8_7_phase_2_2_radius_105_120_reward_grid,520,171.25895363904732,208,success,124.59932708740234,14.852923393249512,0.40629085898399353,35.71135330200195,48.5619010925293,13.697620391845703,25.12774085998535,18.842873165231886,16.286107962653503,-14.067430293801582,0.9464078508186259,0.9662855267524719,0.0,0.19883644050426033
2026-04-13 13:47:06,2203,215,1,v8_7_phase_2_2_radius_105_120_reward_grid,520,139.94893481301767,216,success,126.4608383178711,14.671341896057129,0.40629085898399353,38.44137191772461,48.5619010925293,10.959285736083984,29.08318519592285,35.99599509584306,-3.4089260704122077,5.325775545407151,0.8090580778610461,0.9942423701286316,0.0,1.1608771329905565
2026-04-13 13:47:10,2203,216,1,v8_7_phase_2_2_radius_105_120_reward_grid,520,-158.98397274230206,241,near_miss,126.36380767822266,3.5779385566711426,0.40629085898399353,48.06235122680664,48.5619010925293,1.3423042297363281,1.249124526977539,79.4538215957633,-73.00787837788795,-42.62689983644234,0.18302793545360743,0.979444146156311,0.0,0.3228350184737069
2026-04-13 13:47:13,2203,217,1,v8_7_phase_2_2_radius_105_120_reward_grid,520,146.0888284580109,214,success,127.52356719970703,14.710599899291992,0.40629085898399353,37.84615707397461,48.5619010925293,11.567638397216797,29.535667419433594,35.44427290525694,13.397112113561946,-17.38593575866022,0.8146799372493215,0.9518917202949524,0.0,2.03236040755535
2026-04-13 13:47:17,2203,218,1,v8_7_phase_2_2_radius_105_120_reward_grid,520,-126.2981982170046,217,near_miss,118.17133331298828,14.733059883117676,0.40629085898399353,39.003509521484375,48.5619010925293,10.45767593383789,-6.472965240478516,77.4601508487391,-78.38267717917604,149.20209464510023,0.21711857432822282,0.8180381655693054,0.0,1.2844832483488169
2026-04-13 13:47:20,2203,219,1,v8_7_phase_2_2_radius_105_120_reward_grid,520,150.09375495371276,206,success,116.26648712158203,14.94119930267334,0.40629085898399353,36.086669921875,48.5619010925293,13.318046569824219,21.193662643432617,37.7638427134337,-37.67482485798092,-38.42579391194007,0.7905416384063323,0.9792599081993103,0.0,1.5218881086147076
2026-04-13 13:47:24,2203,220,1,v8_7_phase_2_2_radius_105_120_reward_grid,520,165.61066889798462,214,success,129.0316162109375,14.89675235748291,0.40629085898399353,37.55406188964844,48.5619010925293,11.851898193359375,30.822507858276367,25.029175279545658,24.794566819292182,3.320402976787434,0.9060924703477213,0.9753527641296387,0.0,0.800849802635953
2026-04-13 13:47:28,2204,221,1,v8_7_phase_2_2_radius_105_120_reward_grid,520,139.7082131023725,219,success,124.7700424194336,13.25838565826416,0.40629085898399353,39.481781005859375,48.5619010925293,9.918190002441406,26.721904754638672,40.19090945386271,-38.98078434804404,16.197100352484483,0.7638984273121973,0.9981431365013123,0.0,1.648723004251058
2026-04-13 13:47:31,2204,222,1,v8_7_phase_2_2_radius_105_120_reward_grid,520,157.97867745242843,209,success,124.37875366210938,14.750029563903809,0.40629085898399353,36.70497131347656,48.5619010925293,12.695442199707031,27.895000457763672,25.21829638747414,12.754653421173145,4.14793375558737,0.9046910412953252,0.9951095581054688,0.0,1.0687225718065745
2026-04-13 13:47:38,2204,223,1,v8_7_phase_2_2_radius_105_120_reward_grid,520,-479.0512075941513,396,low_agl,118.29451751708984,198.8703155517578,0.40629085898399353,0.3891538083553314,48.5619010925293,49.759674072265625,-53.679298400878906,114.20764775329657,117.31105348571859,-40.447123510008225,-0.4100447785920069,-0.9840049743652344,0.0,5.159864564245029
2026-04-13 13:47:42,2204,224,1,v8_7_phase_2_2_radius_105_120_reward_grid,520,-163.34689924052634,240,near_miss,122.687255859375,6.474587917327881,0.40629085898399353,47.91585922241211,48.5619010925293,1.5463371276855469,-13.645160675048828,75.69455377847999,-58.57665854851315,-82.81559972410855,0.2470911209099835,0.815268874168396,0.0,1.2226784750545368
2026-04-13 13:47:46,2205,225,1,v8_7_phase_2_2_radius_105_120_reward_grid,520,168.4025756834123,211,success,126.18450927734375,14.701807022094727,0.40629085898399353,37.3198127746582,48.5619010925293,12.091728210449219,29.20966148376465,18.257309094855646,18.233104611984412,-0.09538716693637174,0.949659168865887,0.9592598080635071,0.0,1.0243513340840735
2026-04-13 13:47:52,2205,226,1,v8_7_phase_2_2_radius_105_120_reward_grid,520,-504.4628501027283,383,low_agl,128.16038513183594,210.0023651123047,0.40629085898399353,0.38212844729423523,48.5619010925293,49.72780227661133,-61.858097076416016,85.28519805249924,93.34197991441955,-26.534151114097316,0.0821959799058109,-0.8868132829666138,0.0,4.286680281787727
2026-04-13 13:47:56,2205,227,1,v8_7_phase_2_2_radius_105_120_reward_grid,520,138.0515887407276,218,success,128.23080444335938,12.42111873626709,0.40629085898399353,38.99525451660156,48.5619010925293,10.412666320800781,28.011770248413086,39.840793957007854,29.450003267005364,-29.587320805173885,0.7678275779215445,0.9789544939994812,0.0,5.391766631952428
2026-04-13 13:48:00,2205,228,1,v8_7_phase_2_2_radius_105_120_reward_grid,520,164.52760561563878,207,success,120.7437515258789,14.94257640838623,0.40629085898399353,35.90621566772461,48.5619010925293,13.500675201416016,26.58198356628418,13.821153309124785,4.857808122631488,-5.399981281871108,0.9710461483923825,0.9730452299118042,0.0,0.30774585117037323
2026-04-13 13:48:03,2205,229,1,v8_7_phase_2_2_radius_105_120_reward_grid,520,-131.4099634651467,209,near_miss,115.54672241210938,14.902215003967285,0.40629085898399353,36.610984802246094,48.5619010925293,12.8955078125,0.9261475801467896,76.03514799163183,-74.7479373708404,172.66507851965798,0.24132662397033738,0.6930069327354431,0.0,1.607639639664725
2026-04-13 13:48:07,2206,230,1,v8_7_phase_2_2_radius_105_120_reward_grid,520,-173.4400764968496,211,near_miss,124.65206909179688,17.621078491210938,0.40629085898399353,36.864830017089844,48.5619010925293,12.639026641845703,22.4890079498291,83.95385074929118,-82.88003572873845,-143.1349742091613,0.10532947327201399,0.7010740637779236,0.0,1.5328966723068227
2026-04-13 13:48:11,2206,231,1,v8_7_phase_2_2_radius_105_120_reward_grid,520,170.10531841049385,206,success,121.45887756347656,14.496652603149414,0.40629085898399353,35.67308044433594,48.5619010925293,13.744163513183594,25.02873420715332,14.60762312506872,-0.10835236008493689,-11.703586345651148,0.9676756244336882,0.9415942430496216,0.0,0.5785762032140802
2026-04-13 13:48:14,2206,232,1,v8_7_phase_2_2_radius_105_120_reward_grid,520,151.52679373742947,208,success,117.84645080566406,14.694239616394043,0.40629085898399353,36.51312255859375,48.5619010925293,12.891658782958984,21.17047119140625,39.25435391487056,-35.4384501689895,-38.156418081263936,0.7743445624736418,0.9797870516777039,0.0,0.7488310750086228
2026-04-13 13:48:18,2206,233,1,v8_7_phase_2_2_radius_105_120_reward_grid,520,-181.77111407003014,242,near_miss,127.49260711669922,2.8739144802093506,0.40629085898399353,49.261409759521484,48.5619010925293,0.15356826782226562,-1.176226019859314,79.9380137060255,-93.2393153410051,-16.757331251229147,0.17471350479931588,0.9483205080032349,0.0,0.48256977236019477
2026-04-13 13:48:22,2206,234,1,v8_7_phase_2_2_radius_105_120_reward_grid,520,-166.66179502742625,245,near_miss,126.07819366455078,4.653275966644287,0.40629085898399353,49.76856994628906,48.5619010925293,-0.3595848083496094,-13.419869422912598,79.94129902701629,93.89917991672003,0.6971682941971912,0.174657046767357,0.9681130647659302,0.0,0.9158592920536972
2026-04-13 13:48:26,2206,235,1,v8_7_phase_2_2_radius_105_120_reward_grid,520,149.8541677824364,203,success,116.90858459472656,14.783553123474121,0.40629085898399353,35.167667388916016,48.5619010925293,14.23409652709961,20.949420928955078,23.567567731128996,-8.988239518470701,41.14054480511543,0.9165892002632345,0.9900398850440979,0.0,0.800117346836867
2026-04-13 13:48:30,2207,236,1,v8_7_phase_2_2_radius_105_120_reward_grid,520,148.73176787217557,210,success,122.26670837402344,14.789875984191895,0.40629085898399353,36.620384216308594,48.5619010925293,12.817070007324219,24.816049575805664,26.227851280768093,-15.523295360673554,31.104237517942018,0.8970436492042773,0.884135365486145,0.0,0.7492745190570456
2026-04-13 13:48:34,2207,237,1,v8_7_phase_2_2_radius_105_120_reward_grid,520,-162.8713965532561,240,near_miss,127.25896453857422,4.547840118408203,0.40629085898399353,47.92563247680664,48.5619010925293,1.4758720397949219,-0.7276743650436401,76.11564177100044,22.416335931428762,-39.535819180377615,0.23996302753613372,0.9955096244812012,0.0,5.421225623065478
2026-04-13 13:48:37,2207,238,1,v8_7_phase_2_2_radius_105_120_reward_grid,520,153.45165219120943,208,success,122.76639556884766,14.675888061523438,0.40629085898399353,35.66276168823242,48.5619010925293,13.736968994140625,24.534008026123047,20.16395981675929,12.370205124681576,19.356115777581447,0.9387100365053458,0.9987035989761353,0.0,2.990104566124942
2026-04-13 13:48:41,2207,239,1,v8_7_phase_2_2_radius_105_120_reward_grid,520,129.89751510705224,224,success,125.62716674804688,9.672119140625,0.40629085898399353,41.47154998779297,48.5619010925293,7.931621551513672,25.103057861328125,40.21932987099913,-24.858888418253485,-35.823942630650436,0.7635782271807432,0.9937237501144409,0.0,4.927812577409496
2026-04-13 13:48:44,2207,240,1,v8_7_phase_2_2_radius_105_120_reward_grid,520,136.25296115811446,220,success,121.22389221191406,9.145650863647461,0.40629085898399353,40.37175750732422,48.5619010925293,9.088142395019531,17.328125,40.38364031676755,-38.62056017121757,-141.7832251309024,0.7617233343847976,0.8208902478218079,0.0,0.8407311283910499
2026-04-13 13:48:49,2208,241,1,v8_7_phase_2_2_radius_105_120_reward_grid,520,-161.767209123771,245,near_miss,123.75645446777344,5.040691375732422,0.40629085898399353,49.69824981689453,48.5619010925293,-0.2632102966308594,-16.382980346679688,75.87135322514577,69.43936408374475,25.293141600399142,0.24409989845149185,0.8912460207939148,0.0,1.2872482539428058
2026-04-13 13:48:52,2208,242,1,v8_7_phase_2_2_radius_105_120_reward_grid,520,157.71717884184133,203,success,116.25688934326172,14.894166946411133,0.40629085898399353,34.98200225830078,48.5619010925293,14.473159790039062,18.11761474609375,37.63957425167449,-30.357766143551324,88.5464836075861,0.7918680265315474,0.834078848361969,0.0,1.927085888657554
2026-04-13 13:48:56,2208,243,1,v8_7_phase_2_2_radius_105_120_reward_grid,520,-215.19739060070617,217,near_miss,123.84583282470703,17.828367233276367,0.40629085898399353,38.46115493774414,48.5619010925293,11.028366088867188,18.401456832885742,88.1841898834411,-87.24123445719665,-143.53262782263943,0.03168656030882795,0.7391879558563232,0.0,2.1047828341929598
2026-04-13 13:49:00,2208,244,1,v8_7_phase_2_2_radius_105_120_reward_grid,520,143.32246307196397,209,success,122.2725601196289,14.969929695129395,0.40629085898399353,36.47870635986328,48.5619010925293,12.925376892089844,26.53685760498047,27.666584525654383,-6.71936465497424,15.787207040013678,0.8856645757148386,0.9915744066238403,0.0,4.0166089764594295
2026-04-13 13:49:03,2208,245,1,v8_7_phase_2_2_radius_105_120_reward_grid,520,149.3561025323301,212,success,128.44512939453125,14.930679321289062,0.40629085898399353,36.89768981933594,48.5619010925293,12.503929138183594,28.98940086364746,26.938665652596736,26.80475637882405,6.211077344867523,0.8914920041885387,0.9925985336303711,0.0,3.2596243830393012
2026-04-13 13:49:10,2209,246,1,v8_7_phase_2_2_radius_105_120_reward_grid,520,-751.3988647174056,371,low_agl,126.69900512695312,55.411136627197266,0.40629085898399353,0.3942660093307495,48.5619010925293,49.74102020263672,-2.6462013721466064,170.21435200394404,171.1539811280627,-42.01949111355311,-0.9854505032985973,-0.954403817653656,0.0,3.784324524620608
2026-04-13 13:49:13,2209,247,1,v8_7_phase_2_2_radius_105_120_reward_grid,520,-158.7450128750045,211,near_miss,126.55030822753906,17.66899871826172,0.40629085898399353,36.114967346191406,48.5619010925293,13.372749328613281,17.927040100097656,78.28705453079587,-70.71120677890366,-145.7085621676654,0.20300853681916747,0.744530439376831,0.0,1.140903768183581
2026-04-13 13:49:17,2209,248,1,v8_7_phase_2_2_radius_105_120_reward_grid,520,144.12358892961666,212,success,124.55220794677734,14.907231330871582,0.40629085898399353,37.2882194519043,48.5619010925293,12.111312866210938,28.110698699951172,35.291662573536755,-32.70850893510003,-18.34578053517482,0.8162216687050458,0.9997105598449707,0.0,1.937929169947498
2026-04-13 13:49:20,2209,249,1,v8_7_phase_2_2_radius_105_120_reward_grid,520,155.17207188773946,214,success,126.20365142822266,14.57435131072998,0.40629085898399353,37.50413131713867,48.5619010925293,11.899459838867188,24.82846450805664,27.29678442361155,13.019373624156268,-1.1638893141710314,0.8886429717670998,0.9902587532997131,0.0,5.455634156316737
2026-04-13 13:49:24,2209,250,1,v8_7_phase_2_2_radius_105_120_reward_grid,520,154.18144713893395,212,success,126.1223373413086,14.521501541137695,0.40629085898399353,37.064117431640625,48.5619010925293,12.33639144897461,27.956748962402344,28.115599454143727,6.306272252650929,-10.382111227114699,0.8819985947650502,0.9958339929580688,0.0,2.842851305903324
2026-04-13 13:49:28,2210,251,1,v8_7_phase_2_2_radius_105_120_reward_grid,520,146.2864664211579,213,success,122.46070098876953,14.854701042175293,0.40629085898399353,37.59093475341797,48.5619010925293,11.810104370117188,27.570575714111328,35.654816901517165,-35.45412545313468,-16.1321367157412,0.8125434513363903,0.9971168041229248,0.0,2.872406877212006
2026-04-13 13:49:32,2210,252,1,v8_7_phase_2_2_radius_105_120_reward_grid,520,-126.36633443002327,225,near_miss,122.48391723632812,14.791254997253418,0.40629085898399353,40.938385009765625,48.5619010925293,8.517528533935547,-8.312899589538574,77.85305065055492,-82.30351995146519,-115.08241740105679,0.21041970829308013,0.8323285579681396,0.0,1.420532244068105
2026-04-13 13:49:35,2210,253,1,v8_7_phase_2_2_radius_105_120_reward_grid,520,158.75412518424474,205,success,115.99009704589844,14.857437133789062,0.40629085898399353,35.30726623535156,48.5619010925293,14.092113494873047,20.801979064941406,19.33267115325538,-7.735505131288553,-34.710017324196805,0.9436123325041805,0.9998064041137695,0.0,3.4749354158160295
2026-04-13 13:49:39,2210,254,1,v8_7_phase_2_2_radius_105_120_reward_grid,520,142.11914114026223,215,success,127.05058288574219,14.545039176940918,0.40629085898399353,38.125667572021484,48.5619010925293,11.277595520019531,28.275718688964844,33.05547229965292,5.459661340404564,11.541547791555411,0.8381428694575627,0.9856033325195312,0.0,0.33414608995776696
2026-04-13 13:49:43,2210,255,1,v8_7_phase_2_2_radius_105_120_reward_grid,520,-181.74077487967145,235,near_miss,129.0901336669922,8.567155838012695,0.40629085898399353,46.937740325927734,48.5619010925293,2.482452392578125,24.99329948425293,75.00095489845435,-82.18901866021909,-25.4291528648889,0.25880294682886396,0.9330266714096069,0.0,1.7638171354993408
2026-04-13 13:49:46,2210,256,1,v8_7_phase_2_2_radius_105_120_reward_grid,520,160.15812983260022,205,success,117.01866149902344,14.594840049743652,0.40629085898399353,35.57148361206055,48.5619010925293,13.82846450805664,20.18622589111328,23.99681267706574,-20.588785630303036,41.120795313130344,0.9135680826954643,0.9953896999359131,0.0,0.9124940950272276
2026-04-13 13:49:50,2211,257,1,v8_7_phase_2_2_radius_105_120_reward_grid,520,174.95323944424635,204,success,118.58055114746094,14.723098754882812,0.40629085898399353,35.044776916503906,48.5619010925293,14.400104522705078,19.84343719482422,19.676834140248566,-19.574087604564063,15.944002570147783,0.9416067623872749,0.863379955291748,0.0,1.126990569355525
2026-04-13 13:49:54,2211,258,1,v8_7_phase_2_2_radius_105_120_reward_grid,520,145.17634894857395,213,success,127.118408203125,14.763504028320312,0.40629085898399353,37.71287155151367,48.5619010925293,11.691959381103516,29.765426635742188,34.06453712687392,30.131943014117777,-15.862262281255655,0.8284071800737011,0.9832826852798462,0.0,1.8451700007536125
2026-04-13 13:49:57,2211,259,1,v8_7_phase_2_2_radius_105_120_reward_grid,520,150.00146936878966,212,success,124.5419921875,14.69393539428711,0.40629085898399353,37.29911804199219,48.5619010925293,12.100166320800781,28.488039016723633,33.477796556413146,31.352753950892932,-14.825586414314875,0.8340996478322038,0.9992467164993286,0.0,0.42624509640313285
2026-04-13 13:50:01,2211,260,1,v8_7_phase_2_2_radius_105_120_reward_grid,520,143.75749484211178,214,success,127.60972595214844,14.796191215515137,0.40629085898399353,38.046783447265625,48.5619010925293,11.353649139404297,29.76549530029297,39.96888732470227,40.038551839141824,-21.889241695442415,0.7663933758030864,0.995334804058075,0.0,3.5973001288449753
2026-04-13 13:50:04,2211,261,1,v8_7_phase_2_2_radius_105_120_reward_grid,520,173.6790287785378,207,success,121.524658203125,14.688212394714355,0.40629085898399353,35.759681701660156,48.5619010925293,13.682231903076172,22.348981857299805,19.458143435855806,-18.18318958952996,-27.871189672431285,0.9428850970819608,0.8711575269699097,0.0,0.7088315139684639
2026-04-13 13:50:08,2211,262,1,v8_7_phase_2_2_radius_105_120_reward_grid,520,150.78522370774135,215,success,125.124267578125,14.665950775146484,0.40629085898399353,37.81147003173828,48.5619010925293,11.590110778808594,29.12656593322754,32.53209197902777,12.570570431531193,5.393214271950917,0.8430903662741527,0.9950293302536011,0.0,2.636095163623956
2026-04-13 13:50:12,2212,263,1,v8_7_phase_2_2_radius_105_120_reward_grid,520,139.7428470162737,209,success,120.3049087524414,14.518172264099121,0.40629085898399353,36.42574691772461,48.5619010925293,12.974254608154297,26.048641204833984,27.54966193234752,-17.886493002173776,-25.494905388481317,0.8866102728492058,0.9982605576515198,0.0,4.638782805556488
2026-04-13 13:50:15,2212,264,1,v8_7_phase_2_2_radius_105_120_reward_grid,520,146.9968869793688,210,success,120.3882827758789,14.843314170837402,0.40629085898399353,36.68403244018555,48.5619010925293,12.718864440917969,27.118013381958008,29.18792549345739,-5.2405625322088945,17.414842826775008,0.8730248693784513,0.9912622570991516,0.0,4.274734879621394
2026-04-13 13:50:19,2212,265,1,v8_7_phase_2_2_radius_105_120_reward_grid,520,128.0676356848754,220,success,125.91431427001953,11.132108688354492,0.40629085898399353,40.37852096557617,48.5619010925293,9.02127456665039,26.701282501220703,40.37665644834121,-19.992499870477168,-43.57591364048059,0.7618023025243399,0.9968757629394531,0.0,2.8337987054401883
2026-04-13 13:50:23,2212,266,1,v8_7_phase_2_2_radius_105_120_reward_grid,520,144.5807094106638,208,success,118.45823669433594,14.902961730957031,0.40629085898399353,36.139678955078125,48.5619010925293,13.262065887451172,25.3443603515625,31.062125986614305,-17.446307800733965,34.2596722163666,0.8566083395814722,0.99602210521698,0.0,5.489121893209825
2026-04-13 13:50:26,2212,267,1,v8_7_phase_2_2_radius_105_120_reward_grid,520,148.38844899678247,207,success,118.677734375,14.638972282409668,0.40629085898399353,36.06401062011719,48.5619010925293,13.34267807006836,24.396448135375977,36.51273305750037,-26.505303810137768,42.85071147516532,0.8037246510532432,0.9769936800003052,0.0,1.4713823954648255
2026-04-13 13:50:30,2213,268,1,v8_7_phase_2_2_radius_105_120_reward_grid,520,144.0550699604252,206,success,116.34130859375,14.982816696166992,0.40629085898399353,36.01991271972656,48.5619010925293,13.382259368896484,22.427934646606445,34.59839154259129,-34.62746765788803,-38.174914233536335,0.8231523092180734,0.9886935949325562,0.0,0.4943035585505209
2026-04-13 13:50:34,2213,269,1,v8_7_phase_2_2_radius_105_120_reward_grid,520,-148.5236102676362,245,near_miss,127.05766296386719,3.210304021835327,0.40629085898399353,48.9298210144043,48.5619010925293,0.4695243835449219,-5.50738525390625,82.65704371271588,71.13515662068635,-30.262259608387037,0.12780822449956486,0.9993529319763184,0.0,0.1207150968770307
2026-04-13 13:50:38,2213,270,1,v8_7_phase_2_2_radius_105_120_reward_grid,520,-117.2089023309699,213,near_miss,127.79035186767578,14.617109298706055,0.40629085898399353,35.11689758300781,48.5619010925293,14.541999816894531,11.790021896362305,76.62138312809402,-71.9444793958195,-119.77709328555169,0.2313848415790449,0.28108304738998413,0.0,1.1406880796080556
2026-04-13 13:50:41,2213,271,1,v8_7_phase_2_2_radius_105_120_reward_grid,520,-126.28337616723957,206,near_miss,116.99585723876953,15.483349800109863,0.40629085898399353,34.690406799316406,48.5619010925293,14.893165588378906,11.014708518981934,75.28747450394722,-75.0830332817104,-152.5448028852828,0.2539693940319408,0.484697550535202,0.0,1.4771366295993935
2026-04-13 13:50:44,2213,272,1,v8_7_phase_2_2_radius_105_120_reward_grid,520,153.91372526938454,206,success,116.25782775878906,14.897819519042969,0.40629085898399353,35.833858489990234,48.5619010925293,13.56650161743164,22.789936065673828,23.817731947217176,-23.716588798440334,19.430175518751895,0.9148347344890685,0.9945304989814758,0.0,2.851022276485271
2026-04-13 13:50:48,2213,273,1,v8_7_phase_2_2_radius_105_120_reward_grid,520,135.88405532598173,230,success,123.05487060546875,6.059996604919434,0.40629085898399353,43.918487548828125,48.5619010925293,5.5088043212890625,22.0366153717041,39.74328959151134,-26.823576965082022,-40.358607673459446,0.7689167170791539,0.9132291078567505,0.0,1.822417552877334
2026-04-13 13:50:53,2214,274,1,v8_7_phase_2_2_radius_105_120_reward_grid,520,-163.3540782808106,243,near_miss,116.51451873779297,13.04858684539795,0.40629085898399353,49.52283477783203,48.5619010925293,-0.0776519775390625,-16.844491958618164,75.06461909170804,61.51232166510882,-42.10951300681388,0.257729494213893,0.8625661134719849,0.0,1.3234165323423768
2026-04-13 13:50:56,2214,275,1,v8_7_phase_2_2_radius_105_120_reward_grid,520,131.48581329065266,221,success,127.48709106445312,12.396559715270996,0.40629085898399353,40.40357971191406,48.5619010925293,8.996864318847656,29.678499221801758,40.4046977899787,-15.390980936072067,9.254691174408423,0.7614851643931472,0.9976773262023926,0.0,2.326408974758984
2026-04-13 13:51:00,2214,276,1,v8_7_phase_2_2_radius_105_120_reward_grid,520,145.37962679015033,207,success,118.68016052246094,14.793617248535156,0.40629085898399353,36.11151123046875,48.5619010925293,13.288166046142578,25.474803924560547,25.589858678322834,-25.552584628474783,-16.80555409431673,0.901908991219566,0.9997360706329346,0.0,2.7743456746967237
2026-04-13 13:51:03,2214,277,1,v8_7_phase_2_2_radius_105_120_reward_grid,520,133.07200591107636,211,success,121.57147979736328,14.846517562866211,0.40629085898399353,37.156272888183594,48.5619010925293,12.245033264160156,24.920793533325195,35.63205529610809,-24.982309936555616,25.549966958475377,0.8127749532050597,0.9968823194503784,0.0,5.8459437448922875
2026-04-13 13:51:07,2214,278,1,v8_7_phase_2_2_radius_105_120_reward_grid,520,-131.01295850952803,215,near_miss,117.42012023925781,13.575481414794922,0.40629085898399353,37.82384490966797,48.5619010925293,11.697002410888672,-1.4434921741485596,76.44234337938049,-76.83917053996906,-149.09863093955286,0.2344237392685131,0.6542997360229492,0.0,1.3846963845018363
2026-04-13 13:51:11,2215,279,1,v8_7_phase_2_2_radius_105_120_reward_grid,520,138.21871790542497,216,success,128.7087860107422,13.530738830566406,0.40629085898399353,38.378360748291016,48.5619010925293,11.023143768310547,29.518131256103516,39.87817558233534,38.400699796929445,36.22037705536173,0.7674094294164181,0.995730459690094,0.0,5.713283580138083
2026-04-13 13:51:14,2215,280,1,v8_7_phase_2_2_radius_105_120_reward_grid,520,145.28893195586144,212,success,121.71725463867188,14.64650821685791,0.40629085898399353,37.39063262939453,48.5619010925293,12.00921630859375,22.085166931152344,31.541605266349197,-31.516449679636043,8.517970748831567,0.8522605278425502,0.9973503947257996,0.0,3.0510630729398978
2026-04-13 13:51:18,2215,281,1,v8_7_phase_2_2_radius_105_120_reward_grid,520,-144.02406510525222,217,near_miss,128.3153076171875,13.813904762268066,0.40629085898399353,37.643272399902344,48.5619010925293,11.877182006835938,17.280649185180664,76.27763336754563,-69.81735358260242,147.73103582241956,0.23721739297978023,0.6552461981773376,0.0,1.4861333517533024
2026-04-13 13:51:22,2215,282,1,v8_7_phase_2_2_radius_105_120_reward_grid,520,138.04558275242533,221,success,128.40867614746094,11.641757011413574,0.40629085898399353,39.87665939331055,48.5619010925293,9.524337768554688,28.637218475341797,39.94128311517167,39.50144625337953,-42.166203576924985,0.7667027713950932,0.9963093400001526,0.0,3.947539907042926
2026-04-13 13:51:25,2215,283,1,v8_7_phase_2_2_radius_105_120_reward_grid,520,150.52452304572637,207,success,118.75043487548828,14.614081382751465,0.40629085898399353,35.78067398071289,48.5619010925293,13.620246887207031,24.446130752563477,28.424045674419627,-23.202835629450316,-42.49190456259163,0.8794488872513699,0.9919914603233337,0.0,2.0859890562179975
2026-04-13 13:51:32,2216,284,1,v8_7_phase_2_2_radius_105_120_reward_grid,520,-622.0062114119671,383,low_agl,127.47913360595703,133.994140625,0.40629085898399353,0.3904291093349457,48.5619010925293,49.75291442871094,-38.32357406616211,111.57885137573123,124.71660413103487,22.954300413479185,-0.36778133491003673,-0.9718101024627686,0.0,2.302496631489423
2026-04-13 13:51:36,2216,285,1,v8_7_phase_2_2_radius_105_120_reward_grid,520,128.17439945037648,224,success,126.50223541259766,11.294429779052734,0.40629085898399353,40.85511779785156,48.5619010925293,8.549980163574219,28.598974227905273,39.29927948413632,-29.297748105122025,18.768936367466498,0.773848174666761,0.9882086515426636,0.0,5.496263705493717
2026-04-13 13:51:39,2216,286,1,v8_7_phase_2_2_radius_105_120_reward_grid,520,143.28967195314326,212,success,122.18335723876953,14.935285568237305,0.40629085898399353,37.136566162109375,48.5619010925293,12.265193939208984,24.046701431274414,39.5479393510598,-18.59234865666499,31.756739149731676,0.7710921070158849,0.9919478297233582,0.0,4.0235630993694445
2026-04-13 13:51:43,2216,287,1,v8_7_phase_2_2_radius_105_120_reward_grid,520,174.88622204686627,207,success,121.18846130371094,14.596429824829102,0.40629085898399353,35.576637268066406,48.5619010925293,13.839481353759766,24.36758041381836,2.0687627005329583,-0.44057473566591404,-1.5782213958286986,0.9993482231794365,0.9454894065856934,0.0,1.1477999806199113
2026-04-13 13:51:49,2216,288,1,v8_7_phase_2_2_radius_105_120_reward_grid,520,-443.15204669910685,367,low_agl,123.59850311279297,191.58912658691406,0.40629085898399353,0.386677622795105,48.5619010925293,49.7489128112793,-61.480247497558594,122.3281826009298,123.81040195271426,-40.84694912364243,-0.5347680514268093,-0.95033860206604,0.0,4.893160853398705
2026-04-13 13:51:53,2217,289,1,v8_7_phase_2_2_radius_105_120_reward_grid,520,-153.59917400159753,244,near_miss,126.76750946044922,2.452321767807007,0.40629085898399353,48.724708557128906,48.5619010925293,0.6770057678222656,15.747260093688965,75.31994522326146,-34.51540132908105,-24.83678251100474,0.2534212138169554,0.9915072917938232,0.0,2.9529261096781436
2026-04-13 13:51:57,2217,290,1,v8_7_phase_2_2_radius_105_120_reward_grid,520,163.8141549029838,208,success,124.6961441040039,14.995759963989258,0.40629085898399353,35.311214447021484,48.5619010925293,14.113346099853516,22.26692771911621,36.99459265816101,-23.11988127443322,-39.20248545831348,0.79869230333636,0.9208884835243225,0.0,1.2195906566597987
2026-04-13 13:52:01,2217,291,1,v8_7_phase_2_2_radius_105_120_reward_grid,520,149.39463236725183,213,success,125.6119384765625,13.604268074035645,0.40629085898399353,37.548892974853516,48.5619010925293,11.864978790283203,27.435640335083008,40.47503849314607,-0.03426402083239251,-29.55837446347137,0.7606888322775641,0.9527801871299744,0.0,2.6279559479817682
2026-04-13 13:52:04,2217,292,1,v8_7_phase_2_2_radius_105_120_reward_grid,520,-162.12857628307952,218,near_miss,128.21731567382812,17.5169677734375,0.40629085898399353,39.381351470947266,48.5619010925293,10.043182373046875,24.837142944335938,76.49131583572948,-76.73264007948437,50.46114047482531,0.23359274061777868,0.9220674633979797,0.0,0.7695718064331507
2026-04-13 13:52:08,2217,293,1,v8_7_phase_2_2_radius_105_120_reward_grid,520,144.5152926502376,215,success,124.8005142211914,14.711727142333984,0.40629085898399353,38.13995361328125,48.5619010925293,11.26406478881836,28.476778030395508,34.17628926697909,-22.627428050369886,-12.895720733196002,0.8273131106130474,0.9820412397384644,0.0,2.581134669908695
2026-04-13 13:52:11,2217,294,1,v8_7_phase_2_2_radius_105_120_reward_grid,520,150.06848391442648,211,success,122.56453704833984,14.733003616333008,0.40629085898399353,37.364662170410156,48.5619010925293,12.035346984863281,25.092304229736328,36.67361474830543,-17.152708704166383,-33.871843830009524,0.8020507712853485,0.9993912577629089,0.0,5.839907179180034
2026-04-13 13:52:15,2218,295,1,v8_7_phase_2_2_radius_105_120_reward_grid,520,155.55861475461512,205,success,117.15061950683594,14.675609588623047,0.40629085898399353,35.19857406616211,48.5619010925293,14.211788177490234,20.523286819458008,22.06044380208337,-11.11015901999293,24.32204750232153,0.9267881499682566,0.9655389785766602,0.0,1.3001763378254803
2026-04-13 13:52:19,2218,296,1,v8_7_phase_2_2_radius_105_120_reward_grid,520,153.36013100176126,205,success,119.33647918701172,14.819130897521973,0.40629085898399353,35.07886505126953,48.5619010925293,14.321563720703125,22.96186065673828,14.599008548978041,13.858230137260554,19.69184860359155,0.9677135321666165,0.9984772801399231,0.0,4.042334387411567
2026-04-13 13:52:22,2218,297,1,v8_7_phase_2_2_radius_105_120_reward_grid,520,171.1086252312584,209,success,124.88477325439453,14.999953269958496,0.40629085898399353,36.04334259033203,48.5619010925293,13.365303039550781,28.044469833374023,17.5602985353396,15.2427180197586,9.359580681945015,0.9533999574743359,0.967109739780426,0.0,0.4079623296863098
2026-04-13 13:52:26,2218,298,1,v8_7_phase_2_2_radius_105_120_reward_grid,520,144.05327084596806,211,success,123.45255279541016,14.574463844299316,0.40629085898399353,36.959503173828125,48.5619010925293,12.44036865234375,24.781448364257812,36.127035690164334,0.6949250039416651,-42.21543899555702,0.8077117746984466,0.9964792132377625,0.0,0.5529155091645391
2026-04-13 13:52:29,2218,299,1,v8_7_phase_2_2_radius_105_120_reward_grid,520,162.30144561169672,214,success,127.87567138671875,14.897933006286621,0.40629085898399353,37.419898986816406,48.5619010925293,12.009201049804688,30.051753997802734,20.902127388666543,16.186049106407403,13.761276455765868,0.9341912280177369,0.9085733890533447,0.0,2.611311237238646
2026-04-13 13:52:33,2219,300,1,v8_7_phase_2_2_radius_105_120_reward_grid,520,150.1358902635991,207,success,115.56964874267578,14.646206855773926,0.40629085898399353,35.8892707824707,48.5619010925293,13.510139465332031,23.416053771972656,22.504465862289436,-16.191694257756417,-12.60921222676054,0.923849701827116,0.9999830722808838,0.0,3.4362703472940117
2026-04-13 13:52:37,2219,301,1,v8_7_phase_2_2_radius_105_120_reward_grid,520,131.6387235447661,214,success,123.91668701171875,13.641828536987305,0.40629085898399353,37.895233154296875,48.5619010925293,11.50821304321289,25.449161529541016,40.06962236967621,-15.044142222471528,-38.58849926325353,0.7652628010857981,0.9896170496940613,0.0,2.804167526156235
2026-04-13 13:52:40,2219,302,1,v8_7_phase_2_2_radius_105_120_reward_grid,520,-227.46232282817846,221,near_miss,125.57270050048828,17.916616439819336,0.40629085898399353,40.67116928100586,48.5619010925293,8.839065551757812,16.171892166137695,106.56161980768248,-106.95779127011072,168.60873845461413,-0.2850463607038187,0.6836401224136353,0.0,1.4349390813907763
2026-04-13 13:52:44,2219,303,1,v8_7_phase_2_2_radius_105_120_reward_grid,520,158.75898513659442,206,success,119.08407592773438,14.836347579956055,0.40629085898399353,35.155826568603516,48.5619010925293,14.245414733886719,23.30413818359375,9.81516027600039,6.590081980590592,1.0641664178547297,0.9853628271119209,0.9936911463737488,0.0,4.058920878456691
2026-04-13 13:52:47,2219,304,1,v8_7_phase_2_2_radius_105_120_reward_grid,520,136.20047111370116,212,success,122.97154235839844,14.144558906555176,0.40629085898399353,37.343101501464844,48.5619010925293,12.059326171875,26.517244338989258,39.91905426451786,-25.975260639977268,-37.59178683314649,0.7669517891300677,0.9865760803222656,0.0,1.7576010355784668
2026-04-13 13:52:51,2219,305,1,v8_7_phase_2_2_radius_105_120_reward_grid,520,144.3834661965905,209,success,119.03523254394531,14.917668342590332,0.40629085898399353,36.41013717651367,48.5619010925293,12.99081039428711,24.902767181396484,33.6505935122253,-29.33470967381555,-41.720783035486356,0.8324322583767715,0.9971776604652405,0.0,4.85882915318544
2026-04-13 13:52:55,2220,306,1,v8_7_phase_2_2_radius_105_120_reward_grid,520,158.38199705699196,207,success,119.29158782958984,14.633918762207031,0.40629085898399353,35.71664810180664,48.5619010925293,13.684356689453125,23.51955795288086,17.72045964118723,11.895719567003606,14.16201902229615,0.952552853929229,0.9914226531982422,0.0,0.35095717239561014
2026-04-13 13:53:00,2220,307,1,v8_7_phase_2_2_radius_105_120_reward_grid,520,-461.3200462257216,323,wrong_way,121.49214172363281,128.03045654296875,0.40629085898399353,2.3352158069610596,48.5619010925293,47.784358978271484,-62.711753845214844,136.26178216813415,136.39894602704635,67.06157715817739,-0.722506147889317,-0.9109785556793213,0.0,4.401594350874852
2026-04-13 13:53:04,2220,308,1,v8_7_phase_2_2_radius_105_120_reward_grid,520,168.01678791986598,209,success,123.6529312133789,14.77354907989502,0.40629085898399353,36.18603515625,48.5619010925293,13.226119995117188,25.165332794189453,14.906881033363659,7.376611133802941,7.93486810787747,0.96634519155541,0.9579254388809204,0.0,0.7487182569076528
2026-04-13 13:53:08,2220,309,1,v8_7_phase_2_2_radius_105_120_reward_grid,520,-129.78850659496038,231,near_miss,117.70177459716797,15.433204650878906,0.40629085898399353,43.67062759399414,48.5619010925293,5.735008239746094,-11.397429466247559,76.34774525937581,-74.86513658680865,32.30210243420051,0.2360284604088434,0.9763815402984619,0.0,1.6836532836324118
2026-04-13 13:53:11,2220,310,1,v8_7_phase_2_2_radius_105_120_reward_grid,520,136.21308221797958,223,success,126.71144104003906,10.621064186096191,0.40629085898399353,40.98717498779297,48.5619010925293,8.412662506103516,28.855880737304688,40.51185321277244,-19.942036725341822,-33.35066283029712,0.760271593081983,0.9974729418754578,0.0,1.210285518959517
2026-04-13 13:53:15,2221,311,1,v8_7_phase_2_2_radius_105_120_reward_grid,520,124.58469366605146,233,success,125.95137023925781,5.597464084625244,0.40629085898399353,44.637001037597656,48.5619010925293,4.766750335693359,27.15239715576172,40.24928708069881,-38.88290090704859,34.66575086818595,0.7632405093078612,0.9824535846710205,0.0,0.2635282616267756
2026-04-13 13:53:19,2221,312,1,v8_7_phase_2_2_radius_105_120_reward_grid,520,150.640434312387,207,success,116.46604919433594,14.642668724060059,0.40629085898399353,35.59584426879883,48.5619010925293,13.806304931640625,23.66643714904785,13.34196345865597,1.5461099017761184,-5.022808417506072,0.9730101232335415,0.9931318759918213,0.0,2.76966351804538
2026-04-13 13:53:26,2221,313,1,v8_7_phase_2_2_radius_105_120_reward_grid,520,-525.0043471622187,393,low_agl,124.10977172851562,191.5589141845703,0.40629085898399353,0.3896515965461731,48.5619010925293,49.74335861206055,-54.003665924072266,117.84656763740426,125.18318801361679,33.968217799198406,-0.4671054370115709,-0.9454712271690369,0.0,4.499415330246344
2026-04-13 13:53:29,2221,314,1,v8_7_phase_2_2_radius_105_120_reward_grid,520,127.4916546142615,226,success,127.92144775390625,10.534881591796875,0.40629085898399353,41.8964729309082,48.5619010925293,7.504302978515625,29.11126136779785,40.13151412884028,-39.37462671596532,-0.9934371409566031,0.7645670009326911,0.9969781041145325,0.0,4.191815356718517
2026-04-13 13:53:33,2221,315,1,v8_7_phase_2_2_radius_105_120_reward_grid,520,138.79778721573376,228,success,128.3004608154297,8.985490798950195,0.40629085898399353,42.72340774536133,48.5619010925293,6.676952362060547,29.770051956176758,40.12976560041275,-18.771750405404543,-17.039148271478457,0.7645866705064208,0.9947941303253174,0.0,0.4232237400002389
2026-04-13 13:53:38,2222,316,1,v8_7_phase_2_2_radius_105_120_reward_grid,520,-163.70792381019828,242,near_miss,126.05428314208984,5.493025302886963,0.40629085898399353,48.25965118408203,48.5619010925293,1.1676216125488281,-8.211021423339844,75.13614483269642,-63.238583675937846,29.598098843684166,0.25652310721903626,0.9128093123435974,0.0,1.47547055046773
2026-04-13 13:53:41,2222,317,1,v8_7_phase_2_2_radius_105_120_reward_grid,520,155.17927916371855,210,success,121.84127807617188,14.780417442321777,0.40629085898399353,36.41596221923828,48.5619010925293,12.989036560058594,22.30697250366211,37.25513022405115,-2.851079761461525,35.17083652711923,0.7959478017431827,0.9829546213150024,0.0,3.728523294154036
2026-04-13 13:53:45,2222,318,1,v8_7_phase_2_2_radius_105_120_reward_grid,520,138.807994429891,211,success,122.86418151855469,14.692669868469238,0.40629085898399353,37.23972702026367,48.5619010925293,12.161506652832031,27.454242706298828,35.16668035700928,-18.72131799612046,25.14018463657858,0.8174799771369248,0.9970912337303162,0.0,3.8622468087287305
2026-04-13 13:53:48,2222,319,1,v8_7_phase_2_2_radius_105_120_reward_grid,520,153.1044778082975,210,success,120.85791778564453,14.904150009155273,0.40629085898399353,36.54580307006836,48.5619010925293,12.855178833007812,25.779621124267578,32.08364224869224,-23.665048190963418,-24.230553703294625,0.8472735993538854,0.9915122985839844,0.0,0.42087147850466466
2026-04-13 13:53:52,2222,320,1,v8_7_phase_2_2_radius_105_120_reward_grid,520,154.38984063344762,207,success,119.85674285888672,14.623589515686035,0.40629085898399353,35.84037399291992,48.5619010925293,13.578750610351562,22.23817253112793,30.546190572184464,-12.675678505121226,-25.018497986325634,0.8612197144467536,0.9365708231925964,0.0,0.41994286008569215
2026-04-13 13:53:56,2223,321,1,v8_7_phase_2_2_radius_105_120_reward_grid,520,144.21606921016814,211,success,124.42855834960938,14.51494026184082,0.40629085898399353,36.93505859375,48.5619010925293,12.464672088623047,27.430545806884766,32.28208997993237,31.92167797290373,29.3203252954235,0.8454288244930958,0.9986574649810791,0.0,1.9162440166972743
2026-04-13 13:53:59,2223,322,1,v8_7_phase_2_2_radius_105_120_reward_grid,520,154.10545063480453,213,success,129.22569274902344,14.460102081298828,0.40629085898399353,36.99843215942383,48.5619010925293,12.401451110839844,28.44716453552246,35.17835998049,34.46126183462494,41.65244016265121,0.8173625525328564,0.997139036655426,0.0,2.433547730935875
2026-04-13 13:54:03,2223,323,1,v8_7_phase_2_2_radius_105_120_reward_grid,520,144.29272539802358,208,success,116.5075912475586,14.970151901245117,0.40629085898399353,36.19208908081055,48.5619010925293,13.207378387451172,20.140121459960938,30.35030757697767,-26.54004044470916,-32.72761638930314,0.8629522260189434,0.9983282089233398,0.0,0.33174658641034227
2026-04-13 13:54:06,2223,324,1,v8_7_phase_2_2_radius_105_120_reward_grid,520,156.00607818473043,208,success,116.45990753173828,14.53305435180664,0.40629085898399353,35.80561065673828,48.5619010925293,13.601383209228516,23.531341552734375,16.598766702100008,-16.65585171563568,13.53190760437944,0.9583287237163749,0.978885293006897,0.0,3.8815985266363144
2026-04-13 13:54:10,2223,325,1,v8_7_phase_2_2_radius_105_120_reward_grid,520,-163.80773155561894,241,near_miss,124.7266616821289,8.306035995483398,0.40629085898399353,47.67845153808594,48.5619010925293,1.7833900451660156,-15.94869327545166,76.5431296507732,-91.30943173063964,-82.27466240222188,0.2327133420384625,0.815467119216919,0.0,1.7990628701817997
2026-04-13 13:54:14,2223,326,1,v8_7_phase_2_2_radius_105_120_reward_grid,520,121.11090834899159,237,success,128.23060607910156,4.804343223571777,0.40629085898399353,45.95752716064453,48.5619010925293,3.444530487060547,29.797250747680664,40.198193850612526,-36.724434770824914,-11.74633137702438,0.7638163751815154,0.9942358136177063,0.0,2.8786821121534327
2026-04-13 13:54:18,2224,327,1,v8_7_phase_2_2_radius_105_120_reward_grid,520,136.04053660734357,215,success,129.08001708984375,14.965226173400879,0.40629085898399353,37.96535873413086,48.5619010925293,11.438030242919922,30.06431770324707,38.151585722426155,24.002773724663868,18.076339817701573,0.7863791605725639,0.9857683777809143,0.0,1.0676372565216266
2026-04-13 13:54:22,2224,328,1,v8_7_phase_2_2_radius_105_120_reward_grid,520,-162.87855188099593,234,near_miss,119.16804504394531,14.626030921936035,0.40629085898399353,44.68528366088867,48.5619010925293,4.761680603027344,-9.508158683776855,76.04033210521187,-80.91320079496325,-71.21622413594523,0.2412388173588368,0.857505202293396,0.0,1.3600527298779943
2026-04-13 13:54:26,2224,329,1,v8_7_phase_2_2_radius_105_120_reward_grid,520,125.2176892375821,228,success,128.87109375,8.733992576599121,0.40629085898399353,42.85745620727539,48.5619010925293,6.5420989990234375,30.11966896057129,40.11034737260241,32.95643455668773,10.940667875739063,0.7648050624739509,0.9994269609451294,0.0,2.302416979580298
2026-04-13 13:54:30,2224,330,1,v8_7_phase_2_2_radius_105_120_reward_grid,520,-132.77942983782305,216,near_miss,117.58036804199219,15.669171333312988,0.40629085898399353,38.346981048583984,48.5619010925293,11.108402252197266,-7.255341529846191,75.4331829295111,-76.52670987600848,135.9520877307874,0.25150886590326094,0.8341803550720215,0.0,1.3157976130141207
2026-04-13 13:54:34,2224,331,1,v8_7_phase_2_2_radius_105_120_reward_grid,520,-134.49333890312198,234,near_miss,126.11739349365234,8.886713027954102,0.40629085898399353,44.84432601928711,48.5619010925293,4.572364807128906,-8.72113037109375,75.43405719372487,-75.75840921703043,36.93988967309838,0.2514940975787779,0.9432069063186646,0.0,0.6145741951309147
2026-04-13 13:54:38,2225,332,1,v8_7_phase_2_2_radius_105_120_reward_grid,520,175.9014756364198,208,success,123.72584533691406,14.8211088180542,0.40629085898399353,34.84880447387695,48.5619010925293,14.63119125366211,17.967674255371094,35.13444186412681,-35.533888402262086,52.86831087420207,0.8178039202100402,0.7656525373458862,0.0,0.9921445122650656
2026-04-13 13:54:44,2225,333,1,v8_7_phase_2_2_radius_105_120_reward_grid,520,-511.5930530750036,370,low_agl,119.71341705322266,130.46356201171875,0.40629085898399353,0.3947322964668274,48.5619010925293,49.74756622314453,-36.804725646972656,99.74369765741906,102.50456940296495,9.728658491483117,-0.16924109498092324,-0.9615944027900696,0.0,5.655298400367842
2026-04-13 13:54:47,2225,334,1,v8_7_phase_2_2_radius_105_120_reward_grid,520,146.93908546317118,211,success,119.83151245117188,14.708623886108398,0.40629085898399353,37.105167388916016,48.5619010925293,12.294197082519531,24.702199935913086,32.70765516145377,-31.223093054783995,8.474625514585021,0.8414385941289617,0.999923050403595,0.0,2.9348342059203363
2026-04-13 13:54:51,2225,335,1,v8_7_phase_2_2_radius_105_120_reward_grid,520,-147.96237293457023,236,near_miss,129.0933380126953,8.786747932434082,0.40629085898399353,46.24126434326172,48.5619010925293,3.1924514770507812,2.0027196407318115,76.56553267125084,-84.69495359499425,48.88129381413926,0.23233305272631732,0.8955528736114502,0.0,0.5400048299081056
2026-04-13 13:54:56,2225,336,1,v8_7_phase_2_2_radius_105_120_reward_grid,520,-156.63747702108046,244,near_miss,128.91152954101562,2.817265748977661,0.40629085898399353,48.76277160644531,48.5619010925293,0.6364479064941406,-4.214782238006592,77.14162497679557,75.72601362979707,24.762929383056683,0.22254190007542124,0.9997659921646118,0.0,0.7480260591237284
2026-04-13 13:54:59,2226,337,1,v8_7_phase_2_2_radius_105_120_reward_grid,520,148.2752363796406,205,success,115.76581573486328,14.76574993133545,0.40629085898399353,35.47154998779297,48.5619010925293,13.931407928466797,23.036346435546875,28.918208153322755,-27.18297298147163,40.065421803336655,0.8753108994107378,0.984923243522644,0.0,0.2141294974641489
2026-04-13 13:55:03,2226,338,1,v8_7_phase_2_2_radius_105_120_reward_grid,520,149.2591110143179,213,success,120.3079605102539,14.671757698059082,0.40629085898399353,36.95948791503906,48.5619010925293,12.441082000732422,26.442495346069336,34.23768583742833,-34.26165980141508,-28.999224442162863,0.8267106895796626,0.9968093633651733,0.0,1.3089567131846185
2026-04-13 13:55:08,2226,339,1,v8_7_phase_2_2_radius_105_120_reward_grid,520,-406.67756205573977,311,low_agl,127.4764175415039,99.58777618408203,0.40629085898399353,0.3401638865470886,48.5619010925293,49.70606231689453,-28.83417510986328,98.04890915828547,112.04041506927318,-68.56404802085093,-0.1400183685696852,-0.7205121517181396,0.0,3.5426455216615955
2026-04-13 13:55:12,2226,340,1,v8_7_phase_2_2_radius_105_120_reward_grid,520,133.83713247106294,215,success,122.71414947509766,14.162002563476562,0.40629085898399353,37.72624588012695,48.5619010925293,11.676040649414062,27.207801818847656,39.560933785955754,-28.7631321233122,34.101788978607175,0.7709476810249477,0.9931557178497314,0.0,2.8427261775249923
2026-04-13 13:55:15,2226,341,1,v8_7_phase_2_2_radius_105_120_reward_grid,520,-193.97530364318857,216,near_miss,124.77490234375,17.60456085205078,0.40629085898399353,38.4564094543457,48.5619010925293,11.003887176513672,22.500925064086914,81.76273289374026,-83.6006206861748,-140.46741650805612,0.14327268731242873,0.8197899460792542,0.0,0.8628782215070173
2026-04-13 13:55:19,2227,342,1,v8_7_phase_2_2_radius_105_120_reward_grid,520,153.6945231891283,210,success,124.72154998779297,14.950305938720703,0.40629085898399353,35.908042907714844,48.5619010925293,13.500984191894531,26.308895111083984,13.482480940450642,11.258425351400982,-1.9707977241542887,0.9724412544269061,0.9775394201278687,0.0,4.857784707851902
2026-04-13 13:55:23,2227,343,1,v8_7_phase_2_2_radius_105_120_reward_grid,520,134.7732241402648,217,success,121.4759292602539,11.466554641723633,0.40629085898399353,38.87678909301758,48.5619010925293,10.5361328125,24.31533432006836,39.45461847642992,-27.116783325772328,-38.8696196042075,0.7721281515047062,0.9555293917655945,0.0,0.5115069493786728
2026-04-13 13:55:26,2227,344,1,v8_7_phase_2_2_radius_105_120_reward_grid,520,150.85937725391562,207,success,116.01563262939453,14.832186698913574,0.40629085898399353,35.60923385620117,48.5619010925293,13.790081024169922,23.058639526367188,21.5265449901364,-21.458379702219673,-20.110788501618035,0.9302476690396211,0.9999603033065796,0.0,1.2981935059031207
2026-04-13 13:55:30,2227,345,1,v8_7_phase_2_2_radius_105_120_reward_grid,520,152.41732208103954,208,success,119.21674346923828,14.683377265930176,0.40629085898399353,35.4617805480957,48.5619010925293,13.94448471069336,23.264785766601562,23.414163389917803,12.02418091113956,-26.63438243261996,0.9176564235646821,0.983344554901123,0.0,2.306979635291567
2026-04-13 13:55:33,2227,346,1,v8_7_phase_2_2_radius_105_120_reward_grid,520,137.8478997989418,229,success,129.89535522460938,7.779440879821777,0.40629085898399353,43.014984130859375,48.5619010925293,6.388584136962891,28.88202476501465,40.07469037004036,13.455164452638822,29.422699585798238,0.7652058591166592,0.9858761429786682,0.0,1.2939948502896474
2026-04-13 13:55:37,2228,347,1,v8_7_phase_2_2_radius_105_120_reward_grid,520,154.11575148671807,205,success,116.9690933227539,14.874849319458008,0.40629085898399353,34.947940826416016,48.5619010925293,14.456062316894531,21.745691299438477,23.27921251229669,-11.732099824115013,-35.53594428920226,0.9185898287966324,0.9816769361495972,0.0,2.215305230528714
2026-04-13 13:55:41,2228,348,1,v8_7_phase_2_2_radius_105_120_reward_grid,520,157.31009926296917,207,success,116.55854797363281,14.720623970031738,0.40629085898399353,35.5262336730957,48.5619010925293,13.87399673461914,24.131458282470703,14.374283372453574,-7.4463191906984445,-5.960090090984357,0.9686946854858507,0.9948139190673828,0.0,0.4887288170035496
2026-04-13 13:55:44,2228,349,1,v8_7_phase_2_2_radius_105_120_reward_grid,520,157.54711132015512,206,success,115.94197082519531,14.858870506286621,0.40629085898399353,35.296939849853516,48.5619010925293,14.103351593017578,22.635164260864258,21.483347458730655,-20.623138066733617,28.082148602683592,0.9305240492131864,0.9940723180770874,0.0,0.7252434718738233
2026-04-13 13:55:48,2228,350,1,v8_7_phase_2_2_radius_105_120_reward_grid,520,134.20743030091265,214,success,125.07150268554688,14.947159767150879,0.40629085898399353,37.79313278198242,48.5619010925293,11.610488891601562,28.371416091918945,36.5088296043897,-26.83215909777414,-16.4397394076546,0.803765185509318,0.9915364384651184,0.0,2.814191682936526
2026-04-13 13:55:52,2228,351,1,v8_7_phase_2_2_radius_105_120_reward_grid,520,138.12178209409043,215,success,123.98236846923828,14.517500877380371,0.40629085898399353,37.98516082763672,48.5619010925293,11.423629760742188,25.214557647705078,40.18969026509586,-18.78129900986422,-22.30368220635316,0.7639121591630281,0.9681104421615601,0.0,0.6063659560862165
2026-04-13 13:55:55,2228,352,1,v8_7_phase_2_2_radius_105_120_reward_grid,520,-125.75025866535597,221,near_miss,117.17049407958984,14.109901428222656,0.40629085898399353,40.214149475097656,48.5619010925293,9.220355987548828,-1.6740195751190186,75.75125800896943,-75.52078693580569,-84.75417133509825,0.24613201214953453,0.892754316329956,0.0,1.2189022356905346
2026-04-13 13:55:59,2229,353,1,v8_7_phase_2_2_radius_105_120_reward_grid,520,170.30893216310398,210,success,126.8145751953125,14.783669471740723,0.40629085898399353,36.24534606933594,48.5619010925293,13.157947540283203,27.302461624145508,21.290690020359396,16.338536494722522,-11.59240452634168,0.9317502399046689,0.9841039180755615,0.0,1.1196766896682793
2026-04-13 13:56:03,2229,354,1,v8_7_phase_2_2_radius_105_120_reward_grid,520,-174.54869357300007,235,near_miss,127.5977783203125,9.182181358337402,0.40629085898399353,44.9562873840332,48.5619010925293,4.456676483154297,18.86212158203125,76.10831980821018,-72.88384214256052,38.17407070517383,0.24008708410120938,0.9573165774345398,0.0,0.9540892264682684
2026-04-13 13:56:07,2229,355,1,v8_7_phase_2_2_radius_105_120_reward_grid,520,143.8039450535374,215,success,127.17069244384766,14.611347198486328,0.40629085898399353,38.10271072387695,48.5619010925293,11.299304962158203,26.976964950561523,35.274826157232674,8.96843538497225,-10.99361379463771,0.8163914025454383,0.9946302175521851,0.0,4.667855061111531
2026-04-13 13:56:10,2229,356,1,v8_7_phase_2_2_radius_105_120_reward_grid,520,137.3724389243369,216,success,125.91849517822266,14.533137321472168,0.40629085898399353,38.237037658691406,48.5619010925293,11.164970397949219,27.70829963684082,34.2906949355768,-29.980265003219305,5.964927572464019,0.826189802491981,0.9943198561668396,0.0,2.559478918145907
2026-04-13 13:56:14,2229,357,1,v8_7_phase_2_2_radius_105_120_reward_grid,520,139.95109681180548,208,success,119.08265686035156,14.981695175170898,0.40629085898399353,36.13374710083008,48.5619010925293,13.267127990722656,22.481487274169922,23.96035141972892,-18.781022387202835,1.37825661554088,0.9138266999423633,0.9978710412979126,0.0,3.513020513238801
2026-04-13 13:56:17,2229,358,1,v8_7_phase_2_2_radius_105_120_reward_grid,520,161.86272576136923,204,success,116.01846313476562,14.587409973144531,0.40629085898399353,35.142215728759766,48.5619010925293,14.259685516357422,21.413497924804688,14.932972355993108,-5.259522283571203,-22.45820328349365,0.9662279455146812,0.9883385300636292,0.0,1.7933086947473982
2026-04-13 13:56:21,2230,359,1,v8_7_phase_2_2_radius_105_120_reward_grid,520,-120.06990694168661,204,near_miss,116.4382553100586,17.94533920288086,0.40629085898399353,33.185646057128906,48.5619010925293,16.361766815185547,-3.1090426445007324,77.45761001836786,-77.05509331020068,159.51521583895592,0.21716186211057756,0.5814967155456543,0.0,1.5178395391551238
2026-04-13 13:56:25,2230,360,1,v8_7_phase_2_2_radius_105_120_reward_grid,520,175.46746343661763,206,success,119.1373062133789,14.943918228149414,0.40629085898399353,34.59103012084961,48.5619010925293,14.845813751220703,12.678791046142578,29.064787428005815,-28.347690989688054,-52.528286981845916,0.8740709477252938,0.8854669332504272,0.0,1.6928715084929278
2026-04-13 13:56:28,2230,361,1,v8_7_phase_2_2_radius_105_120_reward_grid,520,152.56448529950524,205,success,115.76715087890625,14.63513469696045,0.40629085898399353,35.06199645996094,48.5619010925293,14.358074188232422,20.078487396240234,29.986296060256425,-25.59585046177223,37.339418173503695,0.866144968446654,0.9333949685096741,0.0,0.6513694627238775
2026-04-13 13:56:32,2230,362,1,v8_7_phase_2_2_radius_105_120_reward_grid,520,143.28942102474474,219,success,126.67610931396484,12.033501625061035,0.40629085898399353,39.64923858642578,48.5619010925293,9.762557983398438,29.27292823791504,40.491045041465995,-3.0063495980897788,24.0045888474358,0.7605074608277024,0.9588636159896851,0.0,2.610677046083108
2026-04-13 13:56:35,2230,363,1,v8_7_phase_2_2_radius_105_120_reward_grid,520,155.33022221792373,208,success,121.22672271728516,14.582894325256348,0.40629085898399353,35.744422912597656,48.5619010925293,13.655353546142578,24.19722557067871,21.320315965884326,10.605228747863274,25.550083071691265,0.9315623672174671,0.9987684488296509,0.0,4.279436686236706
2026-04-13 13:56:39,2231,364,1,v8_7_phase_2_2_radius_105_120_reward_grid,520,156.8784314175402,215,success,121.78605651855469,14.634346008300781,0.40629085898399353,37.699710845947266,48.5619010925293,11.699848175048828,25.181283950805664,33.65035787069893,-14.01494114380368,-8.329932225886532,0.8324345373384674,0.9975814819335938,0.0,0.48383277163414373
2026-04-13 13:56:43,2231,365,1,v8_7_phase_2_2_radius_105_120_reward_grid,520,155.078537740144,213,success,123.6646499633789,14.904328346252441,0.40629085898399353,37.43271255493164,48.5619010925293,11.967388153076172,23.686594009399414,34.92082769783467,-24.113279355245506,16.48630251477387,0.8199438398553984,0.9967343211174011,0.0,2.9590477242299236
2026-04-13 13:56:46,2231,366,1,v8_7_phase_2_2_radius_105_120_reward_grid,520,142.9159769614069,207,success,117.02538299560547,14.98578929901123,0.40629085898399353,35.77220916748047,48.5619010925293,13.634990692138672,19.124841690063477,31.972433108626092,-30.55705398805937,-28.681357683474225,0.8483029596451303,0.9748507738113403,0.0,1.4143453603376712
2026-04-13 13:56:50,2231,367,1,v8_7_phase_2_2_radius_105_120_reward_grid,520,139.87306133378678,215,success,124.68277740478516,14.986567497253418,0.40629085898399353,38.12763977050781,48.5619010925293,11.275203704833984,28.978652954101562,35.0211529314584,-34.150392604740986,0.4234337889743853,0.8189402307589059,0.9941750168800354,0.0,3.811259224973414
2026-04-13 13:56:53,2231,368,1,v8_7_phase_2_2_radius_105_120_reward_grid,520,157.41087762798944,212,success,125.90399169921875,14.915807723999023,0.40629085898399353,37.23057174682617,48.5619010925293,12.20480728149414,29.8333797454834,18.686504521920906,3.817160073801523,-17.03257592194961,0.9472857688226711,0.8903419971466064,0.0,1.1392925042012418
2026-04-13 13:56:57,2231,369,1,v8_7_phase_2_2_radius_105_120_reward_grid,520,135.6309173092871,221,success,126.17131042480469,11.23044204711914,0.40629085898399353,40.23058319091797,48.5619010925293,9.170135498046875,28.367149353027344,40.39946244997988,-4.6612758325667185,-43.59578949096533,0.7615443881756333,0.9959447979927063,0.0,3.814063509150361
2026-04-13 13:57:01,2232,370,1,v8_7_phase_2_2_radius_105_120_reward_grid,520,-164.90496302327867,240,near_miss,124.4194107055664,6.446582794189453,0.40629085898399353,46.495361328125,48.5619010925293,2.9129905700683594,8.079400062561035,76.91051186584984,-52.08180434599135,-40.64898975092795,0.22647261149631934,0.968715488910675,0.0,2.545537396445917
2026-04-13 13:57:05,2232,371,1,v8_7_phase_2_2_radius_105_120_reward_grid,520,-129.99233516481667,215,near_miss,118.8697280883789,16.797395706176758,0.40629085898399353,37.8658561706543,48.5619010925293,11.603218078613281,1.613304853439331,75.51720108649143,-77.50423288964237,133.26505033016937,0.25008933975638215,0.7961500883102417,0.0,1.294906040488882
2026-04-13 13:57:09,2232,372,1,v8_7_phase_2_2_radius_105_120_reward_grid,520,137.7939526782632,213,success,124.00811767578125,14.687764167785645,0.40629085898399353,37.766944885253906,48.5619010925293,11.633892059326172,28.266496658325195,34.15131809537352,-25.323117593119033,-8.82075815738011,0.8275578551676535,0.997125506401062,0.0,2.474943711190146
2026-04-13 13:57:12,2232,373,1,v8_7_phase_2_2_radius_105_120_reward_grid,520,163.81986834915276,206,success,120.13357543945312,14.962686538696289,0.40629085898399353,35.49692153930664,48.5619010925293,13.92123031616211,24.65953826904297,8.557379232795249,-0.6355061467831095,6.208754653662896,0.9888673427365414,0.940157413482666,0.0,0.9343023254564718
2026-04-13 13:57:15,2232,374,1,v8_7_phase_2_2_radius_105_120_reward_grid,520,175.26111824927074,206,success,120.21874237060547,14.55820369720459,0.40629085898399353,35.18010711669922,48.5619010925293,14.2413330078125,21.67353630065918,9.705755159648772,-9.345967261155534,1.302388475065965,0.9856865399503446,0.9297747015953064,0.0,0.9992746482319008
2026-04-13 13:57:19,2232,375,1,v8_7_phase_2_2_radius_105_120_reward_grid,520,164.19969932483838,209,success,121.92900848388672,14.717869758605957,0.40629085898399353,36.58864974975586,48.5619010925293,12.81564712524414,27.64340591430664,30.274786175324838,4.302293896395542,21.224657459011006,0.8636174915727187,0.9824337363243103,0.0,0.18084734596099927
2026-04-13 13:57:26,2233,376,1,v8_7_phase_2_2_radius_105_120_reward_grid,520,-565.7480480100113,375,wrong_way,115.68208312988281,122.24799346923828,0.40629085898399353,14.855432510375977,48.5619010925293,35.23876953125,-42.28612518310547,132.00646503218948,147.09802755052112,-118.53436768682455,-0.6692144556613212,-0.8500943183898926,0.0,2.2124256374704667
2026-04-13 13:57:29,2233,377,1,v8_7_phase_2_2_radius_105_120_reward_grid,520,143.67355579755358,209,success,118.63563537597656,14.550399780273438,0.40629085898399353,36.490821838378906,48.5619010925293,12.90945816040039,25.682308197021484,24.436815170945255,-17.578074102654558,5.247806374710517,0.9104180342522574,0.9983612298965454,0.0,2.352973340959989
2026-04-13 13:57:33,2233,378,1,v8_7_phase_2_2_radius_105_120_reward_grid,520,-135.67585411244332,217,near_miss,123.88126373291016,14.261224746704102,0.40629085898399353,38.245792388916016,48.5619010925293,11.232830047607422,1.8569303750991821,77.25366056975128,-75.49754380206014,168.85317726463055,0.2206351209308163,0.7698975801467896,0.0,1.3578675325490068
2026-04-13 13:57:36,2233,379,1,v8_7_phase_2_2_radius_105_120_reward_grid,520,147.69462888284562,205,success,117.1541519165039,14.755105018615723,0.40629085898399353,35.47916793823242,48.5619010925293,13.921794891357422,20.23466682434082,23.376114113598955,-8.221512364322688,-33.87416950942191,0.9179201118652021,0.995797872543335,0.0,4.744517933695275
2026-04-13 13:57:40,2234,380,1,v8_7_phase_2_2_radius_105_120_reward_grid,520,-193.69983206376898,221,near_miss,129.54498291015625,17.632780075073242,0.40629085898399353,40.163177490234375,48.5619010925293,9.271038055419922,24.22675323486328,80.06233680929807,-79.51769069469209,-68.80501026457982,0.17257662143656458,0.8937501907348633,0.0,2.4737405759844777
2026-04-13 13:57:44,2234,381,1,v8_7_phase_2_2_radius_105_120_reward_grid,520,-156.85039078431288,243,near_miss,127.37005615234375,5.677112579345703,0.40629085898399353,47.85541915893555,48.5619010925293,1.5676689147949219,-15.543274879455566,78.64570093392408,-84.82182435882723,30.441029564628366,0.19687538215527398,0.9246824383735657,0.0,1.8152090240834369
2026-04-13 13:57:48,2234,382,1,v8_7_phase_2_2_radius_105_120_reward_grid,520,171.41743910897299,206,success,117.87905883789062,14.583549499511719,0.40629085898399353,35.260093688964844,48.5619010925293,14.13946533203125,21.793025970458984,12.4394077475785,-6.922828306386103,-14.080077242823506,0.9765243534598442,0.9977002143859863,0.0,2.3337168915141606
2026-04-13 13:57:52,2234,383,1,v8_7_phase_2_2_radius_105_120_reward_grid,520,-412.7739063778048,287,low_agl,115.92547607421875,120.74070739746094,0.40629085898399353,0.3809673488140106,48.5619010925293,49.73638916015625,-50.232887268066406,133.52232989582544,132.40898174035667,65.11921479219833,-0.6886372237110687,-0.8982369899749756,0.0,3.3495850387221417
2026-04-13 13:57:56,2234,384,1,v8_7_phase_2_2_radius_105_120_reward_grid,520,-184.7365729910088,234,near_miss,125.69132995605469,9.683304786682129,0.40629085898399353,44.60298538208008,48.5619010925293,4.83905029296875,4.149367809295654,75.54072425799295,-80.65843473892177,-75.57372773206245,0.24969180825700713,0.8714091777801514,0.0,1.253373027336001
2026-04-13 13:58:00,2234,385,1,v8_7_phase_2_2_radius_105_120_reward_grid,520,148.6982293460154,212,success,126.18148040771484,14.918975830078125,0.40629085898399353,36.98823928833008,48.5619010925293,12.411640167236328,28.277587890625,32.73572382384794,32.689049726154664,-16.494478251210374,0.8411737794513007,0.9990070462226868,0.0,1.9603881861825
2026-04-13 13:58:04,2235,386,1,v8_7_phase_2_2_radius_105_120_reward_grid,520,148.64714292685647,210,success,123.0845718383789,14.670952796936035,0.40629085898399353,36.41240310668945,48.5619010925293,12.988643646240234,26.57894515991211,23.693118560904878,21.300930181472538,-2.8586098315780526,0.9157108621783799,0.9974294304847717,0.0,5.382338296721151
2026-04-13 13:58:08,2235,387,1,v8_7_phase_2_2_radius_105_120_reward_grid,520,155.52379893933596,210,success,121.63874816894531,14.656296730041504,0.40629085898399353,36.46638107299805,48.5619010925293,12.939414978027344,26.821643829345703,23.88724448994769,-3.0655434325316944,-14.750773644788433,0.9143441274856727,0.9759738445281982,0.0,0.9605924607239261
2026-04-13 13:58:11,2235,388,1,v8_7_phase_2_2_radius_105_120_reward_grid,520,153.4634977907453,209,success,121.8680419921875,14.68749713897705,0.40629085898399353,36.362220764160156,48.5619010925293,13.046524047851562,25.70171546936035,15.008973578435132,5.032948260215779,-5.625993949054123,0.9658852785946006,0.9685972332954407,0.0,3.0132094513896286
2026-04-13 13:58:14,2235,389,1,v8_7_phase_2_2_radius_105_120_reward_grid,520,172.54820165449323,205,success,117.36832427978516,14.905043601989746,0.40629085898399353,34.787715911865234,48.5619010925293,14.617469787597656,19.204267501831055,3.34497799742114,1.1120594908714474,4.049463345210119,0.9982963204305448,0.9780480861663818,0.0,0.21854945395865397
2026-04-13 13:58:19,2235,390,1,v8_7_phase_2_2_radius_105_120_reward_grid,520,-158.9373276055843,242,near_miss,125.42308807373047,6.788029670715332,0.40629085898399353,47.90806198120117,48.5619010925293,1.4931106567382812,-7.497534275054932,76.9085379411797,-12.158051765098163,21.034192511363322,0.22650616771205753,0.9974561333656311,0.0,4.470865801251341
2026-04-13 13:58:22,2236,391,1,v8_7_phase_2_2_radius_105_120_reward_grid,520,144.87937776783434,208,success,121.48577880859375,14.990411758422852,0.40629085898399353,36.00282287597656,48.5619010925293,13.396476745605469,25.118453979492188,26.40467463309597,26.23067214889531,-16.548148170161042,0.8956754804793923,0.9999351501464844,0.0,2.2043496284262423
2026-04-13 13:58:26,2236,392,1,v8_7_phase_2_2_radius_105_120_reward_grid,520,149.552055857982,210,success,121.13648223876953,14.613014221191406,0.40629085898399353,36.353851318359375,48.5619010925293,13.046466827392578,25.67388916015625,29.103569242113146,-16.51301538461779,-34.79722176442495,0.8737419250645773,0.9986310601234436,0.0,6.296012275107594
2026-04-13 13:58:29,2236,393,1,v8_7_phase_2_2_radius_105_120_reward_grid,520,140.00947632088025,224,success,128.2093048095703,11.902881622314453,0.40629085898399353,41.14259338378906,48.5619010925293,8.257438659667969,30.142595291137695,40.375563618074004,-22.103059059862375,0.3951644897733487,0.7618146583729344,0.9950549006462097,0.0,1.5377403712774693
2026-04-13 13:58:33,2236,394,1,v8_7_phase_2_2_radius_105_120_reward_grid,520,-163.37888509090672,216,near_miss,117.41309356689453,15.939477920532227,0.40629085898399353,38.39266586303711,48.5619010925293,11.06728744506836,4.6479926109313965,75.91691741709892,-77.16317422362695,-136.87614402359844,0.24332863226978846,0.8214966654777527,0.0,1.2606866148947473
2026-04-13 13:58:37,2236,395,1,v8_7_phase_2_2_radius_105_120_reward_grid,520,144.9082963417069,210,success,120.81117248535156,14.988685607910156,0.40629085898399353,36.312747955322266,48.5619010925293,13.090633392333984,26.635881423950195,23.8972182736832,-14.612023474441502,-8.74777417100394,0.9142736238954892,0.9930444955825806,0.0,6.043428857134149
2026-04-13 13:58:40,2236,396,1,v8_7_phase_2_2_radius_105_120_reward_grid,520,150.69959117308014,210,success,124.58552551269531,14.857385635375977,0.40629085898399353,36.26387023925781,48.5619010925293,13.136882781982422,27.01395606994629,25.595549933448748,23.79848447413608,-13.744084015851302,0.9018660830562775,0.997164249420166,0.0,5.233925468325349
2026-04-13 13:58:44,2237,397,1,v8_7_phase_2_2_radius_105_120_reward_grid,520,148.1917011619231,217,success,127.07687377929688,14.928536415100098,0.40629085898399353,38.63645935058594,48.5619010925293,10.763641357421875,29.643756866455078,40.186527887510145,-11.113348718335326,5.654124510037643,0.7639477757409514,0.9975552558898926,0.0,3.8591946309226217
2026-04-13 13:58:51,2237,398,1,v8_7_phase_2_2_radius_105_120_reward_grid,520,-462.28103951982325,414,wrong_way,118.19303131103516,175.11488342285156,0.40629085898399353,16.114065170288086,48.5619010925293,33.976478576660156,-52.41227722167969,128.2340012894297,137.48931742614718,126.21102220067698,-0.6188746409930107,-0.8444527387619019,0.0,3.360513291339585
2026-04-13 13:58:55,2237,399,1,v8_7_phase_2_2_radius_105_120_reward_grid,520,134.07657304898086,215,success,124.20582580566406,14.14542293548584,0.40629085898399353,37.83076477050781,48.5619010925293,11.571647644042969,27.05474090576172,39.35042052554679,-22.858553114146655,-30.30200447916734,0.7732825323483717,0.9918087124824524,0.0,4.676894889941115
2026-04-13 13:58:59,2237,400,1,v8_7_phase_2_2_radius_105_120_reward_grid,520,-171.95329463777472,245,near_miss,125.56034851074219,3.664785146713257,0.40629085898399353,49.18110656738281,48.5619010925293,0.23326492309570312,-5.259121894836426,75.81884273080671,17.337745358971198,-13.187357004150854,0.24498855336370276,0.9522820115089417,0.0,0.9248180364057612
2026-04-13 13:59:03,2238,401,1,v8_7_phase_2_2_radius_105_120_reward_grid,520,162.26607511600335,211,success,123.07830047607422,14.973251342773438,0.40629085898399353,35.31894302368164,48.5619010925293,14.099571228027344,20.996292114257812,6.331746723820961,-1.8487503545358002,-4.833553267115128,0.9939000007601914,0.9432453513145447,0.0,0.9843455867512626
2026-04-13 13:59:07,2238,402,1,v8_7_phase_2_2_radius_105_120_reward_grid,520,170.34420473604874,209,success,125.18096160888672,14.980676651000977,0.40629085898399353,34.71653747558594,48.5619010925293,14.714469909667969,15.810640335083008,35.0025884772943,-28.01443239970479,-62.71517261946143,0.8191261307314784,0.902279794216156,0.0,1.3786820964086133
2026-04-13 13:59:10,2238,403,1,v8_7_phase_2_2_radius_105_120_reward_grid,520,-134.2205638599723,225,near_miss,122.16476440429688,16.023988723754883,0.40629085898399353,39.993831634521484,48.5619010925293,9.449604034423828,-14.603368759155273,75.84149846828363,-78.78669652896065,89.86352849467214,0.24460516696326143,0.8672391176223755,0.0,1.0251201093357531
2026-04-13 13:59:14,2238,404,1,v8_7_phase_2_2_radius_105_120_reward_grid,520,-150.64574804334927,242,near_miss,128.71786499023438,4.448947906494141,0.40629085898399353,47.93389129638672,48.5619010925293,1.4720878601074219,11.134016036987305,79.22683391907627,-79.51097661873797,32.650824572464686,0.1869212494063267,0.9752564430236816,0.0,1.818270543969854
2026-04-13 13:59:18,2238,405,1,v8_7_phase_2_2_radius_105_120_reward_grid,520,137.66495957802258,216,success,123.72281646728516,14.240336418151855,0.40629085898399353,38.09986877441406,48.5619010925293,11.301494598388672,27.428625106811523,40.38340809033576,-35.697778791396544,31.571562476048875,0.7617259604021552,0.9966898560523987,0.0,5.277978692916897
2026-04-13 13:59:22,2238,406,1,v8_7_phase_2_2_radius_105_120_reward_grid,520,145.12927248158448,214,success,126.51261138916016,14.729987144470215,0.40629085898399353,37.59418487548828,48.5619010925293,11.805133819580078,28.780719757080078,36.29285560773932,23.231527546606248,15.976688440420878,0.8060020959816464,0.9998407959938049,0.0,0.4962195758668101
2026-04-13 13:59:26,2239,407,1,v8_7_phase_2_2_radius_105_120_reward_grid,520,160.05021038982375,205,success,117.53703308105469,14.845927238464355,0.40629085898399353,34.75221252441406,48.5619010925293,14.650489807128906,19.81452178955078,3.589978163609967,3.594448095534917,5.648011917617304,0.9980376961045172,0.9898815155029297,0.0,2.078467757051691
2026-04-13 13:59:29,2239,408,1,v8_7_phase_2_2_radius_105_120_reward_grid,520,137.98153275293802,213,success,121.46223449707031,14.789517402648926,0.40629085898399353,36.91167068481445,48.5619010925293,12.492820739746094,25.844470977783203,26.36183739416894,-26.098446516753032,-11.860301621062506,0.8960077166266983,0.9837221503257751,0.0,1.6481418076366445
2026-04-13 13:59:33,2239,409,1,v8_7_phase_2_2_radius_105_120_reward_grid,520,168.86348865524542,207,success,121.00104522705078,14.741223335266113,0.40629085898399353,35.3040771484375,48.5619010925293,14.105701446533203,23.739133834838867,7.354980778475157,4.898210399119407,6.537726019281505,0.991772055288243,0.9646376371383667,0.0,0.4866693733001377
2026-04-13 13:59:36,2239,410,1,v8_7_phase_2_2_radius_105_120_reward_grid,520,-155.39015310330717,221,near_miss,128.6863250732422,16.323631286621094,0.40629085898399353,36.47257995605469,48.5619010925293,13.035263061523438,-2.716366767883301,75.13876079514853,-75.06101275182628,-132.32002535660644,0.25647897756911225,0.688994288444519,0.0,1.5702296270298137
2026-04-13 13:59:43,2239,411,1,v8_7_phase_2_2_radius_105_120_reward_grid,520,-523.2742846310048,378,low_agl,118.75209045410156,159.2988739013672,0.40629085898399353,0.3909779191017151,48.5619010925293,49.74098587036133,-45.04179382324219,88.03947183530688,90.67978391181286,-3.877157309244561,0.03421099465485262,-0.9351025819778442,0.0,2.957299404318092
2026-04-13 13:59:47,2240,412,1,v8_7_phase_2_2_radius_105_120_reward_grid,520,147.69249201933377,216,success,124.56085205078125,14.551399230957031,0.40629085898399353,38.24375534057617,48.5619010925293,11.165168762207031,28.665489196777344,39.82933631467516,7.396002894630254,-20.364413916068116,0.767955676953415,0.9713717103004456,0.0,0.8608959195796645
2026-04-13 13:59:50,2240,413,1,v8_7_phase_2_2_radius_105_120_reward_grid,520,168.0529377958979,210,success,123.89552307128906,14.906139373779297,0.40629085898399353,36.0034294128418,48.5619010925293,13.398765563964844,24.110546112060547,20.760056038835693,20.991749715860863,11.66590589954748,0.9350730133134257,0.9874670505523682,0.0,2.099395835434087
2026-04-13 13:59:54,2240,414,1,v8_7_phase_2_2_radius_105_120_reward_grid,520,-153.61339461344497,237,near_miss,124.36483001708984,8.730107307434082,0.40629085898399353,45.7769660949707,48.5619010925293,3.6431541442871094,-8.947122573852539,75.41383983378162,-78.6103888559151,30.371549465296408,0.2518356000956795,0.9398463368415833,0.0,3.798720981172523
2026-04-13 13:59:58,2240,415,1,v8_7_phase_2_2_radius_105_120_reward_grid,520,151.88135523994058,212,success,122.74755859375,14.750191688537598,0.40629085898399353,36.39268493652344,48.5619010925293,13.012481689453125,22.935636520385742,26.678297133888556,3.3458558901728983,18.08874514878161,0.8935415201913997,0.9843906164169312,0.0,3.555086086372233
2026-04-13 14:00:01,2240,416,1,v8_7_phase_2_2_radius_105_120_reward_grid,520,158.4140822971543,210,success,120.52839660644531,14.716816902160645,0.40629085898399353,36.37263870239258,48.5619010925293,13.027393341064453,23.471582412719727,23.623612848363535,-10.637912056815432,-8.805113609086197,0.9161976591234607,0.9958258271217346,0.0,2.9031687541436173
2026-04-13 14:00:05,2241,417,1,v8_7_phase_2_2_radius_105_120_reward_grid,520,150.15135958349842,216,success,128.9872283935547,14.881598472595215,0.40629085898399353,38.37113952636719,48.5619010925293,11.028335571289062,29.226131439208984,38.345914849596774,34.697224379881376,4.007319370483848,0.7842794491895393,0.9975643157958984,0.0,1.1331843798588903
2026-04-13 14:00:09,2241,418,1,v8_7_phase_2_2_radius_105_120_reward_grid,520,138.674951493183,211,success,120.95306396484375,14.809357643127441,0.40629085898399353,36.75837326049805,48.5619010925293,12.641803741455078,27.02266502380371,30.373076012575908,-26.94360217181936,15.355691056177905,0.862751365423152,0.9992305636405945,0.0,7.298032745449432
2026-04-13 14:00:13,2241,419,1,v8_7_phase_2_2_radius_105_120_reward_grid,520,156.67390888210525,211,success,122.22208404541016,14.515286445617676,0.40629085898399353,36.78584289550781,48.5619010925293,12.621295928955078,27.49483299255371,18.255521292840395,16.593531362101192,-5.9050105917437286,0.9496689438439073,0.9737755656242371,0.0,0.8959132810394431
2026-04-13 14:00:17,2241,420,1,v8_7_phase_2_2_radius_105_120_reward_grid,520,-167.56452801791391,244,near_miss,127.85691833496094,4.457886695861816,0.40629085898399353,48.64923858642578,48.5619010925293,0.7577171325683594,11.349724769592285,77.62260006795869,-77.22360090721405,-19.425536112758163,0.21435006639205206,0.9722629189491272,0.0,0.48067903334005985
2026-04-13 14:00:20,2241,421,1,v8_7_phase_2_2_radius_105_120_reward_grid,520,143.878129077383,215,success,123.58393859863281,14.96102523803711,0.40629085898399353,37.26077651977539,48.5619010925293,12.149845123291016,21.42163848876953,28.966490760565577,-28.64041752958917,-13.396975509778546,0.874903096781042,0.9641384482383728,0.0,1.2311305573700235
2026-04-13 14:00:24,2241,422,1,v8_7_phase_2_2_radius_105_120_reward_grid,520,173.5787208498226,214,success,128.66549682617188,14.61436653137207,0.40629085898399353,36.95313262939453,48.5619010925293,12.47098159790039,27.440385818481445,8.808880458413459,8.553614944788926,-1.35682348192538,0.9882046578063949,0.9216995239257812,0.0,0.5281532337992519
2026-04-13 14:00:28,2242,423,1,v8_7_phase_2_2_radius_105_120_reward_grid,520,140.71876505474896,212,success,120.27401733398438,14.576045989990234,0.40629085898399353,36.88890075683594,48.5619010925293,12.513927459716797,26.081085205078125,30.62921835173514,-25.88849845449789,20.367747048383084,0.8604823261467393,0.989436149597168,0.0,1.4459496737151085
2026-04-13 14:00:31,2242,424,1,v8_7_phase_2_2_radius_105_120_reward_grid,520,149.43887599449238,212,success,121.55887603759766,14.862815856933594,0.40629085898399353,36.95669174194336,48.5619010925293,12.444877624511719,26.303791046142578,27.69173498972566,-25.347994849623515,9.674250912102089,0.8854606707706764,0.9916048645973206,0.0,0.7932279484325107
2026-04-13 14:00:35,2242,425,1,v8_7_phase_2_2_radius_105_120_reward_grid,520,148.49131783119773,207,success,119.51335144042969,14.882298469543457,0.40629085898399353,35.15591812133789,48.5619010925293,14.24649429321289,21.468929290771484,24.749569533040138,-1.6736268655376119,-38.530084070376994,0.9081463192175944,0.988956093788147,0.0,3.1767895022408768
2026-04-13 14:00:38,2242,426,1,v8_7_phase_2_2_radius_105_120_reward_grid,520,145.70902511124228,209,success,118.98941040039062,14.724997520446777,0.40629085898399353,36.393470764160156,48.5619010925293,13.008804321289062,25.196575164794922,36.73202994118197,-36.177213674901836,-43.30885665902768,0.801441429828281,0.9881174564361572,0.0,0.5136857093411634
2026-04-13 14:00:42,2242,427,1,v8_7_phase_2_2_radius_105_120_reward_grid,520,130.303893598793,225,success,127.05030059814453,9.60184383392334,0.40629085898399353,41.31709289550781,48.5619010925293,8.086677551269531,28.273887634277344,39.4511145893857,19.326202964111378,-36.25367422756554,0.7721670116329008,0.9901777505874634,0.0,4.507626705998316
2026-04-13 14:00:46,2243,428,1,v8_7_phase_2_2_radius_105_120_reward_grid,520,142.46351956182752,209,success,119.33901977539062,14.80426025390625,0.40629085898399353,36.12428283691406,48.5619010925293,13.277217864990234,25.615650177001953,30.276203439577618,-28.08793889555247,-35.858254085945994,0.8636050207493571,0.9964197874069214,0.0,3.219732778632491
2026-04-13 14:00:50,2243,429,1,v8_7_phase_2_2_radius_105_120_reward_grid,520,157.26698374519594,213,success,119.7344970703125,14.78433609008789,0.40629085898399353,37.19969177246094,48.5619010925293,12.20108413696289,18.003480911254883,40.16314473488661,-31.85650089274888,-39.60382054375427,0.7642110584869181,0.9942356944084167,0.0,3.1082715098831044
2026-04-13 14:00:53,2243,430,1,v8_7_phase_2_2_radius_105_120_reward_grid,520,165.5394082947342,204,success,115.77800750732422,14.995583534240723,0.40629085898399353,34.539459228515625,48.5619010925293,14.867416381835938,19.756572723388672,5.795758727761612,-4.976419480210637,-0.49876976166342096,0.994888186711039,0.9732515811920166,0.0,0.3856574750725709
2026-04-13 14:00:57,2243,431,1,v8_7_phase_2_2_radius_105_120_reward_grid,520,148.53148888285938,216,success,127.51351165771484,14.915823936462402,0.40629085898399353,38.05802917480469,48.5619010925293,11.347705841064453,30.0675106048584,32.100632344252645,27.899801334864467,-9.65350079740359,0.8471160565558542,0.9796321392059326,0.0,3.5211293716934398
2026-04-13 14:01:03,2243,432,1,v8_7_phase_2_2_radius_105_120_reward_grid,520,-655.9886328465041,365,low_agl,125.68966674804688,74.04823303222656,0.40629085898399353,0.33874785900115967,48.5619010925293,49.690425872802734,-15.434191703796387,126.55068750810172,-169.7593248014378,104.6051872520132,-0.5955336970456333,-0.6843120455741882,0.0,3.7850718363795783
2026-04-13 14:01:07,2244,433,1,v8_7_phase_2_2_radius_105_120_reward_grid,520,-235.18423526968922,220,near_miss,129.18206787109375,17.644453048706055,0.40629085898399353,38.83624267578125,48.5619010925293,10.730510711669922,19.55828094482422,110.53103205515957,-102.89852788410211,-176.11017129549904,-0.3507146423325442,0.5287045240402222,0.0,1.1337687415258142
2026-04-13 14:01:10,2244,434,1,v8_7_phase_2_2_radius_105_120_reward_grid,520,177.92975366646004,207,success,121.18067169189453,14.827237129211426,0.40629085898399353,34.99349594116211,48.5619010925293,14.422126770019531,22.740819931030273,9.983927420202235,-2.32759250568718,-7.768843284627386,0.9848564259527336,0.9463473558425903,0.0,0.5893222947150878
2026-04-13 14:01:14,2244,435,1,v8_7_phase_2_2_radius_105_120_reward_grid,520,141.7364899854266,215,success,126.09632873535156,14.532889366149902,0.40629085898399353,38.05939865112305,48.5619010925293,11.341316223144531,28.13093376159668,37.259265903593594,20.64911669124176,-16.444863757079403,0.7959041036638596,0.997726321220398,0.0,5.433748797319237
2026-04-13 14:01:18,2244,436,1,v8_7_phase_2_2_radius_105_120_reward_grid,520,142.60650457786363,212,success,121.80207824707031,14.664719581604004,0.40629085898399353,37.0068359375,48.5619010925293,12.396183013916016,26.655540466308594,39.45942009941644,-13.28234017606999,41.35725646219618,0.7720748940465156,0.9917556643486023,0.0,2.7445854681475765
2026-04-13 14:01:21,2244,437,1,v8_7_phase_2_2_radius_105_120_reward_grid,520,145.25287510664603,208,success,116.40238189697266,14.779531478881836,0.40629085898399353,35.870967864990234,48.5619010925293,13.539752960205078,22.152048110961914,36.36435061287643,-35.06181987777666,33.457507479483624,0.8052628662777004,0.9618785977363586,0.0,1.4830499353838429
2026-04-13 14:01:25,2244,438,1,v8_7_phase_2_2_radius_105_120_reward_grid,520,143.6874669686525,208,success,116.49180603027344,14.800091743469238,0.40629085898399353,35.5416374206543,48.5619010925293,13.870231628417969,22.742807388305664,36.779318755900555,-29.617841505480087,-41.42013176860073,0.800947539824742,0.9580352306365967,0.0,0.3553704011113823
2026-04-13 14:01:29,2245,439,1,v8_7_phase_2_2_radius_105_120_reward_grid,520,151.70541777733547,206,success,117.35001373291016,14.982580184936523,0.40629085898399353,35.516048431396484,48.5619010925293,13.884166717529297,22.436962127685547,18.491859498501178,-16.887579543606705,-1.354746677530873,0.948368727821201,0.9980233907699585,0.0,4.633219591589083
2026-04-13 14:01:32,2245,440,1,v8_7_phase_2_2_radius_105_120_reward_grid,520,150.6453548177791,205,success,116.12044525146484,14.992732048034668,0.40629085898399353,35.02817153930664,48.5619010925293,14.37191390991211,23.021039962768555,13.520687311120401,-1.585479005430366,-7.147877490009323,0.972285568839576,0.9980649352073669,0.0,2.468146391455583
2026-04-13 14:01:36,2245,441,1,v8_7_phase_2_2_radius_105_120_reward_grid,520,126.92015580847274,229,success,125.5561294555664,8.263643264770508,0.40629085898399353,42.68002700805664,48.5619010925293,6.722923278808594,28.266708374023438,40.19563594476836,-30.754326926762264,32.36657258977626,0.7638451890802833,0.9929083585739136,0.0,3.134778673410364
2026-04-13 14:01:39,2245,442,1,v8_7_phase_2_2_radius_105_120_reward_grid,520,142.997240391368,217,success,124.40693664550781,14.984247207641602,0.40629085898399353,38.572349548339844,48.5619010925293,10.828487396240234,28.383512496948242,39.86041709049331,-39.08826078972878,-1.908407361180807,0.7676081155290546,0.9976813197135925,0.0,3.9807700884423616
2026-04-13 14:01:43,2245,443,1,v8_7_phase_2_2_radius_105_120_reward_grid,520,138.67719105830648,216,success,125.55583953857422,14.630934715270996,0.40629085898399353,38.14445114135742,48.5619010925293,11.25900650024414,27.20703887939453,32.27408499822512,-26.067997533433115,-2.4482345638839385,0.8455034354462819,0.9913416504859924,0.0,2.6454148304068874
2026-04-13 14:01:47,2246,444,1,v8_7_phase_2_2_radius_105_120_reward_grid,520,131.45923839095502,226,success,124.86614990234375,10.860119819641113,0.40629085898399353,41.436805725097656,48.5619010925293,7.967372894287109,27.017122268676758,39.92250351004872,-40.75012094687375,-17.136017429382164,0.7669131566723648,0.9828132390975952,0.0,0.9140550373820195
2026-04-13 14:01:51,2246,445,1,v8_7_phase_2_2_radius_105_120_reward_grid,520,141.9550589774887,209,success,121.54230499267578,14.993636131286621,0.40629085898399353,36.081607818603516,48.5619010925293,13.319805145263672,26.170076370239258,30.034284969364936,-23.719425034493185,27.219920889786813,0.8657260559557826,0.9935221672058105,0.0,1.9648695880163682
2026-04-13 14:01:55,2246,446,1,v8_7_phase_2_2_radius_105_120_reward_grid,520,-159.54285393135865,245,near_miss,126.99620056152344,3.9569950103759766,0.40629085898399353,48.964988708496094,48.5619010925293,0.439422607421875,-4.35629415512085,80.62027447202891,71.39319433734026,17.197916018735402,0.16297684725761905,0.9890130758285522,0.0,4.771891034355283
2026-04-13 14:01:59,2246,447,1,v8_7_phase_2_2_radius_105_120_reward_grid,520,-211.5876899860836,215,near_miss,127.05052185058594,17.695053100585938,0.40629085898399353,37.693878173828125,48.5619010925293,11.76251220703125,24.6124210357666,82.17465477239456,-73.95280089861338,165.02862649926024,0.13615382404921675,0.8306223750114441,0.0,1.7847974732582244
2026-04-13 14:02:02,2246,448,1,v8_7_phase_2_2_radius_105_120_reward_grid,520,-137.17215572529838,212,near_miss,115.31909942626953,17.04115867614746,0.40629085898399353,36.63009262084961,48.5619010925293,12.857566833496094,-8.634563446044922,76.36092752447394,-79.0161157529922,-138.0276182950142,0.2358048807109669,0.7443742752075195,0.0,1.6051512324964687
2026-04-13 14:02:06,2246,449,1,v8_7_phase_2_2_radius_105_120_reward_grid,520,166.01642784558956,211,success,128.52574157714844,14.544698715209961,0.40629085898399353,36.135555267333984,48.5619010925293,13.265750885009766,26.63713264465332,25.286956864105694,12.751900001163984,22.295173498194615,0.9041798123994982,0.9904659986495972,0.0,0.9904667642819641
2026-04-13 14:02:10,2247,450,1,v8_7_phase_2_2_radius_105_120_reward_grid,520,-148.43602625940895,242,near_miss,127.71280670166016,8.001922607421875,0.40629085898399353,47.12644958496094,48.5619010925293,2.274860382080078,-11.393294334411621,76.654325130461,-70.93015532293758,-31.07468328940337,0.23082545968560078,0.9953325986862183,0.0,4.0124870732084545
2026-04-13 14:02:13,2247,451,1,v8_7_phase_2_2_radius_105_120_reward_grid,520,142.43202101551918,214,success,123.87858581542969,14.562603950500488,0.40629085898399353,37.59430694580078,48.5619010925293,11.818523406982422,28.360733032226562,20.48813596269373,-7.61473543393168,-1.051623842661059,0.9367446853887129,0.9644153118133545,0.0,1.9217346689240333
2026-04-13 14:02:17,2247,452,1,v8_7_phase_2_2_radius_105_120_reward_grid,520,150.7155954746748,209,success,118.70708465576172,14.763137817382812,0.40629085898399353,36.253822326660156,48.5619010925293,13.145553588867188,23.496257781982422,27.260101185126704,-26.067172788090836,23.563652325187288,0.8889364049848973,0.999509334564209,0.0,2.6560782816795276
2026-04-13 14:02:21,2247,453,1,v8_7_phase_2_2_radius_105_120_reward_grid,520,132.6762256377726,214,success,127.00149536132812,14.906867980957031,0.40629085898399353,37.44377899169922,48.5619010925293,11.957141876220703,29.03896141052246,40.28487578136916,39.385281811070534,44.332818128828485,0.7628390345469414,0.9980027675628662,0.0,6.789537346179056
2026-04-13 14:02:24,2247,454,1,v8_7_phase_2_2_radius_105_120_reward_grid,520,152.6231549655489,207,success,118.70001983642578,14.928291320800781,0.40629085898399353,35.849693298339844,48.5619010925293,13.549583435058594,24.676177978515625,27.32418372746706,-26.71072857961507,36.7998981158698,0.8884235640999489,0.9986927509307861,0.0,0.4513327634258371
2026-04-13 14:02:28,2248,455,1,v8_7_phase_2_2_radius_105_120_reward_grid,520,-164.89765741898296,241,near_miss,119.32225799560547,14.02601432800293,0.40629085898399353,47.86060333251953,48.5619010925293,1.5417633056640625,-19.0328311920166,76.54960467010636,-75.34997756504201,6.909833871490154,0.2326034328048501,0.9900708794593811,0.0,1.6959441742027486
2026-04-13 14:02:32,2248,456,1,v8_7_phase_2_2_radius_105_120_reward_grid,520,137.26871211119695,217,success,125.7535629272461,14.556803703308105,0.40629085898399353,38.60589599609375,48.5619010925293,10.799148559570312,27.652273178100586,35.77236445713308,-34.863197976712684,10.27086366723447,0.81134586797935,0.9878711104393005,0.0,5.442861240010334
2026-04-13 14:02:35,2248,457,1,v8_7_phase_2_2_radius_105_120_reward_grid,520,157.5895112414574,211,success,119.04585266113281,14.698192596435547,0.40629085898399353,35.24150848388672,48.5619010925293,14.201892852783203,18.471405029296875,15.829487618523348,-14.75590823949699,-13.440804833682517,0.9620777354322538,0.8767659664154053,0.0,3.2869525016150978
2026-04-13 14:02:39,2248,458,1,v8_7_phase_2_2_radius_105_120_reward_grid,520,129.5114800126528,228,success,128.75372314453125,8.351154327392578,0.40629085898399353,42.46759033203125,48.5619010925293,6.9336090087890625,28.704692840576172,40.47305432319218,-14.787265637976517,-38.3367965470548,0.7607113109268583,0.9919961094856262,0.0,3.103829065851694
2026-04-13 14:02:43,2248,459,1,v8_7_phase_2_2_radius_105_120_reward_grid,520,145.9691441617644,210,success,119.64765930175781,14.82730484008789,0.40629085898399353,36.19215774536133,48.5619010925293,13.209644317626953,24.912109375,31.893230235010623,-20.40645031531496,36.60481083770131,0.8490341191698589,0.9950814843177795,0.0,4.62338456198329
2026-04-13 14:02:46,2248,460,1,v8_7_phase_2_2_radius_105_120_reward_grid,520,156.2062515952555,213,success,127.1106185913086,14.920958518981934,0.40629085898399353,36.983497619628906,48.5619010925293,12.420181274414062,28.92990493774414,39.432867739018015,39.123453339427265,-31.516767283432447,0.7723693330476371,0.988120436668396,0.0,3.623368445426281
2026-04-13 14:02:50,2249,461,1,v8_7_phase_2_2_radius_105_120_reward_grid,520,148.3543930951259,210,success,120.02691650390625,14.673508644104004,0.40629085898399353,36.31040954589844,48.5619010925293,13.090347290039062,25.7130184173584,23.976895845445984,-23.684787437664756,13.223148902949013,0.9137093972995882,0.995607852935791,0.0,4.410031313120873
2026-04-13 14:02:54,2249,462,1,v8_7_phase_2_2_radius_105_120_reward_grid,520,165.55814133272227,205,success,116.55524444580078,14.975394248962402,0.40629085898399353,34.628501892089844,48.5619010925293,14.771003723144531,16.090517044067383,9.438442899875628,1.5844914027650645,-20.63399465241935,0.986462355147374,0.9993026852607727,0.0,3.0891606710162414
2026-04-13 14:02:57,2249,463,1,v8_7_phase_2_2_radius_105_120_reward_grid,520,153.03646360444873,209,success,118.17718505859375,14.762396812438965,0.40629085898399353,36.03268051147461,48.5619010925293,13.371368408203125,25.289480209350586,16.061845531445304,-5.835428039574223,-1.6560018825495113,0.9609636107939046,0.9874037504196167,0.0,1.8622741994778014
2026-04-13 14:03:01,2249,464,1,v8_7_phase_2_2_radius_105_120_reward_grid,520,142.3763206040277,218,success,128.49972534179688,14.870430946350098,0.40629085898399353,38.77812194824219,48.5619010925293,10.624160766601562,29.07217788696289,37.67242746158225,-18.155448776215955,1.4748091301435322,0.791517727461702,0.9930262565612793,0.0,4.0702126146795985
2026-04-13 14:03:05,2249,465,1,v8_7_phase_2_2_radius_105_120_reward_grid,520,166.8482794568229,215,success,125.56671905517578,14.51396369934082,0.40629085898399353,37.400657653808594,48.5619010925293,12.006195068359375,24.358198165893555,21.2631063013963,12.511987045246347,-2.09631845840914,0.9319249378825207,0.9738183617591858,0.0,2.802173670962471
2026-04-13 14:03:08,2249,466,1,v8_7_phase_2_2_radius_105_120_reward_grid,520,139.2748752505934,210,success,122.057373046875,14.557756423950195,0.40629085898399353,36.24807357788086,48.5619010925293,13.15597152709961,25.746204376220703,32.95880121723514,5.506054973455052,34.750212987462334,0.839061976197274,0.9866644144058228,0.0,4.097263893008367
2026-04-13 14:03:12,2250,467,1,v8_7_phase_2_2_radius_105_120_reward_grid,520,151.635493689466,211,success,120.7535171508789,14.635078430175781,0.40629085898399353,36.385154724121094,48.5619010925293,13.023590087890625,26.49201011657715,25.44988590411447,-2.998264361659776,-17.30244694134057,0.9029614881556547,0.9717376232147217,0.0,3.9553810212885834
2026-04-13 14:03:16,2250,468,1,v8_7_phase_2_2_radius_105_120_reward_grid,520,145.79251332749408,216,success,127.02130126953125,14.751470565795898,0.40629085898399353,38.30680847167969,48.5619010925293,11.09402847290039,28.79072380065918,37.21520093816326,-23.655781331807006,-4.252500109798857,0.7963694859662993,0.9972929954528809,0.0,4.904125316249695
2026-04-13 14:03:19,2250,469,1,v8_7_phase_2_2_radius_105_120_reward_grid,520,135.2051608309921,233,success,128.3896942138672,6.684092044830322,0.40629085898399353,43.659969329833984,48.5619010925293,5.744667053222656,23.68718910217285,40.134051544116936,-12.619387501076567,-39.21353670439056,0.764538455734085,0.9847418069839478,0.0,3.7597254322812623
2026-04-13 14:03:23,2250,470,1,v8_7_phase_2_2_radius_105_120_reward_grid,520,144.027626460287,217,success,127.61544036865234,13.053620338439941,0.40629085898399353,38.59724807739258,48.5619010925293,10.806411743164062,28.27490997314453,39.75528340369388,39.475679364735655,-31.03504087146062,0.7687828643502194,0.9878214597702026,0.0,1.1545004491032271
2026-04-13 14:03:27,2250,471,1,v8_7_phase_2_2_radius_105_120_reward_grid,520,172.23794801865685,208,success,120.0446548461914,14.880006790161133,0.40629085898399353,35.55110168457031,48.5619010925293,13.853385925292969,21.41283416748047,13.976504254249434,-5.762964001348619,9.25762303310965,0.9703948515657744,0.9799541234970093,0.0,0.37775469174046367
2026-04-13 14:03:30,2251,472,1,v8_7_phase_2_2_radius_105_120_reward_grid,520,151.692444919584,209,success,121.50988006591797,14.57808780670166,0.40629085898399353,36.04789733886719,48.5619010925293,13.353031158447266,25.2844181060791,24.20046842754801,14.942590969891778,-23.406354776149186,0.9121167647737964,0.997682511806488,0.0,5.358997553302047
2026-04-13 14:03:34,2251,473,1,v8_7_phase_2_2_radius_105_120_reward_grid,520,138.60552879530366,214,success,125.0519027709961,14.998031616210938,0.40629085898399353,37.56416320800781,48.5619010925293,11.838081359863281,28.931591033935547,32.33358960627427,-0.14536995767399616,1.4821838134564418,0.8449484243364281,0.9952620267868042,0.0,6.306444415685974
2026-04-13 14:03:38,2251,474,1,v8_7_phase_2_2_radius_105_120_reward_grid,520,137.62550713555737,220,success,126.06634521484375,14.740519523620605,0.40629085898399353,39.30095291137695,48.5619010925293,10.118389129638672,27.979148864746094,38.14735100514075,-40.33107176582054,-13.67417959101716,0.7864248157450974,0.9462893605232239,0.0,4.079397109976886
2026-04-13 14:03:41,2251,475,1,v8_7_phase_2_2_radius_105_120_reward_grid,520,143.7726985926461,214,success,124.58779907226562,14.634824752807617,0.40629085898399353,37.48218536376953,48.5619010925293,11.921287536621094,24.277515411376953,35.22319675729655,-8.451174060069782,20.645220068320267,0.8169114571049765,0.9896857142448425,0.0,3.8974498775361273
2026-04-13 14:03:45,2251,476,1,v8_7_phase_2_2_radius_105_120_reward_grid,520,-159.1106481827885,244,near_miss,129.2686004638672,3.0070862770080566,0.40629085898399353,48.75711441040039,48.5619010925293,0.6422462463378906,-7.51784610748291,77.2447061917494,-77.2116344157882,13.44141442806594,0.22078755023219282,0.9999217391014099,0.0,2.5253866935415465
2026-04-13 14:03:49,2251,477,1,v8_7_phase_2_2_radius_105_120_reward_grid,520,150.65393974745115,207,success,116.76327514648438,14.849397659301758,0.40629085898399353,35.35139846801758,48.5619010925293,14.049549102783203,23.77947425842285,19.749012164302677,-15.361061292412828,22.80952430873701,0.9411818411336844,0.9954670667648315,0.0,4.546586988007523
2026-04-13 14:03:53,2252,478,1,v8_7_phase_2_2_radius_105_120_reward_grid,520,156.32726298598092,209,success,123.43829345703125,14.834778785705566,0.40629085898399353,35.96894836425781,48.5619010925293,13.43044662475586,26.416601181030273,26.977008627049894,23.183221033701333,-32.260930053883676,0.8911886275570656,0.9988065361976624,0.0,1.9247107826074614
2026-04-13 14:03:56,2252,479,1,v8_7_phase_2_2_radius_105_120_reward_grid,520,138.16661408806465,209,success,120.20333099365234,14.591564178466797,0.40629085898399353,36.178470611572266,48.5619010925293,13.222061157226562,24.311939239501953,28.99047838493066,-26.992890524417465,-31.557666456182485,0.874700262437411,0.9944153428077698,0.0,0.8551128157350707
2026-04-13 14:04:00,2252,480,1,v8_7_phase_2_2_radius_105_120_reward_grid,520,152.0331027469278,210,success,117.25421142578125,14.833494186401367,0.40629085898399353,36.227256774902344,48.5619010925293,13.173049926757812,15.932559967041016,25.14521677844959,-18.561474494069238,12.870945075755428,0.9052337466432203,0.9977569580078125,0.0,1.9686807804219315
2026-04-13 14:04:04,2252,481,1,v8_7_phase_2_2_radius_105_120_reward_grid,520,-123.70729735783812,221,near_miss,122.2679672241211,16.535242080688477,0.40629085898399353,38.494598388671875,48.5619010925293,10.968299865722656,-13.531230926513672,75.11499856702606,-78.14771184153844,128.32012997486356,0.25687981185069236,0.813051700592041,0.0,1.0892768217551227
2026-04-13 14:04:08,2252,482,1,v8_7_phase_2_2_radius_105_120_reward_grid,520,-157.0609821009478,245,near_miss,128.94989013671875,3.4327094554901123,0.40629085898399353,48.98334503173828,48.5619010925293,0.4165802001953125,-13.29628849029541,81.11990280981534,-80.10553092560923,-0.8447177225466561,0.15436718978673258,0.9994425773620605,0.0,3.806581083986672
2026-04-13 14:04:11,2253,483,1,v8_7_phase_2_2_radius_105_120_reward_grid,520,149.28737260371543,213,success,121.02128601074219,14.855008125305176,0.40629085898399353,36.83671569824219,48.5619010925293,12.563526153564453,27.046628952026367,30.916277542172438,-18.354774186764434,14.594160822214626,0.8579189757203832,0.9989025592803955,0.0,5.486310711871664
2026-04-13 14:04:15,2253,484,1,v8_7_phase_2_2_radius_105_120_reward_grid,520,148.3101518912586,213,success,122.00901794433594,14.767003059387207,0.40629085898399353,37.07764434814453,48.5619010925293,12.32293701171875,23.944032669067383,33.72237880040213,-18.979644288266808,22.063502019284243,0.8317373454593834,0.9946145415306091,0.0,3.5158305727354957
2026-04-13 14:04:19,2253,485,1,v8_7_phase_2_2_radius_105_120_reward_grid,520,153.0986186938098,211,success,124.13558197021484,14.519801139831543,0.40629085898399353,36.64065933227539,48.5619010925293,12.759483337402344,27.157655715942383,32.13965321498093,31.805329115487147,44.06496543033726,0.8467539486542405,0.997982382774353,0.0,3.7088439482854296
2026-04-13 14:04:22,2253,486,1,v8_7_phase_2_2_radius_105_120_reward_grid,520,160.22911275463102,208,success,118.62281799316406,14.827921867370605,0.40629085898399353,35.69678497314453,48.5619010925293,13.703422546386719,20.47041130065918,25.157487213293518,-17.882748350961318,-35.550410629864345,0.9051427265309454,0.9983234405517578,0.0,3.1176855766803273
2026-04-13 14:04:26,2253,487,1,v8_7_phase_2_2_radius_105_120_reward_grid,520,152.52964344448256,207,success,119.85376739501953,14.828963279724121,0.40629085898399353,34.94044876098633,48.5619010925293,14.4615478515625,21.290189743041992,18.57149096648706,9.02658676179209,42.88742715704873,0.9479269993348599,0.9948197603225708,0.0,5.13497561737222
2026-04-13 14:04:29,2253,488,1,v8_7_phase_2_2_radius_105_120_reward_grid,520,148.54211924558828,212,success,123.30004119873047,14.94881534576416,0.40629085898399353,36.76696014404297,48.5619010925293,12.635013580322266,25.461931228637695,26.15767620968809,-15.758243622838238,-8.712864220382357,0.8975842605792028,0.9904622435569763,0.0,3.5089203549311287
2026-04-13 14:04:33,2254,489,1,v8_7_phase_2_2_radius_105_120_reward_grid,520,166.90572181638768,208,success,120.1463394165039,14.614830017089844,0.40629085898399353,35.37052536010742,48.5619010925293,14.030757904052734,20.67359161376953,11.33433436628921,7.1233716250409636,-8.62081034584351,0.9804970622015649,0.993068516254425,0.0,3.4482852976906355
2026-04-13 14:04:37,2254,490,1,v8_7_phase_2_2_radius_105_120_reward_grid,520,150.2191924720647,211,success,124.073486328125,14.877965927124023,0.40629085898399353,35.53136444091797,48.5619010925293,13.881526947021484,22.3601016998291,25.57396141302963,-22.081402237551554,21.442350955784946,0.902028798559052,0.9586851000785828,0.0,3.2788274964039177
2026-04-13 14:04:40,2254,491,1,v8_7_phase_2_2_radius_105_120_reward_grid,520,161.08963755842143,211,success,124.41761779785156,14.717676162719727,0.40629085898399353,36.320308685302734,48.5619010925293,13.086410522460938,27.735116958618164,22.52888208102494,22.705705433352815,14.04670152344424,0.9236865092388848,0.9742261171340942,0.0,2.6367682659133362
2026-04-13 14:04:44,2254,492,1,v8_7_phase_2_2_radius_105_120_reward_grid,520,153.22361912528723,211,success,123.13290405273438,14.488584518432617,0.40629085898399353,36.44344711303711,48.5619010925293,12.959327697753906,25.811399459838867,34.405875830645314,8.030670902497008,-37.617642514249575,0.8250555551094643,0.9884207248687744,0.0,3.6229848678975762
2026-04-13 14:04:47,2254,493,1,v8_7_phase_2_2_radius_105_120_reward_grid,520,157.47612358577817,207,success,117.79583740234375,14.662461280822754,0.40629085898399353,35.411521911621094,48.5619010925293,13.991302490234375,19.039573669433594,24.379866761192982,-13.501963201284457,-39.36536156435619,0.9108287658846939,0.9917129874229431,0.0,4.883427196068667
2026-04-13 14:04:51,2254,494,1,v8_7_phase_2_2_radius_105_120_reward_grid,520,168.06894702294977,206,success,116.70152282714844,14.822905540466309,0.40629085898399353,34.956180572509766,48.5619010925293,14.447959899902344,15.313770294189453,23.863584714662764,-11.998843470639752,-41.78755837990698,0.9145112650346492,0.9812881350517273,0.0,0.12195742942705669
2026-04-13 14:04:55,2255,495,1,v8_7_phase_2_2_radius_105_120_reward_grid,520,138.91085801385287,215,success,117.5899429321289,14.954425811767578,0.40629085898399353,37.49567413330078,48.5619010925293,11.910099029541016,13.26927375793457,35.41190805387483,-35.73489403934639,-18.34281794062233,0.8150073833683282,0.9765296578407288,0.0,2.038089933466674
2026-04-13 14:04:59,2255,496,1,v8_7_phase_2_2_radius_105_120_reward_grid,520,141.50408313710412,222,success,127.21631622314453,10.994074821472168,0.40629085898399353,40.43959045410156,48.5619010925293,8.963199615478516,27.544050216674805,39.65390973603255,-26.357746110856105,28.17998935499673,0.7699131480405698,0.9875363707542419,0.0,3.246449350620216
2026-04-13 14:05:02,2255,497,1,v8_7_phase_2_2_radius_105_120_reward_grid,520,165.14121218028222,213,success,125.74266052246094,14.943092346191406,0.40629085898399353,37.1563720703125,48.5619010925293,12.245147705078125,24.924287796020508,27.1849161702905,9.901905386006844,-3.279769967971617,0.8895366792079309,0.9901487827301025,0.0,0.2883801724471179
2026-04-13 14:05:06,2255,498,1,v8_7_phase_2_2_radius_105_120_reward_grid,520,141.99820370021126,209,success,118.77680206298828,14.900603294372559,0.40629085898399353,36.01490783691406,48.5619010925293,13.38607406616211,23.55454444885254,21.779422498872368,-20.05839070540028,4.127637848468677,0.9286191419532729,0.9969201683998108,0.0,3.6817266419283
2026-04-13 14:05:09,2255,499,1,v8_7_phase_2_2_radius_105_120_reward_grid,520,150.57769358504086,207,success,116.67772674560547,14.854798316955566,0.40629085898399353,35.144195556640625,48.5619010925293,14.2574462890625,20.055835723876953,21.40119394339374,-16.56619523749551,-40.955422772945994,0.9310482122691739,0.9957939386367798,0.0,5.002296556760484
2026-04-13 14:05:14,2256,500,1,v8_7_phase_2_2_radius_105_120_reward_grid,520,-161.41117268023135,244,near_miss,128.96945190429688,5.047520637512207,0.40629085898399353,48.37418746948242,48.5619010925293,0.5988731384277344,-9.051864624023438,75.74722819735912,75.29359435344355,-6.156384605088646,0.2462001813044188,0.9897722005844116,0.0,5.93391585524223
2026-04-13 14:05:17,2256,501,1,v8_7_phase_2_2_radius_105_120_reward_grid,520,142.1753514719111,224,success,128.0326690673828,10.803274154663086,0.40629085898399353,40.9426155090332,48.5619010925293,8.456600189208984,28.203590393066406,40.49331266427044,-34.813709841081355,-39.36831562117222,0.7604817614162218,0.999284565448761,0.0,0.30266907877432325
2026-04-13 14:05:21,2256,502,1,v8_7_phase_2_2_radius_105_120_reward_grid,520,146.59375839082784,210,success,120.98774719238281,14.632542610168457,0.40629085898399353,36.248626708984375,48.5619010925293,13.157825469970703,24.73165512084961,15.711699298739186,-10.197883949726531,4.368255594531294,0.9626364721052983,0.9813746213912964,0.0,3.82775586428132
2026-04-13 14:05:24,2256,503,1,v8_7_phase_2_2_radius_105_120_reward_grid,520,151.84738500194769,210,success,121.91027069091797,14.816370964050293,0.40629085898399353,35.875946044921875,48.5619010925293,13.52548599243164,25.283723831176758,24.83196039745071,10.992915407795076,22.036063441841012,0.9075433610011032,0.9923751950263977,0.0,1.4860654669859525
2026-04-13 14:05:28,2256,504,1,v8_7_phase_2_2_radius_105_120_reward_grid,520,174.63931206779276,210,success,123.209228515625,14.854666709899902,0.40629085898399353,35.7299690246582,48.5619010925293,13.689567565917969,25.7687931060791,3.2150978949285283,-0.37115026502309795,1.7866094001887298,0.9984260201062256,0.9350868463516235,0.0,2.0840128927137083
2026-04-13 14:05:32,2256,505,1,v8_7_phase_2_2_radius_105_120_reward_grid,520,149.64938208738027,215,success,126.48335266113281,14.764434814453125,0.40629085898399353,37.68899154663086,48.5619010925293,11.717048645019531,29.4322452545166,25.947371270048812,23.225639923541696,-4.337529134776346,0.8991963305333359,0.9769948720932007,0.0,3.1110319053720463
2026-04-13 14:05:35,2257,506,1,v8_7_phase_2_2_radius_105_120_reward_grid,520,161.90019622975547,210,success,116.31886291503906,14.967434883117676,0.40629085898399353,35.310184478759766,48.5619010925293,14.101512908935547,5.665672779083252,17.126818872117447,-17.46832320797621,14.169275244515642,0.9556552764021757,0.9588407278060913,0.0,0.4828516998321759
2026-04-13 14:05:40,2257,507,1,v8_7_phase_2_2_radius_105_120_reward_grid,520,-160.17373879991982,242,near_miss,126.91064453125,7.14987850189209,0.40629085898399353,47.80447769165039,48.5619010925293,1.5958976745605469,-12.422914505004883,77.84404846122884,-71.36075776897187,-24.211255003794754,0.21057330584988607,0.9950623512268066,0.0,3.202170425284981
2026-04-13 14:05:43,2257,508,1,v8_7_phase_2_2_radius_105_120_reward_grid,520,145.61068429003382,213,success,125.00907135009766,14.861624717712402,0.40629085898399353,37.31655502319336,48.5619010925293,12.0850830078125,26.873037338256836,38.507527370643025,-10.037031287225437,-28.848348978491867,0.7825263657432265,0.9944893717765808,0.0,4.174138479250412
2026-04-13 14:05:47,2257,509,1,v8_7_phase_2_2_radius_105_120_reward_grid,520,162.9262826676905,206,success,117.32379913330078,14.683009147644043,0.40629085898399353,34.92509078979492,48.5619010925293,14.474258422851562,18.276548385620117,9.01774508191151,8.106026672062466,11.526231092341657,0.9876398438915528,0.9998522996902466,0.0,0.2600378573436132
2026-04-13 14:05:50,2257,510,1,v8_7_phase_2_2_radius_105_120_reward_grid,520,147.2286628780014,207,success,115.80485534667969,14.829855918884277,0.40629085898399353,35.21868133544922,48.5619010925293,14.18337631225586,22.240076065063477,17.29538452573878,-17.234513879855623,-19.68973636759072,0.9547847515040988,0.9898408651351929,0.0,1.0889946523480258
2026-04-13 14:05:54,2258,511,1,v8_7_phase_2_2_radius_105_120_reward_grid,520,157.3884566754827,212,success,126.52079772949219,14.921431541442871,0.40629085898399353,36.86959457397461,48.5619010925293,12.536582946777344,28.592281341552734,26.770050480103922,26.912608480913136,-13.035658502684871,0.8928213781843648,0.9754804372787476,0.0,2.659467622070921
2026-04-13 14:05:58,2258,512,1,v8_7_phase_2_2_radius_105_120_reward_grid,520,158.87328032503532,213,success,124.7623519897461,14.864295959472656,0.40629085898399353,36.524070739746094,48.5619010925293,12.879047393798828,21.762611389160156,24.480383240113476,2.589365268600031,10.266839832039686,0.9101031989885021,0.9904296398162842,0.0,3.904472544639248
2026-04-13 14:06:02,2258,513,1,v8_7_phase_2_2_radius_105_120_reward_grid,520,-158.9823711840117,241,near_miss,128.38221740722656,6.2115678787231445,0.40629085898399353,47.325233459472656,48.5619010925293,2.0906524658203125,-6.471392631530762,77.36873559688766,-63.79083862127923,-27.429715272785632,0.218675734243984,0.9464846253395081,0.0,0.482693455582171
2026-04-13 14:06:06,2258,514,1,v8_7_phase_2_2_radius_105_120_reward_grid,520,140.12513797617567,227,success,128.258056640625,10.251309394836426,0.40629085898399353,41.43190002441406,48.5619010925293,7.9683380126953125,29.424652099609375,40.247039948461875,-0.5865080772247304,-25.207130735728462,0.7632658492379939,0.9958253502845764,0.0,3.4693105516895657
2026-04-13 14:06:09,2258,515,1,v8_7_phase_2_2_radius_105_120_reward_grid,520,150.6516913426212,208,success,120.15288543701172,14.769365310668945,0.40629085898399353,35.57221221923828,48.5619010925293,13.831287384033203,22.532390594482422,22.169455328784068,6.928662141710941,-22.72663825561161,0.9260718820772811,0.9897278547286987,0.0,2.263327306068094
2026-04-13 14:06:13,2258,516,1,v8_7_phase_2_2_radius_105_120_reward_grid,520,169.99189535285396,206,success,117.46560668945312,14.89118480682373,0.40629085898399353,34.53264617919922,48.5619010925293,14.871013641357422,15.570934295654297,7.700540539153612,-3.6088542451549435,1.8871180884247005,0.9909819356198775,0.982782781124115,0.0,0.14749580780674557
2026-04-13 14:06:16,2259,517,1,v8_7_phase_2_2_radius_105_120_reward_grid,520,158.33213309608863,206,success,117.92049407958984,14.638471603393555,0.40629085898399353,35.067378997802734,48.5619010925293,14.332469940185547,21.48206901550293,10.933962337521404,10.86819444600335,14.407334657847267,0.9818464529976423,0.9995779395103455,0.0,3.7707930201225377
2026-04-13 14:06:20,2259,518,1,v8_7_phase_2_2_radius_105_120_reward_grid,520,149.71059491532964,211,success,124.39801025390625,14.657699584960938,0.40629085898399353,36.51384353637695,48.5619010925293,12.886833190917969,25.79090118408203,32.39058411980344,31.75380216838857,37.184325068020215,0.8444159708637564,0.9969003200531006,0.0,4.815804900842115
2026-04-13 14:06:24,2259,519,1,v8_7_phase_2_2_radius_105_120_reward_grid,520,162.601312974326,219,success,125.68470001220703,14.912017822265625,0.40629085898399353,38.52949523925781,48.5619010925293,10.89535903930664,17.90456771850586,20.77698637024086,18.72245693016456,0.8211110946712111,0.9349682345279716,0.9250185489654541,0.0,0.6375885176444865
2026-04-13 14:06:27,2259,520,1,v8_7_phase_2_2_radius_105_120_reward_grid,520,160.7542701429064,214,success,119.82701110839844,14.781081199645996,0.40629085898399353,37.14839553833008,48.5619010925293,12.261154174804688,11.369385719299316,35.21839854940461,-34.977730003810045,20.858269036458598,0.8169597549925672,0.9645401239395142,0.0,2.100253381263434
2026-04-13 14:06:31,2259,521,1,v8_7_phase_2_2_radius_105_120_reward_grid,520,-168.6151574095279,210,near_miss,121.28630828857422,17.83945083618164,0.40629085898399353,35.632259368896484,48.5619010925293,13.84244155883789,11.946492195129395,77.72436305640271,-76.4122973772216,176.2658176463053,0.2126149120572862,0.780820369720459,0.0,1.275531998527941
2026-04-13 14:06:34,2260,522,1,v8_7_phase_2_2_radius_105_120_reward_grid,520,154.22800102667608,208,success,117.6631851196289,14.65986156463623,0.40629085898399353,35.7177848815918,48.5619010925293,13.68356704711914,17.15797996520996,18.130619331035664,-13.586598636611024,-13.454846848842417,0.9503495678925019,0.9945977926254272,0.0,4.239444732426646
2026-04-13 14:06:38,2260,523,1,v8_7_phase_2_2_radius_105_120_reward_grid,520,136.25456720683786,219,success,128.3775177001953,14.787154197692871,0.40629085898399353,38.62471389770508,48.5619010925293,10.787567138671875,29.828937530517578,31.544528587313962,7.008434909235281,-7.572333619564241,0.852233836450411,0.9693671464920044,0.0,4.81286456910695
2026-04-13 14:06:42,2260,524,1,v8_7_phase_2_2_radius_105_120_reward_grid,520,154.61582270924782,210,success,120.38556671142578,14.59738826751709,0.40629085898399353,36.11690139770508,48.5619010925293,13.285690307617188,23.45151710510254,25.729326018532618,-0.2954137124114115,-23.453518939915416,0.9008549411526249,0.9932966232299805,0.0,2.3612208572326425
2026-04-13 14:06:45,2260,525,1,v8_7_phase_2_2_radius_105_120_reward_grid,520,145.13380547022808,209,success,119.61042022705078,14.723367691040039,0.40629085898399353,35.73051071166992,48.5619010925293,13.672199249267578,24.750890731811523,25.949550100394045,-2.5220447897062694,30.556176308751024,0.8991796910110159,0.993171215057373,0.0,5.479429265184905
2026-04-13 14:06:49,2260,526,1,v8_7_phase_2_2_radius_105_120_reward_grid,520,170.64888363704878,208,success,117.15153503417969,14.956823348999023,0.40629085898399353,35.12440490722656,48.5619010925293,14.312263488769531,9.38967227935791,35.65607024122986,-36.392125577136284,57.13593259593652,0.8125307002463835,0.8859864473342896,0.0,1.665985135211843
2026-04-13 14:06:53,2260,527,1,v8_7_phase_2_2_radius_105_120_reward_grid,520,133.11131976845448,216,success,125.89170837402344,14.859352111816406,0.40629085898399353,38.086997985839844,48.5619010925293,11.31564712524414,28.04056739807129,35.043904291583715,-16.723359597844794,-6.160364897827471,0.818712286873797,0.9945657849311829,0.0,3.9902976606769562
2026-04-13 14:06:57,2261,528,1,v8_7_phase_2_2_radius_105_120_reward_grid,520,-133.60689106700303,221,near_miss,121.80220794677734,14.630692481994629,0.40629085898399353,39.527408599853516,48.5619010925293,9.91229248046875,0.06159421429038048,75.34639171572775,-75.52513776630698,-100.06837069961563,0.2529746762179218,0.8781310319900513,0.0,1.2100518407062708
2026-04-13 14:07:00,2261,529,1,v8_7_phase_2_2_radius_105_120_reward_grid,520,146.32017683906255,211,success,118.9520034790039,14.896974563598633,0.40629085898399353,36.432281494140625,48.5619010925293,12.972858428955078,18.071063995361328,29.147142433923243,-21.540659576056232,19.786304997170944,0.8733717750925766,0.9839255213737488,0.0,4.14594881975465
2026-04-13 14:07:04,2261,530,1,v8_7_phase_2_2_radius_105_120_reward_grid,520,164.25047425349686,217,success,125.0744400024414,14.743213653564453,0.40629085898399353,37.453514099121094,48.5619010925293,11.951950073242188,17.32140350341797,25.19403043290038,-17.68803844074447,-4.150537338321614,0.9048714089035116,0.9806302785873413,0.0,0.7672964512487579
2026-04-13 14:07:08,2261,531,1,v8_7_phase_2_2_radius_105_120_reward_grid,520,125.16912312033747,240,success,127.70673370361328,3.512661933898926,0.40629085898399353,46.59078598022461,48.5619010925293,2.808734893798828,27.139190673828125,39.70598651335931,-26.46495617516321,-35.38367546694058,0.7693328095950104,0.9981261491775513,0.0,0.9793785613987144
2026-04-13 14:07:11,2261,532,1,v8_7_phase_2_2_radius_105_120_reward_grid,520,169.87962902844652,206,success,115.7610855102539,14.93581771850586,0.40629085898399353,34.650997161865234,48.5619010925293,14.78372573852539,11.537092208862305,34.83558693699291,-29.862792579684253,-82.13626227906991,0.8207945753068314,0.8917139172554016,0.0,2.1605301521857756
2026-04-13 14:07:15,2261,533,1,v8_7_phase_2_2_radius_105_120_reward_grid,520,147.5189783257802,210,success,115.84777069091797,14.735553741455078,0.40629085898399353,35.627525329589844,48.5619010925293,13.77396011352539,17.230724334716797,22.64576881583866,-20.179162110304446,25.168121817831228,0.9229029411352268,0.9946233630180359,0.0,2.352393709716202
2026-04-13 14:07:19,2262,534,1,v8_7_phase_2_2_radius_105_120_reward_grid,520,134.0461486050056,213,success,124.02448272705078,14.885184288024902,0.40629085898399353,37.240970611572266,48.5619010925293,12.170204162597656,26.278297424316406,29.057533767107262,3.295327644797025,13.699220772061718,0.8741324429129536,0.9692713618278503,0.0,2.621426085533222
2026-04-13 14:07:22,2262,535,1,v8_7_phase_2_2_radius_105_120_reward_grid,520,159.05900544686085,207,success,116.62672424316406,14.823205947875977,0.40629085898399353,35.436248779296875,48.5619010925293,13.963592529296875,21.310773849487305,15.661326653610342,-10.091730003419839,-1.3403044559742925,0.9628741762529236,0.9976022243499756,0.0,2.4983200594079373
2026-04-13 14:07:26,2262,536,1,v8_7_phase_2_2_radius_105_120_reward_grid,520,173.36016605734682,208,success,117.79320526123047,14.99303150177002,0.40629085898399353,35.474937438964844,48.5619010925293,13.933662414550781,15.417213439941406,25.366981067968858,-20.74924214183227,-21.80065414190735,0.9035823334798522,0.9673684239387512,0.0,0.8930115193888111
2026-04-13 14:07:29,2262,537,1,v8_7_phase_2_2_radius_105_120_reward_grid,520,144.31733561432208,219,success,128.9168243408203,14.755823135375977,0.40629085898399353,39.196720123291016,48.5619010925293,10.209842681884766,27.608402252197266,35.131740524310075,34.87396235484462,6.344984911092916,0.8178310524138475,0.9757899641990662,0.0,0.8185712834932684
2026-04-13 14:07:33,2262,538,1,v8_7_phase_2_2_radius_105_120_reward_grid,520,143.3690519205279,218,success,127.29925537109375,14.67680835723877,0.40629085898399353,38.7049446105957,48.5619010925293,10.703258514404297,29.45901870727539,32.65438993121143,6.014933948698621,-8.188001748707313,0.841940571349056,0.9732643961906433,0.0,3.4004276022640374
2026-04-13 14:07:37,2263,539,1,v8_7_phase_2_2_radius_105_120_reward_grid,520,132.06382472128584,212,success,120.35171508789062,14.719367027282715,0.40629085898399353,36.4547233581543,48.5619010925293,12.950302124023438,24.453636169433594,37.03142445326031,-24.57546459600193,33.111046133834726,0.7983053183727091,0.9799683094024658,0.0,2.7705821332983525
2026-04-13 14:07:41,2263,540,1,v8_7_phase_2_2_radius_105_120_reward_grid,520,171.4848769942031,211,success,118.36254119873047,14.869638442993164,0.40629085898399353,36.213592529296875,48.5619010925293,13.190670013427734,5.864803314208984,34.46596783496308,-27.901129806658034,30.353428973428365,0.8244624734241136,0.9814295172691345,0.0,1.4335778333325337
2026-04-13 14:07:44,2263,541,1,v8_7_phase_2_2_radius_105_120_reward_grid,520,134.64620058852893,215,success,121.57721710205078,14.551091194152832,0.40629085898399353,37.599483489990234,48.5619010925293,11.800582885742188,24.418981552124023,40.418047394711486,-38.91587364526683,40.239902400779215,0.7613341207688191,0.996422529220581,0.0,1.2817661331725985
2026-04-13 14:07:48,2263,542,1,v8_7_phase_2_2_radius_105_120_reward_grid,520,163.56163591580727,207,success,116.43082427978516,14.962087631225586,0.40629085898399353,35.01018142700195,48.5619010925293,14.394184112548828,15.721516609191895,17.515203918891885,2.143840780219973,-21.154227963384418,0.9536371223481056,0.9869816303253174,0.0,1.5390038660915015
2026-04-13 14:07:52,2263,543,1,v8_7_phase_2_2_radius_105_120_reward_grid,520,-199.51776970624417,242,near_miss,129.80203247070312,6.176921844482422,0.40629085898399353,46.86977005004883,48.5619010925293,2.5446853637695312,17.5906982421875,75.78167967153266,-76.56097693507444,-30.655555561174708,0.2456173535342434,0.9539360404014587,0.0,1.3611260672776055
2026-04-13 14:07:56,2263,544,1,v8_7_phase_2_2_radius_105_120_reward_grid,520,147.04572376583477,217,success,124.9743881225586,14.688736915588379,0.40629085898399353,37.62440490722656,48.5619010925293,11.811046600341797,28.447803497314453,26.70186811671427,-1.6737437258054426,-22.137841798210662,0.8933567379025225,0.8990365266799927,0.0,3.9206262493269923
2026-04-13 14:08:00,2264,545,1,v8_7_phase_2_2_radius_105_120_reward_grid,520,-152.03208218195368,239,near_miss,129.10369873046875,7.146304130554199,0.40629085898399353,46.50298309326172,48.5619010925293,2.9074363708496094,0.5679107308387756,77.1641646010566,-73.66089910405454,-33.9102977950367,0.22215835721760477,0.9652969241142273,0.0,3.5321551567293312
2026-04-13 14:08:04,2264,546,1,v8_7_phase_2_2_radius_105_120_reward_grid,520,-166.03004107050305,245,near_miss,126.01811218261719,6.032390117645264,0.40629085898399353,47.39609146118164,48.5619010925293,2.0059547424316406,-8.132463455200195,77.14804535461538,34.49330566711606,37.48756839169585,0.22243265197876533,0.9913373589515686,0.0,1.3665573719817201
2026-04-13 14:08:08,2264,547,1,v8_7_phase_2_2_radius_105_120_reward_grid,520,147.17438710572083,208,success,119.24171447753906,14.643454551696777,0.40629085898399353,35.47987747192383,48.5619010925293,13.92584228515625,22.882247924804688,26.175356154354667,3.350416962434586,35.184124660149486,0.8974481855124531,0.9858675599098206,0.0,3.0848335562483693
2026-04-13 14:08:11,2264,548,1,v8_7_phase_2_2_radius_105_120_reward_grid,520,149.9723846587796,214,success,121.42736053466797,14.591351509094238,0.40629085898399353,37.23361587524414,48.5619010925293,12.176158905029297,26.665708541870117,20.531198597863366,-17.240264899136776,-3.9122913754482838,0.9364813560840778,0.9714930057525635,0.0,3.476084794831223
2026-04-13 14:08:15,2264,549,1,v8_7_phase_2_2_radius_105_120_reward_grid,520,158.60252503291366,207,success,118.352783203125,14.83925724029541,0.40629085898399353,35.205509185791016,48.5619010925293,14.210594177246094,20.92161750793457,28.73355398911146,-22.59199302895586,-27.179819141622374,0.8768647811806769,0.9457844495773315,0.0,1.0113129906657654
2026-04-13 14:08:18,2265,550,1,v8_7_phase_2_2_radius_105_120_reward_grid,520,159.194184477458,207,success,120.51683044433594,14.918182373046875,0.40629085898399353,35.10823059082031,48.5619010925293,14.295352935791016,21.178163528442383,26.050186107625013,13.056431669271818,42.55537751054855,0.8984097266544426,0.9862127900123596,0.0,0.8379213868416782
2026-04-13 14:08:22,2265,551,1,v8_7_phase_2_2_radius_105_120_reward_grid,520,149.53612616157852,209,success,123.11907958984375,14.994765281677246,0.40629085898399353,35.97761535644531,48.5619010925293,13.423004150390625,26.48121452331543,30.043276913407258,20.152464608386158,-40.26044077961344,0.8656474944654627,0.9978526830673218,0.0,5.463082678564426
2026-04-13 14:08:25,2265,552,1,v8_7_phase_2_2_radius_105_120_reward_grid,520,163.20649382548658,208,success,120.98321533203125,14.673905372619629,0.40629085898399353,35.09954833984375,48.5619010925293,14.305805206298828,19.746076583862305,24.449599577524225,-0.7597607880814228,-39.8125408795061,0.9103257050563482,0.9781426787376404,0.0,2.477931671490764
2026-04-13 14:08:29,2265,553,1,v8_7_phase_2_2_radius_105_120_reward_grid,520,138.98638533462835,217,success,124.85408782958984,14.760751724243164,0.40629085898399353,37.7308349609375,48.5619010925293,11.677734375,26.25878143310547,31.50198675406854,-12.962159690800009,12.525526187728605,0.8526220459948047,0.9806568622589111,0.0,3.4615798601954766
2026-04-13 14:08:33,2265,554,1,v8_7_phase_2_2_radius_105_120_reward_grid,520,142.9679098289064,214,success,123.80095672607422,14.914326667785645,0.40629085898399353,37.33828353881836,48.5619010925293,12.061317443847656,26.537939071655273,39.95554796525324,-39.72167204278825,-43.8764556243395,0.7665429092379614,0.9976409077644348,0.0,2.9662595219953483
2026-04-13 14:08:36,2265,555,1,v8_7_phase_2_2_radius_105_120_reward_grid,520,154.944824939917,211,success,116.24829864501953,14.809776306152344,0.40629085898399353,36.427310943603516,48.5619010925293,12.971977233886719,13.002376556396484,30.475416152004794,-29.50318653497767,-31.752651281513423,0.8618468501454596,0.9989729523658752,0.0,2.8608189761329994
2026-04-13 14:08:40,2266,556,1,v8_7_phase_2_2_radius_105_120_reward_grid,520,134.18354389528605,214,success,122.74946594238281,14.628567695617676,0.40629085898399353,37.29296875,48.5619010925293,12.116615295410156,27.36194610595703,38.28560769432014,-33.40624690976268,25.39103528667835,0.7849320300019109,0.9767387509346008,0.0,3.763638418103833
2026-04-13 14:08:44,2266,557,1,v8_7_phase_2_2_radius_105_120_reward_grid,520,149.93872413460502,213,success,125.48214721679688,14.696330070495605,0.40629085898399353,37.10462951660156,48.5619010925293,12.294879913330078,27.790504455566406,31.03378753174792,4.3819518313644625,3.0648503817743493,0.8568634318339705,0.9992371201515198,0.0,3.5871733247166335
2026-04-13 14:08:47,2266,558,1,v8_7_phase_2_2_radius_105_120_reward_grid,520,146.3481653592711,211,success,121.52789306640625,14.918554306030273,0.40629085898399353,36.37253952026367,48.5619010925293,13.031673431396484,26.428199768066406,21.993533561426634,-10.815286946918786,7.683545320951328,0.9272261270030572,0.98824143409729,0.0,4.766603601870066
2026-04-13 14:08:51,2266,559,1,v8_7_phase_2_2_radius_105_120_reward_grid,520,166.3716713410746,212,success,122.63013458251953,14.77329158782959,0.40629085898399353,36.286865234375,48.5619010925293,13.113422393798828,22.183252334594727,22.091710700556398,-4.851068433467979,3.3889577989302637,0.9265830516340083,0.9953654408454895,0.0,2.7117577277552245
2026-04-13 14:08:54,2266,560,1,v8_7_phase_2_2_radius_105_120_reward_grid,520,151.01416852641202,214,success,125.35846710205078,14.590888023376465,0.40629085898399353,37.39950942993164,48.5619010925293,12.002437591552734,26.064992904663086,30.888922634546535,-10.117522505273099,13.516655791962801,0.8581641759542992,0.9919876456260681,0.0,3.7822434476722493
2026-04-13 14:08:58,2267,561,1,v8_7_phase_2_2_radius_105_120_reward_grid,520,139.8679581213117,218,success,124.39456939697266,14.666302680969238,0.40629085898399353,38.298736572265625,48.5619010925293,11.111042022705078,28.049413681030273,29.292871350054636,-26.160620021220364,5.505219129055372,0.8721301538700563,0.9755120873451233,0.0,4.708828418146038
2026-04-13 14:09:02,2267,562,1,v8_7_phase_2_2_radius_105_120_reward_grid,520,143.8290624173859,211,success,119.84591674804688,14.849369049072266,0.40629085898399353,36.08097839355469,48.5619010925293,13.32150650024414,18.972671508789062,32.24926750587588,-4.598490172395023,37.95650185935225,0.8457346435945357,0.9932159185409546,0.0,5.378465758526553
2026-04-13 14:09:06,2267,563,1,v8_7_phase_2_2_radius_105_120_reward_grid,520,-187.69292971447405,244,near_miss,127.96515655517578,7.404627799987793,0.40629085898399353,48.09623336791992,48.5619010925293,1.3072090148925781,4.357795715332031,77.01751360938727,-79.11579553373937,-18.363183857180015,0.224653207997805,0.9832673668861389,0.0,1.7515370489348896
2026-04-13 14:09:10,2267,564,1,v8_7_phase_2_2_radius_105_120_reward_grid,520,-160.49876446487605,246,near_miss,128.31614685058594,3.220845937728882,0.40629085898399353,48.823814392089844,48.5619010925293,0.5791244506835938,-0.14846545457839966,80.3370675082835,72.25834024855993,23.439313853989084,0.16785164342589196,0.988270103931427,0.0,3.81417542126806
2026-04-13 14:09:14,2267,565,1,v8_7_phase_2_2_radius_105_120_reward_grid,520,137.93992825963267,222,success,127.0962905883789,10.66079044342041,0.40629085898399353,40.23492431640625,48.5619010925293,9.169635772705078,26.754640579223633,39.91643488697116,-9.619833087437303,43.53604582629523,0.7669811249910862,0.9868961572647095,0.0,2.590103768662107
2026-04-13 14:09:17,2267,566,1,v8_7_phase_2_2_radius_105_120_reward_grid,520,149.16375584851767,209,success,119.35868072509766,14.681480407714844,0.40629085898399353,35.833335876464844,48.5619010925293,13.568038940429688,24.43758773803711,20.897838029867774,-12.109047719124261,-16.76403166680493,0.9342179346282343,0.9953323602676392,0.0,3.995357123116993
2026-04-13 14:09:22,2268,567,1,v8_7_phase_2_2_radius_105_120_reward_grid,520,123.76369103538197,230,success,127.68861389160156,6.894249439239502,0.40629085898399353,43.10242462158203,48.5619010925293,6.316314697265625,26.492219924926758,39.82007457816062,25.352301283895205,-35.62664237119086,0.7680592028164406,0.9482724666595459,0.0,2.398221742079727
2026-04-13 14:09:25,2268,568,1,v8_7_phase_2_2_radius_105_120_reward_grid,520,155.5999326826692,208,success,116.70830535888672,14.8439302444458,0.40629085898399353,34.595542907714844,48.5619010925293,14.814239501953125,17.099605560302734,17.915569117470522,-6.672090781294465,-33.21911680197726,0.9515108500087514,0.9647590517997742,0.0,0.6348666714851263
2026-04-13 14:09:29,2268,569,1,v8_7_phase_2_2_radius_105_120_reward_grid,520,173.21463622145015,215,success,123.29026794433594,14.761040687561035,0.40629085898399353,36.68721389770508,48.5619010925293,12.71677017211914,13.809727668762207,19.951836339253497,-5.831933544040115,0.9640128994555996,0.9399797958213509,0.982944130897522,0.0,0.6685026007764803
2026-04-13 14:09:32,2268,570,1,v8_7_phase_2_2_radius_105_120_reward_grid,520,161.33162499425148,209,success,121.16398620605469,14.993757247924805,0.40629085898399353,35.83534622192383,48.5619010925293,13.564746856689453,24.094886779785156,28.736559272346266,11.966405194724068,36.62599466941211,0.876839564310284,0.9974178075790405,0.0,1.1043829353420938
2026-04-13 14:09:36,2268,571,1,v8_7_phase_2_2_radius_105_120_reward_grid,520,127.17130937170944,227,success,124.07520294189453,9.808206558227539,0.40629085898399353,41.746402740478516,48.5619010925293,7.654441833496094,18.94760513305664,40.13871314822547,-37.12163759181784,27.115934674767953,0.764486010108828,0.997505247592926,0.0,5.23601515591632
2026-04-13 14:09:40,2269,572,1,v8_7_phase_2_2_radius_105_120_reward_grid,520,164.0208056964581,214,success,129.01527404785156,14.743136405944824,0.40629085898399353,37.087921142578125,48.5619010925293,12.31411361694336,27.69295310974121,36.6961031461477,36.93092163471815,-27.250586731612877,0.8018162886267144,0.9900870323181152,0.0,0.3342478667326154
2026-04-13 14:09:44,2269,573,1,v8_7_phase_2_2_radius_105_120_reward_grid,520,164.10220020848462,210,success,119.30245971679688,14.84218978881836,0.40629085898399353,36.033226013183594,48.5619010925293,13.368659973144531,17.9481201171875,18.584814958010465,3.293960966632788,5.898503555898822,0.9478529101831308,0.9900090098381042,0.0,0.8250514093170254
2026-04-13 14:09:47,2269,574,1,v8_7_phase_2_2_radius_105_120_reward_grid,520,153.8869886885247,208,success,121.5336685180664,14.95086669921875,0.40629085898399353,35.000064849853516,48.5619010925293,14.403213500976562,22.726255416870117,21.94647697313983,21.93988754813806,-33.11097441684844,0.927533389855847,0.9896979331970215,0.0,3.747879471852221
2026-04-13 14:09:51,2269,575,1,v8_7_phase_2_2_radius_105_120_reward_grid,520,164.5230915634298,213,success,115.47183990478516,14.970592498779297,0.40629085898399353,36.97816848754883,48.5619010925293,12.427005767822266,0.8884516358375549,23.562236768481803,-23.60298055442822,-4.067990660220602,0.9166263976429754,0.9818106293678284,0.0,0.7246790851785749
2026-04-13 14:09:54,2269,576,1,v8_7_phase_2_2_radius_105_120_reward_grid,520,143.30488201583304,214,success,123.37357330322266,14.753985404968262,0.40629085898399353,37.020809173583984,48.5619010925293,12.396583557128906,26.938255310058594,20.025556278512738,-7.036480092854177,8.064576815310598,0.9395399722370222,0.9531928896903992,0.0,4.4665031709141845
2026-04-13 14:10:02,2270,577,1,v8_7_phase_2_2_radius_105_120_reward_grid,520,-607.2207153024883,416,wrong_way,117.40458679199219,222.52151489257812,0.40629085898399353,38.94587326049805,48.5619010925293,11.09012222290039,-57.12936019897461,128.95731832253404,118.42274873540819,-145.617228878084,-0.6287412926390997,-0.6930473446846008,0.0,2.0346539119286264
2026-04-13 14:10:05,2270,578,1,v8_7_phase_2_2_radius_105_120_reward_grid,520,153.37340138726262,211,success,118.5218276977539,14.99853229522705,0.40629085898399353,35.6668815612793,48.5619010925293,13.73934555053711,15.736016273498535,35.097733012432585,-4.042201573461926,40.891222409842456,0.8181724676707784,0.9789223670959473,0.0,3.666682588116764
2026-04-13 14:10:09,2270,579,1,v8_7_phase_2_2_radius_105_120_reward_grid,520,166.11714247848616,213,success,128.51943969726562,14.885250091552734,0.40629085898399353,36.07705307006836,48.5619010925293,13.341102600097656,27.191320419311523,33.50606670938783,15.938929447141756,24.241277100291544,0.8338273760674247,0.9396375417709351,0.0,0.5718294244272929
2026-04-13 14:10:14,2270,580,1,v8_7_phase_2_2_radius_105_120_reward_grid,520,-403.88446022595815,306,near_miss,126.5525131225586,14.779455184936523,0.40629085898399353,47.856937408447266,48.5619010925293,1.9530525207519531,7.712878704071045,75.19194064802625,-177.27171326575143,-74.00632226094959,0.25558175093969343,-0.11819370090961456,0.0,2.0631168608008514
2026-04-13 14:10:17,2270,581,1,v8_7_phase_2_2_radius_105_120_reward_grid,520,164.61776240240832,205,success,116.58356475830078,14.949419021606445,0.40629085898399353,34.54354476928711,48.5619010925293,14.856201171875,15.773578643798828,9.111948758491618,-0.898092609341691,-39.33822180768915,0.9873808021771369,0.9987506866455078,0.0,3.3289115407770593
2026-04-13 14:10:21,2271,582,1,v8_7_phase_2_2_radius_105_120_reward_grid,520,141.255908934655,214,success,127.21993255615234,14.560858726501465,0.40629085898399353,37.30138397216797,48.5619010925293,12.100811004638672,27.82630157470703,28.304594203572567,26.317634117407913,-10.715529472769811,0.8804393363997748,0.9899072647094727,0.0,1.4043074182616095
2026-04-13 14:10:25,2271,583,1,v8_7_phase_2_2_radius_105_120_reward_grid,520,140.0129864336509,211,success,119.64629364013672,14.549038887023926,0.40629085898399353,36.32937240600586,48.5619010925293,13.07382583618164,23.477954864501953,27.72569639782626,-25.53535035365155,24.61031051360004,0.8851850612198015,0.9933308959007263,0.0,4.277463331038799
2026-04-13 14:10:28,2271,584,1,v8_7_phase_2_2_radius_105_120_reward_grid,520,140.90502297242654,211,success,119.95085144042969,14.777329444885254,0.40629085898399353,36.40938949584961,48.5619010925293,12.989906311035156,24.680307388305664,28.563808420311013,-25.41433818457914,23.290984343331207,0.8782851718165854,0.999774158000946,0.0,2.549694002166532
2026-04-13 14:10:32,2271,585,1,v8_7_phase_2_2_radius_105_120_reward_grid,520,151.11894930779235,214,success,122.94377136230469,14.94060230255127,0.40629085898399353,36.67335891723633,48.5619010925293,12.758411407470703,20.69388771057129,8.173730068436571,-2.3323806817387704,2.3172556547086005,0.9898415217801579,0.9152409434318542,0.0,4.484281504183531
2026-04-13 14:10:35,2271,586,1,v8_7_phase_2_2_radius_105_120_reward_grid,520,156.88554337357147,209,success,122.6314468383789,14.964534759521484,0.40629085898399353,35.36625671386719,48.5619010925293,14.036357879638672,23.59823989868164,22.832516433030566,22.766763909438144,24.12300212952902,0.9216430807572279,0.9888200163841248,0.0,3.240308139347495
2026-04-13 14:10:39,2271,587,1,v8_7_phase_2_2_radius_105_120_reward_grid,520,129.07072022585336,220,success,126.30158233642578,14.697122573852539,0.40629085898399353,39.31017303466797,48.5619010925293,10.092113494873047,24.563854217529297,40.32967157704069,-40.29350231029089,1.1781915168496266,0.7623332765446857,0.9939091205596924,0.0,3.5418173350721474
2026-04-13 14:10:43,2272,588,1,v8_7_phase_2_2_radius_105_120_reward_grid,520,137.1730443272617,213,success,124.46951293945312,14.924155235290527,0.40629085898399353,36.891902923583984,48.5619010925293,12.510734558105469,27.987150192260742,37.95437767052037,14.806439686524037,-34.96579424823545,0.7885007302650833,0.9941795468330383,0.0,3.753640553651047
2026-04-13 14:10:47,2272,589,1,v8_7_phase_2_2_radius_105_120_reward_grid,520,137.32867336041667,221,success,125.03958129882812,12.579296112060547,0.40629085898399353,38.83422088623047,48.5619010925293,10.575523376464844,24.717119216918945,39.099335941467956,-23.775463321538552,-27.530935261190635,0.7760537165519571,0.9736393690109253,0.0,4.13559305826445
2026-04-13 14:10:50,2272,590,1,v8_7_phase_2_2_radius_105_120_reward_grid,520,149.21170761539352,210,success,122.97249603271484,14.831744194030762,0.40629085898399353,35.750064849853516,48.5619010925293,13.659210205078125,25.02297592163086,13.688408582605588,4.006532618068827,-8.421036704130747,0.9715970144612395,0.9714127779006958,0.0,2.165622091034186
2026-04-13 14:10:54,2272,591,1,v8_7_phase_2_2_radius_105_120_reward_grid,520,133.86534661599322,219,success,128.0198211669922,14.796891212463379,0.40629085898399353,38.948753356933594,48.5619010925293,10.468090057373047,28.59315299987793,36.88775483916368,8.6367682290656,13.362512082773954,0.7998129610573895,0.9559805393218994,0.0,5.046292067091934
2026-04-13 14:10:58,2272,592,1,v8_7_phase_2_2_radius_105_120_reward_grid,520,132.7513438466532,224,success,128.80409240722656,14.508162498474121,0.40629085898399353,40.0137825012207,48.5619010925293,9.399417877197266,25.205461502075195,34.25649617840255,-33.4105021176156,3.241449405076672,0.8265259331594956,0.9617036581039429,0.0,3.4119997300377936
2026-04-13 14:11:02,2273,593,1,v8_7_phase_2_2_radius_105_120_reward_grid,520,171.33063153656573,212,success,120.70455932617188,14.872163772583008,0.40629085898399353,35.604736328125,48.5619010925293,13.799850463867188,6.8086748123168945,15.12945299275228,-14.648501807251247,-9.901991617145116,0.9653385905374366,0.9821959137916565,0.0,0.3755746938084026
2026-04-13 14:11:05,2273,594,1,v8_7_phase_2_2_radius_105_120_reward_grid,520,158.80638714061752,215,success,126.99991607666016,14.675995826721191,0.40629085898399353,37.28166198730469,48.5619010925293,12.125518798828125,24.919391632080078,37.99402350355771,32.705602689608185,24.913637507093014,0.7880749686853259,0.9777997732162476,0.0,1.2635123282969347
2026-04-13 14:11:10,2273,595,1,v8_7_phase_2_2_radius_105_120_reward_grid,520,-162.3853920551079,240,near_miss,127.13699340820312,7.30205774307251,0.40629085898399353,47.1619758605957,48.5619010925293,2.2390174865722656,-7.014873504638672,76.81958838761864,-74.81655345124236,-38.544618712930784,0.22801800780665238,0.9959157109260559,0.0,2.7180619208339762
2026-04-13 14:11:13,2273,596,1,v8_7_phase_2_2_radius_105_120_reward_grid,520,142.49916872381755,220,success,126.19791412353516,14.735431671142578,0.40629085898399353,39.103946685791016,48.5619010925293,10.313392639160156,29.008560180664062,30.60373491594182,-1.5820191944506372,6.9891511507742194,0.8607088425059854,0.9509715437889099,0.0,4.4751385382141
2026-04-13 14:11:17,2273,597,1,v8_7_phase_2_2_radius_105_120_reward_grid,520,138.7933048532331,211,success,123.62288665771484,14.893741607666016,0.40629085898399353,35.869483947753906,48.5619010925293,13.53531265258789,25.134628295898438,33.557979562174516,28.438556411311318,-38.2581264281946,0.8333268712642815,0.9857634902000427,0.0,4.712371948278758
2026-04-13 14:11:20,2273,598,1,v8_7_phase_2_2_radius_105_120_reward_grid,520,152.3826464457181,212,success,116.77234649658203,14.909932136535645,0.40629085898399353,36.39030075073242,48.5619010925293,13.019733428955078,14.317975044250488,24.075534022344723,-23.50168714148964,13.844563782505004,0.9130084559563929,0.9747298359870911,0.0,4.847257275706332
2026-04-13 14:11:24,2274,599,1,v8_7_phase_2_2_radius_105_120_reward_grid,520,137.8898328101653,217,success,125.76319122314453,14.661581993103027,0.40629085898399353,38.308692932128906,48.5619010925293,11.100601196289062,24.494335174560547,30.61024067112626,2.6258465896175385,7.85032914897293,0.8606510305383297,0.975843071937561,0.0,2.8743035560355183
2026-04-13 14:11:28,2274,600,1,v8_7_phase_2_2_radius_105_120_reward_grid,520,131.5629865679505,231,success,127.76226806640625,7.567291259765625,0.40629085898399353,43.00008010864258,48.5619010925293,6.416259765625,27.626279830932617,40.4295699238413,-15.198907478874847,26.49600792267738,0.761203716293284,0.9509968757629395,0.0,1.8299980331456345
2026-04-13 14:11:32,2274,601,1,v8_7_phase_2_2_radius_105_120_reward_grid,520,147.87434905713718,215,success,126.40827941894531,14.808009147644043,0.40629085898399353,37.37346649169922,48.5619010925293,12.026233673095703,27.961746215820312,37.661471838153545,11.64279851581168,-36.24427930236219,0.7916345712968684,0.9991400241851807,0.0,3.81883885180707
2026-04-13 14:11:36,2274,602,1,v8_7_phase_2_2_radius_105_120_reward_grid,520,-157.23941951868156,247,near_miss,121.90487670898438,7.329893112182617,0.40629085898399353,46.315757751464844,48.5619010925293,3.0936508178710938,-10.774637222290039,76.14308547108554,-70.94165053131071,33.89281592585605,0.23949801201160292,0.9657068252563477,0.0,0.44186798000469996
2026-04-13 14:11:40,2274,603,1,v8_7_phase_2_2_radius_105_120_reward_grid,520,159.0942218562678,209,success,124.04280853271484,14.802545547485352,0.40629085898399353,35.279930114746094,48.5619010925293,14.122814178466797,22.610197067260742,24.01037914030468,21.664560915147554,32.725000426851025,0.913471762241043,0.988510012626648,0.0,3.1054100830146183
2026-04-13 14:11:44,2275,604,1,v8_7_phase_2_2_radius_105_120_reward_grid,520,137.14093399816173,211,success,121.91609191894531,14.92165470123291,0.40629085898399353,36.49305725097656,48.5619010925293,12.91171646118164,27.125211715698242,25.124835493966273,-2.9091242031321745,-11.980214983452187,0.905384839978065,0.9890613555908203,0.0,3.917993792500268
2026-04-13 14:11:47,2275,605,1,v8_7_phase_2_2_radius_105_120_reward_grid,520,153.21687849623578,209,success,117.73096466064453,14.909598350524902,0.40629085898399353,35.74418258666992,48.5619010925293,13.656749725341797,23.96095085144043,17.850520103362612,-17.509620239245397,-1.7781143524085266,0.9518594782184128,0.994766116142273,0.0,0.961234163032037
2026-04-13 14:11:51,2275,606,1,v8_7_phase_2_2_radius_105_120_reward_grid,520,163.43258574965716,214,success,125.34141540527344,14.825093269348145,0.40629085898399353,37.21177673339844,48.5619010925293,12.191802978515625,23.255067825317383,30.798729986556516,19.260318959377432,14.801491214470362,0.8589712466188475,0.9865021705627441,0.0,2.831588300557244
2026-04-13 14:11:54,2275,607,1,v8_7_phase_2_2_radius_105_120_reward_grid,520,156.56671297651525,207,success,118.55422973632812,14.982337951660156,0.40629085898399353,34.865848541259766,48.5619010925293,14.533958435058594,20.589475631713867,13.568501196631429,-4.446599998745456,-18.14227504885429,0.9720901249100252,0.9993249773979187,0.0,3.1004282379296773
2026-04-13 14:11:58,2275,608,1,v8_7_phase_2_2_radius_105_120_reward_grid,520,-154.48957160105627,237,near_miss,128.19180297851562,7.486105442047119,0.40629085898399353,45.621639251708984,48.5619010925293,3.7918243408203125,-0.2482953518629074,76.31836861575559,-73.51991033920713,-44.87997433795445,0.23652666222386626,0.9575670957565308,0.0,3.758452999947747
2026-04-13 14:12:02,2275,609,1,v8_7_phase_2_2_radius_105_120_reward_grid,520,-162.9296250277576,242,near_miss,126.92250061035156,8.051189422607422,0.40629085898399353,47.32527542114258,48.5619010925293,2.083404541015625,-5.264570713043213,76.92311356486852,-27.677922639676602,24.365135750700556,0.2262583794943258,0.9772214889526367,0.0,5.417779358198479
2026-04-13 14:12:06,2276,610,1,v8_7_phase_2_2_radius_105_120_reward_grid,520,145.65068128964,209,success,117.98041534423828,14.74956226348877,0.40629085898399353,35.62971496582031,48.5619010925293,13.769721984863281,23.851600646972656,21.75241934598872,-13.978865792154965,41.333746951072996,0.9287939050510874,0.9999085664749146,0.0,2.0651507009323833
2026-04-13 14:12:10,2276,611,1,v8_7_phase_2_2_radius_105_120_reward_grid,520,134.5739587366098,229,success,125.6748275756836,9.104325294494629,0.40629085898399353,42.36675262451172,48.5619010925293,7.032794952392578,21.95536231994629,40.47780130466534,-35.05083351849669,33.396916871356446,0.7606575308832358,0.9996525645256042,0.0,1.3691885693389654
2026-04-13 14:12:14,2276,612,1,v8_7_phase_2_2_radius_105_120_reward_grid,520,162.8952555265808,214,success,126.53034973144531,14.51841926574707,0.40629085898399353,37.299072265625,48.5619010925293,12.105049133300781,28.85091781616211,29.698280643335327,28.59258742237886,-15.350296914280888,0.86864638198624,0.9820647835731506,0.0,2.724275720917744
2026-04-13 14:12:17,2276,613,1,v8_7_phase_2_2_radius_105_120_reward_grid,520,143.9096786515428,211,success,121.52874755859375,14.899377822875977,0.40629085898399353,36.10474395751953,48.5619010925293,13.297191619873047,26.048324584960938,31.574161363028065,7.406819352954615,36.92897161571012,0.8519631490774454,0.9954289197921753,0.0,3.237195853157198
2026-04-13 14:12:21,2276,614,1,v8_7_phase_2_2_radius_105_120_reward_grid,520,149.43905939309198,212,success,121.23771667480469,14.865692138671875,0.40629085898399353,36.73598861694336,48.5619010925293,12.664730072021484,22.18427276611328,27.313252009700452,-26.58714313677286,2.3436310705188395,0.8885111272806777,0.9971469640731812,0.0,2.7349743380251073
2026-04-13 14:12:25,2277,615,1,v8_7_phase_2_2_radius_105_120_reward_grid,520,146.7637664874315,211,success,123.56842041015625,14.898564338684082,0.40629085898399353,35.809913635253906,48.5619010925293,13.598060607910156,24.810693740844727,35.29535087568856,32.48716640976201,-43.253398938061764,0.8161844762209788,0.9808313846588135,0.0,2.6954178966308646
2026-04-13 14:12:28,2277,616,1,v8_7_phase_2_2_radius_105_120_reward_grid,520,149.44062970764088,213,success,125.91368103027344,14.542630195617676,0.40629085898399353,36.82194519042969,48.5619010925293,12.58481216430664,26.597679138183594,35.03969689505498,15.434540467503824,26.125669943237412,0.8187544501413978,0.9770309925079346,0.0,1.3254372018331015
2026-04-13 14:12:32,2277,617,1,v8_7_phase_2_2_radius_105_120_reward_grid,520,156.906055866743,214,success,117.35790252685547,14.899208068847656,0.40629085898399353,36.37449264526367,48.5619010925293,13.05014419555664,4.905179977416992,7.878957033105393,-7.411215433459164,-0.31660485455905213,0.9905598755627392,0.9336768984794617,0.0,1.7777346076867933
2026-04-13 14:12:35,2277,618,1,v8_7_phase_2_2_radius_105_120_reward_grid,520,145.97645782851765,210,success,119.03610229492188,14.812359809875488,0.40629085898399353,35.87557601928711,48.5619010925293,13.525184631347656,25.178924560546875,21.58446499429811,-8.160605006172746,-14.997495445534925,0.9298762638970477,0.9940552115440369,0.0,3.1335263632774613
2026-04-13 14:12:39,2277,619,1,v8_7_phase_2_2_radius_105_120_reward_grid,520,165.0490186968754,207,success,118.00570678710938,14.785503387451172,0.40629085898399353,35.14197540283203,48.5619010925293,14.25809097290039,18.11964225769043,17.598450264495998,3.446737570770575,-29.682448264839238,0.9531988459411703,0.9975979328155518,0.0,1.192682193989642
2026-04-13 14:12:42,2277,620,1,v8_7_phase_2_2_radius_105_120_reward_grid,520,149.34143585257027,207,success,118.51593017578125,14.940225601196289,0.40629085898399353,35.03550720214844,48.5619010925293,14.365116119384766,19.104001998901367,16.066524211026763,7.809619513972362,-21.593269108138255,0.9609410147796071,0.9983855485916138,0.0,3.559474125195325
2026-04-13 14:12:46,2278,621,1,v8_7_phase_2_2_radius_105_120_reward_grid,520,140.98065625302036,210,success,117.32122802734375,14.883763313293457,0.40629085898399353,35.53264236450195,48.5619010925293,13.872238159179688,22.242469787597656,14.291497210844788,-14.051614990778416,9.460460868438812,0.9690523758014695,0.982458233833313,0.0,3.0667924952425407
2026-04-13 14:12:50,2278,622,1,v8_7_phase_2_2_radius_105_120_reward_grid,520,134.6378342144756,218,success,127.35533905029297,13.67679214477539,0.40629085898399353,38.93276596069336,48.5619010925293,10.466949462890625,28.6060848236084,40.1381838085648,-23.751902583996593,-22.686502356501325,0.7644919657275675,0.9993340969085693,0.0,2.717075968082474
2026-04-13 14:12:54,2278,623,1,v8_7_phase_2_2_radius_105_120_reward_grid,520,128.99861925993636,221,success,128.07559204101562,14.758157730102539,0.40629085898399353,39.61437225341797,48.5619010925293,9.792671203613281,25.22939109802246,38.876863019822295,-37.86465972067767,-6.1505550386320404,0.7784966668993872,0.9825459122657776,0.0,5.331874720107944
2026-04-13 14:12:57,2278,624,1,v8_7_phase_2_2_radius_105_120_reward_grid,520,153.06929459311095,207,success,119.36937713623047,14.924690246582031,0.40629085898399353,34.697471618652344,48.5619010925293,14.71331787109375,20.296619415283203,21.405759924853893,19.845910350510355,32.16374329218357,0.9310191302212153,0.970158576965332,0.0,3.96169782218101
2026-04-13 14:13:01,2278,625,1,v8_7_phase_2_2_radius_105_120_reward_grid,520,152.37162112863606,207,success,117.85002136230469,14.839462280273438,0.40629085898399353,34.7804069519043,48.5619010925293,14.634872436523438,19.290433883666992,7.003506927749117,-3.8610252561986376,-2.8410935980081433,0.9925386904720952,0.9608153700828552,0.0,2.6745458377838554
2026-04-13 14:13:04,2278,626,1,v8_7_phase_2_2_radius_105_120_reward_grid,520,166.80253865909097,210,success,116.98640441894531,14.953442573547363,0.40629085898399353,35.017173767089844,48.5619010925293,14.400753021240234,10.303335189819336,15.372040821503623,0.4981081938092818,13.43982470153662,0.9642248754418405,0.9491609930992126,0.0,3.4875558346770488
2026-04-13 14:13:08,2279,627,1,v8_7_phase_2_2_radius_105_120_reward_grid,520,160.44004931867212,210,success,123.01278686523438,14.708702087402344,0.40629085898399353,35.0134391784668,48.5619010925293,14.397724151611328,17.677499771118164,23.844880241620686,11.14385319694225,30.876170671366122,0.91464328693253,0.9647532105445862,0.0,2.8315047583571737
2026-04-13 14:13:12,2279,628,1,v8_7_phase_2_2_radius_105_120_reward_grid,520,-162.6408188401591,242,near_miss,122.67023468017578,7.947632312774658,0.40629085898399353,47.30624771118164,48.5619010925293,2.0934715270996094,-7.104403972625732,76.34165956082533,64.70479306430781,-42.9860789943258,0.23613167355730613,0.9995953440666199,0.0,4.320721120129391
2026-04-13 14:13:16,2279,629,1,v8_7_phase_2_2_radius_105_120_reward_grid,520,163.83753004077843,210,success,116.29818725585938,14.856032371520996,0.40629085898399353,35.08548355102539,48.5619010925293,14.331314086914062,10.153447151184082,16.73198612676652,8.741005453536458,14.876341550037239,0.9576619227860771,0.9490119218826294,0.0,0.6835139264328526
2026-04-13 14:13:24,2279,630,1,v8_7_phase_2_2_radius_105_120_reward_grid,520,-659.4234413064813,497,low_agl,117.95809173583984,67.19804382324219,0.40629085898399353,0.2957106828689575,48.5619010925293,49.69707107543945,-12.082015991210938,85.28252061834459,84.06487547424973,-21.551326623992498,0.08224255173175295,-0.5789773464202881,0.0,4.0899751502447215
2026-04-13 14:13:28,2280,631,1,v8_7_phase_2_2_radius_105_120_reward_grid,520,157.59911347552054,209,success,116.8764419555664,14.805008888244629,0.40629085898399353,35.6838493347168,48.5619010925293,13.722171783447266,16.359922409057617,34.6516192067932,-33.81840101484876,44.28534831409689,0.8226244498559687,0.9758694171905518,0.0,0.8118464692230025
2026-04-13 14:13:32,2280,632,1,v8_7_phase_2_2_radius_105_120_reward_grid,520,142.5934528782975,209,success,119.25469970703125,14.687013626098633,0.40629085898399353,35.75876998901367,48.5619010925293,13.644947052001953,23.462438583374023,16.980768937095064,-7.928527984780406,10.522940336290253,0.9564028353015346,0.991893470287323,0.0,4.401007597422643
2026-04-13 14:13:35,2280,633,1,v8_7_phase_2_2_radius_105_120_reward_grid,520,140.73412218693414,216,success,125.53929138183594,14.4429349899292,0.40629085898399353,37.9814453125,48.5619010925293,11.422374725341797,28.48799705505371,33.96647268586547,-3.64513194115782,13.881352035148339,0.8293646490486138,0.9914164543151855,0.0,3.606127594057002
2026-04-13 14:13:39,2280,634,1,v8_7_phase_2_2_radius_105_120_reward_grid,520,142.96123025685455,210,success,117.76033020019531,14.80150318145752,0.40629085898399353,36.132957458496094,48.5619010925293,13.266857147216797,20.83077049255371,24.400259998507348,-21.610990033939853,-3.750350578435043,0.9106817861991245,0.9993941783905029,0.0,2.861633475335979
2026-04-13 14:13:42,2280,635,1,v8_7_phase_2_2_radius_105_120_reward_grid,520,157.65655807060767,207,success,118.70405578613281,14.967925071716309,0.40629085898399353,35.05942153930664,48.5619010925293,14.340930938720703,21.857351303100586,17.159583289566,-1.1509709718513044,23.56668834427336,0.9554867182732563,0.9984849095344543,0.0,2.5846867327682923
2026-04-13 14:13:46,2280,636,1,v8_7_phase_2_2_radius_105_120_reward_grid,520,149.02632889394548,213,success,124.09525299072266,14.513949394226074,0.40629085898399353,37.16404342651367,48.5619010925293,12.24477767944336,27.157697677612305,29.947230793298537,-30.768455173060435,17.100988804223753,0.8664855346234095,0.9730020761489868,0.0,4.385891136866471
2026-04-13 14:13:50,2281,637,1,v8_7_phase_2_2_radius_105_120_reward_grid,520,155.88087725958007,213,success,127.65959167480469,14.778677940368652,0.40629085898399353,35.92247772216797,48.5619010925293,13.483360290527344,26.02569007873535,35.81312702609972,22.127091080457063,-40.159975527111726,0.8109297781522087,0.977714478969574,0.0,2.6666114590033034
2026-04-13 14:13:53,2281,638,1,v8_7_phase_2_2_radius_105_120_reward_grid,520,156.51666830821074,207,success,117.69950103759766,14.844099998474121,0.40629085898399353,34.75663757324219,48.5619010925293,14.648773193359375,17.119901657104492,21.06137495671268,-10.180103259769695,-40.4039908653996,0.9331960089662504,0.9780429005622864,0.0,0.575675828893329
2026-04-13 14:13:57,2281,639,1,v8_7_phase_2_2_radius_105_120_reward_grid,520,-144.69618004360882,225,near_miss,116.8465805053711,16.348655700683594,0.40629085898399353,39.68071365356445,48.5619010925293,9.767158508300781,-8.39236068725586,76.07735856070252,-71.34669440947081,95.87283820947609,0.24061161947416587,0.8615933656692505,0.0,1.0862806580164488
2026-04-13 14:14:00,2281,640,1,v8_7_phase_2_2_radius_105_120_reward_grid,520,142.9606701836146,216,success,125.94075775146484,14.589168548583984,0.40629085898399353,37.666404724121094,48.5619010925293,11.734317779541016,26.118309020996094,39.40921479392226,-29.090591882690124,-30.249511060301206,0.7726314807516732,0.9957295656204224,0.0,2.1888517387438795
2026-04-13 14:14:04,2281,641,1,v8_7_phase_2_2_radius_105_120_reward_grid,520,160.8486697433165,215,success,126.50236511230469,14.814496994018555,0.40629085898399353,37.23972702026367,48.5619010925293,12.162513732910156,15.049773216247559,33.42540900547915,-15.067018233549193,-18.567952928496997,0.8346036590410763,0.9900248050689697,0.0,0.5950967725692287
2026-04-13 14:14:08,2282,642,1,v8_7_phase_2_2_radius_105_120_reward_grid,520,132.82776652010648,218,success,125.8924331665039,14.466955184936523,0.40629085898399353,38.05995178222656,48.5619010925293,11.349163055419922,26.458534240722656,32.47268640872158,-22.219865539953346,-13.863627694252157,0.8436474871947062,0.9741536378860474,0.0,3.7238435660593794
2026-04-13 14:14:12,2282,643,1,v8_7_phase_2_2_radius_105_120_reward_grid,520,168.67715387329682,214,success,117.88578033447266,14.964057922363281,0.40629085898399353,36.095924377441406,48.5619010925293,13.322284698486328,3.130481004714966,15.084402772534167,-0.5330249746200332,8.380438913477837,0.9655435104169499,0.9460997581481934,0.0,3.119594288627226
2026-04-13 14:14:15,2282,644,1,v8_7_phase_2_2_radius_105_120_reward_grid,520,137.7535097122378,216,success,127.56198120117188,14.874651908874512,0.40629085898399353,37.536930084228516,48.5619010925293,11.87624740600586,29.380346298217773,25.34125345291271,18.463411760608075,7.976338455196849,0.903774614014734,0.9656844139099121,0.0,3.3055561016213044
2026-04-13 14:14:19,2282,645,1,v8_7_phase_2_2_radius_105_120_reward_grid,520,134.697582863982,211,success,118.4717025756836,14.729436874389648,0.40629085898399353,36.21708679199219,48.5619010925293,13.186546325683594,17.39842414855957,35.54692040319847,-34.708883512794586,44.56920756090804,0.813639698763135,0.9874392151832581,0.0,2.200191765262576
2026-04-13 14:14:22,2282,646,1,v8_7_phase_2_2_radius_105_120_reward_grid,520,134.0642565262141,221,success,126.68110656738281,11.780047416687012,0.40629085898399353,39.79951858520508,48.5619010925293,9.600761413574219,27.63836669921875,39.59911795851071,-39.03422374811022,-33.781296012182665,0.7705230555260255,0.9951233267784119,0.0,0.31818466817643876
2026-04-13 14:14:26,2282,647,1,v8_7_phase_2_2_radius_105_120_reward_grid,520,139.7640126050834,216,success,122.01272583007812,14.698124885559082,0.40629085898399353,37.24457931518555,48.5619010925293,12.184009552001953,22.265684127807617,13.1600029502986,-9.457230188961395,-4.552151607744718,0.9737380728629348,0.922642171382904,0.0,3.8224597389716615
2026-04-13 14:14:30,2283,648,1,v8_7_phase_2_2_radius_105_120_reward_grid,520,130.30699059253223,224,success,129.07818603515625,10.460705757141113,0.40629085898399353,40.742286682128906,48.5619010925293,8.661060333251953,29.08720588684082,40.518744873644984,37.407279518002355,40.997776775989244,0.7601934516398052,0.9933133721351624,0.0,5.577444156892255
2026-04-13 14:14:34,2283,649,1,v8_7_phase_2_2_radius_105_120_reward_grid,520,139.81704382333132,214,success,124.70976257324219,14.698102951049805,0.40629085898399353,37.07881164550781,48.5619010925293,12.33401870727539,27.586204528808594,20.21673839602327,20.37772424721318,-5.257629040510641,0.9383921072547289,0.9691507816314697,0.0,5.693405046074024
2026-04-13 14:14:38,2283,650,1,v8_7_phase_2_2_radius_105_120_reward_grid,520,136.0002591823304,220,success,128.0934295654297,14.442432403564453,0.40629085898399353,38.91815185546875,48.5619010925293,10.492595672607422,28.08231544494629,31.84032700479429,-4.149023170759987,-5.941529905688494,0.8495215904575889,0.9742884635925293,0.0,3.831156953199081
2026-04-13 14:14:41,2283,651,1,v8_7_phase_2_2_radius_105_120_reward_grid,520,142.7976185666756,208,success,116.43891906738281,14.928834915161133,0.40629085898399353,35.224178314208984,48.5619010925293,14.176807403564453,21.709280014038086,21.869941288395253,-21.198127296727385,33.95560585489598,0.9280318043567357,0.9966415762901306,0.0,5.450441916971626
2026-04-13 14:14:45,2283,652,1,v8_7_phase_2_2_radius_105_120_reward_grid,520,139.2539382613438,213,success,121.37879180908203,14.892051696777344,0.40629085898399353,37.09053039550781,48.5619010925293,12.31292724609375,22.778564453125,30.29153379916971,-27.007664223592204,13.24297694210956,0.8634700917362925,0.9917172789573669,0.0,3.308106108532337
2026-04-13 14:14:49,2284,653,1,v8_7_phase_2_2_radius_105_120_reward_grid,520,143.49351430225414,209,success,118.85823822021484,14.831377983093262,0.40629085898399353,35.72129821777344,48.5619010925293,13.705879211425781,21.389759063720703,28.654634568346548,-7.445660077443539,25.64198326697379,0.8775261182316932,0.9215354919433594,0.0,2.1064423920706057
2026-04-13 14:14:52,2284,654,1,v8_7_phase_2_2_radius_105_120_reward_grid,520,140.58141430349605,211,success,119.3306884765625,14.584809303283691,0.40629085898399353,36.13855743408203,48.5619010925293,13.263397216796875,22.56904411315918,29.98266239961798,-18.13708239753779,33.068668225129386,0.8661766632385594,0.9917975664138794,0.0,1.9755185942098208
2026-04-13 14:14:56,2284,655,1,v8_7_phase_2_2_radius_105_120_reward_grid,520,142.5265494271093,208,success,118.06353759765625,14.825650215148926,0.40629085898399353,35.4017448425293,48.5619010925293,13.998497009277344,23.43324089050293,21.133641773226,4.4241226999605905,33.396626588316714,0.9327419983956327,0.9989378452301025,0.0,5.586040760817055
2026-04-13 14:15:00,2284,656,1,v8_7_phase_2_2_radius_105_120_reward_grid,520,124.53872047639598,232,success,128.83885192871094,7.12837553024292,0.40629085898399353,43.762813568115234,48.5619010925293,5.6378173828125,26.10393714904785,40.416192998351825,-40.15441233803275,-33.67518902342652,0.761355104741994,0.9978999495506287,0.0,3.447846875642
2026-04-13 14:15:03,2284,657,1,v8_7_phase_2_2_radius_105_120_reward_grid,520,142.95518495151282,207,success,119.43392944335938,14.998453140258789,0.40629085898399353,34.9417839050293,48.5619010925293,14.463287353515625,21.643022537231445,17.807377213470225,10.866346026059215,-23.207698724139366,0.9520900245420395,0.9892973303794861,0.0,3.7766198154953585
2026-04-13 14:15:07,2284,658,1,v8_7_phase_2_2_radius_105_120_reward_grid,520,149.98440614879726,216,success,124.97728729248047,14.51162052154541,0.40629085898399353,37.06418991088867,48.5619010925293,12.364768981933594,27.82980728149414,29.73947692931426,1.8635114605492555,23.64486327441874,0.8682899360757366,0.9130874276161194,0.0,1.4833688441890087
2026-04-13 14:15:11,2285,659,1,v8_7_phase_2_2_radius_105_120_reward_grid,520,146.5648654984164,209,success,120.02936553955078,14.880051612854004,0.40629085898399353,35.45201873779297,48.5619010925293,13.95584487915039,21.98601722717285,33.35626358541653,-33.272685975637664,44.07512192163307,0.8352678264027786,0.9740810990333557,0.0,1.3368967708092023
2026-04-13 14:15:14,2285,660,1,v8_7_phase_2_2_radius_105_120_reward_grid,520,156.9836839925694,211,success,121.77660369873047,14.634953498840332,0.40629085898399353,35.4825325012207,48.5619010925293,13.937541961669922,22.191171646118164,21.538166557009177,-1.720445998029051,18.331758156808785,0.9301732233461533,0.9382814168930054,0.0,3.6047861766343914
2026-04-13 14:15:18,2285,661,1,v8_7_phase_2_2_radius_105_120_reward_grid,520,151.96685975970874,209,success,116.56016540527344,14.731898307800293,0.40629085898399353,35.797332763671875,48.5619010925293,13.603290557861328,22.60393714904785,23.48297583825839,-15.682667579672048,24.32407094586315,0.9171785132857948,0.9972123503684998,0.0,2.952253930053634
2026-04-13 14:15:22,2285,662,1,v8_7_phase_2_2_radius_105_120_reward_grid,520,-157.0010852985937,238,near_miss,126.11189270019531,12.86829662322998,0.40629085898399353,43.95330810546875,48.5619010925293,5.4887847900390625,-12.762836456298828,77.61387108619941,-81.67738968006095,65.75518736619655,0.21449887230250977,0.8800594210624695,0.0,3.4086063139112786
2026-04-13 14:15:26,2285,663,1,v8_7_phase_2_2_radius_105_120_reward_grid,520,134.07874907705173,216,success,124.07711029052734,14.709358215332031,0.40629085898399353,37.9589958190918,48.5619010925293,11.44146728515625,25.99517059326172,39.22626817700347,-20.68877618465744,23.421442664025744,0.7746546432127865,0.9986289739608765,0.0,3.5404470944780355
2026-04-13 14:15:29,2286,664,1,v8_7_phase_2_2_radius_105_120_reward_grid,520,141.9336567430409,210,success,117.52603149414062,14.821036338806152,0.40629085898399353,35.685760498046875,48.5619010925293,13.714588165283203,21.781831741333008,25.86579832079135,-18.307637343754884,-39.849447806686264,0.8998183595976722,0.9978055953979492,0.0,4.6727906488205155
2026-04-13 14:15:33,2286,665,1,v8_7_phase_2_2_radius_105_120_reward_grid,520,158.32891501709614,211,success,124.9080581665039,14.929234504699707,0.40629085898399353,35.670772552490234,48.5619010925293,13.738136291503906,25.340776443481445,30.65827056136979,30.26268649521016,27.628060551188216,0.8602238801385246,0.9706499576568604,0.0,3.0039396204295725
2026-04-13 14:15:37,2286,666,1,v8_7_phase_2_2_radius_105_120_reward_grid,520,124.08461786328652,237,success,128.52442932128906,4.288675785064697,0.40629085898399353,45.524417877197266,48.5619010925293,3.90289306640625,26.792695999145508,40.20288960566691,-30.064908122508687,-38.47734476470074,0.7637634752099053,0.9196475744247437,0.0,1.4997860212107963
2026-04-13 14:15:41,2286,667,1,v8_7_phase_2_2_radius_105_120_reward_grid,520,140.60670474779175,216,success,124.97681427001953,14.451684951782227,0.40629085898399353,38.016361236572266,48.5619010925293,11.38543701171875,28.714481353759766,36.18650956236222,-0.7972126896521596,-17.70676340435406,0.8070993493874561,0.991950273513794,0.0,2.9777917403583842
2026-04-13 14:15:44,2286,668,1,v8_7_phase_2_2_radius_105_120_reward_grid,520,142.5908766342405,209,success,118.80139923095703,14.558647155761719,0.40629085898399353,35.62941360473633,48.5619010925293,13.777847290039062,23.498958587646484,19.44815428419466,9.64897238198387,18.951934210804065,0.942943159762534,0.97953200340271,0.0,2.2381215453231684
2026-04-13 14:15:48,2286,669,1,v8_7_phase_2_2_radius_105_120_reward_grid,520,141.19028385931043,221,success,128.7933807373047,14.857011795043945,0.40629085898399353,39.37409973144531,48.5619010925293,10.041736602783203,30.247468948364258,37.827363472714815,22.825563300455492,12.271817103461188,0.7898622084738331,0.9535863995552063,0.0,4.2334023463185275
2026-04-13 14:15:52,2287,670,1,v8_7_phase_2_2_radius_105_120_reward_grid,520,138.79715481332687,219,success,121.61465454101562,12.070600509643555,0.40629085898399353,38.83833312988281,48.5619010925293,10.577629089355469,19.099328994750977,40.4872406260983,-33.69244891145914,30.600237859086775,0.7605505743332098,0.9551382064819336,0.0,2.2578031722289817
2026-04-13 14:15:55,2287,671,1,v8_7_phase_2_2_radius_105_120_reward_grid,520,150.51614286039893,206,success,115.59491729736328,14.987961769104004,0.40629085898399353,34.61612319946289,48.5619010925293,14.7855224609375,20.022167205810547,7.592177880424067,2.752641794482832,13.366312229273419,0.9912335868869234,0.996229887008667,0.0,5.710543915396397
2026-04-13 14:15:59,2287,672,1,v8_7_phase_2_2_radius_105_120_reward_grid,520,134.60291131562465,230,success,128.549560546875,7.746848106384277,0.40629085898399353,42.306156158447266,48.5619010925293,7.112037658691406,17.923439025878906,40.26499310069526,-35.42581431902497,-37.666830121557425,0.7630633665940328,0.9493935108184814,0.0,4.837441199268855
2026-04-13 14:16:03,2287,673,1,v8_7_phase_2_2_radius_105_120_reward_grid,520,166.50923316462234,210,success,123.71773529052734,14.748030662536621,0.40629085898399353,35.4078369140625,48.5619010925293,13.999320983886719,23.899625778198242,25.947816939892157,19.1091105239844,27.748333352282973,0.8991929271004655,0.9741194844245911,0.0,0.7229579360698015
2026-04-13 14:16:07,2287,674,1,v8_7_phase_2_2_radius_105_120_reward_grid,520,-160.79888011244228,239,near_miss,124.75138854980469,9.557454109191895,0.40629085898399353,45.78849792480469,48.5619010925293,3.6201400756835938,-8.091341972351074,75.7944726158481,-53.89206402323319,-30.749354549046494,0.24540090815038054,0.9702162742614746,0.0,3.4916007540757406
2026-04-13 14:16:11,2288,675,1,v8_7_phase_2_2_radius_105_120_reward_grid,520,156.35359978098637,207,success,117.63964080810547,14.784025192260742,0.40629085898399353,34.64121627807617,48.5619010925293,14.76504898071289,16.167757034301758,12.729694202398626,7.073266637950219,-35.37370680584695,0.9754204750933115,0.9837908148765564,0.0,4.909402281072258
2026-04-13 14:16:15,2288,676,1,v8_7_phase_2_2_radius_105_120_reward_grid,520,-166.7748423530111,243,near_miss,126.17332458496094,9.68836784362793,0.40629085898399353,46.1186408996582,48.5619010925293,3.34375,-11.055261611938477,75.33646062067456,5.457615271861322,-89.20822648532278,0.25314236479183666,0.8219860792160034,0.0,3.3295961303940915
2026-04-13 14:16:19,2288,677,1,v8_7_phase_2_2_radius_105_120_reward_grid,520,136.72470960513445,223,success,127.34883117675781,12.883803367614746,0.40629085898399353,40.208091735839844,48.5619010925293,9.193923950195312,23.45159339904785,40.329275426068826,-17.717374103229677,8.663381207392908,0.7623377512509821,0.9959830045700073,0.0,7.053943618250379
2026-04-13 14:16:22,2288,678,1,v8_7_phase_2_2_radius_105_120_reward_grid,520,140.35922734740268,216,success,125.09681701660156,14.678932189941406,0.40629085898399353,37.809940338134766,48.5619010925293,11.591041564941406,25.3051815032959,35.94918780946096,-28.386807483064718,14.238496650432783,0.8095379476545523,0.9979260563850403,0.0,4.760922857979157
2026-04-13 14:16:26,2288,679,1,v8_7_phase_2_2_radius_105_120_reward_grid,520,153.27684603054828,215,success,124.6413803100586,14.755154609680176,0.40629085898399353,37.538116455078125,48.5619010925293,11.861469268798828,24.30750846862793,35.765182513220815,-23.217445404084973,18.896481612480024,0.8114191361669345,0.9981389045715332,0.0,0.6912199344484057
2026-04-13 14:16:29,2288,680,1,v8_7_phase_2_2_radius_105_120_reward_grid,520,158.88755638387445,208,success,118.67782592773438,14.639068603515625,0.40629085898399353,34.944915771484375,48.5619010925293,14.457660675048828,19.846248626708984,1.9386610437791438,-0.6249497692557374,-1.5735883931373145,0.99942761654514,0.9918800592422485,0.0,4.247155200130832
2026-04-13 14:16:33,2289,681,1,v8_7_phase_2_2_radius_105_120_reward_grid,520,154.5153938935926,213,success,123.64195251464844,14.464059829711914,0.40629085898399353,37.20737838745117,48.5619010925293,12.192764282226562,27.20067596435547,31.61429555459106,-6.490479039471588,17.615271312874448,0.8515961707939548,0.9984835386276245,0.0,2.006896922311815
2026-04-13 14:16:37,2289,682,1,v8_7_phase_2_2_radius_105_120_reward_grid,520,143.14983836862052,213,success,118.06884765625,14.662667274475098,0.40629085898399353,36.08928298950195,48.5619010925293,13.32796859741211,24.063404083251953,35.739296096266465,-29.003407933029496,27.8606404452582,0.811683116368063,0.9453494548797607,0.0,1.2549823814552583
2026-04-13 14:16:40,2289,683,1,v8_7_phase_2_2_radius_105_120_reward_grid,520,140.9690423808718,212,success,121.78997039794922,14.799531936645508,0.40629085898399353,36.59273147583008,48.5619010925293,12.809864044189453,25.990949630737305,37.56327079336169,-37.36885287373186,-39.20711974166534,0.792680611401918,0.9901765584945679,0.0,2.2174577133657327
2026-04-13 14:16:44,2289,684,1,v8_7_phase_2_2_radius_105_120_reward_grid,520,147.89302393075445,216,success,129.28488159179688,14.832473754882812,0.40629085898399353,36.582401275634766,48.5619010925293,12.826717376708984,28.12325096130371,39.18774932517918,39.026416841888896,-31.76464167860138,0.7750796080888277,0.9746204614639282,0.0,1.909071538152622
2026-04-13 14:16:48,2289,685,1,v8_7_phase_2_2_radius_105_120_reward_grid,520,-166.31697689365242,244,near_miss,119.76673126220703,14.30567455291748,0.40629085898399353,47.03647994995117,48.5619010925293,2.4206314086914062,-14.138972282409668,75.65319015286639,42.417226689301295,71.4204946034528,0.24779060244552611,0.8329204320907593,0.0,3.120139578814318
2026-04-13 14:16:52,2290,686,1,v8_7_phase_2_2_radius_105_120_reward_grid,520,145.61497167720674,207,success,116.08831024169922,14.948613166809082,0.40629085898399353,34.57488250732422,48.5619010925293,14.845134735107422,18.161516189575195,26.752493478842407,-13.692131035703245,40.98664356764212,0.8929593545443898,0.9362316131591797,0.0,3.108983401153329
2026-04-13 14:16:55,2290,687,1,v8_7_phase_2_2_radius_105_120_reward_grid,520,159.99317669594825,209,success,120.3160171508789,14.566189765930176,0.40629085898399353,35.52543640136719,48.5619010925293,13.87396240234375,22.97669792175293,20.22439674563015,-1.3684501714400341,-32.103432721812354,0.9383459084907426,0.9979330897331238,0.0,0.39670889906310214
2026-04-13 14:16:59,2290,688,1,v8_7_phase_2_2_radius_105_120_reward_grid,520,153.34864307559127,210,success,120.94892883300781,14.925881385803223,0.40629085898399353,35.75875473022461,48.5619010925293,13.642219543457031,20.894790649414062,21.31643641843576,-9.589909174909831,-13.08723923752316,0.9315869835085314,0.9964649081230164,0.0,3.0757596844745234
2026-04-13 14:17:03,2290,689,1,v8_7_phase_2_2_radius_105_120_reward_grid,520,147.97787505116952,212,success,118.91207122802734,14.715055465698242,0.40629085898399353,36.10560607910156,48.5619010925293,13.32086181640625,24.005250930786133,18.861039760876828,-12.87156406164896,-14.478305445965576,0.9463053988931283,0.9253186583518982,0.0,3.9408352815577627
2026-04-13 14:17:06,2290,690,1,v8_7_phase_2_2_radius_105_120_reward_grid,520,137.27361870081842,211,success,122.93866729736328,14.715328216552734,0.40629085898399353,36.24569320678711,48.5619010925293,13.155014038085938,26.07342529296875,28.53667037119126,16.944070330684585,-30.534394835487852,0.8785115421538543,0.9982917308807373,0.0,6.390873812785064
2026-04-13 14:17:10,2290,691,1,v8_7_phase_2_2_radius_105_120_reward_grid,520,150.42553108884908,215,success,125.91889953613281,14.948726654052734,0.40629085898399353,37.14298629760742,48.5619010925293,12.27529525756836,28.015945434570312,24.271466536423002,23.938124276622407,-11.170903307376438,0.9116080989482247,0.9426699280738831,0.0,1.4150842861852468
2026-04-13 14:17:14,2291,692,1,v8_7_phase_2_2_radius_105_120_reward_grid,520,154.32279932327737,208,success,117.99752044677734,14.674019813537598,0.40629085898399353,35.09635543823242,48.5619010925293,14.314617156982422,19.671236038208008,27.882857343080957,-26.918863226645577,41.65170591731543,0.8839055931679064,0.9642367959022522,0.0,3.5723264931984904
2026-04-13 14:17:17,2291,693,1,v8_7_phase_2_2_radius_105_120_reward_grid,520,143.1319298348023,209,success,119.01939392089844,14.97229290008545,0.40629085898399353,35.763492584228516,48.5619010925293,13.637825012207031,24.075742721557617,20.28238505168356,-19.406776998202723,-5.135678574201002,0.9379955517824713,0.9970133900642395,0.0,1.9021432332585457
2026-04-13 14:17:21,2291,694,1,v8_7_phase_2_2_radius_105_120_reward_grid,520,-160.2889076371622,234,near_miss,118.32038116455078,15.558818817138672,0.40629085898399353,43.34886932373047,48.5619010925293,6.0646514892578125,-7.407941818237305,76.89349786462734,-42.84985428642448,-31.051641646238334,0.22676183634505317,0.9588492512702942,0.0,1.972347960868534
2026-04-13 14:17:25,2291,695,1,v8_7_phase_2_2_radius_105_120_reward_grid,520,147.702034344682,214,success,119.83001708984375,14.674126625061035,0.40629085898399353,36.04514694213867,48.5619010925293,13.380477905273438,22.27181625366211,36.704463297691795,-24.02189313169803,-32.91813768601148,0.8017290872662121,0.9228519797325134,0.0,1.5581354822891094
2026-04-13 14:17:28,2291,696,1,v8_7_phase_2_2_radius_105_120_reward_grid,520,171.50634984859386,208,success,117.66393280029297,14.853398323059082,0.40629085898399353,34.89384078979492,48.5619010925293,14.513294219970703,15.950719833374023,9.712417155410472,9.706159848357094,-11.524999950743762,0.9856669308813165,0.975642740726471,0.0,1.0899810718890692
2026-04-13 14:17:33,2292,697,1,v8_7_phase_2_2_radius_105_120_reward_grid,520,-162.43947135194819,243,near_miss,125.46006774902344,8.314226150512695,0.40629085898399353,47.68853759765625,48.5619010925293,1.7133903503417969,-14.752327919006348,76.74347958969717,-78.62113274347954,19.61994549465153,0.22931116255599254,0.9918409585952759,0.0,4.1857072364931485
2026-04-13 14:17:36,2292,698,1,v8_7_phase_2_2_radius_105_120_reward_grid,520,172.19885464067065,216,success,121.99609375,14.9263916015625,0.40629085898399353,35.95540237426758,48.5619010925293,13.474090576171875,4.762134552001953,11.704354741932773,6.7907584879342675,-9.918051953204754,0.9792073950292574,0.9149134755134583,0.0,1.137716207904778
2026-04-13 14:17:40,2292,699,1,v8_7_phase_2_2_radius_105_120_reward_grid,520,143.08294107112377,215,success,125.96243286132812,14.675533294677734,0.40629085898399353,37.62369155883789,48.5619010925293,11.789237976074219,28.77775001525879,22.584338094443567,22.682504988289576,3.801286714170413,0.9233152304454966,0.9669411182403564,0.0,5.607281043131163
2026-04-13 14:17:43,2292,700,1,v8_7_phase_2_2_radius_105_120_reward_grid,520,152.35629583851303,215,success,124.47989654541016,14.595378875732422,0.40629085898399353,36.71687316894531,48.5619010925293,12.727153778076172,26.882043838500977,1.228919438537017,0.29673543405708835,1.5693893209016374,0.9997699856574209,0.8738828301429749,0.0,3.703839558506352
2026-04-13 14:17:47,2292,701,1,v8_7_phase_2_2_radius_105_120_reward_grid,520,142.4615655436142,208,success,120.83069610595703,14.924779891967773,0.40629085898399353,35.25197982788086,48.5619010925293,14.148120880126953,23.3450927734375,19.66830323397522,-3.978329059438552,25.317364866290593,0.941656886191955,0.9977497458457947,0.0,2.303629885138296
2026-04-13 14:17:51,2292,702,1,v8_7_phase_2_2_radius_105_120_reward_grid,520,147.65184771524218,211,success,121.36627960205078,14.692428588867188,0.40629085898399353,36.2860107421875,48.5619010925293,13.120349884033203,26.18128204345703,17.26668919348826,1.5599707034796015,4.093380607799655,0.9549335269061889,0.9844721555709839,0.0,3.5540772614189264
2026-04-13 14:17:54,2293,703,1,v8_7_phase_2_2_radius_105_120_reward_grid,520,143.61085190875343,209,success,120.72340393066406,14.56436824798584,0.40629085898399353,35.522422790527344,48.5619010925293,13.885791778564453,22.5489444732666,21.957768983385154,3.1986759857297016,-23.951294588889482,0.9274597140740972,0.9792666435241699,0.0,5.498436974037391
2026-04-13 14:17:58,2293,704,1,v8_7_phase_2_2_radius_105_120_reward_grid,520,142.3460019070962,216,success,120.8042984008789,13.353071212768555,0.40629085898399353,37.56644058227539,48.5619010925293,11.842952728271484,23.049942016601562,40.4480865666812,-31.251540792677098,38.55159233607336,0.7609940925114862,0.9707059860229492,0.0,2.065786202328263
2026-04-13 14:18:02,2293,705,1,v8_7_phase_2_2_radius_105_120_reward_grid,520,136.1414920235392,222,success,125.9990463256836,14.823410987854004,0.40629085898399353,39.155601501464844,48.5619010925293,10.259078979492188,27.790409088134766,34.26569302811997,-32.778333958985066,-8.56902470533012,0.8264355686628955,0.9635459184646606,0.0,3.492517882001333
2026-04-13 14:18:05,2293,706,1,v8_7_phase_2_2_radius_105_120_reward_grid,520,159.72713415895336,208,success,118.27245330810547,14.855973243713379,0.40629085898399353,34.89179992675781,48.5619010925293,14.508384704589844,21.538124084472656,13.5962616467393,7.378871072644569,23.461332676325913,0.9719763407267087,0.9964975714683533,0.0,1.3169258110284945
2026-04-13 14:18:09,2293,707,1,v8_7_phase_2_2_radius_105_120_reward_grid,520,151.83864957478144,208,success,119.51309967041016,14.752374649047852,0.40629085898399353,35.28498458862305,48.5619010925293,14.127952575683594,22.569917678833008,22.514840919638687,7.712483978691026,-21.808162227352486,0.9237803777426135,0.9605745673179626,0.0,4.14966474929493
2026-04-13 14:18:12,2293,708,1,v8_7_phase_2_2_radius_105_120_reward_grid,520,151.96138344827745,207,success,116.563720703125,14.6364107131958,0.40629085898399353,34.69512176513672,48.5619010925293,14.279903411865234,20.72329330444336,7.279715508916201,-1.878573308329603,-8.819930850716894,0.9919393652583619,0.9839163422584534,0.0,4.602358805043692
2026-04-13 14:18:16,2294,709,1,v8_7_phase_2_2_radius_105_120_reward_grid,520,141.45681597020774,214,success,123.31510925292969,13.6654691696167,0.40629085898399353,36.73118209838867,48.5619010925293,12.683307647705078,23.43642807006836,39.39632964205303,-34.34940382658765,40.57532957582395,0.7727742326411482,0.950888991355896,0.0,0.2803252303495818
2026-04-13 14:18:20,2294,710,1,v8_7_phase_2_2_radius_105_120_reward_grid,520,137.07429824384573,220,success,128.97994995117188,12.087261199951172,0.40629085898399353,39.2143440246582,48.5619010925293,10.190227508544922,28.406143188476562,40.152738941686096,40.19855243554395,38.753475652466015,0.764328181655,0.9896392226219177,0.0,3.141440970966619
2026-04-13 14:18:23,2294,711,1,v8_7_phase_2_2_radius_105_120_reward_grid,520,149.45682365516717,211,success,123.15308380126953,14.822628021240234,0.40629085898399353,35.660953521728516,48.5619010925293,13.744575500488281,24.793203353881836,12.366251298925786,4.364844341927696,5.4971637747029884,0.9767985935783837,0.9812455177307129,0.0,4.1134626788472435
2026-04-13 14:18:27,2294,712,1,v8_7_phase_2_2_radius_105_120_reward_grid,520,150.2989384938698,210,success,119.01184844970703,14.886184692382812,0.40629085898399353,35.84026336669922,48.5619010925293,13.576099395751953,21.158340454101562,8.93705322705698,0.20935674396383588,-2.995136561906733,0.9878596078508919,0.9600206613540649,0.0,3.1360484424469486
2026-04-13 14:18:31,2294,713,1,v8_7_phase_2_2_radius_105_120_reward_grid,520,-169.1618459294424,241,near_miss,127.84651947021484,9.145483016967773,0.40629085898399353,46.918331146240234,48.5619010925293,2.4812393188476562,-4.305976867675781,77.33888084002552,-76.085172297113,36.942382692145436,0.2191841573361407,0.9979913234710693,0.0,1.020098116866833
2026-04-13 14:18:35,2295,714,1,v8_7_phase_2_2_radius_105_120_reward_grid,520,142.58026600891446,210,success,119.41565704345703,14.866801261901855,0.40629085898399353,35.55135726928711,48.5619010925293,13.863574981689453,19.776391983032227,30.978985508942323,-31.03163943725395,27.60725750252365,0.8573561446195584,0.9581104516983032,0.0,2.401736989764971
2026-04-13 14:18:39,2295,715,1,v8_7_phase_2_2_radius_105_120_reward_grid,520,-174.11482668541362,244,near_miss,128.36056518554688,7.413745403289795,0.40629085898399353,47.139854431152344,48.5619010925293,2.260570526123047,4.367688179016113,77.21729664261014,-77.41914922315152,36.55756983430692,0.22125410616209612,0.994618833065033,0.0,0.908147131766319
2026-04-13 14:18:42,2295,716,1,v8_7_phase_2_2_radius_105_120_reward_grid,520,153.70623326108682,208,success,119.67892456054688,14.983875274658203,0.40629085898399353,34.91101837158203,48.5619010925293,14.49703598022461,21.90089988708496,25.097764039190928,23.578899014962047,36.89906221733463,0.9055853526523189,0.979953408241272,0.0,4.659278702913574
2026-04-13 14:18:46,2295,717,1,v8_7_phase_2_2_radius_105_120_reward_grid,520,148.68782477199267,211,success,122.9814682006836,14.811437606811523,0.40629085898399353,34.77898025512695,48.5619010925293,14.667015075683594,18.551925659179688,37.064813833017915,36.01981196547889,-107.40126179254132,0.797954217153587,0.8728352785110474,0.0,3.4354090434559255
2026-04-13 14:18:52,2295,718,1,v8_7_phase_2_2_radius_105_120_reward_grid,520,-740.4538299401938,372,low_agl,128.9107208251953,127.45980072021484,0.40629085898399353,0.3217405378818512,48.5619010925293,49.607643127441406,-49.66407775878906,143.23443542385502,-178.45340429405533,-139.67889848913484,-0.8010912463958393,-0.42416831851005554,0.0,3.2484306524072837
2026-04-13 14:18:56,2296,719,1,v8_7_phase_2_2_radius_105_120_reward_grid,520,138.74084915191582,215,success,121.79578399658203,14.851913452148438,0.40629085898399353,37.40827560424805,48.5619010925293,12.006187438964844,26.35194969177246,33.072786829198904,-33.60042235767697,-16.9943593059961,0.837977998398025,0.963596522808075,0.0,3.0975033969475048
2026-04-13 14:19:00,2296,720,1,v8_7_phase_2_2_radius_105_120_reward_grid,520,154.7836059538983,210,success,123.08318328857422,14.631057739257812,0.40629085898399353,35.518836975097656,48.5619010925293,13.897327423095703,23.462060928344727,33.939151929185414,29.659068527310286,-36.34115187536048,0.8296309673361528,0.9543441534042358,0.0,3.6087368890751472
2026-04-13 14:19:03,2296,721,1,v8_7_phase_2_2_radius_105_120_reward_grid,520,143.1254045797303,210,success,122.57609558105469,14.865985870361328,0.40629085898399353,35.980873107910156,48.5619010925293,13.42984390258789,26.156736373901367,18.910459594616455,17.539278628168887,-11.713702709585583,0.9460262105247845,0.9748505353927612,0.0,4.21701001484786
2026-04-13 14:19:07,2296,722,1,v8_7_phase_2_2_radius_105_120_reward_grid,520,-157.14309829273003,241,near_miss,122.23824310302734,12.726654052734375,0.40629085898399353,47.31130599975586,48.5619010925293,2.1049766540527344,-16.006479263305664,76.84262661568908,-19.981271039481665,-19.538942866189764,0.22762648881904826,0.944557785987854,0.0,2.115277921615112
2026-04-13 14:19:11,2296,723,1,v8_7_phase_2_2_radius_105_120_reward_grid,520,150.2818505309487,210,success,118.30320739746094,14.857647895812988,0.40629085898399353,35.93178176879883,48.5619010925293,13.468162536621094,21.332828521728516,23.217687875800507,-21.8653753069351,-16.07281140015776,0.9190136809940854,0.9961789846420288,0.0,0.5329662238846741
2026-04-13 14:19:14,2296,724,1,v8_7_phase_2_2_radius_105_120_reward_grid,520,141.30002591650037,213,success,122.41149139404297,14.904908180236816,0.40629085898399353,36.89567565917969,48.5619010925293,12.505252838134766,25.77617073059082,38.4274946290434,-25.118111172728394,39.20900828897085,0.7833952957984991,0.994748592376709,0.0,1.919677064172285
2026-04-13 14:19:18,2297,725,1,v8_7_phase_2_2_radius_105_120_reward_grid,520,168.79269789744853,210,success,118.96110534667969,14.900894165039062,0.40629085898399353,35.287452697753906,48.5619010925293,14.124725341796875,13.236294746398926,12.959982568002069,11.775988912174222,10.990809148209774,0.97452694101996,0.9622337222099304,0.0,3.0547133509404123
2026-04-13 14:19:22,2297,726,1,v8_7_phase_2_2_radius_105_120_reward_grid,520,142.8519037269648,209,success,117.69213104248047,14.702393531799316,0.40629085898399353,35.48345184326172,48.5619010925293,13.922653198242188,16.372880935668945,29.849972314612142,-29.372600148236195,43.48815595492969,0.867331671911694,0.9811378717422485,0.0,2.2359099301369025
2026-04-13 14:19:25,2297,727,1,v8_7_phase_2_2_radius_105_120_reward_grid,520,158.11319670838773,209,success,116.6625747680664,14.792869567871094,0.40629085898399353,35.33110427856445,48.5619010925293,14.069572448730469,12.038222312927246,23.62690329199619,-23.56628707065962,-34.67541558586152,0.9161746442515842,0.992699921131134,0.0,0.2637724452592753
2026-04-13 14:19:29,2297,728,1,v8_7_phase_2_2_radius_105_120_reward_grid,520,143.9468462410939,213,success,125.53947448730469,14.694751739501953,0.40629085898399353,36.545597076416016,48.5619010925293,12.870624542236328,25.035476684570312,34.639792734245326,33.5556812035188,24.27456231966431,0.8227417944843373,0.9587088823318481,0.0,4.714837121069684
2026-04-13 14:19:32,2297,729,1,v8_7_phase_2_2_radius_105_120_reward_grid,520,150.66151740126512,217,success,125.56708526611328,14.659404754638672,0.40629085898399353,37.354949951171875,48.5619010925293,12.077030181884766,19.641664505004883,11.575067798680895,1.4789612448286653,-4.60642301022917,0.9796626557098871,0.9097164869308472,0.0,1.955039981450309
2026-04-13 14:19:36,2298,730,1,v8_7_phase_2_2_radius_105_120_reward_grid,520,147.1176335389604,214,success,124.43318176269531,14.453965187072754,0.40629085898399353,36.34684371948242,48.5619010925293,13.0628662109375,21.575634002685547,39.8430854854744,-34.76875695105892,41.63584621806266,0.7678019544304078,0.9669724106788635,0.0,3.244625960764381
2026-04-13 14:19:40,2298,731,1,v8_7_phase_2_2_radius_105_120_reward_grid,520,165.23878576134493,207,success,118.97274780273438,14.946578979492188,0.40629085898399353,34.499229431152344,48.5619010925293,14.91644287109375,15.442873001098633,14.873097210181484,14.646017325940655,10.338053091873531,0.966496707501356,0.954160749912262,0.0,1.1526503190995527
2026-04-13 14:19:43,2298,732,1,v8_7_phase_2_2_radius_105_120_reward_grid,520,156.75448762606578,206,success,116.73635864257812,14.924504280090332,0.40629085898399353,34.561641693115234,48.5619010925293,14.84005355834961,17.83954620361328,2.7454500321736317,-0.17913678542452602,6.201414334739248,0.998852193370728,0.9934813976287842,0.0,2.3466397127135417
2026-04-13 14:19:47,2298,733,1,v8_7_phase_2_2_radius_105_120_reward_grid,520,-162.71645707138924,237,near_miss,124.41718292236328,11.837480545043945,0.40629085898399353,43.415138244628906,48.5619010925293,6.049827575683594,-10.805602073669434,77.12570380584026,-58.91713664844912,109.45362435510343,0.2228128000513337,0.8197083473205566,0.0,1.680796335652598
2026-04-13 14:19:51,2298,734,1,v8_7_phase_2_2_radius_105_120_reward_grid,520,151.39075363404189,215,success,124.36446380615234,14.918106079101562,0.40629085898399353,37.4783935546875,48.5619010925293,11.968048095703125,25.712570190429688,8.089541156726995,7.705763072547733,-5.671668704694467,0.9900493615091274,0.8665967583656311,0.0,1.7025922658018502
2026-04-13 14:19:54,2298,735,1,v8_7_phase_2_2_radius_105_120_reward_grid,520,155.56777640326146,209,success,119.9586410522461,14.894486427307129,0.40629085898399353,34.83380889892578,48.5619010925293,14.58843994140625,17.20267105102539,27.461496142993703,21.902546903945602,30.97289639529726,0.8873209367415662,0.9408631324768066,0.0,2.0951195397368734
2026-04-13 14:19:59,2299,736,1,v8_7_phase_2_2_radius_105_120_reward_grid,520,-167.07457156062597,239,near_miss,127.97650146484375,7.4925432205200195,0.40629085898399353,46.108970642089844,48.5619010925293,3.3063507080078125,-7.441856384277344,78.63579032943838,-78.32518747693206,39.57000086207895,0.19704496655711956,0.96204674243927,0.0,3.508728343111459
2026-04-13 14:20:02,2299,737,1,v8_7_phase_2_2_radius_105_120_reward_grid,520,141.89001923282035,214,success,126.17564392089844,14.589632987976074,0.40629085898399353,36.85767364501953,48.5619010925293,12.55788803100586,25.618947982788086,19.67659166853303,16.532238952036792,-9.294514592364182,0.9416081873312803,0.9565272331237793,0.0,2.627559878959115
2026-04-13 14:20:07,2299,738,1,v8_7_phase_2_2_radius_105_120_reward_grid,520,-155.49743518890418,240,near_miss,128.09100341796875,6.480442047119141,0.40629085898399353,45.76542663574219,48.5619010925293,3.6689987182617188,-6.761676788330078,75.43562813723396,-49.35970416926905,-62.868346441788134,0.2514675605985854,0.8966518640518188,0.0,3.392480415560866
2026-04-13 14:20:10,2299,739,1,v8_7_phase_2_2_radius_105_120_reward_grid,520,128.47574580557733,217,success,125.2446517944336,14.830979347229004,0.40629085898399353,38.11188507080078,48.5619010925293,11.295177459716797,27.47122573852539,38.294333260984835,-32.28436784802057,17.97795777289671,0.7848376648574976,0.9851317405700684,0.0,7.389936001610592
2026-04-13 14:20:14,2299,740,1,v8_7_phase_2_2_radius_105_120_reward_grid,520,149.43617733931546,217,success,128.58795166015625,14.792397499084473,0.40629085898399353,36.938350677490234,48.5619010925293,12.506969451904297,24.12652015686035,24.399508677698645,12.899833360849998,-31.277058379416264,0.9106872032224327,0.8722660541534424,0.0,1.266936267597419
2026-04-13 14:20:18,2300,741,1,v8_7_phase_2_2_radius_105_120_reward_grid,520,141.48480905068016,210,success,122.2365951538086,14.629528999328613,0.40629085898399353,35.68739318847656,48.5619010925293,13.72344970703125,24.086477279663086,32.22578190041479,2.0433473531879294,37.07612121118887,0.8459532973062844,0.9735732078552246,0.0,3.6176299308173347
2026-04-13 14:20:21,2300,742,1,v8_7_phase_2_2_radius_105_120_reward_grid,520,149.8517659153119,209,success,119.7430648803711,14.655142784118652,0.40629085898399353,35.37385177612305,48.5619010925293,14.029106140136719,23.209609985351562,20.707453336942837,16.99619662688283,30.03384442216347,0.9353980410446616,0.9938846826553345,0.0,6.2564887774722955
2026-04-13 14:20:25,2300,743,1,v8_7_phase_2_2_radius_105_120_reward_grid,520,144.2041723729855,212,success,124.6526870727539,14.738940238952637,0.40629085898399353,36.1783332824707,48.5619010925293,13.227432250976562,26.5084171295166,35.36525103165447,35.14803052548056,-41.56645491118992,0.8154789705057415,0.9865916967391968,0.0,5.328793258740745
2026-04-13 14:20:28,2300,744,1,v8_7_phase_2_2_radius_105_120_reward_grid,520,138.63322120495948,215,success,126.26950073242188,14.484469413757324,0.40629085898399353,37.45140838623047,48.5619010925293,11.949508666992188,27.3549747467041,38.72829274499618,16.88458279810836,44.94559879549993,0.7801215664051061,0.9971647262573242,0.0,2.2895866584042466
2026-04-13 14:20:32,2300,745,1,v8_7_phase_2_2_radius_105_120_reward_grid,520,141.44509295530722,216,success,124.84024810791016,14.592381477355957,0.40629085898399353,37.70087432861328,48.5619010925293,11.69927978515625,24.46002197265625,40.3068928961587,3.785479948883711,36.35320374415097,0.7625905129519109,0.9971852898597717,0.0,3.5805810457218596
2026-04-13 14:20:36,2300,746,1,v8_7_phase_2_2_radius_105_120_reward_grid,520,147.31542797351142,213,success,125.11630249023438,14.639555931091309,0.40629085898399353,36.81826400756836,48.5619010925293,12.58224105834961,27.43924331665039,28.476798640474218,16.630730279868374,-11.184245228146413,0.8790102613271026,0.9983300566673279,0.0,2.6029986536705243
2026-04-13 14:20:40,2301,747,1,v8_7_phase_2_2_radius_105_120_reward_grid,520,140.15147514148947,216,success,128.59017944335938,14.661181449890137,0.40629085898399353,37.643577575683594,48.5619010925293,11.763935089111328,29.15036392211914,28.736108479861045,14.077515068111106,11.064735700691406,0.8768433469946338,0.9754253029823303,0.0,1.7112917903010758
2026-04-13 14:20:44,2301,748,1,v8_7_phase_2_2_radius_105_120_reward_grid,520,-196.260294333586,236,near_miss,129.64675903320312,10.66301441192627,0.40629085898399353,44.37237548828125,48.5619010925293,5.053363800048828,2.1968321800231934,75.5843076950868,-74.79242922309386,36.65855759628014,0.24895515570333973,0.9286094903945923,0.0,4.7433379390495265
2026-04-13 14:20:48,2301,749,1,v8_7_phase_2_2_radius_105_120_reward_grid,520,-162.9291195372503,234,near_miss,126.08426666259766,10.500080108642578,0.40629085898399353,43.124759674072266,48.5619010925293,6.331218719482422,24.775585174560547,75.93665666380025,-72.91892882432688,-114.09356310358984,0.24299445776054354,0.8333783149719238,0.0,0.7420206754544029
2026-04-13 14:20:51,2301,750,1,v8_7_phase_2_2_radius_105_120_reward_grid,520,-196.68921612710852,231,near_miss,126.87346649169922,7.462441921234131,0.40629085898399353,43.16501235961914,48.5619010925293,6.332538604736328,21.683923721313477,75.58658897826959,-70.31307505218362,174.3102525246606,0.24891659320648324,0.7223444581031799,0.0,1.3104778005981956
2026-04-13 14:20:55,2301,751,1,v8_7_phase_2_2_radius_105_120_reward_grid,520,132.65695345171093,216,success,127.39825439453125,13.467194557189941,0.40629085898399353,37.744544982910156,48.5619010925293,11.669479370117188,27.234352111816406,39.81560080425427,22.509033551296884,30.5308533824032,0.7681092025899672,0.9658289551734924,0.0,5.715793263253528
2026-04-13 14:20:59,2302,752,1,v8_7_phase_2_2_radius_105_120_reward_grid,520,142.90641428661735,212,success,121.54744720458984,14.012603759765625,0.40629085898399353,36.60457229614258,48.5619010925293,12.808845520019531,24.82708740234375,40.006077704732995,4.101550367820637,41.63229110459967,0.7659762544974534,0.9594968557357788,0.0,1.881682822943575
2026-04-13 14:21:03,2302,753,1,v8_7_phase_2_2_radius_105_120_reward_grid,520,156.0697355808269,207,success,116.07915496826172,14.882890701293945,0.40629085898399353,34.696292877197266,48.5619010925293,14.71072769165039,16.046947479248047,5.637081480511169,-2.719446007899512,-6.188065156893281,0.9951640364957357,0.9772710204124451,0.0,4.1223016979087195
2026-04-13 14:21:06,2302,754,1,v8_7_phase_2_2_radius_105_120_reward_grid,520,149.0518933385514,211,success,122.77031707763672,14.739350318908691,0.40629085898399353,35.64085006713867,48.5619010925293,13.787025451660156,21.701791763305664,33.30960656319617,31.89311753688932,-32.37561576023736,0.835715297074304,0.9216405749320984,0.0,3.626001936290755
2026-04-13 14:21:10,2302,755,1,v8_7_phase_2_2_radius_105_120_reward_grid,520,153.66006376806283,208,success,119.25607299804688,14.794271469116211,0.40629085898399353,34.86589431762695,48.5619010925293,14.54397201538086,16.61835479736328,25.374354257177885,-15.00781244627623,-41.25829043621728,0.9035271948690966,0.9657694101333618,0.0,0.9622513314376324
2026-04-13 14:21:13,2302,756,1,v8_7_phase_2_2_radius_105_120_reward_grid,520,145.21042177737922,207,success,117.0426254272461,14.692586898803711,0.40629085898399353,34.96394729614258,48.5619010925293,14.438804626464844,20.472164154052734,11.740258485078593,-9.480915577455708,-20.02809540133669,0.979080081811558,0.9922780394554138,0.0,5.47856523520945
2026-04-13 14:21:17,2302,757,1,v8_7_phase_2_2_radius_105_120_reward_grid,520,143.77564356842515,221,success,128.9030303955078,12.534586906433105,0.40629085898399353,38.51107406616211,48.5619010925293,10.8984375,27.973241806030273,39.33802031710864,35.112872126727915,34.016008632820984,0.7734197406820141,0.9769213199615479,0.0,5.179529312845283
2026-04-13 14:21:21,2303,758,1,v8_7_phase_2_2_radius_105_120_reward_grid,520,122.65105367758976,232,success,128.14990234375,8.578461647033691,0.40629085898399353,43.43017578125,48.5619010925293,5.971343994140625,28.673564910888672,40.502492438514935,-40.50018041948089,0.7152031952571983,0.7603777130731334,0.9955765008926392,0.0,2.4564706662598215
2026-04-13 14:21:25,2303,759,1,v8_7_phase_2_2_radius_105_120_reward_grid,520,158.9458674571282,209,success,120.86199188232422,14.667542457580566,0.40629085898399353,35.58928680419922,48.5619010925293,13.812175750732422,24.10553741455078,24.297108774114523,23.163338353027424,-44.64594132113855,0.9114240410702903,0.9967305660247803,0.0,6.864119518718343
2026-04-13 14:21:28,2303,760,1,v8_7_phase_2_2_radius_105_120_reward_grid,520,138.74417037829534,218,success,126.98275756835938,14.507107734680176,0.40629085898399353,38.61076736450195,48.5619010925293,10.804450988769531,28.392444610595703,37.79904209332136,-28.055908723439693,-16.53676736745651,0.7901652592287383,0.9619402289390564,0.0,4.816061798318866
2026-04-13 14:21:32,2303,761,1,v8_7_phase_2_2_radius_105_120_reward_grid,520,-162.93006967766925,241,near_miss,129.2275848388672,6.588233470916748,0.40629085898399353,46.7642822265625,48.5619010925293,2.651592254638672,-5.558174133300781,76.50680670476707,-78.23657943282947,32.31111145371576,0.23332984523657682,0.9637345671653748,0.0,4.453399055712395
2026-04-13 14:21:36,2303,762,1,v8_7_phase_2_2_radius_105_120_reward_grid,520,143.7082402432969,211,success,122.36827087402344,14.771991729736328,0.40629085898399353,36.13656997680664,48.5619010925293,13.269332885742188,21.457460403442383,33.80409859872675,-2.58732346892502,-35.75252275759419,0.8309446730740373,0.987247109413147,0.0,4.572611062786602
2026-04-13 14:21:40,2304,763,1,v8_7_phase_2_2_radius_105_120_reward_grid,520,139.63713682724983,214,success,126.60174560546875,14.627151489257812,0.40629085898399353,36.743736267089844,48.5619010925293,12.680622100830078,27.204513549804688,38.059620640346516,38.23271129429298,26.11070158367133,0.7873696842450656,0.9370871186256409,0.0,2.433004645917944
2026-04-13 14:21:44,2304,764,1,v8_7_phase_2_2_radius_105_120_reward_grid,520,161.51418154213053,207,success,116.63414764404297,14.910361289978027,0.40629085898399353,34.564552307128906,48.5619010925293,14.864505767822266,13.84089183807373,19.182529934920158,13.894199620977133,5.376400053761639,0.9444766011171158,0.9172537326812744,0.0,3.3533263720088042
2026-04-13 14:21:47,2304,765,1,v8_7_phase_2_2_radius_105_120_reward_grid,520,175.9198145514495,212,success,120.0491714477539,14.86259651184082,0.40629085898399353,35.65095520019531,48.5619010925293,13.7615966796875,10.192974090576172,7.801824560582085,-6.790671829909173,-4.248058779291056,0.9907435181623956,0.9575586318969727,0.0,2.7023049212703127
2026-04-13 14:21:51,2304,766,1,v8_7_phase_2_2_radius_105_120_reward_grid,520,135.9994629806588,216,success,123.97196197509766,14.711065292358398,0.40629085898399353,37.652137756347656,48.5619010925293,11.766963958740234,27.131256103515625,37.76911220437837,-38.06751633902705,20.10479671816864,0.7904853118925481,0.9479479193687439,0.0,4.741347770349083
2026-04-13 14:21:54,2304,767,1,v8_7_phase_2_2_radius_105_120_reward_grid,520,143.5317604287091,211,success,118.47216033935547,14.848065376281738,0.40629085898399353,35.86106491088867,48.5619010925293,13.543716430664062,20.58051872253418,33.62578285006523,-23.241801858665237,-39.68987751220184,0.8326721326112486,0.9850380420684814,0.0,2.3617775904179523
2026-04-13 14:21:58,2304,768,1,v8_7_phase_2_2_radius_105_120_reward_grid,520,131.03131333434365,211,success,118.890380859375,13.761336326599121,0.40629085898399353,35.80793762207031,48.5619010925293,13.18692398071289,21.016921997070312,39.61625831823286,-35.807966818181775,-58.29257732055398,0.7703323355711545,0.9204692840576172,0.0,1.3259719548190585
2026-04-13 14:22:02,2305,769,1,v8_7_phase_2_2_radius_105_120_reward_grid,520,155.65847708075555,209,success,116.16181182861328,14.884543418884277,0.40629085898399353,35.23808288574219,48.5619010925293,14.16641616821289,18.980073928833008,27.214786295078255,-20.793346380850334,-34.82597344573612,0.889298380626391,0.9813587665557861,0.0,0.8247771424218943
2026-04-13 14:22:05,2305,770,1,v8_7_phase_2_2_radius_105_120_reward_grid,520,151.22572550218746,207,success,117.61753845214844,14.717025756835938,0.40629085898399353,34.8651237487793,48.5619010925293,14.55099105834961,19.340927124023438,24.86631966407046,-13.985692566230393,39.07763984556941,0.9072913562060768,0.9576086401939392,0.0,4.98730073518088
2026-04-13 14:22:09,2305,771,1,v8_7_phase_2_2_radius_105_120_reward_grid,520,148.13086526992555,213,success,121.49754333496094,14.728377342224121,0.40629085898399353,36.780120849609375,48.5619010925293,12.626033782958984,25.126327514648438,29.39704539527567,-14.385462684577593,-18.043513928550492,0.8712391246806549,0.9776660203933716,0.0,1.2346827005057217
2026-04-13 14:22:13,2305,772,1,v8_7_phase_2_2_radius_105_120_reward_grid,520,151.4714501132108,212,success,121.91543579101562,14.967689514160156,0.40629085898399353,35.902957916259766,48.5619010925293,13.546276092529297,18.04608917236328,9.62845278616986,10.123895925542367,-12.545221891973982,0.9859130990050202,0.8642418384552002,0.0,1.7201630746028744
2026-04-13 14:22:17,2305,773,1,v8_7_phase_2_2_radius_105_120_reward_grid,520,-166.55636411270564,245,near_miss,127.10559844970703,4.085375785827637,0.40629085898399353,47.9958610534668,48.5619010925293,1.4093055725097656,-2.822408437728882,79.59800688914227,75.4987800662999,44.622404489258685,0.1805533599996415,0.985464870929718,0.0,4.463846103018828
2026-04-13 14:22:21,2306,774,1,v8_7_phase_2_2_radius_105_120_reward_grid,520,-159.88958456502883,235,near_miss,121.17969512939453,12.035760879516602,0.40629085898399353,44.56388473510742,48.5619010925293,4.868366241455078,-5.217044830322266,77.04987504567478,-31.055254816309272,-47.956428143911594,0.22410279590436596,0.9017881155014038,0.0,3.075780431818074
2026-04-13 14:22:25,2306,775,1,v8_7_phase_2_2_radius_105_120_reward_grid,520,131.0844131506962,221,success,128.59930419921875,14.902151107788086,0.40629085898399353,39.540802001953125,48.5619010925293,9.872993469238281,29.16459083557129,34.43933351229462,-33.00505184319989,6.743602861904499,0.8247254544284267,0.9588879346847534,0.0,2.210233790680263
2026-04-13 14:22:28,2306,776,1,v8_7_phase_2_2_radius_105_120_reward_grid,520,157.41187567327705,215,success,126.67059326171875,14.697489738464355,0.40629085898399353,37.800132751464844,48.5619010925293,11.602973937988281,28.85749053955078,32.02441767839906,30.287729383802013,11.985521186663641,0.8478221840507311,0.9854692220687866,0.0,0.835631245464963
2026-04-13 14:22:33,2306,777,1,v8_7_phase_2_2_radius_105_120_reward_grid,520,-144.02300141572402,243,near_miss,129.39405822753906,16.313026428222656,0.40629085898399353,46.50869369506836,48.5619010925293,2.9027748107910156,-15.477457046508789,76.39300209281632,-76.31762412513605,-18.91248986834724,0.2352608232837084,0.9655715227127075,0.0,3.5225315476870622
2026-04-13 14:22:36,2306,778,1,v8_7_phase_2_2_radius_105_120_reward_grid,520,167.05467032354125,207,success,119.4914321899414,14.996423721313477,0.40629085898399353,34.431583404541016,48.5619010925293,14.971763610839844,16.347806930541992,9.703627555722314,9.460804085444604,-23.238463603708396,0.9856927995803597,0.9877775311470032,0.0,0.7549422242221778
2026-04-13 14:22:40,2306,779,1,v8_7_phase_2_2_radius_105_120_reward_grid,520,158.72546560491188,210,success,117.75790405273438,14.774391174316406,0.40629085898399353,35.21193313598633,48.5619010925293,14.204944610595703,13.780285835266113,5.669979940422182,5.309210629122577,4.975945635836968,0.9951074718480788,0.9569666385650635,0.0,4.662614223737353
2026-04-13 14:22:44,2307,780,1,v8_7_phase_2_2_radius_105_120_reward_grid,520,-173.84166061428462,249,near_miss,127.00108337402344,17.56783676147461,0.40629085898399353,48.17726135253906,48.5619010925293,1.2520027160644531,-22.354496002197266,75.23394631142183,-96.23175782017108,-25.206005462062702,0.2548728945415951,0.9069890975952148,0.0,0.6584924495643742
2026-04-13 14:22:48,2307,781,1,v8_7_phase_2_2_radius_105_120_reward_grid,520,161.11914568022584,212,success,117.96846771240234,14.745007514953613,0.40629085898399353,36.46946334838867,48.5619010925293,12.93368911743164,15.286654472351074,23.38659503888034,-21.700839464924076,-10.427070947326309,0.9178475175668156,0.9906595945358276,0.0,4.329860523961848
2026-04-13 14:22:51,2307,782,1,v8_7_phase_2_2_radius_105_120_reward_grid,520,141.35299843029136,218,success,126.51358032226562,14.82054615020752,0.40629085898399353,38.061790466308594,48.5619010925293,11.35031509399414,23.709253311157227,29.547114896624606,-18.2401004332418,9.611974101023558,0.869950476867389,0.9660549163818359,0.0,3.845691314078594
2026-04-13 14:22:55,2307,783,1,v8_7_phase_2_2_radius_105_120_reward_grid,520,109.7061186831931,238,success,125.93827056884766,4.971163272857666,0.40629085898399353,44.5091667175293,48.5619010925293,4.94940185546875,18.86539649963379,37.31118217147486,-34.992930589807905,116.76599072957322,0.7953551975497483,0.8301728367805481,0.0,1.3074334321357126
2026-04-13 14:22:59,2307,784,1,v8_7_phase_2_2_radius_105_120_reward_grid,520,148.71953088869734,219,success,128.57447814941406,12.20596694946289,0.40629085898399353,39.107276916503906,48.5619010925293,10.295665740966797,28.81360626220703,40.48965168287531,38.10349777557468,43.97371751812048,0.7605232514414841,0.9902252554893494,0.0,1.6859943613574049
2026-04-13 14:23:03,2308,785,1,v8_7_phase_2_2_radius_105_120_reward_grid,520,-156.04104939452048,238,near_miss,127.19380187988281,9.800164222717285,0.40629085898399353,46.0637321472168,48.5619010925293,3.3384475708007812,-5.223433494567871,76.16278373665186,-75.1352364175368,33.335264168813325,0.23916420392249468,0.9885023832321167,0.0,0.7142627185949196
2026-04-13 14:23:07,2308,786,1,v8_7_phase_2_2_radius_105_120_reward_grid,520,139.81896808260348,212,success,124.41967010498047,14.119284629821777,0.40629085898399353,36.43083190917969,48.5619010925293,12.993553161621094,24.027502059936523,40.19392498238127,-8.443734276516345,36.2521340199077,0.7638644616127722,0.9359717965126038,0.0,5.019761951613937
2026-04-13 14:23:10,2308,787,1,v8_7_phase_2_2_radius_105_120_reward_grid,520,152.3857170319847,209,success,122.27493286132812,14.981535911560059,0.40629085898399353,35.42167282104492,48.5619010925293,13.979976654052734,24.136882781982422,19.785717600902323,8.463666476061736,-17.57986190466981,0.9409651785787243,0.991357147693634,0.0,1.185270944605449
2026-04-13 14:23:14,2308,788,1,v8_7_phase_2_2_radius_105_120_reward_grid,520,141.50731422991646,210,success,119.13116455078125,14.790661811828613,0.40629085898399353,35.8237419128418,48.5619010925293,13.577045440673828,24.24508285522461,18.874367167494817,-18.759531196979392,1.755003126691319,0.9462301774525852,0.9968628287315369,0.0,4.633804779888997
2026-04-13 14:23:18,2308,789,1,v8_7_phase_2_2_radius_105_120_reward_grid,520,139.86631453418727,217,success,123.89498901367188,14.56439208984375,0.40629085898399353,38.22642135620117,48.5619010925293,11.178630828857422,23.081439971923828,36.09455131047175,-29.161434604761496,-14.830681735435704,0.808045911387524,0.9885838031768799,0.0,6.297236113666296
2026-04-13 14:23:21,2308,790,1,v8_7_phase_2_2_radius_105_120_reward_grid,520,136.76335641654447,215,success,122.10225677490234,13.550200462341309,0.40629085898399353,37.59584426879883,48.5619010925293,11.815288543701172,24.423015594482422,40.4418232832123,-39.44461907948502,32.923212516564796,0.7610650069807515,0.9673972129821777,0.0,2.2362463871991127
2026-04-13 14:23:25,2309,791,1,v8_7_phase_2_2_radius_105_120_reward_grid,520,135.66535975518215,227,success,127.63020324707031,9.53005313873291,0.40629085898399353,41.62411880493164,48.5619010925293,7.778800964355469,26.885265350341797,39.61626856351661,-39.48945585629157,28.12155537909998,0.7703322215517592,0.9870992302894592,0.0,3.3412304405499893
2026-04-13 14:23:29,2309,792,1,v8_7_phase_2_2_radius_105_120_reward_grid,520,127.3616070831032,227,success,129.075439453125,9.786094665527344,0.40629085898399353,41.377933502197266,48.5619010925293,8.031490325927734,25.060348510742188,39.93942530371743,-38.81753258159698,26.313232060487838,0.7667235878672538,0.9749573469161987,0.0,3.149960782274098
2026-04-13 14:23:33,2309,793,1,v8_7_phase_2_2_radius_105_120_reward_grid,520,150.40487747014123,213,success,121.38265991210938,14.884065628051758,0.40629085898399353,36.38674545288086,48.5619010925293,13.047637939453125,25.390460968017578,21.565963719383834,-13.269641146855644,-21.140430981260995,0.9299950044306364,0.9002802968025208,0.0,3.959414979306584
2026-04-13 14:23:37,2309,794,1,v8_7_phase_2_2_radius_105_120_reward_grid,520,154.25710809760858,215,success,123.55970001220703,14.797185897827148,0.40629085898399353,36.534996032714844,48.5619010925293,12.877105712890625,19.57276725769043,14.401358242323505,-8.632878436333277,-2.234148047322001,0.9685772654636041,0.9637022018432617,0.0,1.7869889671233246
2026-04-13 14:23:41,2309,795,1,v8_7_phase_2_2_radius_105_120_reward_grid,520,-158.67538672618042,241,near_miss,123.23668670654297,11.427542686462402,0.40629085898399353,47.43954086303711,48.5619010925293,1.9652481079101562,-17.47053337097168,76.31694110621905,-80.97744555429638,-17.47887243514929,0.23655086993614513,0.979530394077301,0.0,0.22025446248887356
2026-04-13 14:23:47,2310,796,1,v8_7_phase_2_2_radius_105_120_reward_grid,520,143.62537223240318,215,success,125.20157623291016,13.454268455505371,0.40629085898399353,37.0554084777832,48.5619010925293,12.360870361328125,24.066566467285156,40.440266000081536,-16.884604996223164,-40.96140260356434,0.7610826375199711,0.9532102346420288,0.0,1.953761722052655
2026-04-13 14:23:51,2310,797,1,v8_7_phase_2_2_radius_105_120_reward_grid,520,156.44719614557147,208,success,117.2680892944336,14.698495864868164,0.40629085898399353,34.876983642578125,48.5619010925293,14.523696899414062,19.79942512512207,12.349209123172956,-0.5528469306433507,-30.08204506713625,0.9768622505648129,0.9958072304725647,0.0,1.877649878021336
2026-04-13 14:23:55,2310,798,1,v8_7_phase_2_2_radius_105_120_reward_grid,520,155.99641598440328,210,success,120.16905212402344,14.780900955200195,0.40629085898399353,35.31946563720703,48.5619010925293,14.108627319335938,18.65428352355957,33.83290150645669,25.018825835405796,36.654698539399085,0.8306648853019263,0.9223175048828125,0.0,3.6193024246209937
2026-04-13 14:24:00,2310,799,1,v8_7_phase_2_2_radius_105_120_reward_grid,520,152.23311628229226,216,success,127.12438201904297,14.894095420837402,0.40629085898399353,37.7370491027832,48.5619010925293,11.69955825805664,29.46465492248535,11.40926154148425,11.244072562633846,0.43775629545750533,0.9802392116144022,0.8923354744911194,0.0,1.5514456109841843
2026-04-13 14:24:05,2310,800,1,v8_7_phase_2_2_radius_105_120_reward_grid,520,137.15111304649918,214,success,127.06092834472656,14.635794639587402,0.40629085898399353,37.11748504638672,48.5619010925293,12.283573150634766,28.533559799194336,28.159802730904758,25.141415778176476,-1.030210772726246,0.8816347648051344,0.9965075254440308,0.0,3.139151171183935
2026-04-13 14:24:10,2310,801,1,v8_7_phase_2_2_radius_105_120_reward_grid,520,151.95680598235336,211,success,121.71710205078125,14.69163990020752,0.40629085898399353,36.11577224731445,48.5619010925293,13.288616180419922,25.93857192993164,16.233343043767864,13.609940808099543,-4.71174367345712,0.9601311653498015,0.9853165149688721,0.0,2.071610513266693
2026-04-13 14:24:17,2311,802,1,v8_7_phase_2_2_radius_105_120_reward_grid,520,144.13653246460353,214,success,123.99556732177734,14.682854652404785,0.40629085898399353,36.99006271362305,48.5619010925293,12.414688110351562,26.50130271911621,30.21307883126836,10.944940159064906,17.447173527211262,0.8641599557443305,0.9870643615722656,0.0,5.3888818145954955
2026-04-13 14:24:23,2311,803,1,v8_7_phase_2_2_radius_105_120_reward_grid,520,140.8793990395939,216,success,125.26065063476562,14.597732543945312,0.40629085898399353,37.8309326171875,48.5619010925293,11.569263458251953,24.417652130126953,37.90679515766748,6.273417762082699,22.687458582985126,0.7890112263663855,0.9964028596878052,0.0,1.4326977513096213
2026-04-13 14:24:27,2311,804,1,v8_7_phase_2_2_radius_105_120_reward_grid,520,162.50634991715566,214,success,115.80059051513672,14.921164512634277,0.40629085898399353,36.33690643310547,48.5619010925293,13.098175048828125,3.953765630722046,21.241417035686926,-15.633331415749753,-20.57656471433059,0.9320621524011156,0.901340901851654,0.0,1.3452965614393992
2026-04-13 14:24:33,2311,805,1,v8_7_phase_2_2_radius_105_120_reward_grid,520,-162.311045339357,241,near_miss,124.54145050048828,9.330175399780273,0.40629085898399353,46.78242874145508,48.5619010925293,2.6579360961914062,-8.360535621643066,75.13272290792224,21.872526514996103,-53.583223359532724,0.25658083214183186,0.8782418370246887,0.0,3.0022213119341576
2026-04-13 14:24:39,2311,806,1,v8_7_phase_2_2_radius_105_120_reward_grid,520,153.25372288968347,208,success,119.64814758300781,14.595582962036133,0.40629085898399353,35.17482376098633,48.5619010925293,14.225784301757812,21.684669494628906,12.351938637520023,3.790752428036138,17.766821257725983,0.9768520609267692,0.9943214058876038,0.0,1.2088393427982411
2026-04-13 14:24:46,2312,807,1,v8_7_phase_2_2_radius_105_120_reward_grid,520,159.4309394442961,213,success,120.80335235595703,14.963804244995117,0.40629085898399353,35.1982536315918,48.5619010925293,14.227840423583984,5.730703353881836,35.739330247212315,-31.756052715720088,41.09933144366358,0.8116827682183578,0.916386067867279,0.0,0.42723021917460813
2026-04-13 14:24:53,2312,808,1,v8_7_phase_2_2_radius_105_120_reward_grid,520,145.3696518244152,210,success,121.05272674560547,14.832817077636719,0.40629085898399353,35.91122817993164,48.5619010925293,13.496150970458984,24.668886184692383,14.2136654977052,4.0755410074612275,-2.464021052046542,0.9693868145651993,0.9830596446990967,0.0,4.090545180290995
2026-04-13 14:24:58,2312,809,1,v8_7_phase_2_2_radius_105_120_reward_grid,520,174.2221426184157,210,success,122.58212280273438,14.732288360595703,0.40629085898399353,34.80911636352539,48.5619010925293,14.601249694824219,17.277359008789062,11.986911130159738,7.566934355025347,-12.558994968435313,0.9781950713624085,0.9641987681388855,0.0,0.6936444157481892
2026-04-13 14:25:02,2312,810,1,v8_7_phase_2_2_radius_105_120_reward_grid,520,157.99179292005007,210,success,123.941650390625,14.898998260498047,0.40629085898399353,35.55583953857422,48.5619010925293,13.844535827636719,25.593610763549805,19.825944000019113,16.196885201525628,-16.019293452916127,0.940727289187379,0.9949791431427002,0.0,3.1126854384584948
2026-04-13 14:25:07,2312,811,1,v8_7_phase_2_2_radius_105_120_reward_grid,520,-161.67779797677628,245,near_miss,128.0802001953125,6.7085137367248535,0.40629085898399353,47.937843322753906,48.5619010925293,1.4638481140136719,-11.461165428161621,75.10401562284068,-77.11416078614295,17.958963016814906,0.25706506324387,0.9909523129463196,0.0,3.4728943775378083
2026-04-13 14:25:11,2312,812,1,v8_7_phase_2_2_radius_105_120_reward_grid,520,-195.44418044688348,245,near_miss,128.5209503173828,4.970911502838135,0.40629085898399353,48.330833435058594,48.5619010925293,1.076019287109375,1.9964392185211182,76.75936660970663,-80.10823568052056,-21.253404017680296,0.22904126159164362,0.9798964262008667,0.0,2.63606541725554
2026-04-13 14:25:16,2313,813,1,v8_7_phase_2_2_radius_105_120_reward_grid,520,151.186398244249,219,success,126.18950653076172,14.633354187011719,0.40629085898399353,37.784576416015625,48.5619010925293,11.652519226074219,23.76869773864746,34.57286371056837,-10.540475993210615,-34.0710804480988,0.8234052169942421,0.8889865279197693,0.0,1.1200595962815225
2026-04-13 14:25:23,2313,814,1,v8_7_phase_2_2_radius_105_120_reward_grid,520,140.40319582939316,209,success,118.57685089111328,14.661123275756836,0.40629085898399353,35.609310150146484,48.5619010925293,13.792396545410156,21.462268829345703,24.003446498297116,-2.60165768811535,-36.546627871256554,0.913520989665112,0.996411144733429,0.0,6.292531389436147
2026-04-13 14:25:29,2313,815,1,v8_7_phase_2_2_radius_105_120_reward_grid,520,149.59184852938162,214,success,125.48817443847656,14.774011611938477,0.40629085898399353,37.187068939208984,48.5619010925293,12.21463394165039,27.719528198242188,32.6845998579104,9.6938364795471,17.41292695871282,0.8416559590601992,0.9954386353492737,0.0,2.916200792751386
2026-04-13 14:25:34,2313,816,1,v8_7_phase_2_2_radius_105_120_reward_grid,520,150.46109426523788,215,success,126.6019058227539,14.923076629638672,0.40629085898399353,37.52463150024414,48.5619010925293,11.887531280517578,29.684431076049805,28.810741956921774,26.301962248357317,12.153224528902257,0.8762163442523351,0.9607182741165161,0.0,1.5113585522111592
2026-04-13 14:25:38,2313,817,1,v8_7_phase_2_2_radius_105_120_reward_grid,520,151.98678827307256,209,success,122.2890396118164,14.979887008666992,0.40629085898399353,35.29558181762695,48.5619010925293,14.122146606445312,23.935537338256836,36.47514652649779,24.312309360112383,-40.6774272435373,0.8041148042025115,0.9541100859642029,0.0,4.653907002833591
2026-04-13 14:25:43,2314,818,1,v8_7_phase_2_2_radius_105_120_reward_grid,520,144.69665428930043,212,success,119.01234436035156,14.625157356262207,0.40629085898399353,36.65451431274414,48.5619010925293,12.744747161865234,20.6612606048584,29.863011145737694,-28.68455421200579,32.35475294741756,0.8672183806307904,0.9999120831489563,0.0,1.7882325529048684
2026-04-13 14:25:47,2314,819,1,v8_7_phase_2_2_radius_105_120_reward_grid,520,147.8966452730423,211,success,118.59555053710938,14.57351303100586,0.40629085898399353,36.0809326171875,48.5619010925293,13.319366455078125,22.999588012695312,27.80554984696017,-26.441473984796705,34.24562593233847,0.8845357954084632,0.9961788654327393,0.0,1.659624911385318
2026-04-13 14:25:51,2314,820,1,v8_7_phase_2_2_radius_105_120_reward_grid,520,161.60781184853073,213,success,126.90685272216797,14.906951904296875,0.40629085898399353,36.23003387451172,48.5619010925293,13.185646057128906,25.632305145263672,37.39531302657649,38.17084685588559,-27.82439092378565,0.7944643031149555,0.9549948573112488,0.0,1.4327173424737742
2026-04-13 14:25:58,2314,821,1,v8_7_phase_2_2_radius_105_120_reward_grid,520,-872.1654764506076,380,low_agl,129.3644256591797,80.50640106201172,0.40629085898399353,0.3013925850391388,48.5619010925293,49.67885971069336,-16.642942428588867,166.26612017308315,173.83295890546012,163.83080256413677,-0.9714089043163848,-0.5571457147598267,0.0,2.662442493956816
2026-04-13 14:26:02,2314,822,1,v8_7_phase_2_2_radius_105_120_reward_grid,520,-159.64773906464578,250,near_miss,128.52423095703125,6.531052589416504,0.40629085898399353,49.74872970581055,48.5619010925293,-0.3134040832519531,-18.713422775268555,75.0509860341247,67.90903970963589,21.86102276888651,0.2579593902986426,0.8969789743423462,0.0,3.7092910338586487
2026-04-13 14:26:06,2315,823,1,v8_7_phase_2_2_radius_105_120_reward_grid,520,143.77610315066383,214,success,125.1314926147461,14.79338264465332,0.40629085898399353,37.06285858154297,48.5619010925293,12.360321044921875,28.09650993347168,14.677022969677928,14.507104938600936,3.23484055672445,0.9673694382316639,0.9415006041526794,0.0,3.279873845152623
2026-04-13 14:26:10,2315,824,1,v8_7_phase_2_2_radius_105_120_reward_grid,520,144.7807177090696,216,success,127.0889663696289,14.662525177001953,0.40629085898399353,37.79641342163086,48.5619010925293,11.604652404785156,29.761913299560547,31.764645093695965,25.33965689619422,7.1347054701949535,0.8502176942537677,0.9927598237991333,0.0,0.9976066139570429
2026-04-13 14:26:14,2315,825,1,v8_7_phase_2_2_radius_105_120_reward_grid,520,136.1279867728755,225,success,129.16751098632812,10.061395645141602,0.40629085898399353,40.3317756652832,48.5619010925293,9.088260650634766,24.599349975585938,39.99174455275973,-26.899545744125486,32.67925181979028,0.7661370510497266,0.9468169212341309,0.0,4.531007343548028
2026-04-13 14:26:18,2315,826,1,v8_7_phase_2_2_radius_105_120_reward_grid,520,154.94378892861653,211,success,120.9415283203125,14.834474563598633,0.40629085898399353,36.07840347290039,48.5619010925293,13.335926055908203,24.56644630432129,11.497866170492241,11.50863737881335,3.343111221343611,0.979932128871763,0.9639849066734314,0.0,3.2984416819673053
2026-04-13 14:26:23,2315,827,1,v8_7_phase_2_2_radius_105_120_reward_grid,520,154.66640517230815,210,success,118.5816650390625,14.785247802734375,0.40629085898399353,35.252647399902344,48.5619010925293,14.159786224365234,14.442161560058594,13.485907987866696,-8.5726737338942,12.378669436610513,0.9724273073430626,0.9623558521270752,0.0,3.8679309183825223
2026-04-13 14:26:29,2316,828,1,v8_7_phase_2_2_radius_105_120_reward_grid,520,-172.32931270393328,241,near_miss,129.1236572265625,7.834138870239258,0.40629085898399353,46.71979904174805,48.5619010925293,2.7098541259765625,2.636046886444092,77.23120973794946,-79.35490679620317,-33.67111823068119,0.22101728855375702,0.9219735860824585,0.0,4.285616344385255
2026-04-13 14:26:34,2316,829,1,v8_7_phase_2_2_radius_105_120_reward_grid,520,161.64188565677975,209,success,120.63691711425781,14.920909881591797,0.40629085898399353,35.112396240234375,48.5619010925293,14.301445007324219,19.768489837646484,27.51382905241434,10.713660562258166,-29.17408411510436,0.8868993585442118,0.961870551109314,0.0,3.979326262843151
2026-04-13 14:26:38,2316,830,1,v8_7_phase_2_2_radius_105_120_reward_grid,520,154.36216892301027,216,success,123.89920043945312,14.69815731048584,0.40629085898399353,37.149417877197266,48.5619010925293,12.271995544433594,20.63064956665039,31.747774526446033,-5.307549612493795,17.793011618098397,0.8503726634716184,0.9430952072143555,0.0,4.11761029129376
2026-04-13 14:26:41,2316,831,1,v8_7_phase_2_2_radius_105_120_reward_grid,520,165.98542538845754,214,success,116.94976043701172,14.888677597045898,0.40629085898399353,36.90937042236328,48.5619010925293,12.515121459960938,8.203325271606445,21.440599012262837,-2.367942061652442,-11.911855035144114,0.9307970354044867,0.9298994541168213,0.0,3.2440024744642666
2026-04-13 14:26:45,2316,832,1,v8_7_phase_2_2_radius_105_120_reward_grid,520,-152.35876979628387,232,near_miss,123.99111938476562,8.930461883544922,0.40629085898399353,43.66563415527344,48.5619010925293,5.769756317138672,-1.673061728477478,76.02905546289219,-70.01213691735285,-82.11514333415624,0.24142981445879566,0.8950659036636353,0.0,3.5679567751271843
2026-04-13 14:26:48,2316,833,1,v8_7_phase_2_2_radius_105_120_reward_grid,520,151.68510949872396,209,success,122.25162506103516,14.97066879272461,0.40629085898399353,35.21266174316406,48.5619010925293,14.198070526123047,22.748416900634766,27.313765981435495,20.365380387835675,-28.346762083960932,0.8885070110859502,0.9694238901138306,0.0,2.05755780617932
2026-04-13 14:26:53,2317,834,1,v8_7_phase_2_2_radius_105_120_reward_grid,520,129.18533849138137,222,success,128.54457092285156,14.44120979309082,0.40629085898399353,39.80791091918945,48.5619010925293,9.596946716308594,28.487354278564453,40.22288839955671,-40.23280241913698,-1.5393900628498836,0.763538121594429,0.9898171424865723,0.0,3.786988578115476
2026-04-13 14:26:56,2317,835,1,v8_7_phase_2_2_radius_105_120_reward_grid,520,153.01418603845653,209,success,118.53058624267578,14.6659517288208,0.40629085898399353,35.72660827636719,48.5619010925293,13.673870086669922,18.016761779785156,20.27111182445845,-11.306445850134402,-16.86797348559418,0.9380637381903977,0.9987767338752747,0.0,4.745296133749454
2026-04-13 14:27:00,2317,836,1,v8_7_phase_2_2_radius_105_120_reward_grid,520,146.92599570866636,211,success,122.3575439453125,14.64455509185791,0.40629085898399353,36.04632568359375,48.5619010925293,13.362251281738281,21.717859268188477,35.48702988946121,-25.22480385020587,35.61793387999909,0.8142469518821391,0.9735888242721558,0.0,4.391952408508852
2026-04-13 14:27:04,2317,837,1,v8_7_phase_2_2_radius_105_120_reward_grid,520,155.1299336523314,211,success,117.48467254638672,14.717065811157227,0.40629085898399353,36.195682525634766,48.5619010925293,13.204479217529297,14.564949989318848,23.952402787082317,-24.058316822994414,-15.096015801670482,0.9138830299313631,0.9954861402511597,0.0,0.4996186678529256
2026-04-13 14:27:08,2317,838,1,v8_7_phase_2_2_radius_105_120_reward_grid,520,157.39297257766532,212,success,122.62493896484375,14.784417152404785,0.40629085898399353,36.644222259521484,48.5619010925293,12.757583618164062,24.545032501220703,30.923309221922963,-0.1493534387237813,-22.8942801261477,0.8578559144999122,0.9956480264663696,0.0,6.124166888611023
2026-04-13 14:27:14,2318,839,1,v8_7_phase_2_2_radius_105_120_reward_grid,520,130.46353812852897,225,success,127.67499542236328,9.856863021850586,0.40629085898399353,41.152252197265625,48.5619010925293,8.25662612915039,27.86563491821289,38.59485133918164,-34.6797493408899,27.856453539296982,0.7815765317597884,0.9802097082138062,0.0,4.081950827972033
2026-04-13 14:27:19,2318,840,1,v8_7_phase_2_2_radius_105_120_reward_grid,520,142.85231652661918,216,success,125.0953369140625,14.448507308959961,0.40629085898399353,37.561614990234375,48.5619010925293,11.845027923583984,28.582319259643555,27.453445057509548,6.645968295926929,-11.107682222645154,0.8873857281739832,0.9777162671089172,0.0,1.6804743860290812
2026-04-13 14:27:23,2318,841,1,v8_7_phase_2_2_radius_105_120_reward_grid,520,145.4285837925648,212,success,123.97937774658203,14.630117416381836,0.40629085898399353,36.663265228271484,48.5619010925293,12.736701965332031,24.784896850585938,31.799646398097696,15.27720705997258,30.156791242318285,0.849895945087559,0.9973170161247253,0.0,0.6833990305060584
2026-04-13 14:27:28,2318,842,1,v8_7_phase_2_2_radius_105_120_reward_grid,520,-164.29008086086472,244,near_miss,129.34759521484375,4.388765811920166,0.40629085898399353,48.05547332763672,48.5619010925293,1.3613166809082031,10.626038551330566,76.96982522860223,-31.233994036699336,25.95634613861821,0.22546417425332058,0.9517138004302979,0.0,4.35723118642903
2026-04-13 14:27:32,2318,843,1,v8_7_phase_2_2_radius_105_120_reward_grid,520,152.96906936741476,208,success,120.54959106445312,14.913605690002441,0.40629085898399353,35.3185920715332,48.5619010925293,14.081336975097656,23.022289276123047,19.234813325469315,16.51956212093725,-20.773277577521544,0.9441763741973567,0.9964489936828613,0.0,0.719665064424692
2026-04-13 14:27:36,2318,844,1,v8_7_phase_2_2_radius_105_120_reward_grid,520,165.92952095291957,212,success,119.15422058105469,14.831292152404785,0.40629085898399353,35.6678581237793,48.5619010925293,13.751232147216797,9.25684928894043,18.982688845089342,9.651479061409265,-14.018365629898796,0.9456168985129552,0.9440549612045288,0.0,0.9635858075701781
2026-04-13 14:27:41,2319,845,1,v8_7_phase_2_2_radius_105_120_reward_grid,520,159.5649410742614,211,success,126.36235809326172,14.924376487731934,0.40629085898399353,35.785491943359375,48.5619010925293,13.62308120727539,26.285938262939453,36.32070911917463,29.225283213122776,37.0149807728335,0.8057142509959911,0.9719576239585876,0.0,2.9552004997541275
2026-04-13 14:27:45,2319,846,1,v8_7_phase_2_2_radius_105_120_reward_grid,520,132.5042900073874,229,success,128.55601501464844,10.493169784545898,0.40629085898399353,41.96088790893555,48.5619010925293,7.443782806396484,29.01437759399414,39.78252219810389,-18.618207752862656,12.43387017170891,0.7684787502294413,0.989208996295929,0.0,3.667017447302648
2026-04-13 14:27:49,2319,847,1,v8_7_phase_2_2_radius_105_120_reward_grid,520,129.81632899257346,226,success,127.46578216552734,11.318343162536621,0.40629085898399353,41.37344741821289,48.5619010925293,8.028099060058594,28.39287757873535,40.12065071296537,-37.51271714821984,1.5001605511867981,0.7646891943114383,0.9965947866439819,0.0,6.616743558776901
2026-04-13 14:27:53,2319,848,1,v8_7_phase_2_2_radius_105_120_reward_grid,520,143.0628305964131,217,success,124.28335571289062,14.888012886047363,0.40629085898399353,38.09278869628906,48.5619010925293,11.330394744873047,24.75238800048828,37.70377119968344,-36.98498941218798,18.094974281304662,0.7911832806348231,0.9405674934387207,0.0,5.342655255688316
2026-04-13 14:27:57,2319,849,1,v8_7_phase_2_2_radius_105_120_reward_grid,520,148.11053846297392,210,success,117.9997329711914,14.953516960144043,0.40629085898399353,35.56910705566406,48.5619010925293,13.83599853515625,22.181156158447266,25.723614272839196,-22.25128953277728,23.73693251688322,0.9008982135874368,0.9805944561958313,0.0,1.252012577398442
2026-04-13 14:28:02,2320,850,1,v8_7_phase_2_2_radius_105_120_reward_grid,520,131.2897912213923,216,success,124.31905364990234,13.832032203674316,0.40629085898399353,37.879676818847656,48.5619010925293,11.522293090820312,24.894420623779297,40.494190343578786,-39.014224954220424,43.06257369793536,0.7604718141856998,0.9926354289054871,0.0,2.4680139897520634
2026-04-13 14:28:06,2320,851,1,v8_7_phase_2_2_radius_105_120_reward_grid,520,150.70365087928906,210,success,122.21495819091797,14.93117618560791,0.40629085898399353,35.16086196899414,48.5619010925293,14.255706787109375,21.673357009887695,34.49980117701674,9.446207971188286,43.86557854808625,0.8241281541122214,0.9551348686218262,0.0,4.09562101270272
2026-04-13 14:28:10,2320,852,1,v8_7_phase_2_2_radius_105_120_reward_grid,520,154.43546364883068,208,success,118.82586669921875,14.839873313903809,0.40629085898399353,34.919654846191406,48.5619010925293,14.485240936279297,20.864761352539062,20.213813367511214,-11.301637396958714,-29.58772037124033,0.9384097479769271,0.981581449508667,0.0,1.3766603866596079
2026-04-13 14:28:14,2320,853,1,v8_7_phase_2_2_radius_105_120_reward_grid,520,149.59782908398182,211,success,122.4307861328125,14.85527515411377,0.40629085898399353,36.07936096191406,48.5619010925293,13.323665618896484,25.620655059814453,22.182483914625866,6.88247725631696,12.002091225590092,0.9259860525191362,0.9927317500114441,0.0,2.67340711224606
2026-04-13 14:28:18,2320,854,1,v8_7_phase_2_2_radius_105_120_reward_grid,520,151.9798283214172,210,success,118.06629943847656,14.702981948852539,0.40629085898399353,35.77751159667969,48.5619010925293,13.627155303955078,15.638854026794434,17.896842446313638,-4.813162164234877,-12.900455761838115,0.951611340767896,0.9882063865661621,0.0,4.62155604283886
2026-04-13 14:28:22,2320,855,1,v8_7_phase_2_2_radius_105_120_reward_grid,520,140.64681709815972,215,success,127.19470977783203,14.50717830657959,0.40629085898399353,36.54640197753906,48.5619010925293,12.877639770507812,25.360504150390625,26.186711343849815,-11.521862332593788,-17.942451034496397,0.8973607443477565,0.9338967204093933,0.0,4.6872405792912755
2026-04-13 14:28:26,2321,856,1,v8_7_phase_2_2_radius_105_120_reward_grid,520,147.8705686347797,212,success,125.68148803710938,14.965795516967773,0.40629085898399353,36.588436126708984,48.5619010925293,12.812191009521484,28.069061279296875,26.623022120482936,24.786935790441987,-10.351441116420403,0.8939742497758996,0.9937670826911926,0.0,0.5777446256113513
2026-04-13 14:28:31,2321,857,1,v8_7_phase_2_2_radius_105_120_reward_grid,520,163.81872374892322,212,success,115.85523223876953,14.980250358581543,0.40629085898399353,35.91011047363281,48.5619010925293,13.505268096923828,5.562655925750732,10.462208855511438,-10.701052033050322,4.031231008994417,0.9833748925644402,0.9569571614265442,0.0,3.7682942293688733
2026-04-13 14:28:35,2321,858,1,v8_7_phase_2_2_radius_105_120_reward_grid,520,141.30488976247497,214,success,120.21863555908203,14.786867141723633,0.40629085898399353,36.88710403442383,48.5619010925293,12.5400390625,19.482084274291992,30.09769303052475,-29.910829300116955,-19.236648938808756,0.8651716128035903,0.9296104311943054,0.0,4.915623142787845
2026-04-13 14:28:39,2321,859,1,v8_7_phase_2_2_radius_105_120_reward_grid,520,153.47045805467945,217,success,120.65009307861328,14.559415817260742,0.40629085898399353,37.389259338378906,48.5619010925293,12.048416137695312,26.906145095825195,22.947507790349608,-9.511344070208114,23.20285270492324,0.9208624400574914,0.8879954218864441,0.0,3.3359903005708875
2026-04-13 14:28:43,2321,860,1,v8_7_phase_2_2_radius_105_120_reward_grid,520,148.63987572137825,218,success,123.11956787109375,14.501731872558594,0.40629085898399353,37.51634216308594,48.5619010925293,11.929340362548828,27.297998428344727,25.29606150626932,-22.826592951472872,-31.65704570860617,0.9041119239689244,0.8699565529823303,0.0,1.4829098780683572
2026-04-13 14:28:47,2321,861,1,v8_7_phase_2_2_radius_105_120_reward_grid,520,138.255841198524,215,success,124.6322250366211,14.898324012756348,0.40629085898399353,37.544342041015625,48.5619010925293,11.855537414550781,25.885330200195312,39.24157121583888,7.725146295638583,-34.194372192806696,0.7744857130057723,0.998928427696228,0.0,2.2665630456721892
2026-04-13 14:28:51,2322,862,1,v8_7_phase_2_2_radius_105_120_reward_grid,520,-159.50089104621134,231,near_miss,123.85758972167969,10.332423210144043,0.40629085898399353,42.11416244506836,48.5619010925293,7.334537506103516,10.040975570678711,75.20959668703074,-66.98043451083764,126.20645963431141,0.2552838174436671,0.8568650484085083,0.0,1.230113586862297
2026-04-13 14:28:55,2322,863,1,v8_7_phase_2_2_radius_105_120_reward_grid,520,159.26244219574528,216,success,125.27689361572266,14.524665832519531,0.40629085898399353,37.513206481933594,48.5619010925293,11.893596649169922,23.764686584472656,29.632294185763833,7.882394325805201,13.836926777239285,0.8692163860752046,0.9775838851928711,0.0,2.8494564065872803
2026-04-13 14:28:59,2322,864,1,v8_7_phase_2_2_radius_105_120_reward_grid,520,162.13877999999534,213,success,128.3249969482422,14.819144248962402,0.40629085898399353,35.05355453491211,48.5619010925293,14.361446380615234,20.593135833740234,28.43842663771709,27.067899661882546,31.082585818273078,0.8793293875278076,0.9515033960342407,0.0,2.55971260287163
2026-04-13 14:29:04,2322,865,1,v8_7_phase_2_2_radius_105_120_reward_grid,520,-168.8451721229087,242,near_miss,129.45359802246094,6.958706378936768,0.40629085898399353,47.590736389160156,48.5619010925293,1.8121070861816406,-0.5395699739456177,76.78173547923842,-77.64425176762764,26.791785849590195,0.22866121211441026,0.994341254234314,0.0,4.5053714212117715
2026-04-13 14:29:08,2322,866,1,v8_7_phase_2_2_radius_105_120_reward_grid,520,146.3578325554199,216,success,122.24034118652344,14.846035957336426,0.40629085898399353,37.454532623291016,48.5619010925293,11.962684631347656,18.558141708374023,26.55105924738768,-20.867774952235962,-11.10522762341218,0.8945363762329379,0.9557842016220093,0.0,5.583810748891608
2026-04-13 14:29:13,2323,867,1,v8_7_phase_2_2_radius_105_120_reward_grid,520,148.14167266065937,206,success,116.19281768798828,14.78520393371582,0.40629085898399353,34.76064682006836,48.5619010925293,14.643840789794922,19.535898208618164,16.727157183023323,-11.301236123344975,36.49238250886832,0.9576861834701689,0.9861060380935669,0.0,4.508593010764169
2026-04-13 14:29:18,2323,868,1,v8_7_phase_2_2_radius_105_120_reward_grid,520,-161.23471918383214,236,near_miss,125.62435150146484,9.631354331970215,0.40629085898399353,44.088741302490234,48.5619010925293,5.330944061279297,-0.36478954553604126,75.83966797758607,-65.25149506585396,43.488671634212025,0.24463614443349535,0.94110107421875,0.0,4.012064278996614
2026-04-13 14:29:22,2323,869,1,v8_7_phase_2_2_radius_105_120_reward_grid,520,148.52058546355676,213,success,122.41551971435547,14.78945541381836,0.40629085898399353,36.88032531738281,48.5619010925293,12.537860870361328,26.850561141967773,22.788198750600937,-10.647268562204703,11.231341090020942,0.9219429488736892,0.952216386795044,0.0,3.0438599232530588
2026-04-13 14:29:27,2323,870,1,v8_7_phase_2_2_radius_105_120_reward_grid,520,158.4028856013879,208,success,120.23004150390625,14.933968544006348,0.40629085898399353,34.61854553222656,48.5619010925293,14.79327392578125,19.24593162536621,16.79494168789382,2.8892731120831785,21.5214428388264,0.9573450107425245,0.9639385938644409,0.0,3.7071969544019447
2026-04-13 14:29:32,2323,871,1,v8_7_phase_2_2_radius_105_120_reward_grid,520,152.1140171772626,210,success,123.28536224365234,14.993268013000488,0.40629085898399353,35.97751235961914,48.5619010925293,13.423194885253906,25.60123634338379,20.51538841748208,20.529738644928276,3.7338590866840473,0.9365780972751023,0.9941363334655762,0.0,1.1902037756200798
2026-04-13 14:29:36,2323,872,1,v8_7_phase_2_2_radius_105_120_reward_grid,520,144.28974369094024,217,success,125.25504302978516,13.173129081726074,0.40629085898399353,37.77833557128906,48.5619010925293,11.628898620605469,22.45503044128418,40.06487538820305,-32.15632570674493,40.0968201829512,0.7653161307880935,0.9760352373123169,0.0,3.7515774767876935
2026-04-13 14:29:41,2324,873,1,v8_7_phase_2_2_radius_105_120_reward_grid,520,143.3950893515489,214,success,127.5425796508789,14.613794326782227,0.40629085898399353,37.17687225341797,48.5619010925293,12.227802276611328,28.309846878051758,36.40046182301828,24.81167985825765,24.891898722512156,0.8048890141763897,0.9823139309883118,0.0,1.260840520808648
2026-04-13 14:29:45,2324,874,1,v8_7_phase_2_2_radius_105_120_reward_grid,520,154.6661993495145,214,success,124.64005279541016,14.221856117248535,0.40629085898399353,37.152530670166016,48.5619010925293,12.262214660644531,23.028501510620117,40.432261018374284,18.72113870365475,-29.042107784866786,0.7611732558042834,0.9575265645980835,0.0,3.598838469096283
2026-04-13 14:29:49,2324,875,1,v8_7_phase_2_2_radius_105_120_reward_grid,520,151.47503420945583,210,success,118.52371978759766,14.773889541625977,0.40629085898399353,35.82284164428711,48.5619010925293,13.57891845703125,23.342933654785156,25.304652176697903,11.616082230873175,26.199039835301686,0.9040478470166876,0.9947783350944519,0.0,2.6555881654833033
2026-04-13 14:29:53,2324,876,1,v8_7_phase_2_2_radius_105_120_reward_grid,520,146.50359117538528,208,success,117.6198501586914,14.921060562133789,0.40629085898399353,35.34214401245117,48.5619010925293,14.06005859375,22.343366622924805,14.657816477731851,-8.146952311795536,8.504909719591211,0.967454317697249,0.9937024116516113,0.0,3.4286603158815625
2026-04-13 14:29:57,2324,877,1,v8_7_phase_2_2_radius_105_120_reward_grid,520,155.47820713674093,208,success,117.42515563964844,14.67389965057373,0.40629085898399353,35.04925537109375,48.5619010925293,14.367687225341797,20.738433837890625,8.597199235656424,-4.113993264941107,-6.482341722849164,0.9887636895359875,0.9536912441253662,0.0,2.4536077464664983
2026-04-13 14:30:03,2325,878,1,v8_7_phase_2_2_radius_105_120_reward_grid,520,151.78136681246045,210,success,121.31405639648438,14.713241577148438,0.40629085898399353,35.81708526611328,48.5619010925293,13.593513488769531,20.96257209777832,36.967367524129344,4.6372186256494645,42.094059703816725,0.7989781407218837,0.9674503803253174,0.0,1.251440704504002
2026-04-13 14:30:07,2325,879,1,v8_7_phase_2_2_radius_105_120_reward_grid,520,161.80475119973875,213,success,126.95538330078125,14.6174898147583,0.40629085898399353,36.18968963623047,48.5619010925293,13.217777252197266,24.995624542236328,36.741913224910974,19.42662382038349,-35.78692300534897,0.8013382527533974,0.9731589555740356,0.0,2.735855963219669
2026-04-13 14:30:12,2325,880,1,v8_7_phase_2_2_radius_105_120_reward_grid,520,145.54334845440812,213,success,118.938720703125,14.892826080322266,0.40629085898399353,36.309898376464844,48.5619010925293,13.107463836669922,19.861820220947266,34.22947253495139,-30.538571496165314,-23.188140477451032,0.8267913332367394,0.9461850523948669,0.0,1.2262400029513587
2026-04-13 14:30:16,2325,881,1,v8_7_phase_2_2_radius_105_120_reward_grid,520,149.3968122447427,212,success,123.00341796875,14.651543617248535,0.40629085898399353,35.03834915161133,48.5619010925293,14.385387420654297,18.808151245117188,28.823954957871166,19.896568156037045,-34.808262765218274,0.8761051856753589,0.9340177774429321,0.0,3.631359795283544
2026-04-13 14:30:20,2325,882,1,v8_7_phase_2_2_radius_105_120_reward_grid,520,163.79279361392298,212,success,115.62159729003906,14.97592830657959,0.40629085898399353,35.809139251708984,48.5619010925293,13.613273620605469,3.6395788192749023,7.617647655839045,-4.029682690486939,4.45595266215332,0.9911747569828495,0.9369154572486877,0.0,1.417721385845671
2026-04-13 14:30:24,2325,883,1,v8_7_phase_2_2_radius_105_120_reward_grid,520,161.10555769297895,207,success,117.43013000488281,14.65165901184082,0.40629085898399353,34.879371643066406,48.5619010925293,14.531044006347656,19.242170333862305,21.040011832536173,-11.408087602720654,-35.86731091678543,0.9333299368399447,0.967365026473999,0.0,4.029742916834551
2026-04-13 14:30:30,2326,884,1,v8_7_phase_2_2_radius_105_120_reward_grid,520,-157.05975971881,254,near_miss,129.2691192626953,12.868338584899902,0.40629085898399353,49.87162399291992,48.5619010925293,-0.4539985656738281,-14.14349365234375,76.59428093746742,-83.46885950689608,-8.367643407841465,0.23184500139505496,0.9480736255645752,0.0,0.9314457551565677
2026-04-13 14:30:34,2326,885,1,v8_7_phase_2_2_radius_105_120_reward_grid,520,161.7544303654644,209,success,117.42098236083984,14.685672760009766,0.40629085898399353,34.81602096557617,48.5619010925293,14.596832275390625,17.781110763549805,15.996383290892611,15.93728849419366,19.998799012439214,0.9612790932128695,0.9618799090385437,0.0,1.0950429605918353
2026-04-13 14:30:38,2326,886,1,v8_7_phase_2_2_radius_105_120_reward_grid,520,154.12498266654794,208,success,119.15711212158203,14.648811340332031,0.40629085898399353,35.28071594238281,48.5619010925293,14.119754791259766,22.35346794128418,16.942419132452738,11.186163657529539,-24.395026366055824,0.9565980994569718,0.9957842826843262,0.0,1.659729131641443
2026-04-13 14:30:42,2326,887,1,v8_7_phase_2_2_radius_105_120_reward_grid,520,166.46477337548825,209,success,122.03389739990234,14.996062278747559,0.40629085898399353,35.66471862792969,48.5619010925293,13.737907409667969,25.16124725341797,22.51711366508501,16.94381249104342,18.05860864661622,0.9237651876617996,0.986484706401825,0.0,0.3420740201836786
2026-04-13 14:30:47,2326,888,1,v8_7_phase_2_2_radius_105_120_reward_grid,520,138.54405241573366,221,success,126.41851806640625,14.58911418914795,0.40629085898399353,39.18168258666992,48.5619010925293,10.234619140625,23.703157424926758,30.212720246336932,-26.426843719594537,4.449403791399746,0.8641631051061914,0.9595621824264526,0.0,3.6415626139454695
2026-04-13 14:30:51,2326,889,1,v8_7_phase_2_2_radius_105_120_reward_grid,520,138.75388839649497,219,success,124.32341766357422,12.642072677612305,0.40629085898399353,39.195343017578125,48.5619010925293,10.204948425292969,25.400259017944336,40.10360256079702,-16.700247945240765,-37.15110985808644,0.76488089913647,0.9968725442886353,0.0,1.9170778348794046
2026-04-13 14:30:56,2327,890,1,v8_7_phase_2_2_radius_105_120_reward_grid,520,147.67828360420776,209,success,121.761962890625,14.589686393737793,0.40629085898399353,35.488502502441406,48.5619010925293,13.923072814941406,23.011253356933594,28.580439930939992,28.639591076699595,31.663507067561,0.8781463437302048,0.9674767255783081,0.0,3.887834218720428
2026-04-13 14:31:03,2327,891,1,v8_7_phase_2_2_radius_105_120_reward_grid,520,-573.9242081013435,375,wrong_way,117.20315551757812,123.21475219726562,0.40629085898399353,125.01981353759766,48.5619010925293,-75.48441314697266,-47.70140838623047,151.51246077337038,164.37744992416958,-143.64562647226813,-0.8789208650916389,0.6169788241386414,0.0,1.0457619840009449
2026-04-13 14:31:08,2327,892,1,v8_7_phase_2_2_radius_105_120_reward_grid,520,146.22438924120945,211,success,122.8014907836914,14.847594261169434,0.40629085898399353,36.28082275390625,48.5619010925293,13.122722625732422,25.02558708190918,37.266717639978076,-32.37858006233714,-37.9836177103572,0.7958253572686091,0.9839008450508118,0.0,2.640428084581687
2026-04-13 14:31:14,2327,893,1,v8_7_phase_2_2_radius_105_120_reward_grid,520,145.41414765460303,217,success,126.47653198242188,14.716108322143555,0.40629085898399353,38.09096908569336,48.5619010925293,11.317859649658203,27.906038284301758,40.03284863118486,7.570796827000988,-20.66945357949547,0.7656757963272788,0.9696973562240601,0.0,1.3113581412397752
2026-04-13 14:31:19,2328,894,1,v8_7_phase_2_2_radius_105_120_reward_grid,520,136.37289847771692,232,success,129.1416473388672,6.854056358337402,0.40629085898399353,43.86534118652344,48.5619010925293,5.542072296142578,23.644502639770508,40.20029754887689,-6.387642430667407,-25.368251483154477,0.7637926766285814,0.976076602935791,0.0,3.853366057833533
2026-04-13 14:31:31,2328,895,1,v8_7_phase_2_2_radius_105_120_reward_grid,520,-915.8155692998967,520,timeout,118.37828063964844,95.03956604003906,0.40629085898399353,60.01182174682617,48.5619010925293,-10.317432403564453,-23.5349178314209,79.2365942594002,-34.64171543249668,77.75447053026413,0.18675389905711762,0.1874978393316269,0.0,3.5220368664633237
2026-04-13 14:31:36,2328,896,1,v8_7_phase_2_2_radius_105_120_reward_grid,520,-163.2456136696348,241,near_miss,129.473388671875,5.635494232177734,0.40629085898399353,47.25727844238281,48.5619010925293,2.1481590270996094,2.259742259979248,79.23875259917794,-73.74249254387951,42.908935422745095,0.18671689153002516,0.9790003895759583,0.0,3.0888426416354084
2026-04-13 14:31:39,2328,897,1,v8_7_phase_2_2_radius_105_120_reward_grid,520,162.4978885746584,207,success,117.136474609375,14.857295036315918,0.40629085898399353,35.07085037231445,48.5619010925293,14.328819274902344,21.59174346923828,13.574584333860972,-9.666377411536356,8.956600374687909,0.9720652109466242,0.9992368817329407,0.0,3.7591123225492438
2026-04-13 14:31:51,2329,898,1,v8_7_phase_2_2_radius_105_120_reward_grid,520,-744.0842577014605,517,wrong_way,121.44086456298828,204.89581298828125,0.40629085898399353,5.564540386199951,48.5619010925293,44.44843292236328,-48.890995025634766,129.47715035988537,99.54775319050974,-131.21906716429206,-0.6357704446992096,-0.6314389705657959,0.0,2.6210356176637934
2026-04-13 14:31:55,2329,899,1,v8_7_phase_2_2_radius_105_120_reward_grid,520,143.40726896429757,214,success,117.91650390625,14.735188484191895,0.40629085898399353,36.60242462158203,48.5619010925293,12.807723999023438,19.233278274536133,20.56957913835696,-19.602325314140188,-9.941340336953559,0.9362462120732643,0.9688489437103271,0.0,2.985125242159796
2026-04-13 14:31:58,2329,900,1,v8_7_phase_2_2_radius_105_120_reward_grid,520,152.44422394391646,209,success,117.09986877441406,14.97242259979248,0.40629085898399353,35.27570343017578,48.5619010925293,14.143341064453125,14.706255912780762,5.976418938855742,-6.230360249554939,4.625148400725583,0.9945648316198242,0.9493827223777771,0.0,4.293007135357135
2026-04-13 14:32:03,2329,901,1,v8_7_phase_2_2_radius_105_120_reward_grid,520,153.22995251210233,209,success,119.2149429321289,14.683002471923828,0.40629085898399353,35.6561393737793,48.5619010925293,13.743881225585938,20.221324920654297,17.729152764453364,6.185324970375636,11.755812533366004,0.9525066623568769,0.996658444404602,0.0,1.3737696276722287
2026-04-13 14:32:09,2329,902,1,v8_7_phase_2_2_radius_105_120_reward_grid,520,146.13723259839142,210,success,119.28958892822266,14.954073905944824,0.40629085898399353,35.96314239501953,48.5619010925293,13.451793670654297,24.485475540161133,9.673025746919716,-7.003282812166976,-2.7729415435829328,0.9857826828846303,0.9558744430541992,0.0,2.177240250008697
2026-04-13 14:32:14,2330,903,1,v8_7_phase_2_2_radius_105_120_reward_grid,520,154.70834323868598,208,success,119.61011505126953,14.935129165649414,0.40629085898399353,35.15384292602539,48.5619010925293,14.25015640258789,20.66531753540039,23.217056083302282,22.860346038803783,30.065816537668297,0.9190180280088562,0.9878089427947998,0.0,1.5249213358878915
2026-04-13 14:32:19,2330,904,1,v8_7_phase_2_2_radius_105_120_reward_grid,520,131.49939356669108,226,success,128.41671752929688,11.124715805053711,0.40629085898399353,41.72098159790039,48.5619010925293,7.680366516113281,26.5150146484375,40.050118764501235,-25.854178461465867,8.518263593192232,0.7654818797158062,0.990705668926239,0.0,1.3625519991759356
2026-04-13 14:32:23,2330,905,1,v8_7_phase_2_2_radius_105_120_reward_grid,520,153.65057320673208,208,success,117.68268585205078,14.940071105957031,0.40629085898399353,35.360172271728516,48.5619010925293,14.059986114501953,22.069063186645508,25.30999679972344,-20.700324326996636,20.810387702829516,0.9040079717522288,0.9409705400466919,0.0,4.096480070425045
2026-04-13 14:32:28,2330,906,1,v8_7_phase_2_2_radius_105_120_reward_grid,520,136.53860808982643,229,success,129.6431884765625,9.452004432678223,0.40629085898399353,42.24428176879883,48.5619010925293,7.160335540771484,28.20195198059082,39.04172671091348,-2.9757196147568563,-18.4000173598266,0.7766874411962601,0.9885412454605103,0.0,4.737902312891708
2026-04-13 14:32:33,2330,907,1,v8_7_phase_2_2_radius_105_120_reward_grid,520,148.51918296718702,213,success,124.75753021240234,14.856225967407227,0.40629085898399353,36.936073303222656,48.5619010925293,12.475635528564453,26.29652976989746,36.99296707313855,-5.967983655230777,-24.30849982210281,0.7987093754584267,0.9706868529319763,0.0,3.7213656355921136
2026-04-13 14:32:37,2331,908,1,v8_7_phase_2_2_radius_105_120_reward_grid,520,172.87310664671008,215,success,122.4876937866211,14.819282531738281,0.40629085898399353,36.413883209228516,48.5619010925293,12.995628356933594,11.634252548217773,17.484232426100462,-6.558075287253089,-6.486287010868494,0.953799667690452,0.9721488356590271,0.0,1.390161458629932
2026-04-13 14:32:41,2331,909,1,v8_7_phase_2_2_radius_105_120_reward_grid,520,-245.4151360054392,213,near_miss,122.96874237060547,17.822174072265625,0.40629085898399353,34.775081634521484,48.5619010925293,14.788799285888672,8.687886238098145,91.26063685920909,-88.50409545359699,-172.99178012803804,-0.022000488693588713,0.5367072820663452,0.0,1.0649305873277364
2026-04-13 14:32:45,2331,910,1,v8_7_phase_2_2_radius_105_120_reward_grid,520,151.12105285585943,216,success,121.83468627929688,14.870810508728027,0.40629085898399353,37.878013610839844,48.5619010925293,11.530925750732422,25.092275619506836,28.33745595121679,-27.585149887727614,6.729975780736678,0.8801672398597806,0.975563645362854,0.0,4.214908113186983
2026-04-13 14:32:51,2331,911,1,v8_7_phase_2_2_radius_105_120_reward_grid,520,132.8759634769528,221,success,128.55844116210938,14.557066917419434,0.40629085898399353,39.61973190307617,48.5619010925293,9.789112091064453,26.493059158325195,38.169979421861,0.6714387581503416,-7.879208896331037,0.7861808052730676,0.9793323874473572,0.0,3.9299044902372593
2026-04-13 14:32:55,2331,912,1,v8_7_phase_2_2_radius_105_120_reward_grid,520,157.58509155487525,211,success,122.5747299194336,14.867105484008789,0.40629085898399353,36.315555572509766,48.5619010925293,13.084312438964844,26.42488670349121,24.117099138538837,11.347532853086614,8.228813836545433,0.9127122759662272,0.9958488941192627,0.0,2.0411325012513926
2026-04-13 14:32:59,2331,913,1,v8_7_phase_2_2_radius_105_120_reward_grid,520,137.28349669911313,227,success,124.85954284667969,8.81539535522461,0.40629085898399353,41.70140838623047,48.5619010925293,7.708412170410156,16.76578140258789,40.36072503210215,-37.17251567094526,32.899600552604056,0.7619824001980726,0.9662705659866333,0.0,1.0714389931274186
2026-04-13 14:33:05,2332,914,1,v8_7_phase_2_2_radius_105_120_reward_grid,520,164.39357852770468,211,success,124.08308410644531,14.688387870788574,0.40629085898399353,36.11355209350586,48.5619010925293,13.29232406616211,25.085622787475586,31.476933620192934,16.355354128006386,-29.73014689090802,0.8528504449583885,0.9835265874862671,0.0,4.008543889485515
2026-04-13 14:33:09,2332,915,1,v8_7_phase_2_2_radius_105_120_reward_grid,520,155.8658447006892,207,success,118.0081558227539,14.708111763000488,0.40629085898399353,34.955841064453125,48.5619010925293,14.447380065917969,20.6862735748291,10.303624669588437,7.511544935951128,-16.085761438824104,0.9838737245041475,0.9899365305900574,0.0,4.273717005494586
2026-04-13 14:33:13,2332,916,1,v8_7_phase_2_2_radius_105_120_reward_grid,520,131.44940323851336,225,success,129.0773162841797,12.19069766998291,0.40629085898399353,40.887916564941406,48.5619010925293,8.516357421875,29.21478843688965,39.66266603854851,-22.636302173649025,11.502758293485263,0.7698156131416608,0.9868146777153015,0.0,1.4720588915106931
2026-04-13 14:33:18,2332,917,1,v8_7_phase_2_2_radius_105_120_reward_grid,520,152.59797750268774,211,success,123.60648345947266,14.78918743133545,0.40629085898399353,36.133670806884766,48.5619010925293,13.276710510253906,25.228328704833984,39.69781077692281,36.810037531692686,-44.53341395456259,0.7694239612610894,0.9721080660820007,0.0,2.1509059642474333
2026-04-13 14:33:22,2332,918,1,v8_7_phase_2_2_radius_105_120_reward_grid,520,170.1054566724398,210,success,116.80194854736328,14.964943885803223,0.40629085898399353,35.03484344482422,48.5619010925293,14.395164489746094,7.718664646148682,8.120183092890965,7.948532755085727,1.8731249518060484,0.9899739622238705,0.9150451421737671,0.0,3.305406142953856
2026-04-13 14:33:27,2333,919,1,v8_7_phase_2_2_radius_105_120_reward_grid,520,155.56678142446532,208,success,117.06497955322266,14.82512092590332,0.40629085898399353,34.72863006591797,48.5619010925293,14.68988037109375,18.532886505126953,22.355781181794722,17.578627347977328,30.699613696415877,0.9248398546303807,0.9551663398742676,0.0,5.071113445304748
2026-04-13 14:33:31,2333,920,1,v8_7_phase_2_2_radius_105_120_reward_grid,520,-243.5612989234826,214,near_miss,116.7370834350586,17.922080993652344,0.40629085898399353,36.91794204711914,48.5619010925293,12.579204559326172,7.6585774421691895,77.30048151651172,-82.63302876759411,-124.98119199910282,0.21983800590542185,0.718110203742981,0.0,0.7532474138835473
2026-04-13 14:33:35,2333,921,1,v8_7_phase_2_2_radius_105_120_reward_grid,520,151.39269854108267,210,success,120.03530883789062,14.978853225708008,0.40629085898399353,35.58551788330078,48.5619010925293,13.817089080810547,24.96354103088379,25.795561778008818,4.375331670511428,25.701136120280683,0.9003524823925997,0.989478349685669,0.0,1.8101689301730177
2026-04-13 14:33:40,2333,922,1,v8_7_phase_2_2_radius_105_120_reward_grid,520,153.43676524533208,208,success,118.8131103515625,14.732704162597656,0.40629085898399353,35.1665153503418,48.5619010925293,14.233322143554688,19.25387954711914,16.343015391270757,14.54607287536315,-34.095938921583056,0.959594308105835,0.9994828104972839,0.0,2.9352872872328994
2026-04-13 14:33:45,2333,923,1,v8_7_phase_2_2_radius_105_120_reward_grid,520,160.4435431558236,207,success,118.28384399414062,14.666807174682617,0.40629085898399353,34.90177917480469,48.5619010925293,14.500911712646484,20.079952239990234,15.124140813125303,8.54463324603036,-40.60780029513819,0.9653627850818955,0.9932194948196411,0.0,2.636655128664608
2026-04-13 14:33:50,2333,924,1,v8_7_phase_2_2_radius_105_120_reward_grid,520,147.72600312989164,210,success,122.00798034667969,14.94432258605957,0.40629085898399353,35.830848693847656,48.5619010925293,13.572975158691406,22.947404861450195,33.82368758126635,15.066505969361442,-43.59537967961513,0.8307544110347709,0.9873607754707336,0.0,4.205070003568104
2026-04-13 14:33:55,2334,925,1,v8_7_phase_2_2_radius_105_120_reward_grid,520,-171.27621400702847,225,near_miss,120.40570068359375,12.089797973632812,0.40629085898399353,40.571102142333984,48.5619010925293,8.931198120117188,-2.4139392375946045,75.9503580232753,-80.87736279238818,-125.40488229369706,0.24276248437671555,0.704007089138031,0.0,0.7605259116205898
2026-04-13 14:34:00,2334,926,1,v8_7_phase_2_2_radius_105_120_reward_grid,520,140.16256351703365,216,success,119.10071563720703,14.457084655761719,0.40629085898399353,37.01963424682617,48.5619010925293,12.383888244628906,21.901960372924805,40.14610341290743,-27.687508810176716,37.59861019212734,0.7644028551719111,0.9844303727149963,0.0,0.5975281578397728
2026-04-13 14:34:04,2334,927,1,v8_7_phase_2_2_radius_105_120_reward_grid,520,145.08625115348818,211,success,122.63080596923828,14.540950775146484,0.40629085898399353,36.23554992675781,48.5619010925293,13.171337127685547,25.67457389831543,34.7892372732852,34.797208104046604,-42.47315910841453,0.8212564003458441,0.9853053689002991,0.0,6.382613299610649
2026-04-13 14:34:09,2334,928,1,v8_7_phase_2_2_radius_105_120_reward_grid,520,148.65499867078492,209,success,117.57023620605469,14.70351505279541,0.40629085898399353,35.77478790283203,48.5619010925293,13.629013061523438,21.742271423339844,27.936621177132714,-1.7852023812197073,-29.942053509907666,0.8834663675138028,0.9862887859344482,0.0,4.214831456636064
2026-04-13 14:34:13,2334,929,1,v8_7_phase_2_2_radius_105_120_reward_grid,520,146.82861100374234,212,success,117.82634735107422,14.681205749511719,0.40629085898399353,36.329681396484375,48.5619010925293,13.086044311523438,16.727245330810547,40.13058522311316,-24.219381221359775,31.55903590911107,0.7645774504823959,0.9508596062660217,0.0,1.3323722480527975
2026-04-13 14:34:18,2334,930,1,v8_7_phase_2_2_radius_105_120_reward_grid,520,142.79171164294206,214,success,123.17777252197266,14.956632614135742,0.40629085898399353,37.41581726074219,48.5619010925293,11.989616394042969,26.863481521606445,32.31474511435421,-14.944165328495465,15.122090048827006,0.8451242892313436,0.978506326675415,0.0,0.5851810041075304
2026-04-13 14:34:24,2335,931,1,v8_7_phase_2_2_radius_105_120_reward_grid,520,141.60473237168233,220,success,128.7785186767578,13.885199546813965,0.40629085898399353,39.06282043457031,48.5619010925293,10.336746215820312,30.399240493774414,40.292778310238866,23.81245391853605,15.16256404230121,0.7627498464854192,0.9981957674026489,0.0,3.280658217326433
2026-04-13 14:34:28,2335,932,1,v8_7_phase_2_2_radius_105_120_reward_grid,520,165.82770329410445,209,success,116.63004302978516,14.828466415405273,0.40629085898399353,35.3740119934082,48.5619010925293,14.03036880493164,11.5421724319458,22.923926562240137,-10.169451579759059,-24.994409616670293,0.9210228281418724,0.9839798212051392,0.0,0.8266674907259757
2026-04-13 14:34:32,2335,933,1,v8_7_phase_2_2_radius_105_120_reward_grid,520,160.12064312749226,214,success,123.54190063476562,14.52538776397705,0.40629085898399353,36.70463943481445,48.5619010925293,12.709251403808594,26.89492416381836,25.2780724955428,19.532863997828454,15.396677313839858,0.9042460363583924,0.9576175212860107,0.0,1.1355541731660959
2026-04-13 14:34:37,2335,934,1,v8_7_phase_2_2_radius_105_120_reward_grid,520,154.32965640458386,216,success,125.10220336914062,14.908234596252441,0.40629085898399353,37.57086181640625,48.5619010925293,11.855159759521484,28.575836181640625,16.90884533758754,17.34834239746847,5.243864928672596,0.9567686939742936,0.9237927794456482,0.0,3.2766062936598295
2026-04-13 14:34:41,2335,935,1,v8_7_phase_2_2_radius_105_120_reward_grid,520,-169.81252207793838,238,near_miss,128.47381591796875,7.734044075012207,0.40629085898399353,46.25288009643555,48.5619010925293,3.15826416015625,5.211363315582275,77.67134712806507,-74.53798418594339,36.723799563232106,0.21351896736317305,0.9709470272064209,0.0,2.7924706495571585
2026-04-13 14:34:47,2336,936,1,v8_7_phase_2_2_radius_105_120_reward_grid,520,174.0823456278241,209,success,116.71200561523438,14.864919662475586,0.40629085898399353,35.58308029174805,48.5619010925293,13.817535400390625,10.268086433410645,16.628078458923117,-9.885409625387616,9.013705878791093,0.9581824545090325,0.9930379390716553,0.0,2.1296841505890285
2026-04-13 14:34:51,2336,937,1,v8_7_phase_2_2_radius_105_120_reward_grid,520,142.8919907859173,208,success,119.22112274169922,14.821622848510742,0.40629085898399353,35.41748809814453,48.5619010925293,13.98946762084961,23.497236251831055,29.936063434005565,-24.335931569356873,-44.25022065119552,0.866582816258116,0.9827579855918884,0.0,3.771271261564164
2026-04-13 14:34:55,2336,938,1,v8_7_phase_2_2_radius_105_120_reward_grid,520,152.80906767126697,212,success,122.84322357177734,14.67700481414795,0.40629085898399353,36.11921691894531,48.5619010925293,13.287723541259766,25.523040771484375,28.912231737798994,26.2204012519309,24.61851527834052,0.8753613339473645,0.9804762005805969,0.0,3.867383404113614
2026-04-13 14:34:59,2336,939,1,v8_7_phase_2_2_radius_105_120_reward_grid,520,165.18768257940235,208,success,117.38807678222656,14.67972183227539,0.40629085898399353,35.36384201049805,48.5619010925293,14.041984558105469,17.334943771362305,19.248057062269968,-0.24866037385158668,-21.470224957787767,0.9441001998775207,0.9829527139663696,0.0,1.781958949425718
2026-04-13 14:35:03,2336,940,1,v8_7_phase_2_2_radius_105_120_reward_grid,520,151.45474807951524,212,success,122.4861831665039,14.533462524414062,0.40629085898399353,36.58987808227539,48.5619010925293,12.8187255859375,26.11853790283203,16.623961562400893,-0.3851217904963292,3.5050007919380763,0.9582030134583936,0.9778236150741577,0.0,2.6707548043518705
2026-04-13 14:35:07,2336,941,1,v8_7_phase_2_2_radius_105_120_reward_grid,520,139.95802550541683,215,success,126.75375366210938,14.807432174682617,0.40629085898399353,37.5986328125,48.5619010925293,11.80291748046875,29.33965492248535,36.11018219838733,31.06494002455235,19.02875505594649,0.8078851633540202,0.9945040345191956,0.0,2.582467478440282
2026-04-13 14:35:12,2337,942,1,v8_7_phase_2_2_radius_105_120_reward_grid,520,161.24894917943692,212,success,126.41584014892578,14.785435676574707,0.40629085898399353,35.39952850341797,48.5619010925293,14.018978118896484,23.272214889526367,35.75710239943269,16.941140179530652,35.75549388988315,0.8115015519923431,0.9411685466766357,0.0,0.9728775466841569
2026-04-13 14:35:16,2337,943,1,v8_7_phase_2_2_radius_105_120_reward_grid,520,139.01936612414409,216,success,127.00588989257812,14.77017879486084,0.40629085898399353,37.75304412841797,48.5619010925293,11.646728515625,27.068904876708984,39.444403928526164,20.145822249418323,-33.47344572591185,0.7722414286705124,0.9993175268173218,0.0,2.264941493615257
2026-04-13 14:35:20,2337,944,1,v8_7_phase_2_2_radius_105_120_reward_grid,520,157.48771762278037,211,success,116.65531158447266,14.710576057434082,0.40629085898399353,35.961585998535156,48.5619010925293,13.452919006347656,20.234027862548828,16.41516950966277,-5.018212127081476,11.039676590400276,0.9592391887902998,0.9594219923019409,0.0,3.9397749469348597
2026-04-13 14:35:24,2337,945,1,v8_7_phase_2_2_radius_105_120_reward_grid,520,157.9135041952673,213,success,126.52997589111328,14.849067687988281,0.40629085898399353,36.99066925048828,48.5619010925293,12.410240173339844,28.27898406982422,28.775112275116403,22.41962295996683,-9.79571985007524,0.8765158580313054,0.9942546486854553,0.0,0.8544225553643153
2026-04-13 14:35:28,2337,946,1,v8_7_phase_2_2_radius_105_120_reward_grid,520,156.49740376906766,208,success,121.32820892333984,14.88322639465332,0.40629085898399353,35.076358795166016,48.5619010925293,14.333229064941406,22.708993911743164,29.215994155851558,29.072505541767928,-44.79662553951278,0.8727858569043793,0.9719942808151245,0.0,1.3445422686094495
2026-04-13 14:35:33,2337,947,1,v8_7_phase_2_2_radius_105_120_reward_grid,520,155.91864743570463,210,success,120.78749084472656,14.823919296264648,0.40629085898399353,35.783355712890625,48.5619010925293,13.6168212890625,25.075424194335938,25.874571698780233,9.04463553667385,30.092293765985854,0.8997515463024489,0.9968274235725403,0.0,3.661072709668083
2026-04-13 14:35:40,2338,948,1,v8_7_phase_2_2_radius_105_120_reward_grid,520,154.68727624115428,211,success,119.83346557617188,14.820761680603027,0.40629085898399353,36.08091354370117,48.5619010925293,13.326141357421875,25.727027893066406,21.028098275076378,-10.269161242583845,-13.51096624438418,0.9334045679419938,0.976496160030365,0.0,1.3253382409700645
2026-04-13 14:35:47,2338,949,1,v8_7_phase_2_2_radius_105_120_reward_grid,520,140.09636573888355,214,success,126.3326416015625,14.816741943359375,0.40629085898399353,37.475318908691406,48.5619010925293,11.92880630493164,27.872093200683594,35.90167018340518,35.64109163638002,20.27057394706131,0.8100245472304393,0.9900941848754883,0.0,3.416320613816447
2026-04-13 14:35:53,2338,950,1,v8_7_phase_2_2_radius_105_120_reward_grid,520,139.0873187230598,213,success,124.00690460205078,14.890565872192383,0.40629085898399353,36.87921905517578,48.5619010925293,12.523426055908203,27.572038650512695,32.46722225738557,6.3049352431209,20.63908314335101,0.8436986858930688,0.994243323802948,0.0,3.3449532414829313
2026-04-13 14:35:59,2338,951,1,v8_7_phase_2_2_radius_105_120_reward_grid,520,157.21504452405463,208,success,115.95558166503906,14.829328536987305,0.40629085898399353,35.497230529785156,48.5619010925293,13.90396499633789,17.55651092529297,22.084009662267206,-21.680917510662443,27.270838242501966,0.9266335929758227,0.9972654581069946,0.0,5.920206634826309
2026-04-13 14:36:05,2338,952,1,v8_7_phase_2_2_radius_105_120_reward_grid,520,155.78814838383187,206,success,117.18721771240234,14.961481094360352,0.40629085898399353,34.527610778808594,48.5619010925293,14.872489929199219,18.16282081604004,8.300849280400618,-0.441018644601112,28.93001072020854,0.9895236492059349,0.9982534050941467,0.0,4.9330890714744715
2026-04-13 14:36:12,2339,953,1,v8_7_phase_2_2_radius_105_120_reward_grid,520,153.94689123327822,209,success,120.36846160888672,14.964876174926758,0.40629085898399353,35.820770263671875,48.5619010925293,13.58090591430664,25.624338150024414,18.83488696654485,-2.7707868323432057,-1.2255021027961892,0.9464528594997265,0.994468629360199,0.0,5.126995852081914
2026-04-13 14:36:18,2339,954,1,v8_7_phase_2_2_radius_105_120_reward_grid,520,166.75292423326624,216,success,127.18022918701172,14.718783378601074,0.40629085898399353,37.4443473815918,48.5619010925293,11.981029510498047,28.204341888427734,21.60574957129916,19.477244059869747,11.101334415585272,0.9297395402946913,0.9256950616836548,0.0,2.895923901662865
2026-04-13 14:36:25,2339,955,1,v8_7_phase_2_2_radius_105_120_reward_grid,520,142.84444382349847,215,success,127.31258392333984,14.57875919342041,0.40629085898399353,37.31265640258789,48.5619010925293,12.090530395507812,28.14078140258789,34.59462127816944,33.631810492007766,22.343864209240344,0.8231896720369707,0.991655170917511,0.0,2.453983575782991
2026-04-13 14:36:30,2339,956,1,v8_7_phase_2_2_radius_105_120_reward_grid,520,-212.51830969388004,213,near_miss,122.59197235107422,17.73645782470703,0.40629085898399353,35.45379638671875,48.5619010925293,14.019454956054688,18.087818145751953,75.2113793664041,-69.3142418483393,163.32012298027325,0.2552537346093736,0.783871591091156,0.0,0.7794625942271983
2026-04-13 14:36:34,2339,957,1,v8_7_phase_2_2_radius_105_120_reward_grid,520,135.55472364222973,214,success,125.57384490966797,14.584317207336426,0.40629085898399353,37.274227142333984,48.5619010925293,12.131694793701172,28.204360961914062,27.566699839232115,26.198875910761608,-10.842935552678997,0.8864726960132411,0.986624538898468,0.0,6.620775998265064
2026-04-13 14:36:39,2339,958,1,v8_7_phase_2_2_radius_105_120_reward_grid,520,137.7034495410365,215,success,125.18721771240234,14.637540817260742,0.40629085898399353,37.79331970214844,48.5619010925293,11.607818603515625,28.165616989135742,30.64154342809243,30.35970591727561,-0.3647782054555785,0.8603727103219769,0.9927725195884705,0.0,1.1284953308915173
2026-04-13 14:36:43,2340,959,1,v8_7_phase_2_2_radius_105_120_reward_grid,520,134.69978994518354,218,success,127.1676025390625,14.50963306427002,0.40629085898399353,38.66489028930664,48.5619010925293,10.75351333618164,29.656770706176758,37.22171010844228,31.16294982404745,16.107609506431682,0.7963007704610044,0.9461486339569092,0.0,1.9855388454832328
2026-04-13 14:36:47,2340,960,1,v8_7_phase_2_2_radius_105_120_reward_grid,520,166.74336092117264,208,success,119.15518951416016,14.938068389892578,0.40629085898399353,34.72248840332031,48.5619010925293,14.688533782958984,15.065947532653809,26.44760920221867,-5.457112399183679,44.92149164282437,0.8953419870868526,0.9614517688751221,0.0,0.7079188039642788
2026-04-13 14:36:51,2340,961,1,v8_7_phase_2_2_radius_105_120_reward_grid,520,-148.19088379965498,239,near_miss,129.18930053710938,8.487714767456055,0.40629085898399353,46.67327880859375,48.5619010925293,2.7303733825683594,3.4114668369293213,75.23714283995339,-75.96922300576287,-29.429676624035405,0.2548189466848001,0.9895493388175964,0.0,4.102321603788723
2026-04-13 14:36:55,2340,962,1,v8_7_phase_2_2_radius_105_120_reward_grid,520,155.14799496646626,221,success,128.1058349609375,12.517189025878906,0.40629085898399353,37.876564025878906,48.5619010925293,11.539619445800781,17.12703514099121,39.825132333241015,3.6379269453571026,-37.70404440725024,0.7680026707154455,0.9488312005996704,0.0,0.9659633252564642
2026-04-13 14:36:59,2340,963,1,v8_7_phase_2_2_radius_105_120_reward_grid,520,-155.91884786783294,243,near_miss,127.64281463623047,7.0562920570373535,0.40629085898399353,47.48975372314453,48.5619010925293,1.9097442626953125,-8.183337211608887,75.10898117036727,-75.23304472645138,27.393540883393953,0.25698130958571114,0.9991328716278076,0.0,3.471837461369881
2026-04-13 14:37:04,2341,964,1,v8_7_phase_2_2_radius_105_120_reward_grid,520,166.92946856437518,208,success,118.49012756347656,14.619434356689453,0.40629085898399353,35.03541564941406,48.5619010925293,13.936370849609375,22.524503707885742,25.563366082079646,1.3566734312070512,-40.25050285437107,0.9021086101073037,0.9895431995391846,0.0,3.223145158680307
2026-04-13 14:37:08,2341,965,1,v8_7_phase_2_2_radius_105_120_reward_grid,520,174.32473660972084,211,success,120.45899963378906,14.87774658203125,0.40629085898399353,35.73743438720703,48.5619010925293,13.676971435546875,10.31263542175293,28.099840500181216,-26.86614782663142,21.469731476620233,0.8821281772157089,0.9499643445014954,0.0,0.6883104318575952
2026-04-13 14:37:13,2341,966,1,v8_7_phase_2_2_radius_105_120_reward_grid,520,156.61649325182992,215,success,124.26717376708984,14.429723739624023,0.40629085898399353,37.61662673950195,48.5619010925293,11.796741485595703,28.68193244934082,17.7583671910808,17.223872445128745,1.0867709289128868,0.9523512686198077,0.9537323117256165,0.0,2.472332637783376
2026-04-13 14:37:18,2341,967,1,v8_7_phase_2_2_radius_105_120_reward_grid,520,161.05071916064213,206,success,117.01813507080078,14.763629913330078,0.40629085898399353,34.752906799316406,48.5619010925293,14.652915954589844,18.281639099121094,16.026680302503493,14.819517791237319,31.614319460253153,0.9611332386740429,0.9821582436561584,0.0,3.466799284382632
2026-04-13 14:37:23,2341,968,1,v8_7_phase_2_2_radius_105_120_reward_grid,520,171.54097455963932,213,success,119.0875473022461,14.977200508117676,0.40629085898399353,36.1190071105957,48.5619010925293,13.289966583251953,8.134330749511719,19.452780029810054,-18.701442145635724,-10.948140102691058,0.9429162758380998,0.966865062713623,0.0,0.342332483419684
2026-04-13 14:37:27,2341,969,1,v8_7_phase_2_2_radius_105_120_reward_grid,520,140.1124996568957,218,success,129.4087371826172,13.8295259475708,0.40629085898399353,38.81986999511719,48.5619010925293,10.579322814941406,29.9704532623291,40.26157800611025,35.74497198346675,23.7645196509409,0.7631018891318582,0.9996117949485779,0.0,0.2374838405198991
2026-04-13 14:37:33,2342,970,1,v8_7_phase_2_2_radius_105_120_reward_grid,520,146.58310321320695,222,success,126.50885009765625,11.021218299865723,0.40629085898399353,40.281070709228516,48.5619010925293,9.119720458984375,27.18744659423828,39.64793673560337,-30.895086880272473,-39.35791324306629,0.7699796699151809,0.9947357177734375,0.0,1.2640277672056748
2026-04-13 14:37:38,2342,971,1,v8_7_phase_2_2_radius_105_120_reward_grid,520,139.6939541957811,226,success,125.60772705078125,9.264264106750488,0.40629085898399353,41.41094207763672,48.5619010925293,7.993022918701172,25.989879608154297,39.96824528692029,-26.138109425263295,40.167413603117865,0.7664005739605146,0.9846875667572021,0.0,3.7479058908350495
2026-04-13 14:37:44,2342,972,1,v8_7_phase_2_2_radius_105_120_reward_grid,520,147.2976673697986,212,success,125.21134948730469,14.686421394348145,0.40629085898399353,36.426292419433594,48.5619010925293,12.973442077636719,26.963829040527344,25.42376555318105,17.99608338740663,-7.157113186427649,0.9031572983775249,0.9987038373947144,0.0,4.446340844764674
2026-04-13 14:37:48,2342,973,1,v8_7_phase_2_2_radius_105_120_reward_grid,520,150.389212384923,214,success,124.24871063232422,14.505134582519531,0.40629085898399353,37.308189392089844,48.5619010925293,12.106475830078125,28.06528091430664,23.88599627287687,11.578419714016079,10.563512513733775,0.9143529490454275,0.961807131767273,0.0,3.027462195354791
2026-04-13 14:37:53,2342,974,1,v8_7_phase_2_2_radius_105_120_reward_grid,520,156.96794375680997,215,success,126.96875762939453,14.712882995605469,0.40629085898399353,37.81962966918945,48.5619010925293,11.580150604248047,29.50082015991211,33.5595539207782,30.218365397685947,-1.126048998952103,0.8333116817890445,0.9968581199645996,0.0,0.6780390763640033
2026-04-13 14:37:58,2343,975,1,v8_7_phase_2_2_radius_105_120_reward_grid,520,155.14065869431806,209,success,119.8255615234375,14.637911796569824,0.40629085898399353,35.504634857177734,48.5619010925293,13.916038513183594,20.991165161132812,8.022061449048207,4.261494188275294,-6.283170418443831,0.9902144074384912,0.9413467645645142,0.0,1.5598643556104825
2026-04-13 14:38:06,2343,976,1,v8_7_phase_2_2_radius_105_120_reward_grid,520,-585.332162287889,397,wrong_way,117.74557495117188,162.44131469726562,0.40629085898399353,61.6788215637207,48.5619010925293,-11.66037368774414,-44.325721740722656,128.077494334788,108.7880634016207,-150.45505186720405,-0.6167267210774509,-0.645092248916626,0.0,2.4325067741720194
2026-04-13 14:38:14,2343,977,1,v8_7_phase_2_2_radius_105_120_reward_grid,520,-490.6126342462228,354,wrong_way,116.64822387695312,123.0456314086914,0.40629085898399353,100.52518463134766,48.5619010925293,-50.73455047607422,-53.522544860839844,134.3056842917342,147.2586326186648,143.08530507351696,-0.698486285588215,-0.06841619312763214,0.0,1.4925266502631358
2026-04-13 14:38:18,2343,978,1,v8_7_phase_2_2_radius_105_120_reward_grid,520,145.0904829732881,208,success,116.71355438232422,14.787117004394531,0.40629085898399353,35.28330993652344,48.5619010925293,14.119697570800781,15.159494400024414,23.882647772636272,-10.979672524768068,-44.8482105432193,0.914376611852164,0.9933667778968811,0.0,6.351920950829677
2026-04-13 14:38:23,2343,979,1,v8_7_phase_2_2_radius_105_120_reward_grid,520,139.55523511664242,216,success,123.88377380371094,14.65683364868164,0.40629085898399353,37.964332580566406,48.5619010925293,11.45553207397461,27.344751358032227,35.36391231457715,-18.099579536352543,17.054149074443096,0.8154924936464941,0.9465923309326172,0.0,2.0312913121187144
2026-04-13 14:38:29,2344,980,1,v8_7_phase_2_2_radius_105_120_reward_grid,520,169.11900937707475,208,success,115.75377655029297,14.766525268554688,0.40629085898399353,35.17101287841797,48.5619010925293,14.23763656616211,18.452922821044922,5.283460389064806,0.685569939295422,4.860431342159597,0.9957513213761319,0.9742279648780823,0.0,1.3277246095588486
2026-04-13 14:38:34,2344,981,1,v8_7_phase_2_2_radius_105_120_reward_grid,520,138.18938436016882,221,success,129.7310028076172,13.47655963897705,0.40629085898399353,39.70737838745117,48.5619010925293,9.694374084472656,29.977031707763672,40.34803795571885,26.403322255640305,-11.08994678269157,0.7621257798948485,0.9957301020622253,0.0,3.3801272410204963
2026-04-13 14:38:38,2344,982,1,v8_7_phase_2_2_radius_105_120_reward_grid,520,147.11809817266652,218,success,126.7816390991211,12.561777114868164,0.40629085898399353,37.85367965698242,48.5619010925293,11.570430755615234,24.809741973876953,40.08474099340403,0.28116017483065275,-37.147209820070366,0.7650929167342111,0.9300869703292847,0.0,3.622640730894753
2026-04-13 14:38:42,2344,983,1,v8_7_phase_2_2_radius_105_120_reward_grid,520,149.79949914954574,212,success,121.30059814453125,14.641447067260742,0.40629085898399353,36.49091339111328,48.5619010925293,12.914203643798828,25.277978897094727,23.377948019391102,-8.760826662507833,-12.73688383027371,0.9179074118540077,0.9873864054679871,0.0,4.914713134269946
2026-04-13 14:38:46,2344,984,1,v8_7_phase_2_2_radius_105_120_reward_grid,520,151.16741855059507,207,success,117.73353576660156,14.983109474182129,0.40629085898399353,34.96059799194336,48.5619010925293,14.441829681396484,21.115636825561523,21.325669126646325,-7.450823700456068,31.86450928955072,0.9315283936237387,0.9900690317153931,0.0,0.8163710595016678
2026-04-13 14:38:51,2345,985,1,v8_7_phase_2_2_radius_105_120_reward_grid,520,178.4195258185334,208,success,122.17898559570312,14.790349006652832,0.40629085898399353,35.048465728759766,48.5619010925293,14.363826751708984,22.24774932861328,8.875620798114593,-1.1624745045174867,-7.911570332618557,0.9880256051914672,0.9561635851860046,0.0,0.5988373675607077
2026-04-13 14:38:55,2345,986,1,v8_7_phase_2_2_radius_105_120_reward_grid,520,145.58078083401116,215,success,125.43192291259766,14.694945335388184,0.40629085898399353,37.73411560058594,48.5619010925293,11.671257019042969,28.711612701416016,40.39685673281152,-4.781597298759309,-24.51914627120059,0.7615738624829366,0.9801729321479797,0.0,1.2610553672231255
2026-04-13 14:39:00,2345,987,1,v8_7_phase_2_2_radius_105_120_reward_grid,520,170.470013524984,209,success,121.22052764892578,14.984702110290527,0.40629085898399353,35.213565826416016,48.5619010925293,14.192214965820312,21.325998306274414,9.598310307588948,7.68862868924111,6.718646631337742,0.9860009547681414,0.9779677987098694,0.0,2.321033634903384
2026-04-13 14:39:04,2345,988,1,v8_7_phase_2_2_radius_105_120_reward_grid,520,-134.12755394856822,222,near_miss,118.0628662109375,16.98760986328125,0.40629085898399353,39.3726921081543,48.5619010925293,10.058464050292969,-15.46778678894043,76.30614257714126,-77.17606962077994,64.35798337901123,0.2367339866765947,0.9016793966293335,0.0,0.7977922893368363
2026-04-13 14:39:09,2345,989,1,v8_7_phase_2_2_radius_105_120_reward_grid,520,148.79124760795352,216,success,123.29119110107422,14.596925735473633,0.40629085898399353,37.282493591308594,48.5619010925293,12.128463745117188,27.66206932067871,23.597623978571637,7.083576808502353,8.173495280683852,0.9163793310072742,0.973138689994812,0.0,5.858418789888804
2026-04-13 14:39:14,2345,990,1,v8_7_phase_2_2_radius_105_120_reward_grid,520,138.7352065045975,212,success,122.38394165039062,14.515780448913574,0.40629085898399353,36.74242401123047,48.5619010925293,12.657325744628906,26.33057975769043,28.113135463400646,-20.583328309156197,-16.568799247116576,0.8820188600259006,0.9982796311378479,0.0,2.736710689686584
2026-04-13 14:39:21,2346,991,1,v8_7_phase_2_2_radius_105_120_reward_grid,520,125.36174347174243,237,success,129.4756622314453,4.677176475524902,0.40629085898399353,44.8243408203125,48.5619010925293,4.631839752197266,20.44978904724121,39.69892751285211,-38.30013209159018,-127.98437153564407,0.7694115116440057,0.8421787023544312,0.0,3.4284618031178695
2026-04-13 14:39:25,2346,992,1,v8_7_phase_2_2_radius_105_120_reward_grid,520,153.99197841385563,209,success,121.28377532958984,14.776501655578613,0.40629085898399353,35.440921783447266,48.5619010925293,13.959007263183594,23.083465576171875,16.609032476422538,-0.21489135830608827,-8.752891690239572,0.958277524799173,0.9984204769134521,0.0,4.24391094993336
2026-04-13 14:39:30,2346,993,1,v8_7_phase_2_2_radius_105_120_reward_grid,520,-155.3820790229746,242,near_miss,128.33030700683594,5.5386552810668945,0.40629085898399353,47.46053695678711,48.5619010925293,1.9625320434570312,-8.48366641998291,77.64162214479718,-38.890991266120466,-29.95935437907531,0.21402577337197834,0.935181736946106,0.0,4.19264624293772
2026-04-13 14:39:35,2346,994,1,v8_7_phase_2_2_radius_105_120_reward_grid,520,147.77296782372352,212,success,124.37918090820312,14.583827018737793,0.40629085898399353,36.69136047363281,48.5619010925293,12.711833953857422,26.871885299682617,36.63332004729694,9.48821021948928,-33.63276671849157,0.8024706081405895,0.9861207604408264,0.0,0.404102690519513
2026-04-13 14:39:39,2346,995,1,v8_7_phase_2_2_radius_105_120_reward_grid,520,165.42027301318842,212,success,121.37047576904297,14.862407684326172,0.40629085898399353,35.31453323364258,48.5619010925293,14.114006042480469,8.143644332885742,36.13878703063134,-26.933365425800805,-44.16905409819367,0.8075908356010304,0.9100528955459595,0.0,2.291074755432482
2026-04-13 14:39:45,2347,996,1,v8_7_phase_2_2_radius_105_120_reward_grid,520,-166.04367716513545,241,near_miss,128.26443481445312,6.468899726867676,0.40629085898399353,46.602088928222656,48.5619010925293,2.8231735229492188,-2.1723673343658447,75.75235083923663,-50.22758898634589,37.354741702906615,0.24611352538917855,0.9215922355651855,0.0,1.0374400134919308
2026-04-13 14:39:49,2347,997,1,v8_7_phase_2_2_radius_105_120_reward_grid,520,131.1637909974623,221,success,124.90135955810547,10.325361251831055,0.40629085898399353,39.76144790649414,48.5619010925293,9.662303924560547,24.232301712036133,40.313801632504166,-40.55951768789537,-42.17534237003446,0.762512506306704,0.9281669855117798,0.0,1.5435937254653627
2026-04-13 14:39:54,2347,998,1,v8_7_phase_2_2_radius_105_120_reward_grid,520,147.42391132761497,209,success,118.68441772460938,14.810181617736816,0.40629085898399353,35.733943939208984,48.5619010925293,13.666305541992188,23.08560562133789,25.04681595062451,13.274131996234926,41.49980592526894,0.905962166327433,0.9990885853767395,0.0,6.432606708011104
2026-04-13 14:39:59,2347,999,1,v8_7_phase_2_2_radius_105_120_reward_grid,520,154.9037820197353,208,success,117.33944702148438,14.639765739440918,0.40629085898399353,35.0807991027832,48.5619010925293,14.32470703125,19.6302547454834,2.4011032704030884,2.3838414613797623,1.2292033182743958,0.9991220235685595,0.9857362508773804,0.0,3.273087388876886
2026-04-13 14:40:03,2347,1000,1,v8_7_phase_2_2_radius_105_120_reward_grid,520,148.4930062032719,212,success,123.04925537109375,14.925052642822266,0.40629085898399353,36.40475845336914,48.5619010925293,12.99951171875,24.47298812866211,28.549727985337032,1.0939639718825565,19.147812083368983,0.8784026474809973,0.9911837577819824,0.0,3.938129408156997
2026-04-13 14:40:08,2347,1001,1,v8_7_phase_2_2_radius_105_120_reward_grid,520,156.48623723451925,208,success,117.12885284423828,14.668787956237793,0.40629085898399353,35.3890380859375,48.5619010925293,14.014331817626953,17.34139060974121,21.16225685075377,-1.2634653614201778,27.769119325474612,0.9325618162850814,0.9909967184066772,0.0,4.5991585531943695
2026-04-13 14:40:14,2348,1002,1,v8_7_phase_2_2_radius_105_120_reward_grid,520,156.5335949746529,208,success,120.73665618896484,14.848257064819336,0.40629085898399353,34.94353485107422,48.5619010925293,14.460391998291016,21.791217803955078,7.037511451418848,1.4407574354798451,-7.966606289403227,0.992466151273397,0.9855828881263733,0.0,3.9086378213125834
2026-04-13 14:40:19,2348,1003,1,v8_7_phase_2_2_radius_105_120_reward_grid,520,154.96015667049278,210,success,120.97206115722656,14.73408317565918,0.40629085898399353,35.86566925048828,48.5619010925293,13.543346405029297,24.594650268554688,11.772172543975477,3.8132079555930245,3.8203903263921157,0.9789665930990954,0.9771056175231934,0.0,4.890350032847221
2026-04-13 14:40:23,2348,1004,1,v8_7_phase_2_2_radius_105_120_reward_grid,520,145.75549797428997,213,success,124.22625732421875,14.89596939086914,0.40629085898399353,37.0202522277832,48.5619010925293,12.381778717041016,24.751012802124023,27.819128263030155,-3.517806115971381,-7.207929366965721,0.8844252221962016,0.9925302863121033,0.0,2.329067834395487
2026-04-13 14:40:28,2348,1005,1,v8_7_phase_2_2_radius_105_120_reward_grid,520,158.01896843903103,209,success,117.54320526123047,14.765290260314941,0.40629085898399353,35.70973205566406,48.5619010925293,13.68960189819336,18.759185791015625,19.341003984042793,5.9264535437561605,-9.063411726702215,0.943564175792512,0.9982086420059204,0.0,0.2772419982531535
2026-04-13 14:40:32,2348,1006,1,v8_7_phase_2_2_radius_105_120_reward_grid,520,144.23361485914558,216,success,125.9185791015625,14.487457275390625,0.40629085898399353,37.8451042175293,48.5619010925293,11.56484603881836,28.64811134338379,24.781193308897297,10.143402945811923,3.5157158646419453,0.907915110026524,0.975123405456543,0.0,5.30972793985782
2026-04-13 14:40:38,2349,1007,1,v8_7_phase_2_2_radius_105_120_reward_grid,520,143.7234512284411,216,success,124.61605834960938,14.757014274597168,0.40629085898399353,38.02556228637695,48.5619010925293,11.380287170410156,24.339603424072266,34.48790981767175,-24.577337775381803,13.244996970556592,0.8242456896294506,0.9860336184501648,0.0,5.344437965034862
2026-04-13 14:40:44,2349,1008,1,v8_7_phase_2_2_radius_105_120_reward_grid,520,-151.3273434512103,241,near_miss,126.51171112060547,12.73183536529541,0.40629085898399353,46.377559661865234,48.5619010925293,3.045215606689453,-14.479775428771973,77.20791879287971,-84.7962043192505,-24.69588595371113,0.22141372107848514,0.9341378211975098,0.0,3.460990238631369
2026-04-13 14:40:49,2349,1009,1,v8_7_phase_2_2_radius_105_120_reward_grid,520,134.91378943324327,216,success,127.14307403564453,14.37353229522705,0.40629085898399353,37.905941009521484,48.5619010925293,11.49782943725586,29.19534683227539,40.259102062536115,34.69870653093127,-28.38830329449295,0.7631298162765155,0.991951584815979,0.0,5.587306809502072
2026-04-13 14:40:54,2349,1010,1,v8_7_phase_2_2_radius_105_120_reward_grid,520,139.15329363606224,218,success,126.17958068847656,14.754098892211914,0.40629085898399353,38.33057403564453,48.5619010925293,11.084976196289062,27.4836483001709,24.695021934781124,-17.761994021530075,-0.04895881931602454,0.9085444799051998,0.9583190679550171,0.0,4.457025302400734
2026-04-13 14:40:58,2349,1011,1,v8_7_phase_2_2_radius_105_120_reward_grid,520,170.18423909304187,209,success,122.95183563232422,14.707104682922363,0.40629085898399353,35.17543029785156,48.5619010925293,14.227237701416016,22.603614807128906,17.277168411222355,16.326185805155845,-24.54436503716357,0.9548792235380733,0.9918365478515625,0.0,2.0983334219415717
2026-04-13 14:41:02,2349,1012,1,v8_7_phase_2_2_radius_105_120_reward_grid,520,163.0523650536216,216,success,117.12129974365234,14.9611234664917,0.40629085898399353,36.605201721191406,48.5619010925293,12.804389953613281,3.56205415725708,20.061597479215603,-6.161761671512739,-7.685776231488983,0.9393243791978099,0.9687947034835815,0.0,0.5881514525090531
2026-04-13 14:41:07,2350,1013,1,v8_7_phase_2_2_radius_105_120_reward_grid,520,142.05910268328728,217,success,129.14791870117188,14.76005744934082,0.40629085898399353,38.428680419921875,48.5619010925293,10.979373931884766,29.689611434936523,36.92891014400759,37.31696051151269,-14.78624281714831,0.7993815983446173,0.9775484204292297,0.0,4.3861918259786385
2026-04-13 14:41:11,2350,1014,1,v8_7_phase_2_2_radius_105_120_reward_grid,520,141.27946272637746,209,success,119.71070098876953,14.7810697555542,0.40629085898399353,35.48563003540039,48.5619010925293,13.927078247070312,21.112550735473633,32.896489401437115,-22.252587268719584,38.8879313413723,0.8396531440736295,0.9699212312698364,0.0,3.6094070156888196
2026-04-13 14:41:15,2350,1015,1,v8_7_phase_2_2_radius_105_120_reward_grid,520,143.05312874763416,209,success,117.58939361572266,14.718977928161621,0.40629085898399353,35.74006652832031,48.5619010925293,13.662612915039062,19.84189796447754,28.096570547116073,-21.527858094004333,-32.70442106688177,0.8821550569687249,0.9890398979187012,0.0,3.7039188078241687
2026-04-13 14:41:20,2350,1016,1,v8_7_phase_2_2_radius_105_120_reward_grid,520,137.6443733922004,211,success,122.63493347167969,14.775903701782227,0.40629085898399353,36.22719192504883,48.5619010925293,13.183067321777344,23.93946075439453,39.53041650074414,-33.800341994683244,42.02283449115183,0.7712868010469482,0.9748543500900269,0.0,3.669836662102182
2026-04-13 14:41:24,2350,1017,1,v8_7_phase_2_2_radius_105_120_reward_grid,520,158.57619629554492,207,success,117.5006332397461,14.71666431427002,0.40629085898399353,35.05290985107422,48.5619010925293,14.34701919555664,18.59495735168457,8.441850851852715,8.43868591294606,-6.775460144853908,0.989165364886241,0.99560546875,0.0,0.14294847837234684
2026-04-13 14:41:28,2350,1018,1,v8_7_phase_2_2_radius_105_120_reward_grid,520,146.39562453128434,209,success,121.04414367675781,14.982406616210938,0.40629085898399353,35.79084777832031,48.5619010925293,13.61337661743164,23.29047203063965,21.5293009714665,4.729694691256383,-15.103971264506255,0.930230018174392,0.9861670136451721,0.0,3.83436878974707
2026-04-13 14:41:33,2351,1019,1,v8_7_phase_2_2_radius_105_120_reward_grid,520,151.21637304412297,207,success,117.89908599853516,14.888285636901855,0.40629085898399353,34.92753982543945,48.5619010925293,14.482963562011719,21.218441009521484,22.540814421504955,7.984828380335175,29.347659712481892,0.9236066951023946,0.9741933941841125,0.0,4.734318237524908
2026-04-13 14:41:37,2351,1020,1,v8_7_phase_2_2_radius_105_120_reward_grid,520,146.44167589073098,213,success,124.01152038574219,14.497468948364258,0.40629085898399353,36.65108108520508,48.5619010925293,12.765644073486328,25.515989303588867,24.261279309275928,23.22937262192311,14.970622066245511,0.9116811713516338,0.9571206569671631,0.0,5.041428315120452
2026-04-13 14:41:41,2351,1021,1,v8_7_phase_2_2_radius_105_120_reward_grid,520,168.5281644338652,211,success,124.16941833496094,14.551647186279297,0.40629085898399353,35.92207336425781,48.5619010925293,13.481361389160156,23.68679428100586,20.608743443057815,19.19259763375676,17.24550023913559,0.9360058331467668,0.98611980676651,0.0,2.742419258881229
2026-04-13 14:41:45,2351,1022,1,v8_7_phase_2_2_radius_105_120_reward_grid,520,173.418275748819,208,success,117.6494140625,14.868408203125,0.40629085898399353,34.863739013671875,48.5619010925293,14.543319702148438,14.744577407836914,1.2934657934106952,-0.44323151917049036,-0.7945882428244351,0.9997451901625042,0.9739862084388733,0.0,0.6602938646170194
2026-04-13 14:41:49,2351,1023,1,v8_7_phase_2_2_radius_105_120_reward_grid,520,147.89028597784764,207,success,117.88701629638672,14.681921005249023,0.40629085898399353,35.01462173461914,48.5619010925293,14.385574340820312,20.093963623046875,12.585045309929741,2.2235198460866377,28.061864648395947,0.9759736659534506,0.9991890788078308,0.0,4.0676330025616245
2026-04-13 14:41:55,2352,1024,1,v8_7_phase_2_2_radius_105_120_reward_grid,520,-170.97386766671968,245,near_miss,128.8714141845703,6.246053218841553,0.40629085898399353,48.70574188232422,48.5619010925293,0.6969757080078125,-16.040937423706055,78.66329550122602,-77.7557955869631,9.390054424700674,0.19657429981861105,0.994071900844574,0.0,3.38948780858452
2026-04-13 14:41:59,2352,1025,1,v8_7_phase_2_2_radius_105_120_reward_grid,520,152.66272179579147,210,success,122.20391845703125,14.621875762939453,0.40629085898399353,35.552547454833984,48.5619010925293,13.856586456298828,21.442424774169922,21.80411192517467,22.194312094721035,-21.395323395802116,0.9284591726707543,0.9738388061523438,0.0,1.564233430636103
2026-04-13 14:42:03,2352,1026,1,v8_7_phase_2_2_radius_105_120_reward_grid,520,-212.40393503172942,232,near_miss,125.3319091796875,10.340300559997559,0.40629085898399353,44.530399322509766,48.5619010925293,4.906200408935547,9.421051025390625,75.74052095159416,-80.31470546894087,-62.472140828414034,0.2463136398073162,0.8861551880836487,0.0,0.6530691564262735
2026-04-13 14:42:08,2352,1027,1,v8_7_phase_2_2_radius_105_120_reward_grid,520,148.70222916284058,213,success,122.27244567871094,14.824904441833496,0.40629085898399353,36.44942855834961,48.5619010925293,12.967781066894531,23.190113067626953,12.81944374186624,-9.089537200277514,-4.353091293913397,0.9750741140530779,0.9505680799484253,0.0,3.440906768418421
2026-04-13 14:42:13,2352,1028,1,v8_7_phase_2_2_radius_105_120_reward_grid,520,169.65029747046134,213,success,125.5136947631836,14.648335456848145,0.40629085898399353,36.65460205078125,48.5619010925293,12.754695892333984,25.38826560974121,24.529949922920256,25.326064819745895,14.27207471416621,0.9097443761388765,0.9690244793891907,0.0,0.9834821821901903
2026-04-13 14:42:17,2352,1029,1,v8_7_phase_2_2_radius_105_120_reward_grid,520,143.0582031642539,215,success,125.31854248046875,14.573418617248535,0.40629085898399353,37.649044036865234,48.5619010925293,11.756057739257812,28.988983154296875,31.72300484542098,18.4555707034409,14.372145523243361,0.8506000585714422,0.9837493896484375,0.0,2.290238633388401
2026-04-13 14:42:23,2353,1030,1,v8_7_phase_2_2_radius_105_120_reward_grid,520,153.55057100543314,219,success,127.79249572753906,14.98570728302002,0.40629085898399353,38.796207427978516,48.5619010925293,10.606727600097656,30.05657958984375,38.256685258279724,6.157146598067926,-10.886708527522316,0.785244689796612,0.9851260781288147,0.0,0.1530493323633948
2026-04-13 14:42:28,2353,1031,1,v8_7_phase_2_2_radius_105_120_reward_grid,520,-206.85362880300414,231,near_miss,127.05497741699219,11.848244667053223,0.40629085898399353,43.84180450439453,48.5619010925293,5.5779876708984375,19.97890281677246,75.6191826409889,-77.76696294625609,-34.76476470548904,0.24836559135378966,0.9344481825828552,0.0,1.0049756501790024
2026-04-13 14:42:32,2353,1032,1,v8_7_phase_2_2_radius_105_120_reward_grid,520,156.11656989744796,209,success,118.04015350341797,14.666451454162598,0.40629085898399353,35.520809173583984,48.5619010925293,13.889266967773438,23.094669342041016,11.391431332655932,1.1869616931873346,9.485960525931407,0.9803007236027876,0.965679943561554,0.0,3.338841212900534
2026-04-13 14:42:37,2353,1033,1,v8_7_phase_2_2_radius_105_120_reward_grid,520,-261.0132934948081,222,near_miss,126.56937408447266,17.78352928161621,0.40629085898399353,40.16145324707031,48.5619010925293,9.32040023803711,21.80425262451172,94.79183099972734,-95.55464701680187,150.55734078021416,-0.08353576656487396,0.7601215839385986,0.0,0.8555238759254545
2026-04-13 14:42:42,2353,1034,1,v8_7_phase_2_2_radius_105_120_reward_grid,520,141.0569557165409,213,success,124.06074523925781,14.948649406433105,0.40629085898399353,36.850521087646484,48.5619010925293,12.558162689208984,25.324905395507812,30.325968197870328,-12.130762598043024,-17.131782712096754,0.8631667946018647,0.9760135412216187,0.0,3.8482836280182764
2026-04-13 14:42:47,2354,1035,1,v8_7_phase_2_2_radius_105_120_reward_grid,520,-372.9244656609686,230,near_miss,126.58248901367188,17.92888832092285,0.40629085898399353,43.910186767578125,48.5619010925293,5.580314636230469,15.435351371765137,95.06143905683524,-107.54369172730358,-119.58762383797553,-0.08822392578785256,0.7364349365234375,0.0,1.6133820646085375
2026-04-13 14:42:52,2354,1036,1,v8_7_phase_2_2_radius_105_120_reward_grid,520,163.02964227012785,209,success,120.74251556396484,14.82393741607666,0.40629085898399353,34.784751892089844,48.5619010925293,14.627086639404297,16.82880210876465,21.571147832963874,21.677155783977057,-30.042805630354525,0.9299617427498801,0.9643656611442566,0.0,1.043976204085669
2026-04-13 14:42:57,2354,1037,1,v8_7_phase_2_2_radius_105_120_reward_grid,520,146.10469383367524,207,success,116.34479522705078,14.76419734954834,0.40629085898399353,35.0983772277832,48.5619010925293,14.302364349365234,20.3026180267334,15.828848995835953,5.097275408705782,27.681540932389417,0.9620807757460534,0.9983510971069336,0.0,2.981395483652304
2026-04-13 14:43:02,2354,1038,1,v8_7_phase_2_2_radius_105_120_reward_grid,520,138.82653331211432,218,success,128.82904052734375,14.587374687194824,0.40629085898399353,38.72523880004883,48.5619010925293,10.675350189208984,28.643522262573242,39.7172187594494,-9.294028795159464,-11.874638188130362,0.7692075552170835,0.9961853623390198,0.0,1.9949192901217845
2026-04-13 14:43:06,2354,1039,1,v8_7_phase_2_2_radius_105_120_reward_grid,520,144.2627532779382,212,success,120.84027099609375,14.775521278381348,0.40629085898399353,36.644195556640625,48.5619010925293,12.762565612792969,23.893497467041016,31.911419028770368,-14.84875612352685,22.18146963153412,0.8488663531942606,0.9801828265190125,0.0,4.773282092640676
2026-04-13 14:43:11,2354,1040,1,v8_7_phase_2_2_radius_105_120_reward_grid,520,151.26335716328074,211,success,122.21641540527344,14.537623405456543,0.40629085898399353,36.438297271728516,48.5619010925293,12.963943481445312,26.134979248046875,24.21973809874391,-1.774867771396949,15.244990765204923,0.9119788456932401,0.992409884929657,0.0,4.060904563271785
2026-04-13 14:43:15,2355,1041,1,v8_7_phase_2_2_radius_105_120_reward_grid,520,142.52905100048417,210,success,122.47769165039062,14.717535018920898,0.40629085898399353,36.05070495605469,48.5619010925293,13.353294372558594,24.844995498657227,33.38809226694879,32.64438370407736,-40.94272886637352,0.8349622511761181,0.9882570505142212,0.0,4.75745254727643
2026-04-13 14:43:19,2355,1042,1,v8_7_phase_2_2_radius_105_120_reward_grid,520,159.1817661107787,207,success,118.1042251586914,14.976919174194336,0.40629085898399353,34.75668716430664,48.5619010925293,14.643699645996094,18.673616409301758,16.46088567332496,15.679293466222061,38.543570278893185,0.9590134012577087,0.9966439604759216,0.0,3.4008762550264113
2026-04-13 14:43:24,2355,1043,1,v8_7_phase_2_2_radius_105_120_reward_grid,520,140.84565188270537,213,success,122.42547607421875,14.540181159973145,0.40629085898399353,36.981990814208984,48.5619010925293,12.422554016113281,23.70759391784668,24.751519552048176,-9.08534261035348,-9.17354425820044,0.908132070152765,0.9881848096847534,0.0,5.558330221578429
2026-04-13 14:43:28,2355,1044,1,v8_7_phase_2_2_radius_105_120_reward_grid,520,173.79016466722692,213,success,124.71394348144531,14.68842887878418,0.40629085898399353,35.27498245239258,48.5619010925293,14.1412353515625,18.67734146118164,15.38593513382272,15.857633120545678,13.362890304499242,0.964160563429473,0.9483209848403931,0.0,0.9778177245449459
2026-04-13 14:43:33,2355,1045,1,v8_7_phase_2_2_radius_105_120_reward_grid,520,149.8972397122252,216,success,128.51394653320312,14.712117195129395,0.40629085898399353,37.45150375366211,48.5619010925293,11.954238891601562,29.652477264404297,37.36878115674558,37.28410730160493,22.9295836664202,0.794745444441817,0.9821426868438721,0.0,3.904500438209385
2026-04-13 14:43:39,2356,1046,1,v8_7_phase_2_2_radius_105_120_reward_grid,520,-175.88938088285306,232,near_miss,122.40071105957031,13.804064750671387,0.40629085898399353,43.377567291259766,48.5619010925293,6.051990509033203,-6.095547199249268,75.95570606139542,-81.16504353003995,-46.12375861600294,0.2426719346671589,0.9061875343322754,0.0,1.8618528424789653
2026-04-13 14:43:44,2356,1047,1,v8_7_phase_2_2_radius_105_120_reward_grid,520,163.8781124118769,207,success,116.58109283447266,14.677547454833984,0.40629085898399353,35.10613250732422,48.5619010925293,14.299823760986328,18.462055206298828,22.29165765831935,21.235864091891703,35.542043648131084,0.9252649578998535,0.9831291437149048,0.0,4.541541973338013
2026-04-13 14:43:48,2356,1048,1,v8_7_phase_2_2_radius_105_120_reward_grid,520,154.9625092225062,211,success,119.82723999023438,14.580976486206055,0.40629085898399353,35.91112518310547,48.5619010925293,13.498825073242188,24.340490341186523,25.761480841597745,-5.711824240598618,21.806213915891743,0.900611167757693,0.9678357243537903,0.0,3.7395397270579807
2026-04-13 14:43:53,2356,1049,1,v8_7_phase_2_2_radius_105_120_reward_grid,520,-253.44794595273663,218,near_miss,126.92694854736328,17.576265335083008,0.40629085898399353,39.15898513793945,48.5619010925293,10.290237426757812,23.733924865722656,82.17660820649718,-82.75883402191658,118.66020709209286,0.1361200476052055,0.8506675958633423,0.0,1.7236554177734806
2026-04-13 14:43:57,2356,1050,1,v8_7_phase_2_2_radius_105_120_reward_grid,520,136.20296154759546,224,success,128.9613037109375,12.142162322998047,0.40629085898399353,40.269187927246094,48.5619010925293,9.1339111328125,28.326984405517578,39.22688972421794,-3.582881170175501,-17.51241720171052,0.7746477830312325,0.9919622540473938,0.0,4.885263681039417
2026-04-13 14:44:01,2356,1051,1,v8_7_phase_2_2_radius_105_120_reward_grid,520,153.73674616677548,211,success,121.47925567626953,14.877726554870605,0.40629085898399353,35.98085403442383,48.5619010925293,12.994331359863281,25.511293411254883,22.907498249738964,19.67823432902842,11.584107554047407,0.9211344733583433,0.9820679426193237,0.0,5.130619892485157
2026-04-13 14:44:06,2357,1052,1,v8_7_phase_2_2_radius_105_120_reward_grid,520,-333.64347620426855,216,near_miss,122.34535217285156,17.887910842895508,0.40629085898399353,39.186363220214844,48.5619010925293,10.3233642578125,21.233591079711914,89.49578427956949,-96.17035441953267,-130.35156483780875,0.008800110874909553,0.6837970614433289,0.0,1.5756932413001719
2026-04-13 14:44:10,2357,1053,1,v8_7_phase_2_2_radius_105_120_reward_grid,520,152.4488374543518,208,success,116.56150817871094,14.787015914916992,0.40629085898399353,35.22982406616211,48.5619010925293,14.183738708496094,22.362287521362305,5.297682977350888,-4.57127571053393,-4.757343723903418,0.9957284328068433,0.9618818759918213,0.0,1.7426190877120054
2026-04-13 14:44:15,2357,1054,1,v8_7_phase_2_2_radius_105_120_reward_grid,520,152.48421947592428,214,success,122.71590423583984,14.77079963684082,0.40629085898399353,36.74940490722656,48.5619010925293,12.669193267822266,21.97820472717285,27.1761240092814,5.853437967755077,15.6315897175114,0.8896067754645085,0.9451925158500671,0.0,3.6924044851532263
2026-04-13 14:44:20,2357,1055,1,v8_7_phase_2_2_radius_105_120_reward_grid,520,143.37513558046186,211,success,122.21273803710938,14.851663589477539,0.40629085898399353,36.38528823852539,48.5619010925293,13.01987075805664,23.959266662597656,39.0574839573287,-37.38619813912911,38.089871548180504,0.7765141831512113,0.9807342886924744,0.0,1.2509544781038695
2026-04-13 14:44:25,2357,1056,1,v8_7_phase_2_2_radius_105_120_reward_grid,520,139.64360595207125,227,success,127.43238830566406,8.964407920837402,0.40629085898399353,41.22304153442383,48.5619010925293,8.197044372558594,17.618099212646484,40.39472912888506,34.897116696130965,35.46224313296324,0.7615979274923258,0.9446167945861816,0.0,1.618495290128225
2026-04-13 14:44:29,2357,1057,1,v8_7_phase_2_2_radius_105_120_reward_grid,520,145.04180212160463,212,success,124.4312973022461,14.940450668334961,0.40629085898399353,36.37192153930664,48.5619010925293,13.035907745361328,23.96527862548828,35.71614858516929,24.820526660780107,28.604663196831442,0.8119190258941621,0.9783965349197388,0.0,3.991628474744928
2026-04-13 14:44:33,2358,1058,1,v8_7_phase_2_2_radius_105_120_reward_grid,520,154.32384227006295,224,success,128.80517578125,10.536232948303223,0.40629085898399353,40.73963165283203,48.5619010925293,8.666580200195312,27.837438583374023,39.94857434211066,38.38735702238582,-27.881178824092427,0.7666210666053566,0.9810957908630371,0.0,1.228753107667066
2026-04-13 14:44:37,2358,1059,1,v8_7_phase_2_2_radius_105_120_reward_grid,520,169.5280328012596,211,success,117.68913269042969,14.780071258544922,0.40629085898399353,35.721160888671875,48.5619010925293,13.697715759277344,11.017870903015137,16.287567915588593,0.7981938890151142,-11.811156702436971,0.959866168669252,0.9482401013374329,0.0,4.1273273472189835
2026-04-13 14:44:40,2358,1060,1,v8_7_phase_2_2_radius_105_120_reward_grid,520,137.77368321312088,216,success,124.6714859008789,13.35042953491211,0.40629085898399353,38.07322311401367,48.5619010925293,11.329978942871094,26.8850040435791,39.37030662131529,-32.74200076769518,38.22521174658431,0.7730624170386775,0.9898341298103333,0.0,4.894464880384586
2026-04-13 14:44:44,2358,1061,1,v8_7_phase_2_2_radius_105_120_reward_grid,520,147.68944414743427,209,success,120.17799377441406,14.81220531463623,0.40629085898399353,35.77018737792969,48.5619010925293,13.636207580566406,23.34614372253418,33.956691854974004,-28.094560763952796,-39.37353047060353,0.8294600126694442,0.9796485304832458,0.0,3.3487634049992656
2026-04-13 14:44:47,2358,1062,1,v8_7_phase_2_2_radius_105_120_reward_grid,520,155.16359650805353,217,success,128.70338439941406,14.548569679260254,0.40629085898399353,38.07420349121094,48.5619010925293,11.331363677978516,29.979734420776367,39.27056536886559,38.647904833559714,21.29295081297467,0.7741654951294392,0.9807229042053223,0.0,3.4611758097813485
2026-04-13 14:44:51,2359,1063,1,v8_7_phase_2_2_radius_105_120_reward_grid,520,167.40686702973923,207,success,116.24112701416016,14.70868968963623,0.40629085898399353,34.971580505371094,48.5619010925293,14.434070587158203,15.97787094116211,1.7954776537740509,0.5428461996771298,-2.3408148981466783,0.99950903649823,0.9821032285690308,0.0,1.1119727519859315
2026-04-13 14:44:55,2359,1064,1,v8_7_phase_2_2_radius_105_120_reward_grid,520,145.66310046474524,211,success,121.97832489013672,14.99105167388916,0.40629085898399353,36.153568267822266,48.5619010925293,13.255401611328125,26.133705139160156,23.722251025262278,21.26889659426518,-14.594724312821151,0.9155064264067414,0.9792302250862122,0.0,5.787312828672297
2026-04-13 14:44:59,2359,1065,1,v8_7_phase_2_2_radius_105_120_reward_grid,520,142.2221771999964,222,success,127.60094451904297,12.467403411865234,0.40629085898399353,39.866756439208984,48.5619010925293,9.536643981933594,27.457056045532227,39.69167385195355,1.9195885942955295,-20.60357128230882,0.7694923718298562,0.9915435314178467,0.0,2.6539732144673223
2026-04-13 14:45:02,2359,1066,1,v8_7_phase_2_2_radius_105_120_reward_grid,520,156.18910800037514,207,success,118.52230834960938,14.894211769104004,0.40629085898399353,35.117576599121094,48.5619010925293,14.282482147216797,21.78219985961914,19.849521813034,-2.510220451592508,41.147450126366316,0.9405876400345773,0.9981607794761658,0.0,4.350103215963349
2026-04-13 14:45:06,2359,1067,1,v8_7_phase_2_2_radius_105_120_reward_grid,520,-146.67102106039493,235,near_miss,125.18318939208984,8.066580772399902,0.40629085898399353,44.752925872802734,48.5619010925293,4.666828155517578,5.171741485595703,75.01811916383859,-73.58103370208957,-45.507825817029534,0.258513568683936,0.9354532361030579,0.0,2.556287294874851
2026-04-13 14:45:10,2359,1068,1,v8_7_phase_2_2_radius_105_120_reward_grid,520,151.62600743518354,213,success,123.24579620361328,14.794743537902832,0.40629085898399353,36.87849426269531,48.5619010925293,12.530410766601562,22.272607803344727,19.592641813444406,6.800686594779704,4.077085483987297,0.9421005252463122,0.9728133678436279,0.0,2.297413920057352
2026-04-13 14:45:14,2360,1069,1,v8_7_phase_2_2_radius_105_120_reward_grid,520,140.5982372560017,210,success,116.8028335571289,14.766140937805176,0.40629085898399353,35.67465591430664,48.5619010925293,13.740516662597656,13.29294204711914,33.733867178586095,-31.013597492561363,32.05901600163976,0.8316260117236047,0.961029052734375,0.0,4.868662899356459
2026-04-13 14:45:18,2360,1070,1,v8_7_phase_2_2_radius_105_120_reward_grid,520,159.5025339680534,214,success,123.46539306640625,14.872183799743652,0.40629085898399353,37.18891525268555,48.5619010925293,12.21774673461914,26.466941833496094,26.28310238851162,1.7707834249949872,10.188720397181312,0.8966170614877289,0.9753115177154541,0.0,3.0916090316116938
2026-04-13 14:45:21,2360,1071,1,v8_7_phase_2_2_radius_105_120_reward_grid,520,142.28385290084552,217,success,125.02830505371094,14.449905395507812,0.40629085898399353,37.97260284423828,48.5619010925293,11.442211151123047,28.3371524810791,22.47616497346349,-18.68501212558726,5.444703653009059,0.9240386487547377,0.9553782343864441,0.0,3.32206732883138
2026-04-13 14:45:25,2360,1072,1,v8_7_phase_2_2_radius_105_120_reward_grid,520,165.38115882515143,213,success,122.94566345214844,14.54333209991455,0.40629085898399353,35.588008880615234,48.5619010925293,13.82529067993164,23.548612594604492,24.505531996637462,16.578981351621774,22.808103629389645,0.9099212273575362,0.9591655731201172,0.0,3.428723946222337
2026-04-13 14:45:29,2360,1073,1,v8_7_phase_2_2_radius_105_120_reward_grid,520,-152.06760426626033,246,near_miss,128.5056915283203,2.829390287399292,0.40629085898399353,48.93873977661133,48.5619010925293,0.4636688232421875,-13.372270584106445,77.78474192866562,-66.9263462428003,-17.89238233278562,0.2115850783130234,0.9871625900268555,0.0,2.481503299125706
2026-04-13 14:45:34,2361,1074,1,v8_7_phase_2_2_radius_105_120_reward_grid,520,-148.20112913225563,243,near_miss,127.6410903930664,4.371166229248047,0.40629085898399353,47.54543685913086,48.5619010925293,1.8647232055664062,-6.582504749298096,77.63462120089791,-78.40062008612567,36.307151193672155,0.21414512992181264,0.9641458988189697,0.0,2.9294828811127
2026-04-13 14:45:38,2361,1075,1,v8_7_phase_2_2_radius_105_120_reward_grid,520,154.41304119846598,219,success,127.44436645507812,12.571325302124023,0.40629085898399353,39.16845703125,48.5619010925293,10.231788635253906,28.521467208862305,40.29676372561957,11.823285410855622,-44.58822280755736,0.7627048615223438,0.9965261220932007,0.0,2.548477193652772
2026-04-13 14:45:41,2361,1076,1,v8_7_phase_2_2_radius_105_120_reward_grid,520,150.21799917036824,214,success,125.11598205566406,14.941040992736816,0.40629085898399353,37.40079116821289,48.5619010925293,12.001506805419922,27.148460388183594,29.023065217460793,29.090339165690832,-5.202324998801048,0.8744244693813649,0.989787220954895,0.0,1.5733348528602467
2026-04-13 14:45:45,2361,1077,1,v8_7_phase_2_2_radius_105_120_reward_grid,520,141.07988837953957,216,success,125.85913848876953,14.661432266235352,0.40629085898399353,38.10403823852539,48.5619010925293,11.301471710205078,28.39933204650879,31.069888496606023,14.834583480999074,4.748233105324267,0.856538427783216,0.9873661994934082,0.0,4.033073836386611
2026-04-13 14:45:49,2361,1078,1,v8_7_phase_2_2_radius_105_120_reward_grid,520,149.32974947786914,207,success,116.6904296875,14.665668487548828,0.40629085898399353,35.145992279052734,48.5619010925293,14.254093170166016,21.67581558227539,11.674840640755503,-9.942673931389004,-6.401177731168257,0.9793117628823986,0.9992742538452148,0.0,3.7948242151696
2026-04-13 14:45:53,2361,1079,1,v8_7_phase_2_2_radius_105_120_reward_grid,520,147.5121424582676,207,success,116.73453521728516,14.682918548583984,0.40629085898399353,35.10641860961914,48.5619010925293,14.30056381225586,21.464752197265625,19.430896103709333,-16.24202592175024,24.583826455093316,0.943043406673063,0.9756579995155334,0.0,1.3197489394786277
2026-04-13 14:45:57,2362,1080,1,v8_7_phase_2_2_radius_105_120_reward_grid,520,139.97443830516966,211,success,122.73998260498047,14.737042427062988,0.40629085898399353,36.43601989746094,48.5619010925293,12.964874267578125,24.431747436523438,25.753945435395927,25.79934399526171,12.324738262924093,0.900668320922613,0.9971384406089783,0.0,3.6762085368989696
2026-04-13 14:46:02,2362,1081,1,v8_7_phase_2_2_radius_105_120_reward_grid,520,-175.27160493468324,239,near_miss,124.23078155517578,5.135484218597412,0.40629085898399353,46.622493743896484,48.5619010925293,2.8065414428710938,8.412759780883789,76.05931320091534,-39.421696964630456,-53.9625105943327,0.24091730568446337,0.9077252149581909,0.0,1.9782679396598357
2026-04-13 14:46:06,2362,1082,1,v8_7_phase_2_2_radius_105_120_reward_grid,520,159.7509428974433,210,success,119.63310241699219,14.733552932739258,0.40629085898399353,35.99555206298828,48.5619010925293,13.404396057128906,22.162626266479492,24.826690906506045,-16.168186454180525,23.094889612260143,0.9075819807218988,0.998583972454071,0.0,1.5451535379495305
2026-04-13 14:46:10,2362,1083,1,v8_7_phase_2_2_radius_105_120_reward_grid,520,156.56154387036284,208,success,116.61497497558594,14.898560523986816,0.40629085898399353,35.17778396606445,48.5619010925293,14.230751037597656,16.099123001098633,4.485501341163264,0.29936148171039956,1.0033058038119194,0.9969371558365376,0.9749392867088318,0.0,4.092202180766653
2026-04-13 14:46:14,2362,1084,1,v8_7_phase_2_2_radius_105_120_reward_grid,520,161.7931583155176,207,success,116.96092224121094,14.652822494506836,0.40629085898399353,34.99006271362305,48.5619010925293,14.420169830322266,17.28815460205078,20.433494449333626,11.240622463329343,-29.877371618467645,0.9370780581653287,0.9727821350097656,0.0,2.1672175492645893
2026-04-13 14:46:18,2363,1085,1,v8_7_phase_2_2_radius_105_120_reward_grid,520,154.95949177793352,208,success,120.81482696533203,14.798324584960938,0.40629085898399353,34.973358154296875,48.5619010925293,14.430511474609375,21.66680145263672,19.874921579009985,19.884804862738992,-32.63460628828049,0.9404370214098949,0.9875958561897278,0.0,3.456409458351203
2026-04-13 14:46:22,2363,1086,1,v8_7_phase_2_2_radius_105_120_reward_grid,520,131.63904590394708,216,success,124.78730773925781,14.468595504760742,0.40629085898399353,37.90569305419922,48.5619010925293,11.498905181884766,26.69341468811035,36.883530367162024,-33.792128692206305,20.313832950169587,0.7998572158321517,0.9902711510658264,0.0,6.928617642137817
2026-04-13 14:46:27,2363,1087,1,v8_7_phase_2_2_radius_105_120_reward_grid,520,128.75195572457426,230,success,127.578857421875,7.475125789642334,0.40629085898399353,43.18205642700195,48.5619010925293,6.231433868408203,25.665727615356445,38.679238326377146,-34.276426670400646,24.62832513753595,0.7806569187520617,0.9629241824150085,0.0,4.853936751602333
2026-04-13 14:46:30,2363,1088,1,v8_7_phase_2_2_radius_105_120_reward_grid,520,146.24380679892542,211,success,119.663818359375,14.805853843688965,0.40629085898399353,36.1410026550293,48.5619010925293,13.258541107177734,23.12582778930664,27.12267265638417,-14.838425462407207,-23.984243421445626,0.890032470101378,0.9975202083587646,0.0,2.841736801034118
2026-04-13 14:46:34,2363,1089,1,v8_7_phase_2_2_radius_105_120_reward_grid,520,135.9558161743991,225,success,127.10792541503906,10.067971229553223,0.40629085898399353,41.176719665527344,48.5619010925293,8.230567932128906,24.842998504638672,40.34963963507922,-37.543777433470474,28.24532523704978,0.7621076809926387,0.9828963279724121,0.0,6.377306562763069
2026-04-13 14:46:38,2363,1090,1,v8_7_phase_2_2_radius_105_120_reward_grid,520,159.8191246087959,214,success,123.3587875366211,14.576045989990234,0.40629085898399353,37.36457061767578,48.5619010925293,12.042510986328125,23.10025405883789,21.246978517218608,12.401475438249188,2.3527282421630615,0.9320269810925855,0.9730896949768066,0.0,2.7509468343035075
2026-04-13 14:46:42,2364,1091,1,v8_7_phase_2_2_radius_105_120_reward_grid,520,162.72446901850745,209,success,120.06536865234375,14.888711929321289,0.40629085898399353,35.513126373291016,48.5619010925293,13.897144317626953,19.166606903076172,30.209516887616196,6.209809917889663,-29.344763712273807,0.864191237903664,0.9693127870559692,0.0,1.486076707955588
2026-04-13 14:46:46,2364,1092,1,v8_7_phase_2_2_radius_105_120_reward_grid,520,161.95199791008977,209,success,120.69947814941406,14.68389892578125,0.40629085898399353,35.66225051879883,48.5619010925293,13.742660522460938,24.08639907836914,19.188899086321197,18.542056266258893,16.984486267550846,0.9444400696005981,0.9837127923965454,0.0,1.1603724346561848
2026-04-13 14:46:51,2364,1093,1,v8_7_phase_2_2_radius_105_120_reward_grid,520,-163.187515141429,236,near_miss,125.60783386230469,6.971340179443359,0.40629085898399353,45.20933151245117,48.5619010925293,4.245159149169922,19.780471801757812,76.22458328826214,-79.08423322958474,109.9608956745711,0.23811676142045182,0.8442422151565552,0.0,3.3507426494837786
2026-04-13 14:46:56,2364,1094,1,v8_7_phase_2_2_radius_105_120_reward_grid,520,151.7761006492035,209,success,117.50354766845703,14.932635307312012,0.40629085898399353,35.43770980834961,48.5619010925293,14.000354766845703,22.054250717163086,40.2224341919769,-27.593644935507815,57.20884828042099,0.7635432408015735,0.8946731686592102,0.0,3.921346436785307
2026-04-13 14:47:01,2364,1095,1,v8_7_phase_2_2_radius_105_120_reward_grid,520,-280.0889979830997,213,near_miss,122.97661590576172,17.839080810546875,0.40629085898399353,38.13332748413086,48.5619010925293,11.340095520019531,23.59553337097168,79.68681300873078,-83.55300060728148,-131.6741899894467,0.1790286578327624,0.7834248542785645,0.0,1.9485686884223496
2026-04-13 14:47:06,2365,1096,1,v8_7_phase_2_2_radius_105_120_reward_grid,520,152.30692455804,211,success,119.722412109375,14.725751876831055,0.40629085898399353,36.35230255126953,48.5619010925293,13.049293518066406,25.062849044799805,25.228290661777162,-21.603857608899066,15.540596229841197,0.9046167071791328,0.9938969016075134,0.0,3.6677884310786046
2026-04-13 14:47:11,2365,1097,1,v8_7_phase_2_2_radius_105_120_reward_grid,520,151.06555224655762,209,success,115.85243225097656,14.824559211730957,0.40629085898399353,34.888954162597656,48.5619010925293,14.515045166015625,17.992876052856445,21.343560807177173,-11.946442259327414,-42.17374410576868,0.9314147858742522,0.9856458902359009,0.0,3.930847252600976
2026-04-13 14:47:16,2365,1098,1,v8_7_phase_2_2_radius_105_120_reward_grid,520,156.17153984858695,211,success,119.9085922241211,14.798314094543457,0.40629085898399353,36.00417709350586,48.5619010925293,13.411006927490234,17.750417709350586,34.5216987634958,1.8242406475860324,27.73148156805326,0.8239116230645492,0.9573039412498474,0.0,3.759010804263125
2026-04-13 14:47:21,2365,1099,1,v8_7_phase_2_2_radius_105_120_reward_grid,520,140.71314871218675,221,success,124.63399505615234,10.771997451782227,0.40629085898399353,39.81302261352539,48.5619010925293,9.601940155029297,24.183584213256836,40.43261960330571,-34.95028630372493,-33.978244516899984,0.761169196855997,0.9582977294921875,0.0,4.57085942903
2026-04-13 14:47:25,2365,1100,1,v8_7_phase_2_2_radius_105_120_reward_grid,520,154.00069408986454,207,success,117.13558197021484,14.799824714660645,0.40629085898399353,34.73682403564453,48.5619010925293,14.672782897949219,17.373178482055664,20.560196165984657,-20.000328974813296,35.16647545133418,0.9363037370324672,0.9694362282752991,0.0,4.013633829115593
2026-04-13 14:47:30,2365,1101,1,v8_7_phase_2_2_radius_105_120_reward_grid,520,158.11251113379282,209,success,118.3597640991211,14.739025115966797,0.40629085898399353,35.29142761230469,48.5619010925293,14.110904693603516,16.784273147583008,23.642611019539927,-14.42088404561328,36.18138692048471,0.9160647355606871,0.9905752539634705,0.0,1.9338808190784318
2026-04-13 14:47:36,2366,1102,1,v8_7_phase_2_2_radius_105_120_reward_grid,520,151.76607180905674,215,success,123.29420471191406,14.903427124023438,0.40629085898399353,37.167510986328125,48.5619010925293,12.256195068359375,27.67863655090332,17.071508000218685,-10.319822463205123,6.1324477802555135,0.9559391167545572,0.9341051578521729,0.0,2.0705536907771527
2026-04-13 14:47:41,2366,1103,1,v8_7_phase_2_2_radius_105_120_reward_grid,520,-159.0855489272413,232,near_miss,125.13044738769531,10.356966018676758,0.40629085898399353,42.99677276611328,48.5619010925293,6.432361602783203,6.606083869934082,75.95617051425899,-69.6906535734987,66.34554793691744,0.24266407073562973,0.910632848739624,0.0,1.049893736917233
2026-04-13 14:47:45,2366,1104,1,v8_7_phase_2_2_radius_105_120_reward_grid,520,149.8899478936207,212,success,122.46952819824219,14.635982513427734,0.40629085898399353,36.70260238647461,48.5619010925293,12.706863403320312,26.240665435791016,18.60263662910232,-16.661235612248944,-5.839516761566122,0.9477537311815545,0.9749664068222046,0.0,3.106514651929928
2026-04-13 14:47:50,2366,1105,1,v8_7_phase_2_2_radius_105_120_reward_grid,520,-373.2993463766066,224,near_miss,119.15385437011719,17.806243896484375,0.40629085898399353,39.48223114013672,48.5619010925293,10.239093780517578,13.854219436645508,103.58595227311804,-131.87033936203113,111.73489387750934,-0.23490380152720766,0.11487387120723724,0.0,1.4495546787824447
2026-04-13 14:47:55,2366,1106,1,v8_7_phase_2_2_radius_105_120_reward_grid,520,151.32561883522848,214,success,124.37376403808594,14.97091007232666,0.40629085898399353,36.85568618774414,48.5619010925293,12.544841766357422,25.4773006439209,35.813075799680945,0.3134116077199389,-28.731214649320734,0.8109303013109257,0.9950456023216248,0.0,3.511019742533866
2026-04-13 14:48:00,2367,1107,1,v8_7_phase_2_2_radius_105_120_reward_grid,520,145.89147609031363,214,success,125.23090362548828,14.887500762939453,0.40629085898399353,37.17389678955078,48.5619010925293,12.225360870361328,24.294918060302734,35.78386991078997,-13.821196851580744,41.35825025472042,0.8112284659828628,0.9998418092727661,0.0,1.5163321077819019
2026-04-13 14:48:05,2367,1108,1,v8_7_phase_2_2_radius_105_120_reward_grid,520,-374.28329394525616,227,near_miss,126.56270599365234,17.92814826965332,0.40629085898399353,41.35795974731445,48.5619010925293,8.252166748046875,13.503218650817871,93.1516703535755,-116.42984979976022,107.59883867466228,-0.05497928901105684,0.4119281768798828,0.0,1.3373223084975732
2026-04-13 14:48:10,2367,1109,1,v8_7_phase_2_2_radius_105_120_reward_grid,520,142.053625624567,211,success,121.54620361328125,14.82553768157959,0.40629085898399353,36.291900634765625,48.5619010925293,13.109031677246094,25.69158172607422,31.30449866440679,4.2995161438374625,34.87878105330407,0.8544180366736653,0.997063398361206,0.0,5.604623798633564
2026-04-13 14:48:15,2367,1110,1,v8_7_phase_2_2_radius_105_120_reward_grid,520,148.7665914095788,208,success,117.56510162353516,14.94384765625,0.40629085898399353,35.38132858276367,48.5619010925293,14.021869659423828,20.96514892578125,21.004493141304813,-8.314676144601663,-21.172804370379563,0.9335523203727504,0.9901655316352844,0.0,2.8027141282840407
2026-04-13 14:48:20,2367,1111,1,v8_7_phase_2_2_radius_105_120_reward_grid,520,152.19222191796513,212,success,119.02254486083984,14.544451713562012,0.40629085898399353,36.2509765625,48.5619010925293,13.160476684570312,24.745769500732422,10.668373846740042,-9.819706620666679,-1.9224698669082172,0.9827151311979244,0.9666581153869629,0.0,3.6721182777547305
2026-04-13 14:48:24,2367,1112,1,v8_7_phase_2_2_radius_105_120_reward_grid,520,152.0535475144321,208,success,119.92523193359375,14.715712547302246,0.40629085898399353,35.100059509277344,48.5619010925293,14.31142807006836,21.31325912475586,27.625243098155586,-9.029481054452884,40.77960004333153,0.8859993764965737,0.9682697057723999,0.0,4.963552488712068
2026-04-13 14:48:29,2368,1113,1,v8_7_phase_2_2_radius_105_120_reward_grid,520,149.70057976353445,208,success,116.35175323486328,14.622051239013672,0.40629085898399353,35.28004837036133,48.5619010925293,14.124332427978516,20.362598419189453,19.587671143275927,5.24650394301316,26.046243380926626,0.9421296131583815,0.98619544506073,0.0,4.679740337317811
2026-04-13 14:48:34,2368,1114,1,v8_7_phase_2_2_radius_105_120_reward_grid,520,141.86783215502084,217,success,127.71831512451172,14.910101890563965,0.40629085898399353,38.2746467590332,48.5619010925293,11.125656127929688,28.90406036376953,40.51472872241302,-22.98449667979981,16.459509390207202,0.7602389903090205,0.9984385967254639,0.0,4.561358475419685
2026-04-13 14:48:38,2368,1115,1,v8_7_phase_2_2_radius_105_120_reward_grid,520,160.03463983578885,209,success,120.2719955444336,14.567461013793945,0.40629085898399353,35.679100036621094,48.5619010925293,13.73587417602539,24.06885528564453,1.531101628292073,1.4988080670094297,-0.44272347049011773,0.9996429681734748,0.9508869647979736,0.0,0.9925331368845918
2026-04-13 14:48:43,2368,1116,1,v8_7_phase_2_2_radius_105_120_reward_grid,520,138.74156797102947,213,success,121.38391876220703,14.558433532714844,0.40629085898399353,36.75586700439453,48.5619010925293,12.64352035522461,24.82029914855957,29.818160708552806,-28.66857839953713,-32.7892827522246,0.8676078868475102,0.999996542930603,0.0,3.45720902178345
2026-04-13 14:48:47,2368,1117,1,v8_7_phase_2_2_radius_105_120_reward_grid,520,140.7394717960144,208,success,116.36033630371094,14.927678108215332,0.40629085898399353,35.46167755126953,48.5619010925293,13.940044403076172,18.200889587402344,20.701763789364218,-20.6444380116603,20.165991798037368,0.9354331490411774,0.9965506792068481,0.0,4.475605894924359
2026-04-13 14:48:52,2368,1118,1,v8_7_phase_2_2_radius_105_120_reward_grid,520,147.37585128324272,207,success,117.82569885253906,14.719318389892578,0.40629085898399353,35.1678466796875,48.5619010925293,14.234661102294922,22.183815002441406,10.137564841618856,6.049510927598164,8.627562841611715,0.9843879926715764,0.9938064813613892,0.0,5.455733299026659
2026-04-13 14:48:58,2369,1119,1,v8_7_phase_2_2_radius_105_120_reward_grid,520,140.247083480381,225,success,129.17837524414062,10.298731803894043,0.40629085898399353,40.955081939697266,48.5619010925293,8.451889038085938,27.73297119140625,40.39848231783398,16.42047485910058,-28.916903587191285,0.7615554750264917,0.9831287860870361,0.0,4.850010255861393
2026-04-13 14:49:02,2369,1120,1,v8_7_phase_2_2_radius_105_120_reward_grid,520,160.24946663225484,206,success,115.5550308227539,14.84335994720459,0.40629085898399353,34.63525390625,48.5619010925293,14.764511108398438,15.969385147094727,4.598319844552596,-2.642713741772885,6.513147156666392,0.996781229800542,0.9996520280838013,0.0,2.573164597697068
2026-04-13 14:49:07,2369,1121,1,v8_7_phase_2_2_radius_105_120_reward_grid,520,150.47503211779056,209,success,116.78192901611328,14.672774314880371,0.40629085898399353,35.124977111816406,48.5619010925293,14.283573150634766,19.48975372314453,10.703183905845012,1.0338188201553051,-12.831540006886332,0.9826024775994839,0.9805542826652527,0.0,3.5809611216687722
2026-04-13 14:49:12,2369,1122,1,v8_7_phase_2_2_radius_105_120_reward_grid,520,152.26362965782442,210,success,120.51373291015625,14.831939697265625,0.40629085898399353,35.97943115234375,48.5619010925293,13.42220687866211,25.250717163085938,27.524576355073354,14.531080610134973,-28.232124188931436,0.8868126899128566,0.9961055517196655,0.0,3.4008243519140215
2026-04-13 14:49:17,2369,1123,1,v8_7_phase_2_2_radius_105_120_reward_grid,520,169.27594964695402,209,success,117.30194854736328,14.76032543182373,0.40629085898399353,35.28176498413086,48.5619010925293,14.127246856689453,15.048809051513672,12.31790380488585,-0.905037951232242,11.797213725020036,0.9769789589266824,0.9755258560180664,0.0,1.998108608284289
2026-04-13 14:49:23,2370,1124,1,v8_7_phase_2_2_radius_105_120_reward_grid,520,-151.880810786956,237,near_miss,123.51519775390625,9.028742790222168,0.40629085898399353,45.820152282714844,48.5619010925293,3.584972381591797,-2.1125688552856445,76.34995141047773,-76.6581773571529,35.67252075184584,0.2359910435368475,0.9779849052429199,0.0,1.995365210655888
2026-04-13 14:49:28,2370,1125,1,v8_7_phase_2_2_radius_105_120_reward_grid,520,152.43829304306155,207,success,117.16547393798828,14.965492248535156,0.40629085898399353,34.96288299560547,48.5619010925293,14.438995361328125,22.4934024810791,13.7295638874495,0.10835236008493689,16.12245150749812,0.9714267852230272,0.9937952756881714,0.0,4.765377348238976
2026-04-13 14:49:33,2370,1126,1,v8_7_phase_2_2_radius_105_120_reward_grid,520,151.12343326443695,209,success,115.58702850341797,14.683377265930176,0.40629085898399353,35.2399787902832,48.5619010925293,14.179534912109375,21.467342376708984,5.281383157783476,3.2739894934996703,-2.9008931848520745,0.9957546591525032,0.9447240829467773,0.0,1.2963419558632712
2026-04-13 14:49:37,2370,1127,1,v8_7_phase_2_2_radius_105_120_reward_grid,520,153.10909822732518,208,success,116.40743255615234,14.844172477722168,0.40629085898399353,35.44697189331055,48.5619010925293,13.95987319946289,18.25346565246582,18.71878570348568,-2.7613746182235164,16.93866252840923,0.9471051066915377,0.9795882105827332,0.0,2.436741354329561
2026-04-13 14:49:42,2370,1128,1,v8_7_phase_2_2_radius_105_120_reward_grid,520,145.7934858311657,213,success,124.76457214355469,14.4485445022583,0.40629085898399353,37.1093635559082,48.5619010925293,12.290969848632812,28.181011199951172,26.616101431306422,26.55404574760227,7.578543969067075,0.8940283709356673,0.9943531155586243,0.0,2.692854732131598
2026-04-13 14:49:47,2370,1129,1,v8_7_phase_2_2_radius_105_120_reward_grid,520,-162.3031657129701,250,near_miss,128.88760375976562,5.159605979919434,0.40629085898399353,50.470890045166016,48.5619010925293,-1.0358734130859375,-18.698993682861328,75.1800629490596,75.32525911043574,1.686745951385914,0.25578216527423797,0.8953151106834412,0.0,3.3923685734448643
2026-04-13 14:49:53,2371,1130,1,v8_7_phase_2_2_radius_105_120_reward_grid,520,136.18043764962331,212,success,122.78715515136719,14.931880950927734,0.40629085898399353,36.58693313598633,48.5619010925293,12.815685272216797,26.104970932006836,37.6567214415858,-31.96596491948209,-35.90576829690718,0.7916852261960625,0.9900739192962646,0.0,1.8877206610713406
2026-04-13 14:49:57,2371,1131,1,v8_7_phase_2_2_radius_105_120_reward_grid,520,146.61641210096133,212,success,120.69841003417969,14.576173782348633,0.40629085898399353,36.59430694580078,48.5619010925293,12.82314682006836,25.932939529418945,32.658146535254936,-33.93436055148265,21.869464882700644,0.8419051925558375,0.949514627456665,0.0,4.332811361476458
2026-04-13 14:50:00,2371,1132,1,v8_7_phase_2_2_radius_105_120_reward_grid,520,169.01514610401395,207,success,120.17838287353516,14.979736328125,0.40629085898399353,35.064334869384766,48.5619010925293,14.337047576904297,22.626907348632812,17.89723176709633,17.993308623056315,21.98572153256343,0.9516092526357203,0.9929819107055664,0.0,0.8971036536392638
2026-04-13 14:50:04,2371,1133,1,v8_7_phase_2_2_radius_105_120_reward_grid,520,-330.6002367676467,221,near_miss,124.45268249511719,17.76788330078125,0.40629085898399353,40.332427978515625,48.5619010925293,9.154388427734375,17.662405014038086,90.63715670120281,-95.42804946053568,-133.93832939741424,-0.011120253085910756,0.7464752197265625,0.0,1.7770591349003333
2026-04-13 14:50:09,2371,1134,1,v8_7_phase_2_2_radius_105_120_reward_grid,520,150.4499898747951,209,success,122.4952163696289,14.751081466674805,0.40629085898399353,35.37676239013672,48.5619010925293,14.029117584228516,23.648832321166992,27.772778599322447,26.34397303439477,37.06236862529505,0.8848024570957327,0.982214093208313,0.0,3.643141422324856
2026-04-13 14:50:14,2371,1135,1,v8_7_phase_2_2_radius_105_120_reward_grid,520,149.9356805047465,212,success,118.09324645996094,14.569491386413574,0.40629085898399353,36.08390808105469,48.5619010925293,13.322505950927734,24.11043930053711,22.463932104659996,7.165274835598992,17.350248020246905,0.9241202500111049,0.9784847497940063,0.0,3.176690880029767
2026-04-13 14:50:20,2372,1136,1,v8_7_phase_2_2_radius_105_120_reward_grid,520,-180.02041090381684,239,near_miss,118.33649444580078,13.20789623260498,0.40629085898399353,45.760929107666016,48.5619010925293,3.695545196533203,-17.541215896606445,75.0004426342666,-90.50756752208015,-79.13137519523616,0.2588115829069479,0.8329665660858154,0.0,2.8304409445615395
2026-04-13 14:50:24,2372,1137,1,v8_7_phase_2_2_radius_105_120_reward_grid,520,164.69526230367305,210,success,117.72154235839844,14.846677780151367,0.40629085898399353,35.46894073486328,48.5619010925293,13.939563751220703,12.493420600891113,17.260946711943575,0.7348864130629998,-14.730306982940489,0.9549632709309631,0.9753480553627014,0.0,3.6177269349245
2026-04-13 14:50:28,2372,1138,1,v8_7_phase_2_2_radius_105_120_reward_grid,520,144.0732422758288,212,success,121.97322082519531,14.681387901306152,0.40629085898399353,36.76871871948242,48.5619010925293,12.644771575927734,25.90291976928711,24.718275313810434,-7.376025445081613,-13.788769674722463,0.9083748465943825,0.9578742980957031,0.0,3.88313803804043
2026-04-13 14:50:33,2372,1139,1,v8_7_phase_2_2_radius_105_120_reward_grid,520,141.3498836058416,220,success,126.79389953613281,11.910494804382324,0.40629085898399353,39.37683868408203,48.5619010925293,10.026191711425781,27.358238220214844,39.42721575747983,-31.00678096376969,33.85004186617884,0.7724319864344227,0.988031268119812,0.0,3.86023264361299
2026-04-13 14:50:38,2372,1140,1,v8_7_phase_2_2_radius_105_120_reward_grid,520,169.85724490297346,208,success,117.08126831054688,14.827099800109863,0.40629085898399353,35.23937225341797,48.5619010925293,14.170860290527344,22.3800106048584,8.667393089756645,-8.803392401415353,-7.701927067555125,0.9885798089526697,0.9673308730125427,0.0,0.7078804419308404
2026-04-13 14:50:43,2373,1141,1,v8_7_phase_2_2_radius_105_120_reward_grid,520,140.38263769734056,209,success,120.1817855834961,14.952190399169922,0.40629085898399353,35.74732208251953,48.5619010925293,13.652557373046875,24.818117141723633,22.4474184147942,-20.35662579286701,1.4107471850923958,0.9242303403339073,0.9995971322059631,0.0,5.312685829592904
2026-04-13 14:50:48,2373,1142,1,v8_7_phase_2_2_radius_105_120_reward_grid,520,151.71645230312274,209,success,121.11243438720703,14.98413372039795,0.40629085898399353,35.82327651977539,48.5619010925293,13.578289031982422,25.676681518554688,23.265866322658486,6.162048112571056,-16.602839202392627,0.9186818626226002,0.9948258399963379,0.0,4.580622675562871
2026-04-13 14:50:53,2373,1143,1,v8_7_phase_2_2_radius_105_120_reward_grid,520,-156.94052519821372,241,near_miss,129.6952362060547,6.387602806091309,0.40629085898399353,47.629825592041016,48.5619010925293,1.7722091674804688,-1.9000333547592163,77.09759074721649,-77.70089452641454,29.051622238380617,0.22329110393067533,0.9924439191818237,0.0,2.3915326054879578
2026-04-13 14:50:58,2373,1144,1,v8_7_phase_2_2_radius_105_120_reward_grid,520,165.76653236637875,211,success,126.99329376220703,14.556957244873047,0.40629085898399353,36.16801452636719,48.5619010925293,13.231403350830078,26.427148818969727,26.520099707427306,18.12538399103685,-31.8373183064649,0.8947777776350023,0.9986850619316101,0.0,2.1172421746398977
2026-04-13 14:51:03,2373,1145,1,v8_7_phase_2_2_radius_105_120_reward_grid,520,162.70924262897663,208,success,117.28792572021484,14.923846244812012,0.40629085898399353,35.02437973022461,48.5619010925293,14.378787994384766,20.361631393432617,10.011152554233906,1.6293081158909264,-9.273573232368923,0.9847739339482389,0.9883231520652771,0.0,0.9141719307185027
2026-04-13 14:51:08,2373,1146,1,v8_7_phase_2_2_radius_105_120_reward_grid,520,155.4410518631171,207,success,118.9465103149414,14.970718383789062,0.40629085898399353,34.76708221435547,48.5619010925293,14.643726348876953,20.97598648071289,24.485632240490627,23.77191333071744,35.37290767371405,0.9100652326954903,0.9704875946044922,0.0,4.045611121262882
2026-04-13 14:51:14,2374,1147,1,v8_7_phase_2_2_radius_105_120_reward_grid,520,165.47205814523866,207,success,117.79138946533203,14.959074974060059,0.40629085898399353,34.60374069213867,48.5619010925293,14.80251693725586,19.049341201782227,10.104915683612548,3.086735375092128,-13.519651683687497,0.9844881307866903,0.9764390587806702,0.0,2.9520831341160014
2026-04-13 14:51:19,2374,1148,1,v8_7_phase_2_2_radius_105_120_reward_grid,520,152.01325687170706,210,success,117.4670181274414,14.865944862365723,0.40629085898399353,35.434993743896484,48.5619010925293,13.986560821533203,21.890094757080078,17.2467962675306,18.059291665533223,-13.504805413752829,0.9550365242880093,0.9452401399612427,0.0,5.025009559271579
2026-04-13 14:51:23,2374,1149,1,v8_7_phase_2_2_radius_105_120_reward_grid,520,141.9448887914741,212,success,119.75684356689453,14.608624458312988,0.40629085898399353,36.617183685302734,48.5619010925293,12.7852783203125,21.18808937072754,26.871345600589798,-22.70544930125894,-16.36556867591014,0.8920236868284019,0.9938809871673584,0.0,4.967595744580753
2026-04-13 14:51:27,2374,1150,1,v8_7_phase_2_2_radius_105_120_reward_grid,520,153.03268112629664,209,success,116.54263305664062,14.986221313476562,0.40629085898399353,35.304195404052734,48.5619010925293,14.100028991699219,21.12544822692871,17.361680049370214,-10.139620728559029,-15.393824002314085,0.9544401163479551,0.9884271621704102,0.0,2.0829448397205383
2026-04-13 14:51:31,2374,1151,1,v8_7_phase_2_2_radius_105_120_reward_grid,520,153.58795376659896,208,success,117.56629180908203,14.71798038482666,0.40629085898399353,34.878536224365234,48.5619010925293,14.53615951538086,16.724794387817383,16.4835397032546,13.689245280778914,19.750130607779266,0.9589012890382737,0.962705135345459,0.0,4.665125546228499
2026-04-13 14:51:36,2375,1152,1,v8_7_phase_2_2_radius_105_120_reward_grid,520,-149.4812223587749,241,near_miss,127.73757934570312,8.17406177520752,0.40629085898399353,47.37937545776367,48.5619010925293,2.02484130859375,-10.86231517791748,76.08017942882974,-76.64483116751468,-22.891657333506412,0.24056383215171384,0.9877886772155762,0.0,1.7020650124116288
2026-04-13 14:51:40,2375,1153,1,v8_7_phase_2_2_radius_105_120_reward_grid,520,152.3069170274587,208,success,119.59593200683594,14.909135818481445,0.40629085898399353,35.30228042602539,48.5619010925293,14.100875854492188,22.629377365112305,17.284927506119487,14.117306042668307,-16.536808348591528,0.9548389952813285,0.9894843101501465,0.0,4.540808553309507
2026-04-13 14:51:45,2375,1154,1,v8_7_phase_2_2_radius_105_120_reward_grid,520,-161.61437895405368,238,near_miss,124.7979965209961,8.9435396194458,0.40629085898399353,46.32067108154297,48.5619010925293,3.0864105224609375,-4.184841632843018,77.27829706208752,-42.095931175649305,-32.05622586936381,0.22021570908173432,0.9792395830154419,0.0,2.5643688915036558
2026-04-13 14:51:48,2375,1155,1,v8_7_phase_2_2_radius_105_120_reward_grid,520,154.4814387779898,212,success,120.80858612060547,14.703386306762695,0.40629085898399353,36.49247741699219,48.5619010925293,12.920677185058594,26.162851333618164,32.75440780632251,-20.062931073651047,22.966051753946193,0.8409973929129766,0.9618653059005737,0.0,1.586734256090762
2026-04-13 14:51:52,2375,1156,1,v8_7_phase_2_2_radius_105_120_reward_grid,520,149.70586969655884,213,success,125.50202178955078,14.500350952148438,0.40629085898399353,36.66671371459961,48.5619010925293,12.739044189453125,26.845233917236328,18.387323453254133,12.48634395378118,-4.279062715481037,0.9489458249734896,0.982001781463623,0.0,2.24692386251761
2026-04-13 14:51:57,2375,1157,1,v8_7_phase_2_2_radius_105_120_reward_grid,520,135.73674060567058,218,success,127.76644134521484,14.277626037597656,0.40629085898399353,38.784114837646484,48.5619010925293,10.617782592773438,29.31227684020996,39.67096813348466,-11.306132515206228,-15.904964623946574,0.7697231209753528,0.9949514269828796,0.0,4.738155923048956
2026-04-13 14:52:01,2376,1158,1,v8_7_phase_2_2_radius_105_120_reward_grid,520,-290.4892811375476,221,near_miss,128.8643341064453,17.889163970947266,0.40629085898399353,41.031009674072266,48.5619010925293,8.454643249511719,21.935644149780273,86.28689993579496,-95.57006958394776,-119.77845932338569,0.06476046924534776,0.7497932314872742,0.0,2.069454936160524
2026-04-13 14:52:05,2376,1159,1,v8_7_phase_2_2_radius_105_120_reward_grid,520,155.83894056563688,211,success,120.83751678466797,14.918453216552734,0.40629085898399353,36.14966583251953,48.5619010925293,13.274238586425781,26.032215118408203,6.011934641879339,2.010615806024759,0.6561917482104633,0.99450010064005,0.9322090744972229,0.0,1.5359592652453025
2026-04-13 14:52:08,2376,1160,1,v8_7_phase_2_2_radius_105_120_reward_grid,520,147.10172149019138,207,success,117.94647979736328,14.786945343017578,0.40629085898399353,35.1708869934082,48.5619010925293,14.2301025390625,22.654647827148438,20.168933902022353,16.517448177389127,-33.30831907253762,0.9386801074481321,0.9949097633361816,0.0,1.7706219838904629
2026-04-13 14:52:12,2376,1161,1,v8_7_phase_2_2_radius_105_120_reward_grid,520,-232.36907573953997,213,near_miss,125.9348373413086,17.945112228393555,0.40629085898399353,37.688804626464844,48.5619010925293,11.75296401977539,24.585725784301758,77.69010282752592,-74.95765149911648,-107.22664800640993,0.21319915623497676,0.8716698288917542,0.0,0.5555298647326496
2026-04-13 14:52:16,2376,1162,1,v8_7_phase_2_2_radius_105_120_reward_grid,520,151.6299174909207,210,success,122.21449279785156,14.505254745483398,0.40629085898399353,36.04254150390625,48.5619010925293,13.357086181640625,25.336669921875,21.05664163561786,12.34745205700897,-12.929235617679609,0.9332256938872446,0.9983413219451904,0.0,3.336979857835047
2026-04-13 14:52:22,2377,1163,1,v8_7_phase_2_2_radius_105_120_reward_grid,520,-155.05372279220487,243,near_miss,129.50758361816406,7.56158447265625,0.40629085898399353,48.05007553100586,48.5619010925293,1.3502655029296875,-11.620551109313965,78.10261893263801,-73.79308375506179,-16.312178794715443,0.206159458516556,0.9976868629455566,0.0,1.6660580038763129
2026-04-13 14:52:26,2377,1164,1,v8_7_phase_2_2_radius_105_120_reward_grid,520,167.55409831970687,214,success,126.40332794189453,14.993585586547852,0.40629085898399353,36.96416473388672,48.5619010925293,12.435619354248047,25.183385848999023,30.26186687250976,-6.37947181687278,9.65266239168297,0.8637311470275262,0.9963268637657166,0.0,2.0443882142502225
2026-04-13 14:52:31,2377,1165,1,v8_7_phase_2_2_radius_105_120_reward_grid,520,157.09437530206284,211,success,123.6712417602539,14.563742637634277,0.40629085898399353,36.41007995605469,48.5619010925293,12.989883422851562,26.403038024902344,24.89483570385526,6.688589530121455,-13.743027044077241,0.9070819602368478,0.9978312849998474,0.0,1.9309318360991854
2026-04-13 14:52:35,2377,1166,1,v8_7_phase_2_2_radius_105_120_reward_grid,520,158.0130309608884,208,success,119.3386001586914,14.783478736877441,0.40629085898399353,34.899505615234375,48.5619010925293,14.512466430664062,20.758895874023438,24.478610806023855,15.423256994994963,38.848340149848326,0.91011601737148,0.9700155258178711,0.0,2.6632846627158777
2026-04-13 14:52:40,2377,1167,1,v8_7_phase_2_2_radius_105_120_reward_grid,520,143.29622350424478,216,success,125.3296127319336,13.607450485229492,0.40629085898399353,38.09181594848633,48.5619010925293,11.310356140136719,27.80449676513672,39.96710123023432,-4.504543908569259,-32.76264501446155,0.7664134002259178,0.9884998202323914,0.0,2.9636880185791137
2026-04-13 14:52:45,2377,1168,1,v8_7_phase_2_2_radius_105_120_reward_grid,520,147.08027583701755,207,success,118.83460235595703,14.658851623535156,0.40629085898399353,35.08269500732422,48.5619010925293,14.319656372070312,21.458362579345703,17.042261130192692,11.738680711380319,34.250294366636176,0.9560888436837468,0.9948951601982117,0.0,3.885431359448773
2026-04-13 14:52:50,2378,1169,1,v8_7_phase_2_2_radius_105_120_reward_grid,520,141.46054538845982,217,success,126.4076156616211,14.584480285644531,0.40629085898399353,38.28193664550781,48.5619010925293,11.123115539550781,26.724510192871094,37.007225093030954,18.100392328863773,-16.369338940331986,0.798559613822963,0.98362797498703,0.0,2.0455631630693296
2026-04-13 14:52:54,2378,1170,1,v8_7_phase_2_2_radius_105_120_reward_grid,520,165.84516776503244,207,success,117.94313049316406,14.628278732299805,0.40629085898399353,34.91127395629883,48.5619010925293,14.496707916259766,18.670610427856445,17.578366093241577,15.879365074937366,-30.987069037825034,0.9533047695437175,0.9777690172195435,0.0,1.8549226261062812
2026-04-13 14:52:59,2378,1171,1,v8_7_phase_2_2_radius_105_120_reward_grid,520,144.79996224964847,213,success,122.9370346069336,14.935439109802246,0.40629085898399353,37.06493377685547,48.5619010925293,12.334304809570312,24.73900604248047,33.556521316786714,-4.094046978130554,-17.918349004462716,0.8333409399132449,0.9988680481910706,0.0,2.07039939831574
2026-04-13 14:53:03,2378,1172,1,v8_7_phase_2_2_radius_105_120_reward_grid,520,152.9178608289164,214,success,123.35797882080078,14.64704704284668,0.40629085898399353,37.33744812011719,48.5619010925293,12.077831268310547,27.963586807250977,23.580615099991014,9.553700634572301,9.91288491509764,0.9164981273332516,0.9553126096725464,0.0,1.6058880707590426
2026-04-13 14:53:07,2378,1173,1,v8_7_phase_2_2_radius_105_120_reward_grid,520,141.5661330100296,216,success,125.97692108154297,14.82864761352539,0.40629085898399353,37.938114166259766,48.5619010925293,11.463920593261719,28.96086883544922,36.214052300190296,0.3690354143404798,12.61038958061872,0.8068154365753445,0.9958041310310364,0.0,4.141182798157573
2026-04-13 14:53:12,2378,1174,1,v8_7_phase_2_2_radius_105_120_reward_grid,520,-310.6546469071312,220,near_miss,128.46054077148438,17.856243133544922,0.40629085898399353,41.35564041137695,48.5619010925293,8.132797241210938,22.36872673034668,93.50818573768265,-100.24264980647767,-131.97865250188917,-0.06119114050784124,0.7420434355735779,0.0,0.6716746790761711
2026-04-13 14:53:18,2379,1175,1,v8_7_phase_2_2_radius_105_120_reward_grid,520,-424.75048667053153,236,near_miss,127.71587371826172,17.76837158203125,0.40629085898399353,46.40125274658203,48.5619010925293,3.1319618225097656,12.41398811340332,110.21707557977076,-127.2200597071413,-126.08317471979268,-0.3455778781262219,0.6200002431869507,0.0,1.4769521527642997
2026-04-13 14:53:22,2379,1176,1,v8_7_phase_2_2_radius_105_120_reward_grid,520,162.24131794973488,211,success,120.1632308959961,14.82979679107666,0.40629085898399353,36.44187927246094,48.5619010925293,12.962509155273438,19.814786911010742,31.196940260452013,-20.124074927101002,-24.163025330518,0.855391922893397,0.9883936047554016,0.0,3.0889303459110296
2026-04-13 14:53:27,2379,1177,1,v8_7_phase_2_2_radius_105_120_reward_grid,520,155.45159902902225,209,success,115.5418930053711,14.746920585632324,0.40629085898399353,35.42843246459961,48.5619010925293,13.97342300415039,21.383350372314453,15.458596393760608,-3.669918270768973,-13.714057650486279,0.9638233158588358,0.9905601143836975,0.0,3.477537191011547
2026-04-13 14:53:31,2379,1178,1,v8_7_phase_2_2_radius_105_120_reward_grid,520,137.30722597471797,210,success,118.49352264404297,14.553165435791016,0.40629085898399353,35.97677230834961,48.5619010925293,13.42538833618164,22.688201904296875,30.265985476579278,-29.923413923662704,41.543587437848714,0.8636949190495262,0.9909085035324097,0.0,3.938947173409597
2026-04-13 14:53:35,2379,1179,1,v8_7_phase_2_2_radius_105_120_reward_grid,520,162.09659524035152,208,success,118.76482391357422,14.697885513305664,0.40629085898399353,35.074195861816406,48.5619010925293,14.333168029785156,21.16573143005371,19.164383829842727,19.073943587495297,26.849012589551148,0.944580617665272,0.9815826416015625,0.0,4.683016314461411
2026-04-13 14:53:39,2380,1180,1,v8_7_phase_2_2_radius_105_120_reward_grid,520,137.23630215250785,214,success,126.2502212524414,14.683481216430664,0.40629085898399353,36.90603256225586,48.5619010925293,12.496864318847656,26.82454490661621,37.66602415923536,37.67235915969055,-39.78162744332262,0.791586023429676,0.9938614964485168,0.0,5.874970224806948
2026-04-13 14:53:43,2380,1181,1,v8_7_phase_2_2_radius_105_120_reward_grid,520,127.81536576446982,231,success,123.67655181884766,5.8505778312683105,0.40629085898399353,43.96649169921875,48.5619010925293,5.4659881591796875,25.278125762939453,39.93699034127832,-40.606191785588656,53.57267413235964,0.7667508700007297,0.898338258266449,0.0,0.4698615454039674
2026-04-13 14:53:47,2380,1182,1,v8_7_phase_2_2_radius_105_120_reward_grid,520,153.48274355731397,209,success,120.76631164550781,14.709244728088379,0.40629085898399353,35.673439025878906,48.5619010925293,13.725982666015625,22.191835403442383,24.9185381678225,-8.04488537993345,-42.80507898132046,0.9069077398092783,0.997697114944458,0.0,1.535779614674416
2026-04-13 14:53:51,2380,1183,1,v8_7_phase_2_2_radius_105_120_reward_grid,520,159.70883995068385,213,success,125.82228088378906,14.737573623657227,0.40629085898399353,36.661251068115234,48.5619010925293,12.738239288330078,26.551761627197266,31.771734830054438,-4.797956455595137,32.2832920932263,0.8501525475394507,0.9991067051887512,0.0,1.705000973142697
2026-04-13 14:53:54,2380,1184,1,v8_7_phase_2_2_radius_105_120_reward_grid,520,161.47328097927618,207,success,117.09323120117188,14.702764511108398,0.40629085898399353,35.03990936279297,48.5619010925293,14.365436553955078,19.39455223083496,17.97258924420908,15.691282155762726,-26.877018072695492,0.951204243636786,0.9848951101303101,0.0,4.30202857256008
2026-04-13 14:53:58,2380,1185,1,v8_7_phase_2_2_radius_105_120_reward_grid,520,140.54419218376069,213,success,124.66790771484375,14.811525344848633,0.40629085898399353,37.00727081298828,48.5619010925293,12.393653869628906,27.123308181762695,36.555404664340024,27.00969449732299,-38.44190632819213,0.8032812949178088,0.9979114532470703,0.0,6.0363197118940946
2026-04-13 14:54:02,2381,1186,1,v8_7_phase_2_2_radius_105_120_reward_grid,520,165.06037963639,206,success,116.17326354980469,14.96650218963623,0.40629085898399353,34.78275680541992,48.5619010925293,14.616569519042969,18.606935501098633,12.817089034149877,9.217527261360736,-22.704894348388876,0.975083231897018,0.9985944032669067,0.0,0.10496859502184952
2026-04-13 14:54:06,2381,1187,1,v8_7_phase_2_2_radius_105_120_reward_grid,520,-298.83465055413285,214,near_miss,125.21082305908203,17.800519943237305,0.40629085898399353,38.0102424621582,48.5619010925293,11.533447265625,21.54336929321289,103.33233368885713,-99.23112611115546,-177.39014874595944,-0.23059889390838242,0.5912337899208069,0.0,0.7989067008781536
2026-04-13 14:54:10,2381,1188,1,v8_7_phase_2_2_radius_105_120_reward_grid,520,158.39141058052186,206,success,117.47187805175781,14.814290046691895,0.40629085898399353,34.70732879638672,48.5619010925293,14.693412780761719,19.133995056152344,11.124700492735887,7.983476002879513,40.651212977502794,0.9812095756395216,0.9976627826690674,0.0,3.8156148664943927
2026-04-13 14:54:14,2381,1189,1,v8_7_phase_2_2_radius_105_120_reward_grid,520,131.22018016930187,218,success,124.92594146728516,13.127527236938477,0.40629085898399353,38.61845779418945,48.5619010925293,10.78512191772461,26.96836280822754,40.376922825718836,-32.172284443740665,30.952699525921528,0.761799290744235,0.9876799583435059,0.0,4.391413849404051
2026-04-13 14:54:18,2381,1190,1,v8_7_phase_2_2_radius_105_120_reward_grid,520,149.62522112629514,210,success,121.63387298583984,14.885635375976562,0.40629085898399353,36.016048431396484,48.5619010925293,13.384601593017578,25.308597564697266,22.126799089870044,-11.849623474068837,-6.599223761907831,0.9263525572677541,0.9971078038215637,0.0,4.495897237078659
2026-04-13 14:54:23,2382,1191,1,v8_7_phase_2_2_radius_105_120_reward_grid,520,146.55888979876818,214,success,123.82051086425781,14.719768524169922,0.40629085898399353,37.371028900146484,48.5619010925293,12.031425476074219,23.0324764251709,33.61373098127474,-6.735369495746872,18.020970889194864,0.8327885960473592,0.9926770329475403,0.0,4.290031338880126
2026-04-13 14:54:28,2382,1192,1,v8_7_phase_2_2_radius_105_120_reward_grid,520,171.24967578339078,211,success,115.35706329345703,14.954270362854004,0.40629085898399353,35.42463684082031,48.5619010925293,13.984760284423828,5.058063507080078,15.716239666989953,-15.898812331051685,-12.449232974699562,0.9626150099426444,0.9679147601127625,0.0,0.8907422013040481
2026-04-13 14:54:33,2382,1193,1,v8_7_phase_2_2_radius_105_120_reward_grid,520,145.42128269751146,208,success,117.38116455078125,14.777263641357422,0.40629085898399353,35.290340423583984,48.5619010925293,14.121376037597656,22.443681716918945,10.547250687093621,-2.350936384722991,9.599259703883579,0.9831042872217945,0.9709263443946838,0.0,4.945851682229852
2026-04-13 14:54:38,2382,1194,1,v8_7_phase_2_2_radius_105_120_reward_grid,520,146.26170245371978,209,success,116.2507095336914,14.865981101989746,0.40629085898399353,35.48374938964844,48.5619010925293,13.938156127929688,20.45246696472168,21.11039522438586,-7.767686421336715,16.701771077425676,0.9328882049287326,0.9394621849060059,0.0,1.8563398000586555
2026-04-13 14:54:43,2382,1195,1,v8_7_phase_2_2_radius_105_120_reward_grid,520,148.7820876453335,209,success,119.18275451660156,14.620898246765137,0.40629085898399353,35.73814392089844,48.5619010925293,13.662982940673828,23.84097671508789,22.698511536609498,15.877329678564703,-28.42463477823554,0.9225481144386195,0.9976714849472046,0.0,5.3338790877113285
2026-04-13 14:54:48,2382,1196,1,v8_7_phase_2_2_radius_105_120_reward_grid,520,153.49958872065582,207,success,118.98743438720703,14.923145294189453,0.40629085898399353,34.84523010253906,48.5619010925293,14.558460235595703,21.692657470703125,16.80447663197516,16.72967410773247,25.058487036368767,0.9572969119871351,0.9875672459602356,0.0,3.853607839871013
2026-04-13 14:54:53,2383,1197,1,v8_7_phase_2_2_radius_105_120_reward_grid,520,138.2911110999681,209,success,120.11548614501953,14.9453706741333,0.40629085898399353,35.579345703125,48.5619010925293,13.821941375732422,23.627538681030273,21.182945493749738,-19.916969931087873,-17.55210743097746,0.9324314001002588,0.996381402015686,0.0,3.254706278096256
2026-04-13 14:54:58,2383,1198,1,v8_7_phase_2_2_radius_105_120_reward_grid,520,149.55953231956718,209,success,116.87417602539062,14.80473518371582,0.40629085898399353,35.55780792236328,48.5619010925293,13.85784912109375,17.552278518676758,14.445780085137976,-4.7492862351169185,11.238838076408678,0.9683841454604287,0.9607629179954529,0.0,5.287147944201304
2026-04-13 14:55:03,2383,1199,1,v8_7_phase_2_2_radius_105_120_reward_grid,520,150.69423048374563,213,success,123.87562561035156,14.813004493713379,0.40629085898399353,36.97709274291992,48.5619010925293,12.429092407226562,23.971311569213867,36.49258399944883,6.554127011025999,25.598396414785352,0.80393384395415,0.9833883047103882,0.0,2.3499323737824804
2026-04-13 14:55:08,2383,1200,1,v8_7_phase_2_2_radius_105_120_reward_grid,520,156.68152336340387,208,success,117.12472534179688,14.777180671691895,0.40629085898399353,35.19154357910156,48.5619010925293,14.20806884765625,22.450166702270508,16.30458362435839,3.782944241154344,-22.637555513361722,0.9597828357533295,0.9983834624290466,0.0,3.56327393679229
2026-04-13 14:55:14,2383,1201,1,v8_7_phase_2_2_radius_105_120_reward_grid,520,-153.7285730106142,243,near_miss,125.73760223388672,6.592822551727295,0.40629085898399353,48.00326156616211,48.5619010925293,1.3976821899414062,-8.933920860290527,77.02641334587578,25.807982477014484,-19.907937005910533,0.22450184600071973,0.9972270727157593,0.0,4.940705156151059
2026-04-13 14:55:18,2383,1202,1,v8_7_phase_2_2_radius_105_120_reward_grid,520,170.5515985190536,212,success,126.75779724121094,14.869988441467285,0.40629085898399353,35.5258674621582,48.5619010925293,13.882740020751953,24.091642379760742,21.743026128332662,22.067034934632435,-18.617225913169467,0.9288546491394908,0.9698765277862549,0.0,2.711842411624493
2026-04-13 14:55:24,2384,1203,1,v8_7_phase_2_2_radius_105_120_reward_grid,520,148.06451668701368,213,success,124.03784942626953,14.54914665222168,0.40629085898399353,36.95319366455078,48.5619010925293,12.451736450195312,26.807605743408203,30.965164621156802,13.339448241494113,20.259592710423224,0.8574802813136124,0.986499547958374,0.0,4.343047740804859
2026-04-13 14:55:28,2384,1204,1,v8_7_phase_2_2_radius_105_120_reward_grid,520,148.2665680359217,213,success,125.3065414428711,14.71706771850586,0.40629085898399353,37.16242218017578,48.5619010925293,12.241214752197266,28.15972328186035,39.58946007102431,31.57995677853882,33.0764546407832,0.7706304880009889,0.9899673461914062,0.0,4.497242481430627
2026-04-13 14:55:33,2384,1205,1,v8_7_phase_2_2_radius_105_120_reward_grid,520,166.42020615613893,209,success,120.38692474365234,14.767847061157227,0.40629085898399353,34.73390197753906,48.5619010925293,14.674209594726562,17.492094039916992,18.525242048069614,-2.7172855336876727,-31.45810961884038,0.9481837724409707,0.9702667593955994,0.0,2.8581395233591507
2026-04-13 14:55:38,2384,1206,1,v8_7_phase_2_2_radius_105_120_reward_grid,520,154.53201710642048,214,success,125.68401336669922,14.81103801727295,0.40629085898399353,37.365684509277344,48.5619010925293,12.03726577758789,28.438579559326172,26.586029815938147,17.610440661583954,-4.053703185137405,0.8942633854361639,0.9861479997634888,0.0,0.48536200090163767
2026-04-13 14:55:43,2384,1207,1,v8_7_phase_2_2_radius_105_120_reward_grid,520,147.51855905155136,214,success,124.60991668701172,14.616454124450684,0.40629085898399353,37.03922653198242,48.5619010925293,11.935504913330078,27.251583099365234,30.853426141429978,27.736631530687447,14.87907021061066,0.8584820630212299,0.9800608158111572,0.0,4.115285299427314
2026-04-13 14:55:49,2385,1208,1,v8_7_phase_2_2_radius_105_120_reward_grid,520,146.1202896621203,211,success,122.34578704833984,14.562200546264648,0.40629085898399353,36.32449722290039,48.5619010925293,13.080055236816406,26.317943572998047,17.28798572332036,16.551095396787904,7.115546362686245,0.9548231346586253,0.9821933507919312,0.0,3.1385203502562744
2026-04-13 14:55:54,2385,1209,1,v8_7_phase_2_2_radius_105_120_reward_grid,520,140.90649657841305,225,success,128.86148071289062,9.810662269592285,0.40629085898399353,40.682918548583984,48.5619010925293,8.733558654785156,24.571247100830078,40.292593895131276,25.598934292182488,-31.800728983081143,0.7627519279625007,0.9517614841461182,0.0,3.1217828699843517
2026-04-13 14:55:58,2385,1210,1,v8_7_phase_2_2_radius_105_120_reward_grid,520,158.0922750924235,211,success,120.12093353271484,14.838238716125488,0.40629085898399353,35.74103546142578,48.5619010925293,13.68136978149414,21.387239456176758,2.6401942557427964,-2.6526202908337537,1.0029039965896522,0.9989385008411775,0.9365141987800598,0.0,1.3368735498400202
2026-04-13 14:56:03,2385,1211,1,v8_7_phase_2_2_radius_105_120_reward_grid,520,137.28881227796646,230,success,129.30502319335938,7.977944850921631,0.40629085898399353,43.163028717041016,48.5619010925293,6.237518310546875,29.57377052307129,39.562047106790466,1.5201987253860287,-25.46146136721035,0.7709353052323199,0.9975342750549316,0.0,2.290684729437205
2026-04-13 14:56:07,2385,1212,1,v8_7_phase_2_2_radius_105_120_reward_grid,520,146.69225753625147,212,success,119.71890258789062,14.526354789733887,0.40629085898399353,36.37477111816406,48.5619010925293,13.027507781982422,23.701866149902344,24.275728574465088,-19.041773396504535,16.82114912373916,0.9115775190399926,0.9911023378372192,0.0,0.9180180914936651
2026-04-13 14:56:11,2385,1213,1,v8_7_phase_2_2_radius_105_120_reward_grid,520,148.60067940343274,211,success,119.20064544677734,14.527676582336426,0.40629085898399353,36.29664611816406,48.5619010925293,13.107948303222656,24.29209327697754,16.610825401079666,-15.23056882077244,-0.685185154185227,0.9582685797168945,0.9878355264663696,0.0,2.463361596471712
2026-04-13 14:56:15,2386,1214,1,v8_7_phase_2_2_radius_105_120_reward_grid,520,141.35118675017353,215,success,125.07144165039062,14.571861267089844,0.40629085898399353,37.38035202026367,48.5619010925293,12.021709442138672,24.605161666870117,38.30433607302432,-23.877931527014375,28.325813893776502,0.7847294641828647,0.9898000359535217,0.0,2.4128920434125636
2026-04-13 14:56:19,2386,1215,1,v8_7_phase_2_2_radius_105_120_reward_grid,520,157.61297417541363,209,success,119.21726989746094,14.743322372436523,0.40629085898399353,35.49054718017578,48.5619010925293,13.92843246459961,18.652376174926758,32.036548094365,26.167605597193997,29.389149696595137,0.8477098963169941,0.9480727314949036,0.0,1.7886361458169537
2026-04-13 14:56:24,2386,1216,1,v8_7_phase_2_2_radius_105_120_reward_grid,520,147.4552850297522,211,success,119.75923156738281,14.675202369689941,0.40629085898399353,36.21512985229492,48.5619010925293,13.187919616699219,23.14225196838379,22.78185008976741,-12.70109876166472,-15.006451531084105,0.9219858608516741,0.9874531030654907,0.0,1.2753627351531334
2026-04-13 14:56:28,2386,1217,1,v8_7_phase_2_2_radius_105_120_reward_grid,520,148.36069585737658,209,success,121.45445251464844,14.701135635375977,0.40629085898399353,35.84433364868164,48.5619010925293,13.55569839477539,24.751750946044922,25.36350450168132,24.264677328388007,-37.59056764437965,0.903608326948214,0.9986823201179504,0.0,5.125601743651338
2026-04-13 14:56:32,2386,1218,1,v8_7_phase_2_2_radius_105_120_reward_grid,520,153.63494243671573,213,success,123.26862335205078,13.446100234985352,0.40629085898399353,36.842559814453125,48.5619010925293,12.578041076660156,24.229644775390625,40.05069250039152,39.87557328026156,42.65143729103561,0.7654754363645542,0.9417464137077332,0.0,3.4650638010168153
2026-04-13 14:56:36,2386,1219,1,v8_7_phase_2_2_radius_105_120_reward_grid,520,146.66397355484918,207,success,117.70393371582031,14.80337142944336,0.40629085898399353,35.130271911621094,48.5619010925293,14.270694732666016,22.3640079498291,14.351801804800477,-4.3341336769852035,16.74113345761246,0.9687920206072824,0.9978002905845642,0.0,4.19168392918931
2026-04-13 14:56:41,2387,1220,1,v8_7_phase_2_2_radius_105_120_reward_grid,520,152.14197627895632,217,success,125.48436737060547,12.961139678955078,0.40629085898399353,37.1693229675293,48.5619010925293,12.260372161865234,21.050525665283203,39.959263588161726,39.8847428092223,47.90264723438691,0.7665012614981516,0.9185816645622253,0.0,3.7986037106868076
2026-04-13 14:56:45,2387,1221,1,v8_7_phase_2_2_radius_105_120_reward_grid,520,151.9747062427723,216,success,128.03671264648438,13.251174926757812,0.40629085898399353,37.13137435913086,48.5619010925293,12.287174224853516,24.07833480834961,40.154180111600965,39.613533072754024,-40.181849207928686,0.7643119619653161,0.9466102123260498,0.0,1.2585928731581664
2026-04-13 14:56:49,2387,1222,1,v8_7_phase_2_2_radius_105_120_reward_grid,520,165.14824250809258,207,success,117.27800750732422,14.89771842956543,0.40629085898399353,35.04522705078125,48.5619010925293,14.353981018066406,15.536194801330566,17.33705721741232,-7.055189261651311,-35.01703774248347,0.9545682665395,0.9992075562477112,0.0,0.7588304123206503
2026-04-13 14:56:53,2387,1223,1,v8_7_phase_2_2_radius_105_120_reward_grid,520,159.8614091460526,209,success,117.0177993774414,14.817327499389648,0.40629085898399353,35.65835189819336,48.5619010925293,13.743358612060547,22.348386764526367,14.924620742185475,-13.889534601774015,1.6341951162420705,0.9662654967945667,0.9923516511917114,0.0,3.019983443342862
2026-04-13 14:56:57,2387,1224,1,v8_7_phase_2_2_radius_105_120_reward_grid,520,146.5083202830923,211,success,119.4885025024414,14.639832496643066,0.40629085898399353,36.0914306640625,48.5619010925293,13.315086364746094,21.5841007232666,23.826279928963448,-19.635767627863864,-18.428453144888657,0.9147744769713225,0.980778157711029,0.0,2.1066686256877993
2026-04-13 14:57:01,2388,1225,1,v8_7_phase_2_2_radius_105_120_reward_grid,520,160.23109890011884,216,success,124.61358642578125,14.476211547851562,0.40629085898399353,37.889869689941406,48.5619010925293,11.534454345703125,26.343887329101562,17.357411181138957,17.950607987912687,4.862110714921774,0.9544623464191323,0.9288541674613953,0.0,0.8825845346155136
2026-04-13 14:57:06,2388,1226,1,v8_7_phase_2_2_radius_105_120_reward_grid,520,142.0094655080942,215,success,125.70538330078125,14.501982688903809,0.40629085898399353,37.76409912109375,48.5619010925293,11.644309997558594,28.946395874023438,24.608765183300324,23.35993510300249,3.079852251956048,0.909172415227613,0.97672039270401,0.0,2.495523022250985
2026-04-13 14:57:09,2388,1227,1,v8_7_phase_2_2_radius_105_120_reward_grid,520,156.39493219268775,210,success,122.28364562988281,14.62668228149414,0.40629085898399353,35.38750076293945,48.5619010925293,14.023483276367188,20.870811462402344,30.558823007054404,30.52480183479857,38.66850126900189,0.8611076395719147,0.9667091965675354,0.0,1.293773437420006
2026-04-13 14:57:13,2388,1228,1,v8_7_phase_2_2_radius_105_120_reward_grid,520,153.09350522906254,209,success,118.30963897705078,14.535308837890625,0.40629085898399353,35.73817443847656,48.5619010925293,13.662395477294922,23.51877784729004,22.01000627015741,-11.578692067809234,-25.62447407703646,0.9271184182480078,0.9945481419563293,0.0,3.3346970335821045
2026-04-13 14:57:17,2388,1229,1,v8_7_phase_2_2_radius_105_120_reward_grid,520,150.65061028397662,217,success,125.99116516113281,14.907970428466797,0.40629085898399353,38.436222076416016,48.5619010925293,10.965682983398438,28.1680850982666,37.64508621433469,-17.67682839276919,-12.775044097166571,0.7918092731142734,0.9883144497871399,0.0,1.5852753896132261
2026-04-13 14:57:21,2388,1230,1,v8_7_phase_2_2_radius_105_120_reward_grid,520,150.13605335749432,212,success,124.9749984741211,14.866559028625488,0.40629085898399353,36.78216552734375,48.5619010925293,12.619380950927734,27.263715744018555,36.454884770324945,36.10948551909198,42.07926551407448,0.8043249803623264,0.996742308139801,0.0,4.248896927939576
2026-04-13 14:57:27,2389,1231,1,v8_7_phase_2_2_radius_105_120_reward_grid,520,130.61097492142397,227,success,125.98220825195312,9.320456504821777,0.40629085898399353,42.077266693115234,48.5619010925293,7.322963714599609,22.29666519165039,40.41819424377864,-27.1756680941543,-36.80493879547727,0.7613324590204749,0.9989744424819946,0.0,6.035845141843855
2026-04-13 14:57:31,2389,1232,1,v8_7_phase_2_2_radius_105_120_reward_grid,520,158.8116738250767,212,success,126.214111328125,14.957144737243652,0.40629085898399353,35.473167419433594,48.5619010925293,13.941261291503906,23.514183044433594,37.458031238630134,14.925416459223781,37.20244214479367,0.7937990409434057,0.9526922106742859,0.0,1.0356602327584603
2026-04-13 14:57:35,2389,1233,1,v8_7_phase_2_2_radius_105_120_reward_grid,520,160.18388528762534,212,success,127.8875503540039,14.95840072631836,0.40629085898399353,36.457645416259766,48.5619010925293,12.941967010498047,28.207530975341797,26.480016742283087,25.80178578788999,3.1591855394959807,0.895089929204121,0.9978974461555481,0.0,0.15750119369119367
2026-04-13 14:57:40,2389,1234,1,v8_7_phase_2_2_radius_105_120_reward_grid,520,161.8701476874908,209,success,115.86570739746094,14.90399169921875,0.40629085898399353,35.161598205566406,48.5619010925293,14.243751525878906,10.862377166748047,18.441531249601937,-2.4766227510652152,20.20022982879935,0.9486469619572664,0.9837904572486877,0.0,1.314813585816059
2026-04-13 14:57:44,2389,1235,1,v8_7_phase_2_2_radius_105_120_reward_grid,520,173.51777734620083,207,success,118.1918716430664,14.90594482421875,0.40629085898399353,34.590084075927734,48.5619010925293,14.822967529296875,18.412670135498047,12.100677322296411,-10.82865618844544,5.686161512339588,0.9777807586835693,0.9539384245872498,0.0,1.900295737236402
2026-04-13 14:57:48,2389,1236,1,v8_7_phase_2_2_radius_105_120_reward_grid,520,150.35620379766084,207,success,118.05926513671875,14.624320983886719,0.40629085898399353,35.10447692871094,48.5619010925293,14.296127319335938,21.177940368652344,15.244135284011378,12.633322794530685,34.403714075773,0.9648142422824311,0.9977157711982727,0.0,3.023909634624239
2026-04-13 14:57:54,2390,1237,1,v8_7_phase_2_2_radius_105_120_reward_grid,520,-179.1837677137211,222,near_miss,126.3994140625,15.925619125366211,0.40629085898399353,39.14400863647461,48.5619010925293,10.29986572265625,25.20211410522461,75.06683207299913,-66.30762672664552,-98.30420113889303,0.25769217503568287,0.8663921356201172,0.0,0.591809827404584
2026-04-13 14:57:59,2390,1238,1,v8_7_phase_2_2_radius_105_120_reward_grid,520,148.42118245788922,215,success,124.54896545410156,14.53921127319336,0.40629085898399353,37.662567138671875,48.5619010925293,11.7418212890625,28.427087783813477,36.19012614752774,1.4218901051147428,-20.734811659663325,0.8070620799651149,0.9827258586883545,0.0,1.0516263748073447
2026-04-13 14:58:03,2390,1239,1,v8_7_phase_2_2_radius_105_120_reward_grid,520,151.0118488252282,208,success,118.54601287841797,14.75597095489502,0.40629085898399353,35.14921569824219,48.5619010925293,14.252410888671875,16.866474151611328,19.884804862738992,0.6980154510976844,33.47617097139069,0.9403783643606992,0.9939790964126587,0.0,4.693897325306298
2026-04-13 14:58:07,2390,1240,1,v8_7_phase_2_2_radius_105_120_reward_grid,520,183.6702420021738,206,success,119.34068298339844,14.922703742980957,0.40629085898399353,34.64388656616211,48.5619010925293,14.75655746459961,19.848604202270508,8.385366894964001,1.4314914300970767,16.50804129935473,0.9893096097000275,0.9934782385826111,0.0,1.1261751027996307
2026-04-13 14:58:13,2390,1241,1,v8_7_phase_2_2_radius_105_120_reward_grid,520,-151.026013489992,245,near_miss,128.70245361328125,7.76702880859375,0.40629085898399353,48.39408874511719,48.5619010925293,1.0071067810058594,-13.77927017211914,77.67928380788062,-78.39340740636214,-8.417220335932003,0.21338363856918197,0.9947563409805298,0.0,3.4928192663983153
2026-04-13 14:58:19,2391,1242,1,v8_7_phase_2_2_radius_105_120_reward_grid,520,-281.16807176783055,221,near_miss,127.88065338134766,17.611228942871094,0.40629085898399353,39.502620697021484,48.5619010925293,9.98311996459961,20.287353515625,96.01686640850414,-91.54423997392635,166.24274726574336,-0.10482122048223314,0.7495264410972595,0.0,1.6942642354478696
2026-04-13 14:58:24,2391,1243,1,v8_7_phase_2_2_radius_105_120_reward_grid,520,142.45931074924454,225,success,124.64192199707031,8.979934692382812,0.40629085898399353,41.17327117919922,48.5619010925293,8.244293212890625,25.197010040283203,39.59964046798222,-31.23973481069673,-34.99544068432789,0.7705172426072951,0.9452223181724548,0.0,1.1928401522072951
2026-04-13 14:58:29,2391,1244,1,v8_7_phase_2_2_radius_105_120_reward_grid,520,-137.92027273166656,225,near_miss,117.31751251220703,15.711371421813965,0.40629085898399353,41.061920166015625,48.5619010925293,8.360450744628906,-9.96352481842041,75.72489347877318,-76.5435599526909,-42.03453802029465,0.24657797808979728,0.9267420172691345,0.0,0.5807755620243926
2026-04-13 14:58:33,2391,1245,1,v8_7_phase_2_2_radius_105_120_reward_grid,520,147.0623963563984,213,success,122.52511596679688,13.6116304397583,0.40629085898399353,36.8853645324707,48.5619010925293,12.530166625976562,22.920297622680664,40.41744633806452,-39.46089883537175,43.444685215957136,0.7613409222913103,0.9537962079048157,0.0,3.7022770494998367
2026-04-13 14:58:37,2391,1246,1,v8_7_phase_2_2_radius_105_120_reward_grid,520,170.63002309162076,218,success,120.58173370361328,14.831862449645996,0.40629085898399353,37.490997314453125,48.5619010925293,11.943222045898438,18.229021072387695,33.25885825766297,21.121494281787133,28.746654291939546,0.8362013765605837,0.8997412919998169,0.0,2.6540749474087466
2026-04-13 14:58:41,2392,1247,1,v8_7_phase_2_2_radius_105_120_reward_grid,520,150.46994496784413,216,success,123.09383392333984,14.631926536560059,0.40629085898399353,37.80112838745117,48.5619010925293,11.60477066040039,22.388916015625,29.474096759302583,-15.249276708909106,6.6768612415428965,0.870578230119682,0.9868705868721008,0.0,5.892100199971046
2026-04-13 14:58:45,2392,1248,1,v8_7_phase_2_2_radius_105_120_reward_grid,520,-154.30952321279017,240,near_miss,122.69258880615234,14.102465629577637,0.40629085898399353,46.25415802001953,48.5619010925293,3.1698875427246094,-0.6285724639892578,76.3602991470703,-14.15832901259705,-26.73751658153986,0.23581553867946023,0.9234647154808044,0.0,0.7898112577043764
2026-04-13 14:58:49,2392,1249,1,v8_7_phase_2_2_radius_105_120_reward_grid,520,158.13673041327036,213,success,123.05038452148438,14.761805534362793,0.40629085898399353,37.002506256103516,48.5619010925293,12.416313171386719,27.525360107421875,21.003654735584195,10.079170993083478,-10.240179896161834,0.9335575653208942,0.9395223259925842,0.0,0.8839748802702135
2026-04-13 14:58:53,2392,1250,1,v8_7_phase_2_2_radius_105_120_reward_grid,520,-161.94550621011626,239,near_miss,129.154541015625,7.876849174499512,0.40629085898399353,45.72488021850586,48.5619010925293,3.7142982482910156,-6.982362747192383,77.63550912549002,-72.14109322126748,-64.81212265692538,0.21412999219493145,0.8863789439201355,0.0,3.4514935084274954
2026-04-13 14:58:57,2392,1251,1,v8_7_phase_2_2_radius_105_120_reward_grid,520,134.17700636499194,221,success,124.77030944824219,10.558713912963867,0.40629085898399353,39.614864349365234,48.5619010925293,9.804088592529297,23.629093170166016,40.35496718263183,-39.677426077344904,42.88847217599174,0.7620474756683608,0.9472667574882507,0.0,1.870760479081246
2026-04-13 14:59:02,2392,1252,1,v8_7_phase_2_2_radius_105_120_reward_grid,520,-147.6961788490483,234,near_miss,125.55236053466797,8.254408836364746,0.40629085898399353,43.9758415222168,48.5619010925293,5.463909149169922,10.630949974060059,75.99629104544363,-67.9040946526768,95.4148125539242,0.24198470570088512,0.880669116973877,0.0,3.0646939694078
2026-04-13 14:59:06,2393,1253,1,v8_7_phase_2_2_radius_105_120_reward_grid,520,144.5785398476451,224,success,129.03018188476562,14.552042961120605,0.40629085898399353,40.583248138427734,48.5619010925293,8.838783264160156,29.485544204711914,38.160509364576775,-31.65543719905663,-10.16917837219226,0.7862829392786236,0.9373852610588074,0.0,1.499984061085624
2026-04-13 14:59:11,2393,1254,1,v8_7_phase_2_2_radius_105_120_reward_grid,520,-180.6995310407322,234,near_miss,128.65545654296875,8.768731117248535,0.40629085898399353,45.04304122924805,48.5619010925293,4.3719024658203125,13.894693374633789,76.7859087248213,-75.43850364687454,38.754554822354876,0.22859030436778424,0.9501000642776489,0.0,2.800959831976071
2026-04-13 14:59:15,2393,1255,1,v8_7_phase_2_2_radius_105_120_reward_grid,520,148.03561236544772,214,success,119.61978149414062,14.579401969909668,0.40629085898399353,36.995540618896484,48.5619010925293,12.41805648803711,22.272005081176758,22.455233858751985,-15.468100601990681,-10.673207059351473,0.9241782473894319,0.9627021551132202,0.0,3.9532975163881154
2026-04-13 14:59:18,2393,1256,1,v8_7_phase_2_2_radius_105_120_reward_grid,520,142.1480809315282,211,success,118.74928283691406,14.598318099975586,0.40629085898399353,36.37238693237305,48.5619010925293,13.029823303222656,19.815399169921875,21.57090706879563,-17.922385646262192,-4.227082414576301,0.9299632876803143,0.9953503608703613,0.0,6.245754815500895
2026-04-13 14:59:22,2393,1257,1,v8_7_phase_2_2_radius_105_120_reward_grid,520,148.288825969231,218,success,126.39500427246094,14.903013229370117,0.40629085898399353,38.51808547973633,48.5619010925293,10.898860931396484,29.221458435058594,25.485298727413696,-10.40622264865849,-2.995695783645028,0.9026957175900254,0.9502938985824585,0.0,4.168449266351479
2026-04-13 14:59:26,2394,1258,1,v8_7_phase_2_2_radius_105_120_reward_grid,520,154.5240977021795,206,success,116.497314453125,14.851787567138672,0.40629085898399353,34.72517013549805,48.5619010925293,14.680915832519531,19.782564163208008,20.68097440107799,-15.328836459908707,43.23479350276265,0.9355613538796047,0.9780747294425964,0.0,1.3274091055561401
2026-04-13 14:59:30,2394,1259,1,v8_7_phase_2_2_radius_105_120_reward_grid,520,127.01415786259574,226,success,127.15946960449219,9.782835960388184,0.40629085898399353,41.591575622558594,48.5619010925293,7.807945251464844,26.242713928222656,40.45160411410376,-39.97479543833434,41.91596593630322,0.7609542619679354,0.9981585144996643,0.0,0.7534542382708611
2026-04-13 14:59:34,2394,1260,1,v8_7_phase_2_2_radius_105_120_reward_grid,520,140.10830062993867,214,success,126.15962219238281,14.547260284423828,0.40629085898399353,37.28070068359375,48.5619010925293,12.120372772216797,26.472856521606445,37.19312235167119,31.26847283162956,38.870743170325966,0.7966024869170382,0.9976330995559692,0.0,6.249357754610151
2026-04-13 14:59:38,2394,1261,1,v8_7_phase_2_2_radius_105_120_reward_grid,520,152.96832179171295,211,success,119.24308776855469,14.578483581542969,0.40629085898399353,36.06446075439453,48.5619010925293,13.348506927490234,23.032012939453125,24.7202185026293,-4.822189112996695,19.152458319551886,0.9083606642650004,0.9656327366828918,0.0,2.4557465537894516
2026-04-13 14:59:42,2394,1262,1,v8_7_phase_2_2_radius_105_120_reward_grid,520,145.26507998979145,214,success,124.83560180664062,14.498456954956055,0.40629085898399353,37.473472595214844,48.5619010925293,11.934276580810547,26.84347152709961,27.26541677984827,1.9207098125364694,-10.27855787533449,0.8888939075363215,0.9821674823760986,0.0,3.5476989994796777
2026-04-13 14:59:46,2394,1263,1,v8_7_phase_2_2_radius_105_120_reward_grid,520,-218.88579697409688,229,near_miss,125.5255355834961,10.0603609085083,0.40629085898399353,43.169498443603516,48.5619010925293,6.263740539550781,22.759063720703125,75.06621735597383,-75.82869186358987,-70.75337636683932,0.2577025415126381,0.8958215117454529,0.0,1.4987955728802245
2026-04-13 14:59:51,2395,1264,1,v8_7_phase_2_2_radius_105_120_reward_grid,520,159.70715585991843,206,success,116.05915069580078,14.8358154296875,0.40629085898399353,34.75407791137695,48.5619010925293,14.647674560546875,19.47944450378418,15.646848360117207,9.69999987149939,42.59131113577199,0.9629423603753657,0.9934394359588623,0.0,4.630536294499161
2026-04-13 14:59:54,2395,1265,1,v8_7_phase_2_2_radius_105_120_reward_grid,520,157.04062785850988,210,success,120.58773040771484,14.678848266601562,0.40629085898399353,36.09526062011719,48.5619010925293,13.308692932128906,22.838098526000977,28.460320809101564,24.43007889687633,26.571874248883297,0.8791473498560504,0.9889785051345825,0.0,2.0743232091041697
2026-04-13 14:59:59,2395,1266,1,v8_7_phase_2_2_radius_105_120_reward_grid,520,161.10553744193112,213,success,125.11517333984375,14.694640159606934,0.40629085898399353,36.56709671020508,48.5619010925293,12.842044830322266,23.661930084228516,35.4989007582387,31.068744439920046,27.3095739528324,0.8141266592180131,0.9734896421432495,0.0,1.4481004705106508
2026-04-13 15:00:04,2395,1267,1,v8_7_phase_2_2_radius_105_120_reward_grid,520,-161.5240638258353,233,near_miss,120.25508117675781,12.036178588867188,0.40629085898399353,43.832820892333984,48.5619010925293,5.582210540771484,-8.077874183654785,75.1663752499629,-51.82467504449705,33.362038510359774,0.2560131064004196,0.952416181564331,0.0,3.491658686018264
2026-04-13 15:00:09,2395,1268,1,v8_7_phase_2_2_radius_105_120_reward_grid,520,153.99327983548432,211,success,123.08299255371094,14.686793327331543,0.40629085898399353,36.45079803466797,48.5619010925293,12.951061248779297,25.06916046142578,34.00596142455189,32.33841513492288,37.11905578031157,0.8289793860107985,0.993190586566925,0.0,1.3453262718294776
2026-04-13 15:00:16,2396,1269,1,v8_7_phase_2_2_radius_105_120_reward_grid,520,152.1647461693495,208,success,115.24816131591797,14.81187915802002,0.40629085898399353,35.12748336791992,48.5619010925293,14.280235290527344,21.13742446899414,9.823130252988149,-8.877126001052934,-9.932464506127127,0.9853391047711789,0.9744670987129211,0.0,0.7709196404658364
2026-04-13 15:00:21,2396,1270,1,v8_7_phase_2_2_radius_105_120_reward_grid,520,147.9110290089106,211,success,122.41849517822266,14.559707641601562,0.40629085898399353,36.44564437866211,48.5619010925293,12.957794189453125,25.66553497314453,36.89119042431619,-18.109239131386232,41.106151387549836,0.7997769673071183,0.9846887588500977,0.0,0.6354168338382948
2026-04-13 15:00:25,2396,1271,1,v8_7_phase_2_2_radius_105_120_reward_grid,520,167.3396474254901,207,success,117.94227600097656,14.563746452331543,0.40629085898399353,35.16536331176758,48.5619010925293,14.233936309814453,21.686046600341797,11.661449201114046,11.553073735779808,-2.747015212710622,0.97935903203201,0.999951183795929,0.0,1.3425837099374234
2026-04-13 15:00:30,2396,1272,1,v8_7_phase_2_2_radius_105_120_reward_grid,520,154.6078646825273,207,success,116.79324340820312,14.891812324523926,0.40629085898399353,35.04016876220703,48.5619010925293,14.364574432373047,21.066476821899414,22.012593204305553,-13.10747452671297,-30.11964525851717,0.927101496310355,0.9850333333015442,0.0,4.497424782087578
2026-04-13 15:00:35,2396,1273,1,v8_7_phase_2_2_radius_105_120_reward_grid,520,161.61959673672018,214,success,125.20945739746094,14.555275917053223,0.40629085898399353,37.45133590698242,48.5619010925293,11.950138092041016,28.38614273071289,34.30422212522801,18.505303018335056,-20.157051080413822,0.8260567660258272,0.9959217309951782,0.0,3.614610896685892
2026-04-13 15:00:46,2397,1274,1,v8_7_phase_2_2_radius_105_120_reward_grid,520,-621.7277936248099,403,wrong_way,120.4412612915039,186.5206756591797,0.40629085898399353,71.01232147216797,48.5619010925293,-21.040748596191406,-49.778717041015625,128.60332327823062,139.71294015195818,-144.8255006702528,-0.6239249255253081,-0.5380181670188904,0.0,4.114247335188958
2026-04-13 15:00:51,2397,1275,1,v8_7_phase_2_2_radius_105_120_reward_grid,520,147.61697243652534,223,success,128.40565490722656,11.240039825439453,0.40629085898399353,40.354251861572266,48.5619010925293,9.046520233154297,24.445484161376953,40.05503650070365,14.284633724502573,32.53902120594075,0.7654266485001937,0.9955964684486389,0.0,3.26933137206139
2026-04-13 15:00:56,2397,1276,1,v8_7_phase_2_2_radius_105_120_reward_grid,520,163.87225808361868,210,success,119.38628387451172,14.781557083129883,0.40629085898399353,35.773948669433594,48.5619010925293,13.648380279541016,23.550548553466797,13.284168105446614,-1.2031722934087135,10.072328851082418,0.9732424026654699,0.9318065643310547,0.0,0.6820172083983329
2026-04-13 15:01:01,2397,1277,1,v8_7_phase_2_2_radius_105_120_reward_grid,520,145.32762136399236,210,success,120.73633575439453,14.694602966308594,0.40629085898399353,35.70638656616211,48.5619010925293,13.264617919921875,23.825963973999023,30.109580974775156,28.849301789881082,36.098051782421386,0.8650675460717645,0.9954111576080322,0.0,5.826449846081353
2026-04-13 15:01:06,2397,1278,1,v8_7_phase_2_2_radius_105_120_reward_grid,520,140.40753454138408,212,success,123.64816284179688,14.607392311096191,0.40629085898399353,36.80803298950195,48.5619010925293,12.596794128417969,26.0765380859375,35.96193635754678,7.172334689879846,-30.811765402587486,0.8094073026559976,0.9881026744842529,0.0,5.887956687861086
2026-04-13 15:01:11,2397,1279,1,v8_7_phase_2_2_radius_105_120_reward_grid,520,157.73718105553567,210,success,118.73017883300781,14.898797035217285,0.40629085898399353,35.91971206665039,48.5619010925293,13.492626190185547,25.258804321289062,12.400139282492804,-12.688496208872401,-5.771830440664942,0.9766717563229961,0.964156985282898,0.0,3.7543228862388185
2026-04-13 15:01:16,2398,1280,1,v8_7_phase_2_2_radius_105_120_reward_grid,520,-265.9147784461,215,near_miss,124.27806854248047,17.79553985595703,0.40629085898399353,38.7808723449707,48.5619010925293,10.71176528930664,22.763254165649414,87.20170815246979,-91.02445574789921,135.7937912665832,0.04881999248167455,0.7305184006690979,0.0,2.023438867527975
2026-04-13 15:01:21,2398,1281,1,v8_7_phase_2_2_radius_105_120_reward_grid,520,139.78000832271547,215,success,128.3179931640625,14.94506549835205,0.40629085898399353,37.80658721923828,48.5619010925293,11.594364166259766,29.171520233154297,40.24789713720271,37.829491076641276,-24.44088425614329,0.7632561832329383,0.994907021522522,0.0,1.0780483000325938
2026-04-13 15:01:26,2398,1282,1,v8_7_phase_2_2_radius_105_120_reward_grid,520,160.05133646730764,213,success,125.05338287353516,14.640908241271973,0.40629085898399353,36.900447845458984,48.5619010925293,12.502738952636719,24.258939743041992,33.84348146948105,23.253698340652107,-25.035085100725013,0.8305620601707921,0.988690197467804,0.0,1.2391598697597979
2026-04-13 15:01:31,2398,1283,1,v8_7_phase_2_2_radius_105_120_reward_grid,520,173.91790642270504,217,success,128.53294372558594,14.798267364501953,0.40629085898399353,38.096092224121094,48.5619010925293,11.322200775146484,23.41041374206543,37.15338772617464,-17.481276661737137,-18.139155359950887,0.7970215185240309,0.9387041926383972,0.0,1.4206510795624194
2026-04-13 15:01:35,2398,1284,1,v8_7_phase_2_2_radius_105_120_reward_grid,520,151.87926078893835,214,success,127.00184631347656,14.74869155883789,0.40629085898399353,37.15995788574219,48.5619010925293,12.241466522216797,29.034786224365234,39.86851086465977,30.030661554010244,-38.30609826183018,0.7675175696566241,0.9934209585189819,0.0,2.8677665513109036
2026-04-13 15:01:41,2399,1285,1,v8_7_phase_2_2_radius_105_120_reward_grid,520,-179.43499672092526,239,near_miss,127.78296661376953,4.7936015129089355,0.40629085898399353,47.27847671508789,48.5619010925293,2.1311569213867188,12.758339881896973,76.63933286523283,-70.99090302541568,-39.731387986882595,0.23108004996961673,0.9707959294319153,0.0,4.26491751457583
2026-04-13 15:01:45,2399,1286,1,v8_7_phase_2_2_radius_105_120_reward_grid,520,163.53939222137888,210,success,121.9262924194336,14.873908996582031,0.40629085898399353,35.410400390625,48.5619010925293,14.006023406982422,19.482481002807617,37.27029324400858,-31.453400203407654,-37.33927473953112,0.7957875672115969,0.9442964196205139,0.0,0.9786213533255905
2026-04-13 15:01:50,2399,1287,1,v8_7_phase_2_2_radius_105_120_reward_grid,520,149.26181415805763,210,success,122.14742279052734,14.905125617980957,0.40629085898399353,35.97426223754883,48.5619010925293,13.424968719482422,26.037343978881836,24.57479011482139,22.53762472316256,-5.189789894126782,0.9094191827044092,0.9997576475143433,0.0,1.2657584505500765
2026-04-13 15:01:55,2399,1288,1,v8_7_phase_2_2_radius_105_120_reward_grid,520,139.06430905867634,213,success,123.89216613769531,14.724418640136719,0.40629085898399353,36.89162063598633,48.5619010925293,12.507862091064453,26.902061462402344,33.109201982758826,-17.2072785005402,-31.723117543542287,0.8376309991676656,0.9993642568588257,0.0,4.097467871711805
2026-04-13 15:02:00,2399,1289,1,v8_7_phase_2_2_radius_105_120_reward_grid,520,153.43766413957022,211,success,120.8666763305664,14.785453796386719,0.40629085898399353,36.163299560546875,48.5619010925293,13.252025604248047,26.060380935668945,28.031318334880357,-0.7753121683261898,19.607951682468986,0.8826908440278894,0.9555882215499878,0.0,3.9215907704838004
2026-04-13 15:02:05,2399,1290,1,v8_7_phase_2_2_radius_105_120_reward_grid,520,127.18699263394268,228,success,127.7591552734375,8.370670318603516,0.40629085898399353,42.4542121887207,48.5619010925293,6.947353363037109,25.27328109741211,40.405203223977274,39.2101352701839,43.402522458210655,0.7614794464311659,0.9935023784637451,0.0,1.9748232929440057
2026-04-13 15:02:11,2400,1291,1,v8_7_phase_2_2_radius_105_120_reward_grid,520,-400.57500567886626,224,near_miss,121.434814453125,17.95883560180664,0.40629085898399353,40.25848388671875,48.5619010925293,9.499305725097656,12.181488990783691,125.69715974866024,-145.67106442912205,134.35798988039815,-0.5835009542477563,0.018387185409665108,0.0,1.9127682923697722
2026-04-13 15:02:16,2400,1292,1,v8_7_phase_2_2_radius_105_120_reward_grid,520,137.61549353100543,218,success,126.36282348632812,14.894063949584961,0.40629085898399353,38.75350570678711,48.5619010925293,10.650264739990234,26.516687393188477,38.07880664172508,-19.49299106100121,-11.394177922475924,0.7871632059161757,0.9857613444328308,0.0,1.3537950314903306
2026-04-13 15:02:20,2400,1293,1,v8_7_phase_2_2_radius_105_120_reward_grid,520,168.27507391398242,213,success,121.76229858398438,14.716612815856934,0.40629085898399353,36.6919059753418,48.5619010925293,12.709362030029297,16.059160232543945,26.137271019542677,-7.786816073654628,-10.610650210516972,0.8977412044665657,0.994530975818634,0.0,1.2187649610537183
2026-04-13 15:02:26,2400,1294,1,v8_7_phase_2_2_radius_105_120_reward_grid,520,-161.79539507303662,240,near_miss,128.3193359375,5.538051128387451,0.40629085898399353,47.22743606567383,48.5619010925293,2.1796112060546875,-4.564019203186035,76.2836780849611,-72.4064187497658,36.48468488567371,0.23711490277451805,0.9807103872299194,0.0,5.1996407901735
2026-04-13 15:02:31,2400,1295,1,v8_7_phase_2_2_radius_105_120_reward_grid,520,178.7122294241035,211,success,123.45054626464844,14.750408172607422,0.40629085898399353,35.7666130065918,48.5619010925293,13.645252227783203,20.13141441345215,17.002622127344523,-13.25472315993469,12.480299236365719,0.9562913746419899,0.9575310349464417,0.0,2.0319045696287996
2026-04-13 15:02:37,2401,1296,1,v8_7_phase_2_2_radius_105_120_reward_grid,520,156.84309371760116,209,success,120.17420959472656,14.954110145568848,0.40629085898399353,35.73267364501953,48.5619010925293,13.67928695678711,24.437694549560547,8.837645800102967,6.196567034862654,-2.0544523870047238,0.9881276498443595,0.9640347361564636,0.0,4.315861059777749
2026-04-13 15:02:42,2401,1297,1,v8_7_phase_2_2_radius_105_120_reward_grid,520,152.05824114933736,211,success,122.57847595214844,14.872532844543457,0.40629085898399353,36.11166000366211,48.5619010925293,13.291610717773438,26.09320640563965,18.939301775934126,1.0750179876202932,-2.3874631691871615,0.945862946608046,0.9905828237533569,0.0,2.6760139301170227
2026-04-13 15:02:46,2401,1298,1,v8_7_phase_2_2_radius_105_120_reward_grid,520,145.53986808273999,213,success,125.06073760986328,14.822757720947266,0.40629085898399353,36.99462890625,48.5619010925293,12.406112670898438,27.758737564086914,32.76376858058001,32.833607264843394,20.139154277241097,0.8409089886945443,0.9980953335762024,0.0,3.381868089322094
2026-04-13 15:02:51,2401,1299,1,v8_7_phase_2_2_radius_105_120_reward_grid,520,149.1032671108491,210,success,121.85698699951172,14.840864181518555,0.40629085898399353,36.06656265258789,48.5619010925293,13.342761993408203,24.823745727539062,37.351541759280465,-20.52212127645642,34.58396618306422,0.7949280280203948,0.9710649251937866,0.0,4.045219325050681
2026-04-13 15:02:56,2401,1300,1,v8_7_phase_2_2_radius_105_120_reward_grid,520,145.43253513187537,215,success,126.15834045410156,14.915101051330566,0.40629085898399353,37.46306610107422,48.5619010925293,11.952415466308594,28.641427993774414,22.938275082139043,20.892334604944036,6.921454584589284,0.920925255045811,0.9566142559051514,0.0,2.1571332053985937
2026-04-13 15:03:02,2401,1301,1,v8_7_phase_2_2_radius_105_120_reward_grid,520,-201.3430811403761,234,near_miss,128.86972045898438,5.991645336151123,0.40629085898399353,45.643733978271484,48.5619010925293,3.7989463806152344,29.18963623046875,75.14621253153302,-65.49894598929436,93.87587531127194,0.2563532685080477,0.8691882491111755,0.0,1.5759346208782983
2026-04-13 15:03:06,2402,1302,1,v8_7_phase_2_2_radius_105_120_reward_grid,520,141.1243247567683,216,success,126.15271759033203,14.473860740661621,0.40629085898399353,38.223175048828125,48.5619010925293,11.177661895751953,26.818445205688477,40.00597183680086,27.161225659154308,24.198062493412873,0.7659774423532263,0.9980032444000244,0.0,3.747340573978338
2026-04-13 15:06:53,2402,1,1,v8_7_phase_2_2_radius_105_120_reward_grid,520,148.17300082506878,208,success,116.72462463378906,14.894308090209961,0.40629085898399353,35.3927001953125,48.5619010925293,14.015697479248047,20.105844497680664,14.6291518813326,-4.751266136202576,11.90026078902802,0.9675807932703424,0.980073094367981,0.0,3.244566298606269
2026-04-13 15:06:56,2402,2,1,v8_7_phase_2_2_radius_105_120_reward_grid,520,156.19509984903118,210,success,119.65552520751953,14.702642440795898,0.40629085898399353,36.050567626953125,48.5619010925293,13.35470199584961,25.377010345458984,29.403868754256514,-15.018885890468113,25.551720609544777,0.871180662085588,0.9789738655090332,0.0,0.7679992268837625
2026-04-13 15:07:00,2402,3,1,v8_7_phase_2_2_radius_105_120_reward_grid,520,140.93520322088705,213,success,121.1151351928711,14.725329399108887,0.40629085898399353,37.11419677734375,48.5619010925293,12.291496276855469,22.575075149536133,23.88672027292889,-23.76051545253998,-5.328453833335442,0.9143478323522688,0.9831936955451965,0.0,1.599222431162788
2026-04-13 15:07:03,2402,4,1,v8_7_phase_2_2_radius_105_120_reward_grid,520,129.1340031891179,228,success,129.3204803466797,8.587723731994629,0.40629085898399353,42.44706344604492,48.5619010925293,6.954250335693359,29.306198120117188,39.699436361945274,28.890559547562546,-38.315168753047956,0.769405838785769,0.9973353147506714,0.0,7.724668292368535
2026-04-13 15:07:07,2402,5,1,v8_7_phase_2_2_radius_105_120_reward_grid,520,140.63875412069663,228,success,128.05970764160156,8.303014755249023,0.40629085898399353,42.43696975708008,48.5619010925293,6.968620300292969,26.766233444213867,39.759979158748266,-38.55211484554487,-32.446731689875534,0.7687304498481037,0.9857254028320312,0.0,5.703646513656814
2026-04-13 15:07:10,2403,6,1,v8_7_phase_2_2_radius_105_120_reward_grid,520,161.16414518336813,210,success,122.79113006591797,14.929149627685547,0.40629085898399353,36.132572174072266,48.5619010925293,13.26907730102539,26.507646560668945,32.641716515206475,25.730041480848175,36.4824104326801,0.84205989982983,0.9940259456634521,0.0,3.8513664417048936
2026-04-13 15:07:14,2403,7,1,v8_7_phase_2_2_radius_105_120_reward_grid,520,-236.5488581379812,225,near_miss,126.86348724365234,14.640703201293945,0.40629085898399353,41.26841354370117,48.5619010925293,8.396064758300781,12.131269454956055,76.1633233215963,-111.02083175073037,83.70726725987538,0.23915505968297945,0.26609528064727783,0.0,1.430025113853664
2026-04-13 15:07:17,2403,8,1,v8_7_phase_2_2_radius_105_120_reward_grid,520,144.08581429582625,220,success,126.90824127197266,14.42031192779541,0.40629085898399353,39.36577606201172,48.5619010925293,10.046329498291016,29.00128746032715,33.36391339728694,8.289534218266846,-7.964155959038486,0.8351944069571187,0.962946891784668,0.0,4.093090924871999
2026-04-13 15:07:21,2403,9,1,v8_7_phase_2_2_radius_105_120_reward_grid,520,142.57079218264127,209,success,120.60985565185547,14.690984725952148,0.40629085898399353,35.83779525756836,48.5619010925293,13.561752319335938,24.447147369384766,21.730615674610746,-1.2083655850554504,8.513803479664213,0.9289348668173865,0.9998248219490051,0.0,2.5716492026080493
2026-04-13 15:07:24,2403,10,1,v8_7_phase_2_2_radius_105_120_reward_grid,520,145.2893163963763,215,success,123.4092788696289,13.201879501342773,0.40629085898399353,37.85283660888672,48.5619010925293,11.555347442626953,25.712209701538086,40.227399739503504,25.133866711596323,44.8463663921434,0.7634872733304262,0.9805939197540283,0.0,3.2349310463079464
2026-04-13 15:07:28,2403,11,1,v8_7_phase_2_2_radius_105_120_reward_grid,520,158.22352908634403,209,success,116.7217788696289,14.856801986694336,0.40629085898399353,35.528934478759766,48.5619010925293,13.878551483154297,21.831857681274414,26.86464347746672,-24.91236367681281,-26.174891701491106,0.8920765516983299,0.9760462045669556,0.0,1.8958392436809846
2026-04-13 15:07:32,2404,12,1,v8_7_phase_2_2_radius_105_120_reward_grid,520,-182.51824139396274,234,near_miss,126.92321014404297,9.660171508789062,0.40629085898399353,45.54841995239258,48.5619010925293,3.861927032470703,9.355042457580566,76.37729948791446,-77.59715078311122,31.668223313182896,0.23552718430027234,0.9621798992156982,0.0,0.9739136932274609
2026-04-13 15:07:36,2404,13,1,v8_7_phase_2_2_radius_105_120_reward_grid,520,159.21603491782963,212,success,119.7426528930664,14.549702644348145,0.40629085898399353,36.711795806884766,48.5619010925293,12.6962890625,24.161869049072266,22.74008860563466,-2.604515055065942,-12.105470407546466,0.922267853634285,0.9759824275970459,0.0,4.641492751861782
2026-04-13 15:07:39,2404,14,1,v8_7_phase_2_2_radius_105_120_reward_grid,520,147.88097159379907,210,success,122.04375457763672,14.8428316116333,0.40629085898399353,35.96550750732422,48.5619010925293,13.441490173339844,22.966163635253906,27.921360826979612,27.54949288516556,-23.060723298484447,0.8835911165963343,0.9794104099273682,0.0,3.7138946462781526
2026-04-13 15:07:42,2404,15,1,v8_7_phase_2_2_radius_105_120_reward_grid,520,148.80115674469675,209,success,120.38104248046875,14.966325759887695,0.40629085898399353,35.69796371459961,48.5619010925293,13.701522827148438,24.97211265563965,21.5703674838512,7.661780069387436,-11.170805123407119,0.9299667500179593,0.9984560608863831,0.0,1.0930274087609686
2026-04-13 15:07:45,2404,16,1,v8_7_phase_2_2_radius_105_120_reward_grid,520,142.35605163780008,215,success,124.93443298339844,14.73982048034668,0.40629085898399353,37.50232696533203,48.5619010925293,11.907917022705078,27.686012268066406,28.56676589222163,-27.893847117455508,11.696894467811827,0.8782604903424733,0.9740309715270996,0.0,2.420409497771866
2026-04-13 15:07:49,2405,17,1,v8_7_phase_2_2_radius_105_120_reward_grid,520,-324.12830145284045,219,near_miss,128.4777374267578,17.897729873657227,0.40629085898399353,41.29127883911133,48.5619010925293,8.188793182373047,22.878662109375,101.51128231272666,-101.95910366565855,-163.81570784607104,-0.1995608909582681,0.7652710676193237,0.0,1.6147002935567287
2026-04-13 15:07:52,2405,18,1,v8_7_phase_2_2_radius_105_120_reward_grid,520,170.19968757966222,207,success,118.63690948486328,14.911359786987305,0.40629085898399353,34.6300163269043,48.5619010925293,14.77219009399414,17.74500846862793,2.7584666651843834,2.7839663226769797,-5.048813508997249,0.9988412857945246,0.9904199838638306,0.0,3.6979494186726107
2026-04-13 15:07:55,2405,19,1,v8_7_phase_2_2_radius_105_120_reward_grid,520,-270.0445452995699,216,near_miss,126.0081558227539,17.592802047729492,0.40629085898399353,39.16108322143555,48.5619010925293,10.354026794433594,22.134876251220703,95.40576255327393,-98.80437589181307,144.29147549980618,-0.09420844201257063,0.6689940094947815,0.0,2.0038015811311367
2026-04-13 15:07:59,2405,20,1,v8_7_phase_2_2_radius_105_120_reward_grid,520,135.44173231418154,222,success,127.01362609863281,12.138258934020996,0.40629085898399353,40.083648681640625,48.5619010925293,9.315879821777344,28.890804290771484,40.05815106696517,-25.711156007793093,23.3308692329895,0.7653916658137535,0.9992066025733948,0.0,3.0699697179154173
2026-04-13 15:08:02,2405,21,1,v8_7_phase_2_2_radius_105_120_reward_grid,520,160.9230101521828,213,success,126.88294219970703,14.788986206054688,0.40629085898399353,36.82900619506836,48.5619010925293,12.572345733642578,28.229228973388672,35.50084053196298,35.163996092665464,-31.31468247645928,0.814106999327192,0.994634747505188,0.0,3.8766567706709627
2026-04-13 15:08:05,2405,22,1,v8_7_phase_2_2_radius_105_120_reward_grid,520,149.37846964247484,206,success,117.51787567138672,14.965764045715332,0.40629085898399353,34.808143615722656,48.5619010925293,14.596138000488281,20.89055633544922,17.351079595778355,17.322954584323533,26.935793558050744,0.9544953083035724,0.9889144897460938,0.0,2.8003514577285396
2026-04-13 15:08:09,2406,23,1,v8_7_phase_2_2_radius_105_120_reward_grid,520,179.83079302225303,210,success,122.7181396484375,14.874407768249512,0.40629085898399353,35.12251663208008,48.5619010925293,14.28500747680664,10.599302291870117,12.526779527441303,-2.7228986685249534,12.619513005802565,0.976194738574022,0.9776149988174438,0.0,1.523148917744424
2026-04-13 15:08:13,2406,24,1,v8_7_phase_2_2_radius_105_120_reward_grid,520,148.22728828644915,215,success,128.28921508789062,14.62846851348877,0.40629085898399353,37.34122085571289,48.5619010925293,12.066154479980469,29.39082145690918,38.805794901508314,34.614917185288135,25.144496193492152,0.779274586166405,0.9735211730003357,0.0,1.0067348249462291
2026-04-13 15:08:16,2406,25,1,v8_7_phase_2_2_radius_105_120_reward_grid,520,154.83472082237708,218,success,128.98699951171875,14.762436866760254,0.40629085898399353,38.723121643066406,48.5619010925293,10.681076049804688,29.10471534729004,33.702759082011276,6.614141748828785,-5.4609770055934375,0.8319274025961726,0.9818466901779175,0.0,2.629952042953278
2026-04-13 15:08:20,2406,26,1,v8_7_phase_2_2_radius_105_120_reward_grid,520,140.5619159300402,218,success,122.91280364990234,12.365721702575684,0.40629085898399353,38.716712951660156,48.5619010925293,10.6895751953125,22.207014083862305,40.482954682394116,-39.06576556169734,37.72750952214382,0.7605991407378965,0.9802818894386292,0.0,4.465672848419493
2026-04-13 15:08:23,2406,27,1,v8_7_phase_2_2_radius_105_120_reward_grid,520,163.38694974672586,207,success,118.15081787109375,14.874079704284668,0.40629085898399353,35.12462615966797,48.5619010925293,14.277610778808594,22.52545166015625,21.946376227849573,-4.398948757114039,-34.65543386744465,0.9275340470158162,0.9927052855491638,0.0,4.680506863167442
2026-04-13 15:08:27,2407,28,1,v8_7_phase_2_2_radius_105_120_reward_grid,520,159.11374189802706,214,success,125.24882507324219,14.75412368774414,0.40629085898399353,37.07773971557617,48.5619010925293,12.352424621582031,28.480764389038086,20.286028957605758,11.235995863940307,15.184758742009166,0.9379735037569935,0.9088243842124939,0.0,0.9753209798453885
2026-04-13 15:08:31,2407,29,1,v8_7_phase_2_2_radius_105_120_reward_grid,520,169.24362771036812,215,success,124.26638793945312,14.800938606262207,0.40629085898399353,36.79746627807617,48.5619010925293,12.615177154541016,17.117128372192383,15.049153873775024,14.755559899849318,1.6068636873914413,0.96570343079567,0.957845151424408,0.0,0.6864434800230464
2026-04-13 15:08:34,2407,30,1,v8_7_phase_2_2_radius_105_120_reward_grid,520,172.49022624463313,207,success,121.03348541259766,14.930989265441895,0.40629085898399353,34.728973388671875,48.5619010925293,14.680095672607422,20.960025787353516,14.546330715004318,-2.8301307175034496,-16.79790940508819,0.9679448607172485,0.9658347368240356,0.0,1.8302320346159993
2026-04-13 15:08:37,2407,31,1,v8_7_phase_2_2_radius_105_120_reward_grid,520,-401.081720604652,228,near_miss,128.42579650878906,17.961490631103516,0.40629085898399353,43.70713806152344,48.5619010925293,5.9139862060546875,12.763094902038574,137.21490774605275,-137.46009787687785,-170.30732453892625,-0.7339066229898855,0.3826861083507538,0.0,1.6229636536459515
2026-04-13 15:08:41,2407,32,1,v8_7_phase_2_2_radius_105_120_reward_grid,520,-158.42747066632882,241,near_miss,128.5556182861328,6.358885288238525,0.40629085898399353,47.55294418334961,48.5619010925293,1.8474464416503906,-6.104574680328369,77.17198516765627,-76.75444887350422,-40.93512003563813,0.2220252714314658,0.9972792863845825,0.0,4.8540484791522065
2026-04-13 15:08:45,2407,33,1,v8_7_phase_2_2_radius_105_120_reward_grid,520,163.0855446698275,208,success,117.362548828125,14.770718574523926,0.40629085898399353,34.99932861328125,48.5619010925293,14.406940460205078,16.540353775024414,13.17452990888957,-0.7912999336258971,17.383890117003805,0.9736803170733253,0.9843196272850037,0.0,5.14009323165932
2026-04-13 15:08:49,2408,34,1,v8_7_phase_2_2_radius_105_120_reward_grid,520,146.9302811189337,212,success,121.98102569580078,14.90987491607666,0.40629085898399353,36.758705139160156,48.5619010925293,12.641372680664062,24.669118881225586,34.92203664131776,-15.023525296461845,31.541021285175162,0.8199317610797642,0.9967585802078247,0.0,3.7455036477005947
2026-04-13 15:08:52,2408,35,1,v8_7_phase_2_2_radius_105_120_reward_grid,520,143.06945351137705,211,success,120.31255340576172,13.97908878326416,0.40629085898399353,36.235504150390625,48.5619010925293,13.188117980957031,20.989286422729492,40.15839092322428,-40.241562136747525,-45.31871153929022,0.7642645684901371,0.930272102355957,0.0,3.8295974102051296
2026-04-13 15:08:56,2408,36,1,v8_7_phase_2_2_radius_105_120_reward_grid,520,158.02046747859663,217,success,128.70748901367188,14.841903686523438,0.40629085898399353,37.701087951660156,48.5619010925293,11.699993133544922,28.948610305786133,38.598444018685065,33.100278340608206,-22.946594252548117,0.7815374148269943,0.9940592050552368,0.0,3.235678331148058
2026-04-13 15:08:59,2408,37,1,v8_7_phase_2_2_radius_105_120_reward_grid,520,149.0030963203451,216,success,126.67411804199219,14.45994758605957,0.40629085898399353,38.18624496459961,48.5619010925293,11.220630645751953,26.82609748840332,33.238190105234516,-15.774470444758895,13.487426851183377,0.8363991531309048,0.9779407978057861,0.0,1.9768394327938303
2026-04-13 15:09:03,2408,38,1,v8_7_phase_2_2_radius_105_120_reward_grid,520,150.85923244330777,217,success,128.6779022216797,14.595942497253418,0.40629085898399353,38.559661865234375,48.5619010925293,10.843109130859375,30.277015686035156,37.93008268764264,33.597362432928804,14.845684245947638,0.7887614505888789,0.9864439964294434,0.0,2.8794320929229507
2026-04-13 15:09:07,2409,39,1,v8_7_phase_2_2_radius_105_120_reward_grid,520,157.66703991226257,219,success,126.94310760498047,12.813940048217773,0.40629085898399353,39.27055740356445,48.5619010925293,10.13003921508789,28.93795394897461,39.68613115344209,1.4083380493060853,-28.21565831038983,0.7695541507497359,0.9969462752342224,0.0,3.7013591128800494
2026-04-13 15:09:10,2409,40,1,v8_7_phase_2_2_radius_105_120_reward_grid,520,164.48504962678626,212,success,124.35198974609375,14.510476112365723,0.40629085898399353,36.861061096191406,48.5619010925293,12.538352966308594,27.793498992919922,26.69267809718602,26.33850888305876,2.164926854848272,0.8934288000971939,0.9980550408363342,0.0,0.32292121356914355
2026-04-13 15:09:14,2409,41,1,v8_7_phase_2_2_radius_105_120_reward_grid,520,154.77336804214968,214,success,121.35872650146484,14.697166442871094,0.40629085898399353,37.41170883178711,48.5619010925293,11.989398956298828,22.905658721923828,32.652573100892205,-31.399595388220877,12.69246198745924,0.8419576805214629,0.9969147443771362,0.0,6.058978358221929
2026-04-13 15:09:17,2409,42,1,v8_7_phase_2_2_radius_105_120_reward_grid,520,176.0845537479681,206,success,117.60236358642578,14.704634666442871,0.40629085898399353,34.740692138671875,48.5619010925293,14.659507751464844,16.769336700439453,10.48799879604376,-6.318603305423742,41.419865391223105,0.9832930571426772,0.9943771362304688,0.0,0.4745497296216332
2026-04-13 15:09:20,2409,43,1,v8_7_phase_2_2_radius_105_120_reward_grid,520,165.58930414315495,213,success,124.63993072509766,14.945511817932129,0.40629085898399353,36.17236328125,48.5619010925293,13.238483428955078,23.54808235168457,13.737432265373355,9.659439646886915,4.187786201847102,0.9713941824534172,0.9649089574813843,0.0,3.399656858255606
2026-04-13 15:09:24,2409,44,1,v8_7_phase_2_2_radius_105_120_reward_grid,520,142.06108583598888,209,success,121.1046371459961,14.757962226867676,0.40629085898399353,35.76869583129883,48.5619010925293,13.63833236694336,24.646577835083008,33.714595799842904,-20.217233584738096,-43.89421411618153,0.8318127514243744,0.9806978106498718,0.0,5.085706468723026
2026-04-13 15:09:28,2410,45,1,v8_7_phase_2_2_radius_105_120_reward_grid,520,149.9785666191677,209,success,120.25889587402344,14.682291030883789,0.40629085898399353,35.788639068603516,48.5619010925293,13.611560821533203,24.950992584228516,16.89431581767563,16.247433724025598,2.3018059802494433,0.9568424192440949,0.9958697557449341,0.0,1.0605543754304871
2026-04-13 15:09:31,2410,46,1,v8_7_phase_2_2_radius_105_120_reward_grid,520,158.09936965461353,214,success,128.4399871826172,14.778867721557617,0.40629085898399353,37.0728759765625,48.5619010925293,12.331157684326172,28.72615623474121,37.82907785019649,38.02365627927181,-27.543900667782612,0.789843857713206,0.9854075312614441,0.0,2.7819549754589477
2026-04-13 15:09:35,2410,47,1,v8_7_phase_2_2_radius_105_120_reward_grid,520,136.87603117256106,217,success,123.18780517578125,12.190876007080078,0.40629085898399353,38.22107696533203,48.5619010925293,11.198905944824219,23.84560775756836,40.45265254814135,-40.80810242273799,-36.2101795829309,0.7609423895908964,0.9379643797874451,0.0,1.3552947905323114
2026-04-13 15:09:38,2410,48,1,v8_7_phase_2_2_radius_105_120_reward_grid,520,-246.73329098080825,211,near_miss,120.5189208984375,17.757211685180664,0.40629085898399353,36.99504852294922,48.5619010925293,12.515579223632812,21.37958526611328,83.71451409058476,-87.82387691415542,135.53394354979923,0.10948251870698089,0.6811982989311218,0.0,1.9722948694199887
2026-04-13 15:09:42,2410,49,1,v8_7_phase_2_2_radius_105_120_reward_grid,520,141.91660763383913,214,success,121.9145736694336,14.592411994934082,0.40629085898399353,37.3660774230957,48.5619010925293,12.03781509399414,22.769323348999023,27.180169188817338,-24.446117888594813,-3.6683592800909177,0.8895745275259677,0.9913469552993774,0.0,3.1222489008518264
2026-04-13 15:09:45,2410,50,1,v8_7_phase_2_2_radius_105_120_reward_grid,520,153.07278943893425,208,success,119.99192810058594,14.826238632202148,0.40629085898399353,35.455326080322266,48.5619010925293,13.951396942138672,23.91476821899414,28.71106900636378,27.519957439647133,35.952500451208415,0.8770533726690006,0.983909547328949,0.0,5.321169119739274
2026-04-13 15:09:49,2411,51,1,v8_7_phase_2_2_radius_105_120_reward_grid,520,168.41122366649043,209,success,120.21316528320312,14.729537010192871,0.40629085898399353,35.44234085083008,48.5619010925293,13.957759857177734,23.937583923339844,13.714404282586656,13.614511058427928,-6.409694977063263,0.9714895476749371,0.9950721859931946,0.0,0.39064487131940856
2026-04-13 15:09:53,2411,52,1,v8_7_phase_2_2_radius_105_120_reward_grid,520,135.04313475537262,221,success,127.34477233886719,11.395424842834473,0.40629085898399353,39.75624465942383,48.5619010925293,9.649330139160156,27.90544891357422,39.37872824456191,-12.911622267357439,-32.829895057029496,0.7729691716645841,0.984825849533081,0.0,3.093537370062942
2026-04-13 15:09:56,2411,53,1,v8_7_phase_2_2_radius_105_120_reward_grid,520,152.34029879300465,206,success,117.32371520996094,14.928594589233398,0.40629085898399353,34.693359375,48.5619010925293,14.71072769165039,20.414024353027344,17.206771358994324,12.91649646110389,41.046715081392385,0.9552434079318181,0.9912852048873901,0.0,3.598840255569424
2026-04-13 15:10:00,2411,54,1,v8_7_phase_2_2_radius_105_120_reward_grid,520,155.71412783866106,209,success,117.21495056152344,14.920265197753906,0.40629085898399353,35.39011001586914,48.5619010925293,14.027164459228516,21.752033233642578,19.08085061629347,0.4933716710632895,15.077538432418304,0.945058222077992,0.947723925113678,0.0,1.5148491638204529
2026-04-13 15:10:04,2411,55,1,v8_7_phase_2_2_radius_105_120_reward_grid,520,-254.77129841132108,235,near_miss,126.0584945678711,5.823862552642822,0.40629085898399353,45.90353775024414,48.5619010925293,3.5431556701660156,26.448806762695312,75.56090063680116,-76.28394446233872,98.88342167107763,0.24935080258355782,0.8581924438476562,0.0,2.154010633643845
2026-04-13 15:10:07,2412,56,1,v8_7_phase_2_2_radius_105_120_reward_grid,520,164.1453059424992,208,success,117.67108154296875,14.907525062561035,0.40629085898399353,35.05351638793945,48.5619010925293,14.354408264160156,12.358366012573242,29.874943486217706,-26.714975249731527,43.9345600436088,0.8671146640253428,0.9692758917808533,0.0,0.6569032475915779
2026-04-13 15:10:11,2412,57,1,v8_7_phase_2_2_radius_105_120_reward_grid,520,162.39728741440956,208,success,118.12693786621094,14.6741361618042,0.40629085898399353,35.42745590209961,48.5619010925293,13.975990295410156,21.186269760131836,17.124231937969306,17.285490996726015,18.075417742163623,0.9556685716994303,0.9890506267547607,0.0,3.5883084092266238
2026-04-13 15:10:15,2412,58,1,v8_7_phase_2_2_radius_105_120_reward_grid,520,150.7697197076731,216,success,124.16973876953125,14.699323654174805,0.40629085898399353,38.04841232299805,48.5619010925293,11.351261138916016,25.847370147705078,35.86889210557829,-20.817960675071767,-8.546738651842016,0.8103598832203336,0.997038722038269,0.0,0.8745135893578085
2026-04-13 15:10:18,2412,59,1,v8_7_phase_2_2_radius_105_120_reward_grid,520,141.31187444217244,224,success,126.94927978515625,9.742440223693848,0.40629085898399353,40.9626350402832,48.5619010925293,8.44403076171875,24.804607391357422,40.16349990472345,-34.42457005840364,36.21064745088904,0.7642070604019027,0.9785788655281067,0.0,4.174011571101127
2026-04-13 15:10:22,2412,60,1,v8_7_phase_2_2_radius_105_120_reward_grid,520,142.85501918028962,215,success,126.55662536621094,14.569168090820312,0.40629085898399353,37.85439682006836,48.5619010925293,11.54598617553711,28.68735694885254,37.765314619199835,-12.157904916031008,-22.34408106774649,0.7905259056202136,0.9968517422676086,0.0,2.037308382679352
2026-04-13 15:10:25,2412,61,1,v8_7_phase_2_2_radius_105_120_reward_grid,520,163.0845821791984,211,success,124.90025329589844,14.945379257202148,0.40629085898399353,35.130496978759766,48.5619010925293,14.286537170410156,23.44464111328125,32.62557336310315,25.68936599679346,33.56586501557129,0.8422118384770445,0.948720395565033,0.0,3.097256599579529
2026-04-13 15:10:30,2413,62,1,v8_7_phase_2_2_radius_105_120_reward_grid,520,-174.11135552833724,241,near_miss,129.29385375976562,6.123178005218506,0.40629085898399353,47.633460998535156,48.5619010925293,1.7680892944335938,3.7021853923797607,76.58977301261521,-77.45575220691362,-29.23432638358387,0.23192153504508295,0.9920620322227478,0.0,1.247637847887474
2026-04-13 15:10:34,2413,63,1,v8_7_phase_2_2_radius_105_120_reward_grid,520,155.4987550002972,209,success,116.60398864746094,14.940173149108887,0.40629085898399353,35.577239990234375,48.5619010925293,13.827690124511719,12.876352310180664,28.15959953277695,-21.320560145147155,-27.847606736774523,0.8816364384965091,0.9812934994697571,0.0,3.1680841783167732
2026-04-13 15:10:37,2413,64,1,v8_7_phase_2_2_radius_105_120_reward_grid,520,-216.7659720940182,212,near_miss,124.44257354736328,17.314979553222656,0.40629085898399353,37.362220764160156,48.5619010925293,12.079788208007812,26.22102165222168,75.06819811083314,-69.84169637680435,113.95162494244781,0.2576691383140298,0.8710708618164062,0.0,1.588089205795546
2026-04-13 15:10:41,2413,65,1,v8_7_phase_2_2_radius_105_120_reward_grid,520,160.20266361766375,209,success,116.7215347290039,14.985188484191895,0.40629085898399353,35.482784271240234,48.5619010925293,13.921356201171875,11.980786323547363,18.386457726776833,-12.839607314069763,14.446562141797942,0.9489505910796561,0.9857640862464905,0.0,3.0399221620553143
2026-04-13 15:10:44,2413,66,1,v8_7_phase_2_2_radius_105_120_reward_grid,520,152.66133333217388,213,success,121.39100646972656,14.659913063049316,0.40629085898399353,36.73402786254883,48.5619010925293,12.685970306396484,26.47496795654297,17.285146072172928,-14.33869296423593,8.408713335320751,0.9548378618374153,0.9448305368423462,0.0,3.8612817586587265
2026-04-13 15:10:49,2414,67,1,v8_7_phase_2_2_radius_105_120_reward_grid,520,135.05351038921623,222,success,126.02246856689453,13.030789375305176,0.40629085898399353,39.999393463134766,48.5619010925293,9.401618957519531,24.984437942504883,39.92746564248073,-39.42441537992013,-5.744774780702052,0.7668575746078932,0.9972365498542786,0.0,3.483279706629458
2026-04-13 15:10:52,2414,68,1,v8_7_phase_2_2_radius_105_120_reward_grid,520,172.37123602928034,209,success,121.509033203125,14.812280654907227,0.40629085898399353,35.21956253051758,48.5619010925293,14.18301010131836,21.7203311920166,11.976135652970397,-4.398948757114039,-11.035867906164347,0.9782341134814674,0.9872942566871643,0.0,2.942244011047141
2026-04-13 15:10:56,2414,69,1,v8_7_phase_2_2_radius_105_120_reward_grid,520,167.66697552001582,210,success,125.64012145996094,14.90571117401123,0.40629085898399353,35.70821762084961,48.5619010925293,13.69211196899414,22.18152618408203,26.467485052703406,18.071428911688333,-44.56570025876924,0.8951874315673323,0.9984520673751831,0.0,4.7007869278990055
2026-04-13 15:10:59,2414,70,1,v8_7_phase_2_2_radius_105_120_reward_grid,520,134.5785620343039,213,success,123.35382080078125,14.96645450592041,0.40629085898399353,36.99098205566406,48.5619010925293,12.40951156616211,26.816669464111328,39.437245890275996,-36.79632934202847,-43.48763686055276,0.772320795167577,0.9954361319541931,0.0,1.449474237174742
2026-04-13 15:11:03,2414,71,1,v8_7_phase_2_2_radius_105_120_reward_grid,520,145.68827876116745,210,success,119.293701171875,14.54035472869873,0.40629085898399353,35.98296356201172,48.5619010925293,13.423839569091797,24.051422119140625,23.6183365272297,5.876531691112537,20.618170811659724,0.9162345578257712,0.9821985363960266,0.0,3.280972386176117
2026-04-13 15:11:06,2414,72,1,v8_7_phase_2_2_radius_105_120_reward_grid,520,159.22378599869307,208,success,119.328125,14.82087230682373,0.40629085898399353,35.247772216796875,48.5619010925293,14.152446746826172,22.575809478759766,12.126259795832693,12.00480451823788,-5.385664778483938,0.9776870617083945,0.9950124621391296,0.0,2.8260462490665876
2026-04-13 15:11:10,2415,73,1,v8_7_phase_2_2_radius_105_120_reward_grid,520,158.69639186915114,209,success,121.29499053955078,14.968571662902832,0.40629085898399353,35.78697967529297,48.5619010925293,13.61490249633789,25.541221618652344,26.27196405752262,19.194477643325804,-25.254650069331536,0.8967031264261456,0.9947739839553833,0.0,2.491871210440258
2026-04-13 15:11:18,2415,74,1,v8_7_phase_2_2_radius_105_120_reward_grid,520,-604.3489029986689,450,wrong_way,117.09779357910156,178.6917724609375,0.40629085898399353,95.83516693115234,48.5619010925293,-45.95012664794922,-32.65095138549805,129.10444059725612,136.2734071501015,-141.017601906079,-0.6307359514950382,-0.3174023926258087,0.0,3.545231504363624
2026-04-13 15:11:22,2415,75,1,v8_7_phase_2_2_radius_105_120_reward_grid,520,148.45880335935814,214,success,125.1451187133789,14.571013450622559,0.40629085898399353,37.326507568359375,48.5619010925293,12.07479476928711,27.481117248535156,36.45003192091965,-12.744378255340507,27.17254157506173,0.8043753042701745,0.9941134452819824,0.0,1.354774523524879
2026-04-13 15:11:25,2415,76,1,v8_7_phase_2_2_radius_105_120_reward_grid,520,141.2906325915277,212,success,117.15359497070312,14.65765380859375,0.40629085898399353,36.39263153076172,48.5619010925293,13.0140380859375,20.04820442199707,24.31371979417599,-23.870085347205325,-15.872990800894453,0.9113047110970649,0.9740611910820007,0.0,2.443565618498137
2026-04-13 15:11:29,2415,77,1,v8_7_phase_2_2_radius_105_120_reward_grid,520,-183.23172137893306,234,near_miss,119.48958587646484,13.426998138427734,0.40629085898399353,45.49782943725586,48.5619010925293,3.9426040649414062,-5.987233638763428,75.65948758728113,-77.18989392366004,-56.44961128247154,0.247684117709922,0.8757834434509277,0.0,1.1364760803502276
2026-04-13 15:11:34,2416,78,1,v8_7_phase_2_2_radius_105_120_reward_grid,520,135.20909535834764,217,success,127.32743072509766,14.561094284057617,0.40629085898399353,38.345272064208984,48.5619010925293,11.054252624511719,26.99126434326172,40.42953235780086,-15.793063927226964,20.502786718463405,0.7612041414912717,0.9996817708015442,0.0,1.2692616963804222
2026-04-13 15:11:37,2416,79,1,v8_7_phase_2_2_radius_105_120_reward_grid,520,159.18321643709558,207,success,117.83959197998047,14.695176124572754,0.40629085898399353,34.81398010253906,48.5619010925293,14.590766906738281,18.15720558166504,13.619167539894583,13.622024266514941,-28.204576328461485,0.9718822825296055,0.9864594340324402,0.0,4.524193637978115
2026-04-13 15:11:41,2416,80,1,v8_7_phase_2_2_radius_105_120_reward_grid,520,154.17922162212116,209,success,117.2173843383789,14.795135498046875,0.40629085898399353,35.123451232910156,48.5619010925293,14.278461456298828,22.064701080322266,20.593341366479436,-3.994441475690612,-30.195511584723086,0.9361004187225275,0.9897818565368652,0.0,3.1743263487982936
2026-04-13 15:11:45,2416,81,1,v8_7_phase_2_2_radius_105_120_reward_grid,520,-167.80377360614386,244,near_miss,125.77769470214844,5.480837821960449,0.40629085898399353,48.260345458984375,48.5619010925293,1.14752197265625,-12.691263198852539,77.85796155656816,-64.5313472405245,22.104947607167883,0.21033591502315113,0.977370023727417,0.0,2.695904775827787
2026-04-13 15:11:48,2416,82,1,v8_7_phase_2_2_radius_105_120_reward_grid,520,172.64235066725507,206,success,115.93739318847656,14.96419906616211,0.40629085898399353,34.68763732910156,48.5619010925293,14.713855743408203,17.009939193725586,6.577095229657459,2.3452681814855265,9.167314271903741,0.993418633918829,0.9937992691993713,0.0,3.3762266380492405
2026-04-13 15:11:53,2417,83,1,v8_7_phase_2_2_radius_105_120_reward_grid,520,158.76541370121555,208,success,119.02171325683594,14.993359565734863,0.40629085898399353,34.930763244628906,48.5619010925293,14.470111846923828,17.3653507232666,20.134663427861813,9.871236129086194,39.921315057133135,0.9388861692427508,0.9958885312080383,0.0,1.4638402261276615
2026-04-13 15:11:57,2417,84,1,v8_7_phase_2_2_radius_105_120_reward_grid,520,-160.34578439888213,253,near_miss,129.0426483154297,8.300260543823242,0.40629085898399353,51.082637786865234,48.5619010925293,-1.6459617614746094,-25.35329246520996,75.27558314460222,75.20046472411043,-2.8278857197006313,0.2541701270547151,0.8964491486549377,0.0,4.331587117928831
2026-04-13 15:12:01,2417,85,1,v8_7_phase_2_2_radius_105_120_reward_grid,520,166.4046286476044,214,success,127.23636627197266,14.665483474731445,0.40629085898399353,36.822532653808594,48.5619010925293,12.58648681640625,27.6591796875,17.915381287268346,18.094456894475034,-5.399751616760266,0.9515118584448006,0.9669865965843201,0.0,2.6930103004247523
2026-04-13 15:12:05,2417,86,1,v8_7_phase_2_2_radius_105_120_reward_grid,520,-158.2781564074471,245,near_miss,127.23572540283203,5.999551773071289,0.40629085898399353,48.89922332763672,48.5619010925293,0.5029945373535156,-10.474924087524414,77.4090405431799,75.5293724835924,-6.897843474402197,0.21798925146476378,0.9882234334945679,0.0,2.8050657150036953
2026-04-13 15:12:08,2417,87,1,v8_7_phase_2_2_radius_105_120_reward_grid,520,144.23625283117815,208,success,118.90184020996094,14.595908164978027,0.40629085898399353,35.38262176513672,48.5619010925293,14.018814086914062,21.990619659423828,18.259805528997287,-12.69430955362973,-26.2703743309933,0.9496455178271511,0.9957139492034912,0.0,5.671023285797399
2026-04-13 15:12:12,2417,88,1,v8_7_phase_2_2_radius_105_120_reward_grid,520,143.61943352461878,209,success,118.57778930664062,14.664239883422852,0.40629085898399353,35.717124938964844,48.5619010925293,13.684337615966797,20.997404098510742,24.156043169638956,5.298570475056167,-31.847177684531815,0.9124343371462132,0.9967144131660461,0.0,4.011420399726023
2026-04-13 15:12:16,2418,89,1,v8_7_phase_2_2_radius_105_120_reward_grid,520,-142.39743855184722,224,near_miss,125.91056060791016,13.269543647766113,0.40629085898399353,39.78136444091797,48.5619010925293,9.842296600341797,1.354717493057251,76.32239159717672,-94.2855978690135,93.87430436776285,0.23645843969938135,0.375426709651947,0.0,2.265167022011509
2026-04-13 15:12:20,2418,90,1,v8_7_phase_2_2_radius_105_120_reward_grid,520,-200.250623094451,216,near_miss,129.43495178222656,17.69510269165039,0.40629085898399353,38.601356506347656,48.5619010925293,10.8267822265625,28.45048713684082,75.82675208986558,-63.93774232994786,61.14741197851173,0.24485471344027504,0.9115816950798035,0.0,2.671527108465677
2026-04-13 15:12:23,2418,91,1,v8_7_phase_2_2_radius_105_120_reward_grid,520,172.3688817968939,208,success,118.82941436767578,14.728524208068848,0.40629085898399353,34.84596252441406,48.5619010925293,14.559192657470703,19.785186767578125,5.4744299169374235,-4.210497434611041,6.607451578536757,0.995438873487843,0.9792744517326355,0.0,2.8861633397004796
2026-04-13 15:12:27,2418,92,1,v8_7_phase_2_2_radius_105_120_reward_grid,520,154.08564939137798,207,success,116.59528350830078,14.701176643371582,0.40629085898399353,34.94377517700195,48.5619010925293,14.460922241210938,20.548261642456055,11.886421971995926,9.423645295038796,19.687750490089538,0.9785578241595303,0.9897053241729736,0.0,5.667103897557591
2026-04-13 15:12:30,2418,93,1,v8_7_phase_2_2_radius_105_120_reward_grid,520,147.55555541339987,211,success,121.50772094726562,14.702657699584961,0.40629085898399353,36.395877838134766,48.5619010925293,13.02322769165039,25.47727394104004,11.101985844877364,6.197231270759438,4.98762653997816,0.9812859906816697,0.9419319033622742,0.0,3.8043845004795576
2026-04-13 15:12:34,2419,94,1,v8_7_phase_2_2_radius_105_120_reward_grid,520,-280.90904457674753,219,near_miss,127.98686981201172,17.71349334716797,0.40629085898399353,40.27885055541992,48.5619010925293,9.228137969970703,21.423681259155273,104.78349617048555,-100.1924205953214,175.90361271461953,-0.25516725757383774,0.6912103295326233,0.0,0.975587653232686
2026-04-13 15:12:38,2419,95,1,v8_7_phase_2_2_radius_105_120_reward_grid,520,-146.86865718444275,240,near_miss,129.12266540527344,5.763282299041748,0.40629085898399353,47.26017761230469,48.5619010925293,2.145671844482422,-2.21418833732605,78.0189422851162,-78.33748864762724,-35.174859508540365,0.20758829873593782,0.9761742949485779,0.0,0.36025242730017504
2026-04-13 15:12:42,2419,96,1,v8_7_phase_2_2_radius_105_120_reward_grid,520,170.29104773267952,207,success,117.35995483398438,14.869924545288086,0.40629085898399353,35.096038818359375,48.5619010925293,14.303184509277344,19.680288314819336,15.546120145332445,6.906715890134043,-18.497576366836476,0.9634150279436778,0.9997140765190125,0.0,2.3833623203573127
2026-04-13 15:12:46,2419,97,1,v8_7_phase_2_2_radius_105_120_reward_grid,520,159.15214790857547,218,success,129.15902709960938,13.478940963745117,0.40629085898399353,38.44970703125,48.5619010925293,10.955005645751953,29.962247848510742,40.19947109598732,34.26430649971846,26.91848244359935,0.763801986897177,0.9814733266830444,0.0,0.9027402749646832
2026-04-13 15:12:49,2419,98,1,v8_7_phase_2_2_radius_105_120_reward_grid,520,150.18228810450591,209,success,116.98361206054688,14.712358474731445,0.40629085898399353,35.52159881591797,48.5619010925293,13.887508392333984,18.98533058166504,13.543820308065587,-13.57807626807414,-11.22052463169658,0.9721910949950769,0.9762775897979736,0.0,5.511347445561473
2026-04-13 15:12:53,2419,99,1,v8_7_phase_2_2_radius_105_120_reward_grid,520,152.71569134108344,212,success,118.77471923828125,14.807223320007324,0.40629085898399353,36.31013107299805,48.5619010925293,13.105239868164062,15.665427207946777,17.382862173533717,-18.2058436194596,-9.520442735956218,0.9543297323675812,0.9535048604011536,0.0,3.6894044719010357
2026-04-13 15:12:57,2420,100,1,v8_7_phase_2_2_radius_105_120_reward_grid,520,-162.13852619310205,223,near_miss,128.78829956054688,13.807036399841309,0.40629085898399353,41.127586364746094,48.5619010925293,8.301666259765625,21.495071411132812,76.08872399548142,-64.77942654136854,-61.84850357605685,0.24041907813299862,0.9071259498596191,0.0,0.6900479925415849
2026-04-13 15:13:01,2420,101,1,v8_7_phase_2_2_radius_105_120_reward_grid,520,-144.68180265101057,243,near_miss,129.35516357421875,3.7556655406951904,0.40629085898399353,48.48181915283203,48.5619010925293,0.9272537231445312,-12.555479049682617,76.57537497384483,-73.74202809101594,-22.859026104746675,0.23216596926713512,0.9658361673355103,0.0,0.897247205878869
2026-04-13 15:13:05,2420,102,1,v8_7_phase_2_2_radius_105_120_reward_grid,520,150.9694298123341,209,success,119.8022689819336,14.580331802368164,0.40629085898399353,35.75103759765625,48.5619010925293,13.657817840576172,23.94784164428711,29.14230324489629,-18.767642046618782,31.8479324204351,0.8734129084643858,0.9788419604301453,0.0,5.69643896112391
2026-04-13 15:13:08,2420,103,1,v8_7_phase_2_2_radius_105_120_reward_grid,520,166.95102709303407,215,success,126.2326431274414,14.543896675109863,0.40629085898399353,36.8094482421875,48.5619010925293,12.597572326660156,24.830078125,17.588845310975668,8.892405134226252,2.7561960541721775,0.9532495169281686,0.9752070307731628,0.0,1.052400229935251
2026-04-13 15:13:12,2420,104,1,v8_7_phase_2_2_radius_105_120_reward_grid,520,151.83305132634402,207,success,116.5607681274414,14.691420555114746,0.40629085898399353,34.93143081665039,48.5619010925293,14.476371765136719,18.365497589111328,20.539152353151845,20.5429670138033,-40.6467699394477,0.9364326607507168,0.9817430973052979,0.0,2.932863687282219
2026-04-13 15:13:16,2421,105,1,v8_7_phase_2_2_radius_105_120_reward_grid,520,154.14423216511514,210,success,123.24737548828125,14.812407493591309,0.40629085898399353,35.99779510498047,48.5619010925293,13.402111053466797,25.918806076049805,22.326798981599065,20.080037282427345,-3.379076222748548,0.9250321339813873,0.9986562728881836,0.0,2.393274234038282
2026-04-13 15:13:20,2421,106,1,v8_7_phase_2_2_radius_105_120_reward_grid,520,166.15111518460455,209,success,119.29548645019531,14.927000999450684,0.40629085898399353,35.41073989868164,48.5619010925293,13.999763488769531,18.671337127685547,17.706507272260186,-16.14348165995259,14.464124265701338,0.9526269450634942,0.9619349241256714,0.0,2.3727947483221836
2026-04-13 15:13:23,2421,107,1,v8_7_phase_2_2_radius_105_120_reward_grid,520,-243.79209033627006,215,near_miss,123.82989501953125,17.85946273803711,0.40629085898399353,39.38079833984375,48.5619010925293,10.123371124267578,12.188053131103516,99.48131594045303,-100.32306162357622,163.05254348934884,-0.1647259709768543,0.7009496092796326,0.0,1.5195733734760906
2026-04-13 15:13:27,2421,108,1,v8_7_phase_2_2_radius_105_120_reward_grid,520,153.14327128089892,213,success,124.72978210449219,14.731696128845215,0.40629085898399353,36.76596450805664,48.5619010925293,12.634540557861328,27.33157730102539,34.8088706520544,19.787805931241056,-35.31988150009266,0.8210608402280626,0.9964926242828369,0.0,1.101971210239142
2026-04-13 15:13:32,2421,109,1,v8_7_phase_2_2_radius_105_120_reward_grid,520,-155.82967699519978,238,near_miss,125.37079620361328,6.590944290161133,0.40629085898399353,46.6033821105957,48.5619010925293,2.804088592529297,-3.943807363510132,76.30246110517862,-65.91036926413925,-38.995547801935025,0.23679641354868983,0.9763804078102112,0.0,2.0852013285035476
2026-04-13 15:13:35,2421,110,1,v8_7_phase_2_2_radius_105_120_reward_grid,520,164.93917174339563,212,success,124.04838562011719,14.597488403320312,0.40629085898399353,36.72265625,48.5619010925293,12.692893981933594,27.016517639160156,28.73097559269978,-12.787544197121342,-17.642713305412265,0.8768864141864844,0.9467259645462036,0.0,0.8805634241905285
2026-04-13 15:13:39,2422,111,1,v8_7_phase_2_2_radius_105_120_reward_grid,520,136.39409161486367,223,success,127.75357818603516,11.01386833190918,0.40629085898399353,40.61898422241211,48.5619010925293,8.781269073486328,28.996519088745117,40.02896225354712,10.07850761096034,28.7439085558932,0.7657194246873907,0.9943454265594482,0.0,0.1589864532410478
2026-04-13 15:13:43,2422,112,1,v8_7_phase_2_2_radius_105_120_reward_grid,520,-196.72933335722573,211,near_miss,125.36109924316406,17.71380615234375,0.40629085898399353,36.62668228149414,48.5619010925293,12.875850677490234,23.21953773498535,85.69442883662055,-73.34897802503839,-153.36312784974203,0.07507568791191582,0.7034931778907776,0.0,0.9647162194604748
2026-04-13 15:13:47,2422,113,1,v8_7_phase_2_2_radius_105_120_reward_grid,520,146.63405598355018,209,success,119.58135986328125,14.606917381286621,0.40629085898399353,35.788673400878906,48.5619010925293,13.611122131347656,20.964214324951172,22.735696793998343,12.74560085920194,42.11828979989734,0.9222974806999187,0.9996640086174011,0.0,5.7923325847853375
2026-04-13 15:13:50,2422,114,1,v8_7_phase_2_2_radius_105_120_reward_grid,520,169.9243932107135,208,success,121.11488342285156,14.831989288330078,0.40629085898399353,34.955440521240234,48.5619010925293,14.452701568603516,21.573911666870117,16.188093040516527,14.839292896431798,18.823765711028777,0.960351643657437,0.9717361330986023,0.0,0.632331198740649
2026-04-13 15:13:54,2422,115,1,v8_7_phase_2_2_radius_105_120_reward_grid,520,158.71435503651261,212,success,123.48236083984375,14.877875328063965,0.40629085898399353,35.92720413208008,48.5619010925293,13.472759246826172,24.925081253051758,21.745082015272835,-15.498725462681726,-5.993528135839801,0.9288413562576149,0.9978844523429871,0.0,1.4993030424091793
2026-04-13 15:13:58,2423,116,1,v8_7_phase_2_2_radius_105_120_reward_grid,520,158.55908010814008,206,success,115.62258911132812,14.788028717041016,0.40629085898399353,34.66737747192383,48.5619010925293,14.73324203491211,17.748044967651367,6.633238103974494,-1.6497191757301575,-19.680360225407586,0.9933059217624324,0.9953783750534058,0.0,1.7601868198462642
2026-04-13 15:14:02,2423,117,1,v8_7_phase_2_2_radius_105_120_reward_grid,520,152.39458822161518,211,success,122.36348724365234,14.552749633789062,0.40629085898399353,36.25537872314453,48.5619010925293,13.145557403564453,24.579721450805664,21.1096353658407,14.998907587145826,-1.833703020907439,0.9328929813811498,0.9971367716789246,0.0,2.6410740786004987
2026-04-13 15:14:05,2423,118,1,v8_7_phase_2_2_radius_105_120_reward_grid,520,157.86733616622743,211,success,123.26355743408203,14.570860862731934,0.40629085898399353,36.18854522705078,48.5619010925293,13.211845397949219,24.30137825012207,24.880285693375843,24.689446792871102,-21.405939217319606,0.9071888304133497,0.9986882209777832,0.0,3.602003404983055
2026-04-13 15:14:09,2423,119,1,v8_7_phase_2_2_radius_105_120_reward_grid,520,-275.959542097979,214,near_miss,126.17314910888672,17.968114852905273,0.40629085898399353,39.01606750488281,48.5619010925293,10.499652862548828,23.86711883544922,100.49714265495234,-101.02915291959381,161.19025143100984,-0.1821864902656902,0.6672977209091187,0.0,1.0746139191145605
2026-04-13 15:14:13,2423,120,1,v8_7_phase_2_2_radius_105_120_reward_grid,520,144.98971874495203,210,success,120.78904724121094,14.575411796569824,0.40629085898399353,36.0301399230957,48.5619010925293,13.378223419189453,23.471160888671875,34.3403025995186,-34.51373476292357,-34.78552848056589,0.8257016985741543,0.9738689064979553,0.0,2.0640779239205824
2026-04-13 15:14:16,2423,121,1,v8_7_phase_2_2_radius_105_120_reward_grid,520,-303.4473811251842,208,near_miss,116.41929626464844,17.78660011291504,0.40629085898399353,35.330322265625,48.5619010925293,14.273174285888672,14.260628700256348,89.52197122484732,-96.00039882241524,-128.63262478976998,0.008343079253245005,0.429606169462204,0.0,1.8322237865731796
2026-04-13 15:14:21,2424,122,1,v8_7_phase_2_2_radius_105_120_reward_grid,520,143.36144165964907,210,success,117.94550323486328,14.78218936920166,0.40629085898399353,35.90489959716797,48.5619010925293,13.506256103515625,21.981531143188477,39.90711850894326,-39.025713332404386,40.92980273336927,0.7670854512821764,0.959636926651001,0.0,1.5382553487435056
2026-04-13 15:14:25,2424,123,1,v8_7_phase_2_2_radius_105_120_reward_grid,520,151.64338644945147,207,success,117.1365966796875,14.645862579345703,0.40629085898399353,35.04191970825195,48.5619010925293,14.36419677734375,20.24301528930664,5.87869942240037,5.248109891241759,-7.849767365913697,0.9947409630668674,0.98373943567276,0.0,4.488447625573205
2026-04-13 15:14:31,2424,124,1,v8_7_phase_2_2_radius_105_120_reward_grid,520,-893.8814300039501,335,low_agl,125.02544403076172,55.11436462402344,0.40629085898399353,0.29602906107902527,48.5619010925293,49.69565200805664,-1.9714829921722412,104.15282382328324,102.46582173980346,38.773262710491544,-0.24450908127918466,-0.5766245126724243,0.0,4.735938908794674
2026-04-13 15:14:34,2424,125,1,v8_7_phase_2_2_radius_105_120_reward_grid,520,166.71400337655507,208,success,121.23046875,14.745288848876953,0.40629085898399353,34.95381546020508,48.5619010925293,14.449081420898438,21.41472816467285,16.76020676086972,14.524627788916602,-27.878134267269896,0.9575200058716379,0.9884563684463501,0.0,3.1253486276604816
2026-04-13 15:14:38,2424,126,1,v8_7_phase_2_2_radius_105_120_reward_grid,520,156.96724040172634,213,success,125.56918334960938,14.878576278686523,0.40629085898399353,36.673622131347656,48.5619010925293,12.739940643310547,27.009775161743164,19.77330543963312,-5.279565473690607,-8.87821797754649,0.9410384875269576,0.9576950073242188,0.0,1.0115268414963008
2026-04-13 15:14:44,2425,127,1,v8_7_phase_2_2_radius_105_120_reward_grid,520,-940.8918282682082,347,low_agl,123.971435546875,58.416778564453125,0.40629085898399353,0.3066907525062561,48.5619010925293,49.72032928466797,-2.805708646774292,100.86345936051846,105.51155335487388,-17.028914940554486,-0.18846915601875866,-0.6629458665847778,0.0,3.6229383222533063
2026-04-13 15:14:48,2425,128,1,v8_7_phase_2_2_radius_105_120_reward_grid,520,-289.78970463913794,210,near_miss,120.76324462890625,17.624706268310547,0.40629085898399353,37.9966926574707,48.5619010925293,11.485076904296875,22.691997528076172,84.0505115864252,-84.27294352693583,142.68985078095156,0.10365165872897085,0.7603691816329956,0.0,1.9213006741464627
2026-04-13 15:14:51,2425,129,1,v8_7_phase_2_2_radius_105_120_reward_grid,520,153.22220381504354,212,success,125.20858764648438,14.50894832611084,0.40629085898399353,35.97170639038086,48.5619010925293,13.435188293457031,25.11520767211914,15.508499463384014,14.311143396218684,10.03375535774477,0.9635907994977261,0.9824334383010864,0.0,2.337417623190475
2026-04-13 15:14:55,2425,130,1,v8_7_phase_2_2_radius_105_120_reward_grid,520,170.7000165875474,208,success,118.52896118164062,14.607233047485352,0.40629085898399353,35.31138229370117,48.5619010925293,14.089134216308594,22.146427154541016,10.838250042908369,-3.7227327085260966,9.139133765161915,0.9821619381077851,0.9937613010406494,0.0,2.168473901030797
2026-04-13 15:14:58,2425,131,1,v8_7_phase_2_2_radius_105_120_reward_grid,520,155.49908114303034,210,success,122.08316802978516,14.87132453918457,0.40629085898399353,35.68893051147461,48.5619010925293,13.718856811523438,22.276283264160156,33.88579449138928,21.975097173309475,-37.616112551875496,0.8301505429439798,0.9771931171417236,0.0,1.3831312251787236
2026-04-13 15:15:03,2426,132,1,v8_7_phase_2_2_radius_105_120_reward_grid,520,151.99335042997043,207,success,115.76203918457031,14.871025085449219,0.40629085898399353,35.01133346557617,48.5619010925293,14.394500732421875,19.649446487426758,20.16301895820112,-19.17860086860011,26.604126402144097,0.9387156968530176,0.983181893825531,0.0,2.5181459831221287
2026-04-13 15:15:06,2426,133,1,v8_7_phase_2_2_radius_105_120_reward_grid,520,160.5944627436528,209,success,121.1844482421875,14.942893981933594,0.40629085898399353,34.908050537109375,48.5619010925293,14.498241424560547,21.4715576171875,22.863344491849418,16.286825132516356,30.467277981608724,0.9214341627002262,0.977492094039917,0.0,0.8526186472547125
2026-04-13 15:15:10,2426,134,1,v8_7_phase_2_2_radius_105_120_reward_grid,520,145.32722678204618,210,success,120.6376724243164,14.808561325073242,0.40629085898399353,35.879520416259766,48.5619010925293,13.525676727294922,22.74167823791504,24.41483903729074,-24.45772579508925,-20.30924477059463,0.9105766403244655,0.9853692054748535,0.0,5.151077859631864
2026-04-13 15:15:13,2426,135,1,v8_7_phase_2_2_radius_105_120_reward_grid,520,158.07570735841034,216,success,128.7475128173828,14.473136901855469,0.40629085898399353,37.97386169433594,48.5619010925293,11.536964416503906,30.10865020751953,30.27694793019715,-27.050469019120673,-43.47788676551257,0.8635984695991271,0.6807566285133362,0.0,0.8692046197535225
2026-04-13 15:15:17,2426,136,1,v8_7_phase_2_2_radius_105_120_reward_grid,520,-177.72586339479977,223,near_miss,119.93602752685547,13.931151390075684,0.40629085898399353,43.485595703125,48.5619010925293,5.967987060546875,-1.6572033166885376,75.22493729190658,-82.7915369676626,89.25952120598957,0.255024935621001,0.8392744064331055,0.0,2.376651873315029
2026-04-13 15:15:21,2426,137,1,v8_7_phase_2_2_radius_105_120_reward_grid,520,150.54345385796066,209,success,121.1397933959961,14.97127628326416,0.40629085898399353,35.690853118896484,48.5619010925293,13.717548370361328,25.161378860473633,33.02035146694072,26.34251137391239,33.366133208767195,0.8384770592003495,0.9779373407363892,0.0,4.692031126519575
2026-04-13 15:15:25,2427,138,1,v8_7_phase_2_2_radius_105_120_reward_grid,520,144.81296368355777,208,success,120.34056091308594,14.966280937194824,0.40629085898399353,35.323333740234375,48.5619010925293,14.081653594970703,23.671344757080078,29.106256921551548,26.382818027751927,-42.325630437436836,0.8737191081139394,0.9865109324455261,0.0,2.162843035766617
2026-04-13 15:15:29,2427,139,1,v8_7_phase_2_2_radius_105_120_reward_grid,520,161.9916158739157,212,success,125.2819595336914,14.803750038146973,0.40629085898399353,36.268550872802734,48.5619010925293,13.136070251464844,26.890811920166016,29.739282268922913,25.030283477738493,23.747109498746536,0.8682916214070338,0.9860468506813049,0.0,3.99861345319995
2026-04-13 15:15:33,2427,140,1,v8_7_phase_2_2_radius_105_120_reward_grid,520,152.452012213649,216,success,128.310302734375,14.873522758483887,0.40629085898399353,38.30809783935547,48.5619010925293,11.093669891357422,29.8286190032959,38.97599638543586,36.51486407652141,-16.12990665897719,0.7774095420601536,0.9910749793052673,0.0,3.532362210330564
2026-04-13 15:15:36,2427,141,1,v8_7_phase_2_2_radius_105_120_reward_grid,520,154.08818484975936,208,success,117.23408508300781,14.892343521118164,0.40629085898399353,34.92742919921875,48.5619010925293,14.483810424804688,19.229570388793945,7.44486948304711,-7.565870553062117,7.772070549010217,0.9915699958737203,0.9686644673347473,0.0,2.2799602446965195
2026-04-13 15:15:46,2428,142,1,v8_7_phase_2_2_radius_105_120_reward_grid,520,-785.3130078419389,520,timeout,116.20374298095703,258.8343811035156,0.40629085898399353,83.89029693603516,48.5619010925293,-33.806243896484375,-47.07464599609375,105.57726660487857,94.46435757997106,128.41668152897086,-0.2685376429464122,-0.8128937482833862,0.0,4.964466440096788
2026-04-13 15:15:49,2428,143,1,v8_7_phase_2_2_radius_105_120_reward_grid,520,145.33091762540323,210,success,118.780517578125,14.632140159606934,0.40629085898399353,35.80934143066406,48.5619010925293,13.5924072265625,21.443470001220703,27.760243494648183,-11.853082964883448,42.13816565038208,0.8849043794948712,0.9942873120307922,0.0,2.7750606025673976
2026-04-13 15:15:53,2428,144,1,v8_7_phase_2_2_radius_105_120_reward_grid,520,131.93576600649956,229,success,127.7342300415039,8.166650772094727,0.40629085898399353,42.82203674316406,48.5619010925293,6.578166961669922,27.309852600097656,39.93754358660109,-39.98265015587985,-35.294801045460375,0.7667446713766904,0.9969115257263184,0.0,3.944230708328886
2026-04-13 15:15:57,2428,145,1,v8_7_phase_2_2_radius_105_120_reward_grid,520,-159.79146864219138,218,near_miss,126.25721740722656,15.6743745803833,0.40629085898399353,39.72221755981445,48.5619010925293,9.837467193603516,15.16293716430664,75.74076683840428,-89.4722064665546,98.6108971231941,0.24630948049205864,0.5478285551071167,0.0,2.051903864476384
2026-04-13 15:16:01,2428,146,1,v8_7_phase_2_2_radius_105_120_reward_grid,520,-336.48750457209405,221,near_miss,126.32170867919922,17.94607162475586,0.40629085898399353,41.655860900878906,48.5619010925293,7.904460906982422,17.76663589477539,92.19463107726247,-108.95560111177194,111.78073810721847,-0.03829417260876316,0.5464609265327454,0.0,1.1309105921251639
2026-04-13 15:16:05,2428,147,1,v8_7_phase_2_2_radius_105_120_reward_grid,520,153.9958391570268,207,success,116.96672058105469,14.755743026733398,0.40629085898399353,35.07073974609375,48.5619010925293,14.333873748779297,21.85667610168457,13.040957875707154,-4.278327616371614,16.345045665001543,0.9742090096294193,0.9857617020606995,0.0,4.825751772095883
2026-04-13 15:16:09,2429,148,1,v8_7_phase_2_2_radius_105_120_reward_grid,520,-368.67464469484673,223,near_miss,127.21234130859375,17.704952239990234,0.40629085898399353,41.761749267578125,48.5619010925293,7.846771240234375,16.814157485961914,116.42372995026389,-123.73984609858802,140.5564821748331,-0.4450061141844581,0.4161912798881531,0.0,1.3097132282318371
2026-04-13 15:16:13,2429,149,1,v8_7_phase_2_2_radius_105_120_reward_grid,520,154.5723728455934,210,success,117.5903091430664,14.605574607849121,0.40629085898399353,35.54328918457031,48.5619010925293,13.884971618652344,22.544279098510742,25.127458286607556,-10.395022845966961,25.297449742218127,0.9053654027542078,0.9176337122917175,0.0,3.3631219178132987
2026-04-13 15:16:17,2429,150,1,v8_7_phase_2_2_radius_105_120_reward_grid,520,139.60845821202054,212,success,123.87925720214844,14.794384956359863,0.40629085898399353,36.530494689941406,48.5619010925293,12.87625503540039,24.984495162963867,33.120219077890056,32.133195271120684,-25.963956676900896,0.8375259508259303,0.9853765368461609,0.0,5.955897426282674
2026-04-13 15:16:20,2429,151,1,v8_7_phase_2_2_radius_105_120_reward_grid,520,153.77762088391108,209,success,119.70508575439453,14.951061248779297,0.40629085898399353,35.738128662109375,48.5619010925293,13.661102294921875,24.968137741088867,23.617971112109107,-4.173637038094597,18.63907568832434,0.9162371129821892,0.9996584057807922,0.0,0.7025335641831136
2026-04-13 15:16:24,2429,152,1,v8_7_phase_2_2_radius_105_120_reward_grid,520,164.92465194149753,212,success,124.48355102539062,14.869380950927734,0.40629085898399353,36.49509048461914,48.5619010925293,12.910163879394531,25.806964874267578,21.970824889983636,20.942044721723388,9.63375984315496,0.9273744846806828,0.9806883931159973,0.0,1.069377751289242
2026-04-13 15:16:28,2430,153,1,v8_7_phase_2_2_radius_105_120_reward_grid,520,149.07025215020985,213,success,122.3853759765625,14.497221946716309,0.40629085898399353,36.92750549316406,48.5619010925293,12.474842071533203,26.044057846069336,27.871872691348287,-25.836293611124187,-16.022279953130713,0.8839952369521833,0.9889466166496277,0.0,1.126232663947844
2026-04-13 15:16:32,2430,154,1,v8_7_phase_2_2_radius_105_120_reward_grid,520,138.52169899812463,212,success,121.48271179199219,14.94594955444336,0.40629085898399353,36.15519714355469,48.5619010925293,13.250362396240234,25.49493980407715,29.75485851532513,-2.78354434505232,-23.238820481092528,0.868156733652665,0.9840384125709534,0.0,4.184667574967575
2026-04-13 15:16:35,2430,155,1,v8_7_phase_2_2_radius_105_120_reward_grid,520,150.3527189458983,208,success,116.34817504882812,14.67948055267334,0.40629085898399353,35.43391418457031,48.5619010925293,13.971500396728516,18.539630889892578,19.134360025798642,-15.595140413005627,20.80460082505522,0.9447525111229201,0.9863605499267578,0.0,3.607569367060464
2026-04-13 15:16:39,2430,156,1,v8_7_phase_2_2_radius_105_120_reward_grid,520,-328.2755413265304,218,near_miss,126.03923034667969,17.956602096557617,0.40629085898399353,41.188480377197266,48.5619010925293,8.299453735351562,21.75483512878418,89.47178982501524,-94.04660954995475,124.36457618121241,0.009218876109214973,0.7438053488731384,0.0,2.2488908256175337
2026-04-13 15:16:43,2430,157,1,v8_7_phase_2_2_radius_105_120_reward_grid,520,-252.94401018322716,211,near_miss,122.53662109375,17.983806610107422,0.40629085898399353,37.5512580871582,48.5619010925293,11.919258117675781,23.729854583740234,82.03216336592975,-83.49709550892491,-147.47484908703072,0.1386171855112351,0.7914338111877441,0.0,1.8683618025283628
2026-04-13 15:16:48,2430,158,1,v8_7_phase_2_2_radius_105_120_reward_grid,520,-757.0853168918911,303,low_agl,128.3495635986328,93.03778839111328,0.40629085898399353,0.3391779661178589,48.5619010925293,49.6890983581543,-28.925601959228516,168.43044319652012,169.26537918104083,174.98795755448762,-0.9796819508585091,-0.6839929819107056,0.0,2.438526011771251
2026-04-13 15:16:52,2431,159,1,v8_7_phase_2_2_radius_105_120_reward_grid,520,144.8303718886482,211,success,121.46546936035156,14.800424575805664,0.40629085898399353,36.12580871582031,48.5619010925293,13.287704467773438,25.359203338623047,34.67488624620085,16.423398180065345,28.46447868675881,0.8223934873330382,0.9667541980743408,0.0,4.942668714295587
2026-04-13 15:16:56,2431,160,1,v8_7_phase_2_2_radius_105_120_reward_grid,520,-152.04410551283416,244,near_miss,126.58097076416016,4.666952610015869,0.40629085898399353,49.511016845703125,48.5619010925293,-0.10027694702148438,-12.064309120178223,76.15185543397985,77.27184253332186,-4.995505163185769,0.23934939914385384,0.9609519243240356,0.0,0.352420513524592
2026-04-13 15:17:00,2431,161,1,v8_7_phase_2_2_radius_105_120_reward_grid,520,138.07750276144628,212,success,127.5291519165039,14.795201301574707,0.40629085898399353,38.28970718383789,48.5619010925293,11.12271499633789,24.418132781982422,27.56638906562488,15.9545671652465,1.5261361874871797,0.8864752061342832,0.9711361527442932,0.0,4.403766802785478
2026-04-13 15:17:03,2431,162,1,v8_7_phase_2_2_radius_105_120_reward_grid,520,158.6443885530121,211,success,122.5135269165039,14.504844665527344,0.40629085898399353,36.30036544799805,48.5619010925293,13.10354995727539,25.216062545776367,16.201145532020423,-1.4017921667602744,-5.187578193496167,0.9602881075306142,0.9840720891952515,0.0,0.999364383236403
2026-04-13 15:17:10,2432,163,1,v8_7_phase_2_2_radius_105_120_reward_grid,520,-428.0463860956487,355,near_miss,117.59054565429688,17.973777770996094,0.40629085898399353,54.884735107421875,48.5619010925293,-5.007865905761719,2.052121877670288,141.51560465884296,-110.08225447574388,159.46479538250287,-0.782777671351756,-0.2847995162010193,0.0,2.583910512020906
2026-04-13 15:17:14,2432,164,1,v8_7_phase_2_2_radius_105_120_reward_grid,520,142.3031918930105,214,success,125.2357406616211,14.73334789276123,0.40629085898399353,37.667293548583984,48.5619010925293,11.732414245605469,27.712888717651367,40.22993715478017,-21.632390724156796,-40.03395170673582,0.7634586715078273,0.9984534978866577,0.0,0.7089855210610946
2026-04-13 15:17:18,2432,165,1,v8_7_phase_2_2_radius_105_120_reward_grid,520,144.43037840275306,211,success,119.50111389160156,14.87034797668457,0.40629085898399353,36.24585723876953,48.5619010925293,13.16457748413086,25.158370971679688,39.863336996363486,-32.903042967945744,-33.15399436333577,0.7675754520121032,0.9629493951797485,0.0,2.71731931894761
2026-04-13 15:17:21,2432,166,1,v8_7_phase_2_2_radius_105_120_reward_grid,520,-318.83228885133826,209,near_miss,118.76443481445312,17.791343688964844,0.40629085898399353,36.70458984375,48.5619010925293,12.8677978515625,20.226125717163086,96.07927384695054,-96.172417136662,143.6639177188654,-0.10590437296936331,0.5135493874549866,0.0,2.1533100630554243
2026-04-13 15:17:28,2432,167,1,v8_7_phase_2_2_radius_105_120_reward_grid,520,-934.4046990242523,370,low_agl,127.393798828125,71.24967193603516,0.40629085898399353,0.33748897910118103,48.5619010925293,49.69843292236328,-45.03588104248047,97.95184533999041,97.89201971305027,49.292129692715534,-0.1383407738102764,-0.6858924627304077,0.0,4.797050372377758
2026-04-13 15:17:32,2433,168,1,v8_7_phase_2_2_radius_105_120_reward_grid,520,144.69361545128663,216,success,124.9905014038086,14.504667282104492,0.40629085898399353,37.91814041137695,48.5619010925293,11.482017517089844,28.583290100097656,34.52514800902666,17.528895033083174,12.622891388120783,0.8238775047378931,0.9957989454269409,0.0,0.9912596267857247
2026-04-13 15:17:35,2433,169,1,v8_7_phase_2_2_radius_105_120_reward_grid,520,141.50677685323961,216,success,129.32254028320312,14.98022174835205,0.40629085898399353,37.43172836303711,48.5619010925293,11.974231719970703,29.117481231689453,38.8227679215958,39.08605122353228,23.588234176010165,0.7790889065943937,0.9846338033676147,0.0,4.598465339607387
2026-04-13 15:17:39,2433,170,1,v8_7_phase_2_2_radius_105_120_reward_grid,520,-244.48914761715554,247,near_miss,124.32929992675781,10.560227394104004,0.40629085898399353,52.214942932128906,48.5619010925293,-2.750415802001953,-13.468892097473145,75.24228597239842,108.93006303446526,34.794506764229865,0.2547321443018799,0.8084443807601929,0.0,2.1763940998174034
2026-04-13 15:17:43,2433,171,1,v8_7_phase_2_2_radius_105_120_reward_grid,520,-181.8383762628912,227,near_miss,122.35389709472656,7.17486047744751,0.40629085898399353,44.27357482910156,48.5619010925293,5.215251922607422,20.735620498657227,76.08664078778456,-79.80321309256612,130.28266188946165,0.24045437037318054,0.7410072684288025,0.0,0.8467117924693593
2026-04-13 15:17:50,2433,172,1,v8_7_phase_2_2_radius_105_120_reward_grid,520,-519.4846969247621,357,low_agl,128.6005859375,132.03932189941406,0.40629085898399353,0.3108992874622345,48.5619010925293,49.68642044067383,-42.04540252685547,74.50537003265657,67.57318564776801,48.367158154555725,0.2671480588805471,-0.5993915796279907,0.0,3.221905256289341
2026-04-13 15:17:54,2434,173,1,v8_7_phase_2_2_radius_105_120_reward_grid,520,157.03822172495495,210,success,120.63044738769531,14.561017036437988,0.40629085898399353,35.8423957824707,48.5619010925293,13.559146881103516,23.523027420043945,17.211308312150507,-13.319109645693107,-9.082980218674301,0.9552199804233682,0.9953172206878662,0.0,2.3868109803429736
2026-04-13 15:17:57,2434,174,1,v8_7_phase_2_2_radius_105_120_reward_grid,520,165.90750228776886,211,success,119.94143676757812,14.71312427520752,0.40629085898399353,36.23450469970703,48.5619010925293,13.16885757446289,19.93052864074707,20.27669891919952,-3.693637383322312,-9.436112097821361,0.9380299490414505,0.9885340929031372,0.0,3.4165559124279885
2026-04-13 15:18:01,2434,175,1,v8_7_phase_2_2_radius_105_120_reward_grid,520,143.78301178650997,212,success,123.30082702636719,14.995681762695312,0.40629085898399353,36.87630844116211,48.5619010925293,12.5247802734375,27.72159767150879,38.18944887609012,-4.187690579198722,43.08543092599281,0.785970760901112,0.9963937997817993,0.0,2.2827784341376427
2026-04-13 15:18:07,2434,176,1,v8_7_phase_2_2_radius_105_120_reward_grid,520,-941.9979983225666,371,low_agl,127.2489013671875,50.12750244140625,0.40629085898399353,0.24379386007785797,48.5619010925293,49.6789436340332,0.16863034665584564,106.4532861772569,106.6501253989475,22.769349136038993,-0.283233515063158,-0.3996312618255615,0.0,3.709797385582173
2026-04-13 15:18:11,2434,177,1,v8_7_phase_2_2_radius_105_120_reward_grid,520,-248.9669256210203,213,near_miss,126.28497314453125,17.7717227935791,0.40629085898399353,38.33905029296875,48.5619010925293,11.158737182617188,24.745140075683594,91.72515119447247,-93.64411333235508,152.09215258860772,-0.030105019158383182,0.716349720954895,0.0,1.983755251403912
2026-04-13 15:18:15,2435,178,1,v8_7_phase_2_2_radius_105_120_reward_grid,520,145.08059215618334,210,success,120.99166870117188,14.865619659423828,0.40629085898399353,36.06924057006836,48.5619010925293,13.330589294433594,22.99716567993164,26.799015604826653,9.88132944113218,-25.837082497973324,0.8925935648189696,0.999381959438324,0.0,3.4258835915674593
2026-04-13 15:18:19,2435,179,1,v8_7_phase_2_2_radius_105_120_reward_grid,520,142.03188359211595,211,success,120.41008758544922,14.587197303771973,0.40629085898399353,36.37149429321289,48.5619010925293,13.028800964355469,21.113195419311523,29.8822108074946,-17.835128272067987,41.05676228966147,0.8670514776133523,0.9983748197555542,0.0,3.1748941949788247
2026-04-13 15:18:23,2435,180,1,v8_7_phase_2_2_radius_105_120_reward_grid,520,152.585905473234,208,success,118.20124816894531,14.778802871704102,0.40629085898399353,35.134132385253906,48.5619010925293,14.268081665039062,18.104293823242188,20.877436254816946,2.2660678691909975,-35.880196068654655,0.9343448894539839,0.9931505918502808,0.0,2.270068803939208
2026-04-13 15:18:26,2435,181,1,v8_7_phase_2_2_radius_105_120_reward_grid,520,145.40698017819264,211,success,123.38168334960938,14.83232593536377,0.40629085898399353,36.27073287963867,48.5619010925293,13.131820678710938,25.90283203125,27.93422378073404,27.695879207004566,-21.274910575829374,0.8834859697067017,0.9923577308654785,0.0,4.527142058667237
2026-04-13 15:18:30,2435,182,1,v8_7_phase_2_2_radius_105_120_reward_grid,520,157.80046295211,209,success,118.68809509277344,14.724457740783691,0.40629085898399353,35.575233459472656,48.5619010925293,13.832775115966797,18.581600189208984,28.223929669474714,7.919907432274204,29.769782478661607,0.8811060136608053,0.9762859344482422,0.0,3.8168147354079363
2026-04-13 15:18:34,2435,183,1,v8_7_phase_2_2_radius_105_120_reward_grid,520,-244.91566674688914,223,near_miss,126.13223266601562,12.085253715515137,0.40629085898399353,41.07762145996094,48.5619010925293,8.367069244384766,23.673999786376953,75.27399854071479,-70.03030522054509,-114.06798404514815,0.25419687525826906,0.863825261592865,0.0,2.263157459990712
2026-04-13 15:18:38,2436,184,1,v8_7_phase_2_2_radius_105_120_reward_grid,520,140.9079945405852,216,success,129.6080780029297,14.985333442687988,0.40629085898399353,38.35513687133789,48.5619010925293,11.0460205078125,29.8776798248291,40.322598916155144,39.956152436994785,-16.752632081080176,0.7624131599991022,0.9934749603271484,0.0,1.2665028520509973
2026-04-13 15:18:42,2436,185,1,v8_7_phase_2_2_radius_105_120_reward_grid,520,-523.7871988378903,230,low_agl,128.6441650390625,66.0216293334961,0.40629085898399353,0.2506275475025177,48.5619010925293,49.67242431640625,4.513093948364258,137.80061012775968,-163.25426629629598,-136.41110376376895,-0.7408117492214902,-0.40472835302352905,0.0,2.929612050183062
2026-04-13 15:18:46,2436,186,1,v8_7_phase_2_2_radius_105_120_reward_grid,520,149.52193401493983,212,success,120.60480499267578,14.678608894348145,0.40629085898399353,36.45813751220703,48.5619010925293,12.944744110107422,24.513954162597656,23.533532898494823,-22.87857239860396,-11.386352233234382,0.9168265456634588,0.9918114542961121,0.0,2.3402478104337434
2026-04-13 15:18:50,2436,187,1,v8_7_phase_2_2_radius_105_120_reward_grid,520,163.70502530463693,215,success,128.7908172607422,14.452108383178711,0.40629085898399353,37.362098693847656,48.5619010925293,12.05417251586914,29.939472198486328,18.554412078467447,8.13327656552988,7.034170208254243,0.9480218929294608,0.9445778131484985,0.0,1.4370460123288007
2026-04-13 15:18:53,2436,188,1,v8_7_phase_2_2_radius_105_120_reward_grid,520,-220.46653508441983,212,near_miss,127.12110900878906,17.963510513305664,0.40629085898399353,38.17741775512695,48.5619010925293,11.268150329589844,27.238323211669922,81.62905926149394,-78.5289866613869,-127.58151331801838,0.1455812708600173,0.8611304759979248,0.0,0.7246224776867751
2026-04-13 15:18:58,2437,189,1,v8_7_phase_2_2_radius_105_120_reward_grid,520,-353.33678871608294,220,near_miss,125.13052368164062,17.63041114807129,0.40629085898399353,42.93207931518555,48.5619010925293,6.582317352294922,19.89777183532715,93.68990975074,-106.99069912153185,117.24224616001987,-0.06435656625767555,0.6709842681884766,0.0,0.9040415536842918
2026-04-13 15:19:01,2437,190,1,v8_7_phase_2_2_radius_105_120_reward_grid,520,139.20383157142822,213,success,123.39491271972656,14.735603332519531,0.40629085898399353,36.87663650512695,48.5619010925293,12.52646255493164,27.50167465209961,34.638313998290016,-0.7551106565562605,26.593517410815775,0.8227564643331673,0.9911023378372192,0.0,5.232073934494807
2026-04-13 15:19:05,2437,191,1,v8_7_phase_2_2_radius_105_120_reward_grid,520,162.36032258659907,207,success,117.07325744628906,14.817203521728516,0.40629085898399353,35.122047424316406,48.5619010925293,14.279121398925781,22.58814239501953,9.1562655871476,3.752385121034061,-2.8363668936590827,0.9872580163174749,0.9934751391410828,0.0,2.6784974011607616
2026-04-13 15:19:10,2437,192,1,v8_7_phase_2_2_radius_105_120_reward_grid,520,-748.6299305746782,302,low_agl,127.50129699707031,78.64544677734375,0.40629085898399353,0.32768556475639343,48.5619010925293,49.68415451049805,-17.673097610473633,172.27586701999397,179.4952540292924,170.02395365064078,-0.9909266768357745,-0.6418391466140747,0.0,3.986382448147804
2026-04-13 15:19:13,2437,193,1,v8_7_phase_2_2_radius_105_120_reward_grid,520,150.4016132597882,210,success,116.5084457397461,14.947611808776855,0.40629085898399353,35.48145294189453,48.5619010925293,13.932048797607422,21.747774124145508,13.546197213896752,-6.590528504207581,10.014278219552832,0.9721813788681568,0.9647684097290039,0.0,2.2458684667262916
2026-04-13 15:19:18,2438,194,1,v8_7_phase_2_2_radius_105_120_reward_grid,520,146.9014855894261,216,success,127.69295501708984,14.738713264465332,0.40629085898399353,38.23945999145508,48.5619010925293,11.163589477539062,27.005661010742188,34.04254733284107,20.257582927259946,-7.913215554434884,0.8286220923672568,0.9898850917816162,0.0,4.709108417438347
2026-04-13 15:19:22,2438,195,1,v8_7_phase_2_2_radius_105_120_reward_grid,520,157.26157627214886,207,success,116.32865142822266,14.730913162231445,0.40629085898399353,35.10662841796875,48.5619010925293,14.298713684082031,21.714693069458008,7.193529620648042,1.1745320295583805,-7.346601843910844,0.9921288487980187,0.9855263829231262,0.0,4.460861787716683
2026-04-13 15:19:25,2438,196,1,v8_7_phase_2_2_radius_105_120_reward_grid,520,143.49721625209847,214,success,124.32772827148438,14.667830467224121,0.40629085898399353,37.45488739013672,48.5619010925293,11.946918487548828,27.499008178710938,34.75781157291397,-30.80714136451939,-19.791945025878082,0.8215692182771627,0.9938094615936279,0.0,1.9609910350204283
2026-04-13 15:19:29,2438,197,1,v8_7_phase_2_2_radius_105_120_reward_grid,520,148.2444383889507,210,success,120.0157241821289,14.565677642822266,0.40629085898399353,35.96040344238281,48.5619010925293,13.44552230834961,24.10240936279297,24.147604470919404,13.395858773849248,-22.04579646140828,0.9124945988933058,0.9863393902778625,0.0,2.957527252413264
2026-04-13 15:19:33,2438,198,1,v8_7_phase_2_2_radius_105_120_reward_grid,520,149.428821059746,210,success,119.658447265625,14.577779769897461,0.40629085898399353,35.84037399291992,48.5619010925293,13.561538696289062,24.497112274169922,27.369450806191317,3.9333804382843445,-42.03137905780352,0.888060630097711,0.9946117997169495,0.0,2.2046134147427017
2026-04-13 15:19:36,2438,199,1,v8_7_phase_2_2_radius_105_120_reward_grid,520,145.82993917850374,212,success,122.05140686035156,14.890175819396973,0.40629085898399353,36.602291107177734,48.5619010925293,12.806400299072266,23.37249755859375,20.02739189185218,1.7224922800157045,6.588298447443573,0.9395290008585261,0.9755298495292664,0.0,2.3211748388413174
2026-04-13 15:19:40,2439,200,1,v8_7_phase_2_2_radius_105_120_reward_grid,520,-318.1592612973599,221,near_miss,124.69131469726562,17.989513397216797,0.40629085898399353,40.600433349609375,48.5619010925293,9.062721252441406,5.520689964294434,104.80865858738787,-127.9468737971007,118.06969625721024,-0.2555918621988555,0.26961857080459595,0.0,2.1578613530474042
2026-04-13 15:19:47,2439,201,1,v8_7_phase_2_2_radius_105_120_reward_grid,520,-627.3975786170101,372,wrong_way,125.9139404296875,132.6743927001953,0.40629085898399353,25.319639205932617,48.5619010925293,24.624710083007812,-49.71242904663086,148.70010306186097,152.17918285901203,152.1966818036656,-0.8544597646261981,-0.4699048101902008,0.0,2.9610588052278057
2026-04-13 15:19:51,2439,202,1,v8_7_phase_2_2_radius_105_120_reward_grid,520,143.2254753396535,211,success,120.87371826171875,14.690545082092285,0.40629085898399353,36.3736686706543,48.5619010925293,13.02791976928711,25.45296859741211,33.13434732418823,-29.145171924347697,-35.71505575490209,0.8373911922446373,0.9930716753005981,0.0,4.39309255968799
2026-04-13 15:19:54,2439,203,1,v8_7_phase_2_2_radius_105_120_reward_grid,520,135.3962722454031,218,success,127.47208404541016,14.552610397338867,0.40629085898399353,38.70707702636719,48.5619010925293,10.693618774414062,27.347414016723633,38.80520067505052,-17.24724535246853,3.34813546580839,0.7792810855805251,0.9975387454032898,0.0,4.640591532057315
2026-04-13 15:19:58,2439,204,1,v8_7_phase_2_2_radius_105_120_reward_grid,520,157.68942302358,207,success,117.32659149169922,14.9735689163208,0.40629085898399353,35.00072479248047,48.5619010925293,14.39931869506836,22.67755126953125,13.520892216795502,-1.0302162155332408,12.184540092473119,0.9722847327121539,0.997334361076355,0.0,3.8041864535558996
2026-04-13 15:20:02,2440,205,1,v8_7_phase_2_2_radius_105_120_reward_grid,520,155.29806898586682,208,success,116.66680908203125,14.973357200622559,0.40629085898399353,35.20372772216797,48.5619010925293,14.199588775634766,22.39044189453125,17.15453577976936,-3.925955168882894,-16.865668296749302,0.9555127057924089,0.9868561625480652,0.0,1.5788622500944782
2026-04-13 15:20:05,2440,206,1,v8_7_phase_2_2_radius_105_120_reward_grid,520,157.62943231569068,213,success,122.36900329589844,14.763423919677734,0.40629085898399353,37.017677307128906,48.5619010925293,12.383682250976562,23.4329776763916,30.276760099994974,1.2298743843603495,12.616646033898451,0.8636001224260115,0.9968643188476562,0.0,6.164101818577161
2026-04-13 15:20:09,2440,207,1,v8_7_phase_2_2_radius_105_120_reward_grid,520,-384.51669109963154,222,near_miss,126.64665985107422,17.697031021118164,0.40629085898399353,44.97268295288086,48.5619010925293,4.546688079833984,17.661317825317383,111.64080119150324,-119.86427382011773,137.58436633863707,-0.36878656719283126,0.6573545336723328,0.0,0.9289729546870003
2026-04-13 15:20:13,2440,208,1,v8_7_phase_2_2_radius_105_120_reward_grid,520,159.18229119738655,209,success,115.68537902832031,14.95278263092041,0.40629085898399353,35.2187385559082,48.5619010925293,14.186882019042969,10.741971969604492,15.668814248487969,-12.995369778091904,-14.587101821707417,0.9628388900285425,0.9803398251533508,0.0,2.971613396587709
2026-04-13 15:20:17,2440,209,1,v8_7_phase_2_2_radius_105_120_reward_grid,520,148.26791410637202,210,success,121.04578399658203,14.49960708618164,0.40629085898399353,36.077117919921875,48.5619010925293,13.325496673583984,24.978086471557617,23.70298306161367,7.137375647273605,20.481481650894843,0.9156416649902296,0.986426591873169,0.0,2.5092306955653956
2026-04-13 15:20:20,2440,210,1,v8_7_phase_2_2_radius_105_120_reward_grid,520,158.73951745856922,207,success,118.97737884521484,14.937581062316895,0.40629085898399353,35.169532775878906,48.5619010925293,14.23269271850586,23.592348098754883,9.153904049242067,8.67803793957811,-1.8999046294377875,0.9872645741815069,0.9885896444320679,0.0,0.8663436502219515
2026-04-13 15:20:25,2441,211,1,v8_7_phase_2_2_radius_105_120_reward_grid,520,145.03794663633124,221,success,128.77969360351562,11.78609561920166,0.40629085898399353,39.717498779296875,48.5619010925293,9.683486938476562,29.019527435302734,40.18777098193909,21.218783496324797,-36.58207313795434,0.7639337755494774,0.9938340187072754,0.0,1.6177969626374555
2026-04-13 15:20:29,2441,212,1,v8_7_phase_2_2_radius_105_120_reward_grid,520,150.9602257147057,207,success,116.5675277709961,14.884909629821777,0.40629085898399353,35.131317138671875,48.5619010925293,14.268531799316406,17.622844696044922,16.40552357500742,9.964092550852518,20.51309005882637,0.959286751075402,0.9996681213378906,0.0,4.640757385125737
2026-04-13 15:20:33,2441,213,1,v8_7_phase_2_2_radius_105_120_reward_grid,520,138.87669579904724,215,success,123.71441650390625,14.639243125915527,0.40629085898399353,37.44275665283203,48.5619010925293,11.957035064697266,26.594192504882812,37.609914155203704,-13.041835555015501,43.574045583742596,0.7921840552393407,0.9991339445114136,0.0,1.9309561046683918
2026-04-13 15:20:36,2441,214,1,v8_7_phase_2_2_radius_105_120_reward_grid,520,149.1083811083607,207,success,117.67950439453125,14.960037231445312,0.40629085898399353,34.780269622802734,48.5619010925293,14.624664306640625,18.35203742980957,19.34226244639737,9.689170606570334,35.135152203800494,0.9435569012101866,0.9893731474876404,0.0,3.6334793748129712
2026-04-13 15:20:40,2441,215,1,v8_7_phase_2_2_radius_105_120_reward_grid,520,145.01362161126977,209,success,120.40632629394531,14.969287872314453,0.40629085898399353,35.79716873168945,48.5619010925293,13.605762481689453,25.394607543945312,24.31862899264194,2.8555390212158973,-20.00309349387986,0.9112694298134959,0.9936204552650452,0.0,3.5405704045349142
2026-04-13 15:20:44,2442,216,1,v8_7_phase_2_2_radius_105_120_reward_grid,520,-209.4415746788444,225,near_miss,127.47969818115234,12.401244163513184,0.40629085898399353,42.3167724609375,48.5619010925293,7.11175537109375,25.947101593017578,75.44699357201287,-75.30646242983985,54.34761373521094,0.25127556568577786,0.9102284908294678,0.0,0.6174589156462593
2026-04-13 15:20:48,2442,217,1,v8_7_phase_2_2_radius_105_120_reward_grid,520,149.9083993052591,207,success,117.42147064208984,14.996031761169434,0.40629085898399353,35.1213493347168,48.5619010925293,14.281047821044922,22.74678611755371,14.593085067420349,-1.6403210488756315,-12.990642433412608,0.967739585266909,0.9931884407997131,0.0,4.972365129126367
2026-04-13 15:20:52,2442,218,1,v8_7_phase_2_2_radius_105_120_reward_grid,520,-161.1603324366347,242,near_miss,129.38563537597656,6.381033897399902,0.40629085898399353,47.834197998046875,48.5619010925293,1.5652122497558594,-0.9236675500869751,76.45590130488296,-74.32679473680659,24.868899768029433,0.2341936960902965,0.997808575630188,0.0,0.6559456766641549
2026-04-13 15:20:56,2442,219,1,v8_7_phase_2_2_radius_105_120_reward_grid,520,150.32111480019051,213,success,125.4864273071289,14.631772994995117,0.40629085898399353,36.8469123840332,48.5619010925293,12.57363510131836,27.884687423706055,18.27656169057862,13.051261216070118,9.865635373966784,0.9495538448729723,0.934891939163208,0.0,2.9961567950814745
2026-04-13 15:20:59,2442,220,1,v8_7_phase_2_2_radius_105_120_reward_grid,520,149.93002687540198,214,success,128.55502319335938,14.60459041595459,0.40629085898399353,36.091712951660156,48.5619010925293,13.321426391601562,23.872215270996094,37.811766735745096,24.203834003261534,-33.731497102944104,0.7900291240457352,0.9575766324996948,0.0,0.6857894495463909
2026-04-13 15:21:04,2442,221,1,v8_7_phase_2_2_radius_105_120_reward_grid,520,-170.75093343870878,242,near_miss,128.2377166748047,4.297708034515381,0.40629085898399353,48.048912048339844,48.5619010925293,1.3638229370117188,-4.166297435760498,76.0226760662074,-55.03547867142834,-26.526900868293346,0.24153786076651357,0.9682853817939758,0.0,3.220684948891189
2026-04-13 15:21:08,2443,222,1,v8_7_phase_2_2_radius_105_120_reward_grid,520,139.3797437944177,217,success,123.75469207763672,13.477084159851074,0.40629085898399353,38.0139045715332,48.5619010925293,11.39249038696289,27.51150894165039,40.205027454877126,-10.17894468893173,31.423999654125335,0.7637393895960781,0.9788792133331299,0.0,4.144394588113503
2026-04-13 15:21:11,2443,223,1,v8_7_phase_2_2_radius_105_120_reward_grid,520,146.68385489265566,209,success,119.98807525634766,14.936718940734863,0.40629085898399353,35.64179229736328,48.5619010925293,13.766014099121094,25.124683380126953,22.846945207652215,0.6367366480507696,19.15523649899679,0.9215453318941463,0.981025218963623,0.0,5.940388267837767
2026-04-13 15:21:15,2443,224,1,v8_7_phase_2_2_radius_105_120_reward_grid,520,150.6348966058614,208,success,118.98516082763672,14.982719421386719,0.40629085898399353,35.21010208129883,48.5619010925293,14.195762634277344,23.38639259338379,25.853536423683884,7.753347292947919,-32.174377896721275,0.8999117042151438,0.9855485558509827,0.0,2.752197603042819
2026-04-13 15:21:19,2443,225,1,v8_7_phase_2_2_radius_105_120_reward_grid,520,166.71030232356182,206,success,116.24768829345703,14.762657165527344,0.40629085898399353,34.714420318603516,48.5619010925293,14.688003540039062,18.22104263305664,13.38639213165961,9.700932192321096,38.34211043422908,0.9728308913883801,0.9903085231781006,0.0,1.348123998188972
2026-04-13 15:21:22,2443,226,1,v8_7_phase_2_2_radius_105_120_reward_grid,520,147.8946282753908,211,success,120.08832550048828,14.703445434570312,0.40629085898399353,36.30418395996094,48.5619010925293,13.103267669677734,24.1114501953125,33.84318094115756,-3.3524030533791787,27.6425969012893,0.8305649813529358,0.9731579422950745,0.0,1.0945038625752816
2026-04-13 15:21:26,2444,227,1,v8_7_phase_2_2_radius_105_120_reward_grid,520,142.53686267486526,208,success,120.32079315185547,14.9957857131958,0.40629085898399353,35.34994125366211,48.5619010925293,14.05233383178711,24.38199234008789,26.47935079883901,15.92904104077087,42.617378552739346,0.8950951116306131,0.9943139553070068,0.0,5.281907205137126
2026-04-13 15:21:30,2444,228,1,v8_7_phase_2_2_radius_105_120_reward_grid,520,145.43370645387958,207,success,116.91802215576172,14.892828941345215,0.40629085898399353,34.83304214477539,48.5619010925293,14.568660736083984,20.81551170349121,9.4574794908661,-8.687810232733105,-12.580953172843259,0.9864078155346513,0.9954456090927124,0.0,3.32712750557564
2026-04-13 15:21:34,2444,229,1,v8_7_phase_2_2_radius_105_120_reward_grid,520,151.05415209115262,209,success,118.68244934082031,14.789048194885254,0.40629085898399353,35.857418060302734,48.5619010925293,13.54489517211914,22.39914321899414,24.349965900553958,-22.57520442397597,22.106381946893585,0.9110440610054409,0.9933393001556396,0.0,5.222153405958587
2026-04-13 15:21:37,2444,230,1,v8_7_phase_2_2_radius_105_120_reward_grid,520,140.6652545199393,210,success,121.67166137695312,14.931063652038574,0.40629085898399353,35.984107971191406,48.5619010925293,13.417682647705078,25.79591941833496,25.463074999401766,4.84630096142731,19.632492552156844,0.902862545296926,0.9955957531929016,0.0,5.057041204880208
2026-04-13 15:21:41,2444,231,1,v8_7_phase_2_2_radius_105_120_reward_grid,520,149.3756465634201,210,success,116.65623474121094,14.833783149719238,0.40629085898399353,35.35080337524414,48.5619010925293,14.068618774414062,18.84334945678711,38.4348746484416,-30.985282943357074,45.43022120767985,0.7833152335333433,0.9397233724594116,0.0,1.355792001579016
2026-04-13 15:21:45,2444,232,1,v8_7_phase_2_2_radius_105_120_reward_grid,520,152.13373232298792,208,success,116.04441833496094,14.888992309570312,0.40629085898399353,35.00550079345703,48.5619010925293,14.401496887207031,21.173742294311523,4.263423716715823,-4.218676159255308,0.28094683814079563,0.9972327949956751,0.9834273457527161,0.0,5.233179897932117
2026-04-13 15:21:49,2445,233,1,v8_7_phase_2_2_radius_105_120_reward_grid,520,-451.0119222308952,241,near_miss,125.74588012695312,17.931259155273438,0.40629085898399353,48.34005355834961,48.5619010925293,1.3709335327148438,3.535027503967285,102.9713240402761,-163.87515781260683,103.79524292966558,-0.2244633638009161,0.14223171770572662,0.0,1.5449835215050487
2026-04-13 15:21:53,2445,234,1,v8_7_phase_2_2_radius_105_120_reward_grid,520,144.31614552712992,225,success,127.71004486083984,9.430907249450684,0.40629085898399353,40.888771057128906,48.5619010925293,8.522022247314453,26.418075561523438,38.99348508480568,-8.595646221393892,-41.448214091373245,0.7772175143907631,0.9706387519836426,0.0,2.2286154529378037
2026-04-13 15:21:57,2445,235,1,v8_7_phase_2_2_radius_105_120_reward_grid,520,148.5091645500729,220,success,127.73435974121094,14.624939918518066,0.40629085898399353,38.9226188659668,48.5619010925293,10.508922576904297,27.43262481689453,21.892685818331394,8.172169370211224,6.681903201810836,0.9278838606730289,0.9108574390411377,0.0,4.167188246119435
2026-04-13 15:22:01,2445,236,1,v8_7_phase_2_2_radius_105_120_reward_grid,520,148.75180894465896,211,success,124.28224182128906,14.67591381072998,0.40629085898399353,36.249656677246094,48.5619010925293,13.15285873413086,26.669782638549805,27.516697731865744,27.45309671786188,23.343479469744633,0.8868762279300264,0.9930113554000854,0.0,2.362790089025296
2026-04-13 15:22:04,2445,237,1,v8_7_phase_2_2_radius_105_120_reward_grid,520,160.58177217702348,210,success,122.80292510986328,14.738019943237305,0.40629085898399353,36.06487274169922,48.5619010925293,13.336555480957031,25.421899795532227,21.90486404562153,15.009803446419289,13.047080286524425,0.9278045862757895,0.9941446781158447,0.0,3.4831381329274884
2026-04-13 15:22:09,2446,238,1,v8_7_phase_2_2_radius_105_120_reward_grid,520,164.2094588981963,212,success,124.27857971191406,14.973068237304688,0.40629085898399353,36.58788299560547,48.5619010925293,12.81960678100586,27.071378707885742,24.472041871589596,24.510150912063683,12.017558188965586,0.9101635168272934,0.9769231081008911,0.0,3.259278644327494
2026-04-13 15:22:13,2446,239,1,v8_7_phase_2_2_radius_105_120_reward_grid,520,162.5212814758725,215,success,121.81221771240234,14.88221549987793,0.40629085898399353,36.939239501953125,48.5619010925293,12.47064208984375,15.479853630065918,19.3708860616616,-10.427226334129926,2.70454061413984,0.9433913185620808,0.969799280166626,0.0,1.3798159438894715
2026-04-13 15:22:17,2446,240,1,v8_7_phase_2_2_radius_105_120_reward_grid,520,139.4465732260149,222,success,126.63444519042969,14.493036270141602,0.40629085898399353,39.40843963623047,48.5619010925293,10.021858215332031,26.548755645751953,35.326182349602,-36.265903681274445,17.718091273092526,0.8158734423142444,0.9160974621772766,0.0,4.029206543993543
2026-04-13 15:22:22,2446,241,1,v8_7_phase_2_2_radius_105_120_reward_grid,520,141.07769562627948,228,success,127.31431579589844,8.299373626708984,0.40629085898399353,42.28560256958008,48.5619010925293,7.121452331542969,27.74258041381836,39.875180544384285,-13.720553160386961,-31.312954438599267,0.767442943762247,0.9734492301940918,0.0,0.7528209221778626
2026-04-13 15:22:26,2446,242,1,v8_7_phase_2_2_radius_105_120_reward_grid,520,168.31839305663166,210,success,123.2955322265625,14.636578559875488,0.40629085898399353,36.1068000793457,48.5619010925293,13.293621063232422,25.927268981933594,18.669249756530164,18.68408492740743,-4.637975495986867,0.947382212066787,0.993545651435852,0.0,1.5372648101596107
2026-04-13 15:22:31,2446,243,1,v8_7_phase_2_2_radius_105_120_reward_grid,520,140.13070637847483,211,success,119.9759292602539,14.584062576293945,0.40629085898399353,36.3299674987793,48.5619010925293,13.072593688964844,24.234821319580078,31.511893943459643,-30.079961859439393,33.36956537882513,0.8525316813035364,0.9925540685653687,0.0,3.2094285786230503
2026-04-13 15:22:38,2447,244,1,v8_7_phase_2_2_radius_105_120_reward_grid,520,-180.18394369683082,231,near_miss,127.28638458251953,11.972665786743164,0.40629085898399353,43.57185363769531,48.5619010925293,5.845272064208984,14.583511352539062,75.26233940780158,-74.99657674719637,35.026296063903416,0.2543936761040054,0.9498642086982727,0.0,2.1081169302460245
2026-04-13 15:22:43,2447,245,1,v8_7_phase_2_2_radius_105_120_reward_grid,520,154.58562226367258,209,success,115.8820571899414,14.978311538696289,0.40629085898399353,35.46730422973633,48.5619010925293,13.934860229492188,18.14444923400879,16.836908077701672,-14.589181614309686,10.483978375943561,0.9571331140409968,0.9921606183052063,0.0,2.319265323524788
2026-04-13 15:22:48,2447,246,1,v8_7_phase_2_2_radius_105_120_reward_grid,520,130.44760276171786,232,success,128.9585723876953,6.874769687652588,0.40629085898399353,43.67615509033203,48.5619010925293,5.726661682128906,28.29054832458496,38.82964592209,-32.906242911571894,-31.434128824664462,0.7790136439365344,0.9899780750274658,0.0,4.390520647908855
2026-04-13 15:22:53,2447,247,1,v8_7_phase_2_2_radius_105_120_reward_grid,520,142.5610799487469,215,success,123.93206024169922,14.674806594848633,0.40629085898399353,37.3889274597168,48.5619010925293,12.01727294921875,26.528701782226562,37.33070968231193,-20.626686350007436,-24.013229036735865,0.7951485658743639,0.9841114282608032,0.0,2.6065504393692716
2026-04-13 15:22:57,2447,248,1,v8_7_phase_2_2_radius_105_120_reward_grid,520,149.70960601264554,213,success,119.4227066040039,14.69015121459961,0.40629085898399353,36.939613342285156,48.5619010925293,12.468189239501953,17.302438735961914,20.437367166593024,-19.886882947793968,-1.8710423844394293,0.9370544584278723,0.97944575548172,0.0,4.347886930851366
2026-04-13 15:23:03,2448,249,1,v8_7_phase_2_2_radius_105_120_reward_grid,520,170.28472085923724,209,success,116.14224243164062,14.915617942810059,0.40629085898399353,35.63530731201172,48.5619010925293,13.764556884765625,12.234711647033691,22.391936788166184,-4.882306730523855,-20.2148413109813,0.9245996523365515,0.995977520942688,0.0,2.4397344912812167
2026-04-13 15:23:07,2448,250,1,v8_7_phase_2_2_radius_105_120_reward_grid,520,178.8592732906515,209,success,121.3392562866211,14.653116226196289,0.40629085898399353,35.09721374511719,48.5619010925293,14.304950714111328,21.133445739746094,3.8088917029243996,1.41513024554884,-0.16380357102680276,0.9977911712637313,0.988473117351532,0.0,2.540045073815778
2026-04-13 15:23:12,2448,251,1,v8_7_phase_2_2_radius_105_120_reward_grid,520,156.48913972792957,209,success,122.00366973876953,14.807413101196289,0.40629085898399353,35.73593521118164,48.5619010925293,13.665756225585938,23.70806121826172,24.48911734451463,23.15702555068704,24.028981160509208,0.9100400205374043,0.9917603135108948,0.0,1.3011590355221512
2026-04-13 15:23:17,2448,252,1,v8_7_phase_2_2_radius_105_120_reward_grid,520,155.95362851247222,208,success,118.42678833007812,14.747381210327148,0.40629085898399353,35.432613372802734,48.5619010925293,13.969703674316406,23.713438034057617,10.509552311743382,10.360158999122278,1.7374514615150902,0.9832245117215289,0.9895573854446411,0.0,3.6052949501001823
2026-04-13 15:23:22,2448,253,1,v8_7_phase_2_2_radius_105_120_reward_grid,520,138.32385708288626,213,success,123.71200561523438,14.72128963470459,0.40629085898399353,37.02438735961914,48.5619010925293,12.376678466796875,27.32938575744629,31.291015870985184,-18.508972537466644,16.06397655046635,0.8545402815921341,0.9977758526802063,0.0,4.93705877111533
2026-04-13 15:23:26,2448,254,1,v8_7_phase_2_2_radius_105_120_reward_grid,520,156.680914758593,214,success,125.62088012695312,14.770230293273926,0.40629085898399353,37.498653411865234,48.5619010925293,11.908531188964844,28.997434616088867,23.620289961332325,22.799738355203672,1.6331823272542045,0.9162208978527984,0.9752650260925293,0.0,2.8694410938424526
2026-04-13 15:23:32,2449,255,1,v8_7_phase_2_2_radius_105_120_reward_grid,520,136.04501864174935,216,success,123.5803451538086,14.700977325439453,0.40629085898399353,37.534297943115234,48.5619010925293,11.885425567626953,27.243896484375,35.767238400160984,-31.75435541371134,19.145363460551533,0.8113981638844654,0.9517949819564819,0.0,5.274690952226385
2026-04-13 15:23:36,2449,256,1,v8_7_phase_2_2_radius_105_120_reward_grid,520,167.4866758092334,208,success,120.50598907470703,14.747428894042969,0.40629085898399353,35.04174041748047,48.5619010925293,14.358455657958984,20.661651611328125,7.686637689098051,7.5842121723045395,-1.7174958899161343,0.9910144205300547,0.9952776432037354,0.0,2.960651785898883
2026-04-13 15:23:41,2449,257,1,v8_7_phase_2_2_radius_105_120_reward_grid,520,148.16214207050754,215,success,126.48308563232422,14.482707023620605,0.40629085898399353,37.75076675415039,48.5619010925293,11.651657104492188,28.830989837646484,30.99834226505014,28.754047971716084,11.797919795825486,0.8571822019054507,0.9880129098892212,0.0,0.6530546930011982
2026-04-13 15:23:45,2449,258,1,v8_7_phase_2_2_radius_105_120_reward_grid,520,135.1133747852518,219,success,128.4086151123047,14.556730270385742,0.40629085898399353,39.06820297241211,48.5619010925293,10.341487884521484,27.26773452758789,32.028215263577586,19.742472258172388,-2.637073713065747,0.84778703499492,0.9744006395339966,0.0,4.72138645016065
2026-04-13 15:23:50,2449,259,1,v8_7_phase_2_2_radius_105_120_reward_grid,520,161.13059938817003,211,success,116.85856628417969,14.850386619567871,0.40629085898399353,35.402915954589844,48.5619010925293,14.01395034790039,11.044547080993652,32.352403362343075,-32.11985591167165,29.080954485771233,0.8447727551035679,0.942796528339386,0.0,2.0034890758512045
2026-04-13 15:23:54,2449,260,1,v8_7_phase_2_2_radius_105_120_reward_grid,520,165.72529994916297,207,success,119.33768463134766,14.866899490356445,0.40629085898399353,35.1513557434082,48.5619010925293,14.248634338378906,23.248779296875,19.09898818363444,18.849469420422828,-34.147930321545196,0.9449546905235086,0.9983561038970947,0.0,1.730768933133552
2026-04-13 15:23:59,2450,261,1,v8_7_phase_2_2_radius_105_120_reward_grid,520,139.08871061237707,214,success,124.70968627929688,14.992226600646973,0.40629085898399353,37.056365966796875,48.5619010925293,12.34457778930664,23.784351348876953,38.968182649025366,-0.2719624713395843,36.302219797091404,0.7774953142593324,0.9958375692367554,0.0,4.61656243569171
2026-04-13 15:24:04,2450,262,1,v8_7_phase_2_2_radius_105_120_reward_grid,520,140.6905504183488,209,success,119.0594482421875,14.875022888183594,0.40629085898399353,35.67525100708008,48.5619010925293,13.730880737304688,23.73826026916504,33.669540456982915,-33.365638020052366,43.26676561826748,0.8322489705675944,0.9812707304954529,0.0,4.4573956638846175
2026-04-13 15:24:09,2450,263,1,v8_7_phase_2_2_radius_105_120_reward_grid,520,163.17553787035718,208,success,120.24357604980469,14.756699562072754,0.40629085898399353,35.52849197387695,48.5619010925293,13.87502670288086,24.054216384887695,14.21856018201916,5.644065348937507,-10.606463304555755,0.9693658350687813,0.9852989912033081,0.0,1.228817685729409
2026-04-13 15:24:13,2450,264,1,v8_7_phase_2_2_radius_105_120_reward_grid,520,146.91244277166967,212,success,120.44392395019531,14.802080154418945,0.40629085898399353,36.364566802978516,48.5619010925293,13.038928985595703,25.593036651611328,21.704782191622467,-21.31646544673973,-5.899568211635698,0.9291017073886056,0.9917970895767212,0.0,5.665976254588997
2026-04-13 15:24:18,2450,265,1,v8_7_phase_2_2_radius_105_120_reward_grid,520,152.03052299426872,212,success,122.46615600585938,14.645727157592773,0.40629085898399353,36.679893493652344,48.5619010925293,12.72568130493164,26.831953048706055,22.39229537309761,17.21114609515772,10.651698793655102,0.9245972682085016,0.9793673753738403,0.0,3.5075750967669026
2026-04-13 15:24:23,2451,266,1,v8_7_phase_2_2_radius_105_120_reward_grid,520,-166.4998746404066,240,near_miss,124.75165557861328,8.770517349243164,0.40629085898399353,46.961570739746094,48.5619010925293,2.438140869140625,-11.746978759765625,76.9551881332109,-65.19466106177029,39.958676191893105,0.22571305453693488,0.9983472228050232,0.0,4.07095272988236
2026-04-13 15:24:29,2451,267,1,v8_7_phase_2_2_radius_105_120_reward_grid,520,-157.26964553679102,239,near_miss,129.03916931152344,6.865712642669678,0.40629085898399353,46.13960266113281,48.5619010925293,3.2704849243164062,-1.5389363765716553,76.62909441166697,-73.37685885723039,43.52481699529973,0.2312539045853355,0.9652536511421204,0.0,3.198801287147445
2026-04-13 15:24:33,2451,268,1,v8_7_phase_2_2_radius_105_120_reward_grid,520,129.7966163332193,217,success,124.51962280273438,13.186851501464844,0.40629085898399353,38.47105407714844,48.5619010925293,10.929916381835938,25.80144500732422,40.3241561992859,-40.11185001421981,43.53986731713585,0.7623955719789474,0.9938970804214478,0.0,3.4325034609059286
2026-04-13 15:24:38,2451,269,1,v8_7_phase_2_2_radius_105_120_reward_grid,520,159.81211312401857,208,success,118.33447265625,14.86444091796875,0.40629085898399353,35.04559326171875,48.5619010925293,13.925224304199219,21.06544303894043,26.471537062428517,15.833667694295396,-40.5643398014494,0.8951559097349306,0.9941021800041199,0.0,2.236381041830299
2026-04-13 15:24:42,2451,270,1,v8_7_phase_2_2_radius_105_120_reward_grid,520,169.56941542894373,206,success,116.68260192871094,14.913834571838379,0.40629085898399353,34.63982391357422,48.5619010925293,14.760406494140625,16.596969604492188,13.334576609068602,0.26019629655547377,41.9296160693595,0.9730398661581342,0.9959124326705933,0.0,0.7787417745303912
2026-04-13 15:24:47,2451,271,1,v8_7_phase_2_2_radius_105_120_reward_grid,520,142.351876606766,217,success,125.598388671875,14.847233772277832,0.40629085898399353,37.94382095336914,48.5619010925293,11.497692108154297,28.43024444580078,19.14819115886792,-17.677154534302055,15.101828292654163,0.9446733568027883,0.8867797255516052,0.0,4.251828524723048
2026-04-13 15:24:52,2452,272,1,v8_7_phase_2_2_radius_105_120_reward_grid,520,155.51411251528125,208,success,116.36861419677734,14.881979942321777,0.40629085898399353,35.177391052246094,48.5619010925293,14.226566314697266,18.220094680786133,10.050014623063985,-6.084376481990141,-4.757225476253412,0.9846557968845029,0.9908544421195984,0.0,3.8900946821039
2026-04-13 15:24:56,2452,273,1,v8_7_phase_2_2_radius_105_120_reward_grid,520,150.8749419335375,217,success,128.28240966796875,14.207240104675293,0.40629085898399353,38.435638427734375,48.5619010925293,10.965251922607422,27.378337860107422,40.26075496831526,19.129503761298764,22.964731819889085,0.7631111726580626,0.9920879006385803,0.0,0.9754250277031649
2026-04-13 15:25:00,2452,274,1,v8_7_phase_2_2_radius_105_120_reward_grid,520,142.69297458938593,207,success,117.46357727050781,14.786766052246094,0.40629085898399353,34.642024993896484,48.5619010925293,14.327484130859375,22.09278106689453,18.05323158019213,-1.9012514573647494,-37.62353013731413,0.9507690085894028,0.9973640441894531,0.0,5.392060228883016
2026-04-13 15:25:05,2452,275,1,v8_7_phase_2_2_radius_105_120_reward_grid,520,154.15578560051213,208,success,116.43360900878906,14.845047950744629,0.40629085898399353,35.239810943603516,48.5619010925293,14.179378509521484,19.506385803222656,30.402073580697195,-25.89075753956587,28.758504670149517,0.8624953548703624,0.9432972073554993,0.0,1.429405575421245
2026-04-13 15:25:09,2452,276,1,v8_7_phase_2_2_radius_105_120_reward_grid,520,163.7597887552006,208,success,117.98778533935547,14.736620903015137,0.40629085898399353,35.194725036621094,48.5619010925293,14.204761505126953,22.696903228759766,14.455127199017138,3.904398238088688,-16.9068270166878,0.9683434355839976,0.9980670213699341,0.0,2.858258847859464
2026-04-13 15:25:14,2452,277,1,v8_7_phase_2_2_radius_105_120_reward_grid,520,141.0399861216472,216,success,128.33262634277344,14.905505180358887,0.40629085898399353,37.84752655029297,48.5619010925293,11.565319061279297,28.794795989990234,27.461755690182162,28.032307004762714,8.30892768664145,0.8873188477336686,0.9648370742797852,0.0,4.863088849086983
2026-04-13 15:25:19,2453,278,1,v8_7_phase_2_2_radius_105_120_reward_grid,520,160.71997389135393,207,success,117.80883026123047,14.700553894042969,0.40629085898399353,35.1695671081543,48.5619010925293,14.235931396484375,19.867624282836914,24.251776808593146,11.45285693140915,-37.062283247930424,0.9117493062705674,0.982407808303833,0.0,1.5177229227249316
2026-04-13 15:25:24,2453,279,1,v8_7_phase_2_2_radius_105_120_reward_grid,520,146.78807088704679,209,success,117.93485260009766,14.79411792755127,0.40629085898399353,35.6699104309082,48.5619010925293,13.73077392578125,18.429302215576172,22.0031982791022,-2.910671240979182,22.131834646835635,0.9271629423946574,0.9983777403831482,0.0,5.4185084198393225
2026-04-13 15:25:28,2453,280,1,v8_7_phase_2_2_radius_105_120_reward_grid,520,147.5091364977327,216,success,125.91845703125,14.664552688598633,0.40629085898399353,38.02214813232422,48.5619010925293,11.38323974609375,27.795711517333984,30.054591121767384,-17.413608270082527,6.5025368846776,0.8655486133512404,0.9836663603782654,0.0,3.7399762295629437
2026-04-13 15:25:33,2453,281,1,v8_7_phase_2_2_radius_105_120_reward_grid,520,149.88913262523843,212,success,124.21025085449219,14.639155387878418,0.40629085898399353,36.547794342041016,48.5619010925293,12.854496002197266,25.909643173217773,28.186261176202095,21.038376002229956,20.175700911942542,0.881416738593311,0.9949676394462585,0.0,5.546982145030235
2026-04-13 15:25:38,2453,282,1,v8_7_phase_2_2_radius_105_120_reward_grid,520,141.40759566664244,221,success,128.43972778320312,14.582989692687988,0.40629085898399353,39.728694915771484,48.5619010925293,9.678722381591797,28.15917205810547,37.664770819522666,-28.548269739949234,-0.20970868546907664,0.7915993900701765,0.9824373722076416,0.0,6.223102981314313
2026-04-13 15:25:44,2454,283,1,v8_7_phase_2_2_radius_105_120_reward_grid,520,164.34407585538753,207,success,118.9053955078125,14.91627025604248,0.40629085898399353,34.56669235229492,48.5619010925293,14.842735290527344,18.244831085205078,17.959304526273407,14.956239395400756,30.588503594092693,0.951275761883373,0.9691370725631714,0.0,3.0301263068843185
2026-04-13 15:25:49,2454,284,1,v8_7_phase_2_2_radius_105_120_reward_grid,520,159.6656348836527,207,success,115.4063949584961,14.77049732208252,0.40629085898399353,34.83390426635742,48.5619010925293,14.568138122558594,11.798200607299805,14.561497150056331,-13.72328865114955,30.155756468659025,0.967878342954843,0.992046594619751,0.0,1.7550891646338131
2026-04-13 15:25:54,2454,285,1,v8_7_phase_2_2_radius_105_120_reward_grid,520,157.56216159526537,209,success,120.46428680419922,14.718550682067871,0.40629085898399353,35.69755172729492,48.5619010925293,13.70278549194336,24.98648452758789,22.098728719928584,17.85386177341404,-23.551762673389586,0.9265369783163568,0.9973230361938477,0.0,3.436614164289635
2026-04-13 15:25:59,2454,286,1,v8_7_phase_2_2_radius_105_120_reward_grid,520,143.96031084919315,212,success,122.50577545166016,14.82368278503418,0.40629085898399353,36.816890716552734,48.5619010925293,12.585647583007812,23.312875747680664,34.11329443226406,-3.4009910981439453,24.67577616924732,0.8279302263613804,0.9890520572662354,0.0,0.6719713923606
2026-04-13 15:26:04,2454,287,1,v8_7_phase_2_2_radius_105_120_reward_grid,520,-160.76474949252787,239,near_miss,127.47813415527344,7.024712562561035,0.40629085898399353,46.053497314453125,48.5619010925293,3.3619041442871094,7.356714725494385,77.88386846409001,-75.45411745931719,-38.13673689117054,0.20989384791255958,0.9494712352752686,0.0,3.007780786267128
2026-04-13 15:26:08,2454,288,1,v8_7_phase_2_2_radius_105_120_reward_grid,520,164.0281227157727,211,success,122.11922454833984,14.727249145507812,0.40629085898399353,36.300079345703125,48.5619010925293,13.103530883789062,25.908203125,17.42117270458832,2.1154436284154103,0.912450520750704,0.9541297578029977,0.9855046272277832,0.0,0.4793506045770146
2026-04-13 15:26:13,2455,289,1,v8_7_phase_2_2_radius_105_120_reward_grid,520,143.35475163743266,212,success,122.59375,14.679021835327148,0.40629085898399353,36.78564453125,48.5619010925293,12.622711181640625,25.863855361938477,17.458844612955524,-0.9119304658784311,1.1147621113486568,0.9539327007705809,0.973170280456543,0.0,3.8813694969550316
2026-04-13 15:26:22,2455,290,1,v8_7_phase_2_2_radius_105_120_reward_grid,520,-610.9591734290486,408,wrong_way,119.72276306152344,195.97317504882812,0.40629085898399353,79.66830444335938,48.5619010925293,-29.72130584716797,-53.44932174682617,130.06514768515342,134.19727552922774,-144.64008835504364,-0.6436582183843982,-0.46407443284988403,0.0,2.924907805496955
2026-04-13 15:26:27,2455,291,1,v8_7_phase_2_2_radius_105_120_reward_grid,520,146.8635303133083,216,success,121.2830810546875,14.679794311523438,0.40629085898399353,36.9901123046875,48.5619010925293,12.448162078857422,25.77347755432129,12.94093402418055,-14.478039068587947,11.816901745302598,0.9746014480770046,0.8938270807266235,0.0,1.5199259387483668
2026-04-13 15:26:32,2455,292,1,v8_7_phase_2_2_radius_105_120_reward_grid,520,148.22140172400876,212,success,121.69651794433594,14.94924545288086,0.40629085898399353,36.49875259399414,48.5619010925293,12.902957916259766,22.291122436523438,26.650832943235937,-22.28552585599197,-10.648976963270853,0.8937566321243666,0.9957278966903687,0.0,6.0227827426839555
2026-04-13 15:26:37,2455,293,1,v8_7_phase_2_2_radius_105_120_reward_grid,520,158.74147043290384,207,success,118.38043975830078,14.778398513793945,0.40629085898399353,34.88654708862305,48.5619010925293,14.516960144042969,20.465944290161133,18.019225775861926,16.81721834987182,42.52308779124732,0.9509527711472413,0.9919131994247437,0.0,6.132391144072752
2026-04-13 15:26:41,2456,294,1,v8_7_phase_2_2_radius_105_120_reward_grid,520,142.2049138381076,209,success,119.70233154296875,14.744681358337402,0.40629085898399353,35.734004974365234,48.5619010925293,13.66897964477539,20.456369400024414,29.346112674634885,-16.095450062161767,-43.62318537972625,0.8716751262353643,0.9917815923690796,0.0,5.602237597165551
2026-04-13 15:26:45,2456,295,1,v8_7_phase_2_2_radius_105_120_reward_grid,520,154.69782720276405,207,success,118.298828125,14.914058685302734,0.40629085898399353,34.832759857177734,48.5619010925293,14.576000213623047,18.44318199157715,25.70492004508087,-23.043564155742082,-40.66747907301118,0.9010397792667599,0.9712039232254028,0.0,1.5468063424834861
2026-04-13 15:26:48,2456,296,1,v8_7_phase_2_2_radius_105_120_reward_grid,520,164.6602378950393,210,success,120.40937805175781,14.802919387817383,0.40629085898399353,35.46469497680664,48.5619010925293,13.93796157836914,17.426054000854492,26.493279262103957,8.724742773122657,36.560950777946076,0.8949866940044442,0.9907930493354797,0.0,1.8383349156329316
2026-04-13 15:26:52,2456,297,1,v8_7_phase_2_2_radius_105_120_reward_grid,520,-165.85935924447136,247,near_miss,129.12548828125,2.622122287750244,0.40629085898399353,49.272247314453125,48.5619010925293,0.13015365600585938,-9.954859733581543,85.3197588096995,88.95009997620966,18.193325590258258,0.08159480709731007,0.9940369129180908,0.0,4.595103671693178
2026-04-13 15:26:56,2456,298,1,v8_7_phase_2_2_radius_105_120_reward_grid,520,139.62725100173697,228,success,128.83468627929688,8.073368072509766,0.40629085898399353,42.262062072753906,48.5619010925293,7.1520538330078125,27.109865188598633,39.64227109368685,40.03134257447287,-32.064193285030626,0.7700427609756447,0.9600132703781128,0.0,1.5959264222140614
2026-04-13 15:27:00,2457,299,1,v8_7_phase_2_2_radius_105_120_reward_grid,520,145.63579634329122,213,success,124.21683502197266,14.711047172546387,0.40629085898399353,36.97767639160156,48.5619010925293,12.426307678222656,27.0855655670166,35.352389785447336,9.121346245015909,25.865619028325636,0.8156088708433697,0.9881821274757385,0.0,2.945884631326509
2026-04-13 15:27:04,2457,300,1,v8_7_phase_2_2_radius_105_120_reward_grid,520,149.80878350791104,210,success,120.95574951171875,14.620344161987305,0.40629085898399353,35.431583404541016,48.5619010925293,13.980998992919922,18.764387130737305,31.80462902109722,-9.106491437344777,-37.961095161569084,0.8498501165800703,0.9621772766113281,0.0,1.362158941766958
2026-04-13 15:27:08,2457,301,1,v8_7_phase_2_2_radius_105_120_reward_grid,520,132.8309370016484,221,success,126.25531005859375,11.84556770324707,0.40629085898399353,39.649169921875,48.5619010925293,9.753131866455078,27.593271255493164,39.41398568105752,-37.48704246712976,-32.062905794372085,0.7725786151827737,0.9920456409454346,0.0,2.4765864049330477
2026-04-13 15:27:11,2457,302,1,v8_7_phase_2_2_radius_105_120_reward_grid,520,148.7573391578577,208,success,116.32652282714844,14.631307601928711,0.40629085898399353,35.396766662597656,48.5619010925293,14.003654479980469,20.34814453125,17.21607407664388,-12.856270414323657,23.1834105714508,0.9551953649494673,0.9987341165542603,0.0,4.674260694532152
2026-04-13 15:27:15,2457,303,1,v8_7_phase_2_2_radius_105_120_reward_grid,520,168.34756885318794,207,success,115.95509338378906,14.750100135803223,0.40629085898399353,34.871307373046875,48.5619010925293,14.528690338134766,20.46697998046875,5.647015990658952,-0.9803861435565896,-7.058491231228189,0.9951469899683367,0.9951947927474976,0.0,1.9437325905485412
2026-04-13 15:27:18,2457,304,1,v8_7_phase_2_2_radius_105_120_reward_grid,520,145.68800092744192,214,success,125.24292755126953,14.94958209991455,0.40629085898399353,37.4542121887207,48.5619010925293,11.958183288574219,28.58706283569336,23.996585573275837,16.660999970722578,6.2212381050315635,0.913569694672493,0.9659091234207153,0.0,2.5523763038795786
2026-04-13 15:27:22,2458,305,1,v8_7_phase_2_2_radius_105_120_reward_grid,520,162.35068646678454,209,success,117.77403259277344,14.970381736755371,0.40629085898399353,35.59429931640625,48.5619010925293,13.816375732421875,15.111859321594238,29.028443991432177,-17.24610641842443,-25.09969698272604,0.874378919853002,0.9666848182678223,0.0,1.715663119496828
2026-04-13 15:27:26,2458,306,1,v8_7_phase_2_2_radius_105_120_reward_grid,520,171.04553884241423,208,success,116.8786849975586,14.79758071899414,0.40629085898399353,34.814266204833984,48.5619010925293,14.590835571289062,11.630022048950195,3.522366974789657,0.7252374368390346,4.933345319096776,0.998110890400041,0.9834003448486328,0.0,3.2453784662826948
2026-04-13 15:27:29,2458,307,1,v8_7_phase_2_2_radius_105_120_reward_grid,520,160.4470893141435,206,success,115.33091735839844,14.849778175354004,0.40629085898399353,34.5850944519043,48.5619010925293,14.816917419433594,14.842473030090332,4.64000534283083,-2.9112091183763207,-13.700166753261765,0.9967226385969508,0.9951577186584473,0.0,2.7714142224315315
2026-04-13 15:27:33,2458,308,1,v8_7_phase_2_2_radius_105_120_reward_grid,520,140.90635608054043,213,success,123.63882446289062,14.556598663330078,0.40629085898399353,36.95676040649414,48.5619010925293,12.4530029296875,25.12845230102539,40.35099542762947,-28.50818335971043,33.14690804207188,0.7620923601345053,0.97740638256073,0.0,3.934660396854224
2026-04-13 15:27:36,2458,309,1,v8_7_phase_2_2_radius_105_120_reward_grid,520,154.33216208429977,209,success,121.20779418945312,14.751429557800293,0.40629085898399353,35.74043273925781,48.5619010925293,13.659847259521484,24.6959171295166,28.31554641190668,-2.3505199566270316,-42.066110569733034,0.8803486838652544,0.9940775632858276,0.0,1.731625672025952
2026-04-13 15:27:40,2459,310,1,v8_7_phase_2_2_radius_105_120_reward_grid,520,149.95442603175894,210,success,116.08545684814453,14.85360050201416,0.40629085898399353,35.92832946777344,48.5619010925293,13.476951599121094,16.879554748535156,22.997750661884222,-22.99311808607966,-17.079292708325205,0.9205201922048727,0.9858235716819763,0.0,3.1296834819640305
2026-04-13 15:27:44,2459,311,1,v8_7_phase_2_2_radius_105_120_reward_grid,520,143.52849580075963,221,success,127.021240234375,10.78460693359375,0.40629085898399353,39.08762741088867,48.5619010925293,10.345531463623047,21.775171279907227,40.502372910204464,29.54898636845719,-62.761488132223285,0.7603790679946927,0.9073712825775146,0.0,3.90166621514454
2026-04-13 15:27:48,2459,312,1,v8_7_phase_2_2_radius_105_120_reward_grid,520,146.55478395420013,217,success,125.22200012207031,14.939136505126953,0.40629085898399353,38.42265701293945,48.5619010925293,10.987678527832031,26.616924285888672,29.40435711278217,-26.04847002259605,4.733233583020096,0.8711764773519753,0.9689178466796875,0.0,3.324525182001414
2026-04-13 15:27:51,2459,313,1,v8_7_phase_2_2_radius_105_120_reward_grid,520,171.7052846682088,208,success,116.4943618774414,14.8260498046875,0.40629085898399353,34.97114181518555,48.5619010925293,14.43777084350586,10.066021919250488,8.97213649372875,0.4969282786301621,-9.816832818573397,0.9877642994323593,0.9714321494102478,0.0,0.8223394032191309
2026-04-13 15:27:54,2459,314,1,v8_7_phase_2_2_radius_105_120_reward_grid,520,147.7773345892501,208,success,117.2718276977539,14.56893253326416,0.40629085898399353,35.361907958984375,48.5619010925293,14.040233612060547,22.030614852905273,15.558373504703448,0.2914124221769741,-20.311216987717472,0.9633576880536726,0.9957513809204102,0.0,4.34485700822291
2026-04-13 15:27:58,2459,315,1,v8_7_phase_2_2_radius_105_120_reward_grid,520,159.81884362509504,208,success,116.5575180053711,14.904206275939941,0.40629085898399353,35.13800048828125,48.5619010925293,14.276893615722656,21.95299530029297,13.154736874448519,-4.102362306558222,-11.347735197440775,0.9737589940905477,0.952363133430481,0.0,3.3550794382123903
2026-04-13 15:28:02,2460,316,1,v8_7_phase_2_2_radius_105_120_reward_grid,520,142.2047557864276,210,success,122.01866149902344,14.914139747619629,0.40629085898399353,35.88584899902344,48.5619010925293,13.515998840332031,25.127864837646484,28.357543537565796,7.791779913633935,-32.29709249044431,0.8800007712766539,0.9963141679763794,0.0,4.755366797319989
2026-04-13 15:28:05,2460,317,1,v8_7_phase_2_2_radius_105_120_reward_grid,520,174.07824463042832,207,success,118.38711547851562,14.930227279663086,0.40629085898399353,34.61941146850586,48.5619010925293,14.79727554321289,12.9180326461792,23.614142791079313,-23.712946600065425,29.230580024824118,0.9162638801841559,0.9432836174964905,0.0,0.721299185355123
2026-04-13 15:28:09,2460,318,1,v8_7_phase_2_2_radius_105_120_reward_grid,520,155.3426718337279,210,success,118.77908325195312,14.689455032348633,0.40629085898399353,35.993221282958984,48.5619010925293,13.421783447265625,16.83489990234375,32.51759148741983,-3.997235023061147,-26.480105534742297,0.8432264393001034,0.9578962922096252,0.0,4.238714574265157
2026-04-13 15:28:12,2460,319,1,v8_7_phase_2_2_radius_105_120_reward_grid,520,177.22369983508406,207,success,117.07118225097656,14.881857872009277,0.40629085898399353,34.56309509277344,48.5619010925293,14.844707489013672,15.188822746276855,9.15708094097977,5.1211665566488405,-0.2128920338699786,0.9872557517341414,0.9735561013221741,0.0,2.780940578558054
2026-04-13 15:28:16,2460,320,1,v8_7_phase_2_2_radius_105_120_reward_grid,520,132.9609727757702,218,success,129.20904541015625,14.538958549499512,0.40629085898399353,38.74496078491211,48.5619010925293,10.660152435302734,30.180831909179688,39.34830316690409,36.19479116673086,-15.49859739663479,0.7733059634908999,0.9883214831352234,0.0,3.9461209646050857
2026-04-13 15:28:20,2460,321,1,v8_7_phase_2_2_radius_105_120_reward_grid,520,-155.49298203311992,244,near_miss,126.8966293334961,4.275167942047119,0.40629085898399353,47.72834014892578,48.5619010925293,1.6797370910644531,-7.22165060043335,76.27619219763076,76.70273068110889,36.0119743234063,0.23724182810789862,0.9800810813903809,0.0,2.892729676934197
2026-04-13 15:28:24,2461,322,1,v8_7_phase_2_2_radius_105_120_reward_grid,520,151.33352113922368,209,success,123.31392669677734,14.951712608337402,0.40629085898399353,35.605194091796875,48.5619010925293,13.80301284790039,25.070125579833984,34.406760340142824,33.928298758594266,37.91509383750905,0.8250468319686001,0.9750535488128662,0.0,3.547221040833743
2026-04-13 15:28:28,2461,323,1,v8_7_phase_2_2_radius_105_120_reward_grid,520,145.94374449782467,214,success,126.58028411865234,14.83683967590332,0.40629085898399353,37.41053771972656,48.5619010925293,11.995670318603516,28.259586334228516,27.436157848720246,24.58471608723271,-9.507631008620566,0.8875247884740055,0.9779199957847595,0.0,1.5037357551853097
2026-04-13 15:28:32,2461,324,1,v8_7_phase_2_2_radius_105_120_reward_grid,520,143.0019288337095,210,success,117.50471496582031,14.714577674865723,0.40629085898399353,36.03384780883789,48.5619010925293,13.36850357055664,20.175790786743164,28.61760299021403,-28.31575644022366,31.317250627587203,0.8778358654284288,0.9943684935569763,0.0,6.216299754007384
2026-04-13 15:28:36,2461,325,1,v8_7_phase_2_2_radius_105_120_reward_grid,520,133.85637485231786,216,success,127.58963012695312,14.569125175476074,0.40629085898399353,37.83109664916992,48.5619010925293,11.572895050048828,27.836973190307617,37.024826490522074,-14.671038016417704,-20.465295810109204,0.7983746662250146,0.9892210960388184,0.0,4.739786122770375
2026-04-13 15:28:39,2461,326,1,v8_7_phase_2_2_radius_105_120_reward_grid,520,145.3733088150526,208,success,117.4313735961914,14.986010551452637,0.40629085898399353,35.35236740112305,48.5619010925293,14.052978515625,18.43256187438965,12.95224481744609,8.247669427522899,-6.770816469991946,0.9745572196851822,0.9877030253410339,0.0,6.323763876021351
2026-04-13 15:28:43,2462,327,1,v8_7_phase_2_2_radius_105_120_reward_grid,520,150.84016914909844,211,success,122.91139221191406,14.754343032836914,0.40629085898399353,36.4334716796875,48.5619010925293,12.969673156738281,25.9497127532959,35.67311497830362,32.001154054085994,-38.27400320292029,0.812357253776061,0.9905329346656799,0.0,2.2981247951888744
2026-04-13 15:28:47,2462,328,1,v8_7_phase_2_2_radius_105_120_reward_grid,520,163.4511657783895,209,success,116.64784240722656,14.90125846862793,0.40629085898399353,35.452369689941406,48.5619010925293,13.966224670410156,20.772062301635742,12.496070143159278,-5.657106741384,-9.463637760176514,0.9763108501873684,0.9496151804924011,0.0,4.533523118953798
2026-04-13 15:28:50,2462,329,1,v8_7_phase_2_2_radius_105_120_reward_grid,520,153.03398906207468,213,success,119.79994201660156,14.794328689575195,0.40629085898399353,36.84832000732422,48.5619010925293,12.555778503417969,23.91416358947754,23.356619046160446,-21.422335086422223,-5.536024989759422,0.9180550593418914,0.9862123131752014,0.0,1.041508861496968
2026-04-13 15:28:54,2462,330,1,v8_7_phase_2_2_radius_105_120_reward_grid,520,161.96618658814683,210,success,120.15727996826172,14.766057968139648,0.40629085898399353,35.97651290893555,48.5619010925293,13.423572540283203,23.48821258544922,20.548349202869268,-9.28361873309072,-0.6084733786261097,0.9363763323146778,0.9974693059921265,0.0,3.2380106591547895
2026-04-13 15:28:57,2462,331,1,v8_7_phase_2_2_radius_105_120_reward_grid,520,146.23468758662494,208,success,118.7031478881836,14.751533508300781,0.40629085898399353,35.214271545410156,48.5619010925293,14.186031341552734,22.532115936279297,13.995637321661931,-2.306644315502751,9.240229956388212,0.9703141441465823,0.9990465641021729,0.0,7.124479228685012
2026-04-13 15:29:01,2462,332,1,v8_7_phase_2_2_radius_105_120_reward_grid,520,160.31032067421822,209,success,122.97284698486328,14.680841445922852,0.40629085898399353,35.437255859375,48.5619010925293,13.965286254882812,23.700252532958984,25.525383400105206,25.53731574058522,39.164516436717385,0.9023944690726166,0.9902005791664124,0.0,0.908606821742796
2026-04-13 15:29:05,2463,333,1,v8_7_phase_2_2_radius_105_120_reward_grid,520,141.86488019263493,215,success,127.70042419433594,14.605571746826172,0.40629085898399353,37.6268424987793,48.5619010925293,11.773544311523438,28.123226165771484,33.70283079899756,33.050476016275056,12.41075851910488,0.8319267080479701,0.9973310232162476,0.0,4.790831007744323
2026-04-13 15:29:09,2463,334,1,v8_7_phase_2_2_radius_105_120_reward_grid,520,150.87482659539617,209,success,121.32398223876953,14.593160629272461,0.40629085898399353,35.43456268310547,48.5619010925293,13.969959259033203,23.063627243041992,17.94752586504972,18.12563670803614,-20.38095834178518,0.9513391295047422,0.9864843487739563,0.0,3.7514718912349876
2026-04-13 15:29:12,2463,335,1,v8_7_phase_2_2_radius_105_120_reward_grid,520,180.34481494688686,207,success,116.69356536865234,14.68096923828125,0.40629085898399353,35.03337860107422,48.5619010925293,14.370231628417969,15.436573028564453,5.655131536053396,-4.247361673108892,-7.190893167628417,0.9951330423816638,0.9829850792884827,0.0,0.3829644244399641
2026-04-13 15:29:16,2463,336,1,v8_7_phase_2_2_radius_105_120_reward_grid,520,159.62241333272286,211,success,118.55294036865234,14.522446632385254,0.40629085898399353,36.07915496826172,48.5619010925293,13.32693862915039,23.824596405029297,22.8274296496462,-3.7172583119063316,18.253038519077094,0.9216775276345979,0.977924644947052,0.0,3.3600015332028113
2026-04-13 15:29:19,2463,337,1,v8_7_phase_2_2_radius_105_120_reward_grid,520,164.77689818361054,206,success,116.22305297851562,14.815860748291016,0.40629085898399353,34.69993591308594,48.5619010925293,14.70010757446289,17.67824363708496,6.515898015354614,-1.0629364501955985,16.206980221118908,0.9935404066261081,0.9991174936294556,0.0,2.7676388540841095
2026-04-13 15:29:23,2463,338,1,v8_7_phase_2_2_radius_105_120_reward_grid,520,-157.0411532322371,237,near_miss,126.3007583618164,8.57327938079834,0.40629085898399353,45.476158142089844,48.5619010925293,3.9485702514648438,-5.815285682678223,77.4199961666086,-66.15731475358106,-38.608081415603955,0.2178026341980851,0.9263391494750977,0.0,1.7252418967761871
2026-04-13 15:29:27,2464,339,1,v8_7_phase_2_2_radius_105_120_reward_grid,520,176.97830452640773,212,success,116.3258056640625,14.957733154296875,0.40629085898399353,35.752479553222656,48.5619010925293,13.665233612060547,4.146563529968262,17.854075216825603,-16.900521044536585,-12.239376266224566,0.9518404563864626,0.9435132145881653,0.0,2.7027638657859763
2026-04-13 15:29:31,2464,340,1,v8_7_phase_2_2_radius_105_120_reward_grid,520,171.22691473208712,208,success,123.30953216552734,14.63685417175293,0.40629085898399353,34.91730880737305,48.5619010925293,14.485240936279297,20.08344268798828,15.345969989441684,9.647280202617,-32.325557303810335,0.9643453953732924,0.9883960485458374,0.0,1.1603607320686677
2026-04-13 15:29:34,2464,341,1,v8_7_phase_2_2_radius_105_120_reward_grid,520,147.76069330804916,212,success,124.89694213867188,14.91303539276123,0.40629085898399353,36.57387161254883,48.5619010925293,12.827930450439453,27.50720977783203,24.271408479815054,16.945043632641315,-5.360918149347335,0.9116085154666382,0.9925499558448792,0.0,4.15082309737233
2026-04-13 15:29:38,2464,342,1,v8_7_phase_2_2_radius_105_120_reward_grid,520,158.1525486045983,206,success,116.80760192871094,14.847333908081055,0.40629085898399353,34.73082733154297,48.5619010925293,14.669136047363281,19.70856285095215,6.855636320426103,6.748896258511259,8.679747194417905,0.9928500653534672,0.9989085793495178,0.0,4.876380408766419
2026-04-13 15:29:42,2464,343,1,v8_7_phase_2_2_radius_105_120_reward_grid,520,149.66595355640146,209,success,122.28839874267578,14.805583953857422,0.40629085898399353,35.5665168762207,48.5619010925293,13.83294677734375,23.994338989257812,20.468065451817647,15.153170824645148,16.696115680792907,0.9368672363885009,0.9998100399971008,0.0,4.587021469803529
2026-04-13 15:29:46,2465,344,1,v8_7_phase_2_2_radius_105_120_reward_grid,520,147.01948291268172,212,success,122.36174774169922,14.764915466308594,0.40629085898399353,36.78919219970703,48.5619010925293,12.616294860839844,24.773479461669922,22.689198573676187,-19.813514763276984,6.5295447333163,0.922610824244347,0.9847419857978821,0.0,4.076460625440823
2026-04-13 15:29:51,2465,345,1,v8_7_phase_2_2_radius_105_120_reward_grid,520,142.71431507204923,219,success,128.8218994140625,13.086708068847656,0.40629085898399353,39.08572006225586,48.5619010925293,10.32022476196289,29.03605842590332,40.28429521528971,2.789936334898394,-23.21736002672035,0.7628455862523811,0.975861668586731,0.0,2.3254283592976313
2026-04-13 15:29:56,2465,346,1,v8_7_phase_2_2_radius_105_120_reward_grid,520,142.01840007325484,210,success,120.52286529541016,14.941789627075195,0.40629085898399353,36.08349609375,48.5619010925293,13.31814956665039,22.0747127532959,22.262064156192977,-10.892889848721177,-6.98878658942727,0.9254607555333821,0.9954426288604736,0.0,5.581756041604809
2026-04-13 15:30:00,2465,347,1,v8_7_phase_2_2_radius_105_120_reward_grid,520,145.15031374785602,209,success,119.27206420898438,14.770369529724121,0.40629085898399353,35.7699089050293,48.5619010925293,13.629837036132812,23.019428253173828,24.178282265576517,0.3280534522271835,36.11138431168125,0.9122754303184479,0.9994876384735107,0.0,3.0072963168017406
2026-04-13 15:30:04,2465,348,1,v8_7_phase_2_2_radius_105_120_reward_grid,520,159.0163169540858,208,success,115.29975128173828,14.84435749053955,0.40629085898399353,35.24127960205078,48.5619010925293,14.173133850097656,20.753995895385742,11.855359979198,-5.025819250269578,-9.942241921924001,0.9786693449421806,0.9510620832443237,0.0,2.1334793678340658
2026-04-13 15:30:08,2465,349,1,v8_7_phase_2_2_radius_105_120_reward_grid,520,146.38523151087736,218,success,125.00353240966797,14.916116714477539,0.40629085898399353,38.18466567993164,48.5619010925293,11.215003967285156,27.29292106628418,39.80938191701497,-24.774103572538824,7.066310944054208,0.7681786983124784,0.9995906352996826,0.0,5.270169774732171
2026-04-13 15:30:13,2466,350,1,v8_7_phase_2_2_radius_105_120_reward_grid,520,153.41068003816878,209,success,120.00668334960938,14.582321166992188,0.40629085898399353,35.75223922729492,48.5619010925293,13.658775329589844,23.443586349487305,24.006794998537714,-12.787329046162485,-20.829513940052845,0.9134972142465977,0.9636385440826416,0.0,3.5432604505403424
2026-04-13 15:30:18,2466,351,1,v8_7_phase_2_2_radius_105_120_reward_grid,520,135.60911379088876,217,success,128.16915893554688,14.159894943237305,0.40629085898399353,38.232177734375,48.5619010925293,11.170978546142578,28.438295364379883,40.34344806859661,0.08392937119122329,-25.92137386252045,0.7621776421068256,0.9909048676490784,0.0,2.3605453245455195
2026-04-13 15:30:23,2466,352,1,v8_7_phase_2_2_radius_105_120_reward_grid,520,165.09916788100108,207,success,116.70062255859375,14.698116302490234,0.40629085898399353,34.7385139465332,48.5619010925293,14.665355682373047,17.786022186279297,13.546809369601116,0.9194099499064181,-43.326280471600384,0.9721788762757383,0.9855871796607971,0.0,3.386293376197679
2026-04-13 15:30:27,2466,353,1,v8_7_phase_2_2_radius_105_120_reward_grid,520,166.59224333680618,210,success,121.94770050048828,14.71905517578125,0.40629085898399353,35.79063034057617,48.5619010925293,13.615943908691406,21.6951904296875,17.947503666934914,18.23277676290425,13.540313859700433,0.9513392488896737,0.9751328825950623,0.0,2.7513855528768496
2026-04-13 15:30:31,2466,354,1,v8_7_phase_2_2_radius_105_120_reward_grid,520,152.50104739450182,209,success,116.65992736816406,14.85982894897461,0.40629085898399353,35.145294189453125,48.5619010925293,14.259197235107422,21.552072525024414,10.190493685044578,-5.5407548957596555,9.13573659982348,0.9842249757020557,0.9849315881729126,0.0,3.282049467491623
2026-04-13 15:30:36,2466,355,1,v8_7_phase_2_2_radius_105_120_reward_grid,520,172.25892506880547,206,success,116.71407318115234,14.764205932617188,0.40629085898399353,34.68569564819336,48.5619010925293,14.718212127685547,16.447317123413086,12.155245411122934,-12.131266324494312,23.74004366805016,0.9775806650426577,0.981930136680603,0.0,1.3177741696138399
2026-04-13 15:30:41,2467,356,1,v8_7_phase_2_2_radius_105_120_reward_grid,520,135.82737665101348,220,success,129.2858428955078,14.703730583190918,0.40629085898399353,39.35053634643555,48.5619010925293,10.06277847290039,29.462499618530273,35.241737305798544,-4.825397594359309,9.183768197614302,0.816724777480932,0.9628587365150452,0.0,4.616087208391144
2026-04-13 15:30:45,2467,357,1,v8_7_phase_2_2_radius_105_120_reward_grid,520,155.82711652716432,210,success,123.4086685180664,14.899083137512207,0.40629085898399353,35.54520034790039,48.5619010925293,13.854896545410156,22.050127029418945,20.760373642632096,14.32935438809323,17.739309255749173,0.9350710484718922,0.9985159039497375,0.0,2.8739517294221995
2026-04-13 15:30:49,2467,358,1,v8_7_phase_2_2_radius_105_120_reward_grid,520,140.3628393345188,211,success,122.52705383300781,14.914365768432617,0.40629085898399353,36.41639709472656,48.5619010925293,12.983856201171875,24.920711517333984,30.506059795716055,-21.39065325395712,-26.100060148944447,0.8615754766461569,0.9981728196144104,0.0,5.153644799319573
2026-04-13 15:30:54,2467,359,1,v8_7_phase_2_2_radius_105_120_reward_grid,520,152.91913984276198,207,success,117.54595947265625,14.79517936706543,0.40629085898399353,35.08713150024414,48.5619010925293,14.315563201904297,22.067123413085938,18.631840810446004,-11.821534321107158,-28.637166359544242,0.9475910093745693,0.9925503730773926,0.0,5.301284630366745
2026-04-13 15:30:58,2467,360,1,v8_7_phase_2_2_radius_105_120_reward_grid,520,146.43664649121524,215,success,122.76298522949219,14.951115608215332,0.40629085898399353,36.564327239990234,48.5619010925293,12.900440216064453,26.630569458007812,31.409970445570128,-11.468051540991489,57.744994224604895,0.8534601197653782,0.8175047636032104,0.0,3.720792198113911
2026-04-13 15:31:03,2468,361,1,v8_7_phase_2_2_radius_105_120_reward_grid,520,169.74782285499964,208,success,116.41959381103516,14.94787311553955,0.40629085898399353,35.31831741333008,48.5619010925293,14.083812713623047,16.1072940826416,19.001021072821654,-1.555699700814228,-18.356888130312555,0.9455127734721873,0.9875919818878174,0.0,0.4331362817969098
2026-04-13 15:31:07,2468,362,1,v8_7_phase_2_2_radius_105_120_reward_grid,520,166.95175268035587,211,success,125.269287109375,14.861775398254395,0.40629085898399353,34.834877014160156,48.5619010925293,14.592815399169922,14.408562660217285,34.816551199776086,-16.81647556679958,-60.45101272092639,0.8209843111733439,0.9118168950080872,0.0,2.0536372677322667
2026-04-13 15:31:11,2468,363,1,v8_7_phase_2_2_radius_105_120_reward_grid,520,144.56451246677528,214,success,124.14656829833984,14.906344413757324,0.40629085898399353,37.25568771362305,48.5619010925293,12.150527954101562,28.119430541992188,26.56476231441002,-9.55359818173475,6.306116865847312,0.8944294456626878,0.9844861030578613,0.0,5.577677520882337
2026-04-13 15:31:16,2468,364,1,v8_7_phase_2_2_radius_105_120_reward_grid,520,-158.15470880336204,237,near_miss,127.54146575927734,6.552116394042969,0.40629085898399353,45.547698974609375,48.5619010925293,3.8834877014160156,-1.6968237161636353,77.81093570413262,-76.56593565241187,66.7116733971868,0.2111382390579261,0.904811680316925,0.0,3.1210373123984754
2026-04-13 15:31:20,2468,365,1,v8_7_phase_2_2_radius_105_120_reward_grid,520,137.9734338953159,212,success,122.11906433105469,14.781771659851074,0.40629085898399353,36.72697448730469,48.5619010925293,12.672298431396484,26.46411895751953,32.56105198110862,-30.83993993291379,-44.86249929896297,0.842818443180177,0.9996221661567688,0.0,0.9276013653823276
2026-04-13 15:31:24,2468,366,1,v8_7_phase_2_2_radius_105_120_reward_grid,520,150.5727404218314,209,success,119.5438461303711,14.995465278625488,0.40629085898399353,35.402130126953125,48.5619010925293,13.570873260498047,23.870420455932617,29.31958080480397,-0.3426407085819209,-27.030598291277816,0.8719019752946461,0.9869625568389893,0.0,4.736855382693524
2026-04-13 15:31:29,2469,367,1,v8_7_phase_2_2_radius_105_120_reward_grid,520,145.75046589478785,209,success,119.0365219116211,14.653613090515137,0.40629085898399353,35.76459884643555,48.5619010925293,13.637447357177734,24.31310272216797,25.12535800343778,-16.573786992757977,-26.637862414002083,0.9053809678699551,0.989234209060669,0.0,0.5315013820649156
2026-04-13 15:31:34,2469,368,1,v8_7_phase_2_2_radius_105_120_reward_grid,520,153.18457219583337,212,success,123.1355209350586,14.57949447631836,0.40629085898399353,35.78083038330078,48.5619010925293,13.636409759521484,23.254501342773438,8.64377002673851,-0.3134116077199389,6.267646252234038,0.988641857847163,0.9494599103927612,0.0,3.9732768710414215
2026-04-13 15:31:39,2469,369,1,v8_7_phase_2_2_radius_105_120_reward_grid,520,-166.16675352885943,228,near_miss,124.45387268066406,17.2940616607666,0.40629085898399353,40.854820251464844,48.5619010925293,8.573486328125,12.004716873168945,75.61220901784631,-78.43145156003911,-45.49657649546652,0.24848348849805255,0.9132031202316284,0.0,3.2604268412607214
2026-04-13 15:31:43,2469,370,1,v8_7_phase_2_2_radius_105_120_reward_grid,520,140.397527644114,217,success,128.12184143066406,14.702733039855957,0.40629085898399353,38.29186248779297,48.5619010925293,11.10940933227539,29.022951126098633,35.25007013658596,9.927927552970946,-7.17988887910188,0.8166408486693573,0.9933677911758423,0.0,1.5614377208162187
2026-04-13 15:31:48,2469,371,1,v8_7_phase_2_2_radius_105_120_reward_grid,520,156.97456786746739,208,success,118.30281066894531,14.704404830932617,0.40629085898399353,35.31230926513672,48.5619010925293,14.091289520263672,22.047040939331055,10.016887351815777,3.1954918369160064,-7.855126503091218,0.984756529192055,0.9875070452690125,0.0,4.133603489995592
2026-04-13 15:31:53,2470,372,1,v8_7_phase_2_2_radius_105_120_reward_grid,520,123.279520228923,240,success,128.64976501464844,5.092341899871826,0.40629085898399353,44.60639572143555,48.5619010925293,4.814094543457031,22.297883987426758,38.2791941466895,-20.575885110508175,-40.329183218515034,0.7850013795452404,0.9350655674934387,0.0,3.1980968844749276
2026-04-13 15:31:58,2470,373,1,v8_7_phase_2_2_radius_105_120_reward_grid,520,151.33032131451475,210,success,119.90319061279297,14.768105506896973,0.40629085898399353,34.82403564453125,48.5619010925293,14.596382141113281,19.184877395629883,19.08338803157013,-3.5312496358052585,-19.111135675073307,0.9450437438845314,0.9428680539131165,0.0,3.7692427169626512
2026-04-13 15:32:02,2470,374,1,v8_7_phase_2_2_radius_105_120_reward_grid,520,150.79121323383103,206,success,116.3301773071289,14.882594108581543,0.40629085898399353,34.749141693115234,48.5619010925293,14.653182983398438,18.17046356201172,9.300158889939551,8.764682304294306,-16.342429702549428,0.986855268250957,0.9946763515472412,0.0,5.809693833722655
2026-04-13 15:32:07,2470,375,1,v8_7_phase_2_2_radius_105_120_reward_grid,520,132.43462738633815,218,success,127.6693115234375,14.140725135803223,0.40629085898399353,38.7370491027832,48.5619010925293,10.665218353271484,27.557146072387695,39.837447164314554,-6.299522318203665,-18.668843360274547,0.7678649989953594,0.9949130415916443,0.0,5.399523145779891
2026-04-13 15:32:11,2470,376,1,v8_7_phase_2_2_radius_105_120_reward_grid,520,150.66263628380176,211,success,121.22624969482422,14.649307250976562,0.40629085898399353,36.492515563964844,48.5619010925293,12.911178588867188,26.30290985107422,25.897577483452128,-26.17915715462778,16.829113124311395,0.8995762465194584,0.9849608540534973,0.0,0.5816322395899016
2026-04-13 15:32:15,2470,377,1,v8_7_phase_2_2_radius_105_120_reward_grid,520,154.01184832482474,207,success,117.31193542480469,14.787321090698242,0.40629085898399353,35.03615188598633,48.5619010925293,14.363555908203125,18.491559982299805,16.73211590036075,-9.166732852050645,30.586953141151103,0.9576612707077756,0.9966394901275635,0.0,0.05645280708083762
2026-04-13 15:32:21,2471,378,1,v8_7_phase_2_2_radius_105_120_reward_grid,520,144.35985099454987,210,success,118.99201202392578,14.744881629943848,0.40629085898399353,35.932579040527344,48.5619010925293,13.474052429199219,24.21201515197754,28.557644174585075,-15.982137223831256,26.083353506234598,0.878336607782984,0.9819750189781189,0.0,4.771068412788708
2026-04-13 15:32:25,2471,379,1,v8_7_phase_2_2_radius_105_120_reward_grid,520,-280.64360214919947,223,near_miss,128.5328369140625,17.84914779663086,0.40629085898399353,40.866947174072266,48.5619010925293,8.656326293945312,16.616764068603516,110.2247663727762,-109.70158754273157,171.534245079914,-0.34570383479315436,0.6470611095428467,0.0,1.2515265625704464
2026-04-13 15:32:31,2471,380,1,v8_7_phase_2_2_radius_105_120_reward_grid,520,-178.47856950512073,263,near_miss,124.69535064697266,11.785731315612793,0.40629085898399353,54.328758239746094,48.5619010925293,-4.827293395996094,-19.182416915893555,75.17675713750131,71.74596677778224,32.36272036308438,0.2558379428119287,0.7066128253936768,0.0,0.5430320686678606
2026-04-13 15:32:36,2471,381,1,v8_7_phase_2_2_radius_105_120_reward_grid,520,146.18873380113615,213,success,125.53936004638672,14.706258773803711,0.40629085898399353,36.980003356933594,48.5619010925293,12.422855377197266,26.450931549072266,40.32058401034999,9.67117561942829,39.8382326360691,0.762435915592883,0.9892548322677612,0.0,4.051248346674722
2026-04-13 15:32:40,2471,382,1,v8_7_phase_2_2_radius_105_120_reward_grid,520,165.2142973210523,207,success,117.64104461669922,14.894189834594727,0.40629085898399353,34.989620208740234,48.5619010925293,14.423248291015625,20.897125244140625,22.477558332054173,20.547717410371042,24.282102848508003,0.9240293514670982,0.9628349542617798,0.0,1.3348732454467378
2026-04-13 15:32:45,2472,383,1,v8_7_phase_2_2_radius_105_120_reward_grid,520,145.7778394178444,213,success,126.86515045166016,14.717267990112305,0.40629085898399353,36.66704559326172,48.5619010925293,12.737300872802734,27.282930374145508,38.531535485575624,18.00068010471805,35.86279274664947,0.7822654074839249,0.9847544431686401,0.0,2.95577750625423
2026-04-13 15:32:50,2472,384,1,v8_7_phase_2_2_radius_105_120_reward_grid,520,164.23863633534418,216,success,124.6003189086914,14.874922752380371,0.40629085898399353,37.11557388305664,48.5619010925293,12.308349609375,17.8289794921875,19.69794967006766,15.094426075141161,9.761906998589092,0.9414826071657709,0.9291570782661438,0.0,2.9352904375416893
2026-04-13 15:32:54,2472,385,1,v8_7_phase_2_2_radius_105_120_reward_grid,520,133.8650896745383,222,success,126.37291717529297,11.65527057647705,0.40629085898399353,40.1522102355957,48.5619010925293,9.25046157836914,26.935407638549805,39.129552698356086,-13.14036871775575,-25.65075664496267,0.7757210063846209,0.9946535229682922,0.0,6.062784926681772
2026-04-13 15:32:58,2472,386,1,v8_7_phase_2_2_radius_105_120_reward_grid,520,144.60382597989081,213,success,125.53086853027344,14.743280410766602,0.40629085898399353,36.89992141723633,48.5619010925293,12.500205993652344,25.63783836364746,30.155073449742027,10.381823505395912,15.824849920076911,0.8646689623196253,0.9965682029724121,0.0,3.7384391618971313
2026-04-13 15:33:03,2472,387,1,v8_7_phase_2_2_radius_105_120_reward_grid,520,165.95193417774047,209,success,121.9216079711914,14.934290885925293,0.40629085898399353,35.752052307128906,48.5619010925293,13.647636413574219,24.419071197509766,19.148305564536518,13.219540855519954,-0.7095529212663052,0.9446727018399603,0.9964684247970581,0.0,0.6643399655113633
2026-04-13 15:33:08,2472,388,1,v8_7_phase_2_2_radius_105_120_reward_grid,520,138.70491642805985,221,success,128.52755737304688,14.641575813293457,0.40629085898399353,39.71015930175781,48.5619010925293,9.696468353271484,30.050334930419922,40.30679044332115,-20.472908055939186,-11.308519666321148,0.762591669665,0.9752136468887329,0.0,0.6358310165681786
2026-04-13 15:33:13,2473,389,1,v8_7_phase_2_2_radius_105_120_reward_grid,520,161.9164442533712,214,success,127.11763000488281,14.939420700073242,0.40629085898399353,37.410037994384766,48.5619010925293,11.991252899169922,27.906539916992188,38.5060076535527,9.7055323247271,-26.661780028928174,0.7825428798148278,0.9953792691230774,0.0,1.7178398191272108
2026-04-13 15:33:17,2473,390,1,v8_7_phase_2_2_radius_105_120_reward_grid,520,154.19861348152884,211,success,117.78379821777344,14.77499771118164,0.40629085898399353,35.87134552001953,48.5619010925293,13.545360565185547,24.227245330810547,11.832015246388544,-9.511138310759367,-7.506640006353413,0.9787529693964165,0.9511284828186035,0.0,1.3125222548860933
2026-04-13 15:33:22,2473,391,1,v8_7_phase_2_2_radius_105_120_reward_grid,520,171.3957601588303,207,success,119.42359161376953,14.887155532836914,0.40629085898399353,34.9696044921875,48.5619010925293,14.436382293701172,22.13300895690918,16.493190760551826,-0.13705611000999646,-19.089938182984174,0.9588534815166504,0.9758092761039734,0.0,2.3702473148334464
2026-04-13 15:33:26,2473,392,1,v8_7_phase_2_2_radius_105_120_reward_grid,520,157.64930851964618,211,success,124.8318099975586,14.650603294372559,0.40629085898399353,35.433189392089844,48.5619010925293,13.97027587890625,22.781293869018555,24.621194420042457,22.517069268855405,-31.841214929386393,0.909082059410568,0.9856786727905273,0.0,0.6869600398767334
2026-04-13 15:33:30,2473,393,1,v8_7_phase_2_2_radius_105_120_reward_grid,520,153.0700393617365,207,success,117.37225341796875,14.676000595092773,0.40629085898399353,35.01307678222656,48.5619010925293,14.38677978515625,20.244932174682617,11.236959774386923,4.474790750771038,-19.656253072732024,0.9808296565576872,0.9980961084365845,0.0,1.951292351751123
2026-04-13 15:33:33,2473,394,1,v8_7_phase_2_2_radius_105_120_reward_grid,520,159.55007040801996,207,success,117.02417755126953,14.829758644104004,0.40629085898399353,34.88443374633789,48.5619010925293,14.51974868774414,17.550954818725586,14.357173748582692,6.295630391037227,-23.01893107850043,0.968768776057631,0.9904882311820984,0.0,5.42288976965837
2026-04-13 15:33:37,2474,395,1,v8_7_phase_2_2_radius_105_120_reward_grid,520,164.56871322057876,208,success,118.36775970458984,14.882295608520508,0.40629085898399353,35.25682830810547,48.5619010925293,14.147781372070312,18.763103485107422,9.835972716175064,7.125519292648109,-5.845228934146369,0.9853008395435875,0.9853336215019226,0.0,4.498024881407896
2026-04-13 15:33:41,2474,396,1,v8_7_phase_2_2_radius_105_120_reward_grid,520,171.38702315567164,207,success,117.83955383300781,14.749798774719238,0.40629085898399353,34.73330307006836,48.5619010925293,14.688404083251953,13.370933532714844,24.709428511287975,-24.767778817367393,34.6868322470592,0.9084394016197992,0.9289299845695496,0.0,1.3498772536728247
2026-04-13 15:33:44,2474,397,1,v8_7_phase_2_2_radius_105_120_reward_grid,520,159.18149708214668,211,success,121.10882568359375,14.945616722106934,0.40629085898399353,35.141143798828125,48.5619010925293,14.28094482421875,10.258131980895996,34.082179505500065,-23.43359527810649,-35.83242572559959,0.8282346680414944,0.9282051920890808,0.0,0.3852578449123953
2026-04-13 15:33:48,2474,398,1,v8_7_phase_2_2_radius_105_120_reward_grid,520,133.95820888379086,216,success,128.5352783203125,14.752534866333008,0.40629085898399353,38.06555938720703,48.5619010925293,11.335102081298828,29.4234561920166,37.93830965049792,16.861003277546185,16.451564172655186,0.7886731792505757,0.9960185885429382,0.0,4.407493674393048
2026-04-13 15:33:54,2474,399,1,v8_7_phase_2_2_radius_105_120_reward_grid,520,-601.843433239013,370,wrong_way,119.26780700683594,182.13177490234375,0.40629085898399353,43.46660614013672,48.5619010925293,6.402217864990234,-55.275394439697266,130.0514190049217,150.55291481763197,-131.1707504061034,-0.643474822729462,-0.2664884328842163,0.0,3.040692417313326
2026-04-13 15:33:58,2475,400,1,v8_7_phase_2_2_radius_105_120_reward_grid,520,153.84629958313644,214,success,122.56240844726562,14.571879386901855,0.40629085898399353,37.32608413696289,48.5619010925293,12.08807373046875,26.4486141204834,21.41991378436145,-17.648261126565608,-7.56600886439281,0.9309289426520495,0.9605883359909058,0.0,1.6064394383708946
2026-04-13 15:34:02,2475,401,1,v8_7_phase_2_2_radius_105_120_reward_grid,520,166.53033060907654,215,success,121.51142120361328,14.731130599975586,0.40629085898399353,36.83250045776367,48.5619010925293,12.58133316040039,24.163694381713867,19.91518554416721,-1.9391656240040787,-9.154578530422606,0.9401978805579659,0.9534659385681152,0.0,0.49996794257915883
2026-04-13 15:34:05,2475,402,1,v8_7_phase_2_2_radius_105_120_reward_grid,520,171.1224427724785,213,success,123.64086151123047,14.8257417678833,0.40629085898399353,36.75868225097656,48.5619010925293,12.656730651855469,19.683597564697266,29.448066908375665,-17.209438547865215,17.09030980345644,0.8708016727595748,0.946972668170929,0.0,0.6343086790878382
2026-04-13 15:34:09,2475,403,1,v8_7_phase_2_2_radius_105_120_reward_grid,520,-142.62378544103856,241,near_miss,128.62481689453125,7.132086753845215,0.40629085898399353,46.66767501831055,48.5619010925293,2.739013671875,3.255452871322632,77.3593167660222,-74.48591765390037,-34.203114834944316,0.21883614227293519,0.9731684327125549,0.0,0.28567077467932894
2026-04-13 15:34:13,2475,404,1,v8_7_phase_2_2_radius_105_120_reward_grid,520,154.30952962094653,214,success,125.42179870605469,14.955492973327637,0.40629085898399353,35.46989822387695,48.5619010925293,13.95699691772461,16.379457473754883,40.29482736698987,6.114267951119055,-43.50259497483509,0.7627267184306279,0.9202465415000916,0.0,1.112474358050884
2026-04-13 15:34:17,2476,405,1,v8_7_phase_2_2_radius_105_120_reward_grid,520,148.19709229731342,212,success,124.53643035888672,14.858710289001465,0.40629085898399353,36.785430908203125,48.5619010925293,12.616928100585938,27.52617073059082,31.892704310444532,25.653094277206105,21.013572170259053,0.8490389688097009,0.9915260076522827,0.0,4.243832920691919
2026-04-13 15:34:21,2476,406,1,v8_7_phase_2_2_radius_105_120_reward_grid,520,-150.4497053232735,242,near_miss,129.85403442382812,4.358661651611328,0.40629085898399353,47.560646057128906,48.5619010925293,1.8529090881347656,-8.795069694519043,81.05259812573404,-80.21042897088229,40.070465898038705,0.1555276910084005,0.9557157158851624,0.0,1.2032349926929464
2026-04-13 15:34:25,2476,407,1,v8_7_phase_2_2_radius_105_120_reward_grid,520,154.85376364841892,210,success,118.57823181152344,14.70525074005127,0.40629085898399353,35.88923645019531,48.5619010925293,13.51016616821289,16.036828994750977,26.315429673853288,-18.242892273065042,-37.45496789878738,0.8963670794211308,0.9981638789176941,0.0,0.5883085972420126
2026-04-13 15:34:29,2476,408,1,v8_7_phase_2_2_radius_105_120_reward_grid,520,149.05239546830092,219,success,126.57527923583984,14.41942310333252,0.40629085898399353,39.08116912841797,48.5619010925293,10.323692321777344,29.68941879272461,38.61237418949731,-9.66536056712367,13.492329219460155,0.7813857146993303,0.9814656972885132,0.0,0.9356613713681516
2026-04-13 15:34:32,2476,409,1,v8_7_phase_2_2_radius_105_120_reward_grid,520,165.70222433713553,212,success,121.70892333984375,14.578432083129883,0.40629085898399353,36.02503967285156,48.5619010925293,13.380229949951172,25.083730697631836,14.301137169084615,10.370256580036497,2.8112458847785993,0.9690108289414732,0.9866235852241516,0.0,4.807502287480039
2026-04-13 15:34:36,2476,410,1,v8_7_phase_2_2_radius_105_120_reward_grid,520,154.36647439147217,209,success,121.49150848388672,14.65227222442627,0.40629085898399353,35.5693244934082,48.5619010925293,13.831356048583984,23.453929901123047,15.41562767369206,9.354458893841151,-9.800452317396413,0.9640229367841349,0.9954637885093689,0.0,1.844086345437878
2026-04-13 15:34:40,2477,411,1,v8_7_phase_2_2_radius_105_120_reward_grid,520,-160.09869410562004,235,near_miss,126.06608581542969,9.91786003112793,0.40629085898399353,42.11366271972656,48.5619010925293,7.341949462890625,10.954757690429688,75.07821799834554,-56.38701601382296,-152.93572193223932,0.257500159484228,0.8396838903427124,0.0,0.6292355738051917
2026-04-13 15:34:44,2477,412,1,v8_7_phase_2_2_radius_105_120_reward_grid,520,143.7788360827467,219,success,121.82670593261719,12.613024711608887,0.40629085898399353,38.13946533203125,48.5619010925293,11.284786224365234,23.86501693725586,40.50814100495854,-28.003705587613286,33.79798557941959,0.7603136795782238,0.9277591109275818,0.0,1.7259836093666703
2026-04-13 15:34:48,2477,413,1,v8_7_phase_2_2_radius_105_120_reward_grid,520,137.19980320548456,218,success,125.243896484375,14.814805030822754,0.40629085898399353,38.10614776611328,48.5619010925293,11.294391632080078,27.38086700439453,37.923143215445904,-37.536267640478044,-9.352019662533811,0.7888358951303911,0.998561680316925,0.0,5.940339423669274
2026-04-13 15:34:54,2477,414,1,v8_7_phase_2_2_radius_105_120_reward_grid,520,-602.7231145275833,397,wrong_way,116.98992919921875,179.24757385253906,0.40629085898399353,78.875732421875,48.5619010925293,-29.067611694335938,-44.24055862426758,130.23852520704503,162.62263772260988,-132.69048115680957,-0.6459711118923414,-0.11501626670360565,0.0,4.167303776194953
2026-04-13 15:34:59,2478,415,1,v8_7_phase_2_2_radius_105_120_reward_grid,520,-172.15223106034045,244,near_miss,121.86735534667969,14.37210750579834,0.40629085898399353,47.980594635009766,48.5619010925293,1.4351654052734375,-18.4246826171875,75.40168209705901,-86.17623038067325,-15.276923607122026,0.2520409480009067,0.9460651278495789,0.0,2.059958236656049
2026-04-13 15:35:03,2478,416,1,v8_7_phase_2_2_radius_105_120_reward_grid,520,-169.373620170992,239,near_miss,125.85570526123047,8.383556365966797,0.40629085898399353,46.18777847290039,48.5619010925293,3.2184219360351562,-9.034895896911621,78.16635142778341,-67.3220054410408,41.17010586384325,0.20507088419203578,0.9812538027763367,0.0,2.465217806172866
2026-04-13 15:35:06,2478,417,1,v8_7_phase_2_2_radius_105_120_reward_grid,520,143.37194208793076,218,success,127.21241760253906,14.993504524230957,0.40629085898399353,38.48227310180664,48.5619010925293,10.937923431396484,29.89881706237793,29.05234282333805,13.26495222199043,-9.497629904128374,0.8741764421679735,0.9392512440681458,0.0,1.5145733907249244
2026-04-13 15:35:10,2478,418,1,v8_7_phase_2_2_radius_105_120_reward_grid,520,125.39424741285401,221,success,126.9853515625,14.745888710021973,0.40629085898399353,39.41194152832031,48.5619010925293,9.996845245361328,25.959430694580078,39.44279200388205,-39.28263089803441,-12.246655540332508,0.772259302330179,0.9720427989959717,0.0,3.1940703867188622
2026-04-13 15:35:14,2478,419,1,v8_7_phase_2_2_radius_105_120_reward_grid,520,149.6634309299109,225,success,127.0067138671875,9.358291625976562,0.40629085898399353,40.94301223754883,48.5619010925293,8.47115707397461,24.055702209472656,38.745098425448994,35.63206554139185,-35.919841901691996,0.7799380271247939,0.9632382392883301,0.0,4.6651129375425295
2026-04-13 15:35:18,2478,420,1,v8_7_phase_2_2_radius_105_120_reward_grid,520,150.1373536662956,207,success,118.69259643554688,14.927114486694336,0.40629085898399353,34.81483840942383,48.5619010925293,14.591453552246094,21.13795280456543,10.215133592475398,9.959076630680789,-13.121197230529171,0.9841488000660465,0.9819207191467285,0.0,4.298924246061716
2026-04-13 15:35:23,2479,421,1,v8_7_phase_2_2_radius_105_120_reward_grid,520,-142.84852353842365,247,near_miss,126.07490539550781,10.681571006774902,0.40629085898399353,49.11825942993164,48.5619010925293,0.3000831604003906,-15.390276908874512,76.1094331290449,68.24587731874423,-12.901664705321206,0.24006822127546215,0.9421309232711792,0.0,2.585738319741269
2026-04-13 15:35:26,2479,422,1,v8_7_phase_2_2_radius_105_120_reward_grid,520,146.4689649303638,212,success,125.30296325683594,14.68275260925293,0.40629085898399353,36.37070083618164,48.5619010925293,13.033329010009766,26.508596420288086,36.57423549588175,32.50387305247186,-41.73948409343385,0.8030855016892688,0.9867421388626099,0.0,1.439342955474713
2026-04-13 15:35:31,2479,423,1,v8_7_phase_2_2_radius_105_120_reward_grid,520,153.1934373736256,215,success,121.50326538085938,14.746075630187988,0.40629085898399353,37.50118637084961,48.5619010925293,11.915489196777344,26.85929298400879,28.464290856556634,-20.435567411746725,-13.195715448147658,0.8791143274031815,0.9493197202682495,0.0,1.1109501647539335
2026-04-13 15:35:35,2479,424,1,v8_7_phase_2_2_radius_105_120_reward_grid,520,-167.25859313217018,239,near_miss,128.64967346191406,7.2196526527404785,0.40629085898399353,46.767189025878906,48.5619010925293,2.64141845703125,-0.07706078141927719,75.71699094990348,-77.1289754664527,-29.942640906176287,0.2467116421709284,0.9718576669692993,0.0,1.675674629621299
2026-04-13 15:35:38,2479,425,1,v8_7_phase_2_2_radius_105_120_reward_grid,520,167.78088758365075,208,success,120.63545227050781,14.646768569946289,0.40629085898399353,35.115535736083984,48.5619010925293,14.288604736328125,19.95735740661621,23.707077760021093,-13.021252779951668,41.70914097804607,0.9156129336576279,0.9810596704483032,0.0,1.6330290561800394
2026-04-13 15:35:42,2480,426,1,v8_7_phase_2_2_radius_105_120_reward_grid,520,129.13680376283887,227,success,125.18570709228516,9.45261001586914,0.40629085898399353,41.824275970458984,48.5619010925293,7.583930969238281,23.873884201049805,40.218721984163004,-39.67760707735791,23.86676246017411,0.7635850779364476,0.9691911935806274,0.0,0.4062279876888542
2026-04-13 15:35:46,2480,427,1,v8_7_phase_2_2_radius_105_120_reward_grid,520,156.34773008673628,214,success,121.1689453125,14.647245407104492,0.40629085898399353,37.105255126953125,48.5619010925293,12.299762725830078,20.441802978515625,31.48000720531944,-31.504425131602233,-18.49100230976034,0.8528224331402144,0.9803637266159058,0.0,2.0433169433988625
2026-04-13 15:35:50,2480,428,1,v8_7_phase_2_2_radius_105_120_reward_grid,520,167.71034386026872,210,success,118.81954193115234,14.839816093444824,0.40629085898399353,34.9765625,48.5619010925293,14.453804016113281,18.503530502319336,24.789167554753288,-8.780984258295835,29.325919220353743,0.907856764689118,0.9098359942436218,0.0,1.2769006584541425
2026-04-13 15:35:53,2480,429,1,v8_7_phase_2_2_radius_105_120_reward_grid,520,147.9904900687465,213,success,123.12283325195312,14.463570594787598,0.40629085898399353,37.171295166015625,48.5619010925293,12.231468200683594,27.474538803100586,25.77590449357752,-2.926567012168506,10.126080732303125,0.9005017264460901,0.9866311550140381,0.0,0.6240941050034916
2026-04-13 15:35:57,2480,430,1,v8_7_phase_2_2_radius_105_120_reward_grid,520,156.64621782980558,210,success,119.31742858886719,14.966279029846191,0.40629085898399353,35.951576232910156,48.5619010925293,13.452293395996094,25.405597686767578,28.53464009746047,-15.605223479767858,-23.95411033437482,0.8785284696317807,0.9857226014137268,0.0,4.069348982913115
2026-04-13 15:36:00,2480,431,1,v8_7_phase_2_2_radius_105_120_reward_grid,520,155.1775816811722,207,success,117.63428497314453,14.636723518371582,0.40629085898399353,34.92634201049805,48.5619010925293,14.474544525146484,19.423906326293945,12.064310833834323,5.149971171926077,36.087055177857664,0.9779136170933239,0.997496485710144,0.0,5.037241042113518
2026-04-13 15:36:04,2481,432,1,v8_7_phase_2_2_radius_105_120_reward_grid,520,144.82133860953618,212,success,123.85431671142578,14.863502502441406,0.40629085898399353,36.63212585449219,48.5619010925293,12.771697998046875,26.741308212280273,23.17778932576388,19.000770063369657,6.208299165422621,0.9192879815339577,0.9886361360549927,0.0,4.852767961259549
2026-04-13 15:36:08,2481,433,1,v8_7_phase_2_2_radius_105_120_reward_grid,520,152.62558940415045,208,success,116.36528778076172,14.980878829956055,0.40629085898399353,35.06144332885742,48.5619010925293,14.345539093017578,14.150701522827148,14.90636364653403,7.418307731138577,15.435809175142154,0.9663475144997974,0.9829602241516113,0.0,2.5955239206802316
2026-04-13 15:36:11,2481,434,1,v8_7_phase_2_2_radius_105_120_reward_grid,520,161.54349890409136,206,success,116.25123596191406,14.775559425354004,0.40629085898399353,34.672264099121094,48.5619010925293,14.73202896118164,18.18218994140625,13.303846734219068,10.534406516359413,-44.820794163890874,0.9731634254636753,0.9879465699195862,0.0,4.449154371492689
2026-04-13 15:36:19,2481,435,1,v8_7_phase_2_2_radius_105_120_reward_grid,520,-603.4400241253836,412,wrong_way,129.36143493652344,152.91114807128906,0.40629085898399353,110.51724243164062,48.5619010925293,-60.70299530029297,-29.515560150146484,129.05748987690146,24.098538099469327,-138.16792404094463,-0.6300998527743357,-0.12248760461807251,0.0,4.086578866576597
2026-04-13 15:36:26,2482,436,1,v8_7_phase_2_2_radius_105_120_reward_grid,520,-658.9903201186761,416,high_altitude,115.35877227783203,166.90713500976562,0.40629085898399353,145.34202575683594,48.5619010925293,-95.54322052001953,-46.75432205200195,55.113749224222104,100.02991673458845,50.41750922640727,0.5719490457578299,-0.09016535431146622,0.0,2.2797790353280285
2026-04-13 15:36:30,2482,437,1,v8_7_phase_2_2_radius_105_120_reward_grid,520,165.81925121378214,211,success,117.74578857421875,14.790616989135742,0.40629085898399353,36.225467681884766,48.5619010925293,13.17837905883789,22.118043899536133,21.856873428965727,1.2707239315171974,-10.41797569667279,0.9281167391857486,0.9911574721336365,0.0,3.337363527167065
2026-04-13 15:36:33,2482,438,1,v8_7_phase_2_2_radius_105_120_reward_grid,520,140.28175359158388,212,success,123.98904418945312,14.494112014770508,0.40629085898399353,36.805152893066406,48.5619010925293,12.596115112304688,27.125120162963867,34.25647227274045,33.697489591066606,41.36010465108008,0.8265261680190391,0.9965823292732239,0.0,5.2962961923973575
2026-04-13 15:36:37,2482,439,1,v8_7_phase_2_2_radius_105_120_reward_grid,520,-159.17692270896038,232,near_miss,125.6455078125,9.748915672302246,0.40629085898399353,42.70808792114258,48.5619010925293,6.775302886962891,16.820581436157227,77.90348476738629,-69.17491964964937,133.77958214072478,0.20955909308990062,0.7636731266975403,0.0,1.4473652333508205
2026-04-13 15:36:41,2482,440,1,v8_7_phase_2_2_radius_105_120_reward_grid,520,146.27548878963816,214,success,122.31753540039062,14.875175476074219,0.40629085898399353,37.2781867980957,48.5619010925293,12.12130355834961,25.858592987060547,33.89352968062431,-33.68212849562325,-16.22156096744959,0.8300752650525394,0.9975523948669434,0.0,0.9484900418048138
2026-04-13 15:36:45,2483,441,1,v8_7_phase_2_2_radius_105_120_reward_grid,520,132.7321904579415,215,success,125.10718536376953,14.467960357666016,0.40629085898399353,37.60033416748047,48.5619010925293,11.807758331298828,28.2265625,33.50576276596976,8.565156256938955,-18.198545562331443,0.833830304446773,0.9777458310127258,0.0,2.6781069093748764
2026-04-13 15:36:48,2483,442,1,v8_7_phase_2_2_radius_105_120_reward_grid,520,154.46890769397612,216,success,122.08724975585938,14.581866264343262,0.40629085898399353,37.413185119628906,48.5619010925293,11.995452880859375,22.973712921142578,37.73987899473071,-22.557174432114426,-23.00809156828762,0.7907977064463018,0.9675043821334839,0.0,2.3092736659113626
2026-04-13 15:36:52,2483,443,1,v8_7_phase_2_2_radius_105_120_reward_grid,520,147.9840174081002,218,success,127.69482421875,14.874411582946777,0.40629085898399353,38.38706588745117,48.5619010925293,11.023120880126953,28.831867218017578,32.68891653746584,-32.90771823243262,-9.51987241516052,0.8416152718616343,0.9739536046981812,0.0,4.625331487148201
2026-04-13 15:36:56,2483,444,1,v8_7_phase_2_2_radius_105_120_reward_grid,520,127.12498201247578,232,success,128.6970977783203,7.005211353302002,0.40629085898399353,43.738643646240234,48.5619010925293,5.666175842285156,28.77126121520996,40.270190874653636,-40.50558651420895,28.56697250544402,0.7630047300885476,0.9885005950927734,0.0,3.657645204006677
2026-04-13 15:37:00,2483,445,1,v8_7_phase_2_2_radius_105_120_reward_grid,520,154.55505544429914,209,success,118.8737564086914,14.77645206451416,0.40629085898399353,35.59170150756836,48.5619010925293,13.822010040283203,24.096040725708008,9.969379117270108,1.6076647405150368,7.151187997322664,0.9849004160695445,0.9600561261177063,0.0,3.7738950925878734
2026-04-13 15:37:04,2484,446,1,v8_7_phase_2_2_radius_105_120_reward_grid,520,151.34972015588022,216,success,123.33560180664062,14.981694221496582,0.40629085898399353,37.533729553222656,48.5619010925293,11.876789093017578,26.798086166381836,23.450954203882077,-12.159818222772259,2.7245774009568957,0.9174010717939666,0.9681253433227539,0.0,1.1331785010634199
2026-04-13 15:37:07,2484,447,1,v8_7_phase_2_2_radius_105_120_reward_grid,520,154.8384858382363,207,success,118.91824340820312,14.857189178466797,0.40629085898399353,35.16032409667969,48.5619010925293,14.239936828613281,22.56032943725586,18.700089768180064,18.706979721505313,-29.778596837785507,0.9472097754243652,0.9978213310241699,0.0,1.719165042550202
2026-04-13 15:37:14,2484,448,1,v8_7_phase_2_2_radius_105_120_reward_grid,520,-616.9132360354207,426,wrong_way,117.05726623535156,170.66270446777344,0.40629085898399353,99.06800842285156,48.5619010925293,-49.235450744628906,-36.91460037231445,129.90556714538525,147.53458592151165,-137.40328436336168,-0.6415241701560134,-0.17968955636024475,0.0,4.184150778044397
2026-04-13 15:37:18,2484,449,1,v8_7_phase_2_2_radius_105_120_reward_grid,520,150.8659196153332,214,success,123.09583282470703,14.910818099975586,0.40629085898399353,37.313133239746094,48.5619010925293,12.093963623046875,27.48380470275879,29.08035001402969,-27.979577944370217,-12.435737374673263,0.8739389637461628,0.9759960770606995,0.0,1.7075290346170229
2026-04-13 15:37:21,2484,450,1,v8_7_phase_2_2_radius_105_120_reward_grid,520,145.27471401205608,220,success,128.89100646972656,14.59315013885498,0.40629085898399353,39.298606872558594,48.5619010925293,10.117794036865234,30.629472732543945,29.747741458209976,24.009037008132772,4.746244239615324,0.868218374168268,0.9522868990898132,0.0,4.17986760582966
2026-04-13 15:37:25,2485,451,1,v8_7_phase_2_2_radius_105_120_reward_grid,520,164.6563011504538,208,success,116.29303741455078,14.943432807922363,0.40629085898399353,34.69698715209961,48.5619010925293,14.720600128173828,12.561664581298828,12.376883342142555,11.948900273654973,-10.229781786924136,0.9767588363396031,0.9505616426467896,0.0,1.405892654786334
2026-04-13 15:37:29,2485,452,1,v8_7_phase_2_2_radius_105_120_reward_grid,520,140.65922175341575,210,success,123.09851837158203,14.972004890441895,0.40629085898399353,35.77998352050781,48.5619010925293,13.623664855957031,25.67365074157715,21.409858038355903,21.538352679664058,-14.169420386035505,0.9309930231238227,0.9924747943878174,0.0,4.068795224210548
2026-04-13 15:37:32,2485,453,1,v8_7_phase_2_2_radius_105_120_reward_grid,520,140.69640291907132,214,success,120.44108581542969,14.558000564575195,0.40629085898399353,36.807044982910156,48.5619010925293,12.604007720947266,24.920751571655273,19.909799940006653,-19.022134895093455,-9.23443624842475,0.9402298943231917,0.9652347564697266,0.0,3.161900982990903
2026-04-13 15:37:36,2485,454,1,v8_7_phase_2_2_radius_105_120_reward_grid,520,139.67185036387465,212,success,121.42459106445312,14.97104263305664,0.40629085898399353,36.76893615722656,48.5619010925293,12.63430404663086,24.870418548583984,30.555786987968332,-30.02357181765177,17.261805608231704,0.8611345789336288,0.9923641085624695,0.0,6.015432656029583
2026-04-13 15:37:40,2485,455,1,v8_7_phase_2_2_radius_105_120_reward_grid,520,151.9558764889681,208,success,119.72124481201172,14.760448455810547,0.40629085898399353,35.243194580078125,48.5619010925293,14.164276123046875,22.26642608642578,15.294292778181367,-7.62171674103708,-15.743090848164565,0.9645836980173964,0.9764263033866882,0.0,3.7376482933455653
2026-04-13 15:37:43,2485,456,1,v8_7_phase_2_2_radius_105_120_reward_grid,520,-143.4704224320061,238,near_miss,126.41140747070312,5.793898582458496,0.40629085898399353,45.737831115722656,48.5619010925293,3.698028564453125,1.5488778352737427,75.24792770865285,-71.55623778301764,-75.13737426674702,0.2546369244534596,0.8951521515846252,0.0,3.021604672723694
2026-04-13 15:37:48,2486,457,1,v8_7_phase_2_2_radius_105_120_reward_grid,520,149.00564606472204,210,success,120.09323120117188,14.829404830932617,0.40629085898399353,36.09196090698242,48.5619010925293,13.310348510742188,24.413684844970703,20.88554198181446,-2.469420316585437,4.750341926230508,0.9342944638512276,0.9951268434524536,0.0,6.399091865769912
2026-04-13 15:37:52,2486,458,1,v8_7_phase_2_2_radius_105_120_reward_grid,520,-155.81629840654526,245,near_miss,124.55794525146484,3.0881764888763428,0.40629085898399353,48.43800354003906,48.5619010925293,0.96673583984375,21.44384765625,79.95633227337947,-76.53831436740833,34.81098801069711,0.174398694063211,0.9827025532722473,0.0,3.8588840294253273
2026-04-13 15:37:55,2486,459,1,v8_7_phase_2_2_radius_105_120_reward_grid,520,170.99752106375087,206,success,116.29461669921875,14.81093692779541,0.40629085898399353,34.769195556640625,48.5619010925293,14.630367279052734,19.53934669494629,8.02710127488203,-3.982068161122311,15.904662388075801,0.990202128186808,0.9970325231552124,0.0,1.7975021601839642
2026-04-13 15:37:59,2486,460,1,v8_7_phase_2_2_radius_105_120_reward_grid,520,151.3953578046022,207,success,118.17440032958984,14.753006935119629,0.40629085898399353,35.12849807739258,48.5619010925293,14.271595001220703,21.970808029174805,16.97357504035175,8.71902248969277,-29.844067616074664,0.9564394968274523,0.9975994825363159,0.0,0.9414284670399221
2026-04-13 15:38:03,2486,461,1,v8_7_phase_2_2_radius_105_120_reward_grid,520,-153.27895925791003,247,near_miss,127.22871398925781,5.550811767578125,0.40629085898399353,49.37974166870117,48.5619010925293,0.02695465087890625,-8.204839706420898,77.12530765486841,77.15276501533185,-2.384311677215435,0.22281954037199297,0.9752414226531982,0.0,3.275433041756506
2026-04-13 15:38:08,2487,462,1,v8_7_phase_2_2_radius_105_120_reward_grid,520,-760.1429726830938,313,low_agl,117.86328887939453,91.5772933959961,0.40629085898399353,0.39468884468078613,48.5619010925293,49.59127426147461,-37.26815414428711,177.2350897914218,178.2085556726887,-178.4039400640861,-0.9988358672082136,-0.5766504406929016,0.0,4.473464811782268
2026-04-13 15:38:12,2487,463,1,v8_7_phase_2_2_radius_105_120_reward_grid,520,159.88174077872807,209,success,118.7945327758789,14.596590042114258,0.40629085898399353,35.65924835205078,48.5619010925293,13.740333557128906,22.898622512817383,21.30555592708793,5.5248866587704235,-41.76022396284859,0.9316559990165121,0.9995995759963989,0.0,1.2781185060640936
2026-04-13 15:38:15,2487,464,1,v8_7_phase_2_2_radius_105_120_reward_grid,520,177.9998030776448,215,success,125.04925537109375,14.740376472473145,0.40629085898399353,36.95615768432617,48.5619010925293,12.452659606933594,25.832155227661133,26.389118877261264,26.886875743215114,13.610809949671427,0.895796185383798,0.9681518077850342,0.0,2.124947086414131
2026-04-13 15:38:19,2487,465,1,v8_7_phase_2_2_radius_105_120_reward_grid,520,160.03314894319598,208,success,116.45296478271484,14.83780288696289,0.40629085898399353,34.872283935546875,48.5619010925293,14.53725814819336,14.217939376831055,15.20019838462798,4.813284253866291,19.41144714004772,0.9650155866456872,0.9753087162971497,0.0,4.5366115306705055
2026-04-13 15:38:23,2487,466,1,v8_7_phase_2_2_radius_105_120_reward_grid,520,148.81692299363718,219,success,128.93814086914062,14.646496772766113,0.40629085898399353,39.13529586791992,48.5619010925293,10.265155792236328,30.159381866455078,39.62060231854499,3.47260029550624,5.489711611431681,0.7702839891387654,0.9937585592269897,0.0,0.18476831791070547
2026-04-13 15:38:27,2488,467,1,v8_7_phase_2_2_radius_105_120_reward_grid,520,-164.8167686671685,243,near_miss,127.97325897216797,6.551342010498047,0.40629085898399353,48.2366828918457,48.5619010925293,1.1697959899902344,2.124321937561035,76.63496154416401,-18.4125678324265,-18.763024838739852,0.231154278326946,0.9742820262908936,0.0,1.038673928190652
2026-04-13 15:38:31,2488,468,1,v8_7_phase_2_2_radius_105_120_reward_grid,520,170.02296529800714,206,success,116.42559051513672,14.910453796386719,0.40629085898399353,34.832611083984375,48.5619010925293,14.566642761230469,19.801040649414062,13.81428982278257,-1.7726611934082117,-28.7714000673025,0.9710747583992392,0.9987063407897949,0.0,1.5944937846159346
2026-04-13 15:38:36,2488,469,1,v8_7_phase_2_2_radius_105_120_reward_grid,520,-159.9518948512325,244,near_miss,129.01332092285156,4.232537269592285,0.40629085898399353,48.32392120361328,48.5619010925293,1.0792808532714844,25.828506469726562,77.88102027520613,-76.05151312488319,-27.733703087080805,0.20994245058984815,0.9922010898590088,0.0,2.6009936595010377
2026-04-13 15:38:41,2488,470,1,v8_7_phase_2_2_radius_105_120_reward_grid,520,162.0762912461067,214,success,122.85775756835938,14.80831241607666,0.40629085898399353,37.260433197021484,48.5619010925293,12.146461486816406,24.488435745239258,39.45166100451931,-27.074060492513897,-25.621578076828374,0.7721609517639744,0.9749277234077454,0.0,1.1402821394059812
2026-04-13 15:38:45,2488,471,1,v8_7_phase_2_2_radius_105_120_reward_grid,520,168.2136846740856,214,success,126.18094635009766,14.531110763549805,0.40629085898399353,37.345481872558594,48.5619010925293,12.061168670654297,29.560815811157227,23.16488368332714,23.219048790992634,7.090852667515709,0.9193766117712213,0.9741949439048767,0.0,1.9471261487300608
2026-04-13 15:38:52,2489,472,1,v8_7_phase_2_2_radius_105_120_reward_grid,520,-162.05564840202135,244,near_miss,125.75762939453125,3.559462785720825,0.40629085898399353,48.409854888916016,48.5619010925293,1.0231971740722656,22.875572204589844,79.72531478508213,-89.48478767500576,47.37554787575869,0.1783674913441942,0.8962002992630005,0.0,1.7672714617569598
2026-04-13 15:38:57,2489,473,1,v8_7_phase_2_2_radius_105_120_reward_grid,520,150.2230561866522,208,success,117.20994567871094,14.599770545959473,0.40629085898399353,35.36068344116211,48.5619010925293,14.042285919189453,22.11285972595215,8.333076674225676,-8.170727346522705,0.04505644342757998,0.9894422878000181,0.9913273453712463,0.0,4.568012597320764
2026-04-13 15:39:02,2489,474,1,v8_7_phase_2_2_radius_105_120_reward_grid,520,-159.89387467573835,239,near_miss,127.78710174560547,6.426597595214844,0.40629085898399353,47.19913864135742,48.5619010925293,2.2088890075683594,-1.6397068500518799,76.10316984557599,-78.7935608690765,28.422005155405085,0.24017433795603085,0.9691806435585022,0.0,0.35181129641702763
2026-04-13 15:39:07,2489,475,1,v8_7_phase_2_2_radius_105_120_reward_grid,520,165.01620282682268,216,success,129.14398193359375,14.487044334411621,0.40629085898399353,38.13652420043945,48.5619010925293,11.265365600585938,30.01335334777832,30.948932676594268,28.370275010178702,4.882143659757421,0.8576260099698866,0.9887109994888306,0.0,0.17746463842396015
2026-04-13 15:39:12,2489,476,1,v8_7_phase_2_2_radius_105_120_reward_grid,520,-167.45503594646487,244,near_miss,121.71049499511719,4.142127990722656,0.40629085898399353,47.72280502319336,48.5619010925293,1.7087173461914062,-3.6168408393859863,77.70866728169003,-12.716669031651412,49.97840319485632,0.21288258361112022,0.9006979465484619,0.0,0.793083970414256
2026-04-13 15:39:16,2489,477,1,v8_7_phase_2_2_radius_105_120_reward_grid,520,156.14837475978226,211,success,119.77125549316406,14.855026245117188,0.40629085898399353,36.13352966308594,48.5619010925293,13.2730712890625,21.46805763244629,25.86770735866437,-20.63982763397054,-18.690179163694374,0.8998038231950302,0.9823092818260193,0.0,1.9979900260065957
2026-04-13 15:39:21,2490,478,1,v8_7_phase_2_2_radius_105_120_reward_grid,520,162.51358544770002,207,success,117.87024688720703,14.986201286315918,0.40629085898399353,34.589195251464844,48.5619010925293,14.814373016357422,19.26160430908203,0.5532007130980162,-0.14670980866944258,-0.059140640341690066,0.9999533891708893,0.9899437427520752,0.0,3.961032250175341
2026-04-13 15:39:25,2490,479,1,v8_7_phase_2_2_radius_105_120_reward_grid,520,-321.1250404865816,221,near_miss,129.10057067871094,17.77618980407715,0.40629085898399353,40.78113555908203,48.5619010925293,8.71868896484375,23.180681228637695,87.00900119522706,-96.70131283504195,-118.91956303525659,0.05217907040518801,0.7107759118080139,0.0,1.87589273154958
2026-04-13 15:39:30,2490,480,1,v8_7_phase_2_2_radius_105_120_reward_grid,520,129.23196461297084,215,success,125.4152603149414,14.582022666931152,0.40629085898399353,37.82143020629883,48.5619010925293,11.579280853271484,27.781822204589844,35.422651941439256,-22.32513583053617,14.748558955950056,0.814898712663669,0.9973083734512329,0.0,2.0146578841971245
2026-04-13 15:39:35,2490,481,1,v8_7_phase_2_2_radius_105_120_reward_grid,520,-150.57502078151663,240,near_miss,128.26939392089844,5.558223247528076,0.40629085898399353,47.066287994384766,48.5619010925293,2.340312957763672,5.134291172027588,76.48590632590683,-76.48911651481673,-36.95763791965666,0.2336845413325525,0.9733291864395142,0.0,1.6952405108015898
2026-04-13 15:39:39,2490,482,1,v8_7_phase_2_2_radius_105_120_reward_grid,520,-252.01797162995547,215,near_miss,123.86461639404297,17.684839248657227,0.40629085898399353,38.46296691894531,48.5619010925293,10.992107391357422,23.193153381347656,83.11586850040065,-82.88164765338257,-141.6895012751115,0.11986188256028582,0.8343366384506226,0.0,1.6541434145463412
2026-04-13 15:39:44,2491,483,1,v8_7_phase_2_2_radius_105_120_reward_grid,520,154.0907000877816,211,success,119.82508087158203,14.964465141296387,0.40629085898399353,36.3901481628418,48.5619010925293,13.013313293457031,23.72019386291504,40.049200104057874,-38.405900985982406,-43.31783152759708,0.7654921965886206,0.9831966757774353,0.0,0.5693739298494327
2026-04-13 15:39:48,2491,484,1,v8_7_phase_2_2_radius_105_120_reward_grid,520,145.89223914326126,215,success,126.22626495361328,14.460405349731445,0.40629085898399353,37.90205383300781,48.5619010925293,11.499744415283203,28.462900161743164,30.876710256310552,19.919324638804238,-6.8034545289408515,0.8582735804691276,0.9916120171546936,0.0,3.614100375755673
2026-04-13 15:39:52,2491,485,1,v8_7_phase_2_2_radius_105_120_reward_grid,520,-253.07935010146605,218,near_miss,128.67575073242188,17.944862365722656,0.40629085898399353,39.605621337890625,48.5619010925293,9.868484497070312,23.811321258544922,81.63589628085312,-86.9519554552791,123.35863958063128,0.14546321261546552,0.783475399017334,0.0,2.778510188569139
2026-04-13 15:39:57,2491,486,1,v8_7_phase_2_2_radius_105_120_reward_grid,520,128.66086528670905,225,success,126.72972869873047,9.685859680175781,0.40629085898399353,41.27973556518555,48.5619010925293,8.12188720703125,27.945173263549805,39.537263765387074,-26.253379112791016,-43.19303372617719,0.7712107305973811,0.9934386610984802,0.0,2.288073104813063
2026-04-13 15:40:02,2491,487,1,v8_7_phase_2_2_radius_105_120_reward_grid,520,157.43986709601143,213,success,126.43499755859375,14.900958061218262,0.40629085898399353,36.96492385864258,48.5619010925293,12.436092376708984,26.938629150390625,31.19111069399541,27.598827341540563,15.502645991265315,0.8554446205428187,0.9954370856285095,0.0,2.3520049002922523
2026-04-13 15:40:07,2491,488,1,v8_7_phase_2_2_radius_105_120_reward_grid,520,151.41056425345982,208,success,117.9172134399414,14.652847290039062,0.40629085898399353,35.488121032714844,48.5619010925293,13.91156005859375,20.687650680541992,16.754686260473058,16.719548352287926,2.126396263636349,0.9575477858346381,0.999626100063324,0.0,5.326753104098394
2026-04-13 15:40:12,2492,489,1,v8_7_phase_2_2_radius_105_120_reward_grid,520,-204.38895702511599,217,near_miss,127.53753662109375,16.220211029052734,0.40629085898399353,38.72904968261719,48.5619010925293,10.705265045166016,27.50714683532715,75.08609320645857,-67.26547196528061,83.14562080442523,0.25736734373820536,0.8938120007514954,0.0,0.472656092079318
2026-04-13 15:40:16,2492,490,1,v8_7_phase_2_2_radius_105_120_reward_grid,520,153.53783678821654,214,success,121.21625518798828,14.775758743286133,0.40629085898399353,37.3088264465332,48.5619010925293,12.097511291503906,24.592758178710938,27.275658648508703,-21.353411647507624,-9.975338457320944,0.8888120036334785,0.9808766841888428,0.0,3.6762070370030315
2026-04-13 15:40:21,2492,491,1,v8_7_phase_2_2_radius_105_120_reward_grid,520,-301.03039527321476,246,near_miss,122.92312622070312,2.9746220111846924,0.40629085898399353,50.946075439453125,48.5619010925293,-1.4212303161621094,-1.7820361852645874,77.70820965901564,136.3788242897515,39.42958924821641,0.2128903875465165,0.6425843834877014,0.0,2.2242969036813602
2026-04-13 15:40:25,2492,492,1,v8_7_phase_2_2_radius_105_120_reward_grid,520,151.33228597948172,215,success,126.42219543457031,14.636457443237305,0.40629085898399353,37.23281478881836,48.5619010925293,12.20035171508789,27.770341873168945,17.022359666498566,-2.6484107598709103,-12.77006318171434,0.9561905851464532,0.9046868085861206,0.0,3.0339937723851698
2026-04-13 15:40:30,2492,493,1,v8_7_phase_2_2_radius_105_120_reward_grid,520,142.5570902407371,211,success,123.15399169921875,14.49904727935791,0.40629085898399353,36.37628936767578,48.5619010925293,13.025569915771484,26.089427947998047,31.51418888702077,29.69707511494682,35.90684063660688,0.8525107452051842,0.9935585856437683,0.0,1.8818903367361772
2026-04-13 15:40:35,2493,494,1,v8_7_phase_2_2_radius_105_120_reward_grid,520,-221.5698577626295,229,near_miss,127.64492797851562,8.662327766418457,0.40629085898399353,44.29404830932617,48.5619010925293,5.130573272705078,27.94244384765625,75.7595771793785,-73.14319125553507,52.78374630208815,0.24599127943313567,0.9202620983123779,0.0,0.5406911996545645
2026-04-13 15:40:39,2493,495,1,v8_7_phase_2_2_radius_105_120_reward_grid,520,155.32693447132033,210,success,117.90414428710938,14.746981620788574,0.40629085898399353,35.8735237121582,48.5619010925293,13.537872314453125,19.09085464477539,16.124124903844773,-9.22965084713751,10.757959461667577,0.9606623031607848,0.9711073040962219,0.0,4.630452262638721
2026-04-13 15:40:44,2493,496,1,v8_7_phase_2_2_radius_105_120_reward_grid,520,-153.23619988978635,241,near_miss,126.93585968017578,6.09821081161499,0.40629085898399353,47.407958984375,48.5619010925293,2.003887176513672,-12.148272514343262,76.60665724024348,-75.9516352686501,-26.95207843657935,0.23163487436017213,0.9577420353889465,0.0,1.0910012865249643
2026-04-13 15:40:49,2493,497,1,v8_7_phase_2_2_radius_105_120_reward_grid,520,156.01029184996094,209,success,118.71707916259766,14.589673042297363,0.40629085898399353,35.585052490234375,48.5619010925293,13.826316833496094,22.44010353088379,17.511493418625275,12.91860528201013,15.778505379011081,0.9536566105788946,0.968197226524353,0.0,3.874062768527184
2026-04-13 15:40:53,2493,498,1,v8_7_phase_2_2_radius_105_120_reward_grid,520,-234.53183715279846,215,near_miss,125.12004852294922,17.680213928222656,0.40629085898399353,38.30790328979492,48.5619010925293,11.161521911621094,24.781267166137695,88.21634641405353,-86.99421383567397,-178.73622876720722,0.031125599835232158,0.7947428226470947,0.0,1.190597564986262
2026-04-13 15:40:57,2493,499,1,v8_7_phase_2_2_radius_105_120_reward_grid,520,161.10005935661192,214,success,126.05596160888672,14.542868614196777,0.40629085898399353,37.45863342285156,48.5619010925293,11.9407958984375,28.153108596801758,31.717742184665486,29.870473127405933,4.406951604387179,0.8506483513257449,0.9983857870101929,0.0,0.4744251712831894
2026-04-13 15:41:01,2494,500,1,v8_7_phase_2_2_radius_105_120_reward_grid,520,155.0482354117318,207,success,116.45182037353516,14.7235746383667,0.40629085898399353,34.83652877807617,48.5619010925293,14.567459106445312,19.59145164489746,17.24820157895233,-6.84137403166547,42.691021652370424,0.9550292519429943,0.9878143072128296,0.0,4.575298349114782
2026-04-13 15:41:06,2494,501,1,v8_7_phase_2_2_radius_105_120_reward_grid,520,163.9700386688822,209,success,121.38921356201172,14.900242805480957,0.40629085898399353,35.38969039916992,48.5619010925293,13.579692840576172,25.855148315429688,19.201654464596196,19.23112160822292,7.74659138208513,0.9443668735383035,0.9940575957298279,0.0,0.8919899346522964
2026-04-13 15:41:10,2494,502,1,v8_7_phase_2_2_radius_105_120_reward_grid,520,152.09367212935413,209,success,120.91437530517578,14.803370475769043,0.40629085898399353,35.83317565917969,48.5619010925293,13.566421508789062,24.930131912231445,20.666724918922053,15.499236019322185,2.439888072718183,0.9356491570167828,0.9986560940742493,0.0,3.555509649867518
2026-04-13 15:41:14,2494,503,1,v8_7_phase_2_2_radius_105_120_reward_grid,520,155.02227091176414,212,success,125.5745620727539,14.768445014953613,0.40629085898399353,36.36311721801758,48.5619010925293,13.03924560546875,23.897178649902344,33.683723344794444,14.12349419405634,-38.230648577163635,0.8321117094425063,0.9940480589866638,0.0,2.749434291473969
2026-04-13 15:41:18,2494,504,1,v8_7_phase_2_2_radius_105_120_reward_grid,520,164.05460953334276,212,success,123.20846557617188,14.694374084472656,0.40629085898399353,36.643638610839844,48.5619010925293,12.755985260009766,26.20686149597168,29.97314111591498,1.868859712112787,23.34612446050072,0.8662596966012719,0.999224841594696,0.0,3.4491987248163225
2026-04-13 15:41:23,2494,505,1,v8_7_phase_2_2_radius_105_120_reward_grid,520,146.78560208255527,210,success,122.53041076660156,14.890998840332031,0.40629085898399353,35.941810607910156,48.5619010925293,13.460346221923828,25.834775924682617,28.61336656538133,13.810541756475525,-30.88713995517316,0.8778712772380367,0.9956209659576416,0.0,6.252561151730183
2026-04-13 15:41:28,2495,506,1,v8_7_phase_2_2_radius_105_120_reward_grid,520,-156.83333118178328,230,near_miss,122.05081176757812,9.558269500732422,0.40629085898399353,43.291290283203125,48.5619010925293,6.138511657714844,15.520071983337402,75.05480410987073,-74.72640861457653,72.20083005574841,0.2578950070452918,0.906160295009613,0.0,1.23194468106501
2026-04-13 15:41:32,2495,507,1,v8_7_phase_2_2_radius_105_120_reward_grid,520,-197.60903989215439,216,near_miss,127.7733154296875,17.521163940429688,0.40629085898399353,39.02938461303711,48.5619010925293,10.414321899414062,27.905954360961914,78.79039166130163,-73.71760333454398,-98.57639100750721,0.1943988518678803,0.8663492798805237,0.0,1.1630918684311515
2026-04-13 15:41:37,2495,508,1,v8_7_phase_2_2_radius_105_120_reward_grid,520,-232.11390314196646,215,near_miss,127.19303131103516,17.606685638427734,0.40629085898399353,38.36588668823242,48.5619010925293,11.108570098876953,26.243995666503906,87.99340903954432,-77.0714857642087,160.9196256757156,0.03501446035657794,0.7811132669448853,0.0,0.5968033664941883
2026-04-13 15:41:41,2495,509,1,v8_7_phase_2_2_radius_105_120_reward_grid,520,139.4728582831648,214,success,124.81829071044922,14.634525299072266,0.40629085898399353,37.40866470336914,48.5619010925293,11.990825653076172,27.80515480041504,36.363995443039585,-26.24819158411639,31.96207512674977,0.8052665416913716,0.9992650747299194,0.0,1.677614496228814
2026-04-13 15:41:47,2495,510,1,v8_7_phase_2_2_radius_105_120_reward_grid,520,-186.28148290231962,238,near_miss,128.09230041503906,4.74946403503418,0.40629085898399353,46.94292068481445,48.5619010925293,2.4799041748046875,21.495115280151367,75.64456362394466,-75.03272893847326,-41.389303709781885,0.24793646550518855,0.9257898330688477,0.0,1.4139023455078286
2026-04-13 15:41:53,2496,511,1,v8_7_phase_2_2_radius_105_120_reward_grid,520,151.01433303572838,210,success,121.57877349853516,14.585033416748047,0.40629085898399353,36.09452819824219,48.5619010925293,13.307258605957031,23.608423233032227,27.814217357016915,7.096552887264909,-31.828602985083965,0.8844652189462212,0.9954122304916382,0.0,5.354028435150959
2026-04-13 15:41:58,2496,512,1,v8_7_phase_2_2_radius_105_120_reward_grid,520,156.87840319925203,208,success,117.14903259277344,14.863895416259766,0.40629085898399353,35.47554397583008,48.5619010925293,13.928573608398438,19.34090805053711,13.081245746526475,-13.178604970503129,-7.483262830145398,0.974050103394369,0.9864105582237244,0.0,4.214188018189175
2026-04-13 15:42:02,2496,513,1,v8_7_phase_2_2_radius_105_120_reward_grid,520,151.8505783151039,209,success,118.32156372070312,14.577282905578613,0.40629085898399353,35.7950325012207,48.5619010925293,13.606903076171875,23.154464721679688,13.120102692714678,5.973827308952545,1.1009386622421973,0.9738963848673489,0.9904118776321411,0.0,3.3887149087546975
2026-04-13 15:42:07,2496,514,1,v8_7_phase_2_2_radius_105_120_reward_grid,520,154.0999528658841,211,success,126.75727081298828,14.964258193969727,0.40629085898399353,36.01025390625,48.5619010925293,13.391468048095703,26.750499725341797,21.306889521523374,21.22611399685151,-2.5991580523225366,0.9316475417659971,0.9957165718078613,0.0,5.76884522469605
2026-04-13 15:42:12,2496,515,1,v8_7_phase_2_2_radius_105_120_reward_grid,520,153.12342491879627,209,success,120.04024505615234,14.636635780334473,0.40629085898399353,35.73493194580078,48.5619010925293,13.667488098144531,23.217294692993164,13.719718169760926,6.4402242151059275,2.9022052215029515,0.9714675553316496,0.9914914965629578,0.0,2.381046990234537
2026-04-13 15:42:16,2496,516,1,v8_7_phase_2_2_radius_105_120_reward_grid,520,150.34622594160572,208,success,118.01934814453125,14.782031059265137,0.40629085898399353,35.25688171386719,48.5619010925293,14.150703430175781,18.787261962890625,18.0437632304552,-15.659163191190741,-18.72437962841592,0.9508202078589187,0.9761606454849243,0.0,4.288992970188536
2026-04-13 15:42:21,2497,517,1,v8_7_phase_2_2_radius_105_120_reward_grid,520,147.0621319682371,209,success,118.21488952636719,14.866467475891113,0.40629085898399353,35.504512786865234,48.5619010925293,13.903564453125,22.7514591217041,33.38236515332973,-28.637104887841712,42.23288329869723,0.8350172540579482,0.9751520156860352,0.0,2.153285282931225
2026-04-13 15:42:26,2497,518,1,v8_7_phase_2_2_radius_105_120_reward_grid,520,134.77030905774606,217,success,128.5068359375,14.901856422424316,0.40629085898399353,39.8078727722168,48.5619010925293,9.604400634765625,26.526878356933594,34.68544913375227,3.570783411051527,-5.476703516157392,0.8222885890433689,0.9571719765663147,0.0,0.4349815610309517
2026-04-13 15:42:31,2497,519,1,v8_7_phase_2_2_radius_105_120_reward_grid,520,148.12034612683934,211,success,120.45260620117188,14.862709045410156,0.40629085898399353,36.32969665527344,48.5619010925293,13.070743560791016,20.923418045043945,28.450142119690952,-14.28500767735963,-21.943268491777218,0.8792319958799191,0.9987006187438965,0.0,3.527090707532691
2026-04-13 15:42:36,2497,520,1,v8_7_phase_2_2_radius_105_120_reward_grid,520,145.1795332898769,217,success,129.0238800048828,14.723039627075195,0.40629085898399353,38.45884704589844,48.5619010925293,10.947223663330078,30.602773666381836,33.385554851672126,26.314367579437352,-10.558000551073576,0.8349866214011353,0.9749899506568909,0.0,1.878242265939272
2026-04-13 15:42:40,2497,521,1,v8_7_phase_2_2_radius_105_120_reward_grid,520,157.65444571773799,208,success,119.61814880371094,14.731710433959961,0.40629085898399353,35.534568786621094,48.5619010925293,13.864982604980469,23.477880477905273,19.431654254707205,18.694284107385553,-19.389788610189612,0.9430390046280636,0.9994684457778931,0.0,3.4444055263163866
2026-04-13 15:42:45,2498,522,1,v8_7_phase_2_2_radius_105_120_reward_grid,520,144.87995080014213,212,success,124.27592468261719,14.845112800598145,0.40629085898399353,36.55963897705078,48.5619010925293,12.842418670654297,27.310047149658203,28.115034255989908,23.142258681701474,16.40749408458297,0.8820032434201983,0.9945099949836731,0.0,4.986985204200298
2026-04-13 15:42:50,2498,523,1,v8_7_phase_2_2_radius_105_120_reward_grid,520,163.99332394185038,206,success,116.0472640991211,14.869816780090332,0.40629085898399353,34.77046203613281,48.5619010925293,14.63534927368164,19.765029907226562,15.937474616848544,5.249752124850324,-24.3604109673422,0.9615619193309984,0.9814314246177673,0.0,1.0923722294817484
2026-04-13 15:42:54,2498,524,1,v8_7_phase_2_2_radius_105_120_reward_grid,520,167.9207714251856,208,success,116.09843444824219,14.859700202941895,0.40629085898399353,34.957706451416016,48.5619010925293,14.456378936767578,15.436359405517578,19.18997996375735,-0.2866736582751604,19.564552660482725,0.9444338688578139,0.956692099571228,0.0,1.0832469065140293
2026-04-13 15:42:59,2498,525,1,v8_7_phase_2_2_radius_105_120_reward_grid,520,-357.5065277960176,217,near_miss,125.3839340209961,17.87900733947754,0.40629085898399353,39.927242279052734,48.5619010925293,9.671894073486328,19.70096206665039,118.07475059719604,-117.45575787347447,160.039296253971,-0.4706230952300008,0.44133439660072327,0.0,1.3218563466362432
2026-04-13 15:43:04,2498,526,1,v8_7_phase_2_2_radius_105_120_reward_grid,520,166.87776984939472,215,success,129.11260986328125,14.603811264038086,0.40629085898399353,37.39234924316406,48.5619010925293,12.018238067626953,30.344646453857422,20.044197572304995,19.92283364849033,-4.658000329972874,0.9394285092327629,0.961289644241333,0.0,0.39659775958461674
2026-04-13 15:43:09,2498,527,1,v8_7_phase_2_2_radius_105_120_reward_grid,520,151.23541386611822,212,success,123.79161834716797,14.789131164550781,0.40629085898399353,36.67080307006836,48.5619010925293,12.736602783203125,26.946151733398438,40.511634646719,-4.099544426638769,32.27158856408348,0.7602740711241861,0.9712985754013062,0.0,0.30783518845150215
2026-04-13 15:43:14,2499,528,1,v8_7_phase_2_2_radius_105_120_reward_grid,520,-237.41990607737176,222,near_miss,125.70222473144531,12.050158500671387,0.40629085898399353,41.72270584106445,48.5619010925293,7.731304168701172,27.085464477539062,75.181565590677,-77.83293574344923,116.50110233318179,0.2557568115665184,0.8379127979278564,0.0,0.7242411760108544
2026-04-13 15:43:20,2499,529,1,v8_7_phase_2_2_radius_105_120_reward_grid,520,164.95414029480233,209,success,121.15055847167969,14.66817569732666,0.40629085898399353,35.76401901245117,48.5619010925293,13.63583755493164,24.78046989440918,22.406133336356056,6.538490146694901,-28.66909749391405,0.9245052359075534,0.999536395072937,0.0,3.071519613875421
2026-04-13 15:43:24,2499,530,1,v8_7_phase_2_2_radius_105_120_reward_grid,520,149.97550482210787,210,success,121.5251235961914,14.913564682006836,0.40629085898399353,36.18740463256836,48.5619010925293,13.2127685546875,25.87413787841797,25.128293277233592,-16.743416448342536,-3.528059297132628,0.9053592143336342,0.9989803433418274,0.0,3.023211032245464
2026-04-13 15:43:28,2499,531,1,v8_7_phase_2_2_radius_105_120_reward_grid,520,-200.16551983646224,207,near_miss,120.35919189453125,17.8559627532959,0.40629085898399353,35.74039840698242,48.5619010925293,13.740913391113281,18.929954528808594,80.07994503697837,-76.33420782444084,179.74899555695836,0.17227390276615273,0.7616179585456848,0.0,1.9484402378836143
2026-04-13 15:43:34,2499,532,1,v8_7_phase_2_2_radius_105_120_reward_grid,520,-150.72195196084206,234,near_miss,124.20941162109375,7.209695339202881,0.40629085898399353,44.86640548706055,48.5619010925293,4.574108123779297,2.737941265106201,75.88383881094855,-77.10286365325574,89.45502171060285,0.24388856997229705,0.8775004148483276,0.0,0.8738139812662932
2026-04-13 15:43:39,2499,533,1,v8_7_phase_2_2_radius_105_120_reward_grid,520,152.93456718294482,215,success,124.09427642822266,14.8389892578125,0.40629085898399353,37.8349609375,48.5619010925293,11.566688537597656,22.79486083984375,34.54694655776275,-21.774542328710393,12.291098727488134,0.823661814612721,0.9925177097320557,0.0,1.9546383547708797
2026-04-13 15:43:44,2500,534,1,v8_7_phase_2_2_radius_105_120_reward_grid,520,156.02712907466207,217,success,128.83140563964844,14.338728904724121,0.40629085898399353,38.3087043762207,48.5619010925293,11.091278076171875,28.739604949951172,40.15460699842409,16.220008806960706,-26.296656898919508,0.7643071574620321,0.9987631440162659,0.0,4.279717483664329
2026-04-13 15:43:50,2500,535,1,v8_7_phase_2_2_radius_105_120_reward_grid,520,147.0094796430886,213,success,122.69918060302734,14.729652404785156,0.40629085898399353,36.85601043701172,48.5619010925293,12.545524597167969,26.466283798217773,35.43854920673246,-18.233966923367127,-31.476294997505537,0.8147378647619302,0.9944704174995422,0.0,4.26340343671679
2026-04-13 15:43:54,2500,536,1,v8_7_phase_2_2_radius_105_120_reward_grid,520,134.65455664309005,218,success,127.96167755126953,14.545608520507812,0.40629085898399353,38.830142974853516,48.5619010925293,10.574291229248047,29.27545166015625,35.70216377284369,34.074328203049134,-6.598520679310143,0.8120614889019865,0.988368034362793,0.0,5.505186338503635
2026-04-13 15:43:58,2500,537,1,v8_7_phase_2_2_radius_105_120_reward_grid,520,162.98239218468902,208,success,120.3179931640625,14.800434112548828,0.40629085898399353,35.39616012573242,48.5619010925293,14.00442886352539,23.679807662963867,12.730391735467613,11.025230740305698,0.3208604892987932,0.975417792403938,0.994247555732727,0.0,3.2159844625136422
2026-04-13 15:44:02,2500,538,1,v8_7_phase_2_2_radius_105_120_reward_grid,520,154.28096391873,209,success,118.88957214355469,14.662114143371582,0.40629085898399353,35.73499298095703,48.5619010925293,13.66659164428711,23.789737701416016,28.246501737134313,-13.410680284348176,-38.93861817520297,0.8809196356661294,0.9914150238037109,0.0,1.301691941556564
2026-04-13 15:44:07,2501,539,1,v8_7_phase_2_2_radius_105_120_reward_grid,520,153.52101113181513,208,success,115.91551971435547,14.905763626098633,0.40629085898399353,35.0341911315918,48.5619010925293,14.371978759765625,22.080114364624023,16.50727119552581,-11.196245870518124,-18.417492398818077,0.958783683810049,0.9784091711044312,0.0,3.65864865425746
2026-04-13 15:44:12,2501,540,1,v8_7_phase_2_2_radius_105_120_reward_grid,520,154.17437201850123,209,success,120.92634582519531,14.783230781555176,0.40629085898399353,35.7661247253418,48.5619010925293,13.633304595947266,24.749319076538086,22.465255453811686,-4.064329678825475,-19.886000145843745,0.9241114244364832,0.9993816018104553,0.0,1.6472184230548295
2026-04-13 15:44:17,2501,541,1,v8_7_phase_2_2_radius_105_120_reward_grid,520,154.3407988395223,212,success,124.90161895751953,14.82866382598877,0.40629085898399353,36.80378723144531,48.5619010925293,12.595550537109375,27.3074951171875,30.256986702347785,8.426576841321273,12.754489496633065,0.8637740680998086,0.9989420771598816,0.0,2.942875945063817
2026-04-13 15:44:22,2501,542,1,v8_7_phase_2_2_radius_105_120_reward_grid,520,145.18744045491894,207,success,117.77594757080078,14.812651634216309,0.40629085898399353,35.11376953125,48.5619010925293,14.29180908203125,22.162752151489258,24.972805728325543,-21.949301256361633,44.419301984099185,0.906508272073071,0.9855891466140747,0.0,5.531729146452958
2026-04-13 15:44:26,2501,543,1,v8_7_phase_2_2_radius_105_120_reward_grid,520,142.62582200467685,213,success,125.76107025146484,14.915225982666016,0.40629085898399353,36.92839050292969,48.5619010925293,12.485279083251953,27.568744659423828,21.517795517809613,-10.29065243280729,-8.459632395583197,0.9303036913523465,0.9607272744178772,0.0,2.4779738052306794
2026-04-13 15:44:31,2501,544,1,v8_7_phase_2_2_radius_105_120_reward_grid,520,165.1355238006809,206,success,115.83119201660156,14.726652145385742,0.40629085898399353,34.72566223144531,48.5619010925293,14.67618179321289,18.200733184814453,4.259057518288892,-0.7853426746483237,7.613459896104181,0.9972384573079845,0.9911918044090271,0.0,1.4775521812338752
2026-04-13 15:44:39,2502,545,1,v8_7_phase_2_2_radius_105_120_reward_grid,520,-571.9832341962044,337,wrong_way,117.09124755859375,139.65135192871094,0.40629085898399353,39.02778625488281,48.5619010925293,10.90423583984375,-53.0726203918457,129.97537167870277,139.49563085332505,-132.45668378152004,-0.6424582697134118,-0.4245620369911194,0.0,3.0109778906741402
2026-04-13 15:44:43,2502,546,1,v8_7_phase_2_2_radius_105_120_reward_grid,520,170.0631745132524,210,success,123.21855163574219,14.750499725341797,0.40629085898399353,35.476322174072266,48.5619010925293,13.942474365234375,24.534582138061523,15.580677487438125,7.551773042615211,12.455999130846106,0.9632532029388239,0.9388194680213928,0.0,2.8739528606244864
2026-04-13 15:44:48,2502,547,1,v8_7_phase_2_2_radius_105_120_reward_grid,520,153.1298174457727,212,success,122.62422943115234,14.733491897583008,0.40629085898399353,36.67308807373047,48.5619010925293,12.733383178710938,26.98436164855957,20.515077643874843,-1.8633014322322776,5.516686589785,0.9365799981585552,0.9821088314056396,0.0,2.1879537733495313
2026-04-13 15:44:52,2502,548,1,v8_7_phase_2_2_radius_105_120_reward_grid,520,156.5993684548123,208,success,119.56846618652344,14.651182174682617,0.40629085898399353,35.302913665771484,48.5619010925293,14.096778869628906,22.51260757446289,14.090636715280347,-1.0063879266748876,-8.80954042544201,0.9699118139348749,0.999279797077179,0.0,2.1193172897888557
2026-04-13 15:44:57,2502,549,1,v8_7_phase_2_2_radius_105_120_reward_grid,520,142.00713143311467,214,success,121.8183822631836,14.514809608459473,0.40629085898399353,37.228538513183594,48.5619010925293,12.172500610351562,24.587604522705078,39.08526916687231,-37.5566864910018,43.809342185554954,0.7762085291370641,0.9943402409553528,0.0,4.03019666044526
2026-04-13 15:45:02,2503,550,1,v8_7_phase_2_2_radius_105_120_reward_grid,520,167.97733410007868,209,success,120.97940826416016,14.964986801147461,0.40629085898399353,35.77494430541992,48.5619010925293,13.638313293457031,23.734956741333008,22.76299535256359,5.709696209785336,16.19716865437618,0.9221132373839301,0.9543379545211792,0.0,2.59391372054873
2026-04-13 15:45:06,2503,551,1,v8_7_phase_2_2_radius_105_120_reward_grid,520,144.5868474907494,216,success,126.15933990478516,14.764521598815918,0.40629085898399353,38.041053771972656,48.5619010925293,11.361888885498047,28.173593521118164,34.09560765740831,-26.785348396297458,-11.521017096684,0.8281033112455612,0.988295316696167,0.0,3.78268390722457
2026-04-13 15:45:09,2503,552,1,v8_7_phase_2_2_radius_105_120_reward_grid,520,168.09598623231705,214,success,127.96642303466797,14.976323127746582,0.40629085898399353,37.299198150634766,48.5619010925293,12.111038208007812,28.631418228149414,20.701774034647972,18.90079487694089,2.14900269568521,0.9354330858297858,0.9630614519119263,0.0,0.3358955998599034
2026-04-13 15:45:13,2503,553,1,v8_7_phase_2_2_radius_105_120_reward_grid,520,157.49942510314773,226,success,118.15693664550781,14.96834659576416,0.40629085898399353,39.95262145996094,48.5619010925293,9.47955322265625,2.8007442951202393,36.4579242045056,40.86039093592902,19.077490163221825,0.8042934585791622,0.9039111137390137,0.0,2.342464987093258
2026-04-13 15:45:17,2503,554,1,v8_7_phase_2_2_radius_105_120_reward_grid,520,179.5096929384523,210,success,124.13995361328125,14.607674598693848,0.40629085898399353,35.343467712402344,48.5619010925293,14.074073791503906,23.09256935119629,11.721530106374418,-1.6359008492655753,-9.490343799831264,0.9791465398541046,0.940748929977417,0.0,0.5207940119022366
2026-04-13 15:45:22,2503,555,1,v8_7_phase_2_2_radius_105_120_reward_grid,520,153.23350121838692,208,success,117.70046997070312,14.605061531066895,0.40629085898399353,35.48973846435547,48.5619010925293,13.910137176513672,19.78648567199707,17.107139389571348,6.277885559573534,17.200747132146375,0.9557563682322948,0.9993578195571899,0.0,2.9347374443413927
2026-04-13 15:45:27,2504,556,1,v8_7_phase_2_2_radius_105_120_reward_grid,520,142.0984778734217,210,success,120.00051879882812,14.749786376953125,0.40629085898399353,36.04622268676758,48.5619010925293,13.355155944824219,21.099267959594727,25.113669842220595,-5.409177704701707,-21.26964108488471,0.9054675661474741,0.996815025806427,0.0,3.246065325172846
2026-04-13 15:45:32,2504,557,1,v8_7_phase_2_2_radius_105_120_reward_grid,520,172.64502651675204,213,success,125.20004272460938,14.53863525390625,0.40629085898399353,37.12812805175781,48.5619010925293,12.27383804321289,28.32386589050293,24.295158755106485,24.267397451224966,5.110256183223392,0.9114380445605967,0.9880955219268799,0.0,0.6010166813089789
2026-04-13 15:45:37,2504,558,1,v8_7_phase_2_2_radius_105_120_reward_grid,520,148.39199215782168,211,success,121.71745300292969,14.74818229675293,0.40629085898399353,36.52394104003906,48.5619010925293,12.877025604248047,24.40256118774414,23.588690091137263,23.145438134760113,-1.9794253202930725,0.9164417386651961,0.9951367378234863,0.0,4.415711031965092
2026-04-13 15:45:42,2504,559,1,v8_7_phase_2_2_radius_105_120_reward_grid,520,-153.2549892720247,247,near_miss,127.05424499511719,2.9859278202056885,0.40629085898399353,49.269378662109375,48.5619010925293,0.13409042358398438,-13.47273063659668,80.94101332526354,76.0177105186808,-12.144241122596398,0.15745121865030126,0.9852222204208374,0.0,1.1305444370456939
2026-04-13 15:45:47,2504,560,1,v8_7_phase_2_2_radius_105_120_reward_grid,520,164.7445331918464,212,success,126.19031524658203,14.628146171569824,0.40629085898399353,36.34486770629883,48.5619010925293,13.054450988769531,27.19731330871582,23.47937632856579,21.834497729244763,-1.402666537695742,0.9172035450870144,0.9982811212539673,0.0,0.8938041531249508
2026-04-13 15:45:52,2505,561,1,v8_7_phase_2_2_radius_105_120_reward_grid,520,152.4805377475602,224,success,127.65913391113281,10.478364944458008,0.40629085898399353,40.69295120239258,48.5619010925293,8.714431762695312,24.122610092163086,40.34458187999883,36.93424110665478,29.175982907693623,0.7621648313605284,0.9784263968467712,0.0,3.625239762586375
2026-04-13 15:45:56,2505,562,1,v8_7_phase_2_2_radius_105_120_reward_grid,520,157.0653457309653,219,success,126.64603424072266,14.809883117675781,0.40629085898399353,38.6800537109375,48.5619010925293,10.744926452636719,29.13547706604004,22.577926254360218,-14.824536272729985,-4.128146270675019,0.9233582020347234,0.9268087148666382,0.0,2.8347300093667056
2026-04-13 15:46:00,2505,563,1,v8_7_phase_2_2_radius_105_120_reward_grid,520,134.58711505481085,224,success,126.8638916015625,10.692171096801758,0.40629085898399353,40.58966827392578,48.5619010925293,8.81243896484375,28.84247398376465,40.305137537542,15.60218916822908,-44.40235969986297,0.7626103309658344,0.9948514103889465,0.0,3.6274116713127333
2026-04-13 15:46:04,2505,564,1,v8_7_phase_2_2_radius_105_120_reward_grid,520,147.60213265911767,207,success,116.49916076660156,14.951827049255371,0.40629085898399353,35.04712677001953,48.5619010925293,14.359947204589844,21.08211898803711,13.947360690834635,4.441487602151701,14.744988474561431,0.9705175774735192,0.9833838939666748,0.0,4.1022558162458385
2026-04-13 15:46:10,2505,565,1,v8_7_phase_2_2_radius_105_120_reward_grid,520,143.67421388347975,211,success,122.63617706298828,14.730001449584961,0.40629085898399353,36.471527099609375,48.5619010925293,12.92898178100586,26.558673858642578,25.837422299884533,-1.3818267767643868,-3.9204837604708906,0.9000343115251215,0.9987086057662964,0.0,4.489132410465665
2026-04-13 15:46:15,2505,566,1,v8_7_phase_2_2_radius_105_120_reward_grid,520,156.09691233972123,210,success,121.27134704589844,14.577568054199219,0.40629085898399353,36.05683135986328,48.5619010925293,13.342742919921875,24.645322799682617,26.65067414133773,0.1769387051516116,-32.47531944664662,0.8937578753353999,0.997279703617096,0.0,2.330533053883765
2026-04-13 15:46:22,2506,567,1,v8_7_phase_2_2_radius_105_120_reward_grid,520,147.1850063174982,211,success,120.53524017333984,14.928583145141602,0.40629085898399353,36.15262985229492,48.5619010925293,13.251636505126953,25.426437377929688,30.73641134056932,-23.04012686304227,-26.582380787374067,0.859527649099949,0.9894391298294067,0.0,4.727260044186052
2026-04-13 15:46:27,2506,568,1,v8_7_phase_2_2_radius_105_120_reward_grid,520,167.9930787319493,209,success,116.52884674072266,14.784266471862793,0.40629085898399353,35.66914749145508,48.5619010925293,13.731807708740234,13.878244400024414,21.30384496470084,-19.880416466197257,19.352610182989938,0.9316668486806903,0.9923098087310791,0.0,2.803261444883143
2026-04-13 15:46:31,2506,569,1,v8_7_phase_2_2_radius_105_120_reward_grid,520,154.78666670617724,211,success,118.57499694824219,14.593949317932129,0.40629085898399353,36.18394088745117,48.5619010925293,13.217559814453125,21.541231155395508,31.716048297751325,-25.303774497389558,41.93692437177141,0.8506638937355591,0.9930567741394043,0.0,4.1130984153243215
2026-04-13 15:46:36,2506,570,1,v8_7_phase_2_2_radius_105_120_reward_grid,520,143.7143991197442,212,success,122.12480163574219,14.7362060546875,0.40629085898399353,36.80664825439453,48.5619010925293,12.597190856933594,26.246030807495117,24.444079077127565,-4.068230997502022,4.142698415588555,0.9103655797617939,0.9921380281448364,0.0,4.5875944405838
2026-04-13 15:46:41,2506,571,1,v8_7_phase_2_2_radius_105_120_reward_grid,520,163.5473228583378,212,success,121.4508285522461,14.887284278869629,0.40629085898399353,36.41067886352539,48.5619010925293,12.995216369628906,17.432571411132812,25.98696246157279,-24.676189395692106,-15.9141836717788,0.8988937734947873,0.9778000116348267,0.0,0.3671477410080496
2026-04-13 15:46:47,2507,572,1,v8_7_phase_2_2_radius_105_120_reward_grid,520,141.61697232820654,230,success,129.70054626464844,7.895073890686035,0.40629085898399353,42.611873626708984,48.5619010925293,6.796314239501953,24.646486282348633,39.78590997193222,39.846466429113555,34.190400437804335,0.7684409144619841,0.97947758436203,0.0,2.4669287490659215
2026-04-13 15:46:53,2507,573,1,v8_7_phase_2_2_radius_105_120_reward_grid,520,-180.47164245025138,244,near_miss,125.06103515625,7.478755950927734,0.40629085898399353,47.998355865478516,48.5619010925293,1.4266700744628906,2.313994884490967,76.46866692844172,-45.070406842203575,-26.596893231813052,0.23397708425482183,0.9201399087905884,0.0,1.1324737813227417
2026-04-13 15:46:58,2507,574,1,v8_7_phase_2_2_radius_105_120_reward_grid,520,161.8096534223084,214,success,119.81713104248047,14.638372421264648,0.40629085898399353,37.24332809448242,48.5619010925293,12.187301635742188,20.487945556640625,27.505275948026192,-0.10279207917244404,20.913562832884434,0.886968310375196,0.9111343026161194,0.0,1.1291974910325318
2026-04-13 15:47:03,2507,575,1,v8_7_phase_2_2_radius_105_120_reward_grid,520,-206.1613575790115,231,near_miss,128.9327392578125,8.645333290100098,0.40629085898399353,43.09890365600586,48.5619010925293,6.3550567626953125,26.70234489440918,75.22521049947339,-70.24126927343927,147.2239625784378,0.25502032491522136,0.8376113176345825,0.0,2.0902816150210133
2026-04-13 15:47:08,2507,576,1,v8_7_phase_2_2_radius_105_120_reward_grid,520,156.12967842336013,210,success,121.99073028564453,14.688089370727539,0.40629085898399353,36.15748596191406,48.5619010925293,13.241813659667969,25.494247436523438,26.32622820293108,24.43031795349728,-43.421141553888106,0.8962835124267213,0.9999273419380188,0.0,0.5142327344133353
2026-04-13 15:47:12,2507,577,1,v8_7_phase_2_2_radius_105_120_reward_grid,520,162.0603065873829,217,success,127.93607330322266,14.523405075073242,0.40629085898399353,37.650367736816406,48.5619010925293,11.77536392211914,29.627979278564453,29.68375966115988,21.87600991147281,17.893963521578478,0.8687719160059774,0.9239205121994019,0.0,1.234098011642398
2026-04-13 15:47:18,2508,578,1,v8_7_phase_2_2_radius_105_120_reward_grid,520,144.8997175512746,216,success,127.41497802734375,14.661553382873535,0.40629085898399353,38.06010437011719,48.5619010925293,11.344776153564453,29.179973602294922,38.18543272485815,21.807183802753883,19.322420746858484,0.7860140962005043,0.988040566444397,0.0,2.985782012650439
2026-04-13 15:47:23,2508,579,1,v8_7_phase_2_2_radius_105_120_reward_grid,520,-220.43286217394066,214,near_miss,126.16870880126953,17.680328369140625,0.40629085898399353,37.96479415893555,48.5619010925293,11.56076431274414,20.215023040771484,90.61812096398599,-93.75937277459903,-137.6972693656174,-0.010788036731122063,0.6406235098838806,0.0,1.6790465601300513
2026-04-13 15:47:27,2508,580,1,v8_7_phase_2_2_radius_105_120_reward_grid,520,152.04486600997566,207,success,118.48631286621094,14.923561096191406,0.40629085898399353,35.0963020324707,48.5619010925293,14.309906005859375,22.696334838867188,24.93178702726503,16.903937846668885,35.7148030379028,0.9068102889769895,0.9855973720550537,0.0,5.396030476282912
2026-04-13 15:47:32,2508,581,1,v8_7_phase_2_2_radius_105_120_reward_grid,520,156.56920324672106,211,success,122.78076934814453,14.725379943847656,0.40629085898399353,36.458011627197266,48.5619010925293,12.943405151367188,26.042482376098633,33.55329746749847,9.438734890462648,32.937887177996565,0.8333720405843135,0.9924406409263611,0.0,3.1103623201363875
2026-04-13 15:47:37,2508,582,1,v8_7_phase_2_2_radius_105_120_reward_grid,520,-253.6618037335793,215,near_miss,128.4957275390625,17.866928100585938,0.40629085898399353,38.431758880615234,48.5619010925293,11.052406311035156,26.032983779907227,92.72602662487864,-88.3873606904923,176.62959352150017,-0.047560191856672186,0.754814624786377,0.0,0.9545450185671556
2026-04-13 15:47:42,2509,583,1,v8_7_phase_2_2_radius_105_120_reward_grid,520,132.469669493013,226,success,127.59011840820312,10.657397270202637,0.40629085898399353,41.627586364746094,48.5619010925293,7.772258758544922,28.63323974609375,40.35203361638331,-36.37333572672958,11.820210118181823,0.7620806280050271,0.9971764087677002,0.0,0.40093713046973933
2026-04-13 15:47:47,2509,584,1,v8_7_phase_2_2_radius_105_120_reward_grid,520,151.05452091828857,214,success,122.63780212402344,14.583394050598145,0.40629085898399353,37.34693908691406,48.5619010925293,12.053375244140625,25.05742645263672,35.21814583240532,-30.39975131637939,-24.5322858476164,0.816962298637073,0.9964973330497742,0.0,0.8925275566709208
2026-04-13 15:47:51,2509,585,1,v8_7_phase_2_2_radius_105_120_reward_grid,520,147.91220082823273,209,success,120.94799041748047,14.837793350219727,0.40629085898399353,35.41203308105469,48.5619010925293,13.558174133300781,24.860673904418945,28.363007688901806,28.36290694361155,-44.06110978855079,0.8799554703909294,0.9970511198043823,0.0,6.179000380088001
2026-04-13 15:47:56,2509,586,1,v8_7_phase_2_2_radius_105_120_reward_grid,520,154.2743564349042,208,success,119.34650421142578,14.924116134643555,0.40629085898399353,35.48665237426758,48.5619010925293,13.915977478027344,23.9626407623291,15.839662892839375,-1.874923639435289,5.808634915007556,0.9620292775175996,0.9945287108421326,0.0,6.286872141656418
2026-04-13 15:48:01,2509,587,1,v8_7_phase_2_2_radius_105_120_reward_grid,520,169.08796697588767,210,success,121.1533203125,14.896319389343262,0.40629085898399353,35.05039596557617,48.5619010925293,14.40274429321289,20.49667739868164,20.79631922068658,-20.91272101206923,-25.169001204686868,0.9348484871483463,0.8440369963645935,0.0,3.2181374779785092
2026-04-13 15:48:06,2509,588,1,v8_7_phase_2_2_radius_105_120_reward_grid,520,138.0719232773165,212,success,122.77902221679688,14.789440155029297,0.40629085898399353,36.753414154052734,48.5619010925293,12.654094696044922,26.588516235351562,33.994254480314495,22.178703404920263,-23.497394367596286,0.8290936432644651,0.977817177772522,0.0,2.507745505976566
2026-04-13 15:48:11,2510,589,1,v8_7_phase_2_2_radius_105_120_reward_grid,520,143.58866040498833,220,success,128.45904541015625,14.693888664245605,0.40629085898399353,39.467132568359375,48.5619010925293,9.938453674316406,27.72289276123047,38.05575133818171,5.008481668835147,2.6300221830779433,0.7874113146916414,0.9860665202140808,0.0,3.2846853385043193
2026-04-13 15:48:16,2510,590,1,v8_7_phase_2_2_radius_105_120_reward_grid,520,-174.75601300710747,234,near_miss,116.7793960571289,10.499238967895508,0.40629085898399353,43.53911590576172,48.5619010925293,5.911602020263672,-2.0218615531921387,75.9837030068033,-26.109473857168016,101.10925737817972,0.2421978730287573,0.8467002511024475,0.0,2.096836702783452
2026-04-13 15:48:21,2510,591,1,v8_7_phase_2_2_radius_105_120_reward_grid,520,153.49945275557093,214,success,126.33943176269531,14.98313045501709,0.40629085898399353,37.307498931884766,48.5619010925293,12.096267700195312,28.695154190063477,39.75750663026872,35.27342255335824,26.883838016581752,0.7687580491095788,0.9872639775276184,0.0,1.0242242880225383
2026-04-13 15:48:26,2510,592,1,v8_7_phase_2_2_radius_105_120_reward_grid,520,150.13672792163476,210,success,120.11479187011719,14.894035339355469,0.40629085898399353,35.85234451293945,48.5619010925293,13.55929183959961,24.107070922851562,28.026731862852692,11.794665210685976,22.774430796781484,0.8827284605748653,0.9716796278953552,0.0,4.951466281382072
2026-04-13 15:48:32,2510,593,1,v8_7_phase_2_2_radius_105_120_reward_grid,520,-157.84762160605163,248,near_miss,124.62060546875,3.1787478923797607,0.40629085898399353,50.06513977050781,48.5619010925293,-0.63214111328125,-13.20526123046875,77.10647682332667,81.25228553630852,-10.481731243706628,0.22313992573503172,0.896514356136322,0.0,0.9204197752847032
2026-04-13 15:48:38,2511,594,1,v8_7_phase_2_2_radius_105_120_reward_grid,520,136.422539014032,213,success,125.11176300048828,14.597678184509277,0.40629085898399353,37.156009674072266,48.5619010925293,12.245037078857422,28.014368057250977,34.372978224507946,32.5237489029566,26.690535125333927,0.8253798556518271,0.9974133968353271,0.0,5.566257325296236
2026-04-13 15:48:43,2511,595,1,v8_7_phase_2_2_radius_105_120_reward_grid,520,-147.16865781176807,235,near_miss,124.61026000976562,7.992015838623047,0.40629085898399353,44.561004638671875,48.5619010925293,4.869712829589844,0.48156437277793884,75.83236650536332,-74.76376291914733,-64.38917002276152,0.2447597050670002,0.9044094681739807,0.0,0.6159549247616385
2026-04-13 15:48:49,2511,596,1,v8_7_phase_2_2_radius_105_120_reward_grid,520,142.6077340705572,213,success,120.19572448730469,14.766818046569824,0.40629085898399353,36.44447326660156,48.5619010925293,12.960224151611328,22.80189323425293,32.68805251853584,-22.943407969300306,-26.89664803637011,0.8416234161216005,0.9862297773361206,0.0,1.5628549785051253
2026-04-13 15:48:53,2511,597,1,v8_7_phase_2_2_radius_105_120_reward_grid,520,147.1422592435599,208,success,120.14461517333984,14.994319915771484,0.40629085898399353,35.08407211303711,48.5619010925293,13.884376525878906,24.86325454711914,25.501802171995738,25.337175829978214,38.20561251876095,0.902571742678369,0.9979485869407654,0.0,0.2859384517508889
2026-04-13 15:48:58,2511,598,1,v8_7_phase_2_2_radius_105_120_reward_grid,520,148.21109204144335,213,success,123.8995590209961,14.97125244140625,0.40629085898399353,36.90242385864258,48.5619010925293,12.502182006835938,27.553241729736328,32.22560431549637,-1.2470968130742424,-18.93049936964127,0.8459549501010852,0.9890962839126587,0.0,4.974800959801312
2026-04-13 15:49:03,2511,599,1,v8_7_phase_2_2_radius_105_120_reward_grid,520,136.60126686646652,229,success,128.23109436035156,8.230561256408691,0.40629085898399353,42.588714599609375,48.5619010925293,6.8121795654296875,26.694629669189453,40.17207179213182,-6.773088788551444,-38.154573930188036,0.7641105592513645,0.9932170510292053,0.0,0.9831381761006132
2026-04-13 15:49:09,2512,600,1,v8_7_phase_2_2_radius_105_120_reward_grid,520,141.86670548754097,213,success,123.68315124511719,14.744407653808594,0.40629085898399353,37.12946319580078,48.5619010925293,12.287487030029297,27.2605037689209,25.0799816416868,2.2515108150789964,-12.223990411345467,0.905716953187642,0.9483479261398315,0.0,3.688753714783994
2026-04-13 15:49:14,2512,601,1,v8_7_phase_2_2_radius_105_120_reward_grid,520,136.86994053237143,219,success,127.56891632080078,14.490421295166016,0.40629085898399353,39.13532257080078,48.5619010925293,10.2694091796875,27.10803985595703,39.92597666124167,-20.260719691636275,13.028054794591354,0.7668742536566064,0.9881178140640259,0.0,2.387982325005182
2026-04-13 15:49:19,2512,602,1,v8_7_phase_2_2_radius_105_120_reward_grid,520,168.26793893526772,207,success,115.97785949707031,14.85079288482666,0.40629085898399353,34.77733612060547,48.5619010925293,14.624122619628906,11.923651695251465,13.536482977349701,-10.392354803322426,24.7289423617467,0.9722210773987415,0.9909643530845642,0.0,2.5427335271457028
2026-04-13 15:49:24,2512,603,1,v8_7_phase_2_2_radius_105_120_reward_grid,520,153.06739482678813,210,success,118.77880859375,14.658918380737305,0.40629085898399353,35.82179641723633,48.5619010925293,13.583396911621094,22.206483840942383,14.554704526926754,-14.200904996788324,6.659511707277418,0.9679081427901766,0.9875928163528442,0.0,5.120783879136359
2026-04-13 15:49:29,2512,604,1,v8_7_phase_2_2_radius_105_120_reward_grid,520,150.38893264303533,210,success,120.1627426147461,14.539097785949707,0.40629085898399353,35.93851089477539,48.5619010925293,13.461795806884766,24.384864807128906,24.226988344547877,-0.9366996132949533,28.42917856158089,0.9119269267016173,0.9971927404403687,0.0,4.426171306684092
2026-04-13 15:49:38,2513,605,1,v8_7_phase_2_2_radius_105_120_reward_grid,520,-833.7815606613183,393,low_agl,119.59720611572266,139.2003936767578,0.40629085898399353,0.3715311884880066,48.5619010925293,49.35010528564453,-39.85474395751953,34.496297289972524,3.6564482839520616,-32.56345620769647,0.8241627906103058,0.1171628087759018,0.0,5.0983407832349465
2026-04-13 15:49:43,2513,606,1,v8_7_phase_2_2_radius_105_120_reward_grid,520,135.2012151693578,225,success,128.68341064453125,10.207019805908203,0.40629085898399353,41.393550872802734,48.5619010925293,8.006404876708984,28.98686408996582,40.46024771849841,34.81476852040271,38.47329446252292,0.7608563749253541,0.9991556406021118,0.0,2.685143703649491
2026-04-13 15:49:48,2513,607,1,v8_7_phase_2_2_radius_105_120_reward_grid,520,152.3809076664553,207,success,115.84708404541016,14.6434965133667,0.40629085898399353,35.12651062011719,48.5619010925293,14.27688217163086,18.952503204345703,10.987451256459066,-10.234699523126546,-14.595598577034913,0.9816689502968784,0.9900637269020081,0.0,5.187981068161118
2026-04-13 15:49:53,2513,608,1,v8_7_phase_2_2_radius_105_120_reward_grid,520,159.99244342387,214,success,126.73957824707031,14.506919860839844,0.40629085898399353,37.035621643066406,48.5619010925293,12.369464874267578,28.764217376708984,32.40101381866605,32.721739011522345,21.243932252848783,0.844318444196685,0.9793745875358582,0.0,0.6526248095231675
2026-04-13 15:49:58,2513,609,1,v8_7_phase_2_2_radius_105_120_reward_grid,520,-239.5861915133891,206,near_miss,119.71661376953125,17.965730667114258,0.40629085898399353,34.74173355102539,48.5619010925293,14.75839614868164,23.05162239074707,77.65103414547346,-77.41969563828512,-157.39810308306207,0.21386530655546435,0.7109934091567993,0.0,0.5801602820030545
2026-04-13 15:50:04,2514,610,1,v8_7_phase_2_2_radius_105_120_reward_grid,520,162.93735316609298,210,success,116.27618408203125,14.676188468933105,0.40629085898399353,35.716758728027344,48.5619010925293,13.711429595947266,19.106788635253906,17.65580677805118,11.014154734792877,15.971106468321686,0.9528957037851753,0.9187770485877991,0.0,1.0779232531080332
2026-04-13 15:50:09,2514,611,1,v8_7_phase_2_2_radius_105_120_reward_grid,520,157.75828108066568,216,success,128.87326049804688,14.512451171875,0.40629085898399353,37.967716217041016,48.5619010925293,11.43603515625,28.180587768554688,29.450925342543314,26.904195395402972,-3.0294183485680852,0.8707771444810004,0.9882445335388184,0.0,3.583156272151496
2026-04-13 15:50:14,2514,612,1,v8_7_phase_2_2_radius_105_120_reward_grid,520,152.65740918009274,210,success,122.46627044677734,14.933507919311523,0.40629085898399353,36.06714630126953,48.5619010925293,13.334224700927734,26.378381729125977,20.001408144702157,8.276733589988595,-6.114412665752095,0.9396842147546585,0.991022527217865,0.0,0.6252731647960711
2026-04-13 15:50:18,2514,613,1,v8_7_phase_2_2_radius_105_120_reward_grid,520,152.96209970738622,208,success,118.4398422241211,14.63559627532959,0.40629085898399353,35.498172760009766,48.5619010925293,13.902095794677734,23.41796875,16.527343413949183,-9.636025758412112,13.044213314620311,0.9586840843052808,0.9986032843589783,0.0,5.087400526269766
2026-04-13 15:50:23,2514,614,1,v8_7_phase_2_2_radius_105_120_reward_grid,520,181.65535969801408,211,success,117.52326965332031,14.833677291870117,0.40629085898399353,35.77863693237305,48.5619010925293,13.624221801757812,22.15662384033203,18.14962774749581,8.46763310842222,11.71798096932695,0.9502462772453859,0.9866361618041992,0.0,0.4279350962496031
2026-04-13 15:50:28,2514,615,1,v8_7_phase_2_2_radius_105_120_reward_grid,520,-153.30163999323054,224,near_miss,122.42997741699219,14.221529006958008,0.40629085898399353,39.38798522949219,48.5619010925293,10.074542999267578,-5.834042549133301,75.60177248879452,-73.20274367490842,-140.5019772652564,0.24865992318439714,0.8137795925140381,0.0,0.4274234787779361
2026-04-13 15:50:33,2515,616,1,v8_7_phase_2_2_radius_105_120_reward_grid,520,150.97442696778907,209,success,116.79254150390625,14.594792366027832,0.40629085898399353,35.50381851196289,48.5619010925293,13.899063110351562,22.274694442749023,14.964468065803329,-9.19460173141159,13.995836250921508,0.966086146972918,0.992417573928833,0.0,4.655186017186965
2026-04-13 15:50:38,2515,617,1,v8_7_phase_2_2_radius_105_120_reward_grid,520,155.13125149397422,213,success,124.91295623779297,14.671900749206543,0.40629085898399353,36.890811920166016,48.5619010925293,12.521942138671875,27.15106201171875,14.585940689548515,12.125382116524346,1.0171178336958604,0.9677709944437303,0.9567590355873108,0.0,3.0153119298299242
2026-04-13 15:50:42,2515,618,1,v8_7_phase_2_2_radius_105_120_reward_grid,520,175.90649193009435,210,success,123.0821533203125,14.628264427185059,0.40629085898399353,35.77655792236328,48.5619010925293,13.635955810546875,20.787616729736328,21.994354891674327,-12.765106171924202,-17.566934064118268,0.9272207584534163,0.9563984870910645,0.0,1.3284999447551165
2026-04-13 15:50:47,2515,619,1,v8_7_phase_2_2_radius_105_120_reward_grid,520,179.2077153696553,208,success,120.31731414794922,14.903549194335938,0.40629085898399353,35.1976432800293,48.5619010925293,14.216072082519531,22.771949768066406,12.3503267128759,-9.075972444585869,10.384257614061376,0.9768580787226772,0.9519460201263428,0.0,1.7439063781530493
2026-04-13 15:50:51,2515,620,1,v8_7_phase_2_2_radius_105_120_reward_grid,520,176.40055344739287,207,success,118.54497528076172,14.68006706237793,0.40629085898399353,35.0740852355957,48.5619010925293,14.325630187988281,21.591506958007812,11.587774511858058,-1.261295175533112,16.71626986148632,0.979618132305122,0.9963915944099426,0.0,1.4298794421661734
2026-04-13 15:50:55,2515,621,1,v8_7_phase_2_2_radius_105_120_reward_grid,520,165.34794645844954,206,success,117.361328125,14.897127151489258,0.40629085898399353,34.79072570800781,48.5619010925293,14.609733581542969,20.262784957885742,15.705796307749003,11.987651351911039,35.13613575104098,0.9626643662996204,0.9957594871520996,0.0,0.9021232814034192
2026-04-13 15:51:01,2516,622,1,v8_7_phase_2_2_radius_105_120_reward_grid,520,167.32993595028216,207,success,118.54887390136719,14.857712745666504,0.40629085898399353,35.0019416809082,48.5619010925293,14.39754867553711,21.85306739807129,13.950293403309509,12.917520135705745,-19.115793864087255,0.9705052389456793,0.9993127584457397,0.0,2.8462361867753927
2026-04-13 15:51:05,2516,623,1,v8_7_phase_2_2_radius_105_120_reward_grid,520,157.2687914050401,208,success,118.94757080078125,14.979728698730469,0.40629085898399353,35.15131378173828,48.5619010925293,14.249897003173828,18.722063064575195,24.55158283956898,0.3121604558022101,-40.00966013895267,0.9095875578144966,0.9927619695663452,0.0,0.9338035400408974
2026-04-13 15:51:10,2516,624,1,v8_7_phase_2_2_radius_105_120_reward_grid,520,145.12325239036807,214,success,122.69927978515625,14.887922286987305,0.40629085898399353,37.30823516845703,48.5619010925293,12.098621368408203,22.90941047668457,30.71095864062727,-20.70394774235133,-13.806765515638155,0.8597546072051907,0.9831036329269409,0.0,3.0760089432901454
2026-04-13 15:51:13,2516,625,1,v8_7_phase_2_2_radius_105_120_reward_grid,520,172.5465842285415,209,success,120.3678207397461,14.812498092651367,0.40629085898399353,35.45596694946289,48.5619010925293,13.95626449584961,19.85681915283203,10.511405854329395,-7.029311809320248,8.243891479138235,0.9832186105080275,0.9568727612495422,0.0,2.42162361418579
2026-04-13 15:51:17,2516,626,1,v8_7_phase_2_2_radius_105_120_reward_grid,520,147.21909687437332,214,success,125.77115631103516,14.7753324508667,0.40629085898399353,37.08662033081055,48.5619010925293,11.88363265991211,28.856319427490234,29.14607009422355,26.654632235961756,-1.4423130110633156,0.8733808905760966,0.9917659759521484,0.0,1.2069941712379144
2026-04-13 15:51:22,2517,627,1,v8_7_phase_2_2_radius_105_120_reward_grid,520,147.50600988891966,209,success,120.86601257324219,14.903021812438965,0.40629085898399353,35.77668380737305,48.5619010925293,13.624126434326172,23.38289451599121,28.254668935834356,28.101797349378426,-38.08900069906133,0.880852165264324,0.9964765906333923,0.0,2.7412875915923487
2026-04-13 15:51:26,2517,628,1,v8_7_phase_2_2_radius_105_120_reward_grid,520,153.41863517677422,209,success,118.7571029663086,14.681236267089844,0.40629085898399353,35.627620697021484,48.5619010925293,13.77426528930664,24.073461532592773,14.47492450232642,-4.303022165315795,-8.900105318741796,0.9682571264640806,0.9902607202529907,0.0,0.8950570415270969
2026-04-13 15:51:30,2517,629,1,v8_7_phase_2_2_radius_105_120_reward_grid,520,151.48104088067026,208,success,117.71553802490234,14.725082397460938,0.40629085898399353,35.19545364379883,48.5619010925293,14.21127700805664,22.014663696289062,20.774628247429913,-4.243532498305453,-26.31721747586854,0.9349828334208751,0.9822061657905579,0.0,2.6234300836826345
2026-04-13 15:51:34,2517,630,1,v8_7_phase_2_2_radius_105_120_reward_grid,520,-198.10773656703427,221,near_miss,123.75833892822266,15.369621276855469,0.40629085898399353,40.22267150878906,48.5619010925293,9.21103286743164,20.92240333557129,75.72592483733784,-77.22608709607194,69.22223237003004,0.24656053325255906,0.8947498798370361,0.0,1.1156092985870782
2026-04-13 15:51:38,2517,631,1,v8_7_phase_2_2_radius_105_120_reward_grid,520,151.84119762484303,216,success,126.4233627319336,14.936670303344727,0.40629085898399353,38.0770149230957,48.5619010925293,11.331985473632812,29.292644500732422,28.177098477430523,22.788190212864475,2.568094778864142,0.8814922634945536,0.9753153920173645,0.0,4.785919611477297
2026-04-13 15:51:42,2517,632,1,v8_7_phase_2_2_radius_105_120_reward_grid,520,142.11814919858807,218,success,128.79061889648438,14.831958770751953,0.40629085898399353,38.52092361450195,48.5619010925293,10.881488800048828,28.810138702392578,38.899337757286226,7.163796099643684,12.615906665920798,0.778250406669369,0.9934579133987427,0.0,2.182736515135736
2026-04-13 15:51:46,2518,633,1,v8_7_phase_2_2_radius_105_120_reward_grid,520,156.5235148059623,208,success,120.76409912109375,14.969733238220215,0.40629085898399353,35.20604705810547,48.5619010925293,14.19424819946289,23.963329315185547,21.891063648403517,18.86443094979974,39.249955273045074,0.9278944170546686,0.9980143308639526,0.0,4.5774935369912475
2026-04-13 15:51:50,2518,634,1,v8_7_phase_2_2_radius_105_120_reward_grid,520,161.91714405302977,207,success,117.87628936767578,14.835219383239746,0.40629085898399353,35.088951110839844,48.5619010925293,14.31351089477539,19.38302230834961,21.222434232436168,5.4554249155718635,-32.94059876309706,0.9321821352087303,0.9907642006874084,0.0,3.665558775198478
2026-04-13 15:51:53,2518,635,1,v8_7_phase_2_2_radius_105_120_reward_grid,520,150.9452226589732,208,success,116.22941589355469,14.841973304748535,0.40629085898399353,35.28273391723633,48.5619010925293,14.120769500732422,19.034198760986328,11.457877974222756,-6.480865121327972,6.161022303535085,0.9800710087297557,0.9912118911743164,0.0,3.2100798534054946
2026-04-13 15:51:57,2518,636,1,v8_7_phase_2_2_radius_105_120_reward_grid,520,141.43723341857142,213,success,124.11239624023438,14.675339698791504,0.40629085898399353,37.1508903503418,48.5619010925293,12.248741149902344,27.380329132080078,35.53565742125712,-7.085237825131136,-40.383319297876554,0.8137539663924163,0.9992473721504211,0.0,4.3732966077368705
2026-04-13 15:52:01,2518,637,1,v8_7_phase_2_2_radius_105_120_reward_grid,520,148.76770921255786,219,success,128.15077209472656,14.427229881286621,0.40629085898399353,39.11400604248047,48.5619010925293,10.29867172241211,29.780113220214844,32.34226736161477,21.19465243798714,-9.37664847090723,0.8448674090582219,0.9564886689186096,0.0,2.701766735875724
2026-04-13 15:52:04,2518,638,1,v8_7_phase_2_2_radius_105_120_reward_grid,520,146.51696107979018,212,success,121.15715789794922,14.944906234741211,0.40629085898399353,36.18165969848633,48.5619010925293,13.227130889892578,25.765308380126953,36.10692419815323,-10.948896546141636,28.938630418941095,0.8079186735852808,0.969158411026001,0.0,1.1400137136350634
2026-04-13 15:52:08,2519,639,1,v8_7_phase_2_2_radius_105_120_reward_grid,520,163.44189879066985,207,success,118.95252990722656,14.71656608581543,0.40629085898399353,35.05111312866211,48.5619010925293,14.348991394042969,21.06052589416504,12.383430078462013,12.376675875146518,-18.492197592865093,0.9767343388801378,0.9964858293533325,0.0,2.6974626814947893
2026-04-13 15:52:12,2519,640,1,v8_7_phase_2_2_radius_105_120_reward_grid,520,-152.93679549609465,243,near_miss,127.82534790039062,3.772216796875,0.40629085898399353,47.760231018066406,48.5619010925293,1.6464767456054688,8.686798095703125,76.62762592099543,-75.86267888489985,-44.58629669421141,0.2312788397653887,0.9762522578239441,0.0,1.3517594748546193
2026-04-13 15:52:16,2519,641,1,v8_7_phase_2_2_radius_105_120_reward_grid,520,-167.25788067785618,242,near_miss,120.38201141357422,15.117810249328613,0.40629085898399353,47.858150482177734,48.5619010925293,1.5531730651855469,-17.1635799407959,75.20449453572074,-69.92672540178184,-14.03822184358967,0.2553699152241698,0.9590967893600464,0.0,1.5619725499125978
2026-04-13 15:52:20,2519,642,1,v8_7_phase_2_2_radius_105_120_reward_grid,520,139.93822429983646,213,success,122.02811431884766,14.830951690673828,0.40629085898399353,36.81523513793945,48.5619010925293,12.589061737060547,25.53519058227539,36.39914359650847,-20.02458980674518,28.219981820134446,0.8049026671340919,0.987064003944397,0.0,2.753484217206271
2026-04-13 15:52:24,2519,643,1,v8_7_phase_2_2_radius_105_120_reward_grid,520,155.7292607909588,208,success,116.42835998535156,14.976760864257812,0.40629085898399353,35.0224609375,48.5619010925293,14.385868072509766,21.998226165771484,4.4872477351566715,0.15701751128213062,-2.2068983672980003,0.996934771604007,0.9774026870727539,0.0,4.879641567483435
2026-04-13 15:52:28,2520,644,1,v8_7_phase_2_2_radius_105_120_reward_grid,520,142.11911732804543,212,success,125.44222259521484,14.906468391418457,0.40629085898399353,36.56092834472656,48.5619010925293,12.840084075927734,26.993745803833008,35.44315616932764,29.50251376134442,-40.99803290808312,0.8146912399740067,0.996061384677887,0.0,4.715767321118907
2026-04-13 15:52:32,2520,645,1,v8_7_phase_2_2_radius_105_120_reward_grid,520,129.07841905766034,227,success,127.12031555175781,8.533424377441406,0.40629085898399353,41.964515686035156,48.5619010925293,7.446403503417969,27.814470291137695,39.806670331914475,10.09309433370655,31.93990091760932,0.7682089972934868,0.9672917723655701,0.0,4.34122027296979
2026-04-13 15:52:36,2520,646,1,v8_7_phase_2_2_radius_105_120_reward_grid,520,154.78124313179873,207,success,117.2422103881836,14.74747371673584,0.40629085898399353,35.088531494140625,48.5619010925293,14.314102172851562,19.722238540649414,21.65826689582739,-18.39888354842438,41.62482570783685,0.9294016412111553,0.9905697703361511,0.0,1.907590815086715
2026-04-13 15:52:39,2520,647,1,v8_7_phase_2_2_radius_105_120_reward_grid,520,148.80470505260155,207,success,117.86305236816406,14.599261283874512,0.40629085898399353,35.060943603515625,48.5619010925293,14.343544006347656,20.67347526550293,19.24512520356874,8.459906456923644,42.031201472885094,0.9441170674672883,0.9887328147888184,0.0,5.163383830627967
2026-04-13 15:52:43,2520,648,1,v8_7_phase_2_2_radius_105_120_reward_grid,520,149.01780906684937,213,success,125.056884765625,14.712943077087402,0.40629085898399353,36.56580352783203,48.5619010925293,12.839672088623047,24.442567825317383,39.47847291210619,27.044332094151418,44.46791585551675,0.7718635153134369,0.984024167060852,0.0,1.6475144047225845
2026-04-13 15:52:47,2520,649,1,v8_7_phase_2_2_radius_105_120_reward_grid,520,148.25513838387542,207,success,119.64337158203125,14.910989761352539,0.40629085898399353,35.124446868896484,48.5619010925293,14.277786254882812,22.853801727294922,22.935295412113625,22.13334411864221,40.68219471557797,0.9209455222100938,0.9937878251075745,0.0,2.346152928580787
2026-04-13 15:52:52,2521,650,1,v8_7_phase_2_2_radius_105_120_reward_grid,520,155.4083416654479,217,success,119.51393127441406,14.547630310058594,0.40629085898399353,38.042762756347656,48.5619010925293,11.358745574951172,26.474170684814453,37.83421073735776,-35.267753496347126,-19.75508591002211,0.7897889108691942,0.9897239208221436,0.0,0.9467987828099326
2026-04-13 15:52:56,2521,651,1,v8_7_phase_2_2_radius_105_120_reward_grid,520,134.60559219624594,221,success,128.73464965820312,11.975448608398438,0.40629085898399353,39.912132263183594,48.5619010925293,9.488330841064453,29.321788787841797,40.52160330781263,39.791520972335384,-36.16780850441472,0.7601610379137776,0.9981023669242859,0.0,2.8857647465507306
2026-04-13 15:53:01,2521,652,1,v8_7_phase_2_2_radius_105_120_reward_grid,520,-157.42558302936956,248,near_miss,129.3255157470703,5.631516933441162,0.40629085898399353,49.65008544921875,48.5619010925293,-0.23159408569335938,-22.780132293701172,77.10359448349693,80.89769626554731,-7.879904721852732,0.22318896337065017,0.9513944387435913,0.0,4.403253681150417
2026-04-13 15:53:04,2521,653,1,v8_7_phase_2_2_radius_105_120_reward_grid,520,158.70747944164282,211,success,118.53569030761719,14.694448471069336,0.40629085898399353,36.3639030456543,48.5619010925293,13.036979675292969,25.45315170288086,23.782001520121547,-23.08928202695156,8.963426294989691,0.9150863894912463,0.9965758323669434,0.0,2.390040759454696
2026-04-13 15:53:11,2522,654,1,v8_7_phase_2_2_radius_105_120_reward_grid,520,-753.8164825760003,338,low_agl,128.267822265625,99.3582534790039,0.40629085898399353,0.3120042085647583,48.5619010925293,49.660400390625,-43.653053283691406,63.63804045935687,76.86035095658526,14.605604804168982,0.4440403901881519,-0.5317604541778564,0.0,3.980381995410825
2026-04-13 15:53:15,2522,655,1,v8_7_phase_2_2_radius_105_120_reward_grid,520,176.82341655710383,208,success,120.77130889892578,14.90567684173584,0.40629085898399353,34.983726501464844,48.5619010925293,14.426464080810547,19.358055114746094,1.3471198108272016,-0.4173098573728077,-0.6718788784649843,0.9997236132756083,0.9626069664955139,0.0,0.37901751101368153
2026-04-13 15:53:19,2522,656,1,v8_7_phase_2_2_radius_105_120_reward_grid,520,-154.95896892434078,237,near_miss,126.72700500488281,6.365531921386719,0.40629085898399353,46.26555633544922,48.5619010925293,3.1584510803222656,4.8254218101501465,75.99156455453799,-75.90205492546497,-41.32882921487059,0.24206474602420633,0.9221026301383972,0.0,0.7247415863828404
2026-04-13 15:53:23,2522,657,1,v8_7_phase_2_2_radius_105_120_reward_grid,520,135.69992573167755,222,success,127.92215728759766,10.993959426879883,0.40629085898399353,40.25312042236328,48.5619010925293,9.148445129394531,28.618785858154297,40.115398297493634,12.746329128122191,37.017910923987436,0.7647482644330099,0.9917083382606506,0.0,1.212182224378382
2026-04-13 15:53:26,2522,658,1,v8_7_phase_2_2_radius_105_120_reward_grid,520,167.95296338034814,214,success,126.0760726928711,14.633698463439941,0.40629085898399353,37.029579162597656,48.5619010925293,12.375072479248047,27.912939071655273,22.889620229586455,22.2218343419816,6.4914621598252475,0.9212558845987905,0.9818862676620483,0.0,3.1464944571460958
2026-04-13 15:53:31,2522,659,1,v8_7_phase_2_2_radius_105_120_reward_grid,520,-173.20145538570614,237,near_miss,121.70048522949219,12.589432716369629,0.40629085898399353,45.94609451293945,48.5619010925293,3.509723663330078,0.3407753109931946,75.02304373023017,-54.29508616539896,-78.6981021452364,0.258430539472414,0.8338649272918701,0.0,1.06087772201569
2026-04-13 15:53:34,2523,660,1,v8_7_phase_2_2_radius_105_120_reward_grid,520,162.5304572239459,207,success,118.0166015625,14.630644798278809,0.40629085898399353,35.133663177490234,48.5619010925293,14.266387939453125,21.05113410949707,16.600906258857513,13.71830773569732,39.92542683101348,0.9583180555549419,0.9975888729095459,0.0,3.2182235533162933
2026-04-13 15:53:38,2523,661,1,v8_7_phase_2_2_radius_105_120_reward_grid,520,-225.78167924327437,225,near_miss,117.44963073730469,9.318268775939941,0.40629085898399353,42.0866584777832,48.5619010925293,7.386989593505859,17.435161590576172,75.95695598601353,-71.50927340228463,175.5311215180437,0.24265077140337515,0.7829601168632507,0.0,1.5298515295043724
2026-04-13 15:53:43,2523,662,1,v8_7_phase_2_2_radius_105_120_reward_grid,520,138.26044338439812,218,success,127.81288146972656,13.217611312866211,0.40629085898399353,38.70874786376953,48.5619010925293,10.69415283203125,28.793380737304688,40.35566386192718,34.866029090123654,31.31351451411121,0.7620396021772801,0.9926375150680542,0.0,4.738354333361836
2026-04-13 15:53:48,2523,663,1,v8_7_phase_2_2_radius_105_120_reward_grid,520,178.75003593144802,209,success,121.22045135498047,14.967972755432129,0.40629085898399353,35.064979553222656,48.5619010925293,14.340316772460938,17.90651512145996,6.3023538585014585,-2.8316519286976582,4.346813069405686,0.9939564464476667,0.9782329797744751,0.0,2.373028309690775
2026-04-13 15:53:52,2523,664,1,v8_7_phase_2_2_radius_105_120_reward_grid,520,172.7053785037599,210,success,118.78759002685547,14.81174087524414,0.40629085898399353,34.80282974243164,48.5619010925293,14.625,18.710765838623047,14.937543460095139,-6.336451870385455,5.465952371516969,0.9662073838105493,0.9170981645584106,0.0,1.0793242987525185
2026-04-13 15:53:58,2524,665,1,v8_7_phase_2_2_radius_105_120_reward_grid,520,140.01097392119914,211,success,119.63080596923828,14.67033863067627,0.40629085898399353,36.14983367919922,48.5619010925293,13.25131607055664,24.213287353515625,30.178248281595877,-22.531334118936975,31.62817108388994,0.8644657057088407,0.9922213554382324,0.0,0.48322482513714937
2026-04-13 15:54:03,2524,666,1,v8_7_phase_2_2_radius_105_120_reward_grid,520,160.43743187901558,212,success,123.14293670654297,14.606078147888184,0.40629085898399353,36.798179626464844,48.5619010925293,12.601299285888672,26.518329620361328,32.864302134973435,-11.085089664418044,31.08545449772448,0.8399581238260371,0.9974029064178467,0.0,0.7768186980359455
2026-04-13 15:54:08,2524,667,1,v8_7_phase_2_2_radius_105_120_reward_grid,520,-185.57663737297952,232,near_miss,126.81160736083984,7.930014610290527,0.40629085898399353,44.57224655151367,48.5619010925293,4.85614013671875,23.436880111694336,75.4168041358814,-75.24790721808533,-60.21552145872269,0.2517855304035369,0.9106922745704651,0.0,1.4073168578829935
2026-04-13 15:54:12,2524,668,1,v8_7_phase_2_2_radius_105_120_reward_grid,520,162.14760263847447,207,success,116.61532592773438,14.7769136428833,0.40629085898399353,34.957679748535156,48.5619010925293,14.442691802978516,20.67334747314453,16.039464709082466,-2.2642533867493015,32.71261046369662,0.9610716119179346,0.9959836602210999,0.0,3.739000174158861
2026-04-13 15:54:17,2524,669,1,v8_7_phase_2_2_radius_105_120_reward_grid,520,149.1458106098741,212,success,124.18692779541016,14.543431282043457,0.40629085898399353,36.84341812133789,48.5619010925293,12.558486938476562,26.416086196899414,34.973290380849534,23.834325891805722,32.1726635192396,0.819419339856184,0.9927664995193481,0.0,4.251852028980712
2026-04-13 15:54:22,2524,670,1,v8_7_phase_2_2_radius_105_120_reward_grid,520,156.65282350729362,207,success,116.16577911376953,14.612360954284668,0.40629085898399353,35.12821578979492,48.5619010925293,14.271247863769531,21.272048950195312,10.767352679323636,-9.821328790594558,-2.629404691288292,0.9823938617402465,0.9995756149291992,0.0,3.3841335649860946
2026-04-13 15:54:26,2525,671,1,v8_7_phase_2_2_radius_105_120_reward_grid,520,147.22546112573596,215,success,124.86470794677734,14.48444652557373,0.40629085898399353,37.70804977416992,48.5619010925293,11.70040512084961,28.676483154296875,22.431019130596997,18.64316867918447,0.9882491853951553,0.9243395919792106,0.9713902473449707,0.0,3.5750255993888427
2026-04-13 15:54:30,2525,672,1,v8_7_phase_2_2_radius_105_120_reward_grid,520,162.72152797044922,213,success,125.81021118164062,14.894979476928711,0.40629085898399353,36.84441375732422,48.5619010925293,12.561893463134766,28.81709098815918,25.59725065055208,25.046792044962412,11.877640910044228,0.9018532590879753,0.976392388343811,0.0,3.14622981916559
2026-04-13 15:54:34,2525,673,1,v8_7_phase_2_2_radius_105_120_reward_grid,520,165.53320956014355,207,success,115.97380828857422,14.79773998260498,0.40629085898399353,35.0700798034668,48.5619010925293,14.330867767333984,14.686086654663086,20.01423523996344,-15.296973627430598,-35.43387735734017,0.9396076162612695,0.9933974146842957,0.0,2.2240278531021236
2026-04-13 15:54:38,2525,674,1,v8_7_phase_2_2_radius_105_120_reward_grid,520,146.29490757285203,213,success,121.34537506103516,14.985790252685547,0.40629085898399353,37.0003662109375,48.5619010925293,12.399169921875,21.49614906311035,35.380362825193124,-21.98302702293586,-26.315597013487956,0.8153262868300672,0.9976516962051392,0.0,0.5135678316314783
2026-04-13 15:54:42,2525,675,1,v8_7_phase_2_2_radius_105_120_reward_grid,520,166.22618653226928,209,success,118.6139144897461,14.707558631896973,0.40629085898399353,34.91864013671875,48.5619010925293,14.491878509521484,18.717439651489258,23.53844209696077,2.5712351717784667,36.42217157929517,0.9167923308282012,0.966921329498291,0.0,1.3908711320472757
2026-04-13 15:54:47,2525,676,1,v8_7_phase_2_2_radius_105_120_reward_grid,520,-659.0814397091001,263,low_agl,123.9501953125,72.63060760498047,0.40629085898399353,0.2513693869113922,48.5619010925293,49.670223236083984,-14.19188404083252,160.923819411866,-160.51730021284516,-179.95153798660593,-0.9450848638650998,-0.4078691005706787,0.0,4.6037219624853805
2026-04-13 15:54:51,2526,677,1,v8_7_phase_2_2_radius_105_120_reward_grid,520,153.87286231614604,214,success,124.76404571533203,14.476590156555176,0.40629085898399353,37.316104888916016,48.5619010925293,12.086299896240234,26.752622604370117,26.545214313005445,-0.23154653447332638,-4.717272284703422,0.8945819710515917,0.99180668592453,0.0,4.366959505907975
2026-04-13 15:54:54,2526,678,1,v8_7_phase_2_2_radius_105_120_reward_grid,520,143.1212091290941,224,success,125.53291320800781,10.10119342803955,0.40629085898399353,40.50967025756836,48.5619010925293,8.462093353271484,24.281810760498047,40.43535167897371,8.745498864236678,-36.7892840018996,0.7611382705568047,0.9891237616539001,0.0,3.236477380589058
2026-04-13 15:54:58,2526,679,1,v8_7_phase_2_2_radius_105_120_reward_grid,520,148.4792626670709,208,success,116.15863800048828,14.740191459655762,0.40629085898399353,35.35494613647461,48.5619010925293,14.077922821044922,19.270395278930664,15.50142167985659,-7.727687126009828,-15.925858172617644,0.9636238219276465,0.9024599194526672,0.0,1.3188709257137357
2026-04-13 15:55:04,2526,680,1,v8_7_phase_2_2_radius_105_120_reward_grid,520,-263.7737260378598,275,near_miss,122.27596282958984,15.885083198547363,0.40629085898399353,62.23237228393555,48.5619010925293,-12.54171371459961,-18.252408981323242,75.43048500478895,67.48410632061271,-47.50538294169146,0.25155443966039664,0.19626843929290771,0.0,1.5952892764639977
2026-04-13 15:55:08,2526,681,1,v8_7_phase_2_2_radius_105_120_reward_grid,520,-158.1245133009241,226,near_miss,124.0646743774414,9.495346069335938,0.40629085898399353,42.23814392089844,48.5619010925293,7.275394439697266,16.798145294189453,76.08593727830005,-80.98647506437914,125.43810433382,0.2404662886644614,0.6733561754226685,0.0,2.192962190301324
2026-04-13 15:55:11,2527,682,1,v8_7_phase_2_2_radius_105_120_reward_grid,520,148.32126407620603,209,success,118.84724426269531,14.672425270080566,0.40629085898399353,35.739990234375,48.5619010925293,13.663894653320312,24.208995819091797,21.99836592026442,-20.539172843719356,-20.953572373495078,0.9271945379965787,0.9895529747009277,0.0,3.4285833319564385
2026-04-13 15:55:15,2527,683,1,v8_7_phase_2_2_radius_105_120_reward_grid,520,148.44404161453627,210,success,119.4919662475586,14.632368087768555,0.40629085898399353,35.77931213378906,48.5619010925293,13.640274047851562,23.636470794677734,7.8079606317776955,-4.250265357279793,5.452655273863423,0.9907289746909315,0.9477055072784424,0.0,4.4867803568919635
2026-04-13 15:55:19,2527,684,1,v8_7_phase_2_2_radius_105_120_reward_grid,520,171.81407085539882,209,success,121.85051727294922,14.750650405883789,0.40629085898399353,35.42930221557617,48.5619010925293,13.976322174072266,22.221885681152344,7.3042264965264385,5.2197325896744715,-2.6498871479486907,0.9918850668078363,0.9786264896392822,0.0,1.0635276529143607
2026-04-13 15:55:23,2527,685,1,v8_7_phase_2_2_radius_105_120_reward_grid,520,162.73930822869863,213,success,126.33430480957031,14.725264549255371,0.40629085898399353,35.818519592285156,48.5619010925293,13.594097137451172,25.74368667602539,27.90125445761039,26.078244524735428,22.90886087247838,0.8837553848270328,0.9605956077575684,0.0,3.411928979720692
2026-04-13 15:55:28,2527,686,1,v8_7_phase_2_2_radius_105_120_reward_grid,520,135.63400860663833,216,success,127.4969711303711,14.885350227355957,0.40629085898399353,38.32260513305664,48.5619010925293,11.077995300292969,28.724843978881836,38.956195667032,25.7212219990824,3.8598927254568847,0.7776268685028693,0.9985655546188354,0.0,6.368517438143515
2026-04-13 15:55:32,2528,687,1,v8_7_phase_2_2_radius_105_120_reward_grid,520,142.3137018363912,212,success,124.2535629272461,14.601390838623047,0.40629085898399353,36.75233840942383,48.5619010925293,12.648799896240234,26.572729110717773,35.14987809165105,17.11433670140925,-39.08111299676236,0.8176488441738584,0.9952555298805237,0.0,4.550466271246747
2026-04-13 15:55:36,2528,688,1,v8_7_phase_2_2_radius_105_120_reward_grid,520,144.5641186685087,207,success,117.08052062988281,14.960509300231934,0.40629085898399353,34.982608795166016,48.5619010925293,14.418087005615234,21.097240447998047,12.410282113410272,-11.939016136152317,-4.46973256880382,0.976633726907358,0.9983792304992676,0.0,5.769649377238482
2026-04-13 15:55:39,2528,689,1,v8_7_phase_2_2_radius_105_120_reward_grid,520,150.5771541343222,209,success,116.60810852050781,14.726759910583496,0.40629085898399353,35.608524322509766,48.5619010925293,13.802143096923828,20.49717140197754,14.405888365290517,-11.328824964949948,-11.345161069897328,0.9685575978152217,0.9716813564300537,0.0,2.1535928766126458
2026-04-13 15:55:43,2528,690,1,v8_7_phase_2_2_radius_105_120_reward_grid,520,141.92065419600192,214,success,123.7620620727539,14.886979103088379,0.40629085898399353,37.43601608276367,48.5619010925293,11.963844299316406,27.61503028869629,39.58812818413616,-36.40880489908945,-36.79703968170215,0.7706453019355302,0.9980257749557495,0.0,1.0405206157824116
2026-04-13 15:55:48,2528,691,1,v8_7_phase_2_2_radius_105_120_reward_grid,520,-175.09263004280066,235,near_miss,129.34918212890625,9.254449844360352,0.40629085898399353,48.30389404296875,48.5619010925293,1.1125030517578125,2.3404476642608643,75.07428380938362,-87.30234415970077,16.060107248301538,0.2575665079395148,0.9451320171356201,0.0,2.5959303609531905
2026-04-13 15:55:52,2528,692,1,v8_7_phase_2_2_radius_105_120_reward_grid,520,152.10000882215226,215,success,128.01364135742188,14.502697944641113,0.40629085898399353,37.78725814819336,48.5619010925293,11.613075256347656,28.434856414794922,40.16266320655012,38.83271267702734,-38.7662344458356,0.7642164789206686,0.9979355931282043,0.0,2.65904414162224
2026-04-13 15:55:56,2529,693,1,v8_7_phase_2_2_radius_105_120_reward_grid,520,144.40795456301643,209,success,120.0001220703125,14.699706077575684,0.40629085898399353,35.77051544189453,48.5619010925293,13.629936218261719,23.812076568603516,25.549306137673177,-6.395005374592681,29.23540213837815,0.9022144719515784,0.993637204170227,0.0,0.10129190028912856
2026-04-13 15:56:00,2529,694,1,v8_7_phase_2_2_radius_105_120_reward_grid,520,130.72544910175486,220,success,125.98408508300781,11.895670890808105,0.40629085898399353,39.497013092041016,48.5619010925293,9.907154083251953,26.134897232055664,40.29205431018684,-39.158608323085325,-35.11997210837014,0.762758018164873,0.9896007180213928,0.0,3.4693337797804187
2026-04-13 15:56:05,2529,695,1,v8_7_phase_2_2_radius_105_120_reward_grid,520,149.84320699583114,213,success,123.08868408203125,14.680654525756836,0.40629085898399353,37.015472412109375,48.5619010925293,12.395484924316406,24.377092361450195,36.2483774158642,26.44217920182851,24.049370982728988,0.806461349499583,0.971402645111084,0.0,2.330018693487987
2026-04-13 15:56:08,2529,696,1,v8_7_phase_2_2_radius_105_120_reward_grid,520,153.62620815290285,212,success,121.45154571533203,14.589616775512695,0.40629085898399353,36.77043533325195,48.5619010925293,12.630748748779297,22.808565139770508,27.493693654741143,-27.555841545999087,-13.303580356841437,0.8870616508536587,0.9967514276504517,0.0,4.782101111938265
2026-04-13 15:56:16,2529,697,1,v8_7_phase_2_2_radius_105_120_reward_grid,520,-1129.902976972775,431,low_agl,128.61643981933594,52.63702392578125,0.40629085898399353,0.24143709242343903,48.5619010925293,49.67483139038086,-0.7307406067848206,108.13342392062083,108.69154599845925,78.99818650642092,-0.31123086718323323,-0.39133715629577637,0.0,5.9373817520432635
2026-04-13 15:56:20,2530,698,1,v8_7_phase_2_2_radius_105_120_reward_grid,520,153.77220006692906,216,success,125.07477569580078,13.253486633300781,0.40629085898399353,37.84751510620117,48.5619010925293,11.562816619873047,27.22433090209961,40.38112680715298,40.77310111833626,32.958049896426445,0.7617517564956503,0.9675450921058655,0.0,0.832233955636462
2026-04-13 15:56:24,2530,699,1,v8_7_phase_2_2_radius_105_120_reward_grid,520,139.0830009979819,212,success,123.55445098876953,14.930120468139648,0.40629085898399353,37.886260986328125,48.5619010925293,11.552642822265625,28.669387817382812,31.130294689625615,-29.825906143071602,31.692603673425257,0.8559938520139284,0.8807142376899719,0.0,2.5049923180578038
2026-04-13 15:56:28,2530,700,1,v8_7_phase_2_2_radius_105_120_reward_grid,520,135.99013101395275,215,success,125.58580017089844,14.607080459594727,0.40629085898399353,37.83005142211914,48.5619010925293,11.56985092163086,26.032739639282227,40.39408026091391,7.531112574149568,-44.714646193999705,0.7616052665317989,0.9988280534744263,0.0,2.51443572482904
2026-04-13 15:56:33,2530,701,1,v8_7_phase_2_2_radius_105_120_reward_grid,520,148.7791742738037,212,success,122.754150390625,14.83064079284668,0.40629085898399353,36.6928596496582,48.5619010925293,12.709426879882812,25.688447952270508,26.37480963095009,-18.145222275481153,9.181848060683883,0.8959071596904021,0.9943726658821106,0.0,4.860240338384717
2026-04-13 15:56:37,2530,702,1,v8_7_phase_2_2_radius_105_120_reward_grid,520,146.48069116245466,210,success,122.53069305419922,14.578635215759277,0.40629085898399353,36.0172119140625,48.5619010925293,13.383285522460938,24.12266731262207,28.30959219449772,19.900702128032197,-40.44402601921963,0.8803979715145626,0.995945155620575,0.0,4.077726640879605
2026-04-13 15:56:43,2531,703,1,v8_7_phase_2_2_radius_105_120_reward_grid,520,170.274796391941,209,success,121.50264739990234,14.764702796936035,0.40629085898399353,35.30483627319336,48.5619010925293,14.12612533569336,22.566608428955078,17.852058603473157,-5.21067789326915,-19.312535755582182,0.9518512468379536,0.9025369882583618,0.0,2.2425893943933874
2026-04-13 15:56:48,2531,704,1,v8_7_phase_2_2_radius_105_120_reward_grid,520,148.7642738942772,210,success,119.96847534179688,14.615228652954102,0.40629085898399353,36.18406677246094,48.5619010925293,13.220512390136719,24.45077133178711,30.282265232466003,-23.560990258958274,-29.45672075805407,0.8635516757223595,0.9882622957229614,0.0,3.3884738133754118
2026-04-13 15:56:53,2531,705,1,v8_7_phase_2_2_radius_105_120_reward_grid,520,-302.25702145867757,218,near_miss,128.94937133789062,17.90829849243164,0.40629085898399353,41.08732223510742,48.5619010925293,8.36849594116211,25.2525577545166,84.11243408144054,-89.89907279911289,-114.43393875068826,0.10257666827943722,0.832475483417511,0.0,0.5474074873053677
2026-04-13 15:56:57,2531,706,1,v8_7_phase_2_2_radius_105_120_reward_grid,520,160.57391155416195,212,success,122.92105865478516,14.738574028015137,0.40629085898399353,35.726497650146484,48.5619010925293,13.68588638305664,25.021360397338867,26.131417547423975,21.359478563037886,22.070870085851396,0.8977862046764553,0.963642954826355,0.0,3.3685494659764723
2026-04-13 15:57:03,2531,707,1,v8_7_phase_2_2_radius_105_120_reward_grid,520,150.67904866704816,210,success,122.47881317138672,14.78290843963623,0.40629085898399353,36.000465393066406,48.5619010925293,13.399532318115234,25.482921600341797,23.27470971008636,23.2625383129854,11.018162348288381,0.9186208851867854,0.9990766644477844,0.0,2.4873144362692847
2026-04-13 15:57:08,2531,708,1,v8_7_phase_2_2_radius_105_120_reward_grid,520,160.58372579875288,210,success,123.65513610839844,14.999812126159668,0.40629085898399353,35.98844528198242,48.5619010925293,13.416999816894531,26.68828010559082,27.644813297674965,20.317036308890323,21.035107756712105,0.8858409460316513,0.9802529811859131,0.0,2.468421691052714
2026-04-13 15:57:13,2532,709,1,v8_7_phase_2_2_radius_105_120_reward_grid,520,164.71187907867278,210,success,116.03079223632812,14.867488861083984,0.40629085898399353,35.29792404174805,48.5619010925293,14.112434387207031,12.245258331298828,31.45687676969519,-4.205378207828116,35.13283676967186,0.8530331773683631,0.9653998613357544,0.0,1.0729032778426857
2026-04-13 15:57:18,2532,710,1,v8_7_phase_2_2_radius_105_120_reward_grid,520,173.9372185482689,208,success,120.99861907958984,14.95881175994873,0.40629085898399353,34.98611068725586,48.5619010925293,14.418437957763672,22.724328994750977,4.259885251838933,2.6426396769090723,1.5565276478076804,0.9972373843051013,0.9801507592201233,0.0,0.43831058722334426
2026-04-13 15:57:22,2532,711,1,v8_7_phase_2_2_radius_105_120_reward_grid,520,134.63855110467227,218,success,126.72682189941406,14.851162910461426,0.40629085898399353,38.87718200683594,48.5619010925293,10.536449432373047,27.780391693115234,34.47418455253461,-0.8504184225435308,-10.95083631986592,0.8243813075358437,0.9591447114944458,0.0,1.7150176436344289
2026-04-13 15:57:27,2532,712,1,v8_7_phase_2_2_radius_105_120_reward_grid,520,153.30149656882563,206,success,116.99072265625,14.836992263793945,0.40629085898399353,34.75309371948242,48.5619010925293,14.648181915283203,19.902530670166016,10.206752950363793,6.523808228187136,-20.455702809419922,0.9841747297102323,0.9944499731063843,0.0,3.541801553277724
2026-04-13 15:57:31,2532,713,1,v8_7_phase_2_2_radius_105_120_reward_grid,520,142.629947167118,217,success,128.54718017578125,14.63162899017334,0.40629085898399353,38.23491287231445,48.5619010925293,11.16757583618164,28.518775939941406,32.80296020603755,32.904077741605,-5.746799504904137,0.840538614833941,0.9896995425224304,0.0,3.546519688365194
2026-04-13 15:57:37,2533,714,1,v8_7_phase_2_2_radius_105_120_reward_grid,520,-149.49392727601295,234,near_miss,126.6688232421875,10.523449897766113,0.40629085898399353,43.99800491333008,48.5619010925293,5.437458038330078,-10.26115894317627,76.5787081061598,-79.87029238040482,-65.09058263919763,0.2321093842802156,0.8893675804138184,0.0,1.6948139687423032
2026-04-13 15:57:42,2533,715,1,v8_7_phase_2_2_radius_105_120_reward_grid,520,135.17766870847447,228,success,128.58506774902344,8.390726089477539,0.40629085898399353,42.48052978515625,48.5619010925293,6.9217071533203125,27.355506896972656,40.322131048196994,-28.434647835558778,-38.97321991353825,0.7624184440091671,0.9937951564788818,0.0,3.2686233776070024
2026-04-13 15:57:46,2533,716,1,v8_7_phase_2_2_radius_105_120_reward_grid,520,151.24630541893404,216,success,127.13633728027344,14.769155502319336,0.40629085898399353,37.71329879760742,48.5619010925293,11.257362365722656,29.98452377319336,36.006978040028436,26.38184301824791,13.863001024395807,0.8089454021422129,0.9885134696960449,0.0,0.21909321086246406
2026-04-13 15:57:51,2533,717,1,v8_7_phase_2_2_radius_105_120_reward_grid,520,163.34328726473086,209,success,119.92684173583984,14.7411527633667,0.40629085898399353,35.264862060546875,48.5619010925293,14.137264251708984,18.204355239868164,24.055610360535795,8.038953360639296,-42.04266594540696,0.9131502553765249,0.9909548759460449,0.0,3.688210391211137
2026-04-13 15:57:56,2533,718,1,v8_7_phase_2_2_radius_105_120_reward_grid,520,144.9475662078504,210,success,118.87762451171875,14.727169036865234,0.40629085898399353,35.682655334472656,48.5619010925293,13.72003173828125,22.68238067626953,18.26482913313183,-12.061287621352946,-14.410932459992571,0.9496180422153226,0.9902681112289429,0.0,3.5429290217795506
2026-04-13 15:58:01,2533,719,1,v8_7_phase_2_2_radius_105_120_reward_grid,520,159.40339911818384,206,success,115.90010833740234,14.772109985351562,0.40629085898399353,34.74003982543945,48.5619010925293,14.661800384521484,18.86157989501953,8.679779637816463,8.686544086415713,22.163408903821313,0.988547206993569,0.9957177042961121,0.0,3.0963082224880707
2026-04-13 15:58:07,2534,720,1,v8_7_phase_2_2_radius_105_120_reward_grid,520,136.75888195240333,213,success,120.87510681152344,14.492147445678711,0.40629085898399353,36.962886810302734,48.5619010925293,12.440914154052734,25.29157066345215,29.67868483060656,-27.543253507358756,-18.70521582515216,0.8688157748027758,0.9857452511787415,0.0,3.1550227557082717
2026-04-13 15:58:13,2534,721,1,v8_7_phase_2_2_radius_105_120_reward_grid,520,-271.7639721684992,217,near_miss,122.64917755126953,17.849782943725586,0.40629085898399353,39.714725494384766,48.5619010925293,9.769962310791016,13.160591125488281,95.0263523750689,-96.12557569933406,-155.51521117418633,-0.08761391902943892,0.7539963722229004,0.0,1.474787493611544
2026-04-13 15:58:18,2534,722,1,v8_7_phase_2_2_radius_105_120_reward_grid,520,-229.16773662033432,217,near_miss,127.69636535644531,17.895376205444336,0.40629085898399353,40.002593994140625,48.5619010925293,9.434417724609375,23.491310119628906,85.47542565107327,-83.46347048764095,92.75250726829077,0.07888666963271478,0.8849876523017883,0.0,0.663416340037638
2026-04-13 15:58:23,2534,723,1,v8_7_phase_2_2_radius_105_120_reward_grid,520,147.84890500806705,215,success,123.5362319946289,13.400932312011719,0.40629085898399353,37.44224548339844,48.5619010925293,11.530956268310547,26.359905242919922,39.99682279840763,-23.714194817136246,-42.65637893290012,0.7660800862038772,0.9863872528076172,0.0,1.3557650203827882
2026-04-13 15:58:28,2534,724,1,v8_7_phase_2_2_radius_105_120_reward_grid,520,167.9415815508981,211,success,123.54617309570312,14.638646125793457,0.40629085898399353,36.291900634765625,48.5619010925293,13.108295440673828,22.449644088745117,21.616969864558197,20.37470188850545,8.233447266123639,0.9296674139748876,0.9944986701011658,0.0,1.9816580165480453
2026-04-13 15:58:35,2535,725,1,v8_7_phase_2_2_radius_105_120_reward_grid,520,-947.1266544423225,359,low_agl,122.45117950439453,67.1402816772461,0.40629085898399353,0.32912901043891907,48.5619010925293,49.70587921142578,-8.187638282775879,131.82385309454003,120.69252987963016,108.63210286211263,-0.6668427653474085,-0.6910447478294373,0.0,4.655923118271029
2026-04-13 15:58:40,2535,726,1,v8_7_phase_2_2_radius_105_120_reward_grid,520,152.08937647762326,212,success,119.0787582397461,14.524710655212402,0.40629085898399353,36.39060974121094,48.5619010925293,13.021697998046875,24.8632755279541,24.341134465957133,-17.04805142306157,-16.65672427230215,0.9111076025085155,0.9645081758499146,0.0,4.30467861303677
2026-04-13 15:58:45,2535,727,1,v8_7_phase_2_2_radius_105_120_reward_grid,520,145.2425988819522,220,success,129.61520385742188,14.550079345703125,0.40629085898399353,39.60822677612305,48.5619010925293,9.796405792236328,30.075279235839844,39.36873567780618,7.201924776911634,8.335390400807018,0.7730798088936157,0.9838124513626099,0.0,1.900644919542349
2026-04-13 15:58:50,2535,728,1,v8_7_phase_2_2_radius_105_120_reward_grid,520,156.99528758329555,207,success,116.21420288085938,14.777739524841309,0.40629085898399353,35.1140022277832,48.5619010925293,14.287773132324219,22.03652572631836,18.220984441302225,-18.025541993296898,25.594412706951942,0.9498575959019357,0.9902980923652649,0.0,0.9967839726690363
2026-04-13 15:58:55,2535,729,1,v8_7_phase_2_2_radius_105_120_reward_grid,520,-236.94891289491443,213,near_miss,125.54773712158203,17.738107681274414,0.40629085898399353,37.68718719482422,48.5619010925293,11.78375244140625,25.157743453979492,86.00312606634844,-80.23084440631146,173.96922117940187,0.06970204639569454,0.7903825044631958,0.0,2.08860348134863
2026-04-13 15:59:00,2535,730,1,v8_7_phase_2_2_radius_105_120_reward_grid,520,139.7265816100021,211,success,123.51744079589844,14.973634719848633,0.40629085898399353,36.3798713684082,48.5619010925293,13.022079467773438,25.580944061279297,30.917687976236042,20.359228094940786,25.204231320425794,0.8579063277597179,0.9959976673126221,0.0,6.6234892292901835
2026-04-13 15:59:06,2536,731,1,v8_7_phase_2_2_radius_105_120_reward_grid,520,124.52203644894726,234,success,127.01533508300781,5.672657012939453,0.40629085898399353,44.38583755493164,48.5619010925293,5.023525238037109,27.007904052734375,40.43574782994557,-35.66757569488674,-35.572236499357125,0.7611337860997563,0.9663018584251404,0.0,2.713787015638778
2026-04-13 15:59:10,2536,732,1,v8_7_phase_2_2_radius_105_120_reward_grid,520,149.52439380698524,216,success,127.11510467529297,14.41955280303955,0.40629085898399353,37.953548431396484,48.5619010925293,11.450309753417969,29.45692253112793,40.37142452343698,36.363571971311046,-25.865274103772553,0.7618614536367466,0.9875039458274841,0.0,1.3222527571376026
2026-04-13 15:59:14,2536,733,1,v8_7_phase_2_2_radius_105_120_reward_grid,520,-158.24645327768798,240,near_miss,126.79102325439453,6.5047831535339355,0.40629085898399353,47.06895446777344,48.5619010925293,2.3373756408691406,-8.420900344848633,79.09074923005294,-77.31873861216316,42.21580441067761,0.18925398403724789,0.9837794303894043,0.0,2.7039477892733075
2026-04-13 15:59:18,2536,734,1,v8_7_phase_2_2_radius_105_120_reward_grid,520,131.83076696418962,223,success,126.36149597167969,11.638296127319336,0.40629085898399353,40.30244445800781,48.5619010925293,9.097633361816406,25.07391929626465,40.51050766550595,-22.341347284531192,-32.86865638056931,0.7602868483537005,0.9987733364105225,0.0,5.1527441241972545
2026-04-13 15:59:21,2536,735,1,v8_7_phase_2_2_radius_105_120_reward_grid,520,143.77043239977144,218,success,125.80032348632812,12.525490760803223,0.40629085898399353,38.23942184448242,48.5619010925293,11.167125701904297,22.404970169067383,39.939377492393234,-23.585705298469968,-42.22830024176415,0.7667241235746477,0.9736585021018982,0.0,0.20058171365016841
2026-04-13 15:59:25,2537,736,1,v8_7_phase_2_2_radius_105_120_reward_grid,520,150.39093866515685,212,success,120.3173599243164,14.65939998626709,0.40629085898399353,36.53136444091797,48.5619010925293,12.872283935546875,25.875389099121094,23.344676460396677,-11.199623399062695,-11.531424597431807,0.9181376750285677,0.9885039925575256,0.0,3.6624811791458223
2026-04-13 15:59:29,2537,737,1,v8_7_phase_2_2_radius_105_120_reward_grid,520,156.03411763736835,206,success,116.69685363769531,14.839009284973145,0.40629085898399353,34.73019790649414,48.5619010925293,14.672378540039062,19.858121871948242,13.16925444152938,13.199439608792606,29.399374489782645,0.9737012983357722,0.993018388748169,0.0,4.345474940884436
2026-04-13 15:59:32,2537,738,1,v8_7_phase_2_2_radius_105_120_reward_grid,520,142.75974695132766,214,success,123.12216186523438,14.648438453674316,0.40629085898399353,37.33475875854492,48.5619010925293,12.0723876953125,26.84024429321289,24.724832295413645,-10.251215774313282,3.252872042689872,0.9083269863941472,0.9844229221343994,0.0,6.352439749718268
2026-04-13 15:59:36,2537,739,1,v8_7_phase_2_2_radius_105_120_reward_grid,520,152.48124764596616,217,success,126.67105865478516,14.477839469909668,0.40629085898399353,38.1322021484375,48.5619010925293,11.282867431640625,29.92852020263672,32.99948865412091,18.76267479154489,14.94523254555328,0.8386754286352486,0.9508532285690308,0.0,1.066895119488485
2026-04-13 15:59:40,2537,740,1,v8_7_phase_2_2_radius_105_120_reward_grid,520,143.80173738060864,213,success,125.20672607421875,14.748244285583496,0.40629085898399353,37.13340377807617,48.5619010925293,12.26706314086914,27.60263442993164,36.84519934553991,-8.703079974396315,-31.478436261810337,0.8002585656605768,0.9962032437324524,0.0,4.023801369072547
2026-04-13 15:59:45,2538,741,1,v8_7_phase_2_2_radius_105_120_reward_grid,520,-158.54050034604114,243,near_miss,125.18843841552734,7.23616361618042,0.40629085898399353,48.001041412353516,48.5619010925293,1.3988876342773438,-11.173726081848145,75.69179438205529,69.77035505092357,12.318690984187693,0.24713778782593657,0.9963662028312683,0.0,2.9275400151155178
2026-04-13 15:59:48,2538,742,1,v8_7_phase_2_2_radius_105_120_reward_grid,520,154.71734399204084,209,success,120.55123138427734,14.756958961486816,0.40629085898399353,35.75647735595703,48.5619010925293,13.645061492919922,24.664560317993164,29.616079316674224,-3.539114171747705,-42.03729741671933,0.8693562768953488,0.9917779564857483,0.0,2.9311166204738086
2026-04-13 15:59:52,2538,743,1,v8_7_phase_2_2_radius_105_120_reward_grid,520,163.4671389630659,210,success,126.50395965576172,14.856502532958984,0.40629085898399353,35.468013763427734,48.5619010925293,13.931205749511719,24.537702560424805,22.57965258467294,19.191246963848386,-43.53721720373789,0.9233466334580946,0.9992207288742065,0.0,2.106549696314732
2026-04-13 15:59:56,2538,744,1,v8_7_phase_2_2_radius_105_120_reward_grid,520,-151.17916623671778,235,near_miss,120.06599426269531,14.400167465209961,0.40629085898399353,44.33821105957031,48.5619010925293,5.075878143310547,-15.796303749084473,76.4902161752731,-80.60729028241671,27.632355032628862,0.2336114022953612,0.9509016275405884,0.0,0.4076943112012787
2026-04-13 16:00:00,2538,745,1,v8_7_phase_2_2_radius_105_120_reward_grid,520,168.55713401595023,207,success,116.53091430664062,14.749706268310547,0.40629085898399353,35.16473388671875,48.5619010925293,14.2354736328125,18.056438446044922,13.470845713199525,-3.2246437246238555,-12.119113710413567,0.972488580452381,0.9987950921058655,0.0,3.5931108547082418
2026-04-13 16:00:04,2538,746,1,v8_7_phase_2_2_radius_105_120_reward_grid,520,164.8036541344858,212,success,123.13162994384766,14.73135757446289,0.40629085898399353,36.21429443359375,48.5619010925293,13.187263488769531,20.621505737304688,22.94023705397813,-10.973376797900608,14.135113199608178,0.9209119087163976,0.9899815320968628,0.0,2.5294601749482895
2026-04-13 16:00:09,2539,747,1,v8_7_phase_2_2_radius_105_120_reward_grid,520,-324.24283460337386,223,near_miss,129.3576202392578,17.742341995239258,0.40629085898399353,41.612483978271484,48.5619010925293,7.9640350341796875,19.589550018310547,115.59888898533647,-121.20289527479184,-148.32490711037383,-0.43206826140895493,0.5023565888404846,0.0,1.1384969637069768
2026-04-13 16:00:13,2539,748,1,v8_7_phase_2_2_radius_105_120_reward_grid,520,156.3279040220792,207,success,118.0130386352539,14.982413291931152,0.40629085898399353,35.0359001159668,48.5619010925293,14.368743896484375,21.256200790405273,13.479462850611142,5.649306238465022,13.766476791045188,0.9724535342915833,0.9892354607582092,0.0,5.339444466088632
2026-04-13 16:00:18,2539,749,1,v8_7_phase_2_2_radius_105_120_reward_grid,520,151.7146713242903,211,success,124.0715560913086,14.861884117126465,0.40629085898399353,36.12145233154297,48.5619010925293,13.27862548828125,26.241928100585938,22.709359584558772,7.221239698110783,2.252708872948099,0.9224750372471252,0.9975197315216064,0.0,4.087922887554287
2026-04-13 16:00:22,2539,750,1,v8_7_phase_2_2_radius_105_120_reward_grid,520,143.41303671199515,217,success,126.84574890136719,14.635026931762695,0.40629085898399353,38.490997314453125,48.5619010925293,10.90924072265625,27.80075454711914,40.029228630924756,-40.19320098232925,16.553695991314385,0.7657164344553071,0.9963213801383972,0.0,1.4537010923284852
2026-04-13 16:00:25,2539,751,1,v8_7_phase_2_2_radius_105_120_reward_grid,520,165.35432585566096,215,success,127.9521713256836,14.912498474121094,0.40629085898399353,37.32685470581055,48.5619010925293,12.084686279296875,29.304283142089844,26.425202766646443,27.028171866575168,10.999935988488202,0.8955160913556718,0.960708498954773,0.0,3.000783738278484
2026-04-13 16:00:29,2539,752,1,v8_7_phase_2_2_radius_105_120_reward_grid,520,164.7215741553205,208,success,118.03497314453125,14.75061321258545,0.40629085898399353,35.27350997924805,48.5619010925293,14.12936782836914,18.093412399291992,18.06873098696618,14.555641970390338,21.6644140660804,0.9506851408698466,0.9900224208831787,0.0,1.2477778371329744
2026-04-13 16:00:33,2540,753,1,v8_7_phase_2_2_radius_105_120_reward_grid,520,170.3017595385051,210,success,123.43463134765625,14.779446601867676,0.40629085898399353,35.587890625,48.5619010925293,13.814643859863281,23.41014862060547,17.612021850376813,13.868664104991394,-14.334287492221273,0.95312720329748,0.9880009889602661,0.0,1.0333956767514751
2026-04-13 16:00:36,2540,754,1,v8_7_phase_2_2_radius_105_120_reward_grid,520,154.9585145038167,213,success,127.95401000976562,14.799426078796387,0.40629085898399353,36.45458984375,48.5619010925293,12.946041107177734,25.275211334228516,32.01192867750169,9.878383922052613,28.82190590112016,0.8479377513968047,0.9943801760673523,0.0,1.1518238618192984
2026-04-13 16:00:40,2540,755,1,v8_7_phase_2_2_radius_105_120_reward_grid,520,156.3774349743461,214,success,123.82862854003906,14.664855003356934,0.40629085898399353,37.084468841552734,48.5619010925293,12.315963745117188,27.561397552490234,27.357673852514925,4.048011076237845,-7.226140358840268,0.8881551065333341,0.9935934543609619,0.0,1.1630574138966687
2026-04-13 16:00:44,2540,756,1,v8_7_phase_2_2_radius_105_120_reward_grid,520,148.3221290368861,211,success,120.27568817138672,14.90957260131836,0.40629085898399353,36.31052017211914,48.5619010925293,13.091663360595703,25.54370880126953,24.14105944214724,1.9479261953882663,-12.5350363723742,0.9125413240893668,0.9900108575820923,0.0,3.50081998144098
2026-04-13 16:00:47,2540,757,1,v8_7_phase_2_2_radius_105_120_reward_grid,520,144.50530041754786,213,success,123.93221282958984,14.749680519104004,0.40629085898399353,36.797821044921875,48.5619010925293,12.606342315673828,26.889917373657227,35.722131830882226,18.969328995072797,-28.94454194766774,0.8118580599129804,0.9889867901802063,0.0,4.32469919747522
2026-04-13 16:00:51,2541,758,1,v8_7_phase_2_2_radius_105_120_reward_grid,520,160.33439001904202,210,success,122.18087768554688,14.803825378417969,0.40629085898399353,35.875526428222656,48.5619010925293,13.523983001708984,24.165834426879883,20.161710976975066,18.487261073642465,2.7575573962511255,0.9387235654457446,0.9976559281349182,0.0,0.36553923614909944
2026-04-13 16:00:55,2541,759,1,v8_7_phase_2_2_radius_105_120_reward_grid,520,-222.72285205073652,213,near_miss,125.31228637695312,17.96380043029785,0.40629085898399353,37.89290237426758,48.5619010925293,11.580692291259766,19.878450393676758,88.0030464364632,-87.14121999718016,172.8886715923275,0.034846358696397114,0.7842023372650146,0.0,1.4029978863873909
2026-04-13 16:00:59,2541,760,1,v8_7_phase_2_2_radius_105_120_reward_grid,520,136.24119652494758,223,success,129.05686950683594,10.801728248596191,0.40629085898399353,40.285552978515625,48.5619010925293,9.117446899414062,28.79201316833496,39.870785317653386,39.85544471277753,41.23350026462472,0.7674921223635109,0.9910702705383301,0.0,2.082188371528817
2026-04-13 16:01:03,2541,761,1,v8_7_phase_2_2_radius_105_120_reward_grid,520,148.73014185726586,210,success,121.6175765991211,14.84165096282959,0.40629085898399353,35.836891174316406,48.5619010925293,13.572063446044922,24.965229034423828,13.322829537469826,9.09092031358444,-6.00243769072526,0.9730871320723857,0.9759002327919006,0.0,2.3272917288380977
2026-04-13 19:12:33,2542,1,1,v8_7_phase_2_2_radius_105_120_reward_grid,520,157.26262316104575,210,success,123.62833404541016,14.966089248657227,0.40629085898399353,36.14283752441406,48.5619010925293,13.259178161621094,26.929279327392578,22.213298313066378,12.599441641152836,-11.249641728128346,0.9257828632721515,0.9881538152694702,0.0,1.2355186508395497
2026-04-13 19:12:36,2542,2,1,v8_7_phase_2_2_radius_105_120_reward_grid,520,146.6255150085368,213,success,125.21061706542969,14.648398399353027,0.40629085898399353,37.08103942871094,48.5619010925293,12.318950653076172,27.09063720703125,33.58838756435941,31.997107167002763,-25.235091822643202,0.8330333823651751,0.9980930089950562,0.0,2.057172995873789
2026-04-13 19:12:39,2542,3,1,v8_7_phase_2_2_radius_105_120_reward_grid,520,131.38734589527044,224,success,127.90505981445312,11.682365417480469,0.40629085898399353,40.807743072509766,48.5619010925293,8.592792510986328,28.583465576171875,39.695686588090936,-39.64644433926973,-0.448896627478487,0.7694476413773258,0.9986717700958252,0.0,6.34971796758254
2026-04-13 19:12:42,2542,4,1,v8_7_phase_2_2_radius_105_120_reward_grid,520,151.2776105441648,209,success,118.36553192138672,14.846589088439941,0.40629085898399353,35.594825744628906,48.5619010925293,13.812576293945312,23.95553970336914,10.198347548816445,-1.3545080477967455,3.3503796098375624,0.9842007148102491,0.9781212210655212,0.0,2.0291382720373967
2026-04-13 19:12:45,2542,5,1,v8_7_phase_2_2_radius_105_120_reward_grid,520,167.56435592007864,212,success,121.9197998046875,14.773330688476562,0.40629085898399353,35.96235656738281,48.5619010925293,13.446586608886719,18.74173927307129,10.369080079951962,-0.1251145381024341,0.462875143223447,0.9836687455401308,0.9698055982589722,0.0,1.240974457562897
2026-04-13 19:12:49,2543,6,1,v8_7_phase_2_2_radius_105_120_reward_grid,520,146.32551144345487,215,success,125.05911254882812,14.433781623840332,0.40629085898399353,37.79582595825195,48.5619010925293,11.611248016357422,28.257450103759766,27.259542817162057,-19.634995816487653,-7.664443843163741,0.8889408686159054,0.9806382656097412,0.0,4.404014858072396
2026-04-13 19:12:52,2543,7,1,v8_7_phase_2_2_radius_105_120_reward_grid,520,139.18886179423265,212,success,123.34931182861328,14.908391952514648,0.40629085898399353,36.844295501708984,48.5619010925293,12.561569213867188,27.238176345825195,25.636160530706352,25.820555147729184,10.258854487126296,0.9015596487213852,0.9839444756507874,0.0,2.768176036341337
2026-04-13 19:12:55,2543,8,1,v8_7_phase_2_2_radius_105_120_reward_grid,520,164.74969505881344,211,success,125.00970458984375,14.96047306060791,0.40629085898399353,35.99626159667969,48.5619010925293,13.403793334960938,26.251144409179688,24.474044824563702,23.194253496758197,-15.63699239714488,0.9101490348973291,0.9963545799255371,0.0,2.765633183356654
2026-04-13 19:12:58,2543,9,1,v8_7_phase_2_2_radius_105_120_reward_grid,520,159.35632989461442,213,success,128.04360961914062,14.876747131347656,0.40629085898399353,37.06751251220703,48.5619010925293,12.332847595214844,28.323352813720703,37.167584274364515,31.334353421268915,30.159779450080165,0.7968718492125787,0.9951303005218506,0.0,0.7449964295225254
2026-04-13 19:13:01,2543,10,1,v8_7_phase_2_2_radius_105_120_reward_grid,520,-136.1067534667794,214,near_miss,126.3630142211914,15.483158111572266,0.40629085898399353,36.85486602783203,48.5619010925293,12.639190673828125,10.742712020874023,75.86770590412897,-73.30083202157897,151.97109431575842,0.24416163007603917,0.7275776267051697,0.0,1.3610633816498245
2026-04-13 19:13:04,2543,11,1,v8_7_phase_2_2_radius_105_120_reward_grid,520,144.85383028864004,215,success,125.78919982910156,14.355218887329102,0.40629085898399353,37.4473876953125,48.5619010925293,11.521873474121094,28.30807113647461,40.311393990821735,1.6873682456523256,37.311127529961496,0.7625396922835208,0.9972642064094543,0.0,2.284232652297735
2026-04-13 19:13:08,2544,12,1,v8_7_phase_2_2_radius_105_120_reward_grid,520,159.7260188154246,210,success,117.80924987792969,14.612579345703125,0.40629085898399353,35.88416290283203,48.5619010925293,13.518909454345703,23.730602264404297,17.833400234207975,-5.9247664870311665,-12.402420565675587,0.9519510277125882,0.9881434440612793,0.0,3.9929622744755817
2026-04-13 19:13:11,2544,13,1,v8_7_phase_2_2_radius_105_120_reward_grid,520,-253.13635227758243,222,near_miss,129.04393005371094,17.536592483520508,0.40629085898399353,41.34361267089844,48.5619010925293,8.125862121582031,24.729572296142578,93.08715921686472,-96.47880576245045,141.59983455168756,-0.05385502563687843,0.7943064570426941,0.0,0.9219920813957415
2026-04-13 19:13:14,2544,14,1,v8_7_phase_2_2_radius_105_120_reward_grid,520,152.19304119761912,208,success,117.93412017822266,14.77747631072998,0.40629085898399353,35.41569900512695,48.5619010925293,13.985843658447266,23.37244987487793,18.574011306290796,-8.318714493948432,19.643849449199283,0.9479129887090167,0.9944691061973572,0.0,2.430802889720151
2026-04-13 19:13:17,2544,15,1,v8_7_phase_2_2_radius_105_120_reward_grid,520,149.08832392494622,212,success,123.8546142578125,14.565025329589844,0.40629085898399353,36.864192962646484,48.5619010925293,12.542095184326172,27.271867752075195,30.86171457598779,6.149691019702034,20.29993180766132,0.8584078658427201,0.9780319929122925,0.0,1.5016695575530161
2026-04-13 19:13:21,2544,16,1,v8_7_phase_2_2_radius_105_120_reward_grid,520,135.25251041077172,219,success,124.04466247558594,13.209197998046875,0.40629085898399353,38.9820442199707,48.5619010925293,10.417415618896484,25.27631187438965,40.08008963457925,-21.926659179263037,-37.204907843084044,0.7651451886126683,0.9990631341934204,0.0,1.263139373842069
2026-04-13 19:13:24,2545,17,1,v8_7_phase_2_2_radius_105_120_reward_grid,520,164.57665690737863,209,success,120.19657135009766,14.649685859680176,0.40629085898399353,34.84823226928711,48.5619010925293,14.55630874633789,18.740009307861328,7.91532096024654,5.396519656622381,13.023813247116776,0.9904726749896855,0.9846686124801636,0.0,1.604135035750801
2026-04-13 19:13:28,2545,18,1,v8_7_phase_2_2_radius_105_120_reward_grid,520,-168.89105870878882,240,near_miss,120.83882904052734,8.033649444580078,0.40629085898399353,47.14820861816406,48.5619010925293,2.317790985107422,-6.558470726013184,75.41495315461634,-70.59380948744948,87.84600672706627,0.2518167951981734,0.8043661713600159,0.0,1.5015304857174538
2026-04-13 19:13:31,2545,19,1,v8_7_phase_2_2_radius_105_120_reward_grid,520,171.27058366196732,209,success,120.0918960571289,14.84718132019043,0.40629085898399353,35.65090560913086,48.5619010925293,13.75177001953125,18.044347763061523,15.143644418300273,-8.382088404162396,7.027145785579708,0.9652739144009468,0.9889561533927917,0.0,2.9282351839349556
2026-04-13 19:13:34,2545,20,1,v8_7_phase_2_2_radius_105_120_reward_grid,520,150.28811256137135,212,success,122.87088775634766,14.68310832977295,0.40629085898399353,36.852874755859375,48.5619010925293,12.549057006835938,26.53219985961914,32.3871997610697,15.16748348605091,-23.75391065961258,0.844447611520065,0.9939060211181641,0.0,3.1866099075940766
2026-04-13 19:13:37,2545,21,1,v8_7_phase_2_2_radius_105_120_reward_grid,520,146.38115262273504,207,success,115.7669448852539,14.896513938903809,0.40629085898399353,34.839107513427734,48.5619010925293,14.566410064697266,19.47243881225586,20.33955715013115,-17.993882358946596,-32.20335838936964,0.9376491858603949,0.9833117723464966,0.0,2.525521448334704
2026-04-13 19:13:41,2545,22,1,v8_7_phase_2_2_radius_105_120_reward_grid,520,-164.4514980624547,230,near_miss,120.70587921142578,12.863790512084961,0.40629085898399353,43.44084930419922,48.5619010925293,5.999919891357422,-6.636170864105225,75.55042995680354,-81.37118546938011,-70.2707142189512,0.24952777384503957,0.874413013458252,0.0,1.6990217875636218
2026-04-13 19:13:44,2546,23,1,v8_7_phase_2_2_radius_105_120_reward_grid,520,140.42223842847534,217,success,128.63555908203125,14.02953815460205,0.40629085898399353,38.49618911743164,48.5619010925293,10.904167175292969,29.7816162109375,40.46585530380699,40.515295628114124,-29.189738908682028,0.760792860913629,0.9985402226448059,0.0,6.091733736748975
2026-04-13 19:13:48,2546,24,1,v8_7_phase_2_2_radius_105_120_reward_grid,520,-151.50782056674632,226,near_miss,126.34413146972656,12.03633975982666,0.40629085898399353,42.130393981933594,48.5619010925293,7.2960052490234375,4.419744968414307,75.12505260548431,-75.50239323637084,-55.07086246642359,0.2567102202104212,0.9169635772705078,0.0,0.8984617825392623
2026-04-13 19:13:51,2546,25,1,v8_7_phase_2_2_radius_105_120_reward_grid,520,159.6926827713569,215,success,127.14665985107422,14.618941307067871,0.40629085898399353,37.67349624633789,48.5619010925293,11.732376098632812,29.421756744384766,38.78584733403729,16.188031568813997,-22.99720424675062,0.7794927189498442,0.976799488067627,0.0,0.6643092190790357
2026-04-13 19:13:54,2546,26,1,v8_7_phase_2_2_radius_105_120_reward_grid,520,143.6376845194937,215,success,126.96720123291016,14.792019844055176,0.40629085898399353,37.90190124511719,48.5619010925293,11.504005432128906,28.010908126831055,39.194743438889276,-33.02767684482555,21.167403398293374,0.775002470527878,0.9825389385223389,0.0,4.854872612544107
2026-04-13 19:13:57,2546,27,1,v8_7_phase_2_2_radius_105_120_reward_grid,520,152.0885124904067,210,success,119.82720184326172,14.84124755859375,0.40629085898399353,35.940120697021484,48.5619010925293,13.46331787109375,25.316078186035156,25.942774552737394,-11.44115596358727,-21.52670720712919,0.899231430965351,0.9860165119171143,0.0,1.3893584023760268
2026-04-13 19:14:01,2547,28,1,v8_7_phase_2_2_radius_105_120_reward_grid,520,155.16813858254193,212,success,125.26985931396484,14.47899341583252,0.40629085898399353,36.71623611450195,48.5619010925293,12.68487548828125,25.962438583374023,32.59808526678843,32.44477142558374,39.769176008465685,0.8424704013936996,0.9975547194480896,0.0,3.8284677904085718
2026-04-13 19:14:04,2547,29,1,v8_7_phase_2_2_radius_105_120_reward_grid,520,147.67393626114827,215,success,119.58421325683594,14.614150047302246,0.40629085898399353,37.49530029296875,48.5619010925293,11.920524597167969,25.48979949951172,36.227893678543325,-36.828161438655314,-19.922420422045544,0.8066726881119507,0.9483647346496582,0.0,0.9569759699264787
2026-04-13 19:14:07,2547,30,1,v8_7_phase_2_2_radius_105_120_reward_grid,520,140.66455270409352,214,success,124.95103454589844,14.452552795410156,0.40629085898399353,37.41231155395508,48.5619010925293,11.988018035888672,27.288387298583984,34.88701143125393,23.169294277983678,26.30046472938179,0.8202815564291842,0.9985201358795166,0.0,4.389841404679952
2026-04-13 19:14:11,2547,31,1,v8_7_phase_2_2_radius_105_120_reward_grid,520,-227.5938939088544,214,near_miss,122.20294952392578,15.146173477172852,0.40629085898399353,38.559593200683594,48.5619010925293,10.893924713134766,21.41046905517578,75.43539591080219,-74.99937712475608,-138.76444544229685,0.2514714834684345,0.8386491537094116,0.0,1.6833846755414574
2026-04-13 19:14:14,2547,32,1,v8_7_phase_2_2_radius_105_120_reward_grid,520,149.47292948636584,210,success,120.64054107666016,14.973055839538574,0.40629085898399353,35.97080993652344,48.5619010925293,13.440006256103516,25.576017379760742,17.16843692227763,-4.219697272536225,-8.83797108786219,0.9554411167064258,0.9744278192520142,0.0,5.308021751068677
2026-04-13 19:14:17,2547,33,1,v8_7_phase_2_2_radius_105_120_reward_grid,520,155.47545014042336,207,success,117.28169250488281,14.835149765014648,0.40629085898399353,34.63511276245117,48.5619010925293,14.334007263183594,21.996938705444336,18.084568488104146,-9.995424336122658,-32.70155580252496,0.9505993718495463,0.9970998764038086,0.0,3.353524658906145
2026-04-13 19:14:21,2548,34,1,v8_7_phase_2_2_radius_105_120_reward_grid,520,-409.12931957663574,222,near_miss,122.99034881591797,17.780473709106445,0.40629085898399353,42.739131927490234,48.5619010925293,6.876430511474609,13.710958480834961,133.38785713144622,-133.62759677131368,174.3585692828493,-0.6869335101985439,0.399334579706192,0.0,1.5366223953929887
2026-04-13 19:14:25,2548,35,1,v8_7_phase_2_2_radius_105_120_reward_grid,520,-185.86003698141892,233,near_miss,127.05261993408203,5.605307579040527,0.40629085898399353,45.2666130065918,48.5619010925293,4.193241119384766,24.325517654418945,76.07662773046133,-74.34044828495745,163.6217714547777,0.24062400011391827,0.8210524916648865,0.0,1.7001101405857004
2026-04-13 19:14:28,2548,36,1,v8_7_phase_2_2_radius_105_120_reward_grid,520,147.76894929449605,209,success,120.81549072265625,14.928123474121094,0.40629085898399353,35.659385681152344,48.5619010925293,13.742042541503906,24.713136672973633,19.96468392508229,17.322531112594994,12.89907435607848,0.9399032572523556,0.9951821565628052,0.0,3.0397025055951756
2026-04-13 19:14:31,2548,37,1,v8_7_phase_2_2_radius_105_120_reward_grid,520,147.40064171783058,209,success,119.72669219970703,14.98673152923584,0.40629085898399353,35.670475006103516,48.5619010925293,13.729568481445312,23.505962371826172,23.746814093064934,7.932587678468333,22.260780080629015,0.9153338722591928,0.9987876415252686,0.0,4.422663545730606
2026-04-13 19:14:34,2548,38,1,v8_7_phase_2_2_radius_105_120_reward_grid,520,161.88311003452026,215,success,126.31815338134766,14.537860870361328,0.40629085898399353,37.709800720214844,48.5619010925293,11.69186782836914,29.41388702392578,31.426280937308118,22.223179889248094,10.768773358670998,0.853311726164184,0.9917256236076355,0.0,3.618983464271547
2026-04-13 19:14:38,2548,39,1,v8_7_phase_2_2_radius_105_120_reward_grid,520,146.7756830467727,214,success,124.62512969970703,14.51940631866455,0.40629085898399353,37.390167236328125,48.5619010925293,12.010353088378906,25.50931167602539,32.70630961418728,-13.951809705305251,-14.836485688682922,0.8414512836651684,0.9985421895980835,0.0,3.6611548155664426
2026-04-13 19:14:41,2549,40,1,v8_7_phase_2_2_radius_105_120_reward_grid,520,152.6180278596749,211,success,122.26411437988281,14.718694686889648,0.40629085898399353,36.119140625,48.5619010925293,13.287479400634766,25.544641494750977,14.392774402084092,5.577243473853156,-3.952953199124662,0.9686145158260103,0.9785906076431274,0.0,1.2024170222281982
2026-04-13 19:14:44,2549,41,1,v8_7_phase_2_2_radius_105_120_reward_grid,520,141.7515141770026,214,success,125.07982635498047,14.441109657287598,0.40629085898399353,37.252403259277344,48.5619010925293,12.155662536621094,27.958948135375977,32.31468022755709,30.9837290753209,19.899704920413374,0.8451248946248878,0.9823787808418274,0.0,6.274886009258911
2026-04-13 19:14:47,2549,42,1,v8_7_phase_2_2_radius_105_120_reward_grid,520,150.0909455469241,211,success,117.31957244873047,14.835563659667969,0.40629085898399353,35.82452392578125,48.5619010925293,13.594619750976562,24.014530181884766,38.03285654408382,-37.9536434251846,-31.96342750420543,0.7876575699827829,0.9378446340560913,0.0,0.6625182629255277
2026-04-13 19:14:51,2549,43,1,v8_7_phase_2_2_radius_105_120_reward_grid,520,158.88591676190822,210,success,121.84109497070312,14.641436576843262,0.40629085898399353,36.17899703979492,48.5619010925293,13.222183227539062,25.8701114654541,26.03950027666853,25.43388277088913,22.68545392246373,0.8984916153298513,0.9955170154571533,0.0,1.673078812762867
2026-04-13 19:14:54,2549,44,1,v8_7_phase_2_2_radius_105_120_reward_grid,520,171.81030922241663,209,success,122.46937561035156,14.838068008422852,0.40629085898399353,35.187110900878906,48.5619010925293,14.21820068359375,21.337961196899414,26.662526227094997,0.7687221563550382,-34.29166482243894,0.893665070149998,0.9781417846679688,0.0,0.4668457401147798
2026-04-13 19:14:58,2550,45,1,v8_7_phase_2_2_radius_105_120_reward_grid,520,150.06275662681026,212,success,125.83099365234375,14.624412536621094,0.40629085898399353,36.550907135009766,48.5619010925293,12.851020812988281,27.56766700744629,35.42586213034917,30.311867272328836,41.36844089696208,0.814866237153786,0.9923267960548401,0.0,3.2118974787496573
2026-04-13 19:15:01,2550,46,1,v8_7_phase_2_2_radius_105_120_reward_grid,520,-317.7452940933341,216,near_miss,126.74651336669922,17.87350845336914,0.40629085898399353,40.294925689697266,48.5619010925293,9.179145812988281,24.040203094482422,97.56258602900222,-93.86147044231238,-174.78719097402427,-0.1316091013512569,0.7816087007522583,0.0,1.7837416025633093
2026-04-13 19:15:07,2550,47,1,v8_7_phase_2_2_radius_105_120_reward_grid,520,150.30721082265293,211,success,122.39285278320312,14.601946830749512,0.40629085898399353,36.407230377197266,48.5619010925293,12.992557525634766,25.816190719604492,29.897302110465745,29.86364293823592,43.26310463687235,0.8669202202942886,0.998838484287262,0.0,1.3654043586941003
2026-04-13 19:15:12,2550,48,1,v8_7_phase_2_2_radius_105_120_reward_grid,520,162.60862027839914,209,success,122.81930541992188,14.954232215881348,0.40629085898399353,35.49087142944336,48.5619010925293,13.93267822265625,25.119586944580078,30.465259660708984,-5.757008930166014,27.864255322876428,0.8619367394504337,0.9235599040985107,0.0,0.35378871676998036
2026-04-13 19:15:16,2550,49,1,v8_7_phase_2_2_radius_105_120_reward_grid,520,159.37916116830854,209,success,122.31792449951172,14.623634338378906,0.40629085898399353,35.6651611328125,48.5619010925293,13.734947204589844,24.610795974731445,18.742990186356913,18.618720017050407,-16.09696636415751,0.9469694487035014,0.9978243112564087,0.0,4.614153277135157
2026-04-13 19:15:21,2550,50,1,v8_7_phase_2_2_radius_105_120_reward_grid,520,175.9035933639375,212,success,127.61640167236328,14.922438621520996,0.40629085898399353,35.66737747192383,48.5619010925293,13.738834381103516,25.655868530273438,13.165371478986229,13.389224098844227,-7.192066252618367,0.9737167361402763,0.9749541282653809,0.0,2.000532392903643
2026-04-13 19:15:25,2551,51,1,v8_7_phase_2_2_radius_105_120_reward_grid,520,-305.02823391234153,237,near_miss,126.82198333740234,5.905216693878174,0.40629085898399353,46.899444580078125,48.5619010925293,2.7086334228515625,18.072113037109375,77.6526870512526,-109.68680018317849,88.41737937189451,0.21383712528499757,0.4175797998905182,0.0,2.595119199469924
2026-04-13 19:15:29,2551,52,1,v8_7_phase_2_2_radius_105_120_reward_grid,520,168.83862334715258,211,success,124.75068664550781,14.832646369934082,0.40629085898399353,36.21240234375,48.5619010925293,13.189594268798828,27.374568939208984,21.451955909305276,20.028568391936712,9.824787427635522,0.9307245622270715,0.9897144436836243,0.0,0.5585556949427478
2026-04-13 19:15:33,2551,53,1,v8_7_phase_2_2_radius_105_120_reward_grid,520,126.89176839202975,239,success,128.87120056152344,3.515744209289551,0.40629085898399353,46.310340881347656,48.5619010925293,3.101177215576172,22.376720428466797,40.03980517885452,24.929714064851932,-34.08331331690229,0.7655976935330655,0.966744601726532,0.0,2.3242374124376237
2026-04-13 19:15:37,2551,54,1,v8_7_phase_2_2_radius_105_120_reward_grid,520,155.51535093460558,207,success,116.49935913085938,14.675970077514648,0.40629085898399353,35.07781982421875,48.5619010925293,14.326946258544922,21.320295333862305,6.911910675884661,1.0467976736822102,-8.41312563752458,0.9927323463715996,0.9846082329750061,0.0,1.1926520623596244
2026-04-13 19:15:40,2551,55,1,v8_7_phase_2_2_radius_105_120_reward_grid,520,148.8637982804039,209,success,118.18278503417969,14.690943717956543,0.40629085898399353,35.602901458740234,48.5619010925293,13.799755096435547,23.483671188354492,26.191943268754045,-20.76223316163363,-32.58472541677189,0.897320443805474,0.9894737601280212,0.0,1.7737962450623614
2026-04-13 19:15:44,2552,56,1,v8_7_phase_2_2_radius_105_120_reward_grid,520,-392.2956362356999,225,near_miss,125.76493072509766,17.775123596191406,0.40629085898399353,43.084129333496094,48.5619010925293,6.476947784423828,12.621038436889648,117.74158762986117,-123.77134693104013,-148.17878204327056,-0.46548457827424233,0.5442765951156616,0.0,1.708648915625575
2026-04-13 19:15:47,2552,57,1,v8_7_phase_2_2_radius_105_120_reward_grid,520,170.32385705516845,212,success,115.7198715209961,14.780660629272461,0.40629085898399353,36.41484069824219,48.5619010925293,12.987167358398438,12.041447639465332,22.15556784665414,-20.016012796694937,-7.602081654720585,0.9261633171382194,0.9908650517463684,0.0,2.853269035805029
2026-04-13 19:15:50,2552,58,1,v8_7_phase_2_2_radius_105_120_reward_grid,520,140.955756122381,212,success,122.85767364501953,14.58133602142334,0.40629085898399353,36.86898422241211,48.5619010925293,12.533649444580078,24.632606506347656,37.20730523948272,0.7238871404566348,40.17776475480502,0.7964528248717294,0.992974042892456,0.0,5.399404465312297
2026-04-13 19:15:54,2552,59,1,v8_7_phase_2_2_radius_105_120_reward_grid,520,141.45585414671172,215,success,125.41277313232422,14.540199279785156,0.40629085898399353,37.60708236694336,48.5619010925293,11.79721450805664,28.16838264465332,27.24487327837216,22.52646760915334,-0.7589904174482394,0.8890581076478341,0.9889068603515625,0.0,2.825381999498281
2026-04-13 19:15:57,2552,60,1,v8_7_phase_2_2_radius_105_120_reward_grid,520,154.79613464156316,210,success,118.94029235839844,14.705204963684082,0.40629085898399353,36.028114318847656,48.5619010925293,13.372459411621094,23.553722381591797,20.90966962505753,-20.58849534726331,4.892925540249109,0.9341442554885132,0.9976381063461304,0.0,2.8062785267999173
2026-04-13 19:16:00,2552,61,1,v8_7_phase_2_2_radius_105_120_reward_grid,520,152.55267331527708,206,success,116.75891876220703,14.860285758972168,0.40629085898399353,34.67648696899414,48.5619010925293,14.72713851928711,19.275283813476562,15.000794426904042,3.748051366005688,37.49248612789826,0.9659222375756535,0.9906086325645447,0.0,5.159776744702059
2026-04-13 19:16:04,2553,62,1,v8_7_phase_2_2_radius_105_120_reward_grid,520,160.03181029632327,208,success,118.5579833984375,14.64547061920166,0.40629085898399353,34.86073303222656,48.5619010925293,14.554847717285156,18.37298583984375,22.70756324480706,-12.997692896183354,-30.402790750560047,0.9224871404612869,0.9468214511871338,0.0,0.24765985275229666
2026-04-13 19:16:07,2553,63,1,v8_7_phase_2_2_radius_105_120_reward_grid,520,170.2950108341808,210,success,117.07049560546875,14.821044921875,0.40629085898399353,35.785125732421875,48.5619010925293,13.616165161132812,13.454561233520508,17.032727893658645,-17.090367860064383,-7.0545540540584994,0.9561375944646902,0.991520881652832,0.0,0.4316840718555001
2026-04-13 19:16:11,2553,64,1,v8_7_phase_2_2_radius_105_120_reward_grid,520,-153.6723037273528,241,near_miss,128.73129272460938,2.85276198387146,0.40629085898399353,47.996944427490234,48.5619010925293,1.4147720336914062,2.1958773136138916,76.28521487752434,-66.08864403166575,-43.405316005581184,0.23708884552184703,0.96075838804245,0.0,0.9633795932450521
2026-04-13 19:16:14,2553,65,1,v8_7_phase_2_2_radius_105_120_reward_grid,520,-301.5220030955698,214,near_miss,123.92933654785156,17.830060958862305,0.40629085898399353,37.42170333862305,48.5619010925293,12.172542572021484,14.550248146057129,109.42232842832642,-103.67299620390068,171.01719975974402,-0.33252868485202297,0.4545685052871704,0.0,1.975217119260243
2026-04-13 19:16:18,2553,66,1,v8_7_phase_2_2_radius_105_120_reward_grid,520,-148.47619833279114,234,near_miss,125.74310302734375,7.840365409851074,0.40629085898399353,44.9415397644043,48.5619010925293,4.481693267822266,-2.1956677436828613,75.99925534754342,-76.47385787221093,48.05178783000873,0.24193450616071857,0.924667239189148,0.0,1.3609917217673302
2026-04-13 19:16:22,2554,67,1,v8_7_phase_2_2_radius_105_120_reward_grid,520,160.64051312633137,211,success,124.18222045898438,14.981794357299805,0.40629085898399353,36.35512924194336,48.5619010925293,13.045963287353516,27.352720260620117,32.28624615004233,27.30752148098681,-28.581595940457017,0.8453900801305627,0.9947147369384766,0.0,1.0787896829459795
2026-04-13 19:16:25,2554,68,1,v8_7_phase_2_2_radius_105_120_reward_grid,520,159.12721606084997,214,success,125.01631927490234,14.532187461853027,0.40629085898399353,36.69614791870117,48.5619010925293,12.711742401123047,24.58134651184082,28.585898959634125,18.301397965948077,18.978457542898518,0.8781007594903372,0.9723849296569824,0.0,3.3719945136674396
2026-04-13 19:16:28,2554,69,1,v8_7_phase_2_2_radius_105_120_reward_grid,520,-309.72827256097133,215,near_miss,124.8575210571289,17.684051513671875,0.40629085898399353,40.660640716552734,48.5619010925293,8.805686950683594,21.304872512817383,78.94721280464512,-87.38779665640679,-113.65072778875206,0.19171329756362185,0.8030797839164734,0.0,0.5879016269226486
2026-04-13 19:16:33,2554,70,1,v8_7_phase_2_2_radius_105_120_reward_grid,520,-536.5657107770606,304,near_miss,129.01040649414062,15.110942840576172,0.40629085898399353,53.52229690551758,48.5619010925293,-3.6585655212402344,13.652944564819336,77.95078382738863,-44.2211616113717,-80.98152317723088,0.20875182740055107,-0.25476014614105225,0.0,2.9161009628049834
2026-04-13 19:16:36,2554,71,1,v8_7_phase_2_2_radius_105_120_reward_grid,520,151.86792305938783,209,success,120.65522766113281,14.840864181518555,0.40629085898399353,35.795108795166016,48.5619010925293,13.604942321777344,24.999616622924805,23.21618864927769,-5.62681570618864,-19.84532124669444,0.9190239961606154,0.9990944862365723,0.0,2.8099068689298043
2026-04-13 19:16:40,2554,72,1,v8_7_phase_2_2_radius_105_120_reward_grid,520,-154.52278047499098,242,near_miss,125.28584289550781,6.087630748748779,0.40629085898399353,47.68732452392578,48.5619010925293,1.7131805419921875,-8.75648307800293,78.85684257173668,45.88956850483613,38.29859188393234,0.19326105996119386,0.9948615431785583,0.0,0.5523046592039109
2026-04-13 19:16:44,2555,73,1,v8_7_phase_2_2_radius_105_120_reward_grid,520,-157.46610057216273,242,near_miss,129.0005645751953,4.454023838043213,0.40629085898399353,48.25048828125,48.5619010925293,1.1514129638671875,-12.248854637145996,80.56380929816041,-81.2377372333764,32.94428365015428,0.16394909487160464,0.9897499084472656,0.0,3.145425874063328
2026-04-13 19:16:48,2555,74,1,v8_7_phase_2_2_radius_105_120_reward_grid,520,138.71670866612772,214,success,125.34973907470703,14.604677200317383,0.40629085898399353,37.75300216674805,48.5619010925293,11.649436950683594,26.83969497680664,38.82775737478449,32.83280130252133,25.096821473085466,0.7790343105212346,0.9928892850875854,0.0,5.1154247802352435
2026-04-13 19:16:51,2555,75,1,v8_7_phase_2_2_radius_105_120_reward_grid,520,156.6126129367985,209,success,117.54463958740234,14.609174728393555,0.40629085898399353,35.603790283203125,48.5619010925293,13.799095153808594,22.235198974609375,11.545858494695336,-6.832394467341019,-5.6711513178648385,0.9797648203119107,0.9882439970970154,0.0,1.0131123543245133
2026-04-13 19:16:55,2555,76,1,v8_7_phase_2_2_radius_105_120_reward_grid,520,-648.6773876441349,265,low_agl,125.95270538330078,71.44436645507812,0.40629085898399353,0.24346671998500824,48.5619010925293,49.6695442199707,-9.256099700927734,158.6435197763222,-157.75481654265516,-177.66024174649843,-0.9313326943018185,-0.387118935585022,0.0,3.4968044300199996
2026-04-13 19:16:59,2555,77,1,v8_7_phase_2_2_radius_105_120_reward_grid,520,153.74278896995395,212,success,121.86660766601562,14.721192359924316,0.40629085898399353,36.686546325683594,48.5619010925293,12.721759796142578,23.823741912841797,32.160376008922746,-29.21350796699367,-21.39132261249578,0.846561484515138,0.968380331993103,0.0,0.22844429257858348
2026-04-13 19:17:02,2556,78,1,v8_7_phase_2_2_radius_105_120_reward_grid,520,149.77804819123642,213,success,124.43077087402344,14.508516311645508,0.40629085898399353,37.50852584838867,48.5619010925293,11.894115447998047,25.903045654296875,30.19676833953037,4.02837044039265,11.669028149771822,0.8643031724710755,0.9913381338119507,0.0,3.6259206658928904
2026-04-13 19:17:06,2556,79,1,v8_7_phase_2_2_radius_105_120_reward_grid,520,146.5846374346899,207,success,116.20316314697266,14.98758602142334,0.40629085898399353,34.954471588134766,48.5619010925293,14.447895050048828,19.394010543823242,21.210392608929435,-14.754152880880296,38.84348047025386,0.9322581925180937,0.9941554665565491,0.0,3.4201860357357536
2026-04-13 19:17:09,2556,80,1,v8_7_phase_2_2_radius_105_120_reward_grid,520,170.49552389858607,209,success,121.8542709350586,14.742654800415039,0.40629085898399353,35.539794921875,48.5619010925293,13.892314910888672,24.677234649658203,7.5320244044037645,-7.396533088064576,4.6183382752362565,0.9913717513378266,0.8988615274429321,0.0,1.7127815307270575
2026-04-13 19:17:13,2556,81,1,v8_7_phase_2_2_radius_105_120_reward_grid,520,143.57657440545805,213,success,124.40518951416016,14.657389640808105,0.40629085898399353,37.40462112426758,48.5619010925293,11.996631622314453,26.169437408447266,30.740861208813584,7.624317335563562,-2.1818388301200464,0.8594879528367726,0.997073769569397,0.0,4.38188800343831
2026-04-13 19:17:16,2556,82,1,v8_7_phase_2_2_radius_105_120_reward_grid,520,-224.2411440857088,214,near_miss,127.864013671875,17.729764938354492,0.40629085898399353,38.593719482421875,48.5619010925293,10.831626892089844,28.112167358398438,75.11911717109558,-64.92137153269974,55.65357664036865,0.2568103401444138,0.9197818636894226,0.0,2.679750501473652
2026-04-13 19:17:20,2557,83,1,v8_7_phase_2_2_radius_105_120_reward_grid,520,-147.25260337489053,216,near_miss,117.0001220703125,16.20429039001465,0.40629085898399353,37.71129608154297,48.5619010925293,11.767356872558594,-6.510185241699219,76.52581512122721,-79.21914312607083,-137.84135903634797,0.2330072302906528,0.769262433052063,0.0,1.0378247634876117
2026-04-13 19:17:24,2557,84,1,v8_7_phase_2_2_radius_105_120_reward_grid,520,-154.4519843034079,219,near_miss,123.47854614257812,12.713882446289062,0.40629085898399353,40.64326858520508,48.5619010925293,8.865638732910156,10.82768726348877,77.58709674465297,-82.3842391270764,-120.32589898536222,0.2149552725068768,0.6859198212623596,0.0,1.8567083748378135
2026-04-13 19:17:27,2557,85,1,v8_7_phase_2_2_radius_105_120_reward_grid,520,-347.57842326236187,211,near_miss,120.12032318115234,17.905258178710938,0.40629085898399353,38.92803955078125,48.5619010925293,10.624958038330078,19.89360237121582,108.99919137905496,-108.9011303531411,-176.73889020859872,-0.3255548102285182,0.5669406652450562,0.0,1.5138730751881235
2026-04-13 19:17:31,2557,86,1,v8_7_phase_2_2_radius_105_120_reward_grid,520,-308.97425428689974,214,near_miss,124.75257110595703,17.884294509887695,0.40629085898399353,39.79989242553711,48.5619010925293,9.767833709716797,22.029212951660156,111.08331432125763,-113.26455572326871,-155.4061876946546,-0.359725098100136,0.5267758369445801,0.0,1.4067487349048406
2026-04-13 19:17:35,2557,87,1,v8_7_phase_2_2_radius_105_120_reward_grid,520,130.59984707236606,224,success,126.12092590332031,10.329249382019043,0.40629085898399353,41.03379440307617,48.5619010925293,8.366958618164062,26.218467712402344,40.30091989572952,16.37930077123645,-42.20477365516805,0.7626579452521383,0.9969497323036194,0.0,2.293163232735483
2026-04-13 19:17:38,2557,88,1,v8_7_phase_2_2_radius_105_120_reward_grid,520,135.73479188548077,212,success,123.83078002929688,14.445174217224121,0.40629085898399353,38.06135559082031,48.5619010925293,11.348251342773438,27.834203720092773,23.83144525952327,-6.86778509252544,-1.3374321479848905,0.914738054998386,0.9682029485702515,0.0,3.6908196155471344
2026-04-13 19:17:43,2558,89,1,v8_7_phase_2_2_radius_105_120_reward_grid,520,100.74449478485306,232,success,119.18637084960938,6.278820514678955,0.40629085898399353,44.67109680175781,48.5619010925293,4.779365539550781,17.94772720336914,40.05472914219099,-44.46403630806818,56.94695833707519,0.7654301006163737,0.8480480313301086,0.0,2.4596811428125833
2026-04-13 19:17:46,2558,90,1,v8_7_phase_2_2_radius_105_120_reward_grid,520,158.86606127025047,208,success,118.22499084472656,14.691099166870117,0.40629085898399353,34.9767951965332,48.5619010925293,14.430450439453125,19.66478729248047,22.05571560363043,20.51391651171594,-43.07624773665373,0.926819141034429,0.9806241989135742,0.0,2.0571255433716478
2026-04-13 19:17:50,2558,91,1,v8_7_phase_2_2_radius_105_120_reward_grid,520,142.61146819222125,214,success,125.98606872558594,14.873231887817383,0.40629085898399353,37.77879333496094,48.5619010925293,11.625839233398438,28.672882080078125,31.22747803623114,-14.605522841898942,-9.045447475411436,0.8551157252685324,0.9857919812202454,0.0,4.80685544158015
2026-04-13 19:17:53,2558,92,1,v8_7_phase_2_2_radius_105_120_reward_grid,520,-311.7279044004911,210,near_miss,124.19171142578125,17.992374420166016,0.40629085898399353,42.362606048583984,48.5619010925293,7.150936126708984,25.17472267150879,85.75614642596078,-99.98968692037708,106.58683686609817,0.07400150938634986,0.6734315752983093,0.0,1.107331114097848
2026-04-13 19:17:57,2558,93,1,v8_7_phase_2_2_radius_105_120_reward_grid,520,165.28163964323852,214,success,129.0998992919922,14.851608276367188,0.40629085898399353,38.29336166381836,48.5619010925293,11.119342803955078,27.2049503326416,29.530934178480845,-1.0936061340030714,9.486019436312999,0.8700897080121175,0.9549733400344849,0.0,0.678296324130137
2026-04-13 19:18:02,2559,94,1,v8_7_phase_2_2_radius_105_120_reward_grid,520,-690.0827909385961,270,low_agl,118.78594207763672,73.13844299316406,0.40629085898399353,0.3280003070831299,48.5619010925293,49.68641662597656,-15.64966106414795,164.7741063300289,173.8978320421969,159.90521964056364,-0.9648979048264743,-0.6458809971809387,0.0,4.801057456107053
2026-04-13 19:18:05,2559,95,1,v8_7_phase_2_2_radius_105_120_reward_grid,520,156.80277374984064,207,success,116.4172134399414,14.93496322631836,0.40629085898399353,34.8414421081543,48.5619010925293,14.56021499633789,20.74736785888672,9.755582243417662,-9.74648784653779,-11.72034506855342,0.9855395549077415,0.9943757057189941,0.0,1.9805620574938516
2026-04-13 19:18:09,2559,96,1,v8_7_phase_2_2_radius_105_120_reward_grid,520,137.22361555501755,211,success,121.76332092285156,14.83378791809082,0.40629085898399353,36.3681640625,48.5619010925293,13.034832000732422,25.50827980041504,37.43652980312293,-18.39890574653918,-41.9434403722396,0.7940272173175146,0.9874513149261475,0.0,1.3526674929567144
2026-04-13 19:18:12,2559,97,1,v8_7_phase_2_2_radius_105_120_reward_grid,520,-147.8203274077526,217,near_miss,117.44686889648438,15.20430850982666,0.40629085898399353,38.58090591430664,48.5619010925293,10.88106918334961,-4.587346076965332,75.01126848410108,-76.81525804768485,-140.30442087370295,0.25862906938989966,0.8154037594795227,0.0,1.0934249334007513
2026-04-13 19:18:16,2559,98,1,v8_7_phase_2_2_radius_105_120_reward_grid,520,145.6272573852755,212,success,124.86366271972656,14.875950813293457,0.40629085898399353,36.807899475097656,48.5619010925293,12.59372329711914,27.6749210357666,28.738922517799093,18.680970361145906,10.408840318657898,0.8768197329860077,0.9965137243270874,0.0,3.68226569211862
2026-04-13 19:18:21,2559,99,1,v8_7_phase_2_2_radius_105_120_reward_grid,520,-775.7240889572848,317,low_agl,115.93562316894531,86.50726318359375,0.40629085898399353,0.34358251094818115,48.5619010925293,49.69967269897461,-24.062664031982422,138.8544946563143,128.20647562707455,126.72250774686255,-0.7530410553873125,-0.7164287567138672,0.0,3.7550335966753527
2026-04-13 19:18:27,2560,100,1,v8_7_phase_2_2_radius_105_120_reward_grid,520,-492.8263317847452,354,collision,129.17977905273438,121.35313415527344,0.40629085898399353,0.10676456987857819,48.5619010925293,49.632205963134766,-31.47678565979004,120.14779497256495,-149.952869038668,-125.60217913806204,-0.5022322542843226,0.06792102754116058,1.0,5.194924410236229
2026-04-13 19:18:33,2560,101,1,v8_7_phase_2_2_radius_105_120_reward_grid,520,-881.6347627372204,349,low_agl,123.02653503417969,52.26376724243164,0.40629085898399353,0.3843642771244049,48.5619010925293,49.331241607666016,-30.15801429748535,68.49827329914372,-77.88977657772207,-42.00976492417501,0.366529266194027,0.13056203722953796,0.0,4.9925698255465445
2026-04-13 19:18:36,2560,102,1,v8_7_phase_2_2_radius_105_120_reward_grid,520,164.3270294121507,208,success,119.35003662109375,14.709425926208496,0.40629085898399353,35.21345138549805,48.5619010925293,14.19118881225586,22.492828369140625,15.018293371557615,15.098058028232316,17.23715887061171,0.965843141425377,0.9832711219787598,0.0,0.9516703366720003
2026-04-13 19:18:40,2560,103,1,v8_7_phase_2_2_radius_105_120_reward_grid,520,154.06649265690513,209,success,120.53141021728516,14.902663230895996,0.40629085898399353,35.74363708496094,48.5619010925293,13.662853240966797,23.67782974243164,36.46262678974916,-35.0913741063153,41.7062654684055,0.8042446838996723,0.9737532138824463,0.0,1.4476336149460869
2026-04-13 19:18:44,2561,104,1,v8_7_phase_2_2_radius_105_120_reward_grid,520,-704.7381898672796,276,low_agl,127.1290054321289,81.50877380371094,0.40629085898399353,0.31837722659111023,48.5619010925293,49.683876037597656,-26.69348907470703,118.51921832724545,123.40910101821933,99.43545122017639,-0.477453508960815,-0.6152002215385437,0.0,4.960923482415987
2026-04-13 19:18:48,2561,105,1,v8_7_phase_2_2_radius_105_120_reward_grid,520,158.14800744058127,206,success,122.31915283203125,14.980183601379395,0.40629085898399353,35.332794189453125,48.5619010925293,14.067153930664062,24.773134231567383,18.585233307097127,17.39618616505712,-10.021921201234077,0.9478505830885986,0.9993612170219421,0.0,6.321542189658283
2026-04-13 19:18:51,2561,106,1,v8_7_phase_2_2_radius_105_120_reward_grid,520,164.81091356000417,206,success,116.3620834350586,14.775260925292969,0.40629085898399353,34.71188735961914,48.5619010925293,14.691574096679688,18.43062400817871,14.564118235150325,6.9156271525667945,42.087963759982486,0.9678668403865217,0.9889203906059265,0.0,3.7821649899442025
2026-04-13 19:18:57,2561,107,1,v8_7_phase_2_2_radius_105_120_reward_grid,520,-684.3340733580027,332,collision,116.7163314819336,98.02254486083984,0.40629085898399353,0.14695830643177032,48.5619010925293,49.57073211669922,-23.59769630432129,49.72136268582123,-1.8488562224679352,-47.122994801008296,0.6465053742796749,0.1270604431629181,1.0,4.789002940835981
2026-04-13 19:19:02,2562,108,1,v8_7_phase_2_2_radius_105_120_reward_grid,520,-625.0333589691369,297,near_miss,127.74730682373047,17.88542938232422,0.40629085898399353,48.7274055480957,48.5619010925293,1.1316871643066406,8.33304500579834,96.36665405627883,50.649684431768925,-95.67653857272991,-0.11089054389978215,-0.23681741952896118,0.0,4.100574412673081
2026-04-13 19:19:05,2562,109,1,v8_7_phase_2_2_radius_105_120_reward_grid,520,144.36345525835537,209,success,120.26673126220703,14.628571510314941,0.40629085898399353,36.69551086425781,48.5619010925293,12.704193115234375,26.03526496887207,27.007317591491827,-13.592978033295816,3.00195223692476,0.8909485350416414,0.9988231062889099,0.0,3.103837442866566
2026-04-13 19:19:09,2562,110,1,v8_7_phase_2_2_radius_105_120_reward_grid,520,155.8881184304865,210,success,120.37217712402344,14.59061336517334,0.40629085898399353,36.258460998535156,48.5619010925293,13.150890350341797,25.17677116394043,14.717082029160052,11.296913467374003,-7.62074856172223,0.9671920549909733,0.9659902453422546,0.0,2.5955706253267077
2026-04-13 19:19:13,2562,111,1,v8_7_phase_2_2_radius_105_120_reward_grid,520,-699.152768524136,267,low_agl,119.73129272460938,67.7011489868164,0.40629085898399353,0.26030683517456055,48.5619010925293,49.674625396728516,-16.452367782592773,122.88721992411699,140.50596609573168,110.83151939750512,-0.5429871555323982,-0.4451555609703064,0.0,4.214990175492434
2026-04-13 19:19:18,2562,112,1,v8_7_phase_2_2_radius_105_120_reward_grid,520,-675.5748598027117,268,low_agl,123.65941619873047,64.16925048828125,0.40629085898399353,0.22325898706912994,48.5619010925293,49.679351806640625,1.627348780632019,150.5072481728413,-150.13635524053123,-178.461627841816,-0.8704179827622367,-0.3626636862754822,0.0,4.213447633476297
2026-04-13 19:19:22,2563,113,1,v8_7_phase_2_2_radius_105_120_reward_grid,520,-178.50557125226317,226,near_miss,119.68907165527344,9.434125900268555,0.40629085898399353,43.38905715942383,48.5619010925293,6.047946929931641,8.363672256469727,76.15977162322788,-67.70465312891243,-85.32579669692579,0.23921524922424497,0.886300265789032,0.0,0.41611561075336917
2026-04-13 19:19:25,2563,114,1,v8_7_phase_2_2_radius_105_120_reward_grid,520,143.9205517835714,207,success,120.22518157958984,14.609435081481934,0.40629085898399353,36.59951400756836,48.5619010925293,12.80215835571289,26.478771209716797,26.43731610713946,0.8096339222663567,14.310766028267041,0.8954219843179083,0.9963154792785645,0.0,5.856196990441608
2026-04-13 19:19:30,2563,115,1,v8_7_phase_2_2_radius_105_120_reward_grid,520,-856.9485814606373,284,low_agl,116.8011474609375,64.04385375976562,0.40629085898399353,0.3428027033805847,48.5619010925293,49.691627502441406,-8.695303916931152,146.58121445678293,178.98566727569607,130.49214379130595,-0.8346673325046572,-0.6973241567611694,0.0,3.2004125015934064
2026-04-13 19:19:35,2563,116,1,v8_7_phase_2_2_radius_105_120_reward_grid,520,-625.8078441528723,296,low_agl,128.9299774169922,87.71062469482422,0.40629085898399353,0.23558175563812256,48.5619010925293,49.67021942138672,-27.607332229614258,70.51938774625302,62.439519844938054,45.33375161584259,0.33348786909521344,-0.3640340566635132,0.0,4.248210818153726
2026-04-13 19:19:38,2563,117,1,v8_7_phase_2_2_radius_105_120_reward_grid,520,153.1085471598437,207,success,115.49261474609375,14.599525451660156,0.40629085898399353,35.1851921081543,48.5619010925293,14.217094421386719,20.61445426940918,7.097769087823994,-6.3647638582688035,5.906827848949774,0.9923367497746453,0.9919641613960266,0.0,4.642662161963187
2026-04-13 19:19:42,2564,118,1,v8_7_phase_2_2_radius_105_120_reward_grid,520,169.64195021573096,208,success,121.4262466430664,14.939248085021973,0.40629085898399353,35.37888717651367,48.5619010925293,14.03499984741211,23.95578956604004,5.90401936054043,5.534490331630285,4.177414559592437,0.9946956036626438,0.9534528851509094,0.0,2.940118112010289
2026-04-13 19:19:46,2564,119,1,v8_7_phase_2_2_radius_105_120_reward_grid,520,137.29972154280256,223,success,125.61550903320312,8.507561683654785,0.40629085898399353,42.394893646240234,48.5619010925293,7.006740570068359,26.529312133789062,40.30620646214711,-31.211430506776196,-32.691112443284005,0.7625982628830478,0.9898499250411987,0.0,0.8508247115324146
2026-04-13 19:19:49,2564,120,1,v8_7_phase_2_2_radius_105_120_reward_grid,520,147.5362735946595,207,success,116.6685562133789,14.824950218200684,0.40629085898399353,35.180686950683594,48.5619010925293,14.219169616699219,21.308879852294922,15.233051594535741,-14.706795764270012,10.720305482546943,0.9648650876920125,0.9995601177215576,0.0,3.3870283844937212
2026-04-13 19:19:55,2564,121,1,v8_7_phase_2_2_radius_105_120_reward_grid,520,-615.624618995903,285,low_agl,126.64889526367188,78.43928527832031,0.40629085898399353,0.23272882401943207,48.5619010925293,49.670040130615234,-22.67642593383789,83.96731988233445,74.23046174875273,62.61395604615101,0.10509569730955419,-0.35880956053733826,0.0,4.380980300367567
2026-04-13 19:20:00,2564,122,1,v8_7_phase_2_2_radius_105_120_reward_grid,520,151.41001539402336,209,success,121.80941772460938,14.923056602478027,0.40629085898399353,35.91061782836914,48.5619010925293,13.489940643310547,25.55160140991211,29.975869776488402,-15.092156744789424,-38.05695686657021,0.8662359028999965,0.9959396719932556,0.0,3.7376693193565855
2026-04-13 19:20:04,2564,123,1,v8_7_phase_2_2_radius_105_120_reward_grid,520,160.26199370357338,206,success,117.2354965209961,14.943565368652344,0.40629085898399353,34.9461669921875,48.5619010925293,14.455467224121094,21.87036895751953,9.795929024618573,1.343920187366168,-7.473266848295084,0.9854199897085536,0.9941453337669373,0.0,3.9765181654699657
2026-04-13 19:20:09,2565,124,1,v8_7_phase_2_2_radius_105_120_reward_grid,520,-769.6427035383738,274,low_agl,118.893310546875,89.18963623046875,0.40629085898399353,0.31317320466041565,48.5619010925293,49.680809020996094,-28.70991325378418,176.8521620657942,177.2721503978583,-177.82336032425667,-0.9984911702938439,-0.5940774083137512,0.0,2.8552067533583414
2026-04-13 19:20:12,2565,125,1,v8_7_phase_2_2_radius_105_120_reward_grid,520,155.7303189709662,209,success,121.80139923095703,14.623027801513672,0.40629085898399353,35.98960876464844,48.5619010925293,13.413032531738281,24.543031692504883,25.04553358260784,25.18570272475484,-24.010712112026717,0.9059716415209953,0.9930714964866638,0.0,4.567292122526468
2026-04-13 19:20:16,2565,126,1,v8_7_phase_2_2_radius_105_120_reward_grid,520,-384.33365151785074,220,near_miss,128.9164276123047,17.728260040283203,0.40629085898399353,44.18264389038086,48.5619010925293,5.375339508056641,18.51746368408203,128.72787860793497,-128.29532272779807,177.77438786790768,-0.6256223190607328,0.5530683398246765,0.0,1.62388196308903
2026-04-13 19:20:20,2565,127,1,v8_7_phase_2_2_radius_105_120_reward_grid,520,-244.53702969320514,223,near_miss,125.47269439697266,10.87079906463623,0.40629085898399353,44.57010269165039,48.5619010925293,4.894248962402344,15.911535263061523,76.27741480149218,-87.16755037643055,-103.20460232118872,0.23722109879085612,0.8088918328285217,0.0,1.9729653529434485
2026-04-13 19:20:24,2565,128,1,v8_7_phase_2_2_radius_105_120_reward_grid,520,-599.448891483237,228,low_agl,128.23226928710938,69.30140686035156,0.40629085898399353,0.20525497198104858,48.5619010925293,49.66466522216797,-0.6810790300369263,144.6861511508062,-150.8219286482821,-158.1042763413497,-0.8159978934210674,-0.26890140771865845,0.0,3.322678306976323
2026-04-13 19:20:30,2566,129,1,v8_7_phase_2_2_radius_105_120_reward_grid,520,-711.5401590266681,366,collision,128.0838623046875,128.71890258789062,0.40629085898399353,0.11814931035041809,48.5619010925293,49.6629524230957,-32.30388259887695,40.21334321019162,26.42046603045704,-32.529062790130865,0.7636456918331416,-0.03551212325692177,1.0,4.446721184177751
2026-04-13 19:20:34,2566,130,1,v8_7_phase_2_2_radius_105_120_reward_grid,520,149.000723235614,212,success,124.56495666503906,14.791891098022461,0.40629085898399353,37.70269012451172,48.5619010925293,11.7034912109375,22.11978530883789,27.480359417933986,-4.904206024550208,1.5892334750397574,0.8871690651713033,0.9838708639144897,0.0,2.42995145982803
2026-04-13 19:20:37,2566,131,1,v8_7_phase_2_2_radius_105_120_reward_grid,520,159.1228979530656,205,success,115.73748779296875,14.743548393249512,0.40629085898399353,34.754638671875,48.5619010925293,14.644901275634766,18.36677360534668,5.304595128790941,3.38968926950169,13.256740627060783,0.9957172868494693,0.9971348643302917,0.0,1.7973879343910224
2026-04-13 19:20:41,2566,132,1,v8_7_phase_2_2_radius_105_120_reward_grid,520,169.18108950472654,208,success,120.14410400390625,14.809621810913086,0.40629085898399353,35.217796325683594,48.5619010925293,14.208251953125,19.323871612548828,11.71852055427138,-10.965623679418998,-9.579203707159483,0.979157209556248,0.9188904762268066,0.0,1.1132851777508719
2026-04-13 19:20:45,2566,133,1,v8_7_phase_2_2_radius_105_120_reward_grid,520,165.65634739178245,207,success,119.01998138427734,14.725984573364258,0.40629085898399353,34.799095153808594,48.5619010925293,14.610893249511719,19.096607208251953,11.48274498544348,5.1593981136411635,12.557908968357282,0.9799847011950165,0.9672994017601013,0.0,3.6348900937931923
2026-04-13 19:20:49,2567,134,1,v8_7_phase_2_2_radius_105_120_reward_grid,520,-177.49293434549946,206,near_miss,117.9902572631836,17.255327224731445,0.40629085898399353,35.444847106933594,48.5619010925293,14.037376403808594,14.415731430053711,75.46777100746804,-72.68147046764221,165.57101182125095,0.2509245494317376,0.7591155171394348,0.0,1.8631464374791158
2026-04-13 19:20:52,2567,135,1,v8_7_phase_2_2_radius_105_120_reward_grid,520,145.06583008243743,212,success,122.36880493164062,14.538148880004883,0.40629085898399353,36.93379592895508,48.5619010925293,12.46834945678711,26.525224685668945,26.537059067136447,-14.704722801856914,9.570806843348599,0.8946455724548003,0.9946818947792053,0.0,4.995454571368541
2026-04-13 19:20:56,2567,136,1,v8_7_phase_2_2_radius_105_120_reward_grid,520,155.5801135902106,207,success,118.46736145019531,14.998004913330078,0.40629085898399353,34.84415054321289,48.5619010925293,14.558490753173828,21.141447067260742,16.648604884926296,0.4545647773550984,-25.703058818532043,0.9580798758653443,0.9933328628540039,0.0,5.835147325263656
2026-04-13 19:20:59,2567,137,1,v8_7_phase_2_2_radius_105_120_reward_grid,520,-409.2434156536182,218,near_miss,121.29950714111328,17.703304290771484,0.40629085898399353,41.84621047973633,48.5619010925293,7.754768371582031,17.36693572998047,87.43384579179101,-114.28973979693095,100.42720834804058,0.0447728678496856,0.4364003837108612,0.0,2.156982990737838
2026-04-13 19:21:05,2567,138,1,v8_7_phase_2_2_radius_105_120_reward_grid,520,-856.4767092241003,317,low_agl,123.16316223144531,69.15524291992188,0.40629085898399353,0.32950398325920105,48.5619010925293,49.71590805053711,-9.499588012695312,111.06505039541702,103.92163558025666,71.58103819989395,-0.35942765289197265,-0.7138975858688354,0.0,4.880806154399669
2026-04-13 19:21:09,2568,139,1,v8_7_phase_2_2_radius_105_120_reward_grid,520,165.08679013646915,207,success,119.59973907470703,14.917827606201172,0.40629085898399353,34.984195709228516,48.5619010925293,14.417011260986328,22.456844329833984,14.369247815487983,12.282748821227793,-18.499620300945605,0.9687165001547878,0.9951823949813843,0.0,1.8433012226746395
2026-04-13 19:21:12,2568,140,1,v8_7_phase_2_2_radius_105_120_reward_grid,520,150.3240227052454,210,success,122.31985473632812,14.56397533416748,0.40629085898399353,36.686248779296875,48.5619010925293,12.717281341552734,26.72086524963379,21.18520457881772,12.284001307166845,-4.6239420185634295,0.932417152013602,0.9887927174568176,0.0,4.650380216329695
2026-04-13 19:21:17,2568,141,1,v8_7_phase_2_2_radius_105_120_reward_grid,520,-871.1540223025096,317,low_agl,118.01042175292969,65.06201934814453,0.40629085898399353,0.32247552275657654,48.5619010925293,49.71666717529297,-9.6796236038208,110.67542908440282,104.27140273746384,67.21644486741825,-0.35307365231081744,-0.6965898871421814,0.0,4.979518123647474
2026-04-13 19:21:21,2568,142,1,v8_7_phase_2_2_radius_105_120_reward_grid,520,138.94702169198592,212,success,125.62748718261719,14.71519947052002,0.40629085898399353,37.223976135253906,48.5619010925293,12.17691421508789,27.12152671813965,37.888613194096905,22.88400069144683,-36.85397955371796,0.7892061506048802,0.9971146583557129,0.0,5.7932005813361185
2026-04-13 19:21:26,2568,143,1,v8_7_phase_2_2_radius_105_120_reward_grid,520,-723.7656981598017,277,low_agl,126.69587707519531,97.88819122314453,0.40629085898399353,0.2861376404762268,48.5619010925293,49.67360305786133,-32.805301666259766,157.10533385447866,177.73004627981595,-153.37628279408347,-0.9212216264153766,-0.5065139532089233,0.0,4.033909972457581
2026-04-13 19:21:30,2569,144,1,v8_7_phase_2_2_radius_105_120_reward_grid,520,145.63059251674,207,success,116.65100860595703,14.803333282470703,0.40629085898399353,35.303157806396484,48.5619010925293,14.098278045654297,19.755224227905273,12.461093598193289,-12.233544992220668,1.9046759434598646,0.9764427542195727,0.9956267476081848,0.0,2.592542938475672
2026-04-13 19:21:34,2569,145,1,v8_7_phase_2_2_radius_105_120_reward_grid,520,-519.6790892969715,275,low_agl,126.24618530273438,98.78497314453125,0.40629085898399353,0.2905775010585785,48.5619010925293,49.67866134643555,-41.78599166870117,114.64576340741786,141.69112686013395,101.7492939147341,-0.4170068864060438,-0.533104419708252,0.0,4.540074029064033
2026-04-13 19:21:40,2569,146,1,v8_7_phase_2_2_radius_105_120_reward_grid,520,-682.1816742685206,335,wrong_way,122.95872497558594,129.73284912109375,0.40629085898399353,13.504073143005371,48.5619010925293,36.46090316772461,-53.57388687133789,134.58383691549378,159.89210567735722,132.73643466954542,-0.7019521631938124,-0.5241527557373047,0.0,3.484660706851356
2026-04-13 19:21:44,2569,147,1,v8_7_phase_2_2_radius_105_120_reward_grid,520,150.2123271789303,207,success,115.5791244506836,14.828597068786621,0.40629085898399353,35.10747528076172,48.5619010925293,14.29525375366211,21.995464324951172,11.777009171681492,-10.54398500289671,11.422259391474785,0.9789493671953039,0.9934257864952087,0.0,5.653929274630202
2026-04-13 19:21:47,2569,148,1,v8_7_phase_2_2_radius_105_120_reward_grid,520,150.50864702841568,207,success,117.57295227050781,14.987531661987305,0.40629085898399353,35.172725677490234,48.5619010925293,14.228515625,19.028949737548828,19.79010599744406,5.794270600296196,-26.408608822057897,0.9409392491791433,0.997471809387207,0.0,7.228885255187963
2026-04-13 19:21:51,2570,149,1,v8_7_phase_2_2_radius_105_120_reward_grid,520,148.93910186419455,209,success,122.0130386352539,14.737043380737305,0.40629085898399353,36.136497497558594,48.5619010925293,13.269805908203125,25.46003532409668,20.08042489566274,-12.229660322130224,-11.856372554742455,0.9392116086269128,0.9829294681549072,0.0,2.760996372632218
2026-04-13 19:21:54,2570,150,1,v8_7_phase_2_2_radius_105_120_reward_grid,520,145.2470383961568,211,success,123.49910736083984,14.69577407836914,0.40629085898399353,37.04368209838867,48.5619010925293,12.361083984375,27.722545623779297,34.03242499249111,28.626099745541527,22.713677971661514,0.8287209797567474,0.9867984056472778,0.0,4.081612910253242
2026-04-13 19:21:58,2570,151,1,v8_7_phase_2_2_radius_105_120_reward_grid,520,159.44798118255702,210,success,123.97142028808594,14.6151123046875,0.40629085898399353,36.82974624633789,48.5619010925293,12.575794219970703,24.803634643554688,19.348406201555797,8.171208021085544,2.972819772567363,0.943521380499291,0.9793328046798706,0.0,3.488418070686381
2026-04-13 19:22:02,2570,152,1,v8_7_phase_2_2_radius_105_120_reward_grid,520,149.66074823224815,212,success,121.33863830566406,14.874768257141113,0.40629085898399353,37.1292724609375,48.5619010925293,12.273029327392578,21.255474090576172,33.32853301738628,-25.101998756476334,-18.703655126926808,0.835533847067271,0.995315432548523,0.0,6.513160603218252
2026-04-13 19:22:05,2570,153,1,v8_7_phase_2_2_radius_105_120_reward_grid,520,-196.79754522592918,221,near_miss,122.96414947509766,11.566964149475098,0.40629085898399353,46.585655212402344,48.5619010925293,2.824249267578125,5.233369827270508,76.8687042779402,-81.03657450194119,22.943802412724875,0.22718327231635266,0.9634214043617249,0.0,1.4333973928378811
2026-04-13 19:22:10,2571,154,1,v8_7_phase_2_2_radius_105_120_reward_grid,520,-735.8014204697397,262,low_agl,123.1827621459961,80.36898803710938,0.40629085898399353,0.3146536350250244,48.5619010925293,49.68212890625,-22.350725173950195,160.66827471425913,178.96090100976562,-155.61515050212196,-0.9436177975567988,-0.5997129082679749,0.0,2.734134901094276
2026-04-13 19:22:14,2571,155,1,v8_7_phase_2_2_radius_105_120_reward_grid,520,122.60485174009484,214,success,116.8974838256836,12.017778396606445,0.40629085898399353,38.67738723754883,48.5619010925293,10.754688262939453,22.91864776611328,39.93320641647813,-41.47977639552787,-45.424818528046366,0.766793263611495,0.8993703722953796,0.0,2.230391345303891
2026-04-13 19:22:18,2571,156,1,v8_7_phase_2_2_radius_105_120_reward_grid,520,-726.9503536940946,270,low_agl,124.1752700805664,69.78215026855469,0.40629085898399353,0.33671361207962036,48.5619010925293,49.68695068359375,-12.63245677947998,169.5139707460726,179.12039958726376,166.18776424292477,-0.9832993138271736,-0.670663595199585,0.0,3.4304643174461695
2026-04-13 19:22:22,2571,157,1,v8_7_phase_2_2_radius_105_120_reward_grid,520,-326.2140376649132,209,near_miss,119.59041595458984,17.79069709777832,0.40629085898399353,37.192474365234375,48.5619010925293,12.328540802001953,21.254638671875,94.1351083110306,-93.78217194604854,-163.86544528360707,-0.07210861831953669,0.6529186964035034,0.0,1.6960986529477338
2026-04-13 19:22:25,2571,158,1,v8_7_phase_2_2_radius_105_120_reward_grid,520,146.5479153259837,209,success,117.10049438476562,14.870304107666016,0.40629085898399353,35.46120071411133,48.5619010925293,13.941883087158203,22.878028869628906,22.53643968534156,-15.49391871705333,-23.003201152841893,0.9236359618912136,0.9872193932533264,0.0,3.112806961972131
2026-04-13 19:22:29,2571,159,1,v8_7_phase_2_2_radius_105_120_reward_grid,520,158.74738329416914,208,success,121.17618560791016,14.800065994262695,0.40629085898399353,35.40610885620117,48.5619010925293,13.993709564208984,24.261699676513672,21.17984458786655,20.287063731265015,-37.35599162752473,0.9324509552041829,0.9990564584732056,0.0,1.6078039593594442
2026-04-13 19:22:33,2572,160,1,v8_7_phase_2_2_radius_105_120_reward_grid,520,144.59181030133593,210,success,122.97167205810547,14.721932411193848,0.40629085898399353,36.535545349121094,48.5619010925293,12.863910675048828,27.178369522094727,28.359534537708857,26.781916226239527,8.826425506843929,0.8799842656932321,0.9998739361763,0.0,4.690389808956261
2026-04-13 19:22:36,2572,161,1,v8_7_phase_2_2_radius_105_120_reward_grid,520,150.9053363693446,207,success,117.60752868652344,14.878072738647461,0.40629085898399353,35.14768600463867,48.5619010925293,14.25606918334961,22.1115665435791,10.376951872970402,-3.332017713471041,8.060424914068877,0.9836440078926784,0.9886996746063232,0.0,2.7583762183626126
2026-04-13 19:22:41,2572,162,1,v8_7_phase_2_2_radius_105_120_reward_grid,520,-153.52479810896955,238,near_miss,127.90049743652344,7.0595221519470215,0.40629085898399353,47.38584518432617,48.5619010925293,2.0203704833984375,-7.624748229980469,75.05752935534957,-76.81655578362715,-24.597111173028992,0.25784905121408813,0.9850654602050781,0.0,3.88493425969081
2026-04-13 19:22:44,2572,163,1,v8_7_phase_2_2_radius_105_120_reward_grid,520,-195.39720388941902,233,near_miss,123.70575714111328,4.306944370269775,0.40629085898399353,48.07115936279297,48.5619010925293,1.3751106262207031,14.08188533782959,78.70405807019266,-88.95007948564215,73.60166770357219,0.19587669006445765,0.8592936992645264,0.0,0.5445166017045873
2026-04-13 19:22:50,2572,164,1,v8_7_phase_2_2_radius_105_120_reward_grid,520,-761.2653857468035,319,low_agl,126.07784271240234,113.38996124267578,0.40629085898399353,0.34314537048339844,48.5619010925293,49.69417190551758,-43.3910026550293,155.71952945301808,161.1512237300924,160.90813729753162,-0.9115434896980201,-0.704594075679779,0.0,2.7449474922123107
2026-04-13 19:22:54,2573,165,1,v8_7_phase_2_2_radius_105_120_reward_grid,520,138.06997609348056,211,success,120.76432037353516,14.661999702453613,0.40629085898399353,36.30546188354492,48.5619010925293,13.094966888427734,25.00497817993164,32.6717761777437,-23.295142220988453,40.72022179378202,0.8417768014763238,0.9942137002944946,0.0,0.3742080608869201
2026-04-13 19:22:57,2573,166,1,v8_7_phase_2_2_radius_105_120_reward_grid,520,-240.19229232315217,210,near_miss,125.62679290771484,17.503402709960938,0.40629085898399353,39.89247131347656,48.5619010925293,9.54345703125,28.050365447998047,83.73801677151877,-71.0001442713627,87.22018381417467,0.10907477616362327,0.890214204788208,0.0,2.8932416289654044
2026-04-13 19:23:01,2573,167,1,v8_7_phase_2_2_radius_105_120_reward_grid,520,-321.9464912096114,215,near_miss,127.73926544189453,17.682363510131836,0.40629085898399353,43.366668701171875,48.5619010925293,6.065464019775391,24.510143280029297,92.3572988625355,-94.27201945294351,-66.86365193640876,-0.0411310204586041,0.8989762663841248,0.0,1.4547493723990028
2026-04-13 19:23:04,2573,168,1,v8_7_phase_2_2_radius_105_120_reward_grid,520,145.85462158218004,208,success,120.42436218261719,14.969149589538574,0.40629085898399353,35.5368766784668,48.5619010925293,13.865516662597656,24.47027015686035,28.74594736736045,24.26941406457741,-44.34391035604058,0.8767607747075508,0.9933477640151978,0.0,4.742607928679507
2026-04-13 19:23:08,2573,169,1,v8_7_phase_2_2_radius_105_120_reward_grid,520,124.51285970858669,237,success,124.71546173095703,3.1427011489868164,0.40629085898399353,46.4515495300293,48.5619010925293,2.980144500732422,25.199316024780273,39.16525068205316,-37.75446144860869,54.283765126849666,0.7753276656154394,0.9018718600273132,0.0,0.9606558177767988
2026-04-13 19:23:12,2574,170,1,v8_7_phase_2_2_radius_105_120_reward_grid,520,144.1107710948186,213,success,119.568115234375,14.67780876159668,0.40629085898399353,37.19765853881836,48.5619010925293,12.211540222167969,20.818082809448242,30.992034585351632,-29.820124387939185,17.034165648478933,0.8572388944084167,0.971325159072876,0.0,4.244050756866698
2026-04-13 19:23:16,2574,171,1,v8_7_phase_2_2_radius_105_120_reward_grid,520,145.30386296393308,213,success,123.98429107666016,14.97518253326416,0.40629085898399353,37.15933609008789,48.5619010925293,12.240596771240234,26.6138916015625,33.19751632872709,-15.465192648951549,3.350851106333705,0.8367880485754962,0.9993685483932495,0.0,2.7715529465450155
2026-04-13 19:23:20,2574,172,1,v8_7_phase_2_2_radius_105_120_reward_grid,520,151.92971181313555,209,success,117.1471176147461,14.604409217834473,0.40629085898399353,35.28425216674805,48.5619010925293,14.117912292480469,21.21537208557129,21.3237156925437,9.450243759214118,41.30595149624563,0.9315407919475699,0.9932774901390076,0.0,4.817968705132615
2026-04-13 19:23:23,2574,173,1,v8_7_phase_2_2_radius_105_120_reward_grid,520,142.05806261202224,214,success,122.58524322509766,14.856385231018066,0.40629085898399353,39.03422546386719,48.5619010925293,10.375381469726562,20.592613220214844,34.10829473379161,-26.818748021338823,8.192295376374313,0.8279791620052951,0.9674291610717773,0.0,1.3135389251592287
2026-04-13 19:23:27,2574,174,1,v8_7_phase_2_2_radius_105_120_reward_grid,520,163.6669939599239,207,success,118.56391906738281,14.832097053527832,0.40629085898399353,35.16340637207031,48.5619010925293,14.235847473144531,20.995710372924805,16.813169755241294,16.808516688869222,-30.709585772604097,0.9572530366689371,0.9998730421066284,0.0,0.8291711399362713
2026-04-13 19:23:31,2574,175,1,v8_7_phase_2_2_radius_105_120_reward_grid,520,-369.97417500375775,224,near_miss,128.83413696289062,17.653217315673828,0.40629085898399353,44.56678771972656,48.5619010925293,4.931476593017578,18.80107879638672,97.34210069240504,-111.75599916204469,-119.20722328234085,-0.12779341400421146,0.7150514721870422,0.0,1.6308434429362884
2026-04-13 19:23:34,2575,176,1,v8_7_phase_2_2_radius_105_120_reward_grid,520,149.24518437931516,211,success,120.62301635742188,14.765402793884277,0.40629085898399353,36.4349365234375,48.5619010925293,12.964958190917969,25.552961349487305,30.39794814643851,-9.930205421059146,26.411562878873927,0.8625317905331374,0.9957879781723022,0.0,0.21991520000184214
2026-04-13 19:23:38,2575,177,1,v8_7_phase_2_2_radius_105_120_reward_grid,520,145.73031356480453,212,success,120.21368408203125,14.546797752380371,0.40629085898399353,36.51716613769531,48.5619010925293,12.886608123779297,25.235811233520508,20.31398492187862,-15.593159658146323,1.0925788308632192,0.9378042256034832,0.9917709231376648,0.0,6.539956122523673
2026-04-13 19:23:42,2575,178,1,v8_7_phase_2_2_radius_105_120_reward_grid,520,148.8853054407595,207,success,116.79708862304688,14.836936950683594,0.40629085898399353,35.02165222167969,48.5619010925293,14.382980346679688,21.487131118774414,22.956660243837423,-22.34627014337548,-41.40665239027371,0.9208001474837381,0.9879021644592285,0.0,5.637020728579014
2026-04-13 19:23:46,2575,179,1,v8_7_phase_2_2_radius_105_120_reward_grid,520,-176.69513879270573,232,near_miss,126.6532974243164,9.322356224060059,0.40629085898399353,45.16781997680664,48.5619010925293,4.26068115234375,1.0797834396362305,77.2554090981788,-78.31350102326216,-40.45249886888503,0.22060535531237366,0.9211235046386719,0.0,4.131715271525528
2026-04-13 19:23:49,2575,180,1,v8_7_phase_2_2_radius_105_120_reward_grid,520,164.33025950329738,206,success,117.14234924316406,14.921055793762207,0.40629085898399353,34.69147491455078,48.5619010925293,14.709846496582031,20.0492000579834,7.711211855958111,6.933416380260092,13.142018208440309,0.9909569618154231,0.9928242564201355,0.0,3.5472696803683648
2026-04-13 19:23:53,2576,181,1,v8_7_phase_2_2_radius_105_120_reward_grid,520,-276.5070325784922,226,near_miss,128.53485107421875,13.201631546020508,0.40629085898399353,45.32026672363281,48.5619010925293,4.114742279052734,21.60384178161621,75.70265438283562,-86.19280724978887,47.637967158765164,0.2469541201681299,0.8910745978355408,0.0,0.4139560067947941
2026-04-13 19:23:57,2576,182,1,v8_7_phase_2_2_radius_105_120_reward_grid,520,142.9221017968096,209,success,118.36328125,14.97285270690918,0.40629085898399353,35.637630462646484,48.5619010925293,13.766681671142578,23.862504959106445,32.982515634033426,-25.0924177086181,41.38669457751894,0.8388367308071077,0.9846397638320923,0.0,1.6611908505274924
2026-04-13 19:24:00,2576,183,1,v8_7_phase_2_2_radius_105_120_reward_grid,520,146.3933693052894,208,success,117.4527359008789,14.746101379394531,0.40629085898399353,35.24592208862305,48.5619010925293,14.154094696044922,22.712646484375,18.656164821627712,-0.681275191050512,-44.576047995361805,0.9474552913077842,0.9991468191146851,0.0,5.011735098889813
2026-04-13 19:24:04,2576,184,1,v8_7_phase_2_2_radius_105_120_reward_grid,520,167.7226066945207,207,success,116.55872344970703,14.88969898223877,0.40629085898399353,35.108497619628906,48.5619010925293,14.290843963623047,17.14166259765625,16.496679279670413,7.922856366448357,-22.797329005973953,0.9588361940780864,0.9992510080337524,0.0,1.0164466044210245
2026-04-13 19:24:08,2576,185,1,v8_7_phase_2_2_radius_105_120_reward_grid,520,-160.94142623253055,225,near_miss,120.22103881835938,14.450255393981934,0.40629085898399353,41.669029235839844,48.5619010925293,7.745185852050781,8.900654792785645,75.4329097219443,-74.44322214139862,42.66491666936263,0.25151348099265286,0.9507910013198853,0.0,0.9836377598235616
2026-04-13 19:24:12,2576,186,1,v8_7_phase_2_2_radius_105_120_reward_grid,520,-421.02217137273374,231,near_miss,125.69065856933594,17.956151962280273,0.40629085898399353,49.12235641479492,48.5619010925293,0.37537384033203125,1.9895013570785522,95.69686521569987,-117.98405934539662,99.42926989897752,-0.09926530780881146,0.716589629650116,0.0,0.8514682275572713
2026-04-13 19:24:16,2577,187,1,v8_7_phase_2_2_radius_105_120_reward_grid,520,163.66379326809212,208,success,118.43489837646484,14.810664176940918,0.40629085898399353,35.464717864990234,48.5619010925293,13.934776306152344,23.694690704345703,17.752028775531027,-1.8099162467926349,1.2969977482635324,0.9523850041633375,0.999353289604187,0.0,3.3374177078084166
2026-04-13 19:24:19,2577,188,1,v8_7_phase_2_2_radius_105_120_reward_grid,520,152.558691304628,207,success,116.16219329833984,14.884552001953125,0.40629085898399353,35.02971649169922,48.5619010925293,14.37112045288086,19.039005279541016,15.079375753305039,-8.195129051106221,20.56922396852012,0.9655663397943143,0.997503399848938,0.0,2.779774428703554
2026-04-13 19:24:23,2577,189,1,v8_7_phase_2_2_radius_105_120_reward_grid,520,146.40768421660238,213,success,123.08992004394531,14.469197273254395,0.40629085898399353,37.129150390625,48.5619010925293,12.276519775390625,26.59370994567871,31.309290042109556,-14.091871271972826,-19.598015464773912,0.8543745831257245,0.9861688613891602,0.0,2.7302811594563146
2026-04-13 19:24:26,2577,190,1,v8_7_phase_2_2_radius_105_120_reward_grid,520,145.47652566259106,210,success,120.93477630615234,14.909708976745605,0.40629085898399353,36.114410400390625,48.5619010925293,13.28585433959961,25.753063201904297,28.216909942555233,-11.43581731697726,-27.602995464481562,0.8811639478047886,0.9985209703445435,0.0,4.866430692872326
2026-04-13 19:24:30,2577,191,1,v8_7_phase_2_2_radius_105_120_reward_grid,520,147.62641448550966,215,success,124.35063171386719,14.661559104919434,0.40629085898399353,37.7847785949707,48.5619010925293,11.61892318725586,27.383817672729492,34.001876971428224,-19.621994551402533,-15.043904873397869,0.8290192533245594,0.9886775612831116,0.0,3.962362309276415
2026-04-13 19:24:34,2577,192,1,v8_7_phase_2_2_radius_105_120_reward_grid,520,-218.80423444824976,230,near_miss,128.42776489257812,10.358335494995117,0.40629085898399353,47.01472473144531,48.5619010925293,2.386760711669922,12.345015525817871,75.22029276327098,-66.75521585314563,18.83761050447639,0.2551033167319837,0.994416356086731,0.0,1.3742099435453952
2026-04-13 19:24:38,2578,193,1,v8_7_phase_2_2_radius_105_120_reward_grid,520,134.8829974061834,225,success,128.17640686035156,10.229273796081543,0.40629085898399353,41.40922164916992,48.5619010925293,7.991508483886719,29.295549392700195,40.22261860708449,9.833613739590472,27.595417369597435,0.7635411623322784,0.9974000453948975,0.0,2.4738688333475016
2026-04-13 19:24:42,2578,194,1,v8_7_phase_2_2_radius_105_120_reward_grid,520,-448.2378177044319,225,near_miss,127.17951202392578,17.946674346923828,0.40629085898399353,45.609832763671875,48.5619010925293,4.007316589355469,14.072761535644531,138.85113420324265,-143.34830833769746,-159.83531948459773,-0.7530024633059359,0.39401957392692566,0.0,1.6559639935117736
2026-04-13 19:24:45,2578,195,1,v8_7_phase_2_2_radius_105_120_reward_grid,520,143.82013492031086,210,success,117.39810943603516,14.64302921295166,0.40629085898399353,36.07587432861328,48.5619010925293,13.328369140625,21.960350036621094,16.16817450134948,-9.662878647134017,4.9873614432609985,0.9604485058531589,0.9873358607292175,0.0,3.925691632141003
2026-04-13 19:24:49,2578,196,1,v8_7_phase_2_2_radius_105_120_reward_grid,520,153.4535752375327,208,success,118.09404754638672,14.700301170349121,0.40629085898399353,35.448020935058594,48.5619010925293,13.952583312988281,22.736536026000977,17.118931711173374,-14.251240075876733,-15.810158183172213,0.955695805616356,0.9983595609664917,0.0,3.6750162160940705
2026-04-13 19:24:53,2578,197,1,v8_7_phase_2_2_radius_105_120_reward_grid,520,143.82185873376434,213,success,123.44046020507812,14.607473373413086,0.40629085898399353,37.044769287109375,48.5619010925293,12.356563568115234,26.802736282348633,27.813404564505685,-27.327361472978406,-3.4303363655826704,0.8844718380876098,0.9968255758285522,0.0,5.645973183483154
2026-04-13 19:24:57,2579,198,1,v8_7_phase_2_2_radius_105_120_reward_grid,520,131.63798321036543,215,success,126.98438262939453,14.558188438415527,0.40629085898399353,37.897274017333984,48.5619010925293,11.52530288696289,28.587739944458008,28.357686971538367,-18.870936704984178,-12.53029451354292,0.8799995822306911,0.942463219165802,0.0,4.717661518658276
2026-04-13 19:25:01,2579,199,1,v8_7_phase_2_2_radius_105_120_reward_grid,520,-161.89272577131263,231,near_miss,129.68051147460938,9.101937294006348,0.40629085898399353,44.335689544677734,48.5619010925293,5.130344390869141,16.94689178466797,77.88696253978404,-82.30242029100881,-119.52139832378309,0.20984104873291892,0.8042194247245789,0.0,0.6060149558854604
2026-04-13 19:25:05,2579,200,1,v8_7_phase_2_2_radius_105_120_reward_grid,520,133.77857194432232,215,success,123.84033966064453,14.772014617919922,0.40629085898399353,37.811153411865234,48.5619010925293,11.589153289794922,26.253204345703125,35.80409068582779,-27.61707419190825,0.9950866316411611,0.8110220533212755,0.9990293383598328,0.0,7.523528878661299
2026-04-13 19:25:09,2579,201,1,v8_7_phase_2_2_radius_105_120_reward_grid,520,-183.45042604800875,240,near_miss,125.66484069824219,1.76189124584198,0.40629085898399353,49.51420211791992,48.5619010925293,-0.10886001586914062,22.693584442138672,84.63685600591411,-92.39903131836428,-9.545862992499712,0.0934678900448636,0.9805319309234619,0.0,2.4429031312705547
2026-04-13 19:25:15,2579,202,1,v8_7_phase_2_2_radius_105_120_reward_grid,520,-997.2838067953802,356,low_agl,126.822021484375,68.86406707763672,0.40629085898399353,0.25986847281455994,48.5619010925293,49.68074035644531,-7.546622276306152,73.43934142775765,79.05890005795317,11.07398206928031,0.2850302799440468,-0.4473836421966553,0.0,4.783152550088506
2026-04-13 19:25:18,2580,203,1,v8_7_phase_2_2_radius_105_120_reward_grid,520,148.33094361065602,214,success,121.9400405883789,14.788949966430664,0.40629085898399353,37.135581970214844,48.5619010925293,12.267127990722656,26.279905319213867,27.0543810099678,-26.8093684640611,-3.352703154815836,0.8905752279771831,0.9922458529472351,0.0,4.1928036117015095
2026-04-13 19:25:22,2580,204,1,v8_7_phase_2_2_radius_105_120_reward_grid,520,173.34800892982338,208,success,116.98334503173828,14.704277992248535,0.40629085898399353,34.90045166015625,48.5619010925293,14.514518737792969,14.437557220458984,14.348646257403932,11.126877615533829,13.716427726128273,0.9688056707777939,0.9532630443572998,0.0,0.6065214462673264
2026-04-13 19:25:26,2580,205,1,v8_7_phase_2_2_radius_105_120_reward_grid,520,170.9327939275151,208,success,119.4038314819336,14.776403427124023,0.40629085898399353,35.291690826416016,48.5619010925293,14.112064361572266,20.4720458984375,10.921280383779981,-2.4061518474167856,9.47769855835663,0.9818884125077528,0.9825268387794495,0.0,0.16881655210868107
2026-04-13 19:25:29,2580,206,1,v8_7_phase_2_2_radius_105_120_reward_grid,520,146.7641742665329,212,success,121.55023956298828,14.864060401916504,0.40629085898399353,36.57951736450195,48.5619010925293,12.821784973144531,25.470609664916992,31.906200764244478,-7.173702435261141,24.651146507100254,0.8489144930781202,0.993848443031311,0.0,4.15832294584797
2026-04-13 19:25:33,2580,207,1,v8_7_phase_2_2_radius_105_120_reward_grid,520,140.7968220008933,215,success,122.49205017089844,14.783219337463379,0.40629085898399353,37.63166809082031,48.5619010925293,11.77261734008789,25.77715492248535,32.20887718221901,-27.136085440366784,-12.521107909109253,0.8461105942217564,0.9883673191070557,0.0,5.447271126893115
2026-04-13 19:25:37,2580,208,1,v8_7_phase_2_2_radius_105_120_reward_grid,520,-193.63989486832085,214,near_miss,125.35855102539062,17.892831802368164,0.40629085898399353,38.79515075683594,48.5619010925293,10.630355834960938,22.18512725830078,76.84650616313765,-75.97632640249968,-59.654797078810496,0.2275605549314982,0.9183522462844849,0.0,1.2485160032633975
2026-04-13 19:25:41,2581,209,1,v8_7_phase_2_2_radius_105_120_reward_grid,520,137.9160509623332,214,success,122.87291717529297,14.50086784362793,0.40629085898399353,37.27958297729492,48.5619010925293,12.127090454101562,27.32493019104004,27.97560277427327,-25.973600904008954,12.633851280417714,0.8831474193929775,0.9856308102607727,0.0,6.333791845388995
2026-04-13 19:25:44,2581,210,1,v8_7_phase_2_2_radius_105_120_reward_grid,520,156.51683346698763,208,success,118.89826202392578,14.632359504699707,0.40629085898399353,35.288700103759766,48.5619010925293,14.11447525024414,22.101335525512695,16.7747431109708,-14.533244072554574,-20.88949324624931,0.957446814319147,0.9878009557723999,0.0,3.9547217951156877
2026-04-13 19:25:48,2581,211,1,v8_7_phase_2_2_radius_105_120_reward_grid,520,154.23932626730186,210,success,115.6455078125,14.906246185302734,0.40629085898399353,35.83857727050781,48.5619010925293,13.56451416015625,15.07632827758789,18.162944908830042,-17.75676551172043,-8.427157407400724,0.9501738502477926,0.989577054977417,0.0,3.537248755980745
2026-04-13 19:25:52,2581,212,1,v8_7_phase_2_2_radius_105_120_reward_grid,520,-285.5739430635685,229,near_miss,121.3360366821289,7.521018028259277,0.40629085898399353,45.21549987792969,48.5619010925293,4.237030029296875,24.228742599487305,76.70810603998568,-81.67379700055753,-105.90610606246884,0.22991205237415527,0.8414214253425598,0.0,1.6541468304534002
2026-04-13 19:25:56,2581,213,1,v8_7_phase_2_2_radius_105_120_reward_grid,520,-176.9934784129572,245,near_miss,118.39776611328125,14.315096855163574,0.40629085898399353,49.67524719238281,48.5619010925293,-0.22172164916992188,-18.172679901123047,75.30355959944261,64.81671254404763,-53.059074642625944,0.25369785091229635,0.8389134407043457,0.0,1.4950131774437858
2026-04-13 19:26:01,2582,214,1,v8_7_phase_2_2_radius_105_120_reward_grid,520,-347.3449910185449,233,near_miss,126.4109878540039,11.689962387084961,0.40629085898399353,48.226139068603516,48.5619010925293,1.287109375,13.220722198486328,75.6023735454415,-109.51520534066026,76.25343400731627,0.24864976224828791,0.6743406653404236,0.0,2.3253440397959833
2026-04-13 19:26:04,2582,215,1,v8_7_phase_2_2_radius_105_120_reward_grid,520,147.0248277645181,211,success,119.70808410644531,14.612781524658203,0.40629085898399353,36.351890563964844,48.5619010925293,13.04916000366211,25.19274139404297,32.411153234488935,-25.150112316537196,36.25763573728415,0.8442236051059683,0.9932584762573242,0.0,0.934819834274743
2026-04-13 19:26:08,2582,216,1,v8_7_phase_2_2_radius_105_120_reward_grid,520,147.3111350440932,215,success,120.18515014648438,13.200943946838379,0.40629085898399353,37.196754455566406,48.5619010925293,12.220272064208984,23.969959259033203,39.71684992923422,-39.616978903190294,-38.15350500558293,0.7692116686305295,0.946944534778595,0.0,1.4453276166141134
2026-04-13 19:26:12,2582,217,1,v8_7_phase_2_2_radius_105_120_reward_grid,520,149.4824701991149,215,success,123.23046112060547,14.545878410339355,0.40629085898399353,37.70594787597656,48.5619010925293,11.700092315673828,26.111845016479492,25.447874413403902,-21.78906501843313,0.5914273075310206,0.9029765738895612,0.9815714359283447,0.0,1.3399811607511394
2026-04-13 19:26:18,2582,218,1,v8_7_phase_2_2_radius_105_120_reward_grid,520,168.07627077525538,214,success,120.7651138305664,14.802287101745605,0.40629085898399353,36.942970275878906,48.5619010925293,12.464874267578125,16.083017349243164,19.427025093997226,-10.654714322173664,-0.49088425490578835,0.9430658803064365,0.9734838008880615,0.0,0.7034111371965578
2026-04-13 19:26:23,2582,219,1,v8_7_phase_2_2_radius_105_120_reward_grid,520,145.40940330836537,215,success,126.91867065429688,14.9085693359375,0.40629085898399353,37.763633728027344,48.5619010925293,11.639766693115234,29.387868881225586,30.150695298484045,27.560404112364655,2.6543854678473786,0.864707345339763,0.9884783625602722,0.0,4.043387572810295
2026-04-13 19:26:28,2583,220,1,v8_7_phase_2_2_radius_105_120_reward_grid,520,140.61862259516383,220,success,127.23096466064453,12.002889633178711,0.40629085898399353,39.484405517578125,48.5619010925293,9.920578002929688,28.05655860900879,40.423702791344255,5.797990065186091,-32.71171229382076,0.7612701205225785,0.9884795546531677,0.0,3.1421363812805447
2026-04-13 19:26:33,2583,221,1,v8_7_phase_2_2_radius_105_120_reward_grid,520,136.16763687390895,231,success,125.13053894042969,7.094271183013916,0.40629085898399353,43.29556655883789,48.5619010925293,6.113269805908203,20.783855438232422,40.31171159461814,-0.5521385653212263,32.09105641903629,0.7625361061253753,0.9715105891227722,0.0,1.8187612634927819
2026-04-13 19:26:40,2583,222,1,v8_7_phase_2_2_radius_105_120_reward_grid,520,-158.0476151931387,243,near_miss,125.26751708984375,6.155514717102051,0.40629085898399353,48.146602630615234,48.5619010925293,1.260040283203125,-14.63970947265625,76.5723765207992,-52.96762182473406,-20.377951351003084,0.23221687189347448,0.9737436771392822,0.0,0.289610103846846
2026-04-13 19:26:47,2583,223,1,v8_7_phase_2_2_radius_105_120_reward_grid,520,141.05059919982895,211,success,122.38607788085938,14.8265962600708,0.40629085898399353,35.76982879638672,48.5619010925293,13.649040222167969,24.361358642578125,39.89968384803171,0.18022577371031992,39.44191090947911,0.7671686912539135,0.952702522277832,0.0,4.8605021162758915
2026-04-13 19:26:54,2583,224,1,v8_7_phase_2_2_radius_105_120_reward_grid,520,142.4192208472383,220,success,126.07364654541016,14.705440521240234,0.40629085898399353,39.231868743896484,48.5619010925293,10.17221450805664,26.400432586669922,37.262961035934566,-37.256991450599976,-2.572012959570202,0.7958650569506813,0.9872901439666748,0.0,1.4409261465747847
2026-04-13 19:27:01,2584,225,1,v8_7_phase_2_2_radius_105_120_reward_grid,520,-130.2343542984594,221,near_miss,116.85792541503906,17.45240592956543,0.40629085898399353,39.7384033203125,48.5619010925293,9.681716918945312,-14.220245361328125,76.85342514476687,-76.96567247358686,45.97242894475214,0.22744296250393561,0.933972954750061,0.0,1.1374550236847782
2026-04-13 19:27:06,2584,226,1,v8_7_phase_2_2_radius_105_120_reward_grid,520,-185.00598888299263,234,near_miss,124.92974853515625,7.0272216796875,0.40629085898399353,45.21989059448242,48.5619010925293,4.203407287597656,26.729578018188477,75.58474482719369,-75.60899882893641,53.74832610724486,0.24894776651295047,0.9245829582214355,0.0,1.1651581085581855
2026-04-13 19:27:11,2584,227,1,v8_7_phase_2_2_radius_105_120_reward_grid,520,-131.8496153763827,219,near_miss,117.52383422851562,17.115642547607422,0.40629085898399353,38.58330154418945,48.5619010925293,10.863494873046875,-12.46765422821045,77.26079128724477,-78.02705654985016,108.33908091652991,0.2205137317286909,0.8583574295043945,0.0,1.2105520070111517
2026-04-13 19:27:18,2584,228,1,v8_7_phase_2_2_radius_105_120_reward_grid,520,150.91286264556257,217,success,127.75343322753906,14.998051643371582,0.40629085898399353,38.53178787231445,48.5619010925293,10.873497009277344,30.21150016784668,38.06308013116113,12.651422795831218,-14.243019943210623,0.7873324599844314,0.9780219197273254,0.0,2.5416973465744617
2026-04-13 19:27:22,2584,229,1,v8_7_phase_2_2_radius_105_120_reward_grid,520,159.5074529070943,207,success,117.12508392333984,14.808507919311523,0.40629085898399353,35.1818733215332,48.5619010925293,14.21957778930664,22.50973129272461,12.1265201967948,-9.642470041894018,8.56064064812393,0.9776861069758791,0.9955646395683289,0.0,4.5818919043056
2026-04-13 19:27:26,2585,230,1,v8_7_phase_2_2_radius_105_120_reward_grid,520,146.1021716173486,212,success,122.08866882324219,14.609306335449219,0.40629085898399353,36.79069900512695,48.5619010925293,12.609745025634766,25.423526763916016,33.16916079838778,-12.815795567075806,-35.60163363354486,0.8370589157354374,0.9981300830841064,0.0,5.075668693939807
2026-04-13 19:27:30,2585,231,1,v8_7_phase_2_2_radius_105_120_reward_grid,520,151.59204368790037,212,success,121.56685638427734,14.816225051879883,0.40629085898399353,36.75700759887695,48.5619010925293,12.646625518798828,25.945632934570312,22.44466414101139,-20.526864842834993,-3.1252721561629864,0.9242486945316284,0.9869861602783203,0.0,0.8648159843852518
2026-04-13 19:27:34,2585,232,1,v8_7_phase_2_2_radius_105_120_reward_grid,520,161.35062199141538,211,success,122.25125122070312,14.693975448608398,0.40629085898399353,36.48057556152344,48.5619010925293,12.9190673828125,24.08399200439453,30.25338719265519,-0.3631561155689798,33.87272492441245,0.8638057217540804,0.9990773797035217,0.0,4.068756407855847
2026-04-13 19:27:37,2585,233,1,v8_7_phase_2_2_radius_105_120_reward_grid,520,-150.68986951846577,216,near_miss,122.51835632324219,14.123220443725586,0.40629085898399353,38.066993713378906,48.5619010925293,11.416362762451172,10.012145042419434,76.6465113940505,-75.52752833251648,171.67321210876707,0.23095815017117374,0.7567744255065918,0.0,1.2585490288176613
2026-04-13 19:27:41,2585,234,1,v8_7_phase_2_2_radius_105_120_reward_grid,520,142.13278100431845,212,success,124.13093566894531,14.693639755249023,0.40629085898399353,36.82743835449219,48.5619010925293,12.57452392578125,27.294404983520508,36.47390001697426,-1.2234934935716766,-44.96951470287873,0.804127737208269,0.9956924915313721,0.0,4.1940587312687825
2026-04-13 19:27:46,2585,235,1,v8_7_phase_2_2_radius_105_120_reward_grid,520,-349.419832186404,223,near_miss,129.0800018310547,17.878122329711914,0.40629085898399353,43.506534576416016,48.5619010925293,5.987968444824219,19.295860290527344,104.16086295593635,-108.68315852615848,138.7466459693198,-0.24464512939687122,0.7253918647766113,0.0,0.8868000008971039
2026-04-13 19:27:51,2586,236,1,v8_7_phase_2_2_radius_105_120_reward_grid,520,136.7145047552487,224,success,127.16698455810547,9.804601669311523,0.40629085898399353,40.82954406738281,48.5619010925293,8.577484130859375,26.980350494384766,39.27369701060004,14.393240562494945,43.177997064719406,0.7741308967172449,0.9836855530738831,0.0,3.2503103818013517
2026-04-13 19:27:56,2586,237,1,v8_7_phase_2_2_radius_105_120_reward_grid,520,167.6563432712032,207,success,116.48445892333984,14.575549125671387,0.40629085898399353,35.145694732666016,48.5619010925293,14.255847930908203,21.33091163635254,17.676075364413194,11.701560340788593,33.85234363992914,0.9527883513558433,0.9925874471664429,0.0,0.7202007196416169
2026-04-13 19:28:02,2586,238,1,v8_7_phase_2_2_radius_105_120_reward_grid,520,-452.66118233421156,237,near_miss,126.47493743896484,17.88681983947754,0.40629085898399353,47.82694625854492,48.5619010925293,1.7429008483886719,8.253512382507324,120.9662292200509,-140.90870136995233,-131.71728848310948,-0.5145327613817844,0.5210038423538208,0.0,1.262918724728156
2026-04-13 19:28:07,2586,239,1,v8_7_phase_2_2_radius_105_120_reward_grid,520,163.24181271778926,212,success,124.8246841430664,14.64377212524414,0.40629085898399353,36.1700553894043,48.5619010925293,13.242576599121094,26.51313591003418,14.093455875860268,14.472149737976103,8.026974916382386,0.969899833815632,0.9583984017372131,0.0,3.384917663988211
2026-04-13 19:28:12,2586,240,1,v8_7_phase_2_2_radius_105_120_reward_grid,520,165.145490504384,216,success,121.11183166503906,14.636818885803223,0.40629085898399353,37.96182632446289,48.5619010925293,11.439987182617188,20.05257225036621,32.567598717428076,-24.653636111052723,-10.235198980709603,0.8427569420442286,0.9889720678329468,0.0,0.18625455879750236
2026-04-13 19:28:18,2587,241,1,v8_7_phase_2_2_radius_105_120_reward_grid,520,152.61015223813652,207,success,116.8134765625,14.79294204711914,0.40629085898399353,35.067237854003906,48.5619010925293,14.332881927490234,21.84870719909668,14.669796629536053,-7.011456841056189,22.71226241495603,0.9674013864338428,0.9986498355865479,0.0,2.7430098784785137
2026-04-13 19:28:22,2587,242,1,v8_7_phase_2_2_radius_105_120_reward_grid,520,136.32067621921556,219,success,127.66168212890625,14.692403793334961,0.40629085898399353,39.12185287475586,48.5619010925293,10.280529022216797,28.798540115356445,39.63457688558683,-19.747133862280922,5.76994274713308,0.770128429545892,0.9934712052345276,0.0,4.691902551751834
2026-04-13 19:28:27,2587,243,1,v8_7_phase_2_2_radius_105_120_reward_grid,520,143.23553044225486,216,success,127.48519897460938,14.434990882873535,0.40629085898399353,38.248809814453125,48.5619010925293,11.15176773071289,29.325998306274414,38.05455947017154,38.15603559067042,-17.443186404283267,0.7874241374685186,0.9969022870063782,0.0,2.6605865676061677
2026-04-13 19:28:32,2587,244,1,v8_7_phase_2_2_radius_105_120_reward_grid,520,157.45683769409513,213,success,126.83145904541016,14.595979690551758,0.40629085898399353,36.81538009643555,48.5619010925293,12.583942413330078,27.569236755371094,32.87177094683084,22.83720706544307,-33.848727054763614,0.8398873791951772,0.9983320236206055,0.0,1.9168027036904887
2026-04-13 19:28:37,2587,245,1,v8_7_phase_2_2_radius_105_120_reward_grid,520,164.00084188193838,214,success,122.57080841064453,14.83602237701416,0.40629085898399353,37.14784240722656,48.5619010925293,12.254898071289062,22.13243293762207,33.99223957450934,34.22761813859173,20.333444130823988,0.8291133048198052,0.9875998497009277,0.0,2.464929428463756
2026-04-13 19:28:41,2587,246,1,v8_7_phase_2_2_radius_105_120_reward_grid,520,159.7772210945063,209,success,118.26371765136719,14.523175239562988,0.40629085898399353,35.636474609375,48.5619010925293,13.763774871826172,23.6447811126709,19.783064072409775,10.751035357396475,-24.82780081224617,0.9409808546115913,0.9970676898956299,0.0,1.6139962574942837
2026-04-13 19:28:48,2588,247,1,v8_7_phase_2_2_radius_105_120_reward_grid,520,143.57915838227376,215,success,123.8388900756836,13.98792552947998,0.40629085898399353,37.806400299072266,48.5619010925293,11.596839904785156,26.640596389770508,40.5240929117651,-40.07233053968212,-31.31378089148884,0.7601328050624678,0.9846998453140259,0.0,0.5170545036158282
2026-04-13 19:28:52,2588,248,1,v8_7_phase_2_2_radius_105_120_reward_grid,520,136.28513204275782,214,success,123.7112808227539,14.536924362182617,0.40629085898399353,37.475738525390625,48.5619010925293,11.926803588867188,27.333251953125,29.251224271590484,-4.829212255010761,-4.395366322894367,0.8724855662249436,0.994621753692627,0.0,6.502736873783002
2026-04-13 19:28:57,2588,249,1,v8_7_phase_2_2_radius_105_120_reward_grid,520,160.59166551707682,210,success,119.28436279296875,14.730422973632812,0.40629085898399353,36.15985107421875,48.5619010925293,13.240070343017578,23.749921798706055,28.22254997126237,-12.739470764421853,-31.463983581526588,0.8811174014208393,0.9980641007423401,0.0,3.528719580473884
2026-04-13 19:29:02,2588,250,1,v8_7_phase_2_2_radius_105_120_reward_grid,520,154.55118342974106,211,success,122.08655548095703,14.945801734924316,0.40629085898399353,36.2492790222168,48.5619010925293,13.157005310058594,26.081201553344727,31.065093703808675,12.523944998935747,23.11545531185105,0.8565816131701323,0.977881908416748,0.0,3.2512712215693145
2026-04-13 19:29:07,2588,251,1,v8_7_phase_2_2_radius_105_120_reward_grid,520,148.95887732122353,210,success,120.22769927978516,14.6883544921875,0.40629085898399353,36.15615463256836,48.5619010925293,13.24545669555664,25.704978942871094,30.028766176515564,-21.538269009846726,-30.97603486722088,0.8657742623993111,0.992585301399231,0.0,3.883530781893321
2026-04-13 19:29:12,2588,252,1,v8_7_phase_2_2_radius_105_120_reward_grid,520,-128.53264506563883,219,near_miss,119.5234375,15.04517936706543,0.40629085898399353,38.571754455566406,48.5619010925293,10.889205932617188,-9.893051147460938,77.48927477536004,-77.71568188596763,156.45050995837119,0.2166223634660911,0.8189735412597656,0.0,1.1959834377104461
2026-04-13 19:29:18,2589,253,1,v8_7_phase_2_2_radius_105_120_reward_grid,520,148.7958222675235,221,success,127.37924194335938,11.391398429870605,0.40629085898399353,39.60834884643555,48.5619010925293,9.797576904296875,27.677539825439453,39.77691119770073,6.4116018805021655,32.791908959960466,0.7685414098093268,0.9769359827041626,0.0,3.0107796015806056
2026-04-13 19:29:23,2589,254,1,v8_7_phase_2_2_radius_105_120_reward_grid,520,166.08036978453293,213,success,125.99380493164062,14.721445083618164,0.40629085898399353,36.88056182861328,48.5619010925293,12.540298461914062,27.44449806213379,31.068717119163367,-10.437843863194711,-19.853828247305692,0.8565489786130912,0.9316772222518921,0.0,1.1059863765771234
2026-04-13 19:29:28,2589,255,1,v8_7_phase_2_2_radius_105_120_reward_grid,520,-163.40970178582353,243,near_miss,126.49675750732422,4.520990371704102,0.40629085898399353,47.67523956298828,48.5619010925293,1.7341842651367188,-5.920203685760498,80.39693411635866,77.95429454462202,-42.13407095197466,0.16682150689259576,0.9735901355743408,0.0,3.971996185017803
2026-04-13 19:29:33,2589,256,1,v8_7_phase_2_2_radius_105_120_reward_grid,520,161.56468003475058,209,success,116.06067657470703,14.72509765625,0.40629085898399353,35.50636672973633,48.5619010925293,13.908710479736328,20.317562103271484,12.466663617461435,-6.752876124363261,10.12241035939789,0.97642177284397,0.9573429822921753,0.0,3.9861635117108793
2026-04-13 19:29:38,2589,257,1,v8_7_phase_2_2_radius_105_120_reward_grid,520,146.12431400836425,216,success,126.20149230957031,14.892205238342285,0.40629085898399353,37.994117736816406,48.5619010925293,11.40938949584961,28.4216251373291,34.36299248794138,-29.93199947144941,8.835388422582279,0.8254782399829138,0.9922083616256714,0.0,5.703861362818741
2026-04-13 19:29:43,2590,258,1,v8_7_phase_2_2_radius_105_120_reward_grid,520,148.94142115817982,218,success,127.0748291015625,14.706781387329102,0.40629085898399353,38.80902099609375,48.5619010925293,10.599983215332031,29.34784698486328,35.67814541262734,-20.71676117723427,11.14304894216748,0.8123060505643362,0.9751076102256775,0.0,1.8765486824235738
2026-04-13 19:29:49,2590,259,1,v8_7_phase_2_2_radius_105_120_reward_grid,520,-523.7347573546136,244,near_miss,122.72013854980469,17.93230628967285,0.40629085898399353,48.69588851928711,48.5619010925293,1.1229248046875,4.687159538269043,93.31980229018453,168.82563794189704,92.84164123695945,-0.057909065584524945,-0.142721027135849,0.0,2.0902310966242044
2026-04-13 19:29:53,2590,260,1,v8_7_phase_2_2_radius_105_120_reward_grid,520,148.42779493248094,211,success,118.83710479736328,14.83010196685791,0.40629085898399353,36.11476516723633,48.5619010925293,13.287769317626953,22.980852127075195,20.085337509223272,-19.580610435221427,-0.34257696904314294,0.93918216686308,0.9939995408058167,0.0,5.135332114513082
2026-04-13 19:29:58,2590,261,1,v8_7_phase_2_2_radius_105_120_reward_grid,520,161.7909879563018,211,success,120.0022201538086,14.838459014892578,0.40629085898399353,35.73299789428711,48.5619010925293,13.668224334716797,24.667530059814453,24.791252469997435,23.31284777886442,24.127351252483024,0.9078415070445769,0.9917201995849609,0.0,2.9523431428858156
2026-04-13 19:30:03,2590,262,1,v8_7_phase_2_2_radius_105_120_reward_grid,520,165.39864451380154,208,success,120.28355407714844,14.644153594970703,0.40629085898399353,35.26947784423828,48.5619010925293,14.133094787597656,22.63001251220703,11.451051200147328,11.14516032439466,11.72047057327942,0.9800946705564493,0.9917249083518982,0.0,1.4871466361308654
2026-04-13 19:30:09,2590,263,1,v8_7_phase_2_2_radius_105_120_reward_grid,520,169.40862044067896,210,success,120.80197143554688,14.757791519165039,0.40629085898399353,36.03984832763672,48.5619010925293,13.379524230957031,24.62331771850586,5.436208605228855,4.906881751157561,-0.1698904301758345,0.9955022931757075,0.9424732327461243,0.0,0.9552163478461606
2026-04-13 19:30:13,2591,264,1,v8_7_phase_2_2_radius_105_120_reward_grid,520,155.52543920432493,208,success,120.14443969726562,14.779364585876465,0.40629085898399353,35.48482131958008,48.5619010925293,13.91556167602539,23.384077072143555,21.374841366028537,3.8755534954500774,29.58272067276788,0.9312159438592795,0.9984550476074219,0.0,3.6648786962251605
2026-04-13 19:30:18,2591,265,1,v8_7_phase_2_2_radius_105_120_reward_grid,520,154.26862847371817,212,success,123.02984619140625,14.751898765563965,0.40629085898399353,36.84700393676758,48.5619010925293,12.555652618408203,26.75990867614746,39.934271925988654,-37.559415151575216,-36.67058214431395,0.766781326398721,0.9862096309661865,0.0,0.33769914259901557
2026-04-13 19:30:22,2591,266,1,v8_7_phase_2_2_radius_105_120_reward_grid,520,151.21035545978268,210,success,121.14998626708984,14.939371109008789,0.40629085898399353,36.107845306396484,48.5619010925293,13.291950225830078,25.452388763427734,25.59933727334352,-3.1634119324883376,-10.401632761536241,0.9018375241778904,0.9993042349815369,0.0,4.129184900532598
2026-04-13 19:30:27,2591,267,1,v8_7_phase_2_2_radius_105_120_reward_grid,520,-155.361537209248,244,near_miss,128.25437927246094,4.446217060089111,0.40629085898399353,48.50434112548828,48.5619010925293,0.8951950073242188,-6.677359104156494,77.72290139592033,-47.428246200299924,18.43873599468411,0.21263983949919055,0.9991223216056824,0.0,0.9552680010428403
2026-04-13 19:30:32,2591,268,1,v8_7_phase_2_2_radius_105_120_reward_grid,520,156.54688878470097,211,success,122.85240936279297,14.95272159576416,0.40629085898399353,36.45521926879883,48.5619010925293,12.945446014404297,25.24628257751465,30.95955362075364,28.735763555307962,24.21720068346725,0.8575306640567488,0.9963763952255249,0.0,3.6090867926554893
2026-04-13 19:30:38,2592,269,1,v8_7_phase_2_2_radius_105_120_reward_grid,520,-137.04395146562703,232,near_miss,120.80176544189453,13.008017539978027,0.40629085898399353,43.98672866821289,48.5619010925293,5.422016143798828,-6.445135593414307,76.86801442883402,-77.93973941150072,-34.894469997827585,0.2271949976128604,0.9671427607536316,0.0,1.0666005523846918
2026-04-13 19:30:42,2592,270,1,v8_7_phase_2_2_radius_105_120_reward_grid,520,157.8558842206911,215,success,126.18236541748047,14.626557350158691,0.40629085898399353,37.73687744140625,48.5619010925293,11.673412322998047,28.84903907775879,21.410570085576875,20.580695271231157,-0.8105808639617555,0.930988486529979,0.9627784490585327,0.0,0.4176825350664876
2026-04-13 19:30:46,2592,271,1,v8_7_phase_2_2_radius_105_120_reward_grid,520,160.07255401324292,208,success,118.81791687011719,14.726911544799805,0.40629085898399353,35.44343185424805,48.5619010925293,13.967723846435547,23.62421417236328,7.122986146239681,3.699305586559776,5.639562973613999,0.9922822711029121,0.9624888300895691,0.0,1.1043647464936466
2026-04-13 19:30:51,2592,272,1,v8_7_phase_2_2_radius_105_120_reward_grid,520,138.0425651354085,215,success,123.85090637207031,14.874597549438477,0.40629085898399353,37.810386657714844,48.5619010925293,11.592533111572266,28.090648651123047,36.317833609534055,-31.93181738872661,-17.25600336253178,0.8057439760297359,0.9861771464347839,0.0,2.6913797635431127
2026-04-13 19:30:56,2592,273,1,v8_7_phase_2_2_radius_105_120_reward_grid,520,-297.44684668647034,215,near_miss,124.50267791748047,17.96673583984375,0.40629085898399353,38.93573760986328,48.5619010925293,10.52938461303711,22.9977970123291,81.28894316158399,-84.86220443720035,-131.57459217096957,0.15145157523531605,0.8067924976348877,0.0,0.43917761691484486
2026-04-13 19:31:00,2592,274,1,v8_7_phase_2_2_radius_105_120_reward_grid,520,176.67075444193466,207,success,118.17534637451172,14.641079902648926,0.40629085898399353,35.019283294677734,48.5619010925293,14.382759094238281,18.701181411743164,2.5275490684036535,-0.5941319557206398,0.231231758802124,0.9990271329389462,0.9896369576454163,0.0,1.1715400586152573
2026-04-13 19:31:05,2593,275,1,v8_7_phase_2_2_radius_105_120_reward_grid,520,162.41100842118368,208,success,117.9970932006836,14.901183128356934,0.40629085898399353,35.09576416015625,48.5619010925293,14.31353759765625,14.963828086853027,30.608505803077076,-21.829906134575225,-38.98186010283832,0.8606664481480379,0.965158998966217,0.0,0.3867566722935638
2026-04-13 19:31:11,2593,276,1,v8_7_phase_2_2_radius_105_120_reward_grid,520,-156.41032906646086,244,near_miss,128.16677856445312,7.222909927368164,0.40629085898399353,48.718196868896484,48.5619010925293,0.6937789916992188,-12.092169761657715,78.1045587063623,59.87674407589006,-15.95295694814967,0.20612633022884236,0.9661505222320557,0.0,1.6191927736444924
2026-04-13 19:31:15,2593,277,1,v8_7_phase_2_2_radius_105_120_reward_grid,520,161.53907422558643,212,success,126.00652313232422,14.72497272491455,0.40629085898399353,36.53997039794922,48.5619010925293,12.860397338867188,26.47524642944336,26.080474581499438,19.360762013764347,-14.015093115512713,0.8981774473324441,0.9938095211982727,0.0,0.8572740378284412
2026-04-13 19:31:19,2593,278,1,v8_7_phase_2_2_radius_105_120_reward_grid,520,148.75942061684202,210,success,121.44654846191406,14.804108619689941,0.40629085898399353,35.6312141418457,48.5619010925293,13.776565551757812,23.672954559326172,20.250943983386694,9.710332240166327,-17.135192684039882,0.9381856333026716,0.9784396886825562,0.0,1.8516904040281141
2026-04-13 19:31:23,2593,279,1,v8_7_phase_2_2_radius_105_120_reward_grid,520,159.74015701673306,210,success,120.46612548828125,14.716412544250488,0.40629085898399353,36.125579833984375,48.5619010925293,13.278587341308594,25.656442642211914,19.57401588757778,-13.919165669940822,-9.262174500417817,0.942209485981857,0.9897354245185852,0.0,5.816486429316054
2026-04-13 19:31:28,2594,280,1,v8_7_phase_2_2_radius_105_120_reward_grid,520,-249.85578237833772,214,near_miss,125.48796081542969,17.282001495361328,0.40629085898399353,39.014400482177734,48.5619010925293,10.413223266601562,26.102981567382812,75.40351258775657,-72.8627573485927,-57.527732737295956,0.25201003117658877,0.9119080901145935,0.0,2.030708384628286
2026-04-13 19:31:32,2594,281,1,v8_7_phase_2_2_radius_105_120_reward_grid,520,146.523615960979,215,success,122.08270263671875,14.149099349975586,0.40629085898399353,37.16605758666992,48.5619010925293,12.242683410644531,25.991409301757812,40.19645898256334,-11.116237888354242,31.525492850097137,0.7638359180186239,0.9681943655014038,0.0,2.838690165007235
2026-04-13 19:31:36,2594,282,1,v8_7_phase_2_2_radius_105_120_reward_grid,520,144.05017602974314,216,success,124.2027816772461,14.640161514282227,0.40629085898399353,37.89656448364258,48.5619010925293,11.506668090820312,26.39826011657715,33.653844682270226,-31.045846230727577,-12.90721679534278,0.8324008138737902,0.989919126033783,0.0,1.6930845702726256
2026-04-13 19:31:39,2594,283,1,v8_7_phase_2_2_radius_105_120_reward_grid,520,143.9924396588433,209,success,119.0248794555664,14.643589973449707,0.40629085898399353,35.81238555908203,48.5619010925293,13.592506408691406,21.919557571411133,24.434305076425275,-10.706879891959636,-23.93942884275388,0.910436156873147,0.9872409701347351,0.0,5.652929234737337
2026-04-13 19:31:43,2594,284,1,v8_7_phase_2_2_radius_105_120_reward_grid,520,164.00738737154563,213,success,127.41958618164062,14.989568710327148,0.40629085898399353,37.005592346191406,48.5619010925293,12.396442413330078,29.560266494750977,27.9643893112034,28.208659074037858,10.022595682414616,0.8832392100373025,0.988140344619751,0.0,0.44638571293121515
2026-04-13 19:31:47,2594,285,1,v8_7_phase_2_2_radius_105_120_reward_grid,520,-267.5376483200248,207,near_miss,119.24441528320312,17.794757843017578,0.40629085898399353,35.80213928222656,48.5619010925293,13.683300018310547,22.49570083618164,75.73526170593325,-77.75962732308749,-141.50581016757317,0.2464026018529025,0.7504871487617493,0.0,0.4718516112883135
2026-04-13 19:31:51,2595,286,1,v8_7_phase_2_2_radius_105_120_reward_grid,520,135.83202499097956,214,success,126.2569580078125,14.678089141845703,0.40629085898399353,37.39484405517578,48.5619010925293,12.006969451904297,28.44308090209961,40.09504091867241,36.28171898429761,-42.229819958854485,0.7649771484329683,0.996093213558197,0.0,5.983182017068441
2026-04-13 19:31:55,2595,287,1,v8_7_phase_2_2_radius_105_120_reward_grid,520,-271.3454337001593,217,near_miss,120.57614135742188,17.995763778686523,0.40629085898399353,39.1611328125,48.5619010925293,10.412410736083984,3.8563897609710693,111.08887409524203,-112.9217895099608,159.25370155601448,-0.3598156369923339,0.5111358761787415,0.0,1.6343757811416963
2026-04-13 19:31:59,2595,288,1,v8_7_phase_2_2_radius_105_120_reward_grid,520,146.60674309063933,211,success,117.58478546142578,14.888355255126953,0.40629085898399353,35.82754135131836,48.5619010925293,13.580291748046875,20.35292625427246,32.27368543215867,-31.73533675196744,-28.496531056986388,0.8455071591953739,0.9707813858985901,0.0,0.5601472307088114
2026-04-13 19:32:03,2595,289,1,v8_7_phase_2_2_radius_105_120_reward_grid,520,174.23575813263506,209,success,119.25801849365234,14.550013542175293,0.40629085898399353,35.390525817871094,48.5619010925293,14.024185180664062,22.514694213867188,3.0186313454345193,-0.9215358462855846,1.7938699979981592,0.9986124634384344,0.9527897834777832,0.0,3.032180870571807
2026-04-13 19:32:07,2595,290,1,v8_7_phase_2_2_radius_105_120_reward_grid,520,148.26438612333698,209,success,119.71034240722656,14.71027660369873,0.40629085898399353,35.80353546142578,48.5619010925293,13.600837707519531,24.68269157409668,18.399445331483612,9.03531062090949,13.038866984047484,0.9488790673326634,0.9891636371612549,0.0,3.4544896475920717
