timestamp,update_id,episode_id,phase_id,phase_name,max_step,episode_return,episode_len,done_reason,start_distance,final_distance,start_agl,final_agl,start_alt_error,final_alt_error,final_closing_speed,final_theta_deg,final_alpha_deg,final_beta_deg,final_alignment,final_forward_up_dot,final_grounded_flag,final_ang_vel_mag
2026-04-10 17:24:46,1942,1,1,v8_6_phase_2_0_retry,480,218.46074986985752,190,success,109.9504165649414,14.500102996826172,0.40629085898399353,39.261817932128906,48.5619010925293,10.152935028076172,26.599306106567383,28.116272227776975,-16.99083322083708,-0.36093563707806453,0.8819930612086685,0.9539835453033447,0.0,0.545865792437541
2026-04-10 17:24:48,1942,2,1,v8_6_phase_2_0_retry,480,226.50528951804864,168,success,103.17151641845703,14.854552268981934,0.40629085898399353,36.15277099609375,48.5619010925293,13.251380920410156,31.842191696166992,17.67546747757706,17.253580352923716,5.186462311340516,0.9527915727587636,0.9842085838317871,0.0,3.779265937757516
2026-04-10 17:24:50,1942,3,1,v8_6_phase_2_0_retry,480,213.8481729357264,182,success,107.03042602539062,10.972901344299316,0.40629085898399353,40.29750061035156,48.5619010925293,9.1036376953125,28.39865493774414,40.1526911303619,-22.40414404376029,43.028904280421784,0.7643287197406832,0.9940251708030701,0.0,1.8523266023358997
2026-04-10 17:24:52,1942,4,1,v8_6_phase_2_0_retry,480,235.55845868015814,165,success,102.69856262207031,14.74297046661377,0.40629085898399353,36.5989875793457,48.5619010925293,12.804267883300781,31.42986488342285,20.62275899123468,18.53681409607091,-4.512081876092014,0.9359197035910509,0.9854757785797119,0.0,0.7301603291058425
2026-04-10 17:24:54,1942,5,1,v8_6_phase_2_0_retry,480,202.12973437901525,178,success,109.5442886352539,14.76148796081543,0.40629085898399353,37.48154067993164,48.5619010925293,11.920631408691406,31.92331886291504,39.46220340150322,9.735770425956392,29.261274894954155,0.7720440204199818,0.9935858249664307,0.0,2.2825298858986254
2026-04-10 17:24:57,1942,6,1,v8_6_phase_2_0_retry,480,228.37984035548163,170,success,103.0281753540039,14.464847564697266,0.40629085898399353,35.9321403503418,48.5619010925293,13.467845916748047,30.354061126708984,18.68173875742753,18.28944001225868,-12.38975824872803,0.9473124150250095,0.9966484904289246,0.0,3.3048649141915156
2026-04-10 17:24:59,1943,7,1,v8_6_phase_2_0_retry,480,222.5705020705017,175,success,109.10193634033203,14.522223472595215,0.40629085898399353,38.22990417480469,48.5619010925293,11.180999755859375,26.82703971862793,37.80253573508182,-22.089767511737527,18.415238436391974,0.7901278862196688,0.9656839370727539,0.0,0.6486773693843404
2026-04-10 17:25:05,1943,8,1,v8_6_phase_2_0_retry,480,-351.75273626110334,480,timeout,105.41709899902344,49.9110107421875,0.40629085898399353,54.62836456298828,48.5619010925293,-4.778011322021484,-0.7648868560791016,7.802805546501628,10.412006111338199,-3.661478718275776,0.9907411938317564,-0.2148800492286682,0.0,3.1821669362103773
2026-04-10 17:25:07,1943,9,1,v8_6_phase_2_0_retry,480,214.64372049114826,174,success,105.18035888671875,14.43600082397461,0.40629085898399353,36.9577522277832,48.5619010925293,12.443183898925781,28.454967498779297,33.64361647398813,1.911722137362379,33.761942671169436,0.832499729496451,0.9971625208854675,0.0,2.885619007173485
2026-04-10 17:25:10,1943,10,1,v8_6_phase_2_0_retry,480,216.5316220993576,163,success,102.99478912353516,14.754853248596191,0.40629085898399353,37.23863983154297,48.5619010925293,12.162700653076172,33.08451461791992,36.72224228010134,34.73177830689247,-29.09830316626307,0.801543585143591,0.9967948198318481,0.0,5.549437156751522
2026-04-10 17:25:12,1943,11,1,v8_6_phase_2_0_retry,480,210.60193446572023,179,success,110.00167846679688,14.473179817199707,0.40629085898399353,37.922245025634766,48.5619010925293,11.479278564453125,31.511106491088867,33.32279907357805,25.273866806561365,9.72883095375966,0.8355888286473968,0.9952297210693359,0.0,2.9954973278925627
2026-04-10 17:25:14,1943,12,1,v8_6_phase_2_0_retry,480,217.8393484620587,167,success,102.86729431152344,14.693825721740723,0.40629085898399353,36.60100555419922,48.5619010925293,12.805854797363281,29.16351890563965,39.78349891515521,-3.021936943549394,-44.254264123184164,0.7684678422092098,0.9834794998168945,0.0,5.619587176991839
2026-04-10 17:25:20,1944,13,1,v8_6_phase_2_0_retry,480,-619.7643673379246,449,wrong_way,109.72370147705078,190.27223205566406,0.40629085898399353,103.82672882080078,48.5619010925293,-53.86682891845703,-34.44441223144531,128.3393637875663,126.24806914673513,157.47188278647656,-0.6203180485868377,-0.5066870450973511,0.0,3.3183569811637916
2026-04-10 17:25:23,1944,14,1,v8_6_phase_2_0_retry,480,219.7181480562172,184,success,110.73656463623047,14.398191452026367,0.40629085898399353,36.911354064941406,48.5619010925293,12.493045806884766,31.43539047241211,20.570764176177956,19.72916363457462,-2.285715975555597,0.9362389450787236,0.9865496754646301,0.0,4.828211815301308
2026-04-10 17:25:25,1944,15,1,v8_6_phase_2_0_retry,480,230.18517441434588,174,success,105.69120788574219,14.981391906738281,0.40629085898399353,36.19484329223633,48.5619010925293,13.211227416992188,28.097984313964844,19.40486454523512,-6.2442857246121255,8.30251840787904,0.9431944532937161,0.9795434474945068,0.0,4.025973384119967
2026-04-10 17:25:27,1944,16,1,v8_6_phase_2_0_retry,480,226.30595401470583,169,success,104.9936294555664,14.454202651977539,0.40629085898399353,37.259788513183594,48.5619010925293,12.15340805053711,31.428449630737305,30.483929982805215,-12.523378093234635,17.189103367158793,0.8617714782247952,0.9581013917922974,0.0,3.5228897167495767
2026-04-10 17:25:33,1945,17,1,v8_6_phase_2_0_retry,480,-428.6620625475117,468,wrong_way,111.04452514648438,132.10997009277344,0.40629085898399353,5.2653889656066895,48.5619010925293,44.56276321411133,-39.73924255371094,131.18622761476266,82.73810439778559,130.54894364444377,-0.6585085805098695,-0.16179384291172028,0.0,4.200241456648561
2026-04-10 17:25:36,1945,18,1,v8_6_phase_2_0_retry,480,217.9254753486787,174,success,105.33744812011719,14.677478790283203,0.40629085898399353,36.18709945678711,48.5619010925293,13.213302612304688,30.09853172302246,23.5356792854415,6.465567205134437,-14.82076771585543,0.9168115871705067,0.995807945728302,0.0,1.4732621172663398
2026-04-10 17:25:38,1945,19,1,v8_6_phase_2_0_retry,480,215.12422072337665,182,success,107.0561294555664,14.940176963806152,0.40629085898399353,35.81719970703125,48.5619010925293,13.587516784667969,28.732316970825195,21.990287514023585,-14.986855718355338,-15.92841266336723,0.9272473426288403,0.9869332909584045,0.0,2.707804419927033
2026-04-10 17:25:40,1945,20,1,v8_6_phase_2_0_retry,480,230.6205850843464,173,success,103.83014678955078,14.517966270446777,0.40629085898399353,36.26166534423828,48.5619010925293,13.153549194335938,29.664236068725586,22.500842446934747,0.6954879075788094,15.427138249990822,0.9238739056359864,0.9517945051193237,0.0,1.4138971015716995
2026-04-10 17:25:43,1945,21,1,v8_6_phase_2_0_retry,480,222.09915644017596,173,success,103.11848449707031,14.886723518371582,0.40629085898399353,35.650447845458984,48.5619010925293,13.753929138183594,28.407873153686523,16.164643293548583,-3.0582547669136444,9.78369359449414,0.9604656657094585,0.9859912395477295,0.0,4.621455422530199
2026-04-10 17:25:45,1945,22,1,v8_6_phase_2_0_retry,480,196.88100477644022,185,success,109.69536590576172,14.991077423095703,0.40629085898399353,37.2166748046875,48.5619010925293,12.188140869140625,27.28673553466797,32.734630993580744,-33.14371834372948,-16.2563163850412,0.8411840935701423,0.9880720973014832,0.0,2.6065039698922994
2026-04-10 17:25:48,1946,23,1,v8_6_phase_2_0_retry,480,222.13356539774605,178,success,109.98436737060547,14.545344352722168,0.40629085898399353,37.90367889404297,48.5619010925293,11.065971374511719,33.08119201660156,34.57696182407037,21.68333027498675,-4.735385519495472,0.8233646274273229,0.9940010905265808,0.0,1.285124601836029
2026-04-10 17:25:50,1946,24,1,v8_6_phase_2_0_retry,480,237.23976437401402,174,success,102.75211334228516,14.569588661193848,0.40629085898399353,35.38413619995117,48.5619010925293,14.015899658203125,24.997665405273438,17.52811297642321,13.287883728355101,27.72723831303139,0.9535692904391726,0.9978612661361694,0.0,1.410394508323314
2026-04-10 17:25:53,1946,25,1,v8_6_phase_2_0_retry,480,207.84687817785257,187,success,110.3155746459961,11.890817642211914,0.40629085898399353,38.752418518066406,48.5619010925293,10.657608032226562,28.73760223388672,39.98383519370085,-30.028130968922753,-41.80538175854613,0.7662257617144469,0.9707462787628174,0.0,2.4498822177592356
2026-04-10 17:25:55,1946,26,1,v8_6_phase_2_0_retry,480,237.16424781480075,170,success,105.84143829345703,14.677383422851562,0.40629085898399353,36.63158416748047,48.5619010925293,12.779823303222656,30.960107803344727,13.642295414197893,13.081004128584585,-0.04845666367484307,0.9717871552160227,0.9621419310569763,0.0,1.1966895041410943
2026-04-10 17:25:57,1946,27,1,v8_6_phase_2_0_retry,480,212.21566709363316,180,success,107.84245300292969,11.772661209106445,0.40629085898399353,39.739620208740234,48.5619010925293,9.66171646118164,31.019683837890625,40.09445010730921,-39.921134057120135,-33.3177310732139,0.7649837896570915,0.992076575756073,0.0,1.1931257778513302
2026-04-10 17:26:00,1946,28,1,v8_6_phase_2_0_retry,480,222.76589666745247,173,success,103.22190856933594,14.535543441772461,0.40629085898399353,35.27320098876953,48.5619010925293,14.126468658447266,26.7423038482666,14.502238428817302,14.359680428008087,-37.87384632511134,0.9681378578050521,0.9998509287834167,0.0,4.556483010664237
2026-04-10 17:26:02,1946,29,1,v8_6_phase_2_0_retry,480,216.86367593357147,182,success,110.89778137207031,14.581574440002441,0.40629085898399353,37.16557312011719,48.5619010925293,12.234329223632812,31.011625289916992,31.363805196970013,1.84249411469948,17.01955928893886,0.8538797583562215,0.9959584474563599,0.0,0.3728541772983141
2026-04-10 17:26:05,1947,30,1,v8_6_phase_2_0_retry,480,207.28115142362282,184,success,109.54608154296875,14.608830451965332,0.40629085898399353,37.633060455322266,48.5619010925293,11.773551940917969,28.551971435546875,30.839837480076238,-22.27231114749529,-13.214235506082147,0.8586036683909765,0.9823101758956909,0.0,2.803434713999595
2026-04-10 17:26:07,1947,31,1,v8_6_phase_2_0_retry,480,212.00072120375108,173,success,103.66030883789062,14.979957580566406,0.40629085898399353,35.87515640258789,48.5619010925293,13.53042984008789,28.360671997070312,16.217906816243634,-7.769834515830684,-0.7793672196199146,0.9602064448791457,0.9870907068252563,0.0,6.373977264547526
2026-04-10 17:26:10,1947,32,1,v8_6_phase_2_0_retry,480,216.77749543450446,181,success,110.14220428466797,14.600564002990723,0.40629085898399353,38.25493621826172,48.5619010925293,11.14901351928711,31.408824920654297,33.748606726814984,-5.043564935506917,-11.637901270176782,0.8314831219716562,0.9834085702896118,0.0,0.7489949404020867
2026-04-10 17:26:12,1947,33,1,v8_6_phase_2_0_retry,480,221.8197988121158,175,success,106.13066864013672,10.767535209655762,0.40629085898399353,40.1276741027832,48.5619010925293,9.279441833496094,30.085975646972656,40.43916292453058,28.119975897854413,38.86134141493344,0.7610951254784111,0.9825957417488098,0.0,2.574736510951733
2026-04-10 17:26:17,1947,34,1,v8_6_phase_2_0_retry,480,-383.0489365134235,355,high_altitude,108.45728302001953,131.37026977539062,0.40629085898399353,135.010498046875,48.5619010925293,-84.91483306884766,-41.0689811706543,56.7421448695286,60.723988061295124,-66.61059342765978,0.5484078774340602,-0.8607509732246399,0.0,1.9533977192631196
2026-04-10 17:26:19,1948,35,1,v8_6_phase_2_0_retry,480,227.10602523314512,169,success,104.17799377441406,14.736227035522461,0.40629085898399353,36.96048355102539,48.5619010925293,12.439064025878906,31.43329620361328,29.54007980177949,28.410130871533017,5.707777353515386,0.8700110206735183,0.9984869360923767,0.0,1.204427165171642
2026-04-10 17:26:22,1948,36,1,v8_6_phase_2_0_retry,480,232.08726400032768,166,success,102.93197631835938,14.381840705871582,0.40629085898399353,36.78447723388672,48.5619010925293,12.61886215209961,31.546262741088867,22.487274276148515,9.427941484026734,-10.718213737113626,0.9239645059252336,0.9858258366584778,0.0,3.4467629067551386
2026-04-10 17:26:26,1948,37,1,v8_6_phase_2_0_retry,480,-364.7612613422498,327,wrong_way,110.8094482421875,120.21741485595703,0.40629085898399353,121.41924285888672,48.5619010925293,-71.57657623291016,-56.74580001831055,130.24945350971706,131.44173133123448,-167.62837408228552,-0.6461166998604764,-0.20491907000541687,0.0,1.7449799210280827
2026-04-10 17:26:29,1948,38,1,v8_6_phase_2_0_retry,480,224.13800665556306,170,success,105.111083984375,14.490275382995605,0.40629085898399353,37.50925827026367,48.5619010925293,11.901626586914062,27.997005462646484,39.50535995177395,-34.18819087160784,24.405061621493864,0.7715650756532582,0.963903546333313,0.0,1.3513581656579043
2026-04-10 17:26:33,1948,39,1,v8_6_phase_2_0_retry,480,-333.25116454698383,343,high_altitude,102.76203155517578,105.24291229248047,0.40629085898399353,135.2606658935547,48.5619010925293,-85.2131576538086,-27.115453720092773,78.44672386302325,20.474958820237482,177.92917361487852,0.2002790252081305,-0.7369633316993713,0.0,2.338547097291982
2026-04-10 17:26:36,1948,40,1,v8_6_phase_2_0_retry,480,211.25942613886528,184,success,108.16385650634766,14.597087860107422,0.40629085898399353,37.687255859375,48.5619010925293,11.716625213623047,27.10832977294922,30.681407827183207,-29.657897149867626,10.833784806738473,0.8600178947597662,0.9880114793777466,0.0,2.6544720064216585
2026-04-10 17:26:38,1949,41,1,v8_6_phase_2_0_retry,480,228.8334051478848,172,success,105.78337097167969,14.870484352111816,0.40629085898399353,35.73828887939453,48.5619010925293,13.66943359375,28.43316078186035,19.008247412963527,-9.154376186068445,13.953756309218706,0.94547170205511,0.9729364514350891,0.0,1.359253217199611
2026-04-10 17:26:41,1949,42,1,v8_6_phase_2_0_retry,480,226.10334527637053,177,success,109.11521911621094,14.97389030456543,0.40629085898399353,36.4410514831543,48.5619010925293,12.961799621582031,31.75186538696289,35.82209164938536,30.01705923227816,-32.75339352323076,0.8108382153944402,0.990068793296814,0.0,1.6595679944312371
2026-04-10 17:26:43,1949,43,1,v8_6_phase_2_0_retry,480,213.2699834592632,179,success,104.84504699707031,14.723631858825684,0.40629085898399353,35.51081085205078,48.5619010925293,13.891109466552734,25.653322219848633,23.51282547247864,-23.540176965009955,-34.36289345019842,0.9169707927378132,0.9957543015480042,0.0,4.37717216455275
2026-04-10 17:26:46,1949,44,1,v8_6_phase_2_0_retry,480,237.1186351347578,169,success,102.8501968383789,14.558303833007812,0.40629085898399353,35.59147644042969,48.5619010925293,13.809974670410156,28.96878433227539,18.451277929547548,4.803139288514707,19.430494830095594,0.9485931356625256,0.9899731278419495,0.0,2.1338043081252125
2026-04-10 17:26:48,1949,45,1,v8_6_phase_2_0_retry,480,236.8097386052639,165,success,102.99757385253906,14.858302116394043,0.40629085898399353,36.38794708251953,48.5619010925293,13.012096405029297,31.20433235168457,24.032275019236447,11.285402037301592,4.831715519341571,0.9133161957870075,0.9959121346473694,0.0,0.8081704347806825
2026-04-10 17:26:50,1949,46,1,v8_6_phase_2_0_retry,480,214.53365420837565,178,success,107.37860870361328,14.815631866455078,0.40629085898399353,36.63029861450195,48.5619010925293,12.77658462524414,30.873470306396484,26.240738140184614,4.127585341389432,14.709493688992168,0.8969442257584745,0.9807116985321045,0.0,2.61515909358621
2026-04-10 17:26:54,1950,47,1,v8_6_phase_2_0_retry,480,210.6364733796236,183,success,110.8891372680664,14.844644546508789,0.40629085898399353,37.40058135986328,48.5619010925293,11.99905776977539,30.59738540649414,37.15120548073482,-37.020557622290816,27.653726694541835,0.7970445208464122,0.9987716674804688,0.0,1.694417582378203
2026-04-10 17:26:57,1950,48,1,v8_6_phase_2_0_retry,480,208.91975617056036,170,success,105.43186950683594,14.518924713134766,0.40629085898399353,37.51445388793945,48.5619010925293,11.885967254638672,31.994707107543945,38.19761436724287,19.71097654836217,-42.43213357716485,0.7858826412550581,0.9984452724456787,0.0,4.840382199457129
2026-04-10 17:27:01,1950,49,1,v8_6_phase_2_0_retry,480,203.96542028436684,185,success,110.30046844482422,12.178956031799316,0.40629085898399353,40.02180862426758,48.5619010925293,9.380435943603516,31.756444931030273,40.42421505553201,-9.806923067861355,23.562320438299135,0.7612643230324807,0.9946907758712769,0.0,3.0265053356700533
2026-04-10 17:27:04,1950,50,1,v8_6_phase_2_0_retry,480,208.79958001840248,175,success,109.4114990234375,14.553092956542969,0.40629085898399353,38.680870056152344,48.5619010925293,10.72314453125,32.72916030883789,37.24871667642051,5.219919992989824,12.316793899145722,0.7960155598439685,0.9880532026290894,0.0,5.030260136582627
2026-04-10 17:27:07,1950,51,1,v8_6_phase_2_0_retry,480,215.6600146936446,170,success,102.5206527709961,14.482789993286133,0.40629085898399353,36.51472091674805,48.5619010925293,12.888565063476562,29.85358428955078,31.586380571453216,-6.175332403619908,29.717347116403417,0.8518514635571304,0.9907675385475159,0.0,3.1729442138020816
2026-04-10 17:27:13,1950,52,1,v8_6_phase_2_0_retry,480,-273.79470411261786,330,high_altitude,109.44332122802734,109.5965576171875,0.40629085898399353,135.03724670410156,48.5619010925293,-85.60831451416016,-43.900272369384766,119.11472886060054,127.6095034332371,12.369891789753401,-0.4865599824540435,0.9081606864929199,0.0,1.4151088532271463
2026-04-10 17:27:16,1951,53,1,v8_6_phase_2_0_retry,480,220.46554020444054,169,success,103.59849548339844,14.601606369018555,0.40629085898399353,37.08348846435547,48.5619010925293,12.322101593017578,30.4588623046875,25.135048334322732,-18.119641509492162,-8.335001080024329,0.9053091430678636,0.9868132472038269,0.0,2.755578289875906
2026-04-10 17:27:19,1951,54,1,v8_6_phase_2_0_retry,480,222.57446901305468,173,success,104.12041473388672,14.97364616394043,0.40629085898399353,36.620704650878906,48.5619010925293,12.78427505493164,26.1543025970459,36.77359505737608,-34.896133148890485,-29.16849702036329,0.8010073478418486,0.9851632118225098,0.0,4.528863297482676
2026-04-10 17:27:21,1951,55,1,v8_6_phase_2_0_retry,480,225.65263407878024,173,success,108.40863037109375,14.725872993469238,0.40629085898399353,37.37691116333008,48.5619010925293,12.028621673583984,32.7491340637207,37.967898029982415,27.701418490421446,-23.849465006101056,0.7883555758375197,0.9787548780441284,0.0,3.2624649781220585
2026-04-10 17:27:24,1951,56,1,v8_6_phase_2_0_retry,480,204.99387347301104,173,success,105.83363342285156,14.433944702148438,0.40629085898399353,37.59621047973633,48.5619010925293,11.815113067626953,30.74997901916504,27.013536478731123,-17.893119993215983,11.742398041836099,0.8908992412873898,0.9677634835243225,0.0,1.4737777137978416
2026-04-10 17:27:29,1951,57,1,v8_6_phase_2_0_retry,480,-284.1332844770692,337,high_altitude,111.0550537109375,106.50749969482422,0.40629085898399353,135.5357208251953,48.5619010925293,-85.71976470947266,-37.809566497802734,86.80368570877647,78.28271736067292,95.08524909628191,0.05575727742642996,-0.1340545415878296,0.0,1.6607948800376977
2026-04-10 17:27:31,1951,58,1,v8_6_phase_2_0_retry,480,200.1814532834622,171,success,103.60450744628906,14.5595064163208,0.40629085898399353,37.131103515625,48.5619010925293,12.269683837890625,29.38241958618164,35.68080918640364,-21.404422915323863,-30.61031580320713,0.8122789343115625,0.9956817030906677,0.0,3.6326205754289207
2026-04-10 17:27:34,1952,59,1,v8_6_phase_2_0_retry,480,217.7281496016662,169,success,103.1023941040039,14.510714530944824,0.40629085898399353,36.81843948364258,48.5619010925293,12.582038879394531,29.699861526489258,28.184113081708126,-22.695528451489498,-12.87676866579651,0.8814344466031381,0.9987623691558838,0.0,4.198675721664553
2026-04-10 17:27:36,1952,60,1,v8_6_phase_2_0_retry,480,214.08278500502547,171,success,102.7669677734375,14.737338066101074,0.40629085898399353,38.381587982177734,48.5619010925293,11.021770477294922,27.04585075378418,32.71003889747411,-31.604764025604307,3.751824618635297,0.8414161125422938,0.986935555934906,0.0,0.625343883644053
2026-04-10 17:27:43,1952,61,1,v8_6_phase_2_0_retry,480,-471.3544488722936,480,timeout,108.35860443115234,101.2624740600586,0.40629085898399353,88.38721466064453,48.5619010925293,-38.333900451660156,2.6319892406463623,91.29646120140579,-36.20356454471974,-118.67143592308837,-0.022625585739910727,-0.7352886199951172,0.0,4.193680822376097
2026-04-10 17:27:47,1952,62,1,v8_6_phase_2_0_retry,480,-333.22309518614725,319,wrong_way,107.08231353759766,116.24583435058594,0.40629085898399353,134.0872344970703,48.5619010925293,-84.6312026977539,-53.20503616333008,145.18773292269526,-168.7443586907739,-113.34877878592414,-0.8210270000322731,0.8323007225990295,0.0,1.1301437734299327
2026-04-10 17:27:49,1952,63,1,v8_6_phase_2_0_retry,480,216.51206846450816,174,success,105.29742431640625,14.72514533996582,0.40629085898399353,36.96401596069336,48.5619010925293,12.435932159423828,29.881183624267578,34.74244023218686,3.3917677814434892,-36.054464930232946,0.8217221377810479,0.9987452626228333,0.0,4.6096366341281785
2026-04-10 17:27:52,1953,64,1,v8_6_phase_2_0_retry,480,210.5950787301935,181,success,109.6894760131836,14.99564266204834,0.40629085898399353,36.7728385925293,48.5619010925293,12.631099700927734,31.06302833557129,23.732359705233893,19.207697474464364,-4.20171594577252,0.9154354338800266,0.9865022897720337,0.0,1.9433078317702543
2026-04-10 17:27:55,1953,65,1,v8_6_phase_2_0_retry,480,204.3863158653088,176,success,108.65751647949219,14.972745895385742,0.40629085898399353,37.660831451416016,48.5619010925293,11.74163818359375,31.4608154296875,35.425308885026396,28.108176746063215,-15.323553308585701,0.8148718341794177,0.9924269318580627,0.0,2.9306799339502985
2026-04-10 17:27:59,1953,66,1,v8_6_phase_2_0_retry,480,-368.3888574440232,324,high_altitude,108.65200805664062,111.40766143798828,0.40629085898399353,135.18064880371094,48.5619010925293,-85.22632598876953,-45.932472229003906,98.92557076844577,85.0856130947623,163.0897680203254,-0.1551512915380994,-0.49641335010528564,0.0,1.9225453954769023
2026-04-10 17:28:04,1953,67,1,v8_6_phase_2_0_retry,480,-342.25489599425896,334,high_altitude,110.13324737548828,106.81986236572266,0.40629085898399353,135.0446014404297,48.5619010925293,-85.51482391357422,-46.8950309753418,152.95596661293922,148.75777717921255,146.20112808985004,-0.8906573568706789,0.628934383392334,0.0,2.011952985353369
2026-04-10 17:28:08,1954,68,1,v8_6_phase_2_0_retry,480,-309.0754066760195,352,high_altitude,110.78280639648438,107.61638641357422,0.40629085898399353,135.0710906982422,48.5619010925293,-84.95513153076172,-22.810224533081055,37.31390400185911,22.239128380960075,-27.135187270490928,0.795326401858268,-0.9112673997879028,0.0,1.9190315806288882
2026-04-10 17:28:11,1954,69,1,v8_6_phase_2_0_retry,480,205.61353911767148,177,success,108.63607025146484,14.658889770507812,0.40629085898399353,37.46218490600586,48.5619010925293,11.937480926513672,31.540546417236328,37.758672260232,-11.976892950194623,33.63320726569303,0.7905968997888533,0.998469889163971,0.0,3.344181273716984
2026-04-10 17:28:13,1954,70,1,v8_6_phase_2_0_retry,480,217.3459006550393,173,success,103.17919921875,14.98106575012207,0.40629085898399353,35.51219177246094,48.5619010925293,13.890060424804688,28.252161026000977,16.642524309017695,-10.63147118842811,7.5314259090777425,0.9581102757189635,0.9934590458869934,0.0,4.576913280660551
2026-04-10 17:28:16,1954,71,1,v8_6_phase_2_0_retry,480,233.28601792140014,175,success,106.75005340576172,14.765607833862305,0.40629085898399353,35.92609786987305,48.5619010925293,13.494449615478516,28.956987380981445,9.578156126895532,-2.8320666492463253,6.418864506024005,0.9860595455808115,0.9359148740768433,0.0,1.1588641621619389
2026-04-10 17:28:20,1954,72,1,v8_6_phase_2_0_retry,480,-276.05646656848944,333,high_altitude,109.47884368896484,93.30972290039062,0.40629085898399353,135.244384765625,48.5619010925293,-85.34650421142578,-26.084930419921875,45.674642942223336,45.51335144006807,-3.7116178563123703,0.6987319569678802,-0.3509627878665924,0.0,1.5610056530643086
2026-04-10 17:28:23,1954,73,1,v8_6_phase_2_0_retry,480,216.45418657529672,171,success,106.03749084472656,14.423025131225586,0.40629085898399353,37.37432098388672,48.5619010925293,12.029495239257812,31.545284271240234,37.96718086011956,-22.925336996303745,-29.04054025645227,0.7883632764677175,0.9887838959693909,0.0,4.978609384704368
2026-04-10 17:28:25,1955,74,1,v8_6_phase_2_0_retry,480,214.13417770095873,173,success,105.00140380859375,14.857946395874023,0.40629085898399353,36.29362869262695,48.5619010925293,13.106983184814453,29.345417022705078,30.709654074495795,-20.78351261599281,36.601542592183456,0.8597662352652614,0.9985513687133789,0.0,4.613535070769796
2026-04-10 17:28:28,1955,75,1,v8_6_phase_2_0_retry,480,228.8873119970202,175,success,108.41088104248047,14.820587158203125,0.40629085898399353,36.71060562133789,48.5619010925293,12.692394256591797,31.489429473876953,22.093708530888627,16.293339425437257,0.08290322864992143,0.926569937287447,0.9877117872238159,0.0,1.4714959608700522
2026-04-10 17:28:30,1955,76,1,v8_6_phase_2_0_retry,480,215.46216235232959,170,success,103.83867645263672,14.503016471862793,0.40629085898399353,37.1605224609375,48.5619010925293,12.24337387084961,27.535842895507812,33.730762857608326,-30.4919281343233,22.583772896289748,0.8316560989579694,0.985771119594574,0.0,3.9502547480561976
2026-04-10 17:28:36,1955,77,1,v8_6_phase_2_0_retry,480,-356.10731017879914,381,wrong_way,105.4160385131836,127.9494400024414,0.40629085898399353,65.6164321899414,48.5619010925293,-15.634780883789062,-25.89718246459961,129.56566961152873,128.7069645686964,149.70281581315385,-0.6369622005296218,-0.5664914846420288,0.0,3.7822695220390736
2026-04-10 17:28:38,1955,78,1,v8_6_phase_2_0_retry,480,210.3219667102523,180,success,108.49799346923828,14.93628215789795,0.40629085898399353,37.05543518066406,48.5619010925293,12.344436645507812,29.396495819091797,31.529625114544995,-25.852651914186367,-3.2997589434644823,0.8523698894826692,0.9987956881523132,0.0,1.3533236437426377
2026-04-10 17:28:41,1956,79,1,v8_6_phase_2_0_retry,480,211.14849030901374,182,success,108.75477600097656,14.831514358520508,0.40629085898399353,35.769569396972656,48.5619010925293,13.631641387939453,28.59110450744629,27.296897121732858,19.42611155619574,39.68671854971071,0.8886420697212323,0.9971268773078918,0.0,6.1162257963641045
2026-04-10 17:28:44,1956,80,1,v8_6_phase_2_0_retry,480,218.3671773785553,184,success,108.19319915771484,14.784152030944824,0.40629085898399353,36.221866607666016,48.5619010925293,13.17873764038086,25.748884201049805,23.600072601389087,-23.086304064473435,-0.04895881931602454,0.9163622222659207,0.9982922077178955,0.0,6.075971743965479
2026-04-10 17:28:46,1956,81,1,v8_6_phase_2_0_retry,480,213.79683720939056,173,success,102.66053771972656,14.643449783325195,0.40629085898399353,36.570037841796875,48.5619010925293,12.835540771484375,26.493200302124023,29.285429858953908,-29.645561828226583,-21.01245884942434,0.872193692690661,0.9853284955024719,0.0,4.813273255919835
2026-04-10 17:28:49,1956,82,1,v8_6_phase_2_0_retry,480,216.48516011705308,177,success,107.69017028808594,14.918776512145996,0.40629085898399353,36.393497467041016,48.5619010925293,13.011676788330078,29.593883514404297,31.484187281091486,-5.225172835348387,23.2247280932875,0.8527843331290684,0.9829860329627991,0.0,3.931584483685117
2026-04-10 17:28:55,1956,83,1,v8_6_phase_2_0_retry,480,-404.58374469917317,475,wrong_way,106.44129180908203,150.69227600097656,0.40629085898399353,28.83408546447754,48.5619010925293,21.082279205322266,-27.52478790283203,131.66322070563965,176.7082363196037,132.1058306242348,-0.664750935809473,-0.39792966842651367,0.0,3.8999866231385822
2026-04-10 17:28:58,1957,84,1,v8_6_phase_2_0_retry,480,218.11050403784873,181,success,109.11793518066406,14.553503036499023,0.40629085898399353,36.621089935302734,48.5619010925293,12.781806945800781,29.728694915771484,29.881073580997793,-22.484238257062444,-22.91417988229453,0.8670613662573102,0.9895185232162476,0.0,2.18580260009478
2026-04-10 17:29:01,1957,85,1,v8_6_phase_2_0_retry,480,212.19022266889255,174,success,107.70027923583984,14.86466121673584,0.40629085898399353,37.031341552734375,48.5619010925293,12.368965148925781,31.478904724121094,33.39640119207411,33.07127052720316,-20.660895352465445,0.8348824378884392,0.9981536269187927,0.0,5.482147836751039
2026-04-10 17:29:03,1957,86,1,v8_6_phase_2_0_retry,480,227.16554310355912,173,success,104.13611602783203,14.424118995666504,0.40629085898399353,35.886531829833984,48.5619010925293,13.51644515991211,29.006309509277344,22.287965941072958,-7.522509097116291,-24.03090044366598,0.9252893966540116,0.9923365712165833,0.0,3.3897592321239682
2026-04-10 17:29:06,1957,87,1,v8_6_phase_2_0_retry,480,229.32991665129572,176,success,105.0918960571289,14.568726539611816,0.40629085898399353,35.53471755981445,48.5619010925293,13.86722183227539,26.869321823120117,24.538987970739477,-5.510324268573133,38.41419625072939,0.9096788745539088,0.9920406937599182,0.0,1.705588081959047
2026-04-10 17:29:08,1957,88,1,v8_6_phase_2_0_retry,480,228.2201995899751,166,success,102.46642303466797,14.955787658691406,0.40629085898399353,36.04731750488281,48.5619010925293,12.931663513183594,29.624582290649414,22.081347596038196,-2.946831543105699,11.323475219282537,0.9266510600251262,0.9659499526023865,0.0,1.2069943684804318
2026-04-10 17:29:11,1957,89,1,v8_6_phase_2_0_retry,480,221.02129658013249,181,success,110.53240203857422,14.982969284057617,0.40629085898399353,37.047489166259766,48.5619010925293,12.354137420654297,31.25417709350586,38.10439936054512,27.788202874015628,-29.937258717110318,0.7868876415745658,0.9933958649635315,0.0,4.082888865459817
2026-04-10 17:29:13,1957,90,1,v8_6_phase_2_0_retry,480,231.41415861459683,184,success,110.37670135498047,14.645938873291016,0.40629085898399353,35.9897575378418,48.5619010925293,12.980728149414062,29.7692813873291,20.73543491442509,17.126516636246674,-3.452020295206757,0.935225243333737,0.992283046245575,0.0,1.7280710733599542
2026-04-10 17:29:16,1958,91,1,v8_6_phase_2_0_retry,480,221.17658516408042,179,success,108.43618774414062,14.925992965698242,0.40629085898399353,36.0562744140625,48.5619010925293,13.34469985961914,28.15589141845703,30.747834831956165,17.607336340606185,34.859943391573175,0.8594257323013745,0.9958609342575073,0.0,3.7836397813105638
2026-04-10 17:29:19,1958,92,1,v8_6_phase_2_0_retry,480,254.9381570566303,172,success,102.89347839355469,14.687803268432617,0.40629085898399353,34.859580993652344,48.5619010925293,14.541976928710938,19.891950607299805,8.78529923030399,-3.5030815087813028,17.936657326532934,0.988267601539245,0.9928812980651855,0.0,2.9506620037807454
2026-04-10 17:29:21,1958,93,1,v8_6_phase_2_0_retry,480,200.37362666357853,189,success,110.91161346435547,14.534127235412598,0.40629085898399353,36.43666458129883,48.5619010925293,12.965705871582031,27.551101684570312,33.72762097059012,-30.310689064697012,43.13797215618313,0.8316865477984253,0.9927330017089844,0.0,2.951804541968487
2026-04-10 17:29:24,1958,94,1,v8_6_phase_2_0_retry,480,225.7906259242069,185,success,110.31647491455078,14.721563339233398,0.40629085898399353,36.616512298583984,48.5619010925293,12.785820007324219,30.00579833984375,31.913597859115605,21.95945774765744,-25.478012623116584,0.8488462508186521,0.992119550704956,0.0,1.480893243297583
2026-04-10 17:29:27,1958,95,1,v8_6_phase_2_0_retry,480,207.84999251653312,177,success,104.18077087402344,14.531039237976074,0.40629085898399353,36.094749450683594,48.5619010925293,13.307209014892578,26.250911712646484,29.288138028959818,-26.01657986936126,-32.23519048599648,0.8721705708116684,0.9904302358627319,0.0,3.575253655182096
2026-04-10 17:29:29,1958,96,1,v8_6_phase_2_0_retry,480,213.5211908456123,179,success,108.890380859375,14.963622093200684,0.40629085898399353,36.316246032714844,48.5619010925293,13.084949493408203,29.1196231842041,25.72939602797161,17.175215885028866,8.502707837357528,0.9008544107025181,0.9974637627601624,0.0,6.359114554180993
2026-04-10 17:29:32,1958,97,1,v8_6_phase_2_0_retry,480,206.81076172326604,183,success,108.57160186767578,14.792356491088867,0.40629085898399353,36.567649841308594,48.5619010925293,12.838939666748047,29.78774642944336,21.353269921082347,-13.602724713241424,8.228950440328832,0.9313530973836007,0.9817824363708496,0.0,4.017455675891237
2026-04-10 17:29:35,1959,98,1,v8_6_phase_2_0_retry,480,211.06162365239817,179,success,106.00865173339844,14.583884239196777,0.40629085898399353,36.14263916015625,48.5619010925293,13.26131820678711,28.508440017700195,29.426852340813607,-16.075541768278473,29.850815842974637,0.8709836476335371,0.9898213148117065,0.0,5.647827840486464
2026-04-10 17:29:37,1959,99,1,v8_6_phase_2_0_retry,480,218.65580451927175,174,success,104.72418975830078,14.816368103027344,0.40629085898399353,35.35234451293945,48.5619010925293,14.048530578613281,28.114309310913086,16.706485615500277,11.949972613354664,14.889038871704294,0.9577899608359659,0.9970030784606934,0.0,5.546177188569923
2026-04-10 17:29:40,1959,100,1,v8_6_phase_2_0_retry,480,220.90327172450594,175,success,106.25059509277344,14.918983459472656,0.40629085898399353,36.018577575683594,48.5619010925293,13.383609771728516,29.437667846679688,26.308905135648637,-8.666101330229866,-20.914466125402168,0.8964175556866568,0.9926868081092834,0.0,4.780140939581729
2026-04-10 17:29:42,1959,101,1,v8_6_phase_2_0_retry,480,241.55348605540036,175,success,105.04590606689453,14.830107688903809,0.40629085898399353,35.574974060058594,48.5619010925293,13.839691162109375,24.6744327545166,20.542471825088473,-18.595441024811713,15.907373973176297,0.9364123325864246,0.9500503540039062,0.0,0.4258675332945856
2026-04-10 17:29:45,1959,102,1,v8_6_phase_2_0_retry,480,236.20358892252887,169,success,102.04641723632812,14.936361312866211,0.40629085898399353,35.21908187866211,48.5619010925293,14.190040588378906,26.666051864624023,5.74361364854315,1.714635001149251,-3.8708517639801703,0.9949796793180558,0.9686617255210876,0.0,3.3578772549683844
2026-04-10 17:29:48,1959,103,1,v8_6_phase_2_0_retry,480,228.28233124958365,181,success,110.03117370605469,14.967452049255371,0.40629085898399353,36.37792205810547,48.5619010925293,13.026607513427734,30.68749237060547,24.573640935493536,20.24489585087665,13.011913350035321,0.909427523825129,0.9851258397102356,0.0,4.515566246743659
2026-04-10 17:29:50,1959,104,1,v8_6_phase_2_0_retry,480,218.1465431501477,178,success,108.07952880859375,14.503973007202148,0.40629085898399353,36.40376663208008,48.5619010925293,13.001739501953125,28.67053985595703,30.702116960746686,28.057547968840495,-26.70552397546752,0.859833407503334,0.9843742251396179,0.0,1.9387021978368422
2026-04-10 17:29:53,1960,105,1,v8_6_phase_2_0_retry,480,230.55331655996008,185,success,110.2043228149414,14.87710189819336,0.40629085898399353,35.406944274902344,48.5619010925293,14.029163360595703,22.909687042236328,10.706254075876933,-9.651111938741376,10.046081287875705,0.982592524396127,0.8954149484634399,0.0,3.2451914545579794
2026-04-10 17:29:56,1960,106,1,v8_6_phase_2_0_retry,480,222.94540161829303,174,success,103.00741577148438,14.637792587280273,0.40629085898399353,35.791847229003906,48.5619010925293,13.608142852783203,25.981849670410156,19.668851356656113,-19.430269433852985,2.397133863278253,0.9416536662948146,0.9994029998779297,0.0,3.605267405018013
2026-04-10 17:29:58,1960,107,1,v8_6_phase_2_0_retry,480,216.07173671367957,181,success,106.48200225830078,14.680621147155762,0.40629085898399353,35.517765045166016,48.5619010925293,13.885684967041016,26.89778709411621,21.290341680711727,0.3753441879364709,-23.88619605591009,0.9317524474159928,0.9898146390914917,0.0,1.8823559135186891
2026-04-10 17:30:01,1960,108,1,v8_6_phase_2_0_retry,480,235.22714891940257,181,success,110.73168182373047,14.697094917297363,0.40629085898399353,37.1074333190918,48.5619010925293,12.294288635253906,31.493844985961914,25.36684617173275,11.272428092973154,4.18362192088751,0.9035833421293171,0.9894953966140747,0.0,0.39191889599924373
2026-04-10 17:30:03,1960,109,1,v8_6_phase_2_0_retry,480,212.97496924705274,173,success,107.15902709960938,14.589722633361816,0.40629085898399353,37.71398162841797,48.5619010925293,11.686187744140625,32.14225769042969,33.79981607011715,-2.1098851350914893,0.6210889514665348,0.830986255080245,0.9986489415168762,0.0,2.785362201374569
2026-04-10 17:30:06,1960,110,1,v8_6_phase_2_0_retry,480,216.3116744044612,183,success,111.020263671875,14.408578872680664,0.40629085898399353,37.24940490722656,48.5619010925293,11.721702575683594,31.28438377380371,32.07636468213159,-25.62742813385249,13.86507313303526,0.8473410587150142,0.9927051067352295,0.0,2.6290767587031825
2026-04-10 17:30:09,1961,111,1,v8_6_phase_2_0_retry,480,228.19481558252343,182,success,110.4254379272461,14.817863464355469,0.40629085898399353,37.760528564453125,48.5619010925293,11.639408111572266,29.81017303466797,34.3780667154396,31.638091933659382,8.485908987093882,0.8253297117224893,0.9965627193450928,0.0,0.9232513738282159
2026-04-10 17:30:12,1961,112,1,v8_6_phase_2_0_retry,480,228.03593425038707,165,success,102.73979949951172,14.852849960327148,0.40629085898399353,36.478858947753906,48.5619010925293,12.921146392822266,31.290386199951172,28.792659031094168,28.815297693098174,18.781838594808654,0.8763683970962358,0.9978508353233337,0.0,3.6690967539376578
2026-04-10 17:30:14,1961,113,1,v8_6_phase_2_0_retry,480,233.55857582835625,168,success,103.50196838378906,14.974931716918945,0.40629085898399353,36.38844299316406,48.5619010925293,13.023212432861328,30.79585075378418,19.538022498199105,4.261815634053108,9.505300206566298,0.9424197633761685,0.9627559781074524,0.0,1.216144960876544
2026-04-10 17:30:17,1961,114,1,v8_6_phase_2_0_retry,480,218.45770556762835,175,success,107.09629821777344,12.523752212524414,0.40629085898399353,38.870384216308594,48.5619010925293,10.53268051147461,29.681089401245117,39.979419476402434,30.965209017386407,41.554331325413145,0.7662752816539086,0.9916582107543945,0.0,4.333985741387027
2026-04-10 17:30:19,1961,115,1,v8_6_phase_2_0_retry,480,217.89856928608378,172,success,105.94579315185547,14.62557315826416,0.40629085898399353,37.187644958496094,48.5619010925293,12.213504791259766,31.795480728149414,27.628202277613497,22.38749033501651,-3.4400591398661837,0.8859754271049539,0.9946115016937256,0.0,2.079960119398555
2026-04-10 17:30:22,1961,116,1,v8_6_phase_2_0_retry,480,213.74733650564397,178,success,109.98760223388672,14.9121732711792,0.40629085898399353,37.362117767333984,48.5619010925293,12.037368774414062,31.21196937561035,36.417830994077626,-9.716930202904559,23.200187223599645,0.8047090807533952,0.9987080097198486,0.0,1.2593296756903203
2026-04-10 17:30:24,1961,117,1,v8_6_phase_2_0_retry,480,232.71106074315912,172,success,102.24553680419922,14.499951362609863,0.40629085898399353,35.60560989379883,48.5619010925293,13.798267364501953,28.769214630126953,14.594833595847872,1.9088534579109735,-13.652587655503456,0.9677318958341792,0.9876980781555176,0.0,2.598682187013311
2026-04-10 17:30:27,1962,118,1,v8_6_phase_2_0_retry,480,231.97381460521265,174,success,103.07481384277344,14.708602905273438,0.40629085898399353,35.59769058227539,48.5619010925293,13.802730560302734,24.745283126831055,25.027787043596852,2.2825909505669046,-42.0307916615349,0.906102721001772,0.9963456392288208,0.0,3.6827857088526486
2026-04-10 17:30:30,1962,119,1,v8_6_phase_2_0_retry,480,232.3733414651015,176,success,102.27081298828125,14.47380256652832,0.40629085898399353,35.945587158203125,48.5619010925293,13.462268829345703,27.433547973632812,27.536066440804607,-14.149571856307448,-25.746813010355144,0.8867199968027187,0.9736020565032959,0.0,3.3787951597575843
2026-04-10 17:30:33,1962,120,1,v8_6_phase_2_0_retry,480,219.2254972917928,173,success,105.18407440185547,14.707283973693848,0.40629085898399353,36.22624588012695,48.5619010925293,13.178050994873047,29.448244094848633,20.62907008602777,10.367999202515806,11.271126941936267,0.9358809018199592,0.98586505651474,0.0,4.281893613461116
2026-04-10 17:30:35,1962,121,1,v8_6_phase_2_0_retry,480,226.52534377479486,168,success,102.7106704711914,14.80208683013916,0.40629085898399353,36.85604476928711,48.5619010925293,12.54452133178711,28.596118927001953,28.73855368758391,-26.76594212131816,11.685594773603688,0.8768228281464163,0.9959291219711304,0.0,3.767040519235593
2026-04-10 17:30:38,1962,122,1,v8_6_phase_2_0_retry,480,212.8990352990474,170,success,104.88348388671875,14.75809383392334,0.40629085898399353,37.17500305175781,48.5619010925293,12.226886749267578,30.452850341796875,38.665513061240006,-37.799789999035475,-32.39360306341659,0.780806606143406,0.9930675029754639,0.0,4.615160730024047
2026-04-10 17:30:41,1962,123,1,v8_6_phase_2_0_retry,480,210.60422804155485,180,success,104.82559204101562,14.679709434509277,0.40629085898399353,35.54792404174805,48.5619010925293,13.859931945800781,25.780851364135742,13.695117535917833,-10.575534500446643,11.416995876945643,0.971569298650223,0.976732611656189,0.0,1.407479629835792
2026-04-10 17:30:43,1962,124,1,v8_6_phase_2_0_retry,480,214.77465339730549,177,success,107.54155731201172,14.449111938476562,0.40629085898399353,36.78654479980469,48.5619010925293,12.198078155517578,31.697084426879883,27.089303767194075,17.071519953049734,-14.521033401865884,0.8902978322623212,0.9545952081680298,0.0,4.3146629571012705
2026-04-10 17:30:46,1963,125,1,v8_6_phase_2_0_retry,480,222.8037524670006,176,success,108.76533508300781,14.548883438110352,0.40629085898399353,37.00944519042969,48.5619010925293,12.39108657836914,32.428192138671875,34.31463133352311,34.17360500263527,34.615869996677354,0.8259543627639817,0.9981077909469604,0.0,3.420267411069589
2026-04-10 17:30:49,1963,126,1,v8_6_phase_2_0_retry,480,200.67817806021452,183,success,109.8729476928711,14.866517066955566,0.40629085898399353,37.175350189208984,48.5619010925293,12.22439956665039,30.506744384765625,39.00024697208399,-23.535534143921637,44.645838868301,0.7771432487792928,0.9971656203269958,0.0,2.7194378131751806
2026-04-10 17:30:51,1963,127,1,v8_6_phase_2_0_retry,480,211.47244044296005,176,success,106.26415252685547,14.811758995056152,0.40629085898399353,35.6568489074707,48.5619010925293,13.315715789794922,29.394662857055664,18.77522014150291,-4.5499296618303475,4.506989116292124,0.9467885483059325,0.9909375905990601,0.0,6.103832646954536
2026-04-10 17:30:54,1963,128,1,v8_6_phase_2_0_retry,480,227.1108324374029,177,success,109.91868591308594,14.629278182983398,0.40629085898399353,38.72178268432617,48.5619010925293,10.701107025146484,32.49435043334961,22.12069631584664,22.239092522466933,-2.023106301026008,0.9263926711311129,0.932503342628479,0.0,1.3812977196074352
2026-04-10 17:30:57,1963,129,1,v8_6_phase_2_0_retry,480,236.01256022908024,179,success,108.57061767578125,14.494197845458984,0.40629085898399353,36.44876480102539,48.5619010925293,12.9638671875,29.510295867919922,17.22060761470548,11.407120277179452,10.0520841703825,0.9551719428062703,0.956413209438324,0.0,2.7272975508075508
2026-04-10 17:30:59,1963,130,1,v8_6_phase_2_0_retry,480,250.67660793383078,170,success,103.14115905761719,14.971390724182129,0.40629085898399353,35.06832504272461,48.5619010925293,14.343574523925781,28.020858764648438,7.094976821113928,2.979007070181748,-6.24653157618859,0.9923427703382034,0.9583773612976074,0.0,2.609941560777502
2026-04-10 17:31:02,1963,131,1,v8_6_phase_2_0_retry,480,245.73350920120885,177,success,105.20149230957031,14.793204307556152,0.40629085898399353,36.700233459472656,48.5619010925293,12.717567443847656,12.66816234588623,18.768905631615233,-16.660866782033764,9.12083568837545,0.9468240140075104,0.9459478259086609,0.0,2.705414752873377
2026-04-10 17:31:05,1964,132,1,v8_6_phase_2_0_retry,480,231.1300987753279,171,success,104.49319458007812,14.871644020080566,0.40629085898399353,35.633567810058594,48.5619010925293,13.767810821533203,29.47402000427246,14.94568846068038,8.127819244383039,2.106178049919465,0.9661707307918113,0.991703450679779,0.0,3.303731154042589
2026-04-10 17:31:07,1964,133,1,v8_6_phase_2_0_retry,480,228.60577875899878,165,success,102.54216766357422,14.783341407775879,0.40629085898399353,36.76920700073242,48.5619010925293,12.635276794433594,30.113431930541992,27.058772821604116,-12.749300260411147,-14.63328585332775,0.8905403614679938,0.9819209575653076,0.0,3.2266294925276378
2026-04-10 17:31:10,1964,134,1,v8_6_phase_2_0_retry,480,199.65474649762666,181,success,108.62415313720703,14.786617279052734,0.40629085898399353,36.04481887817383,48.5619010925293,12.931114196777344,30.09760284423828,38.060542715884466,-16.00058385723217,31.664405237436856,0.7873597629556813,0.9745557308197021,0.0,3.432628480301501
2026-04-10 17:31:12,1964,135,1,v8_6_phase_2_0_retry,480,223.79985266545958,169,success,104.63668060302734,14.492931365966797,0.40629085898399353,36.725372314453125,48.5619010925293,12.679737091064453,31.09149169921875,38.6900675913062,38.686809591072105,-43.13707740140186,0.7805387834480316,0.9854499101638794,0.0,1.8342466230020404
2026-04-10 17:31:15,1964,136,1,v8_6_phase_2_0_retry,480,218.7941943227566,174,success,104.65064239501953,14.949214935302734,0.40629085898399353,38.46250915527344,48.5619010925293,10.952571868896484,26.13409996032715,26.249805216307806,-26.37803689533292,3.0630888332987207,0.8968742451395487,0.9550575017929077,0.0,0.981026905324425
2026-04-10 17:31:20,1964,137,1,v8_6_phase_2_0_retry,480,-339.13564026537085,328,high_altitude,110.70169830322266,92.45574951171875,0.40629085898399353,135.10745239257812,48.5619010925293,-85.26134490966797,-31.387065887451172,93.63838280364143,74.84739175534496,133.73268606188347,-0.06345908978254865,-0.21436332166194916,0.0,1.9560756430982311
2026-04-10 17:31:23,1965,138,1,v8_6_phase_2_0_retry,480,222.39401604783433,176,success,106.86323547363281,14.497282981872559,0.40629085898399353,36.85059356689453,48.5619010925293,12.552330017089844,30.065399169921875,22.813702676961764,22.796265204010723,-7.835483732811908,0.9217704482269788,0.9878276586532593,0.0,3.6704691124399966
2026-04-10 17:31:25,1965,139,1,v8_6_phase_2_0_retry,480,228.68168614546005,176,success,108.60040283203125,14.753819465637207,0.40629085898399353,35.95969772338867,48.5619010925293,13.44943618774414,30.23735237121582,36.76870805702494,12.989217485197015,-38.12934321139401,0.8010584067139803,0.9722855687141418,0.0,4.358824355418315
2026-04-10 17:31:28,1965,140,1,v8_6_phase_2_0_retry,480,222.91315133548977,163,success,102.41429901123047,14.601524353027344,0.40629085898399353,37.47014617919922,48.5619010925293,11.932262420654297,32.788429260253906,30.4099078076752,-10.945281668523407,-12.706396427139712,0.8624261509973565,0.9887697696685791,0.0,1.2385180484127656
2026-04-10 17:31:31,1965,141,1,v8_6_phase_2_0_retry,480,224.39655605616747,182,success,109.8806381225586,14.5170259475708,0.40629085898399353,36.517826080322266,48.5619010925293,12.886573791503906,30.682111740112305,26.186873560842603,14.363411418842206,18.26211925557863,0.8973594949328986,0.9837099313735962,0.0,1.5412283195550516
2026-04-10 17:31:33,1965,142,1,v8_6_phase_2_0_retry,480,210.95925070657847,179,success,105.01695251464844,14.847657203674316,0.40629085898399353,35.860130310058594,48.5619010925293,13.548755645751953,26.6518497467041,12.706425455443684,-11.193343893894514,4.5384950713861,0.975509883081176,0.9756962060928345,0.0,1.9796794650375724
2026-04-10 17:31:36,1965,143,1,v8_6_phase_2_0_retry,480,231.39656363442862,174,success,105.66769409179688,14.828243255615234,0.40629085898399353,35.75752258300781,48.5619010925293,13.641937255859375,29.205415725708008,21.41932468054554,4.421908438009037,-6.008346231244143,0.9309326975203621,0.9994924664497375,0.0,1.274315596483965
2026-04-10 17:31:39,1965,144,1,v8_6_phase_2_0_retry,480,203.72792354534772,188,success,111.41365814208984,12.090442657470703,0.40629085898399353,38.79682540893555,48.5619010925293,10.609004974365234,30.801185607910156,40.31141448138924,-38.20450944321,44.924186152451945,0.7625394609191862,0.9793985486030579,0.0,1.0502539333675687
2026-04-10 17:31:42,1966,145,1,v8_6_phase_2_0_retry,480,204.55023861680993,180,success,109.4522933959961,14.709355354309082,0.40629085898399353,37.67378616333008,48.5619010925293,11.73056411743164,31.021501541137695,31.364454064941164,-12.693392600733654,-11.774276242239841,0.8538738640361964,0.9865657687187195,0.0,1.3434472916719469
2026-04-10 17:31:45,1966,146,1,v8_6_phase_2_0_retry,480,217.6806534650646,178,success,107.58817291259766,14.91528034210205,0.40629085898399353,36.08392333984375,48.5619010925293,13.317413330078125,28.733137130737305,23.673147087771763,-9.420599884442616,14.06373174636602,0.9158508743292724,0.9932566285133362,0.0,1.7664284233990668
2026-04-10 17:31:47,1966,147,1,v8_6_phase_2_0_retry,480,195.9669103230225,181,success,108.8163070678711,14.093342781066895,0.40629085898399353,37.743064880371094,48.5619010925293,11.65915298461914,28.994714736938477,40.33186748285885,-40.33480104910737,34.99239100486348,0.762308472123902,0.9910138249397278,0.0,1.9551891611046217
2026-04-10 17:31:50,1966,148,1,v8_6_phase_2_0_retry,480,235.7237768818975,174,success,105.22248840332031,14.578476905822754,0.40629085898399353,35.60723114013672,48.5619010925293,13.797550201416016,26.640830993652344,25.15992217573263,24.07595407897868,-31.537636926441422,0.9051246594346376,0.9877542853355408,0.0,2.4062619014850752
2026-04-10 17:31:53,1966,149,1,v8_6_phase_2_0_retry,480,214.75086461078138,183,success,110.54981231689453,14.652749061584473,0.40629085898399353,36.77908706665039,48.5619010925293,12.623466491699219,28.78477668762207,38.964890497845424,-0.3096429974845315,42.49821565738472,0.7775314482164638,0.9888712763786316,0.0,3.5875328078916446
2026-04-10 17:31:55,1966,150,1,v8_6_phase_2_0_retry,480,220.19210228214672,176,success,109.82192993164062,14.83050537109375,0.40629085898399353,37.67173385620117,48.5619010925293,11.728458404541016,32.012718200683594,34.092855091172794,-6.069892212081482,-10.786501114661768,0.828130241090821,0.9958648681640625,0.0,3.297086143478374
2026-04-10 17:31:58,1966,151,1,v8_6_phase_2_0_retry,480,207.51149758278524,183,success,109.25018310546875,14.327314376831055,0.40629085898399353,37.27674102783203,48.5619010925293,12.128589630126953,29.408870697021484,40.26016415695206,-37.71059455866428,-37.483395146112976,0.7631178366689972,0.9874407052993774,0.0,5.758187874131736
2026-04-10 17:32:01,1967,152,1,v8_6_phase_2_0_retry,480,205.44406185156893,179,success,103.95563507080078,14.933436393737793,0.40629085898399353,36.50321578979492,48.5619010925293,12.909713745117188,29.04530143737793,16.349155731334598,-11.229245929493041,-5.406429834221246,0.9595641465664677,0.9615616798400879,0.0,1.2741916034941374
2026-04-10 17:32:04,1967,153,1,v8_6_phase_2_0_retry,480,231.29550309165074,170,success,104.0118637084961,14.769676208496094,0.40629085898399353,35.66336441040039,48.5619010925293,13.73891830444336,29.14678955078125,26.438082795873793,21.321687126360207,-34.62019350642197,0.8954160266615585,0.994244396686554,0.0,5.414957598745945
2026-04-10 17:32:06,1967,154,1,v8_6_phase_2_0_retry,480,224.835832307103,177,success,109.30599212646484,14.632546424865723,0.40629085898399353,38.36493682861328,48.5619010925293,11.045631408691406,32.32381057739258,26.655766047363976,25.320947300510262,-3.754425213161779,0.8937180089558612,0.9655411243438721,0.0,3.0871923660471237
2026-04-10 17:32:09,1967,155,1,v8_6_phase_2_0_retry,480,232.0954104711737,174,success,104.08367156982422,14.972445487976074,0.40629085898399353,35.12272262573242,48.5619010925293,14.278671264648438,27.61952781677246,16.421815283725195,14.666803299132296,-17.365718398716986,0.95920640391289,0.9962996244430542,0.0,2.8314886154785515
2026-04-10 17:32:12,1967,156,1,v8_6_phase_2_0_retry,480,210.04381505066303,181,success,108.37202453613281,14.549652099609375,0.40629085898399353,36.670860290527344,48.5619010925293,12.736881256103516,28.733957290649414,30.787111834778326,-30.13425161805724,-21.612996402008545,0.8590750545905927,0.9735326766967773,0.0,1.4691999966190514
2026-04-10 17:32:17,1967,157,1,v8_6_phase_2_0_retry,480,-325.6013819301572,332,high_altitude,110.158935546875,111.4136734008789,0.40629085898399353,135.24839782714844,48.5619010925293,-85.82292938232422,-47.95162582397461,124.1919773008862,165.2772727058054,-18.60057561952027,-0.5619675624406716,0.9179269075393677,0.0,1.9907139073051663
2026-04-10 17:32:20,1968,158,1,v8_6_phase_2_0_retry,480,230.11428480579772,175,success,103.88362884521484,14.839749336242676,0.40629085898399353,35.52779769897461,48.5619010925293,13.877689361572266,26.542211532592773,25.57930945114975,25.79438527792428,-27.366466013524022,0.9019885016278698,0.9857500791549683,0.0,4.417410113555605
2026-04-10 17:32:22,1968,159,1,v8_6_phase_2_0_retry,480,187.70896911083852,178,success,106.69725036621094,14.60305118560791,0.40629085898399353,37.10472869873047,48.5619010925293,12.296989440917969,29.4434871673584,39.32282997639452,-35.64815063688723,38.34184405685144,0.773587772464233,0.9918053150177002,0.0,3.7947787219474276
2026-04-10 17:32:25,1968,160,1,v8_6_phase_2_0_retry,480,246.8186775335103,171,success,103.27884674072266,14.950913429260254,0.40629085898399353,35.25418472290039,48.5619010925293,14.15777587890625,26.022624969482422,16.06176015408068,5.002570993882147,13.70489409794106,0.9609640230704002,0.9601466059684753,0.0,1.1895887334846904
2026-04-10 17:32:27,1968,161,1,v8_6_phase_2_0_retry,480,229.1739034474143,178,success,109.78450012207031,14.43071460723877,0.40629085898399353,37.12269973754883,48.5619010925293,12.292366027832031,31.38973045349121,21.627368827569544,1.4295764158085342,10.547013338019964,0.9296005354989597,0.9523866176605225,0.0,3.654322465586074
2026-04-10 17:32:30,1968,162,1,v8_6_phase_2_0_retry,480,214.65550891505984,180,success,104.21888732910156,14.735119819641113,0.40629085898399353,35.196983337402344,48.5619010925293,14.220985412597656,20.029075622558594,34.604200618480384,-31.470981110331266,44.536962237836406,0.8230947350721364,0.9428635239601135,0.0,3.3213552822401797
2026-04-10 17:32:33,1968,163,1,v8_6_phase_2_0_retry,480,219.46267688836636,175,success,102.92172241210938,14.900056838989258,0.40629085898399353,35.251983642578125,48.5619010925293,14.149116516113281,23.511112213134766,20.11798922855052,-2.6708577496913337,27.59216619955251,0.9389863065393818,0.9972837567329407,0.0,3.3721336319730533
2026-04-10 17:32:36,1969,164,1,v8_6_phase_2_0_retry,480,215.50710307322902,174,success,106.73619842529297,14.959416389465332,0.40629085898399353,37.01516342163086,48.5619010925293,12.394763946533203,30.31245231628418,35.78973021309784,-28.1650773444913,-21.278573264771794,0.8111686547066448,0.9636306762695312,0.0,2.3404337823896415
2026-04-10 17:32:38,1969,165,1,v8_6_phase_2_0_retry,480,227.62279826890574,175,success,103.65957641601562,14.68632984161377,0.40629085898399353,35.00133514404297,48.5619010925293,14.408611297607422,24.996807098388672,14.259504604772449,-0.9936690472232661,18.139846916604352,0.9691900628265875,0.9746384620666504,0.0,3.548425349855193
2026-04-10 17:32:41,1969,166,1,v8_6_phase_2_0_retry,480,237.5579613499967,178,success,109.11293029785156,14.863155364990234,0.40629085898399353,36.439002990722656,48.5619010925293,12.976829528808594,30.961036682128906,11.06832667264754,8.487508958906957,1.4425397946881011,0.9813989409329859,0.9491693377494812,0.0,1.0548732638006868
2026-04-10 17:32:44,1969,167,1,v8_6_phase_2_0_retry,480,220.41983962996233,171,success,104.0152816772461,14.888568878173828,0.40629085898399353,35.894187927246094,48.5619010925293,13.507007598876953,29.984586715698242,19.76182389163833,10.84529452926359,-5.808598202740767,0.9411062607488124,0.9950583577156067,0.0,4.679717018067725
2026-04-10 17:32:47,1969,168,1,v8_6_phase_2_0_retry,480,228.7817555477526,167,success,101.98727416992188,14.576726913452148,0.40629085898399353,36.08375549316406,48.5619010925293,13.317344665527344,29.913015365600586,23.771057849523896,16.34875445772086,-20.32144861109415,0.9151633962931405,0.9949190020561218,0.0,2.2774238277974157
2026-04-10 17:32:50,1969,169,1,v8_6_phase_2_0_retry,480,229.17744598044675,168,success,104.50672912597656,14.975517272949219,0.40629085898399353,36.59530258178711,48.5619010925293,12.804122924804688,31.36434555053711,28.60999415947864,28.606961555487153,-9.03276210657543,0.8778994633774291,0.9983102679252625,0.0,0.7002906947661063
2026-04-10 17:32:52,1969,170,1,v8_6_phase_2_0_retry,480,229.8813114871975,178,success,106.25186157226562,14.72496509552002,0.40629085898399353,35.491207122802734,48.5619010925293,13.91143798828125,25.24364471435547,15.307208665901861,2.897932297846874,-11.517099983194997,0.9645242116478834,0.9934751987457275,0.0,2.95299612467831
2026-04-10 17:32:56,1970,171,1,v8_6_phase_2_0_retry,480,217.17743076292408,181,success,109.37881469726562,14.522615432739258,0.40629085898399353,36.603729248046875,48.5619010925293,12.802452087402344,29.336851119995117,17.61072411443451,16.507955921990103,2.5622472831609646,0.9531340561897559,0.9821920990943909,0.0,2.793488406095478
2026-04-10 17:32:58,1970,172,1,v8_6_phase_2_0_retry,480,211.2080704194706,172,success,105.37757873535156,14.914641380310059,0.40629085898399353,36.2545051574707,48.5619010925293,13.152000427246094,29.885467529296875,29.027894161203992,-18.468329496810483,21.031007935662803,0.8743835763806134,0.9809271097183228,0.0,2.4727782620230063
2026-04-10 17:33:01,1970,173,1,v8_6_phase_2_0_retry,480,229.56516012133602,171,success,105.2476577758789,14.942546844482422,0.40629085898399353,36.34471130371094,48.5619010925293,13.065963745117188,28.926467895507812,26.193111231102115,-16.102910336282715,16.26209472507903,0.897311446187626,0.9636520147323608,0.0,1.0425661949040363
2026-04-10 17:33:03,1970,174,1,v8_6_phase_2_0_retry,480,220.27743407208453,179,success,109.90796661376953,14.942535400390625,0.40629085898399353,38.098453521728516,48.5619010925293,11.303245544433594,32.9767951965332,34.28541861444297,-4.219697272536225,-7.645613011622015,0.8262416812827699,0.9906356930732727,0.0,0.8809735008288583
2026-04-10 17:33:06,1970,175,1,v8_6_phase_2_0_retry,480,232.1545063697618,174,success,104.1125259399414,14.80234146118164,0.40629085898399353,36.055912017822266,48.5619010925293,13.352180480957031,27.330020904541016,13.991824368557772,-8.107358558950619,4.076300866006392,0.9703302366412524,0.9762880802154541,0.0,2.465674449188702
2026-04-10 17:33:09,1970,176,1,v8_6_phase_2_0_retry,480,222.86383093273213,171,success,102.9163818359375,14.520818710327148,0.40629085898399353,35.737457275390625,48.5619010925293,13.668647766113281,26.746793746948242,29.448128380078195,-1.0875054944137805,-41.29778942018747,0.8708011452925165,0.9849697351455688,0.0,3.130443006945271
2026-04-10 17:33:11,1970,177,1,v8_6_phase_2_0_retry,480,200.7004122003082,178,success,107.68439483642578,14.992759704589844,0.40629085898399353,36.95741653442383,48.5619010925293,12.442710876464844,31.18996238708496,34.03540637006382,5.749309599424118,-22.90389874004637,0.8286918567046391,0.9992570281028748,0.0,3.706587537539425
2026-04-10 17:33:16,1971,178,1,v8_6_phase_2_0_retry,480,-320.2992530407595,317,high_altitude,109.68140411376953,115.90872192382812,0.40629085898399353,135.13992309570312,48.5619010925293,-85.68624114990234,-54.85218811035156,169.59643845011132,-170.8022810273204,-150.21266211393862,-0.9835602477037168,0.8399086594581604,0.0,0.9270947967360709
2026-04-10 17:33:19,1971,179,1,v8_6_phase_2_0_retry,480,229.75594376352635,181,success,108.3507308959961,14.97428035736084,0.40629085898399353,35.94096374511719,48.5619010925293,13.47381591796875,24.731264114379883,38.7987598066632,25.69263424231131,-33.61133016978148,0.7793515278748134,0.9605588912963867,0.0,4.088537853867787
2026-04-10 17:33:22,1971,180,1,v8_6_phase_2_0_retry,480,194.0339299769443,181,success,109.67782592773438,14.740670204162598,0.40629085898399353,38.7584342956543,48.5619010925293,10.646228790283203,31.759904861450195,36.63738059475852,-6.9916778938803015,-9.965076098093,0.8024283186344531,0.9852520227432251,0.0,4.358715355452491
2026-04-10 17:33:24,1971,181,1,v8_6_phase_2_0_retry,480,224.59955605690675,176,success,110.76419830322266,14.907066345214844,0.40629085898399353,39.05724334716797,48.5619010925293,10.369209289550781,27.588985443115234,34.72582921212539,-14.123647873312665,15.491970405592584,0.8218873235606001,0.9231240749359131,0.0,3.258980238442741
2026-04-10 17:33:27,1971,182,1,v8_6_phase_2_0_retry,480,225.56965550240528,176,success,109.42613983154297,14.346274375915527,0.40629085898399353,38.47320556640625,48.5619010925293,10.94167709350586,33.65693283081055,28.605250593100063,15.802709861882313,9.740967346141126,0.877939104353853,0.9545129537582397,0.0,1.2699187724561187
2026-04-10 17:33:32,1972,183,1,v8_6_phase_2_0_retry,480,-314.8533200333005,329,high_altitude,109.80485534667969,105.31096649169922,0.40629085898399353,135.0172119140625,48.5619010925293,-85.61502838134766,-47.37074279785156,138.96762990972638,138.74853110153072,13.225734983323509,-0.7543388096338739,0.9897058606147766,0.0,2.6992571169588078
2026-04-10 17:33:35,1972,184,1,v8_6_phase_2_0_retry,480,220.19708566396474,177,success,109.0303726196289,14.635202407836914,0.40629085898399353,37.72975540161133,48.5619010925293,11.251121520996094,32.531429290771484,23.388780699414742,22.478451379288153,-1.060559971251257,0.9178323751005488,0.959120512008667,0.0,0.9222284345452622
2026-04-10 17:33:38,1972,185,1,v8_6_phase_2_0_retry,480,230.727502309659,172,success,102.03426361083984,14.881301879882812,0.40629085898399353,34.8234977722168,48.5619010925293,14.584678649902344,25.227548599243164,17.4835169637849,-14.533150157453486,22.836354999344113,0.9538034193039386,0.9742745161056519,0.0,2.0486595682862827
2026-04-10 17:33:40,1972,186,1,v8_6_phase_2_0_retry,480,221.60523801869545,177,success,106.17472076416016,14.865276336669922,0.40629085898399353,35.565589904785156,48.5619010925293,13.41143798828125,29.903284072875977,21.884450317739653,7.197019847313919,-14.924875166732058,0.9279374460585131,0.9759880304336548,0.0,4.577516378374116
2026-04-10 17:33:43,1972,187,1,v8_6_phase_2_0_retry,480,228.10765897960619,179,success,108.73683166503906,14.953248977661133,0.40629085898399353,35.40763473510742,48.5619010925293,14.025794982910156,26.072736740112305,18.99923839344828,-12.768660431613549,-21.275982915529067,0.945522903144129,0.9000309705734253,0.0,3.420683702756598
2026-04-10 17:33:46,1972,188,1,v8_6_phase_2_0_retry,480,205.00436329964214,182,success,108.99095153808594,14.827753067016602,0.40629085898399353,37.146514892578125,48.5619010925293,12.264762878417969,29.34526252746582,36.04956426950346,-31.36881172563163,-21.17982921994092,0.8085082224026452,0.9599428772926331,0.0,0.4295061527223604
2026-04-10 17:33:52,1973,189,1,v8_6_phase_2_0_retry,480,-385.6991193746294,367,high_altitude,104.0367431640625,97.21707153320312,0.40629085898399353,135.02645874023438,48.5619010925293,-85.30399322509766,-33.6278190612793,117.14394607748505,-96.77521548186148,-138.6866495876504,-0.4562275697246217,0.1119372546672821,0.0,1.6770716598244413
2026-04-10 17:33:55,1973,190,1,v8_6_phase_2_0_retry,480,204.28631383003312,179,success,109.21967315673828,14.397124290466309,0.40629085898399353,37.08975601196289,48.5619010925293,12.313488006591797,30.982301712036133,25.893448634098853,16.1127082426471,8.918937004057167,0.8996077182601272,0.9927730560302734,0.0,4.229797137962855
2026-04-10 17:33:58,1973,191,1,v8_6_phase_2_0_retry,480,205.072374184232,180,success,111.39034271240234,14.61522102355957,0.40629085898399353,38.3675651550293,48.5619010925293,11.036842346191406,32.16269302368164,40.163790187763176,14.972466217321413,-19.920502846436065,0.7642037927144568,0.9894605875015259,0.0,2.78231522541613
2026-04-10 17:34:00,1973,192,1,v8_6_phase_2_0_retry,480,206.037449886357,188,success,107.26565551757812,7.334600925445557,0.40629085898399353,43.17559051513672,48.5619010925293,6.227348327636719,31.862747192382812,39.9076102825635,-27.28486745105717,37.64101542158936,0.7670799448295298,0.9878148436546326,0.0,1.427028053635578
2026-04-10 17:34:03,1973,193,1,v8_6_phase_2_0_retry,480,222.79529597516267,176,success,104.32695007324219,14.754402160644531,0.40629085898399353,35.646202087402344,48.5619010925293,13.755096435546875,28.66067123413086,22.358627663131326,4.5150111734723035,23.061720506103267,0.9248209571873324,0.9937124252319336,0.0,1.9048482064059205
2026-04-10 17:34:06,1973,194,1,v8_6_phase_2_0_retry,480,212.63729304548758,175,success,106.641357421875,14.636222839355469,0.40629085898399353,36.55680847167969,48.5619010925293,12.854434967041016,30.067161560058594,30.1575391480324,-17.629756436556754,-20.37698146414094,0.8646473434509613,0.9627615809440613,0.0,3.4515424346543924
2026-04-10 17:34:09,1973,195,1,v8_6_phase_2_0_retry,480,204.50771931119377,184,success,110.21480560302734,14.50146484375,0.40629085898399353,37.0359001159668,48.5619010925293,12.373069763183594,31.613868713378906,24.09856200513142,9.9221415289703,-11.506874336233842,0.9128444251193506,0.9743326306343079,0.0,2.49386462746275
2026-04-10 17:34:12,1974,196,1,v8_6_phase_2_0_retry,480,193.07996896332347,191,success,105.29743194580078,4.503666877746582,0.40629085898399353,45.51438903808594,48.5619010925293,3.9399452209472656,28.279556274414062,39.03677482376522,-40.92905824274975,70.60563937509194,0.7767418773026379,0.8387381434440613,0.0,0.768905777180234
2026-04-10 17:34:15,1974,197,1,v8_6_phase_2_0_retry,480,228.01961925163903,171,success,106.43582153320312,14.898868560791016,0.40629085898399353,36.41096496582031,48.5619010925293,13.002571105957031,30.135967254638672,21.805160359212266,-2.5567304113022984,-12.244897620394875,0.9284523757749024,0.9552416205406189,0.0,1.051074893937872
2026-04-10 17:34:17,1974,198,1,v8_6_phase_2_0_retry,480,216.84992201371904,185,success,110.62078857421875,14.428359031677246,0.40629085898399353,36.4215202331543,48.5619010925293,12.982986450195312,29.52259635925293,22.30545634799007,7.323809502650511,-14.334917577172206,0.9251735781108064,0.988348662853241,0.0,3.5014531338783255
2026-04-10 17:34:20,1974,199,1,v8_6_phase_2_0_retry,480,223.4248361425898,177,success,106.30365753173828,14.921748161315918,0.40629085898399353,35.43211364746094,48.5619010925293,13.96944808959961,28.40265464782715,20.224524811677085,15.089257329486754,19.821647811031177,0.938345135793644,0.9963710904121399,0.0,6.198777368125412
2026-04-10 17:34:23,1974,200,1,v8_6_phase_2_0_retry,480,233.29815067204868,175,success,107.77415466308594,14.694859504699707,0.40629085898399353,36.80023193359375,48.5619010925293,12.609382629394531,25.712188720703125,24.726840371029628,-2.7932321146163366,-13.149819992019756,0.9083123268283423,0.9696106910705566,0.0,3.0454016795370835
2026-04-10 17:34:25,1974,201,1,v8_6_phase_2_0_retry,480,192.99297727250965,184,success,109.15174102783203,14.54163646697998,0.40629085898399353,37.10397720336914,48.5619010925293,12.295604705810547,28.99997329711914,36.41756120160541,-33.80088157962768,-39.70383500377076,0.8047118761950739,0.9970324635505676,0.0,2.108103676868829
2026-04-10 17:34:28,1975,202,1,v8_6_phase_2_0_retry,480,225.6017396514095,181,success,102.88984680175781,14.791619300842285,0.40629085898399353,35.779205322265625,48.5619010925293,13.623035430908203,17.277633666992188,19.056357557929804,-15.47681763091891,-11.057292502043385,0.9451978812900773,0.9944829344749451,0.0,5.219839333098701
2026-04-10 17:34:31,1975,203,1,v8_6_phase_2_0_retry,480,206.71741399253256,182,success,106.6322250366211,10.558382034301758,0.40629085898399353,40.16706848144531,48.5619010925293,9.239151000976562,29.325138092041016,40.47997671991599,-31.142814426374247,-43.719439820604656,0.7606328831761094,0.9796961545944214,0.0,4.288545286232976
2026-04-10 17:34:34,1975,204,1,v8_6_phase_2_0_retry,480,208.88597168840028,173,success,104.69355773925781,14.732010841369629,0.40629085898399353,36.675601959228516,48.5619010925293,12.725391387939453,29.132627487182617,34.672072208262804,-13.832013309905106,-36.06707345944079,0.8224214283635414,0.9957441091537476,0.0,4.752409792644697
2026-04-10 17:34:36,1975,205,1,v8_6_phase_2_0_retry,480,196.72274105081905,175,success,105.2203369140625,14.539133071899414,0.40629085898399353,37.62322235107422,48.5619010925293,11.776420593261719,28.54861831665039,35.99440366176644,-36.03799051395488,22.38460116499759,0.809074402162937,0.9985688328742981,0.0,3.0289835272724073
2026-04-10 17:34:42,1975,206,1,v8_6_phase_2_0_retry,480,-406.9637121910363,347,high_altitude,110.18621826171875,137.79788208007812,0.40629085898399353,135.26760864257812,48.5619010925293,-85.30390167236328,-52.93317794799805,78.27915883211534,79.47299393676353,-100.19174440659356,0.2031434712923268,-0.5199059247970581,0.0,1.9371234320305628
2026-04-10 17:34:44,1975,207,1,v8_6_phase_2_0_retry,480,217.65168708653198,175,success,103.74244689941406,14.504959106445312,0.40629085898399353,35.85905838012695,48.5619010925293,13.548503875732422,27.97697639465332,9.044743965926925,7.923798078780172,1.2333503103176513,0.9875658751436398,0.9782233834266663,0.0,2.5953304061292592
2026-04-10 17:34:47,1976,208,1,v8_6_phase_2_0_retry,480,208.05217329705786,186,success,110.49256134033203,11.142845153808594,0.40629085898399353,41.390045166015625,48.5619010925293,8.0106201171875,30.74972152709961,40.38669682642113,-27.49457304159678,-12.117795483903755,0.761688770196028,0.9949084520339966,0.0,1.5582521544487822
2026-04-10 17:34:50,1976,209,1,v8_6_phase_2_0_retry,480,230.72421768449664,174,success,108.04183197021484,14.591273307800293,0.40629085898399353,37.718135833740234,48.5619010925293,11.691463470458984,33.26092529296875,22.197177359077855,21.17814387076322,-0.6490022270570844,0.9258891977776826,0.9678177833557129,0.0,1.3825823677095557
2026-04-10 17:34:53,1976,210,1,v8_6_phase_2_0_retry,480,224.356737377787,173,success,103.22811126708984,14.461494445800781,0.40629085898399353,35.70425033569336,48.5619010925293,13.697166442871094,27.25135040283203,13.469716170665535,0.7041557378006729,5.14080505805992,0.9724931727056715,0.9949591159820557,0.0,2.5080595163056842
2026-04-10 17:34:55,1976,211,1,v8_6_phase_2_0_retry,480,231.43333483143593,168,success,102.08946990966797,14.673003196716309,0.40629085898399353,35.731300354003906,48.5619010925293,13.685371398925781,28.940587997436523,19.23065544781207,-14.940074045182628,14.753905286522883,0.9442002787576533,0.9504534602165222,0.0,1.8949153648927493
2026-04-10 17:34:58,1976,212,1,v8_6_phase_2_0_retry,480,205.29685507728692,182,success,110.24701690673828,14.840909004211426,0.40629085898399353,36.9946174621582,48.5619010925293,12.407150268554688,30.878158569335938,34.20629770309754,30.672197317087445,24.279983782318006,0.8270187875162351,0.9962673187255859,0.0,6.968596226008472
2026-04-10 17:35:01,1976,213,1,v8_6_phase_2_0_retry,480,228.6246785627278,172,success,107.33012390136719,14.961986541748047,0.40629085898399353,36.77540588378906,48.5619010925293,12.64145278930664,30.573945999145508,22.600011671041454,16.68487489696636,-11.010724272282237,0.9232101388327345,0.9486619234085083,0.0,1.788603131757031
2026-04-10 17:35:03,1976,214,1,v8_6_phase_2_0_retry,480,214.15530771527608,170,success,105.93624114990234,14.790313720703125,0.40629085898399353,37.638336181640625,48.5619010925293,11.762203216552734,32.08268737792969,38.17077172380472,5.3353139045830735,-26.120991263655952,0.786172259369996,0.998611569404602,0.0,4.278596442358854
2026-04-10 17:35:06,1977,215,1,v8_6_phase_2_0_retry,480,215.30853998529022,176,success,105.7624740600586,14.448014259338379,0.40629085898399353,37.30146789550781,48.5619010925293,12.103702545166016,28.386930465698242,32.28765999920052,-29.082153183970572,-19.45697888860232,0.8453768990293714,0.9871639609336853,0.0,3.1361224022752032
2026-04-10 17:35:09,1977,216,1,v8_6_phase_2_0_retry,480,229.65594123251506,177,success,108.44296264648438,14.698418617248535,0.40629085898399353,36.02070617675781,48.5619010925293,13.386608123779297,30.61309814453125,11.753107778454678,8.464872858223888,0.2369782957716319,0.9790344253189802,0.9757606983184814,0.0,3.9055356415243354
2026-04-10 17:35:12,1977,217,1,v8_6_phase_2_0_retry,480,220.86470906887237,168,success,104.11470794677734,14.51099681854248,0.40629085898399353,36.39923858642578,48.5619010925293,13.002914428710938,31.341108322143555,19.942707791427775,14.077065983173178,0.6483044805446853,0.94003414976824,0.9937304258346558,0.0,5.316494260072388
2026-04-10 17:35:14,1977,218,1,v8_6_phase_2_0_retry,480,210.5006367533645,176,success,109.82691955566406,14.489293098449707,0.40629085898399353,38.537071228027344,48.5619010925293,10.868316650390625,34.1505012512207,34.82088153970987,30.712901829446135,11.0268588866491,0.8209411571189755,0.9849181175231934,0.0,2.989124045915213
2026-04-10 17:35:17,1977,219,1,v8_6_phase_2_0_retry,480,204.15262781567753,175,success,106.38543701171875,14.814824104309082,0.40629085898399353,37.66756820678711,48.5619010925293,11.733150482177734,29.898393630981445,33.24068312428157,-27.401539034912037,1.818358147163359,0.8363753028390918,0.9970160126686096,0.0,1.8064200217580355
2026-04-10 17:35:20,1977,220,1,v8_6_phase_2_0_retry,480,232.96821803602936,174,success,109.06736755371094,14.841009140014648,0.40629085898399353,38.1387939453125,48.5619010925293,11.268756866455078,33.68503189086914,33.90209132274892,34.74847811941315,-12.686393364381683,0.829991926585136,0.976685643196106,0.0,3.387555819883901
2026-04-10 17:35:22,1977,221,1,v8_6_phase_2_0_retry,480,213.1887641285723,170,success,102.93448638916016,14.644728660583496,0.40629085898399353,36.44829559326172,48.5619010925293,12.960128784179688,29.397459030151367,36.53420717225089,-32.086347003603564,33.584870016936854,0.803501591644081,0.9803987145423889,0.0,6.425485993762123
2026-04-10 17:35:25,1978,222,1,v8_6_phase_2_0_retry,480,217.21478596096,170,success,106.019287109375,14.907395362854004,0.40629085898399353,36.796756744384766,48.5619010925293,12.604499816894531,31.651315689086914,26.71754340085945,22.909033334754927,3.022455611039492,0.893233769419879,0.9950464963912964,0.0,2.536524989919213
2026-04-10 17:35:28,1978,223,1,v8_6_phase_2_0_retry,480,229.07288835358702,176,success,106.8627700805664,14.846240043640137,0.40629085898399353,35.98527908325195,48.5619010925293,13.441608428955078,27.12883949279785,24.442791586469017,-20.681959655865764,21.87536958123812,0.9103748781220484,0.9143863916397095,0.0,0.3978590341531058
2026-04-10 17:35:31,1978,224,1,v8_6_phase_2_0_retry,480,205.94033313087652,177,success,109.29136657714844,13.859661102294922,0.40629085898399353,38.489593505859375,48.5619010925293,10.913078308105469,32.923866271972656,40.23566426839922,-9.526315844868781,-25.635405794803066,0.7633941098042312,0.9915577173233032,0.0,4.826552316517754
2026-04-10 17:35:33,1978,225,1,v8_6_phase_2_0_retry,480,209.28955317714573,180,success,110.31658935546875,14.91445255279541,0.40629085898399353,36.81943893432617,48.5619010925293,12.581775665283203,32.073665618896484,34.532582669938215,31.583296741042957,29.21943315609866,0.8238039543889655,0.9973750710487366,0.0,4.802908194556785
2026-04-10 17:35:36,1978,226,1,v8_6_phase_2_0_retry,480,219.6392559729184,169,success,103.71672058105469,14.75859260559082,0.40629085898399353,36.694175720214844,48.5619010925293,12.714191436767578,30.50910758972168,21.386065074382163,19.289637546389713,9.25288800446754,0.93114453012933,0.973767101764679,0.0,1.9715100219649184
2026-04-10 17:35:38,1978,227,1,v8_6_phase_2_0_retry,480,217.1092127872639,178,success,107.58678436279297,14.602019309997559,0.40629085898399353,37.370933532714844,48.5619010925293,12.042442321777344,28.490127563476562,33.125293908443375,7.6160246321375205,-18.301898277304783,0.8374775517426737,0.9600212574005127,0.0,2.01521254688404
2026-04-10 17:35:41,1978,228,1,v8_6_phase_2_0_retry,480,222.4208846464686,174,success,104.12496185302734,14.988686561584473,0.40629085898399353,35.2639274597168,48.5619010925293,14.137847900390625,26.30953025817871,22.821530073750598,20.016200626897113,32.22210384354674,0.9217174695131799,0.996268093585968,0.0,4.38723582008943
2026-04-10 17:35:44,1979,229,1,v8_6_phase_2_0_retry,480,212.078727162509,176,success,107.94892883300781,10.489721298217773,0.40629085898399353,42.24152374267578,48.5619010925293,7.162288665771484,32.89799499511719,40.25350813760588,1.434086581816564,9.125126754721512,0.7631929071163192,0.9886761903762817,0.0,5.033377978068353
2026-04-10 17:35:47,1979,230,1,v8_6_phase_2_0_retry,480,205.27989867823882,182,success,110.89592742919922,14.459603309631348,0.40629085898399353,37.52610778808594,48.5619010925293,11.877708435058594,31.569171905517578,40.46946505878334,0.5070628386154329,-34.6499799613924,0.7607519713636309,0.9919725656509399,0.0,6.790269323489176
2026-04-10 17:35:50,1979,231,1,v8_6_phase_2_0_retry,480,211.74014126631266,170,success,102.85501098632812,14.789539337158203,0.40629085898399353,36.4393310546875,48.5619010925293,12.966777801513672,30.366931915283203,30.72526447184386,-6.17002833484257,22.199419368672913,0.8596270650217536,0.9780689477920532,0.0,1.3594869521959998
2026-04-10 17:35:52,1979,232,1,v8_6_phase_2_0_retry,480,232.36800111240908,170,success,104.60147094726562,14.766199111938477,0.40629085898399353,36.16020584106445,48.5619010925293,13.252922058105469,31.548988342285156,14.795465280075119,11.819883122875309,8.034149176331837,0.9668436030334885,0.9581741094589233,0.0,1.466026197519692
2026-04-10 17:35:55,1979,233,1,v8_6_phase_2_0_retry,480,206.34636174791424,175,success,104.64324951171875,14.609183311462402,0.40629085898399353,37.151824951171875,48.5619010925293,12.253433227539062,28.754594802856445,24.042329057694705,-24.038405114016534,-2.217731687651875,0.9132447188871129,0.987428605556488,0.0,2.8128062262990046
2026-04-10 17:35:58,1979,234,1,v8_6_phase_2_0_retry,480,202.03362876101326,177,success,105.78258514404297,14.443767547607422,0.40629085898399353,36.85710525512695,48.5619010925293,12.549484252929688,30.513595581054688,21.61315008126487,-7.3414698105232254,-9.101052899218155,0.9296919723191327,0.9809610843658447,0.0,2.5990384116761946
2026-04-10 17:36:00,1979,235,1,v8_6_phase_2_0_retry,480,210.4993056937757,177,success,106.93763732910156,14.861719131469727,0.40629085898399353,36.2957649230957,48.5619010925293,13.105186462402344,31.213748931884766,32.315465699311645,11.0381338214215,-38.40773147667997,0.8451175661038653,0.9967849254608154,0.0,2.609861910134232
2026-04-10 17:36:03,1980,236,1,v8_6_phase_2_0_retry,480,216.29214120382483,169,success,102.7734146118164,14.671528816223145,0.40629085898399353,35.91674041748047,48.5619010925293,13.48492431640625,30.063875198364258,25.175380601371657,13.364100101755982,-27.15230543209827,0.9050099218488413,0.9963393807411194,0.0,6.403640023701437
2026-04-10 17:36:06,1980,237,1,v8_6_phase_2_0_retry,480,208.97616296883643,174,success,107.92205047607422,14.511533737182617,0.40629085898399353,38.38302993774414,48.5619010925293,11.01730728149414,31.779281616210938,37.25614792223748,-10.328664143085703,1.4764114498341347,0.7959370490084189,0.9982724189758301,0.0,2.604276429087379
2026-04-10 17:36:08,1980,238,1,v8_6_phase_2_0_retry,480,233.19008213312847,170,success,105.30155944824219,14.964625358581543,0.40629085898399353,36.209449768066406,48.5619010925293,13.198455810546875,30.723085403442383,18.341690959409277,1.23400430093068,-8.661152004402545,0.9491967514308003,0.9708569049835205,0.0,0.7611318770821465
2026-04-10 17:36:11,1980,239,1,v8_6_phase_2_0_retry,480,228.80853113842687,172,success,104.5802993774414,14.892502784729004,0.40629085898399353,35.60933303833008,48.5619010925293,13.79825210571289,30.169170379638672,12.929828136590109,10.341893365734371,7.0640838754979605,0.9746448382745854,0.9789724946022034,0.0,4.891665128825863
2026-04-10 17:36:14,1980,240,1,v8_6_phase_2_0_retry,480,220.43742919194784,169,success,104.2551040649414,14.199532508850098,0.40629085898399353,36.971923828125,48.5619010925293,12.436080932617188,31.242921829223633,40.10487639107723,8.62791715767491,-44.06700424180451,0.7648665773786438,0.9807391166687012,0.0,5.712706173873868
2026-04-10 17:36:16,1980,241,1,v8_6_phase_2_0_retry,480,211.7256070966369,176,success,108.06153106689453,14.817484855651855,0.40629085898399353,36.95359420776367,48.5619010925293,12.44986343383789,30.618911743164062,34.892502903346625,23.2210841873653,-25.112141587393804,0.8202267335798333,0.9914677739143372,0.0,3.512068357840415
2026-04-10 17:36:19,1980,242,1,v8_6_phase_2_0_retry,480,218.20244694549697,176,success,110.87095642089844,14.503966331481934,0.40629085898399353,38.56123733520508,48.5619010925293,10.867069244384766,33.19424819946289,29.825247029816694,-9.051823457001642,17.168756233621327,0.8675463806373048,0.9131385684013367,0.0,3.2367967086074683
2026-04-10 17:36:22,1981,243,1,v8_6_phase_2_0_retry,480,235.1548503341384,178,success,110.26333618164062,14.608125686645508,0.40629085898399353,36.65444564819336,48.5619010925293,12.758831024169922,32.001060485839844,13.996738689665596,14.07257171869931,4.583704947276061,0.9703094950443722,0.9564417600631714,0.0,1.249208882682946
2026-04-10 17:36:25,1981,244,1,v8_6_phase_2_0_retry,480,214.99239839735685,168,success,104.25415802001953,14.834271430969238,0.40629085898399353,37.49594497680664,48.5619010925293,11.903724670410156,29.85189437866211,37.47205703209075,-24.89027655258428,-25.995740962203552,0.7936501369271562,0.9985866546630859,0.0,1.6532897614658308
2026-04-10 17:36:27,1981,245,1,v8_6_phase_2_0_retry,480,215.65427768284238,172,success,104.76960754394531,14.772645950317383,0.40629085898399353,36.14640808105469,48.5619010925293,13.258235931396484,30.2586612701416,23.354327517693907,14.737111558901114,15.311463873754779,0.918070914629343,0.9906007051467896,0.0,4.398995712736701
2026-04-10 17:36:30,1981,246,1,v8_6_phase_2_0_retry,480,219.6088848200783,180,success,107.97278594970703,14.460439682006836,0.40629085898399353,36.096649169921875,48.5619010925293,13.31216049194336,28.745336532592773,13.868834005946999,10.354156116615483,-8.170717955012597,0.9708470098177302,0.9745484590530396,0.0,4.481336676629251
2026-04-10 17:36:33,1981,247,1,v8_6_phase_2_0_retry,480,205.91391812057387,180,success,109.5644302368164,14.385276794433594,0.40629085898399353,38.29784393310547,48.5619010925293,11.102092742919922,31.716073989868164,36.65948308691268,-25.096346774938148,-12.334150263600371,0.8021980564740776,0.9968503713607788,0.0,0.45123344835620127
2026-04-10 17:36:35,1981,248,1,v8_6_phase_2_0_retry,480,225.0220547643153,168,success,103.0509262084961,14.7808837890625,0.40629085898399353,36.65285110473633,48.5619010925293,12.74770736694336,30.878223419189453,25.644944153978987,-22.551307299617385,-3.673701341795514,0.9014933107811316,0.9962664246559143,0.0,2.3078758952876273
2026-04-10 17:36:39,1982,249,1,v8_6_phase_2_0_retry,480,214.15170885702108,180,success,108.9490966796875,14.87280559539795,0.40629085898399353,36.92042541503906,48.5619010925293,12.480968475341797,31.66109848022461,32.52200720471824,6.766425512129274,-20.301905732331452,0.8431850078021118,0.9934673309326172,0.0,4.146116763388059
2026-04-10 17:36:41,1982,250,1,v8_6_phase_2_0_retry,480,210.70447536551669,181,success,111.38678741455078,14.365242958068848,0.40629085898399353,37.97663116455078,48.5619010925293,11.426223754882812,31.851652145385742,39.091477808827854,-12.585703569411002,24.925460564546306,0.7761402053876238,0.9919933080673218,0.0,3.0936878112339206
2026-04-10 17:36:44,1982,251,1,v8_6_phase_2_0_retry,480,211.03309274801623,172,success,106.3340835571289,14.769049644470215,0.40629085898399353,36.759864807128906,48.5619010925293,12.646415710449219,32.555694580078125,26.12180917880906,15.25871432279477,13.270822769582056,0.8978600513922708,0.9839927554130554,0.0,5.091317242139001
2026-04-10 17:36:47,1982,252,1,v8_6_phase_2_0_retry,480,227.05452747649176,179,success,110.69871520996094,14.412117958068848,0.40629085898399353,37.332454681396484,48.5619010925293,12.067852020263672,31.878847122192383,28.218274272841946,12.38253788500168,1.8119676514211658,0.881152688956801,0.9962443709373474,0.0,0.977164445958748
2026-04-10 17:36:52,1982,253,1,v8_6_phase_2_0_retry,480,-339.5803806506352,327,high_altitude,110.26873016357422,108.5390853881836,0.40629085898399353,135.60971069335938,48.5619010925293,-86.20333099365234,-50.375389099121094,153.78567067255568,-162.21081829679315,38.728050273280644,-0.8971479236752758,0.974685788154602,0.0,1.3177746671910688
2026-04-10 17:36:57,1983,254,1,v8_6_phase_2_0_retry,480,-290.5657845054818,333,high_altitude,111.12541961669922,97.01050567626953,0.40629085898399353,135.25425720214844,48.5619010925293,-85.74495697021484,-38.749053955078125,116.22852314378493,114.64128280332234,61.34061753956387,-0.4419524737134992,0.6849344968795776,0.0,0.8840141260318274
2026-04-10 17:37:00,1983,255,1,v8_6_phase_2_0_retry,480,210.59293055669914,178,success,109.83427429199219,14.82977294921875,0.40629085898399353,37.306861877441406,48.5619010925293,12.094161987304688,31.842731475830078,32.3439919843802,-0.696331435941306,14.137528525253423,0.8448513057202919,0.9943197965621948,0.0,4.028129335140418
2026-04-10 17:37:02,1983,256,1,v8_6_phase_2_0_retry,480,220.85542252748,180,success,110.84990692138672,14.410670280456543,0.40629085898399353,37.90312957763672,48.5619010925293,11.50149154663086,31.79850196838379,38.284600241417564,-11.702872590882881,-22.12886351454668,0.7849429242181722,0.9795509576797485,0.0,2.023769555885717
2026-04-10 17:37:05,1983,257,1,v8_6_phase_2_0_retry,480,203.31219000325385,181,success,106.29914855957031,14.993217468261719,0.40629085898399353,34.9605712890625,48.5619010925293,14.449569702148438,25.47465705871582,30.102460502565417,-29.552544897014766,42.773318601679904,0.8651298829595535,0.9671821594238281,0.0,3.616132347424922
2026-04-10 17:37:08,1983,258,1,v8_6_phase_2_0_retry,480,217.5115755294466,179,success,109.69449615478516,14.567347526550293,0.40629085898399353,37.30631637573242,48.5619010925293,12.094230651855469,31.763938903808594,34.457450589068074,24.593047210472832,24.19902042744397,0.8245465900757276,0.9980786442756653,0.0,5.159475135072633
2026-04-10 17:37:11,1983,259,1,v8_6_phase_2_0_retry,480,235.9965105690079,180,success,106.55780792236328,14.542163848876953,0.40629085898399353,35.22233200073242,48.5619010925293,14.199844360351562,22.671567916870117,25.91010917303181,26.187927117522076,-27.140497742570613,0.8994806963651522,0.9405319094657898,0.0,4.067825481730772
2026-04-10 17:37:14,1983,260,1,v8_6_phase_2_0_retry,480,213.82703176353573,178,success,107.63658142089844,14.606971740722656,0.40629085898399353,36.018062591552734,48.5619010925293,13.390754699707031,28.96952247619629,18.209142600828716,2.3801437677178465,12.686774147427911,0.9499222006204444,0.9753289222717285,0.0,5.039292747503822
2026-04-10 17:37:17,1984,261,1,v8_6_phase_2_0_retry,480,218.28892991788473,170,success,103.77462768554688,14.732222557067871,0.40629085898399353,36.03422546386719,48.5619010925293,13.376575469970703,28.984479904174805,19.59053299253816,19.833634793024547,-13.256413631754269,0.9421128667414388,0.9687989950180054,0.0,1.7311391588937493
2026-04-10 17:37:19,1984,262,1,v8_6_phase_2_0_retry,480,214.04014725320278,172,success,104.66409301757812,14.641021728515625,0.40629085898399353,36.56437683105469,48.5619010925293,12.844375610351562,30.605939865112305,28.92810851252469,0.3345502161079086,20.164963854567283,0.8752273300430028,0.9799697995185852,0.0,6.3174283114097145
2026-04-10 17:37:22,1984,263,1,v8_6_phase_2_0_retry,480,214.84269138113058,177,success,105.607421875,14.801214218139648,0.40629085898399353,35.596900939941406,48.5619010925293,13.813419342041016,26.322647094726562,34.602025203229736,-32.976143067537805,-40.86843006858213,0.8231162967515356,0.9706764221191406,0.0,4.700536721628269
2026-04-10 17:37:24,1984,264,1,v8_6_phase_2_0_retry,480,213.2867631682369,176,success,105.52689361572266,14.881782531738281,0.40629085898399353,35.62345886230469,48.5619010925293,13.779067993164062,28.19156837463379,30.02949359166217,6.32926907269954,-41.85596955463384,0.8657679089155319,0.9903216361999512,0.0,3.435900283815388
2026-04-10 17:37:27,1984,265,1,v8_6_phase_2_0_retry,480,221.8122578520854,174,success,104.0026626586914,14.808649063110352,0.40629085898399353,35.438690185546875,48.5619010925293,13.974800109863281,27.518404006958008,35.02785334703418,-34.78633444288795,44.206968478276416,0.8188731132949415,0.9625847339630127,0.0,4.929478199026267
2026-04-10 17:37:30,1984,266,1,v8_6_phase_2_0_retry,480,206.37917416907706,174,success,105.96106719970703,14.564556121826172,0.40629085898399353,37.39316940307617,48.5619010925293,12.01043701171875,29.478832244873047,37.56715034081026,-37.74886069348928,-25.8238541290983,0.792639330519424,0.9867732524871826,0.0,4.0556173763060235
2026-04-10 17:37:33,1984,267,1,v8_6_phase_2_0_retry,480,204.3338790579317,184,success,110.11116790771484,14.412276268005371,0.40629085898399353,37.56590270996094,48.5619010925293,11.8448486328125,31.84050178527832,32.435437972082916,-3.7009990465871163,-17.54853011939967,0.8439963501705716,0.9679521322250366,0.0,2.2456288815146235
2026-04-10 17:37:36,1985,268,1,v8_6_phase_2_0_retry,480,211.75260664420867,184,success,110.79098510742188,14.745481491088867,0.40629085898399353,36.38946533203125,48.5619010925293,13.014598846435547,28.06822395324707,24.175913897481816,19.107336382347487,-13.293720978774523,0.9122923597518002,0.9910805225372314,0.0,3.812885322957825
2026-04-10 17:37:41,1985,269,1,v8_6_phase_2_0_retry,480,-334.3201356902619,329,high_altitude,110.4610824584961,108.50312805175781,0.40629085898399353,135.76388549804688,48.5619010925293,-86.35265350341797,-49.40691375732422,136.66972204650233,175.64891496046974,19.248019496229535,-0.727410235360988,0.9612239003181458,0.0,0.5397935730435314
2026-04-10 17:37:43,1985,270,1,v8_6_phase_2_0_retry,480,229.32710283991094,172,success,103.22013092041016,14.966931343078613,0.40629085898399353,35.46420669555664,48.5619010925293,13.942596435546875,25.0977725982666,31.561139607375434,-20.644719756963564,38.57678890392154,0.8520821273575246,0.981685996055603,0.0,3.087990190629329
2026-04-10 17:37:46,1985,271,1,v8_6_phase_2_0_retry,480,222.5937813904428,184,success,105.92571258544922,14.865471839904785,0.40629085898399353,34.81024932861328,48.5619010925293,14.589096069335938,21.347909927368164,11.632861444342959,-0.9983841189063963,30.74569356765137,0.9794597621792469,0.9998512268066406,0.0,1.3964838053345427
2026-04-10 17:37:49,1985,272,1,v8_6_phase_2_0_retry,480,210.183714908527,179,success,107.1380386352539,14.51563835144043,0.40629085898399353,36.17034149169922,48.5619010925293,13.236808776855469,28.48564910888672,34.70969289021123,5.02909304531613,-41.774215605363366,0.8220477226281283,0.9827048778533936,0.0,2.770257366742787
2026-04-10 17:37:54,1986,273,1,v8_6_phase_2_0_retry,480,-320.15009484986115,327,high_altitude,108.59113311767578,101.32030487060547,0.40629085898399353,135.23846435546875,48.5619010925293,-85.8051986694336,-48.05892562866211,144.12348016698056,142.13616832607366,48.56290113088453,-0.810281871460039,0.8957718014717102,0.0,0.5527895288718353
2026-04-10 17:37:57,1986,274,1,v8_6_phase_2_0_retry,480,214.37311074161755,182,success,107.6493148803711,14.484542846679688,0.40629085898399353,35.83185577392578,48.5619010925293,13.567436218261719,28.322311401367188,19.17975346302255,11.807689527659543,-11.02395264115726,0.9444925224632601,0.9994523525238037,0.0,0.3701781191913199
2026-04-10 17:38:00,1986,275,1,v8_6_phase_2_0_retry,480,214.53685595902678,175,success,106.68733978271484,14.999534606933594,0.40629085898399353,36.338417053222656,48.5619010925293,13.06320571899414,30.404428482055664,22.34474359609598,8.177502040405711,-1.1453656276985453,0.9249131102311468,0.9922879338264465,0.0,1.4701939765636218
2026-04-10 17:38:02,1986,276,1,v8_6_phase_2_0_retry,480,215.90182399259623,181,success,106.57219696044922,14.890132904052734,0.40629085898399353,36.16674041748047,48.5619010925293,13.237064361572266,27.95063018798828,22.60193949193469,-15.128747775720475,12.117121002723216,0.9231972079875147,0.9897785782814026,0.0,4.865435389519448
2026-04-10 17:38:05,1986,277,1,v8_6_phase_2_0_retry,480,228.90507026906562,183,success,110.7303695678711,14.684100151062012,0.40629085898399353,37.31403350830078,48.5619010925293,12.088447570800781,31.080446243286133,31.226193960667178,6.2467334936559284,14.035607588684845,0.8551273439287432,0.9928359985351562,0.0,3.2534002316669786
2026-04-10 17:38:08,1986,278,1,v8_6_phase_2_0_retry,480,226.1315307478626,178,success,107.77734375,14.900278091430664,0.40629085898399353,35.840179443359375,48.5619010925293,13.564224243164062,28.45842933654785,31.43709312676425,31.281395549539223,-35.403264449480176,0.8532133182548528,0.9892839789390564,0.0,2.6247305233442306
2026-04-10 17:38:11,1986,279,1,v8_6_phase_2_0_retry,480,231.43265300993474,176,success,107.5830078125,14.812630653381348,0.40629085898399353,36.62474822998047,48.5619010925293,12.776302337646484,29.544105529785156,30.553802818014443,0.7838462762507091,-21.985803494833473,0.8611521836667231,0.9966950416564941,0.0,4.51678969983619
2026-04-10 17:38:14,1987,280,1,v8_6_phase_2_0_retry,480,217.54024731920958,171,success,102.23493194580078,14.544873237609863,0.40629085898399353,35.976219177246094,48.5619010925293,13.429248809814453,28.172435760498047,12.00780894769904,9.916749948394221,-0.6004592188521576,0.9781192549804598,0.9829474687576294,0.0,4.5694617803427064
2026-04-10 17:38:16,1987,281,1,v8_6_phase_2_0_retry,480,220.67681931167633,173,success,105.40564727783203,14.86286735534668,0.40629085898399353,35.70836639404297,48.5619010925293,13.695068359375,29.22488021850586,20.48460304734554,-1.9537448762308824,15.90913616198216,0.9367662657871771,0.9892014265060425,0.0,2.512524544351223
2026-04-10 17:38:19,1987,282,1,v8_6_phase_2_0_retry,480,210.35278163395105,184,success,110.58104705810547,14.840121269226074,0.40629085898399353,37.40532302856445,48.5619010925293,11.996444702148438,30.742475509643555,34.48059810016525,-29.468147664535504,17.505260871007636,0.8243179418314184,0.9950891137123108,0.0,3.584093200483024
2026-04-10 17:38:22,1987,283,1,v8_6_phase_2_0_retry,480,212.57300729237602,183,success,108.5360336303711,14.948681831359863,0.40629085898399353,36.372005462646484,48.5619010925293,13.03232192993164,26.699113845825195,22.771405022979167,-6.832279634785598,8.000528423916096,0.9220564366948766,0.9898180365562439,0.0,5.301956605573087
2026-04-10 17:38:27,1987,284,1,v8_6_phase_2_0_retry,480,-289.6263129640241,334,high_altitude,110.68482208251953,102.97696685791016,0.40629085898399353,135.22268676757812,48.5619010925293,-85.68753814697266,-39.00206756591797,94.27996296294823,100.41236634697414,3.7500359628463995,-0.07462999437298073,0.6144320368766785,0.0,0.9523697206900437
2026-04-10 17:38:32,1988,285,1,v8_6_phase_2_0_retry,480,-319.51510593447904,341,high_altitude,110.18663787841797,92.95539855957031,0.40629085898399353,135.2327117919922,48.5619010925293,-85.40062713623047,-33.599464416503906,81.94296792555856,79.373259514503,-93.29632009981802,0.14015874218823018,-0.17688283324241638,0.0,1.5234164049098182
2026-04-10 17:38:35,1988,286,1,v8_6_phase_2_0_retry,480,209.43838836329033,179,success,104.01062774658203,14.587056159973145,0.40629085898399353,36.091182708740234,48.5619010925293,13.3193359375,21.544803619384766,31.803648888951322,-32.44016787808315,-26.283133124362884,0.849859132017032,0.9624099731445312,0.0,0.6117643481385937
2026-04-10 17:38:40,1988,287,1,v8_6_phase_2_0_retry,480,-301.87402907642615,330,high_altitude,109.63792419433594,99.15158081054688,0.40629085898399353,135.05966186523438,48.5619010925293,-85.64531707763672,-47.05282211303711,143.5986894122918,142.95972521543712,-20.572440987619196,-0.8048802232398119,0.9550179243087769,0.0,3.7617505613102384
2026-04-10 17:38:43,1988,288,1,v8_6_phase_2_0_retry,480,226.09772272266702,176,success,102.28305053710938,14.7328462600708,0.40629085898399353,35.228275299072266,48.5619010925293,14.179195404052734,20.878341674804688,10.347104800071092,5.415658700450403,-10.23202891916107,0.983737706089818,0.9829477667808533,0.0,4.107113784740995
2026-04-10 17:38:46,1988,289,1,v8_6_phase_2_0_retry,480,231.13665939262717,180,success,104.40774536132812,14.861837387084961,0.40629085898399353,34.75539016723633,48.5619010925293,14.65554428100586,21.80398941040039,16.077983560906752,-9.616318101335686,18.96095518315036,0.9608856439718363,0.9633676409721375,0.0,1.0982521754033494
2026-04-10 17:38:49,1988,290,1,v8_6_phase_2_0_retry,480,219.25338222719324,174,success,104.13600158691406,14.9562349319458,0.40629085898399353,35.54761505126953,48.5619010925293,13.853775024414062,27.653745651245117,20.654316172747432,2.3552616020149015,16.181215040022327,0.9357255706787937,0.9971997737884521,0.0,4.653781333945708
2026-04-10 17:38:51,1989,291,1,v8_6_phase_2_0_retry,480,216.6159188421704,177,success,103.406005859375,14.649192810058594,0.40629085898399353,35.344825744628906,48.5619010925293,14.066749572753906,27.192169189453125,5.167745885467388,-2.996370264825567,-4.471962625567829,0.995935261564042,0.9707998633384705,0.0,3.5267444446647103
2026-04-10 17:38:54,1989,292,1,v8_6_phase_2_0_retry,480,213.53386844993068,173,success,106.38929748535156,14.185174942016602,0.40629085898399353,37.2499885559082,48.5619010925293,12.158702850341797,30.83245277404785,40.19664681276552,-12.266781546495597,-32.430632934001814,0.763833802194081,0.9755474925041199,0.0,2.721293377472146
2026-04-10 17:38:57,1989,293,1,v8_6_phase_2_0_retry,480,236.08860282602708,178,success,109.38059997558594,14.926935195922852,0.40629085898399353,35.841312408447266,48.5619010925293,13.566303253173828,30.143516540527344,15.58053746856014,15.921124851522825,8.578432437138167,0.9632538593258078,0.9740291833877563,0.0,3.601927672032423
2026-04-10 17:38:59,1989,294,1,v8_6_phase_2_0_retry,480,216.05026227900268,175,success,106.38957977294922,14.71496295928955,0.40629085898399353,36.42731475830078,48.5619010925293,12.978958129882812,27.413631439208984,38.39587426828083,-23.477018205754845,41.157681749743,0.783738182656528,0.9830390810966492,0.0,5.328613892766993
2026-04-10 17:39:02,1989,295,1,v8_6_phase_2_0_retry,480,221.60776897093086,172,success,105.10881042480469,14.682293891906738,0.40629085898399353,36.06778335571289,48.5619010925293,13.334548950195312,29.353687286376953,24.954179802458917,-5.858191352530583,20.96867733684456,0.9066454706393627,0.9921215176582336,0.0,4.9092547184424875
2026-04-10 17:39:05,1989,296,1,v8_6_phase_2_0_retry,480,211.4897575575162,183,success,111.29266357421875,14.527344703674316,0.40629085898399353,37.377296447753906,48.5619010925293,12.029151916503906,31.03299331665039,40.2167412293037,-22.13927955303095,-28.493107424664917,0.763607400027243,0.9786874651908875,0.0,1.9530995637583768
2026-04-10 17:39:08,1990,297,1,v8_6_phase_2_0_retry,480,209.6320277536126,172,success,104.60346984863281,14.721518516540527,0.40629085898399353,36.646114349365234,48.5619010925293,12.762741088867188,27.57708740234375,30.253503305871078,-28.635673963210593,19.9838374830623,0.863804700721672,0.9733294248580933,0.0,4.335191799240543
2026-04-10 17:39:10,1990,298,1,v8_6_phase_2_0_retry,480,219.02250296557247,178,success,106.09651947021484,14.537781715393066,0.40629085898399353,36.239501953125,48.5619010925293,13.160362243652344,28.023780822753906,25.106740615307615,3.3762623982539144,21.7485978551481,0.9055188874085596,0.999587893486023,0.0,6.008174122376141
2026-04-10 17:39:13,1990,299,1,v8_6_phase_2_0_retry,480,216.2524459343931,168,success,105.00027465820312,14.798482894897461,0.40629085898399353,36.56138229370117,48.5619010925293,12.841819763183594,31.42252540588379,32.39705572404203,27.95748569749981,-25.711294319123784,0.8443554590845942,0.9905074238777161,0.0,3.0352279299969287
2026-04-10 17:39:16,1990,300,1,v8_6_phase_2_0_retry,480,207.66462630394705,179,success,105.73502349853516,14.999080657958984,0.40629085898399353,36.018863677978516,48.5619010925293,13.386817932128906,26.1014347076416,32.90106904327561,-15.518089048978712,28.834063637842785,0.8396097296628421,0.9817999601364136,0.0,2.2577814406109096
2026-04-10 17:39:19,1990,301,1,v8_6_phase_2_0_retry,480,219.52253265519096,180,success,107.73861694335938,14.509258270263672,0.40629085898399353,36.685791015625,48.5619010925293,12.725883483886719,30.763874053955078,23.044697967144305,1.6694119984894793,13.53988185023543,0.9201997535906801,0.9646567106246948,0.0,1.97638917670457
2026-04-10 17:39:21,1990,302,1,v8_6_phase_2_0_retry,480,229.2788351357121,176,success,104.36737060546875,14.476473808288574,0.40629085898399353,36.15095901489258,48.5619010925293,13.25439453125,26.289060592651367,13.335583208197532,11.12765625709921,4.6421624019480845,0.9730358140692367,0.9800952076911926,0.0,3.4238818310630834
2026-04-10 17:39:24,1990,303,1,v8_6_phase_2_0_retry,480,225.45298757273233,174,success,107.6590805053711,14.810751914978027,0.40629085898399353,36.934757232666016,48.5619010925293,12.465965270996094,30.916231155395508,32.44348735001978,-10.538291186449857,-20.733527584099363,0.8439209911759689,0.994094729423523,0.0,1.2478708553701443
2026-04-10 17:39:27,1991,304,1,v8_6_phase_2_0_retry,480,233.1994608263253,178,success,108.70905303955078,14.809286117553711,0.40629085898399353,35.838375091552734,48.5619010925293,13.583587646484375,28.684965133666992,8.67110871266513,-1.7852023812197073,-6.239880252597467,0.9885700341147641,0.9315503239631653,0.0,3.281207110725203
2026-04-10 17:39:32,1991,305,1,v8_6_phase_2_0_retry,480,-345.11582658568693,341,high_altitude,110.5834732055664,115.1261978149414,0.40629085898399353,135.72805786132812,48.5619010925293,-86.2922592163086,-52.83928680419922,164.2000289302893,-169.37852809483124,86.57665705095441,-0.9622181310113016,0.8897178173065186,0.0,0.9677914075970256
2026-04-10 17:39:35,1991,306,1,v8_6_phase_2_0_retry,480,226.4101439706035,170,success,105.85956573486328,14.75362777709961,0.40629085898399353,36.988433837890625,48.5619010925293,12.412487030029297,32.917781829833984,29.336960221147066,25.706258762158193,12.269146499495713,0.8717534013754734,0.9952638745307922,0.0,3.735761884401161
2026-04-10 17:39:38,1991,307,1,v8_6_phase_2_0_retry,480,219.71744011838325,187,success,109.94514465332031,14.812426567077637,0.40629085898399353,36.28048324584961,48.5619010925293,13.123771667480469,24.702146530151367,24.512538063178603,1.5913926685911277,14.885138833688217,0.9098705015665874,0.9905412793159485,0.0,5.459568708932282
2026-04-10 17:39:40,1991,308,1,v8_6_phase_2_0_retry,480,218.21154374916975,178,success,103.16134643554688,14.903824806213379,0.40629085898399353,34.87714385986328,48.5619010925293,14.533145904541016,21.546756744384766,24.996723343251634,-24.70296544478585,-36.94020044670562,0.9063319544373768,0.9734526872634888,0.0,3.283343791475
2026-04-10 17:39:43,1991,309,1,v8_6_phase_2_0_retry,480,219.70333649903344,168,success,104.03008270263672,14.662548065185547,0.40629085898399353,36.55720901489258,48.5619010925293,12.843448638916016,30.898330688476562,29.73749958954954,5.508581289674311,-25.908485295556638,0.8683070550274768,0.998469889163971,0.0,5.234723732251318
2026-04-10 17:39:46,1992,310,1,v8_6_phase_2_0_retry,480,234.01455387231476,174,success,106.08625030517578,14.671978950500488,0.40629085898399353,36.23967742919922,48.5619010925293,13.174835205078125,25.14730453491211,18.188245637063062,-15.071734479171086,11.259338035428824,0.9500361077709867,0.9521594047546387,0.0,1.102861929636371
2026-04-10 17:39:49,1992,311,1,v8_6_phase_2_0_retry,480,205.90500806017786,185,success,111.37128448486328,14.76746940612793,0.40629085898399353,37.70612716674805,48.5619010925293,11.694908142089844,27.542236328125,33.59993058405673,-26.953318115913707,1.0050731152596601,0.8329219111636947,0.9975100159645081,0.0,5.045573716523753
2026-04-10 17:39:52,1992,312,1,v8_6_phase_2_0_retry,480,223.8260676526141,177,success,108.90840148925781,14.87216567993164,0.40629085898399353,37.163230895996094,48.5619010925293,12.242668151855469,30.80570411682129,28.630619623224785,15.655633690937137,-12.677255425045853,0.8777270307980449,0.980572521686554,0.0,4.28261436427829
2026-04-10 17:39:54,1992,313,1,v8_6_phase_2_0_retry,480,213.7426686900173,183,success,108.80972290039062,14.503846168518066,0.40629085898399353,36.385807037353516,48.5619010925293,13.020591735839844,28.47126579284668,21.91046480074094,1.0353319204998745,-14.113703971654772,0.9277681139845501,0.9814049005508423,0.0,4.661362379510976
2026-04-10 17:39:59,1992,314,1,v8_6_phase_2_0_retry,480,-358.549733350015,328,wrong_way,110.16180419921875,119.24720764160156,0.40629085898399353,134.38449096679688,48.5619010925293,-84.83429718017578,-57.57408142089844,169.1898509491988,169.99641432790727,-175.13139152705787,-0.9822540436506384,0.5763260722160339,0.0,1.7882753043481725
2026-04-10 17:40:02,1992,315,1,v8_6_phase_2_0_retry,480,210.83387511346706,183,success,110.84712982177734,14.899201393127441,0.40629085898399353,37.881046295166016,48.5619010925293,11.520538330078125,30.999221801757812,39.10060635665358,-31.964175409919548,21.007416462269582,0.7760397326314431,0.996448278427124,0.0,6.090420956855982
2026-04-10 17:40:05,1993,316,1,v8_6_phase_2_0_retry,480,213.24298815137695,177,success,107.20643615722656,14.587709426879883,0.40629085898399353,36.494625091552734,48.5619010925293,12.90951156616211,29.309080123901367,31.62263180047306,-27.1412524784739,-26.626995583032592,0.851519893567039,0.9866054654121399,0.0,4.521161120170426
2026-04-10 17:40:08,1993,317,1,v8_6_phase_2_0_retry,480,230.06139381831935,182,success,104.83374786376953,14.686270713806152,0.40629085898399353,35.381717681884766,48.5619010925293,14.025615692138672,19.22246551513672,22.498557748657376,-22.740337907539367,-24.104669901796704,0.9238891651391752,0.9751052260398865,0.0,1.5502949338779284
2026-04-10 17:40:10,1993,318,1,v8_6_phase_2_0_retry,480,231.10845813457178,180,success,109.83842468261719,14.67567253112793,0.40629085898399353,36.644927978515625,48.5619010925293,12.760570526123047,27.544052124023438,19.66647615837224,-2.3685204932977775,6.034711615214039,0.9416676185600148,0.9801051020622253,0.0,1.4382365949704652
2026-04-10 17:40:13,1993,319,1,v8_6_phase_2_0_retry,480,216.1683330026365,175,success,105.79600524902344,14.511174201965332,0.40629085898399353,36.29336929321289,48.5619010925293,13.115058898925781,29.11625862121582,13.349109544075096,13.359400931607013,-1.300674951357938,0.9729813343476384,0.9778493642807007,0.0,3.1483173955582298
2026-04-10 17:40:16,1993,320,1,v8_6_phase_2_0_retry,480,215.1526535366957,174,success,106.08198547363281,14.100396156311035,0.40629085898399353,36.80278015136719,48.5619010925293,12.610435485839844,29.679214477539062,39.810662577484344,-21.203652919765926,-36.52719256797329,0.7681643877421469,0.9661135673522949,0.0,5.625904748358686
2026-04-10 17:40:19,1993,321,1,v8_6_phase_2_0_retry,480,220.86330056326943,179,success,105.29505920410156,14.664928436279297,0.40629085898399353,35.05847930908203,48.5619010925293,14.344520568847656,24.49203872680664,18.34221176133349,17.914059645663947,-36.63516419837285,0.9491938910129292,0.9923237562179565,0.0,2.3979468713489545
2026-04-10 17:40:22,1993,322,1,v8_6_phase_2_0_retry,480,193.95477375976316,188,success,110.28483581542969,14.49455738067627,0.40629085898399353,38.0413932800293,48.5619010925293,11.36102294921875,29.639659881591797,35.67520501618965,-34.13786603780318,-16.340911693006394,0.8123359806969259,0.9901506304740906,0.0,0.8911145343730559
2026-04-10 17:40:25,1994,323,1,v8_6_phase_2_0_retry,480,230.83954967082434,170,success,102.22789764404297,14.790436744689941,0.40629085898399353,35.209842681884766,48.5619010925293,14.19888687133789,26.27729034423828,24.14657823499661,24.338947097875433,29.225481288608705,0.9125019260156539,0.978028416633606,0.0,2.640812385711617
2026-04-10 17:40:27,1994,324,1,v8_6_phase_2_0_retry,480,223.42531337739297,182,success,109.27884674072266,14.77504825592041,0.40629085898399353,35.50741195678711,48.5619010925293,13.907703399658203,26.013954162597656,27.44671049098792,-25.293928779700984,-23.42458455104395,0.8874399114092417,0.9500073194503784,0.0,0.7895206143848496
2026-04-10 17:40:30,1994,325,1,v8_6_phase_2_0_retry,480,216.2816572840503,181,success,104.65524291992188,14.549341201782227,0.40629085898399353,36.29233932495117,48.5619010925293,13.110477447509766,23.013944625854492,22.121121495122473,-19.692357452684714,13.360180426946041,0.9263898767453664,0.9920971393585205,0.0,4.1164703929094735
2026-04-10 17:40:33,1994,326,1,v8_6_phase_2_0_retry,480,226.34367720219987,175,success,102.79035186767578,14.543083190917969,0.40629085898399353,35.10655212402344,48.5619010925293,14.294570922851562,23.525238037109375,12.96935956395885,-11.259107516544336,-23.87437982864597,0.9744902239874316,0.9934776425361633,0.0,3.848093519348801
2026-04-10 17:40:36,1994,327,1,v8_6_phase_2_0_retry,480,216.97996130761683,186,success,108.46686553955078,14.526488304138184,0.40629085898399353,36.475772857666016,48.5619010925293,12.928478240966797,25.3477783203125,22.736475435563722,-21.663503943373495,-12.43702059646358,0.9222922283960788,0.9903044700622559,0.0,5.977432009892156
2026-04-10 17:40:38,1994,328,1,v8_6_phase_2_0_retry,480,219.1805185844682,178,success,102.98197937011719,14.552186012268066,0.40629085898399353,35.05095672607422,48.5619010925293,14.349922180175781,24.102436065673828,10.750613593215228,5.894416968341038,-25.0319671193689,0.9824484001418861,0.9981146454811096,0.0,5.267263168282064
2026-04-10 17:40:41,1995,329,1,v8_6_phase_2_0_retry,480,210.72632117974558,182,success,110.46086883544922,14.994292259216309,0.40629085898399353,36.291259765625,48.5619010925293,13.110408782958984,29.673397064208984,31.488176111566773,31.15920005019311,27.911687571567583,0.8527479720234138,0.9952383041381836,0.0,2.796178217301033
2026-04-10 17:40:44,1995,330,1,v8_6_phase_2_0_retry,480,226.1233605233362,178,success,103.83524322509766,14.705801010131836,0.40629085898399353,35.32383728027344,48.5619010925293,14.090045928955078,20.156320571899414,6.600667066256819,-2.398656568576343,-5.8926351427413115,0.9933714273770086,0.9617225527763367,0.0,4.974458141875264
2026-04-10 17:40:47,1995,331,1,v8_6_phase_2_0_retry,480,219.7132508427668,171,success,102.43114471435547,14.904742240905762,0.40629085898399353,35.05135726928711,48.5619010925293,14.354804992675781,26.6147403717041,17.436064224526238,-10.39924390287403,-20.298075703754368,0.9540519114217058,0.9826708436012268,0.0,2.8416997715331136
2026-04-10 17:40:50,1995,332,1,v8_6_phase_2_0_retry,480,217.59851201346606,179,success,105.42464447021484,14.902463912963867,0.40629085898399353,35.369258880615234,48.5619010925293,14.031673431396484,27.81620216369629,20.060970809359254,-1.0294561435446652,-21.43508363450805,0.9393281310179616,0.9949565529823303,0.0,4.161410900523737
2026-04-10 17:40:53,1995,333,1,v8_6_phase_2_0_retry,480,226.08158841291186,174,success,106.41217803955078,14.61343765258789,0.40629085898399353,36.06673812866211,48.5619010925293,13.33892822265625,29.769880294799805,14.202673162009711,13.926191373275827,-0.4961634041648264,0.9694339039065609,0.9850670099258423,0.0,3.267769876682727
2026-04-10 17:40:56,1995,334,1,v8_6_phase_2_0_retry,480,210.93857930547142,177,success,106.66814422607422,14.942481994628906,0.40629085898399353,36.41365051269531,48.5619010925293,13.006202697753906,29.84276580810547,34.406705698629466,2.9840624773846156,22.59482584991412,0.8250473708555871,0.9421072006225586,0.0,4.110895641842197
2026-04-10 17:40:59,1995,335,1,v8_6_phase_2_0_retry,480,218.76438466102283,176,success,107.16124725341797,14.722742080688477,0.40629085898399353,35.81475067138672,48.5619010925293,13.596881866455078,28.041288375854492,36.09555876337433,3.6195810572464486,39.15250213396733,0.8080355525560494,0.969045102596283,0.0,4.615843075958824
2026-04-10 17:41:02,1996,336,1,v8_6_phase_2_0_retry,480,222.97109623876105,173,success,103.07646179199219,14.555880546569824,0.40629085898399353,35.90024948120117,48.5619010925293,13.501811981201172,25.649616241455078,21.90026732831011,7.581935157989987,-20.17540550626094,0.9278345136176446,0.9921104907989502,0.0,2.113755737561298
2026-04-10 17:41:05,1996,337,1,v8_6_phase_2_0_retry,480,225.31131015385486,182,success,110.01348876953125,14.82579231262207,0.40629085898399353,36.11509704589844,48.5619010925293,13.290515899658203,29.42071533203125,18.46587062870928,0.5070628386154329,9.244547489717307,0.9485124957848393,0.9805276989936829,0.0,1.7246893710199986
2026-04-10 17:41:08,1996,338,1,v8_6_phase_2_0_retry,480,209.8278593643633,184,success,110.07880401611328,14.953423500061035,0.40629085898399353,36.546165466308594,48.5619010925293,12.855335235595703,30.135690689086914,35.90754414609139,13.451421508973656,-44.28176246478264,0.8099644256653878,0.9958919882774353,0.0,2.5129376704628252
2026-04-10 17:41:10,1996,339,1,v8_6_phase_2_0_retry,480,244.10036683907924,175,success,103.65140533447266,14.697519302368164,0.40629085898399353,35.018035888671875,48.5619010925293,14.38302230834961,24.667118072509766,12.227516496504485,11.984444578095719,20.113940633919995,0.977314292107508,0.9953123927116394,0.0,3.685608502127865
2026-04-10 17:41:13,1996,340,1,v8_6_phase_2_0_retry,480,236.3493272173627,176,success,103.79041290283203,14.656500816345215,0.40629085898399353,35.26918029785156,48.5619010925293,14.139320373535156,26.074935913085938,6.015096592578232,3.4310238668113144,5.843615301954953,0.9944943191386202,0.9720100164413452,0.0,3.9185213575097837
2026-04-10 17:41:16,1996,341,1,v8_6_phase_2_0_retry,480,213.54698546321728,177,success,104.04570770263672,14.832327842712402,0.40629085898399353,35.558372497558594,48.5619010925293,13.851642608642578,26.5956974029541,22.818009111233458,-15.39367032305776,20.11894545503432,0.9217413028172375,0.9721524715423584,0.0,4.77660693859021
2026-04-10 17:41:19,1996,342,1,v8_6_phase_2_0_retry,480,213.03405197401182,174,success,108.5670394897461,14.806283950805664,0.40629085898399353,38.117530822753906,48.5619010925293,10.859981536865234,31.884201049804688,39.55507689874247,-17.44638634790942,-17.21056040643639,0.7710127820114685,0.9703883528709412,0.0,1.4174186705011684
2026-04-10 17:41:21,1997,343,1,v8_6_phase_2_0_retry,480,211.9785125754026,176,success,105.52854919433594,14.74909496307373,0.40629085898399353,36.4972038269043,48.5619010925293,12.90500259399414,27.287429809570312,34.44033755010261,-34.49801508254878,-32.099560004552956,0.8247155440286533,0.9903064370155334,0.0,3.8148930037355893
2026-04-10 17:41:24,1997,344,1,v8_6_phase_2_0_retry,480,198.8896615386902,182,success,105.50941467285156,14.506569862365723,0.40629085898399353,35.48323059082031,48.5619010925293,13.926200866699219,25.450841903686523,30.094650181249506,-18.99217768539378,-38.408482797488674,0.8651982438345698,0.9674215912818909,0.0,1.1543125471373046
2026-04-10 17:41:27,1997,345,1,v8_6_phase_2_0_retry,480,220.96580849344815,170,success,103.9670181274414,14.981208801269531,0.40629085898399353,35.432518005371094,48.5619010925293,13.981361389160156,28.14515495300293,31.838892665068588,0.5706123060354067,-30.540357590633274,0.8495347969485827,0.9644385576248169,0.0,3.289404314814504
2026-04-10 17:41:30,1997,346,1,v8_6_phase_2_0_retry,480,227.9974555454101,176,success,104.85704040527344,14.815311431884766,0.40629085898399353,36.0276985168457,48.5619010925293,13.39114761352539,28.882442474365234,6.45433623970482,4.975159737195593,1.0357778037866294,0.9936617611507179,0.9451815485954285,0.0,2.0260560418513704
2026-04-10 17:41:32,1997,347,1,v8_6_phase_2_0_retry,480,246.14143978918435,172,success,102.12097930908203,14.917411804199219,0.40629085898399353,34.519283294677734,48.5619010925293,14.885173797607422,22.11532211303711,11.660604818977903,11.627778929826823,33.754740236689656,0.9793620107419666,0.9885205030441284,0.0,5.032477164784334
2026-04-10 17:41:35,1997,348,1,v8_6_phase_2_0_retry,480,228.663227234059,174,success,105.74510955810547,14.984646797180176,0.40629085898399353,35.699684143066406,48.5619010925293,13.716773986816406,25.373050689697266,17.275373779017933,-15.758909566282314,11.813895608294146,0.9548885255995129,0.9475710391998291,0.0,1.341366726030662
2026-04-10 17:41:38,1997,349,1,v8_6_phase_2_0_retry,480,224.47440541245743,171,success,103.81504821777344,14.636387825012207,0.40629085898399353,36.27281188964844,48.5619010925293,13.141170501708984,29.778850555419922,18.970285221556598,-17.496175011864228,11.810909108079558,0.9456872948256735,0.9595154523849487,0.0,3.4100667102751268
2026-04-10 17:41:41,1998,350,1,v8_6_phase_2_0_retry,480,203.493554280858,179,success,107.59260559082031,13.220802307128906,0.40629085898399353,38.372520446777344,48.5619010925293,11.031547546386719,30.319284439086914,40.43839452824895,-34.587493975770535,37.25921467717482,0.7611038243539695,0.9904083013534546,0.0,3.993357134935271
2026-04-10 17:41:43,1998,351,1,v8_6_phase_2_0_retry,480,214.12742297929472,175,success,103.97184753417969,14.844731330871582,0.40629085898399353,35.44648361206055,48.5619010925293,13.958595275878906,28.520580291748047,11.309894241891612,7.005719055266555,3.221809409561712,0.9805808065543948,0.9877288937568665,0.0,5.942882764412278
2026-04-10 17:41:46,1998,352,1,v8_6_phase_2_0_retry,480,230.17143844175664,175,success,106.98587799072266,14.853982925415039,0.40629085898399353,36.295101165771484,48.5619010925293,13.110847473144531,31.095626831054688,29.967243247566675,22.421718120494734,-22.281817063272655,0.8663111188271977,0.9798711538314819,0.0,3.3594473748542053
2026-04-10 17:41:49,1998,353,1,v8_6_phase_2_0_retry,480,223.51321628803697,179,success,106.20391845703125,14.6654634475708,0.40629085898399353,35.3247184753418,48.5619010925293,14.076545715332031,25.627649307250977,19.247073515029488,14.691829112251222,28.093891405414134,0.9441058587038602,0.9948650598526001,0.0,1.9519176485591085
2026-04-10 17:41:54,1998,354,1,v8_6_phase_2_0_retry,480,-381.6860733721809,315,wrong_way,106.51071166992188,116.18983459472656,0.40629085898399353,119.72001647949219,48.5619010925293,-69.96257019042969,-59.52299499511719,141.89804061085033,142.6838538748603,-166.02929019380213,-0.7869139202366772,0.02043093740940094,0.0,1.6688873202040628
2026-04-10 17:41:56,1998,355,1,v8_6_phase_2_0_retry,480,221.34552876350722,182,success,108.4004135131836,14.474658966064453,0.40629085898399353,35.896568298339844,48.5619010925293,13.507282257080078,27.884899139404297,20.718296262250234,15.379511340908325,19.45825613397711,0.9353311080094963,0.9921961426734924,0.0,6.755106565739518
2026-04-10 17:41:59,1999,356,1,v8_6_phase_2_0_retry,480,244.97245347049477,170,success,104.01543426513672,14.605963706970215,0.40629085898399353,36.01392364501953,48.5619010925293,13.392776489257812,27.788589477539062,15.740993980089371,12.696205784898053,9.844323476209052,0.9624978908494303,0.9751251935958862,0.0,1.0748454043494127
2026-04-10 17:42:02,1999,357,1,v8_6_phase_2_0_retry,480,206.10422109622516,184,success,108.67281341552734,11.413575172424316,0.40629085898399353,39.591339111328125,48.5619010925293,9.814529418945312,29.808212280273438,40.006289440597264,-39.494858535925054,38.494454388571626,0.7659738787780624,0.9844574928283691,0.0,3.1799092344172597
2026-04-10 17:42:05,1999,358,1,v8_6_phase_2_0_retry,480,229.12505767469355,175,success,106.11939239501953,14.686224937438965,0.40629085898399353,35.943199157714844,48.5619010925293,13.469718933105469,29.026966094970703,19.192764973391423,-6.6250440114045945,-13.69391115375568,0.9444178903557352,0.9570813775062561,0.0,3.249371838668501
2026-04-10 17:42:07,1999,359,1,v8_6_phase_2_0_retry,480,210.4539275566213,177,success,111.30218505859375,14.639517784118652,0.40629085898399353,37.32697677612305,48.5619010925293,12.10519027709961,32.03812026977539,37.869475004042535,-22.678944752184705,-32.92958508306042,0.7894112404517915,0.905173659324646,0.0,3.791239839351261
2026-04-10 17:42:10,1999,360,1,v8_6_phase_2_0_retry,480,211.3144708221862,177,success,105.44095611572266,14.452739715576172,0.40629085898399353,35.93328094482422,48.5619010925293,13.042682647705078,27.954097747802734,27.90324716530074,0.6952064824406637,-22.574519697511672,0.8837391093434067,0.979777991771698,0.0,2.768421662130325
2026-04-10 17:42:13,1999,361,1,v8_6_phase_2_0_retry,480,220.59281788754623,179,success,104.54776763916016,9.67995548248291,0.40629085898399353,40.41455841064453,48.5619010925293,9.006389617919922,25.888629913330078,40.45782641643764,-35.8107159693227,-40.31923163289432,0.7608837974193835,0.9399150609970093,0.0,1.9712435096701526
2026-04-10 17:42:15,1999,362,1,v8_6_phase_2_0_retry,480,223.1069913946419,173,success,102.70390319824219,14.509353637695312,0.40629085898399353,35.18146514892578,48.5619010925293,13.797351837158203,27.771554946899414,21.195361070113528,-1.9129500773091002,-21.2300567235499,0.9323530769484357,0.973931074142456,0.0,3.3501287719150743
2026-04-10 17:42:18,2000,363,1,v8_6_phase_2_0_retry,480,255.08443707446236,176,success,103.53810119628906,14.795537948608398,0.40629085898399353,35.0940055847168,48.5619010925293,14.306270599365234,23.191478729248047,15.737141753397484,6.660499950272954,22.346749964164673,0.9625161285402382,0.9951563477516174,0.0,0.8090302294095769
2026-04-10 17:42:21,2000,364,1,v8_6_phase_2_0_retry,480,208.80562219881693,183,success,110.53608703613281,14.398674964904785,0.40629085898399353,36.66960525512695,48.5619010925293,12.73208236694336,30.418949127197266,31.044900249527533,30.136812938995995,31.8271140038449,0.8567634242521232,0.9963259696960449,0.0,3.579120020636753
2026-04-10 17:42:24,2000,365,1,v8_6_phase_2_0_retry,480,227.31696811080724,179,success,109.50985717773438,12.962647438049316,0.40629085898399353,37.89352035522461,48.5619010925293,11.519508361816406,30.000972747802734,40.20303645473407,39.39871337807337,-35.822764423018604,0.7637618208007941,0.9661545753479004,0.0,2.2702495511411387
2026-04-10 17:42:26,2000,366,1,v8_6_phase_2_0_retry,480,210.7497851625817,181,success,110.44532012939453,14.554417610168457,0.40629085898399353,36.64814758300781,48.5619010925293,12.769123077392578,30.400707244873047,28.60835320653054,28.14764157908755,-18.486069205632297,0.8779131771533578,0.9565497636795044,0.0,4.973335850531102
2026-04-10 17:42:29,2000,367,1,v8_6_phase_2_0_retry,480,219.62877552589816,179,success,108.51394653320312,14.874570846557617,0.40629085898399353,35.68621063232422,48.5619010925293,13.716758728027344,29.617664337158203,28.405378767417982,28.20549498890485,36.69000378721888,0.8796039187209986,0.9935700297355652,0.0,3.395154262387842
2026-04-10 17:42:32,2000,368,1,v8_6_phase_2_0_retry,480,213.4485973810908,173,success,107.30400848388672,13.94184398651123,0.40629085898399353,37.29707336425781,48.5619010925293,12.111351013183594,31.399229049682617,39.789673406164894,39.855212486345756,36.68490846609805,0.7683988800462093,0.9798244833946228,0.0,4.976881573117394
2026-04-10 17:42:38,2001,369,1,v8_6_phase_2_0_retry,480,-377.6436674078807,331,high_altitude,108.92156219482422,115.87940979003906,0.40629085898399353,135.33563232421875,48.5619010925293,-85.89514923095703,-55.24796676635742,163.51254306957085,-163.98021978241997,-99.48311228020474,-0.9588818879240921,0.8770843744277954,0.0,1.5995929403458364
2026-04-10 17:42:41,2001,370,1,v8_6_phase_2_0_retry,480,200.94166483230734,181,success,108.84883880615234,14.885581016540527,0.40629085898399353,37.41150665283203,48.5619010925293,12.003238677978516,31.71990394592285,33.40823107971657,-25.529718862680873,17.121544258530907,0.8347687728928899,0.9589433670043945,0.0,2.1705957726623684
2026-04-10 17:42:44,2001,371,1,v8_6_phase_2_0_retry,480,219.2555686317049,177,success,108.8326416015625,14.419281959533691,0.40629085898399353,36.958251953125,48.5619010925293,12.454181671142578,29.13547706604004,33.20309659327899,-25.628794171686494,-21.470156655896066,0.8367347187727431,0.9565370678901672,0.0,2.5251342803615024
2026-04-10 17:42:47,2001,372,1,v8_6_phase_2_0_retry,480,201.57731308679547,181,success,110.84136199951172,14.82467269897461,0.40629085898399353,38.362754821777344,48.5619010925293,11.03958511352539,30.990873336791992,36.30463768405759,-35.04181425369769,0.2990395823653363,0.8058803603706882,0.9952861666679382,0.0,4.4250325793081595
2026-04-10 17:42:49,2001,373,1,v8_6_phase_2_0_retry,480,222.7878686402076,179,success,107.70796966552734,14.544342994689941,0.40629085898399353,36.078914642333984,48.5619010925293,13.33144760131836,27.870330810546875,33.110585096065755,29.756917817359888,31.492916262850763,0.8376178128395317,0.9729785919189453,0.0,2.9842974960806004
2026-04-10 17:42:52,2001,374,1,v8_6_phase_2_0_retry,480,209.3710309848097,175,success,105.67977905273438,14.546896934509277,0.40629085898399353,36.676700592041016,48.5619010925293,12.727241516113281,30.33856201171875,34.94834994509523,-23.014966153687237,34.898076337709355,0.8196687696141083,0.9915467500686646,0.0,6.938792087862891
2026-04-10 17:42:55,2002,375,1,v8_6_phase_2_0_retry,480,208.42574609702837,177,success,108.92095947265625,14.719072341918945,0.40629085898399353,37.04307556152344,48.5619010925293,12.357627868652344,31.771339416503906,34.30180423826182,19.545463989299833,28.302289014727688,0.8260805487082905,0.9983922243118286,0.0,2.868363843765306
2026-04-10 17:42:58,2002,376,1,v8_6_phase_2_0_retry,480,209.503781256815,176,success,107.35665893554688,14.883271217346191,0.40629085898399353,36.98484420776367,48.5619010925293,12.416419982910156,29.119709014892578,35.47433939798333,-30.73232347235107,-26.46026383520341,0.8143755114830544,0.9947082996368408,0.0,2.3475528895881443
2026-04-10 17:43:01,2002,377,1,v8_6_phase_2_0_retry,480,232.24494913039806,175,success,103.24559783935547,14.502531051635742,0.40629085898399353,35.13689422607422,48.5619010925293,14.265457153320312,25.17469596862793,14.10632480603022,7.932142008624989,-26.132606000339557,0.9698451170335736,0.9918240308761597,0.0,2.0298378709183234
2026-04-10 17:43:03,2002,378,1,v8_6_phase_2_0_retry,480,221.0926021947572,175,success,105.32868957519531,14.475288391113281,0.40629085898399353,36.12636184692383,48.5619010925293,13.274337768554688,29.4613037109375,26.06947285429384,8.39058772081083,28.653937889051207,0.8982618475251668,0.9959052205085754,0.0,4.297215101885795
2026-04-10 17:43:06,2002,379,1,v8_6_phase_2_0_retry,480,223.0686940277383,172,success,103.810546875,14.950180053710938,0.40629085898399353,35.87331008911133,48.5619010925293,13.540351867675781,29.40340232849121,14.968777915169607,3.7075534668693897,-8.61653293987579,0.966066720658939,0.9638924598693848,0.0,3.0440498950888415
2026-04-10 17:43:09,2002,380,1,v8_6_phase_2_0_retry,480,205.11761665044025,178,success,108.4980239868164,14.701008796691895,0.40629085898399353,37.172508239746094,48.5619010925293,12.23343276977539,30.359107971191406,25.076839754668594,-12.96400213432862,8.633508521284211,0.9057401959900626,0.9804714918136597,0.0,2.0066858782217905
2026-04-10 17:43:11,2002,381,1,v8_6_phase_2_0_retry,480,222.6318041103493,179,success,104.99626159667969,14.560216903686523,0.40629085898399353,35.353050231933594,48.5619010925293,14.049819946289062,25.17771339416504,13.412976935456593,-1.6134969750142873,-15.400988870753428,0.9727233646184742,0.988502562046051,0.0,1.5370933345516664
2026-04-10 17:43:14,2003,382,1,v8_6_phase_2_0_retry,480,224.1282925183924,179,success,106.96249389648438,14.718260765075684,0.40629085898399353,35.66239547729492,48.5619010925293,13.748306274414062,27.442474365234375,7.245813011197197,7.250144204904632,-0.9737771884826618,0.9920141692402498,0.9712967872619629,0.0,2.7418690052010386
2026-04-10 17:43:17,2003,383,1,v8_6_phase_2_0_retry,480,239.2869442681709,174,success,107.4596176147461,14.984248161315918,0.40629085898399353,36.782859802246094,48.5619010925293,12.619117736816406,31.894960403442383,24.87335305136828,23.046050344599966,-2.6265970566525936,0.9072397302575772,0.9904415607452393,0.0,1.3611650972367433
2026-04-10 17:43:20,2003,384,1,v8_6_phase_2_0_retry,480,207.25223552749492,184,success,109.29730987548828,14.682777404785156,0.40629085898399353,37.65104293823242,48.5619010925293,11.761425018310547,25.89391326904297,23.625965848532605,-17.087497473065685,-5.001545184846176,0.9161812014689165,0.9682759046554565,0.0,5.680110493083726
2026-04-10 17:43:23,2003,385,1,v8_6_phase_2_0_retry,480,205.59235249477612,178,success,108.90316772460938,14.352654457092285,0.40629085898399353,37.925132751464844,48.5619010925293,11.475238800048828,31.19077491760254,40.006508006650705,-0.09278741284332243,-36.280714946489624,0.7659714264115899,0.9979056119918823,0.0,2.0358693815971143
2026-04-10 17:43:28,2003,386,1,v8_6_phase_2_0_retry,480,-328.09120720308704,330,high_altitude,109.86553955078125,110.42582702636719,0.40629085898399353,135.78762817382812,48.5619010925293,-86.38468170166016,-51.33774185180664,151.20130467554128,-155.48414747384112,-43.24408939022304,-0.8763176497736392,0.9853309392929077,0.0,1.3434407668660049
2026-04-10 17:43:31,2003,387,1,v8_6_phase_2_0_retry,480,221.52846030380255,185,success,110.84285736083984,11.24334716796875,0.40629085898399353,39.24927520751953,48.5619010925293,10.167522430419922,30.466115951538086,40.47403445533808,27.99149833201918,-35.81875851707039,0.760700207129779,0.9542807340621948,0.0,2.335691648514042
2026-04-10 17:43:34,2004,388,1,v8_6_phase_2_0_retry,480,206.3400964059459,180,success,106.40885925292969,14.629611015319824,0.40629085898399353,37.24767303466797,48.5619010925293,12.194869995117188,30.58421516418457,28.29678558980395,-22.18138937681137,-32.022337885796794,0.8805039494398694,0.8822342753410339,0.0,4.009325012398315
2026-04-10 17:43:37,2004,389,1,v8_6_phase_2_0_retry,480,217.10179965880374,177,success,102.38672637939453,14.565174102783203,0.40629085898399353,35.72400665283203,48.5619010925293,13.695781707763672,23.44485855102539,23.539297578154315,-23.865500582724952,-19.072388011911826,0.9167863678326275,0.9467208385467529,0.0,2.6089138752597303
2026-04-10 17:43:40,2004,390,1,v8_6_phase_2_0_retry,480,235.27486931963162,173,success,106.31112670898438,14.600667953491211,0.40629085898399353,36.66762161254883,48.5619010925293,12.733722686767578,30.58523941040039,30.123466749357792,30.108723786034318,-23.040700598932553,0.8649459432349756,0.9940629601478577,0.0,1.084021494087984
2026-04-10 17:43:43,2004,391,1,v8_6_phase_2_0_retry,480,234.34783593018395,180,success,103.8748550415039,14.85178279876709,0.40629085898399353,34.60926055908203,48.5619010925293,14.796642303466797,19.78934669494629,6.667327578122028,4.377748276817143,7.1303328684656755,0.9932370185347005,0.982996940612793,0.0,4.521346997671596
2026-04-10 17:43:46,2004,392,1,v8_6_phase_2_0_retry,480,224.56739415538811,181,success,108.80938720703125,11.329568862915039,0.40629085898399353,39.5179328918457,48.5619010925293,9.894824981689453,29.760757446289062,39.89676052706694,39.25766314152343,-32.56684739661938,0.7672014178104513,0.968377947807312,0.0,4.775714454898512
2026-04-10 17:43:49,2004,393,1,v8_6_phase_2_0_retry,480,206.30969413130413,175,success,105.02301788330078,14.876493453979492,0.40629085898399353,38.00345993041992,48.5619010925293,11.400611877441406,27.580257415771484,31.51389518888646,-27.957309820128682,-7.238980260706246,0.8525134246036132,0.9847270250320435,0.0,0.734732990716778
2026-04-10 17:43:52,2004,394,1,v8_6_phase_2_0_retry,480,230.42693067185877,179,success,106.48340606689453,14.50706672668457,0.40629085898399353,35.844085693359375,48.5619010925293,13.561225891113281,27.854076385498047,13.923296226841387,8.168540832214655,-9.024905681482622,0.9706187256134351,0.9845358729362488,0.0,2.4684117247558124
2026-04-10 17:43:55,2005,395,1,v8_6_phase_2_0_retry,480,225.1268031331714,171,success,101.89498901367188,14.712213516235352,0.40629085898399353,35.027000427246094,48.5619010925293,14.394309997558594,24.722328186035156,21.357115317585063,-21.787980725902393,-20.93343868336917,0.9313286576153449,0.9327616691589355,0.0,3.197735016729397
2026-04-10 17:43:57,2005,396,1,v8_6_phase_2_0_retry,480,241.81863149234636,172,success,105.48751068115234,14.833306312561035,0.40629085898399353,35.62590026855469,48.5619010925293,13.78011703491211,29.323131561279297,14.176802112980996,14.421584140003205,-9.242974838660912,0.9695445903667911,0.9794420599937439,0.0,1.6134957537790413
2026-04-10 17:44:00,2005,397,1,v8_6_phase_2_0_retry,480,200.87620131769654,185,success,109.30723571777344,10.823445320129395,0.40629085898399353,41.57028579711914,48.5619010925293,7.830776214599609,29.304716110229492,40.25298562813437,-38.08066103808474,6.392891004157739,0.7631987998452558,0.997799277305603,0.0,4.905724037324951
2026-04-10 17:44:03,2005,398,1,v8_6_phase_2_0_retry,480,211.785677127136,174,success,104.7426528930664,14.531716346740723,0.40629085898399353,36.18938064575195,48.5619010925293,13.214092254638672,29.037002563476562,29.933396245134677,11.220527193017519,31.27339739802114,0.866606045931314,0.9900449514389038,0.0,4.621855022276241
2026-04-10 17:44:05,2005,399,1,v8_6_phase_2_0_retry,480,229.41241267762192,179,success,106.84992218017578,14.561098098754883,0.40629085898399353,35.328819274902344,48.5619010925293,14.073760986328125,26.689594268798828,19.30261832090732,19.215325088219974,31.127484066782156,0.9437858466450313,0.9935365915298462,0.0,4.7997095547479605
2026-04-10 17:44:08,2005,400,1,v8_6_phase_2_0_retry,480,214.09097245538752,186,success,110.84850311279297,12.19784927368164,0.40629085898399353,38.62056350708008,48.5619010925293,10.787193298339844,28.242801666259766,40.48681032418059,-4.303841361129374,-41.45771146941414,0.7605554505150346,0.9746109247207642,0.0,1.43887599262962
2026-04-10 17:44:11,2006,401,1,v8_6_phase_2_0_retry,480,213.92565143740575,173,success,102.2204818725586,14.472709655761719,0.40629085898399353,36.13566207885742,48.5619010925293,13.284175872802734,28.10270881652832,18.482403101595295,-17.076254981691843,-13.015126954039813,0.9484210622960232,0.9433571100234985,0.0,4.315967966999325
2026-04-10 17:44:14,2006,402,1,v8_6_phase_2_0_retry,480,219.5550923495963,168,success,102.7052993774414,14.609667778015137,0.40629085898399353,36.18684387207031,48.5619010925293,13.225292205810547,29.208486557006836,33.312543544539274,-29.07952014604553,27.526826902404874,0.8356871458867181,0.9653012752532959,0.0,2.4228764059122723
2026-04-10 17:44:16,2006,403,1,v8_6_phase_2_0_retry,480,225.02562856861869,175,success,109.5186996459961,14.949881553649902,0.40629085898399353,37.28327178955078,48.5619010925293,12.126945495605469,31.916301727294922,21.37943296069808,13.534994849884285,2.2514764506897347,0.931186732976641,0.967271089553833,0.0,3.951376163074937
2026-04-10 17:44:19,2006,404,1,v8_6_phase_2_0_retry,480,223.49489068571427,174,success,104.7388916015625,14.482183456420898,0.40629085898399353,36.887535095214844,48.5619010925293,12.514171600341797,27.336166381835938,32.42809551872515,-2.4926931189651977,-25.47840023635198,0.8440650763465163,0.9919916987419128,0.0,1.553982646262398
2026-04-10 17:44:22,2006,405,1,v8_6_phase_2_0_retry,480,222.99378380467382,173,success,104.43803405761719,14.459892272949219,0.40629085898399353,36.37013244628906,48.5619010925293,13.031913757324219,30.358844757080078,26.707407400131153,10.191227076606706,-22.36083381423324,0.8933132913196639,0.9905582070350647,0.0,3.764894363483798
2026-04-10 17:44:26,2006,406,1,v8_6_phase_2_0_retry,480,-371.2283002817047,317,high_altitude,106.21994018554688,107.80888366699219,0.40629085898399353,135.2061004638672,48.5619010925293,-85.6825942993164,-50.5912971496582,135.15598820188742,149.9579097182755,114.79602756915814,-0.7090292619238752,0.6482734084129333,0.0,1.23812639524304
2026-04-10 17:44:29,2007,407,1,v8_6_phase_2_0_retry,480,228.077870906492,169,success,103.04254150390625,13.686427116394043,0.40629085898399353,36.907108306884766,48.5619010925293,12.51047134399414,29.523408889770508,39.950869285671786,19.19415662443481,38.06908386744157,0.7665953471191139,0.9550610184669495,0.0,4.71637524460763
2026-04-10 17:44:32,2007,408,1,v8_6_phase_2_0_retry,480,224.98233326931285,171,success,101.85647583007812,14.864266395568848,0.40629085898399353,35.241756439208984,48.5619010925293,14.16244888305664,25.596847534179688,26.58580783479012,-19.009336828136146,-43.51945529680127,0.8942651193386234,0.9878480434417725,0.0,2.5018039727929056
2026-04-10 17:44:34,2007,409,1,v8_6_phase_2_0_retry,480,210.55327531035024,179,success,105.87547302246094,14.737874984741211,0.40629085898399353,36.14943313598633,48.5619010925293,13.254402160644531,29.22694206237793,27.910149071457038,15.599484413317754,23.473563837582113,0.8836827296109718,0.9877414107322693,0.0,1.5345903143997737
2026-04-10 17:44:37,2007,410,1,v8_6_phase_2_0_retry,480,217.99028931260608,177,success,104.18612670898438,14.774038314819336,0.40629085898399353,34.944889068603516,48.5619010925293,14.464408874511719,23.58289337158203,22.90705087234833,5.9270490508744205,38.65663381531899,0.9211375126324757,0.9790899157524109,0.0,6.252905299974201
2026-04-10 17:44:40,2007,411,1,v8_6_phase_2_0_retry,480,203.1056445241258,183,success,108.82361602783203,12.768659591674805,0.40629085898399353,38.47901153564453,48.5619010925293,10.926437377929688,29.30975914001465,40.37518454257507,-40.11614961830234,40.59483659609351,0.7618189442431748,0.9860814809799194,0.0,5.595119593803105
2026-04-10 17:44:43,2007,412,1,v8_6_phase_2_0_retry,480,202.344354040347,178,success,107.0848617553711,14.575050354003906,0.40629085898399353,37.216373443603516,48.5619010925293,12.185836791992188,30.164974212646484,28.741080857576815,-27.12569843018649,-7.4773000749999765,0.8768016198374105,0.9956369400024414,0.0,5.07311519049681
2026-04-10 17:44:45,2007,413,1,v8_6_phase_2_0_retry,480,224.58075777667833,175,success,108.28226470947266,14.891148567199707,0.40629085898399353,38.012264251708984,48.5619010925293,11.390342712402344,32.042537689208984,35.72353543475666,-18.52967996348283,13.462872321117182,0.8118437566798301,0.9894723296165466,0.0,1.589530388492959
2026-04-10 17:44:48,2008,414,1,v8_6_phase_2_0_retry,480,248.301870737047,169,success,102.48411560058594,14.660436630249023,0.40629085898399353,35.629947662353516,48.5619010925293,13.770225524902344,28.01666259765625,20.187337846740952,13.026511171838932,20.914944238644072,0.9385693094534486,0.9953658580780029,0.0,3.0008175144934897
2026-04-10 17:44:51,2008,415,1,v8_6_phase_2_0_retry,480,208.33995984641334,181,success,109.54468536376953,14.690926551818848,0.40629085898399353,36.37367248535156,48.5619010925293,13.028526306152344,29.212356567382812,28.86971722531025,-5.579912797158162,23.984540534674522,0.8757198359399052,0.9935645461082458,0.0,5.414395917413803
2026-04-10 17:44:54,2008,416,1,v8_6_phase_2_0_retry,480,213.67018788514002,167,success,102.62849426269531,14.719585418701172,0.40629085898399353,36.2963981628418,48.5619010925293,13.114933013916016,30.333118438720703,23.25824895418663,13.729808920485974,-15.106208151459434,0.918734368797098,0.9699044823646545,0.0,4.414447586712254
2026-04-10 17:44:56,2008,417,1,v8_6_phase_2_0_retry,480,234.07628149004734,174,success,107.1526870727539,14.796152114868164,0.40629085898399353,37.01952362060547,48.5619010925293,12.385005950927734,28.788150787353516,30.99375237792789,22.089023021117995,-17.352684690233307,0.8572234561692846,0.9865868091583252,0.0,1.6543335013501208
2026-04-10 17:44:59,2008,418,1,v8_6_phase_2_0_retry,480,229.53147058083945,175,success,105.31230926513672,14.877102851867676,0.40629085898399353,35.75960922241211,48.5619010925293,13.662555694580078,28.188125610351562,15.115485255899603,3.1381235839731882,-11.102392241132979,0.9654021894033803,0.9335935115814209,0.0,1.6525951996985455
2026-04-10 17:45:01,2008,419,1,v8_6_phase_2_0_retry,480,221.47295121006263,172,success,106.17086029052734,14.535591125488281,0.40629085898399353,36.64738082885742,48.5619010925293,12.754379272460938,31.239408493041992,33.707796346524155,32.645257968291126,-41.59978623433958,0.8318786156840774,0.9959316849708557,0.0,6.023076811385522
2026-04-10 17:45:04,2008,420,1,v8_6_phase_2_0_retry,480,239.07775525061157,170,success,103.4391098022461,14.828873634338379,0.40629085898399353,36.21488571166992,48.5619010925293,13.20370864868164,26.70197868347168,13.25099899928974,-8.042542625048137,7.234796769839613,0.9733752620141654,0.941914975643158,0.0,1.4639996444426502
2026-04-10 17:45:07,2009,421,1,v8_6_phase_2_0_retry,480,228.6211428608505,170,success,104.07367706298828,14.461633682250977,0.40629085898399353,36.37934112548828,48.5619010925293,13.024921417236328,29.300537109375,23.369657877286,10.71847243052844,-16.304127709231288,0.9179648145705818,0.9880572557449341,0.0,2.730451384082201
2026-04-10 17:45:10,2009,422,1,v8_6_phase_2_0_retry,480,223.2748703459552,179,success,105.21331787109375,14.458609580993652,0.40629085898399353,35.72406005859375,48.5619010925293,13.67867660522461,27.035314559936523,21.113494422721757,-5.5696828813287755,-23.410176266989808,0.9328687217436816,0.9892406463623047,0.0,1.6819115288685618
2026-04-10 17:45:12,2009,423,1,v8_6_phase_2_0_retry,480,222.67769777607415,179,success,106.10565185546875,14.641581535339355,0.40629085898399353,36.13605880737305,48.5619010925293,13.263893127441406,24.80385971069336,23.1899248643717,-18.42753448444529,12.397917763465257,0.9192045974796043,0.9985891580581665,0.0,1.7239605700001526
2026-04-10 17:45:15,2009,424,1,v8_6_phase_2_0_retry,480,222.54239261796735,180,success,105.904541015625,14.712072372436523,0.40629085898399353,35.809906005859375,48.5619010925293,13.602729797363281,24.399003982543945,13.19415901879054,2.4781238985787373,-8.681687821915835,0.9736021768959463,0.9679216146469116,0.0,3.578869855415719
2026-04-10 17:45:18,2009,425,1,v8_6_phase_2_0_retry,480,218.82697050827403,175,success,105.5735855102539,14.47337818145752,0.40629085898399353,36.04524612426758,48.5619010925293,13.364143371582031,28.178604125976562,35.38783163705053,-20.891462048277567,-43.04138986622457,0.8152508039203865,0.97480309009552,0.0,5.273774788375914
2026-04-10 17:45:20,2009,426,1,v8_6_phase_2_0_retry,480,214.99069790088782,177,success,104.99408721923828,14.763808250427246,0.40629085898399353,36.45900344848633,48.5619010925293,12.948657989501953,27.858497619628906,21.113806903876284,-9.398541788518061,9.763074107163519,0.9328667571718959,0.9809001684188843,0.0,4.71564054711965
2026-04-10 17:45:23,2009,427,1,v8_6_phase_2_0_retry,480,221.7556680168232,178,success,102.49986267089844,14.77252197265625,0.40629085898399353,34.76679229736328,48.5619010925293,14.644268035888672,23.40223503112793,6.021578442100574,-2.9124193425198825,-4.594605502304578,0.9944824578655517,0.9755007028579712,0.0,4.4093993995019325
2026-04-10 17:45:26,2010,428,1,v8_6_phase_2_0_retry,480,246.77375172045862,174,success,104.8086929321289,14.787312507629395,0.40629085898399353,35.67382049560547,48.5619010925293,13.775127410888672,16.829425811767578,20.847584913049403,-16.88164240167067,33.089691547394686,0.9345304329375596,0.8552719354629517,0.0,2.9952252814473104
2026-04-10 17:45:31,2010,429,1,v8_6_phase_2_0_retry,480,-333.7812158078922,330,high_altitude,111.04754638671875,111.85954284667969,0.40629085898399353,135.7127685546875,48.5619010925293,-86.3106918334961,-50.78068923950195,147.83376186753654,-152.38464860962435,-38.56537907291304,-0.8465070196105968,0.9894387125968933,0.0,2.0575734806565964
2026-04-10 17:45:36,2010,430,1,v8_6_phase_2_0_retry,480,-335.65203467834806,322,high_altitude,109.16316223144531,111.53804016113281,0.40629085898399353,135.1995391845703,48.5619010925293,-85.76403045654297,-52.67011260986328,153.68215232549497,-159.6148682989464,-71.0166391782083,-0.8963483699124597,0.889197826385498,0.0,1.6634190657637737
2026-04-10 17:45:38,2010,431,1,v8_6_phase_2_0_retry,480,211.3107946707709,176,success,106.48059844970703,14.476676940917969,0.40629085898399353,37.36318588256836,48.5619010925293,12.038536071777344,29.182077407836914,32.88150396639811,-25.243709813828467,-19.100552296954373,0.8397951665579804,0.9961984157562256,0.0,6.40072730775812
2026-04-10 17:45:41,2010,432,1,v8_6_phase_2_0_retry,480,212.63529538238595,178,success,108.39862823486328,14.666484832763672,0.40629085898399353,37.47998809814453,48.5619010925293,11.944137573242188,32.13911819458008,21.335829033036717,9.249579631588315,-9.228651078197748,0.9314638918736922,0.9354432821273804,0.0,2.8165978496866226
2026-04-10 17:45:44,2011,433,1,v8_6_phase_2_0_retry,480,232.43566355982364,172,success,106.76528930664062,14.838357925415039,0.40629085898399353,36.40642547607422,48.5619010925293,12.995830535888672,30.838144302368164,21.917199367262572,18.132243208510836,-7.005810835933527,0.9277242465394697,0.9897347688674927,0.0,3.346582043166915
2026-04-10 17:45:46,2011,434,1,v8_6_phase_2_0_retry,480,228.62024955110832,168,success,103.96243286132812,14.791626930236816,0.40629085898399353,36.54187774658203,48.5619010925293,12.859481811523438,30.842864990234375,31.284841379975493,11.120894369820897,-26.04598041864358,0.8545962482706023,0.9957807064056396,0.0,2.9390651707263182
2026-04-10 17:45:49,2011,435,1,v8_6_phase_2_0_retry,480,223.87961699704022,174,success,105.82171630859375,14.46931266784668,0.40629085898399353,36.61598587036133,48.5619010925293,12.789501190185547,27.911231994628906,34.02765069026127,16.73111869274193,31.30490164556782,0.828767611998053,0.9868820309638977,0.0,5.168169907478145
2026-04-10 17:45:54,2011,436,1,v8_6_phase_2_0_retry,480,-327.08837834776534,334,high_altitude,106.53340911865234,114.68191528320312,0.40629085898399353,135.29214477539062,48.5619010925293,-85.82062530517578,-49.161773681640625,119.97725880936808,162.23054388311613,76.68538883080622,-0.4996562276489884,0.7922512292861938,0.0,0.7454516491220302
2026-04-10 17:45:57,2011,437,1,v8_6_phase_2_0_retry,480,227.5414835959245,175,success,105.06124114990234,14.962130546569824,0.40629085898399353,34.989830017089844,48.5619010925293,14.418567657470703,26.013381958007812,17.79975984499837,18.017106709671932,20.579400950383437,0.9521306740542681,0.9807990789413452,0.0,6.502767563214932
2026-04-10 17:46:00,2011,438,1,v8_6_phase_2_0_retry,480,223.33613386609954,177,success,109.63432312011719,14.610493659973145,0.40629085898399353,37.94647216796875,48.5619010925293,11.462265014648438,29.039907455444336,29.49912940261068,-11.022497810864047,10.922748874451536,0.8703631781124562,0.9696266651153564,0.0,1.218004320510711
2026-04-10 17:46:03,2012,439,1,v8_6_phase_2_0_retry,480,204.36218708820516,175,success,104.14930725097656,14.594217300415039,0.40629085898399353,36.46527862548828,48.5619010925293,12.936492919921875,28.508853912353516,22.518211617994087,-19.09066730567807,1.855522273654456,0.9237578488826705,0.9960291385650635,0.0,6.131219098548686
2026-04-10 17:46:05,2012,440,1,v8_6_phase_2_0_retry,480,216.84002536532626,178,success,108.6709976196289,14.853670120239258,0.40629085898399353,36.35808563232422,48.5619010925293,13.047924041748047,28.39569664001465,38.822658638569074,25.988366065447227,-43.10165262527159,0.779090102335491,0.9837441444396973,0.0,4.932789287252899
2026-04-10 17:46:08,2012,441,1,v8_6_phase_2_0_retry,480,222.412799963589,176,success,109.08597564697266,14.580351829528809,0.40629085898399353,37.45457458496094,48.5619010925293,11.946857452392578,31.82472801208496,38.293650242067834,31.254044057007906,-31.65714133125455,0.7848450522182352,0.9958481788635254,0.0,2.736437086679475
2026-04-10 17:46:10,2012,442,1,v8_6_phase_2_0_retry,480,231.9500140840421,177,success,108.04112243652344,14.899468421936035,0.40629085898399353,36.72956085205078,48.5619010925293,12.681095123291016,29.857179641723633,19.512721769966085,19.766439391969964,-6.52533306791934,0.9425673504588274,0.9676021337509155,0.0,4.2535010128873765
2026-04-10 17:46:13,2012,443,1,v8_6_phase_2_0_retry,480,214.14142256392356,178,success,102.4181137084961,14.650766372680664,0.40629085898399353,35.355262756347656,48.5619010925293,14.052215576171875,23.15550422668457,17.58600907492282,-17.633161285858005,-18.962874466307134,0.9532644743845495,0.9792608618736267,0.0,5.1882637407347385
2026-04-10 17:46:16,2012,444,1,v8_6_phase_2_0_retry,480,236.0202024688129,179,success,103.93709564208984,14.984715461730957,0.40629085898399353,34.577880859375,48.5619010925293,14.823894500732422,20.86981964111328,9.165746743489224,5.8777991180903975,18.499254885825007,0.987231670771547,0.9932021498680115,0.0,4.166392941168433
2026-04-10 17:46:18,2012,445,1,v8_6_phase_2_0_retry,480,218.81623705743453,171,success,102.05817413330078,14.758668899536133,0.40629085898399353,35.861488342285156,48.5619010925293,13.545921325683594,23.629337310791016,35.52506721294902,-35.0818084263827,-43.19625416037085,0.813861379770033,0.977411687374115,0.0,2.2680070203032012
2026-04-10 17:46:21,2013,446,1,v8_6_phase_2_0_retry,480,217.23799720593894,178,success,105.15351104736328,14.771774291992188,0.40629085898399353,35.4620475769043,48.5619010925293,13.937347412109375,26.05196189880371,19.30972513273872,7.275671183153908,16.42140205728041,0.9437448379336776,0.9999985694885254,0.0,4.386776663377729
2026-04-10 17:46:24,2013,447,1,v8_6_phase_2_0_retry,480,207.8231864537238,183,success,110.93251037597656,14.751221656799316,0.40629085898399353,37.35580825805664,48.5619010925293,12.048961639404297,28.1108341217041,31.424416295664706,-25.702691695864154,15.09523032991593,0.853328694260351,0.9855206608772278,0.0,4.727867007730136
2026-04-10 17:46:27,2013,448,1,v8_6_phase_2_0_retry,480,233.51530881236056,171,success,102.87419891357422,14.473528861999512,0.40629085898399353,35.808170318603516,48.5619010925293,13.594894409179688,26.035560607910156,20.855968970255596,-17.932835835692313,-20.350618641491984,0.9344783467526846,0.9856580495834351,0.0,2.9362714262726435
2026-04-10 17:46:30,2013,449,1,v8_6_phase_2_0_retry,480,235.24685383798393,181,success,109.94574737548828,14.470648765563965,0.40629085898399353,36.25120544433594,48.5619010925293,13.15096664428711,29.486980438232422,23.268183464334413,22.40376838335594,17.804689534031827,0.9186658874493642,0.9899452924728394,0.0,1.0286992599011624
2026-04-10 17:46:32,2013,450,1,v8_6_phase_2_0_retry,480,235.0180973174092,176,success,106.77751922607422,14.603839874267578,0.40629085898399353,35.59733200073242,48.5619010925293,13.811164855957031,27.37265968322754,6.576976128233807,-0.6148487732469348,3.484281839977666,0.9934188720124097,0.9718263149261475,0.0,1.6105131301913849
2026-04-10 17:46:35,2013,451,1,v8_6_phase_2_0_retry,480,190.2864999189807,179,success,104.95257568359375,14.695582389831543,0.40629085898399353,36.92413330078125,48.5619010925293,12.482379913330078,28.70220947265625,23.51316868948443,-23.06255891182389,-9.254444433824656,0.9169684028784247,0.9794175624847412,0.0,3.1263723825025522
2026-04-10 17:46:38,2013,452,1,v8_6_phase_2_0_retry,480,232.84441183942448,180,success,109.5713882446289,14.3756103515625,0.40629085898399353,37.07923126220703,48.5619010925293,12.324108123779297,31.640989303588867,21.298561813377837,18.707842032888028,2.242612572694351,0.9317003452945231,0.9852346181869507,0.0,0.9573196673849221
2026-04-10 17:46:41,2014,453,1,v8_6_phase_2_0_retry,480,207.04361728085445,181,success,106.6948471069336,14.896624565124512,0.40629085898399353,35.94587707519531,48.5619010925293,13.456573486328125,27.867822647094727,32.387855459230025,-17.226051275473978,36.19255427977768,0.84444148157257,0.9898723363876343,0.0,1.6883545642456779
2026-04-10 17:46:43,2014,454,1,v8_6_phase_2_0_retry,480,223.3885098681386,172,success,105.63426971435547,14.804157257080078,0.40629085898399353,35.89133071899414,48.5619010925293,13.51778793334961,29.522676467895508,33.74449836802922,27.493818305693495,34.010930387173076,0.8315229552076383,0.9778820276260376,0.0,3.3727538170021973
2026-04-10 17:46:46,2014,455,1,v8_6_phase_2_0_retry,480,219.20544523959217,175,success,103.60628509521484,14.591468811035156,0.40629085898399353,35.980411529541016,48.5619010925293,13.421627044677734,24.187150955200195,20.12590200270398,-19.25187855311059,-13.716164763845228,0.9389387961022241,0.9940578937530518,0.0,5.050899673303243
2026-04-10 17:46:48,2014,456,1,v8_6_phase_2_0_retry,480,226.21708360495415,172,success,102.85932922363281,14.99072265625,0.40629085898399353,35.146541595458984,48.5619010925293,14.267646789550781,24.046764373779297,31.38821970815822,8.557769407351586,-36.17257939154998,0.8536579013559049,0.9654623866081238,0.0,3.069692568632075
2026-04-10 17:46:51,2014,457,1,v8_6_phase_2_0_retry,480,224.71412643627556,171,success,103.48206329345703,14.885085105895996,0.40629085898399353,35.8555908203125,48.5619010925293,13.549652099609375,28.275114059448242,34.508735064451116,-12.093783953876574,-44.44614804263192,0.8240398272223385,0.9846290349960327,0.0,4.982490257079026
2026-04-10 17:46:54,2014,458,1,v8_6_phase_2_0_retry,480,211.54329844496922,178,success,106.68080139160156,14.979464530944824,0.40629085898399353,36.72100830078125,48.5619010925293,12.678997039794922,27.178293228149414,31.145655785068975,-30.980354961870912,17.728389490813615,0.855855216430071,0.9979385137557983,0.0,4.088196000780161
2026-04-10 17:46:57,2015,459,1,v8_6_phase_2_0_retry,480,222.71616284267918,179,success,105.24171447753906,14.809814453125,0.40629085898399353,35.879249572753906,48.5619010925293,13.525062561035156,23.15496253967285,21.011169651218502,-6.532069341988266,14.926263402680863,0.9335105459327869,0.9891976714134216,0.0,5.081971989911309
2026-04-10 17:47:00,2015,460,1,v8_6_phase_2_0_retry,480,215.51019234860905,176,success,103.27288055419922,14.738631248474121,0.40629085898399353,35.369117736816406,48.5619010925293,14.03912353515625,27.10672378540039,8.148856227026677,1.6517346151438401,5.887410474913075,0.9899031510423375,0.9776981472969055,0.0,5.072034885621034
2026-04-10 17:47:02,2015,461,1,v8_6_phase_2_0_retry,480,228.94615676305517,173,success,108.0291976928711,14.531815528869629,0.40629085898399353,38.22079086303711,48.5619010925293,11.182403564453125,33.65534210205078,33.44155557267706,30.665114410918143,-9.873581445292448,0.8344483901864175,0.988798975944519,0.0,4.247185566732936
2026-04-10 17:47:05,2015,462,1,v8_6_phase_2_0_retry,480,206.56705404936216,185,success,110.8875961303711,13.795965194702148,0.40629085898399353,37.81189727783203,48.5619010925293,11.591361999511719,29.705018997192383,40.48431389003895,-19.397411101303344,37.696872708621726,0.7605837392632131,0.9889090061187744,0.0,3.308389516474889
2026-04-10 17:47:08,2015,463,1,v8_6_phase_2_0_retry,480,219.4419249330084,181,success,107.75009155273438,14.483125686645508,0.40629085898399353,36.17609405517578,48.5619010925293,13.228622436523438,28.721439361572266,25.28316781666363,2.32759250568718,21.12898358421205,0.9042080585649528,0.9818854331970215,0.0,3.4042544648240174
2026-04-10 17:47:10,2015,464,1,v8_6_phase_2_0_retry,480,241.16690895000286,172,success,106.6791763305664,14.39472770690918,0.40629085898399353,36.2794303894043,48.5619010925293,13.127120971679688,30.255220413208008,14.28196226676345,0.896129570285547,-7.161513962687253,0.969093443080208,0.9750950336456299,0.0,0.8734957275616143
2026-04-10 17:47:13,2015,465,1,v8_6_phase_2_0_retry,480,227.06312129345594,167,success,104.11844635009766,14.840579986572266,0.40629085898399353,36.94933319091797,48.5619010925293,12.451972961425781,31.688156127929688,33.358678057288124,22.54456419535929,22.494526229499776,0.8352446549982968,0.9954423308372498,0.0,4.185452128080582
2026-04-10 17:47:16,2016,466,1,v8_6_phase_2_0_retry,480,232.17855299294803,172,success,106.45855712890625,14.70429515838623,0.40629085898399353,36.747711181640625,48.5619010925293,12.657089233398438,32.353973388671875,27.158473092918793,24.791472743598167,15.610282942395544,0.8897474356636174,0.9820348024368286,0.0,3.649473673109893
2026-04-10 17:47:18,2016,467,1,v8_6_phase_2_0_retry,480,207.67226693953842,181,success,110.02714538574219,14.744769096374512,0.40629085898399353,36.68996047973633,48.5619010925293,12.29068374633789,30.33823013305664,33.72972808394907,-20.98155736607191,19.66444246954687,0.831666127493571,0.9622527360916138,0.0,1.498176555934779
2026-04-10 17:47:21,2016,468,1,v8_6_phase_2_0_retry,480,232.11877214707656,186,success,108.25409698486328,6.160201072692871,0.40629085898399353,44.31352996826172,48.5619010925293,5.091548919677734,26.734315872192383,39.46957659071225,25.690988166721336,-29.29232835001562,0.7719622249154328,0.9859443306922913,0.0,1.8045393542514896
2026-04-10 17:47:24,2016,469,1,v8_6_phase_2_0_retry,480,214.74659062382025,177,success,108.6434326171875,12.017782211303711,0.40629085898399353,39.5212516784668,48.5619010925293,9.890548706054688,32.16865158081055,39.30617456010345,40.255533288694785,25.070598669314492,0.773771948054309,0.9700969457626343,0.0,2.4923932939945814
2026-04-10 17:47:29,2016,470,1,v8_6_phase_2_0_retry,480,-329.1247879586806,325,high_altitude,107.59246063232422,109.14708709716797,0.40629085898399353,135.35137939453125,48.5619010925293,-85.79195404052734,-45.19416046142578,98.8254128744567,118.24867453422125,57.47676586570932,-0.153424138389113,0.5487015247344971,0.0,1.1374455366608511
2026-04-10 17:47:34,2017,471,1,v8_6_phase_2_0_retry,480,-392.2325825043923,336,high_altitude,111.24295806884766,122.2836685180664,0.40629085898399353,135.11581420898438,48.5619010925293,-85.26860809326172,-55.32439041137695,123.25503927130052,122.79867335171694,-178.6944826510001,-0.5483667803355082,-0.21680746972560883,0.0,1.6827064280367934
2026-04-10 17:47:37,2017,472,1,v8_6_phase_2_0_retry,480,211.6059332412218,178,success,109.0203628540039,14.684440612792969,0.40629085898399353,37.29288864135742,48.5619010925293,12.108489990234375,29.562915802001953,36.33193453507555,21.252999328971974,-28.158679164786292,0.8055981909710627,0.9970945119857788,0.0,3.714361092864342
2026-04-10 17:47:40,2017,473,1,v8_6_phase_2_0_retry,480,212.30715139747142,183,success,109.44668579101562,14.850919723510742,0.40629085898399353,36.72187805175781,48.5619010925293,12.685131072998047,29.644990921020508,21.9575760305411,-9.654431410678004,9.012290322085608,0.9274609733155866,0.973728597164154,0.0,0.8305164722071219
2026-04-10 17:47:42,2017,474,1,v8_6_phase_2_0_retry,480,220.05517436666545,167,success,102.96247863769531,14.96889877319336,0.40629085898399353,36.050662994384766,48.5619010925293,13.35892105102539,29.447280883789062,37.55003730184479,-25.62926886983381,34.328377089227764,0.7928213969285567,0.9734419584274292,0.0,2.4664939567381086
2026-04-10 17:47:45,2017,475,1,v8_6_phase_2_0_retry,480,216.5335810129558,178,success,107.9916000366211,14.971640586853027,0.40629085898399353,35.77659606933594,48.5619010925293,13.633541107177734,29.37234115600586,10.219792635262992,8.172625285338322,-0.21432337204770618,0.9841343759159218,0.9694792628288269,0.0,2.228582889084548
2026-04-10 17:47:47,2017,476,1,v8_6_phase_2_0_retry,480,237.8341749472861,173,success,104.58194732666016,14.824053764343262,0.40629085898399353,35.840667724609375,48.5619010925293,13.56002426147461,25.46169662475586,18.0887929601058,-1.0538772714786344,-3.0619742318035392,0.9505764816749679,0.9946678876876831,0.0,3.212824490116922
2026-04-10 17:47:50,2017,477,1,v8_6_phase_2_0_retry,480,218.67274190207124,169,success,102.98908996582031,14.510351181030273,0.40629085898399353,36.232147216796875,48.5619010925293,13.175025939941406,29.18695640563965,31.20274933634111,4.335760115781312,29.580818465084032,0.8553394016645258,0.9826452732086182,0.0,6.043038373493305
2026-04-10 17:47:53,2018,478,1,v8_6_phase_2_0_retry,480,212.38841666082968,180,success,106.68638610839844,14.876179695129395,0.40629085898399353,36.19475173950195,48.5619010925293,13.22000503540039,29.548036575317383,11.518270506864008,-9.701662168788642,-0.7788332375650371,0.979861080253429,0.9620831608772278,0.0,2.4017634893321294
2026-04-10 17:47:56,2018,479,1,v8_6_phase_2_0_retry,480,230.320572843687,173,success,107.66475677490234,14.5548734664917,0.40629085898399353,37.12912368774414,48.5619010925293,12.27219009399414,31.785560607910156,33.26555867323876,22.680204922086574,-23.605466743286105,0.836137235948212,0.9960358142852783,0.0,4.329818558676424
2026-04-10 17:47:58,2018,480,1,v8_6_phase_2_0_retry,480,241.54674714439412,174,success,106.54946899414062,14.940019607543945,0.40629085898399353,36.49403381347656,48.5619010925293,12.90835952758789,28.785369873046875,21.622615015907215,9.0394198334689,-2.05176278657562,0.9296311123162664,0.9884164929389954,0.0,3.0446997933597597
2026-04-10 17:48:01,2018,481,1,v8_6_phase_2_0_retry,480,219.95336976280146,173,success,104.9457778930664,14.729846954345703,0.40629085898399353,36.41460418701172,48.5619010925293,12.990890502929688,29.025806427001953,38.63035807758195,-38.114678795245986,40.35674303181604,0.7811898011211813,0.9818482995033264,0.0,4.2680109557814
2026-04-10 17:48:04,2018,482,1,v8_6_phase_2_0_retry,480,224.78258331709532,172,success,104.89295196533203,14.631793975830078,0.40629085898399353,36.08237838745117,48.5619010925293,13.319347381591797,28.626283645629883,18.569003070081887,13.831641918368987,6.3783593498117135,0.9479408278081783,0.9930508732795715,0.0,4.014511823556248
2026-04-10 17:48:06,2018,483,1,v8_6_phase_2_0_retry,480,211.31737969466954,172,success,108.30415344238281,14.888566970825195,0.40629085898399353,38.33497619628906,48.5619010925293,11.067314147949219,32.18657684326172,37.411585952274045,5.396192661315866,-11.644699015948236,0.7942917849951283,0.9923931360244751,0.0,4.944881381401735
2026-04-10 17:48:09,2018,484,1,v8_6_phase_2_0_retry,480,245.80452208383946,171,success,102.86251068115234,14.869482040405273,0.40629085898399353,35.360660552978516,48.5619010925293,14.045391082763672,27.704648971557617,8.365532025614284,5.5275107320721775,3.633753272887402,0.9893600345254858,0.9792807698249817,0.0,3.8286647483827414
2026-04-10 17:48:12,2019,485,1,v8_6_phase_2_0_retry,480,216.4308530283796,171,success,105.95772552490234,14.921540260314941,0.40629085898399353,36.61751174926758,48.5619010925293,12.789970397949219,30.407161712646484,19.844049123961526,18.656593415998127,-3.328250010370133,0.9406200684490568,0.9794532060623169,0.0,5.194627375663176
2026-04-10 17:48:14,2019,486,1,v8_6_phase_2_0_retry,480,224.1210010979069,176,success,110.08700561523438,14.836752891540527,0.40629085898399353,38.36168670654297,48.5619010925293,11.060344696044922,34.415771484375,27.01123641252812,22.458747991079957,10.253442415982708,0.8909174738907637,0.9306375980377197,0.0,0.9774771341858486
2026-04-10 17:48:17,2019,487,1,v8_6_phase_2_0_retry,480,216.98974690234706,170,success,103.17407989501953,14.69248104095459,0.40629085898399353,36.33736801147461,48.5619010925293,13.065799713134766,27.68770980834961,21.89794164889772,10.536423983485506,8.256891890449708,0.9278496528877241,0.9932122826576233,0.0,6.924364612814984
2026-04-10 17:48:20,2019,488,1,v8_6_phase_2_0_retry,480,224.41864761066665,171,success,102.10676574707031,14.964466094970703,0.40629085898399353,34.93480682373047,48.5619010925293,14.466934204101562,25.668123245239258,15.268534427273957,-11.518407110647408,-20.027683882439195,0.9647021862299993,0.9922255873680115,0.0,4.109455195561928
2026-04-10 17:48:22,2019,489,1,v8_6_phase_2_0_retry,480,209.7784743747951,183,success,110.22509002685547,13.221802711486816,0.40629085898399353,38.17011642456055,48.5619010925293,11.235977172851562,30.523618698120117,40.04669342463248,-21.647937942255037,36.37173404736921,0.7655203464598237,0.9860094785690308,0.0,6.358935626191867
2026-04-10 17:48:27,2019,490,1,v8_6_phase_2_0_retry,480,-291.7106540991754,325,high_altitude,110.65331268310547,93.53739166259766,0.40629085898399353,135.48165893554688,48.5619010925293,-85.89632415771484,-35.551143646240234,97.4375662464343,97.60985776824788,26.54450397333176,-0.12944576269392186,0.4793945550918579,0.0,1.2517950227140782
2026-04-10 17:48:30,2020,491,1,v8_6_phase_2_0_retry,480,219.3628951762335,177,success,105.94917297363281,14.612161636352539,0.40629085898399353,36.150856018066406,48.5619010925293,13.249919891357422,27.976266860961914,21.84725823016164,-10.726787332069284,7.831801407075624,0.9281792025432087,0.9979039430618286,0.0,5.683122032763817
2026-04-10 17:48:34,2020,492,1,v8_6_phase_2_0_retry,480,232.3313600929564,177,success,105.54981231689453,14.982718467712402,0.40629085898399353,34.870723724365234,48.5619010925293,14.53573989868164,25.748620986938477,3.8654349970815267,-1.6173735342550928,3.812423337612119,0.9977251290810067,0.9770482182502747,0.0,3.6042665523540935
2026-04-10 17:48:37,2020,493,1,v8_6_phase_2_0_retry,480,214.73485809368765,177,success,105.62520599365234,14.633899688720703,0.40629085898399353,36.41168975830078,48.5619010925293,12.990741729736328,29.269628524780273,28.165511061503597,-21.034704775551074,22.954368715370887,0.8815877422044558,0.9947760701179504,0.0,6.313179293617081
2026-04-10 17:48:40,2020,494,1,v8_6_phase_2_0_retry,480,221.18005069399874,172,success,104.67459106445312,14.809449195861816,0.40629085898399353,35.56080627441406,48.5619010925293,13.844715118408203,28.988075256347656,18.015880690715914,13.472633515214776,-15.124516473529653,0.9509708294190079,0.985442578792572,0.0,5.163466501086241
2026-04-10 17:48:43,2020,495,1,v8_6_phase_2_0_retry,480,247.92298931683177,177,success,105.65634155273438,14.923931121826172,0.40629085898399353,34.83220672607422,48.5619010925293,14.56845474243164,24.65506362915039,8.34186115127196,-3.680786382398933,-9.305723786565819,0.9894200561808315,0.9936505556106567,0.0,2.7675084959811396
2026-04-10 17:48:46,2020,496,1,v8_6_phase_2_0_retry,480,207.99804092516598,182,success,109.6889419555664,14.458768844604492,0.40629085898399353,36.96472930908203,48.5619010925293,12.442832946777344,31.2681941986084,19.08354512592104,18.235136593262492,-0.9410660251652956,0.945042847461693,0.9796660542488098,0.0,3.077556844875562
2026-04-10 17:48:50,2020,497,1,v8_6_phase_2_0_retry,480,206.80328867597024,181,success,111.14982604980469,13.466512680053711,0.40629085898399353,38.50737380981445,48.5619010925293,10.90445327758789,31.28143310546875,40.5114980429356,-18.867577959459823,24.591259408457585,0.7602756198949449,0.9661163687705994,0.0,4.462939901868066
2026-04-10 17:48:54,2021,498,1,v8_6_phase_2_0_retry,480,215.1043721922393,174,success,107.41839599609375,14.767608642578125,0.40629085898399353,37.183101654052734,48.5619010925293,12.217082977294922,31.219982147216797,30.7072839988538,0.9185583106942822,-3.2503873479358685,0.8597873594485846,0.9980570077896118,0.0,4.48463099880467
2026-04-10 17:48:58,2021,499,1,v8_6_phase_2_0_retry,480,211.95654435679847,176,success,106.456298828125,14.8817720413208,0.40629085898399353,35.85200119018555,48.5619010925293,13.562690734863281,28.49875831604004,25.296973336523518,15.14947398475688,18.786457510234875,0.9041051236823314,0.959368109703064,0.0,1.677967389678899
2026-04-10 17:49:03,2021,500,1,v8_6_phase_2_0_retry,480,210.46457750721436,181,success,108.2576675415039,14.854405403137207,0.40629085898399353,36.71138381958008,48.5619010925293,12.690040588378906,28.496015548706055,25.32337372521291,-11.419563174299922,6.03645843609427,0.9039081344523252,0.9931362867355347,0.0,1.0570752882344374
2026-04-10 17:49:09,2021,501,1,v8_6_phase_2_0_retry,480,-329.58920624208724,316,high_altitude,102.03678131103516,106.95928955078125,0.40629085898399353,135.76483154296875,48.5619010925293,-86.2783432006836,-49.90174102783203,160.73648098331088,159.5425912371493,150.3091726869109,-0.9440112031595786,0.7474378347396851,0.0,2.0519755920639215
2026-04-10 17:49:13,2021,502,1,v8_6_phase_2_0_retry,480,213.61181866142505,178,success,105.48686218261719,14.607122421264648,0.40629085898399353,36.291114807128906,48.5619010925293,13.119861602783203,28.83672523498535,12.750105368959563,-11.815014051770735,-3.3485704634811553,0.9753419146364956,0.9698293805122375,0.0,3.894076850139606
2026-04-10 17:49:17,2021,503,1,v8_6_phase_2_0_retry,480,244.69922582469894,169,success,103.69237518310547,14.970479965209961,0.40629085898399353,35.65085983276367,48.5619010925293,13.750831604003906,27.990577697753906,15.46056861088345,7.303260024758882,-1.107766930421506,0.9638141404652024,0.9906001091003418,0.0,0.9799005550693523
2026-04-10 17:49:22,2022,504,1,v8_6_phase_2_0_retry,480,227.18148020785634,172,success,106.098388671875,14.806902885437012,0.40629085898399353,36.88926315307617,48.5619010925293,12.512115478515625,29.22001075744629,27.96395900928569,-7.4868170898347435,-12.282870910859208,0.8832427317087291,0.9915639758110046,0.0,0.9825564599914921
2026-04-10 17:49:25,2022,505,1,v8_6_phase_2_0_retry,480,224.04809841909156,175,success,103.77556610107422,14.58560562133789,0.40629085898399353,35.36878204345703,48.5619010925293,14.043262481689453,25.51734733581543,29.06664523946006,-19.900411844992473,37.845337115515704,0.8740551952918432,0.9688289761543274,0.0,5.0090345981214695
2026-04-10 17:49:28,2022,506,1,v8_6_phase_2_0_retry,480,217.20676449146856,175,success,105.44158935546875,14.993049621582031,0.40629085898399353,36.42365646362305,48.5619010925293,12.979087829589844,27.711719512939453,27.71811318030025,-22.89716075843015,-15.781150369767168,0.8852466288431469,0.9939880967140198,0.0,6.750397157618384
2026-04-10 17:49:32,2022,507,1,v8_6_phase_2_0_retry,480,201.190564151432,180,success,108.10991668701172,14.877403259277344,0.40629085898399353,36.271446228027344,48.5619010925293,13.13558578491211,29.350786209106445,29.72843251342635,15.187022949719024,-22.048617329535492,0.8683855406036587,0.9802200794219971,0.0,4.581313458490903
2026-04-10 17:49:36,2022,508,1,v8_6_phase_2_0_retry,480,231.70122689605742,174,success,104.85363006591797,14.586077690124512,0.40629085898399353,36.080169677734375,48.5619010925293,13.329383850097656,28.11885643005371,23.290875060304487,-7.202741838291097,17.687862563373344,0.9185093643675188,0.9688005447387695,0.0,1.3530083130983617
2026-04-10 17:49:39,2022,509,1,v8_6_phase_2_0_retry,480,228.9029089602356,173,success,103.02053833007812,14.773032188415527,0.40629085898399353,35.25267791748047,48.5619010925293,14.15633773803711,26.32147216796875,10.25676018037204,-7.0091623243818875,-9.57504070686036,0.984019695699651,0.9694729447364807,0.0,1.4168565784795575
2026-04-10 17:49:42,2022,510,1,v8_6_phase_2_0_retry,480,205.62452062971107,184,success,107.92019653320312,10.656295776367188,0.40629085898399353,40.59096908569336,48.5619010925293,8.813541412353516,28.941545486450195,40.11456501441489,-38.51330229558627,32.69881689666778,0.7647576351750319,0.989334225654602,0.0,6.100074376686627
2026-04-10 17:49:46,2023,511,1,v8_6_phase_2_0_retry,480,235.91882619964895,170,success,102.76996612548828,14.690467834472656,0.40629085898399353,35.61028289794922,48.5619010925293,13.375991821289062,28.13058853149414,6.062426815318658,3.9451121419574875,2.012266577369786,0.9944074157293405,0.9448580741882324,0.0,1.2439498204155193
2026-04-10 17:49:50,2023,512,1,v8_6_phase_2_0_retry,480,218.88797275317773,184,success,110.27135467529297,14.740285873413086,0.40629085898399353,38.195465087890625,48.5619010925293,11.214191436767578,26.85270118713379,31.033394795870645,-7.045618032190007,-9.745494907787199,0.8568669656240929,0.9728664755821228,0.0,3.877324754223089
2026-04-10 17:49:53,2023,513,1,v8_6_phase_2_0_retry,480,206.20678608396193,175,success,103.97671508789062,13.479217529296875,0.40629085898399353,37.304439544677734,48.5619010925293,12.112625122070312,29.296627044677734,40.14219312960759,-19.37157591076777,31.834640872310256,0.7644468550939738,0.9447110891342163,0.0,1.0005294000342182
2026-04-10 17:49:57,2023,514,1,v8_6_phase_2_0_retry,480,214.52632587935253,180,success,109.4948501586914,14.879335403442383,0.40629085898399353,37.30581283569336,48.5619010925293,12.099067687988281,30.37465476989746,30.255210853163582,29.484359118530527,-12.814544788684048,0.8637896851295062,0.9850106835365295,0.0,4.654146761630244
2026-04-10 17:50:00,2023,515,1,v8_6_phase_2_0_retry,480,201.67503010443997,178,success,107.6738052368164,14.425440788269043,0.40629085898399353,38.92320251464844,48.5619010925293,10.486343383789062,31.77301788330078,30.01273913762813,-29.028163953676206,-1.71833792417475,0.8659142124316214,0.9724129438400269,0.0,3.6268244986482356
2026-04-10 17:50:04,2023,516,1,v8_6_phase_2_0_retry,480,206.63383665943556,191,success,111.10781860351562,5.5748372077941895,0.40629085898399353,45.11129379272461,48.5619010925293,4.289772033691406,33.12931442260742,39.81248623799274,39.8157066721864,-22.267260222604065,0.7681440088276433,0.9972543716430664,0.0,6.463968134194726
2026-04-10 17:50:08,2024,517,1,v8_6_phase_2_0_retry,480,225.84501364139575,170,success,104.20278930664062,14.476646423339844,0.40629085898399353,36.7526969909668,48.5619010925293,12.652565002441406,31.808616638183594,24.97374487933642,9.230588290601093,-14.656899524835778,0.9065013517498277,0.9809255003929138,0.0,1.4708693766403318
2026-04-10 17:50:12,2024,518,1,v8_6_phase_2_0_retry,480,201.28648743944441,182,success,108.89108276367188,14.992490768432617,0.40629085898399353,37.06643295288086,48.5619010925293,12.332836151123047,29.312192916870117,36.707041694103474,-23.93889096535674,-32.75268318355708,0.8017021896116877,0.9985986948013306,0.0,1.954289628876961
2026-04-10 17:50:15,2024,519,1,v8_6_phase_2_0_retry,480,194.51798332606108,184,success,111.36974334716797,14.900734901428223,0.40629085898399353,37.52162551879883,48.5619010925293,11.878440856933594,31.574447631835938,38.246412653768026,2.9797955301440617,-28.03257679723493,0.785355691434659,0.9988510012626648,0.0,4.7352961479055065
2026-04-10 17:50:19,2024,520,1,v8_6_phase_2_0_retry,480,217.91934843548967,171,success,104.02296447753906,14.46151065826416,0.40629085898399353,36.1746940612793,48.5619010925293,13.233463287353516,27.3973331451416,21.47074575971198,19.57256959502103,16.263143159116627,0.9306045759237619,0.9797072410583496,0.0,5.680490429685583
2026-04-10 17:50:22,2024,521,1,v8_6_phase_2_0_retry,480,224.6530478664733,171,success,106.26021575927734,14.908544540405273,0.40629085898399353,36.90219497680664,48.5619010925293,12.499992370605469,29.374759674072266,26.436496484439058,1.0529483657515126,-5.905366188467392,0.895428353127333,0.9917851090431213,0.0,4.365114847860311
2026-04-10 17:50:25,2024,522,1,v8_6_phase_2_0_retry,480,228.75837287783997,175,success,105.01023864746094,14.782184600830078,0.40629085898399353,35.638023376464844,48.5619010925293,13.768138885498047,28.05870246887207,25.839804328357573,18.08415013901748,26.48455540298656,0.900016191901944,0.9848892092704773,0.0,2.9244384282306752
2026-04-10 17:50:28,2024,523,1,v8_6_phase_2_0_retry,480,233.2689074427911,172,success,105.82302856445312,14.828572273254395,0.40629085898399353,36.56129455566406,48.5619010925293,12.84127426147461,27.507232666015625,22.610627492558947,-6.261968657486465,-6.516694159279744,0.9231389203154389,0.9888882637023926,0.0,3.405589326637644
2026-04-10 17:50:33,2025,524,1,v8_6_phase_2_0_retry,480,218.94649913310775,184,success,110.35533905029297,14.483037948608398,0.40629085898399353,37.7429084777832,48.5619010925293,11.697513580322266,32.92902755737305,12.822737600593479,7.51517518149499,-10.053467283689427,0.9750613568874873,0.8856751322746277,0.0,1.7036130801417602
2026-04-10 17:50:36,2025,525,1,v8_6_phase_2_0_retry,480,213.60153941474925,175,success,105.05044555664062,14.595074653625488,0.40629085898399353,36.36504364013672,48.5619010925293,13.03521728515625,30.1116886138916,25.972414158640664,-6.335647188723862,-18.931768077279603,0.8990050019374995,0.9970436692237854,0.0,1.9273719818356028
2026-04-10 17:50:42,2025,526,1,v8_6_phase_2_0_retry,480,-311.8184111722923,331,high_altitude,110.82603454589844,98.37361907958984,0.40629085898399353,135.1427764892578,48.5619010925293,-85.68260955810547,-40.550777435302734,121.4251632907624,122.95373230625458,-44.8620143555319,-0.5213844459625767,0.8202697038650513,0.0,1.4642816891327148
2026-04-10 17:50:46,2025,527,1,v8_6_phase_2_0_retry,480,233.49385140953052,182,success,110.35883331298828,9.530529975891113,0.40629085898399353,42.32716369628906,48.5619010925293,7.073223114013672,33.4665641784668,40.46761749261285,4.0653896388072965,-17.98831916986762,0.7607729000725285,0.9936869740486145,0.0,1.7165470964422258
2026-04-10 17:50:49,2025,528,1,v8_6_phase_2_0_retry,480,208.47437457248643,168,success,102.80965423583984,14.841410636901855,0.40629085898399353,37.02962875366211,48.5619010925293,12.375450134277344,29.791061401367188,26.990202844979066,-21.369068148632586,-11.92478458324295,0.8910841401837293,0.9800140261650085,0.0,3.170783176033798
2026-04-10 17:50:53,2025,529,1,v8_6_phase_2_0_retry,480,206.81262772669544,181,success,108.91513061523438,14.758254051208496,0.40629085898399353,37.5880126953125,48.5619010925293,11.81216812133789,29.392311096191406,37.220856334796025,-35.815753233835586,22.980039981366378,0.7963097840982188,0.9968945980072021,0.0,4.009647843781393
2026-04-10 17:50:57,2026,530,1,v8_6_phase_2_0_retry,480,219.4083767420796,166,success,102.9292221069336,14.644468307495117,0.40629085898399353,36.396751403808594,48.5619010925293,13.007793426513672,30.823944091796875,23.22704181986884,5.387797505052275,-13.791270377732333,0.9189493086039916,0.9868842363357544,0.0,4.976342945964659
2026-04-10 17:51:00,2026,531,1,v8_6_phase_2_0_retry,480,212.63026082594567,173,success,105.04436492919922,14.827210426330566,0.40629085898399353,35.90673065185547,48.5619010925293,13.071086883544922,28.668535232543945,39.49487561139797,-39.34959748775181,-38.32189307428584,0.7716814695176031,0.9771126508712769,0.0,5.6684813528111695
2026-04-10 17:51:03,2026,532,1,v8_6_phase_2_0_retry,480,212.09373492025668,174,success,104.9668960571289,14.460676193237305,0.40629085898399353,37.01783752441406,48.5619010925293,12.402713775634766,30.53400230407715,12.093018118915888,-12.007152395765072,-0.5362290803927097,0.9778087729489511,0.9461937546730042,0.0,4.342445541347209
2026-04-10 17:51:13,2026,533,1,v8_6_phase_2_0_retry,480,-510.8125288033899,480,timeout,108.35730743408203,119.55130004882812,0.40629085898399353,87.80305480957031,48.5619010925293,-37.73246765136719,-5.505049228668213,103.40245924106564,81.44663856914124,146.85981787302774,-0.23178965662459486,-0.7944600582122803,0.0,1.9622113393941658
2026-04-10 17:51:16,2026,534,1,v8_6_phase_2_0_retry,480,183.1197608521118,187,success,111.1048355102539,14.461006164550781,0.40629085898399353,38.48991394042969,48.5619010925293,10.913261413574219,29.401771545410156,39.85100850491161,-36.78157271832666,19.35269214525998,0.7677133510775899,0.9879140853881836,0.0,1.2693914160654858
2026-04-10 17:51:20,2027,535,1,v8_6_phase_2_0_retry,480,214.20336175727147,175,success,106.29911804199219,14.860663414001465,0.40629085898399353,37.0115966796875,48.5619010925293,12.38901138305664,30.261430740356445,31.31676226906155,-27.1259460245439,-11.972018756448172,0.8543068047273988,0.9982150793075562,0.0,5.289785429210479
2026-04-10 17:51:24,2027,536,1,v8_6_phase_2_0_retry,480,229.18958140422183,174,success,104.81333923339844,14.529114723205566,0.40629085898399353,35.706851959228516,48.5619010925293,13.71075439453125,24.09958267211914,35.236512211083486,-33.3098729405738,33.66964632491505,0.8167773961612768,0.9441946744918823,0.0,3.389334877468777
2026-04-10 17:51:30,2027,537,1,v8_6_phase_2_0_retry,480,-293.00332813360535,321,high_altitude,108.197998046875,114.38368225097656,0.40629085898399353,135.4498748779297,48.5619010925293,-86.0390853881836,-53.778350830078125,153.54214710788807,-153.53895057935648,41.11924486018875,-0.8952623451413676,0.9631386995315552,0.0,2.2319939357447693
2026-04-10 17:51:34,2027,538,1,v8_6_phase_2_0_retry,480,217.7687818747931,183,success,107.8752670288086,14.511438369750977,0.40629085898399353,35.86536407470703,48.5619010925293,13.534374237060547,27.015077590942383,19.35739302295624,-13.030904691022542,6.287001727681385,0.9434694027871889,0.9993941187858582,0.0,1.662976346803099
2026-04-10 17:51:38,2027,539,1,v8_6_phase_2_0_retry,480,217.33696349992363,181,success,107.26712799072266,14.885213851928711,0.40629085898399353,35.67766571044922,48.5619010925293,13.735157012939453,27.085437774658203,10.019517828419879,1.1180261947199825,5.135542397304425,0.9847485425577325,0.9658337831497192,0.0,2.9659117428664294
2026-04-10 17:51:41,2027,540,1,v8_6_phase_2_0_retry,480,216.91750144761022,179,success,107.72211456298828,14.461400985717773,0.40629085898399353,36.63438415527344,48.5619010925293,12.774528503417969,31.204408645629883,16.172381897878207,13.902758701780806,1.9003759124905184,0.9604280553039972,0.9783123731613159,0.0,5.50875690135821
2026-04-10 17:51:46,2028,541,1,v8_6_phase_2_0_retry,480,207.50941432833886,185,success,109.88772583007812,11.046124458312988,0.40629085898399353,40.35371398925781,48.5619010925293,9.051071166992188,30.1261043548584,39.62541418681526,-27.035048159522077,-29.133587923515353,0.7702304304139836,0.9880924820899963,0.0,3.226183327656454
2026-04-10 17:51:50,2028,542,1,v8_6_phase_2_0_retry,480,231.58870656612316,172,success,102.20533752441406,14.84981632232666,0.40629085898399353,34.85881423950195,48.5619010925293,14.548938751220703,23.754703521728516,22.320323962265896,14.210953058831059,40.48434121079563,0.9250750594695976,0.9814580082893372,0.0,2.9810884184481927
2026-04-10 17:51:54,2028,543,1,v8_6_phase_2_0_retry,480,204.97625328274887,180,success,108.95045471191406,14.735755920410156,0.40629085898399353,36.588844299316406,48.5619010925293,12.812850952148438,29.75539779663086,33.025757561668776,-6.363315431277938,-28.30281835438836,0.838425638408933,0.9921861290931702,0.0,1.7608667875037582
2026-04-10 17:51:58,2028,544,1,v8_6_phase_2_0_retry,480,223.23536725266726,179,success,107.46998596191406,14.63793659210205,0.40629085898399353,36.85987854003906,48.5619010925293,12.569343566894531,30.985727310180664,17.59779456633568,5.914070410790927,-12.935969330427596,0.9532023059324861,0.9138022661209106,0.0,3.3818437131447117
2026-04-10 17:52:02,2028,545,1,v8_6_phase_2_0_retry,480,212.71432222707153,180,success,110.73454284667969,14.578743934631348,0.40629085898399353,37.70198059082031,48.5619010925293,11.271312713623047,31.40989112854004,36.60805859265165,2.6155396207165773,-17.0319868181337,0.8027336088332265,0.9842363595962524,0.0,3.5701532938396374
2026-04-10 17:52:05,2028,546,1,v8_6_phase_2_0_retry,480,201.53704722743504,178,success,106.31986999511719,14.00681209564209,0.40629085898399353,37.56891632080078,48.5619010925293,11.833808898925781,28.72614288330078,40.493842003931114,-26.699033588208717,37.96513180336856,0.7604757621351242,0.987639844417572,0.0,0.9702276489983741
2026-04-10 17:52:09,2028,547,1,v8_6_phase_2_0_retry,480,218.88311557847354,172,success,105.16340637207031,14.61158275604248,0.40629085898399353,36.53290939331055,48.5619010925293,12.870609283447266,29.984725952148438,19.57657550096924,19.620314324866712,-3.9534197864223386,0.9421945182726725,0.9872121214866638,0.0,4.21850171225778
2026-04-10 17:52:13,2029,548,1,v8_6_phase_2_0_retry,480,227.8314856227907,181,success,109.98326110839844,14.923890113830566,0.40629085898399353,37.03110885620117,48.5619010925293,12.369003295898438,29.566986083984375,34.070513542397684,27.483993078572432,-21.941485812403844,0.8283487498344898,0.997642993927002,0.0,1.3811384076258892
2026-04-10 17:52:16,2029,549,1,v8_6_phase_2_0_retry,480,229.01260631405052,174,success,103.24714660644531,14.906106948852539,0.40629085898399353,35.00290298461914,48.5619010925293,14.402088165283203,25.986331939697266,22.390072146522773,-12.888508053432469,-32.89502091076557,0.924612049218617,0.9862447381019592,0.0,3.207208500090282
2026-04-10 17:52:20,2029,550,1,v8_6_phase_2_0_retry,480,232.6746592728374,176,success,105.89896392822266,14.614367485046387,0.40629085898399353,35.46199035644531,48.5619010925293,13.94515609741211,27.244802474975586,19.85715454943149,-8.353975345538624,-20.042788845788678,0.9405423979312582,0.9734217524528503,0.0,0.6820081622341144
2026-04-10 17:52:25,2029,551,1,v8_6_phase_2_0_retry,480,215.95800077369356,182,success,109.06256103515625,14.46843147277832,0.40629085898399353,37.0426139831543,48.5619010925293,12.369815826416016,27.556358337402344,19.374138939253818,9.687587710230185,7.482236594222603,0.9433724863298885,0.9644278287887573,0.0,4.069856635618519
2026-04-10 17:52:28,2029,552,1,v8_6_phase_2_0_retry,480,238.38375209561346,168,success,104.15763854980469,14.639362335205078,0.40629085898399353,36.483646392822266,48.5619010925293,12.91995620727539,30.35276985168457,18.091443073503765,16.95521036922088,2.1756967825089126,0.9505621194774757,0.9843997955322266,0.0,0.9603985744042578
2026-04-10 17:52:32,2029,553,1,v8_6_phase_2_0_retry,480,219.7011287309065,189,success,108.68604278564453,10.448529243469238,0.40629085898399353,40.12234878540039,48.5619010925293,9.286872863769531,27.384958267211914,40.0352767634348,-37.48319707062704,-40.55526248004246,0.7656485363985754,0.973563015460968,0.0,2.4438349840124354
2026-04-10 17:52:36,2029,554,1,v8_6_phase_2_0_retry,480,206.09066811504036,177,success,104.07847595214844,12.135956764221191,0.40629085898399353,38.41358184814453,48.5619010925293,11.000804901123047,28.154747009277344,40.363931805917474,-26.934427520216744,35.64180880624287,0.7619461537616922,0.9528360366821289,0.0,1.0287078631975612
2026-04-10 17:52:40,2030,555,1,v8_6_phase_2_0_retry,480,220.491445757637,173,success,103.26753997802734,14.611617088317871,0.40629085898399353,35.53132629394531,48.5619010925293,13.871681213378906,27.517765045166016,18.301689956535096,12.942185656345954,20.048623534887163,0.949416215925425,0.9937857985496521,0.0,4.366594108140562
2026-04-10 17:52:47,2030,556,1,v8_6_phase_2_0_retry,480,-310.35267885375333,327,high_altitude,108.89716339111328,109.4537353515625,0.40629085898399353,135.18423461914062,48.5619010925293,-85.62349700927734,-45.9871711730957,119.08143851858588,124.9022759934325,96.38851066162287,-0.48605228856335697,0.5471641421318054,0.0,1.5708911672237418
2026-04-10 17:52:50,2030,557,1,v8_6_phase_2_0_retry,480,238.42714721864172,173,success,105.79093170166016,14.7537202835083,0.40629085898399353,36.45817947387695,48.5619010925293,12.948253631591797,30.114646911621094,17.92684575979021,16.30212304870989,6.124066711257084,0.9514502884399861,0.9760965704917908,0.0,3.149365424003587
2026-04-10 17:52:57,2030,558,1,v8_6_phase_2_0_retry,480,-360.3872534109955,333,high_altitude,111.00875091552734,119.56362915039062,0.40629085898399353,135.44798278808594,48.5619010925293,-85.84081268310547,-55.21549606323242,142.75807071038165,155.6988203194546,141.46917303286523,-0.7960872566324549,0.4207920730113983,0.0,1.571587831250924
2026-04-10 17:53:00,2030,559,1,v8_6_phase_2_0_retry,480,215.22086261071217,180,success,109.49329376220703,12.335840225219727,0.40629085898399353,39.46759796142578,48.5619010925293,9.934356689453125,31.22553253173828,40.48220336158541,-12.111977870278196,-31.235202980182425,0.7606076539321678,0.9932776093482971,0.0,2.5709753811776097
2026-04-10 17:53:05,2031,560,1,v8_6_phase_2_0_retry,480,208.54050907246017,177,success,103.82077026367188,14.897393226623535,0.40629085898399353,35.21760177612305,48.5619010925293,14.186607360839844,25.06935691833496,13.929795151836656,-8.38841059801289,-12.78810939527516,0.9705914261034823,0.9873650074005127,0.0,3.818097948081809
2026-04-10 17:53:08,2031,561,1,v8_6_phase_2_0_retry,480,212.03951611835058,180,success,105.83674621582031,14.547869682312012,0.40629085898399353,35.97053146362305,48.5619010925293,13.435470581054688,28.53876495361328,12.917871890448001,1.266713649979048,3.4824381157885855,0.9746915098520612,0.9843390583992004,0.0,5.178143196964654
2026-04-10 17:53:11,2031,562,1,v8_6_phase_2_0_retry,480,230.23344625984834,177,success,106.03412628173828,14.648903846740723,0.40629085898399353,35.343955993652344,48.5619010925293,14.062568664550781,25.44515609741211,26.028411464551013,24.843764671883786,-40.836888254995,0.8985765591261088,0.9847205281257629,0.0,5.289655499790951
2026-04-10 17:53:15,2031,563,1,v8_6_phase_2_0_retry,480,224.97035327734653,170,success,102.31885528564453,14.78355598449707,0.40629085898399353,35.01354217529297,48.5619010925293,14.391498565673828,25.473745346069336,11.67602140970827,7.411374235357367,-15.055383006298076,0.9793075924335897,0.9878408312797546,0.0,3.4913835837519356
2026-04-10 17:53:18,2031,564,1,v8_6_phase_2_0_retry,480,234.1619875934831,177,success,108.1839828491211,14.478546142578125,0.40629085898399353,35.78105545043945,48.5619010925293,13.627246856689453,26.7042179107666,32.441007991351064,14.23149997540175,-38.76160699267292,0.843944204928261,0.9724836945533752,0.0,1.2816633864728229
2026-04-10 17:53:22,2031,565,1,v8_6_phase_2_0_retry,480,217.17520924329426,179,success,108.00437927246094,14.814018249511719,0.40629085898399353,35.763370513916016,48.5619010925293,13.642097473144531,28.65586280822754,23.912120038904874,23.749383951740153,-21.45846166448971,0.9141682333227303,0.9879373908042908,0.0,6.038755880468372
2026-04-10 17:53:26,2032,566,1,v8_6_phase_2_0_retry,480,226.78078997399305,176,success,108.86087799072266,14.62602424621582,0.40629085898399353,36.76202392578125,48.5619010925293,12.661029815673828,27.176931381225586,24.946982490621018,22.926161741646023,15.839995864561413,0.9066984603726307,0.9319697618484497,0.0,3.4261291357865624
2026-04-10 17:53:29,2032,567,1,v8_6_phase_2_0_retry,480,198.94592324961133,180,success,106.49559020996094,14.788747787475586,0.40629085898399353,35.47028350830078,48.5619010925293,13.507495880126953,25.771812438964844,31.932999011453024,-32.10261651420654,27.954927791655642,0.8486671973262244,0.9696663618087769,0.0,1.3787563727633005
2026-04-10 17:53:33,2032,568,1,v8_6_phase_2_0_retry,480,207.44319423754968,174,success,103.010498046875,12.764152526855469,0.40629085898399353,38.30228042602539,48.5619010925293,11.106613159179688,26.890836715698242,40.37303303298651,-34.115090772015776,-37.25186539362788,0.7618432688208984,0.9776376485824585,0.0,3.4233956760411117
2026-04-10 17:53:36,2032,569,1,v8_6_phase_2_0_retry,480,239.4152274401828,168,success,103.60768127441406,14.79259967803955,0.40629085898399353,35.52871322631836,48.5619010925293,13.871685028076172,29.021860122680664,20.576819138877173,19.228157306123137,22.1341432507751,0.9362018080457132,0.997715413570404,0.0,1.767176558416166
2026-04-10 17:53:40,2032,570,1,v8_6_phase_2_0_retry,480,240.68049511298517,177,success,106.044189453125,14.617437362670898,0.40629085898399353,35.40049362182617,48.5619010925293,14.005935668945312,24.732131958007812,6.681460947062077,-1.999880029309968,-5.28723577612853,0.9932083484077184,0.9763798713684082,0.0,3.402154790738704
2026-04-10 17:53:43,2032,571,1,v8_6_phase_2_0_retry,480,226.92635029601036,175,success,106.08924865722656,12.632658958435059,0.40629085898399353,38.66590118408203,48.5619010925293,10.738216400146484,30.61419105529785,40.5296287800874,8.648631413880265,44.413851493141514,0.7600700215211371,0.9883584976196289,0.0,2.92908132415947
2026-04-10 17:53:46,2032,572,1,v8_6_phase_2_0_retry,480,211.92274778661505,190,success,110.23925018310547,6.672770977020264,0.40629085898399353,43.96434020996094,48.5619010925293,5.436073303222656,32.09085464477539,40.471350190994265,8.663199353606256,-43.41850510086848,0.7607306163018859,0.9961135983467102,0.0,4.035276538104198
2026-04-10 17:53:51,2033,573,1,v8_6_phase_2_0_retry,480,235.67668992374092,170,success,102.710693359375,14.773768424987793,0.40629085898399353,36.21926498413086,48.5619010925293,13.18375015258789,27.14506721496582,29.630665185646787,-4.29290580138136,-26.828607399405737,0.8692304431218533,0.9924831390380859,0.0,3.2782877578130982
2026-04-10 17:53:54,2033,574,1,v8_6_phase_2_0_retry,480,194.7725011153809,179,success,105.1380386352539,14.943218231201172,0.40629085898399353,35.31884765625,48.5619010925293,14.094470977783203,25.190248489379883,36.426201390905476,-35.64634405185176,-42.202949994659654,0.8046223424269234,0.9552659392356873,0.0,0.7763121653428054
2026-04-10 17:53:57,2033,575,1,v8_6_phase_2_0_retry,480,232.69948972898206,175,success,108.61257934570312,14.47962474822998,0.40629085898399353,38.27082824707031,48.5619010925293,11.128421783447266,31.837568283081055,37.95242423641775,1.3475555555519072,9.324369349226307,0.7885216986817614,0.9991810321807861,0.0,2.483990439035218
2026-04-10 17:54:01,2033,576,1,v8_6_phase_2_0_retry,480,211.44659524069993,177,success,108.18185424804688,11.673356056213379,0.40629085898399353,39.98813247680664,48.5619010925293,9.41550064086914,31.777252197265625,39.99091809987015,7.127556396568066,28.312302072050926,0.7661463211546073,0.9902231693267822,0.0,3.166122738522225
2026-04-10 17:54:04,2033,577,1,v8_6_phase_2_0_retry,480,231.33808667151516,177,success,105.83151245117188,14.737465858459473,0.40629085898399353,36.95111846923828,48.5619010925293,12.491588592529297,30.15944480895996,10.131120558136947,2.616586987537117,11.661583243576509,0.9844077832303698,0.876613438129425,0.0,1.2194044041889986
2026-04-10 17:54:08,2033,578,1,v8_6_phase_2_0_retry,480,227.19851069231333,174,success,107.60358428955078,14.701422691345215,0.40629085898399353,37.01785659790039,48.5619010925293,12.387237548828125,30.44083023071289,24.407815895276674,18.265493369028615,9.113422371805049,0.9106272994744974,0.9809941053390503,0.0,1.2894992684164956
2026-04-10 17:54:11,2033,579,1,v8_6_phase_2_0_retry,480,218.0064344308003,171,success,104.099853515625,14.764425277709961,0.40629085898399353,36.24635314941406,48.5619010925293,13.156532287597656,28.403902053833008,26.715977579992224,20.388459597041148,-20.296368156461867,0.8932460558787134,0.9935899376869202,0.0,3.3653754108544525
2026-04-10 17:54:15,2034,580,1,v8_6_phase_2_0_retry,480,224.43717923284095,167,success,103.4092025756836,14.42026138305664,0.40629085898399353,36.423851013183594,48.5619010925293,12.978706359863281,30.624252319335938,31.86046240246749,28.59990084743265,39.605159260831584,0.849336140287206,0.993787407875061,0.0,3.008856082582046
2026-04-10 17:54:19,2034,581,1,v8_6_phase_2_0_retry,480,209.2890287999353,173,success,107.33416748046875,14.921656608581543,0.40629085898399353,37.36653137207031,48.5619010925293,12.040061950683594,31.353275299072266,35.36025816337119,-26.213019524985413,19.482305230044727,0.8155294040349658,0.9810526967048645,0.0,4.834088226342532
2026-04-10 17:54:22,2034,582,1,v8_6_phase_2_0_retry,480,209.9733502353845,168,success,103.20337677001953,14.918905258178711,0.40629085898399353,36.35975646972656,48.5619010925293,13.04543685913086,29.631454467773438,20.18247816714649,20.076804895402635,-2.4089503039857867,0.9385985757839937,0.987634539604187,0.0,3.7954928970089292
2026-04-10 17:54:26,2034,583,1,v8_6_phase_2_0_retry,480,218.6237976155176,175,success,106.12792205810547,14.404927253723145,0.40629085898399353,37.05658721923828,48.5619010925293,12.34402084350586,29.72914695739746,30.77282307903466,-24.357427882222197,20.745495783072517,0.8592026759233117,0.9965696334838867,0.0,2.427614331305553
2026-04-10 17:54:29,2034,584,1,v8_6_phase_2_0_retry,480,234.4117994271649,173,success,105.13751983642578,14.912711143493652,0.40629085898399353,35.598350524902344,48.5619010925293,13.802043914794922,28.10118865966797,17.178661715465136,16.83127146408912,5.8321064332034815,0.9553884244459578,0.9950924515724182,0.0,1.0369334037332374
2026-04-10 17:54:32,2034,585,1,v8_6_phase_2_0_retry,480,220.783760500551,169,success,102.8965835571289,14.758993148803711,0.40629085898399353,35.84029006958008,48.5619010925293,13.56338119506836,27.747800827026367,27.605010370286717,-20.97214195030105,-27.990950209338287,0.886163061782154,0.9885216355323792,0.0,2.564742883675887
2026-04-10 17:54:36,2034,586,1,v8_6_phase_2_0_retry,480,227.01803495701768,169,success,103.97171020507812,14.647454261779785,0.40629085898399353,36.091529846191406,48.5619010925293,13.323211669921875,28.924880981445312,33.23008950087888,-26.26325215123627,-25.961053846503642,0.836476639311231,0.9528012871742249,0.0,1.2982059248485969
2026-04-10 17:54:40,2035,587,1,v8_6_phase_2_0_retry,480,230.2470488137666,173,success,105.44603729248047,14.902682304382324,0.40629085898399353,35.87443923950195,48.5619010925293,13.526504516601562,28.312345504760742,27.227553626184303,18.174236919075366,30.66345467494983,0.8891964513760228,0.9974543452262878,0.0,4.295787098345377
2026-04-10 17:54:44,2035,588,1,v8_6_phase_2_0_retry,480,218.07273376318523,171,success,106.28873443603516,14.98508071899414,0.40629085898399353,36.936466217041016,48.5619010925293,12.46746826171875,31.451637268066406,38.7223436502291,22.77261396646226,31.083425931540987,0.7801865219584411,0.990215539932251,0.0,4.760025121634296
2026-04-10 17:54:48,2035,589,1,v8_6_phase_2_0_retry,480,218.59030276244746,164,success,102.98734283447266,14.921305656433105,0.40629085898399353,37.26564407348633,48.5619010925293,12.13509750366211,31.564220428466797,33.510694162550514,-20.97195070500429,14.996450426591913,0.8337827894163791,0.9968545436859131,0.0,2.877519471115083
2026-04-10 17:54:52,2035,590,1,v8_6_phase_2_0_retry,480,206.04219309916684,188,success,109.2264175415039,8.191021919250488,0.40629085898399353,43.02476501464844,48.5619010925293,6.374492645263672,31.661218643188477,40.450641057430786,-28.369376840302845,-41.35779263204603,0.7609651673145077,0.9996106028556824,0.0,2.5973547719688193
2026-04-10 17:54:58,2035,591,1,v8_6_phase_2_0_retry,480,-312.5864030234528,325,high_altitude,109.62509155273438,114.17660522460938,0.40629085898399353,135.60662841796875,48.5619010925293,-86.1675796508789,-53.73078536987305,144.7373775695813,-163.61153983140102,-70.80960248408687,-0.8165143885457892,0.8792009353637695,0.0,0.6207995140109747
2026-04-10 17:55:02,2035,592,1,v8_6_phase_2_0_retry,480,208.93015650901356,180,success,108.44104766845703,12.60417366027832,0.40629085898399353,39.31926727294922,48.5619010925293,10.107276916503906,30.999406814575195,39.77445232959953,-33.50747031326227,-27.617825512716955,0.7685688663408999,0.9183600544929504,0.0,3.2750286998372964
2026-04-10 17:55:06,2036,593,1,v8_6_phase_2_0_retry,480,240.1028890187029,174,success,105.14539337158203,14.938499450683594,0.40629085898399353,35.816131591796875,48.5619010925293,13.588676452636719,27.903417587280273,14.499919579594081,12.927507579819597,0.5221337577407719,0.9681479918107454,0.9846398234367371,0.0,2.3095559129751133
2026-04-10 17:55:09,2036,594,1,v8_6_phase_2_0_retry,480,201.14820499853442,176,success,106.7030029296875,14.642799377441406,0.40629085898399353,38.44546890258789,48.5619010925293,10.962329864501953,30.716169357299805,31.195352241469987,-30.813647119703823,7.224532703064376,0.8554062790181722,0.9768908023834229,0.0,3.497194913499961
2026-04-10 17:55:13,2036,595,1,v8_6_phase_2_0_retry,480,203.5734353018082,177,success,106.84121704101562,14.851520538330078,0.40629085898399353,37.56696701049805,48.5619010925293,11.839439392089844,30.628389358520508,30.34031501022194,-26.97675420250331,10.66574337013594,0.8630403363011816,0.9842945337295532,0.0,3.7828579975434553
2026-04-10 17:55:16,2036,596,1,v8_6_phase_2_0_retry,480,216.57940381875875,176,success,105.4722900390625,14.78553295135498,0.40629085898399353,35.953006744384766,48.5619010925293,13.45004653930664,28.630992889404297,20.633936595811406,-2.8014193769970666,11.74545199016874,0.9358509738693224,0.9936053156852722,0.0,6.007425949145608
2026-04-10 17:55:20,2036,597,1,v8_6_phase_2_0_retry,480,233.8542958586495,173,success,107.03836059570312,14.661430358886719,0.40629085898399353,37.42335510253906,48.5619010925293,11.988822937011719,32.28811264038086,24.532828847655416,20.08659084893597,9.809761011461495,0.909723514119583,0.960158109664917,0.0,3.5353420717263475
2026-04-10 17:55:24,2036,598,1,v8_6_phase_2_0_retry,480,222.73299759096724,173,success,103.24507141113281,14.58594799041748,0.40629085898399353,35.61100769042969,48.5619010925293,13.796688079833984,25.42298698425293,30.47914543529162,-15.096681745114559,-42.56814313410731,0.8618138375908889,0.9793969392776489,0.0,5.3085398775087995
2026-04-10 17:55:27,2036,599,1,v8_6_phase_2_0_retry,480,236.4457511056425,172,success,104.70176696777344,14.651504516601562,0.40629085898399353,36.40621566772461,48.5619010925293,13.009593963623047,24.909439086914062,19.139390460122357,-15.29465648575467,11.336158026797603,0.9447237287736628,0.9483117461204529,0.0,1.0100935255255459
2026-04-10 17:55:31,2037,600,1,v8_6_phase_2_0_retry,480,210.2244243495686,174,success,106.22921752929688,14.902544975280762,0.40629085898399353,37.56434631347656,48.5619010925293,11.835052490234375,30.036222457885742,37.491239618374735,-36.229963225861844,23.174333250043855,0.7934464091199798,0.99980628490448,0.0,3.4804380352590347
2026-04-10 17:55:35,2037,601,1,v8_6_phase_2_0_retry,480,206.98080507521433,176,success,109.38468170166016,14.56138801574707,0.40629085898399353,38.631500244140625,48.5619010925293,10.77139663696289,31.60508918762207,36.43736192000928,-20.701222496872493,9.950834299899876,0.8045066646121716,0.990256130695343,0.0,2.3334674741779646
2026-04-10 17:55:39,2037,602,1,v8_6_phase_2_0_retry,480,212.52922866506267,178,success,108.14209747314453,14.519929885864258,0.40629085898399353,36.894588470458984,48.5619010925293,12.50588607788086,30.63129425048828,33.33757618784737,20.22913860446143,-40.3654515230078,0.8354471170037296,0.9986836314201355,0.0,5.980550457734081
2026-04-10 17:55:42,2037,603,1,v8_6_phase_2_0_retry,480,208.63250375896547,179,success,109.49264526367188,14.77413558959961,0.40629085898399353,37.48992156982422,48.5619010925293,11.909420013427734,31.382648468017578,38.18071647923626,-9.581192999755249,44.055662712687706,0.7860649807670473,0.9994495511054993,0.0,0.16462411198227886
2026-04-10 17:55:46,2037,604,1,v8_6_phase_2_0_retry,480,219.8478274832964,168,success,104.57644653320312,14.99254322052002,0.40629085898399353,36.5522346496582,48.5619010925293,12.851593017578125,31.875625610351562,37.6752414995203,15.750117405273215,-37.14329270658136,0.7914877105333091,0.9912005066871643,0.0,5.332900461504552
2026-04-10 17:55:49,2037,605,1,v8_6_phase_2_0_retry,480,207.71233337951736,176,success,109.18961334228516,14.719772338867188,0.40629085898399353,38.012847900390625,48.5619010925293,11.389175415039062,31.476564407348633,33.08385515074891,4.576842741594314,-1.768129469615614,0.8378725643955149,0.9939968585968018,0.0,5.356543218722966
2026-04-10 17:55:52,2037,606,1,v8_6_phase_2_0_retry,480,228.68792634853932,169,success,105.45494842529297,14.372583389282227,0.40629085898399353,37.40437316894531,48.5619010925293,11.999034881591797,32.651920318603516,37.72899850338288,29.113131506951166,29.817265953771535,0.7909139259665224,0.9908574819564819,0.0,4.376082816459424
2026-04-10 17:55:56,2038,607,1,v8_6_phase_2_0_retry,480,215.15835852421202,172,success,107.07237243652344,14.643136024475098,0.40629085898399353,38.31837463378906,48.5619010925293,11.0814208984375,31.848962783813477,37.63359442105614,-15.232141471828836,4.957978396338427,0.7919317587847371,0.9982367753982544,0.0,3.8283824836582383
2026-04-10 17:55:59,2038,608,1,v8_6_phase_2_0_retry,480,210.05051572517644,174,success,107.31761169433594,14.444571495056152,0.40629085898399353,37.02324295043945,48.5619010925293,12.377971649169922,31.531097412109375,34.45608796632866,34.04332597440645,-32.06030007720372,0.8245600457002291,0.9959012269973755,0.0,2.154593066173846
2026-04-10 17:56:03,2038,609,1,v8_6_phase_2_0_retry,480,230.03251279829246,177,success,106.04389953613281,14.654955863952637,0.40629085898399353,36.68054962158203,48.5619010925293,12.723087310791016,27.93368148803711,21.409989519497426,-18.70682091960711,2.9383817453287473,0.9309921854422583,0.9887882471084595,0.0,4.264759906553946
2026-04-10 17:56:06,2038,610,1,v8_6_phase_2_0_retry,480,218.8261971128325,174,success,104.99909210205078,14.750903129577637,0.40629085898399353,36.370323181152344,48.5619010925293,13.037818908691406,29.672653198242188,34.896198035687604,11.206249536331255,-29.482637910859683,0.8201898398346908,0.978766679763794,0.0,2.2183746033117275
2026-04-10 17:56:09,2038,611,1,v8_6_phase_2_0_retry,480,218.67822085725953,180,success,110.69195556640625,14.999131202697754,0.40629085898399353,37.42451858520508,48.5619010925293,11.978168487548828,31.62301254272461,38.4598628955201,20.871311282678736,24.499929533970757,0.7830440516228764,0.9929578900337219,0.0,5.69632110411164
2026-04-10 17:56:13,2038,612,1,v8_6_phase_2_0_retry,480,220.21453391195985,181,success,109.007080078125,14.502409934997559,0.40629085898399353,36.721675872802734,48.5619010925293,12.68575668334961,26.27476692199707,32.92155961078565,-29.591275484703324,-23.954535513650654,0.8394154160515391,0.9726643562316895,0.0,0.8999662555783255
2026-04-10 17:56:16,2038,613,1,v8_6_phase_2_0_retry,480,199.15245144678215,174,success,104.4207534790039,14.891565322875977,0.40629085898399353,36.171424865722656,48.5619010925293,13.230743408203125,28.837095260620117,33.28491201425199,-28.424417919729393,-37.5309264325471,0.8359519093265154,0.9931648373603821,0.0,5.1891676090354535
2026-04-10 17:56:20,2039,614,1,v8_6_phase_2_0_retry,480,213.4244479770756,176,success,107.62739562988281,14.452112197875977,0.40629085898399353,37.22233963012695,48.5619010925293,11.764408111572266,31.68362808227539,35.59653831242403,9.525077873081717,19.326761332076025,0.8131359301788608,0.9455994963645935,0.0,1.7168828502374982
2026-04-10 17:56:23,2039,615,1,v8_6_phase_2_0_retry,480,209.50959539544579,176,success,104.33558654785156,14.761063575744629,0.40629085898399353,36.154788970947266,48.5619010925293,13.256114959716797,26.39771842956543,40.531923723648525,-29.994468381598345,38.11186817240253,0.7600439919639275,0.9631457328796387,0.0,3.30705133652
2026-04-10 17:56:27,2039,616,1,v8_6_phase_2_0_retry,480,195.36314168153595,177,success,107.72850036621094,14.903765678405762,0.40629085898399353,37.80479431152344,48.5619010925293,11.59793472290039,29.77814292907715,39.07142778851928,-16.793949602916875,-21.79780253792887,0.7763608154445313,0.9929709434509277,0.0,3.2523439447323073
2026-04-10 17:56:30,2039,617,1,v8_6_phase_2_0_retry,480,209.41071679210154,180,success,110.66439056396484,14.851922988891602,0.40629085898399353,37.961830139160156,48.5619010925293,11.43917465209961,31.30619239807129,37.98819393710111,-14.806519941246783,-15.678537022771483,0.7881375967986252,0.9977350831031799,0.0,3.728157482075567
2026-04-10 17:56:34,2039,618,1,v8_6_phase_2_0_retry,480,212.26415325686827,176,success,107.21106719970703,14.85028076171875,0.40629085898399353,38.72524642944336,48.5619010925293,10.68133544921875,26.5107479095459,34.7210890608414,-26.307440060071666,-9.481310020880276,0.8219344486102985,0.9756601452827454,0.0,0.9763649489200059
2026-04-10 17:56:38,2039,619,1,v8_6_phase_2_0_retry,480,214.3768034122275,171,success,103.15885925292969,14.714606285095215,0.40629085898399353,35.852108001708984,48.5619010925293,13.549690246582031,28.241037368774414,28.44166756247826,3.1324412934705608,44.263457557807,0.8793024491644225,0.9954033493995667,0.0,5.597284993923113
2026-04-10 17:56:41,2039,620,1,v8_6_phase_2_0_retry,480,221.63062311319737,171,success,104.37419891357422,14.70362663269043,0.40629085898399353,36.22047424316406,48.5619010925293,12.750091552734375,29.976028442382812,23.521221482515877,8.51938032912153,-8.525018650281375,0.9169123209140848,0.9898689985275269,0.0,2.6544165256002414
2026-04-10 17:56:45,2040,621,1,v8_6_phase_2_0_retry,480,222.18511960229898,172,success,103.25597381591797,14.861235618591309,0.40629085898399353,35.06592559814453,48.5619010925293,14.342063903808594,25.60495376586914,21.012180519215665,20.86885753721941,26.641856367119246,0.9335042198998945,0.9819418787956238,0.0,5.633071337550245
2026-04-10 17:56:48,2040,622,1,v8_6_phase_2_0_retry,480,212.2469256822176,175,success,107.57075500488281,14.980110168457031,0.40629085898399353,37.63657760620117,48.5619010925293,11.767688751220703,30.968286514282227,34.0332002189619,-24.49587240160377,14.9750890099627,0.8287134073118736,0.9835221767425537,0.0,1.4031331273771075
2026-04-10 17:56:51,2040,623,1,v8_6_phase_2_0_retry,480,234.93379299243222,173,success,105.82382202148438,14.553150177001953,0.40629085898399353,36.42527770996094,48.5619010925293,12.978530883789062,28.47483253479004,16.553444981862388,13.095164818281313,-0.8592098365006894,0.9585543908430437,0.9836486577987671,0.0,3.139871565180517
2026-04-10 17:56:55,2040,624,1,v8_6_phase_2_0_retry,480,210.89845710608824,179,success,108.2369384765625,14.82565975189209,0.40629085898399353,37.466190338134766,48.5619010925293,11.934654235839844,30.47749137878418,31.963898787258163,-23.97752593039692,-2.6471981878498214,0.8483818219873092,0.9969008564949036,0.0,2.245106494047653
2026-04-10 17:57:02,2040,625,1,v8_6_phase_2_0_retry,480,-393.52700267590876,335,high_altitude,110.2815933227539,119.76824951171875,0.40629085898399353,135.1451873779297,48.5619010925293,-85.57451629638672,-56.754356384277344,161.9210406910662,167.4371697666602,-165.8356953119673,-0.9506297570321511,0.5188531279563904,0.0,1.5439088757866974
2026-04-10 17:57:05,2040,626,1,v8_6_phase_2_0_retry,480,218.4511930924903,179,success,105.11544799804688,14.758933067321777,0.40629085898399353,37.82258605957031,48.5619010925293,11.582756042480469,22.80628776550293,29.18503973853306,-24.702885190063103,5.470427426083797,0.8730494305082144,0.9846821427345276,0.0,3.90118821467269
2026-04-10 17:57:09,2041,627,1,v8_6_phase_2_0_retry,480,242.22760862821792,178,success,102.88031768798828,14.702864646911621,0.40629085898399353,34.97052764892578,48.5619010925293,14.43869400024414,18.522499084472656,8.238283893829655,2.866008420553057,10.434562811072166,0.9896807081642978,0.9776243567466736,0.0,2.9712794077902114
2026-04-10 17:57:13,2041,628,1,v8_6_phase_2_0_retry,480,208.19173527086875,177,success,105.6348876953125,14.502897262573242,0.40629085898399353,36.97227096557617,48.5619010925293,12.439945220947266,30.16681671142578,39.56369318238044,-40.0422469714828,-29.54326266993272,0.7709170067479152,0.968842089176178,0.0,3.119242124492506
2026-04-10 17:57:16,2041,629,1,v8_6_phase_2_0_retry,480,221.40073014997762,173,success,104.75862884521484,14.966714859008789,0.40629085898399353,35.658348083496094,48.5619010925293,13.747920989990234,28.80304718017578,33.60418579190965,-32.445809614337584,-40.66372929915684,0.83288080999706,0.9827280640602112,0.0,4.718260300437744
2026-04-10 17:57:21,2041,630,1,v8_6_phase_2_0_retry,480,213.78462593392163,182,success,110.44023895263672,12.556166648864746,0.40629085898399353,38.3092155456543,48.5619010925293,11.100635528564453,29.69778823852539,40.20936804009467,38.76834838938372,39.70924109849883,0.7636904840643932,0.974481463432312,0.0,4.579176703726638
2026-04-10 17:57:24,2041,631,1,v8_6_phase_2_0_retry,480,228.02492574278602,179,success,107.60030364990234,14.483549118041992,0.40629085898399353,35.80165481567383,48.5619010925293,13.608463287353516,26.95172882080078,32.78314924234993,12.063460475282657,-39.53106195362071,0.8407258841767871,0.9729278087615967,0.0,2.344647204265462
2026-04-10 17:57:28,2041,632,1,v8_6_phase_2_0_retry,480,211.94049309993534,183,success,108.82609558105469,14.54685115814209,0.40629085898399353,36.886627197265625,48.5619010925293,12.527313232421875,30.086124420166016,18.80843535143668,-3.084007141405531,-7.841784582321244,0.9466018044003456,0.9625260829925537,0.0,4.258673702544709
2026-04-10 17:57:32,2042,633,1,v8_6_phase_2_0_retry,480,202.83752196165747,191,success,110.32474517822266,14.562761306762695,0.40629085898399353,37.116153717041016,48.5619010925293,12.304821014404297,24.08748435974121,35.506834022959666,-29.17003381292654,-21.542804255455614,0.8140462485224161,0.9424465298652649,0.0,4.707457638032526
2026-04-10 17:57:39,2042,634,1,v8_6_phase_2_0_retry,480,-312.4251515361425,329,high_altitude,110.70893096923828,109.9170150756836,0.40629085898399353,135.32028198242188,48.5619010925293,-85.81046295166016,-47.40714645385742,104.89927470710643,140.71879479026927,-52.638406706739445,-0.2571205600218338,0.6838024258613586,0.0,2.2926382958723335
2026-04-10 17:57:43,2042,635,1,v8_6_phase_2_0_retry,480,215.3567672953772,184,success,107.46935272216797,14.868496894836426,0.40629085898399353,35.74515914916992,48.5619010925293,13.668289184570312,27.298612594604492,34.55159108639836,-18.972470882091002,-30.524784759325645,0.8236158429815192,0.9597998261451721,0.0,2.018648805367242
2026-04-10 17:57:47,2042,636,1,v8_6_phase_2_0_retry,480,197.27377030437262,187,success,107.46109008789062,14.857060432434082,0.40629085898399353,35.38957214355469,48.5619010925293,14.020954132080078,24.370981216430664,34.39653213186073,-25.869963028637766,40.674763469761,0.8251476917999242,0.9636945724487305,0.0,3.1700480158316777
2026-04-10 17:57:50,2042,637,1,v8_6_phase_2_0_retry,480,210.0456047427202,181,success,107.23656463623047,14.518818855285645,0.40629085898399353,36.713531494140625,48.5619010925293,12.69036865234375,25.47366714477539,21.739339533728145,-20.173221553273827,-6.459402532521677,0.928878482798935,0.9891195297241211,0.0,4.435788867483939
2026-04-10 17:57:53,2042,638,1,v8_6_phase_2_0_retry,480,225.90976018077487,181,success,109.84649658203125,14.871169090270996,0.40629085898399353,36.61042022705078,48.5619010925293,12.79068374633789,30.764135360717773,23.856163714129547,13.048538531912222,1.0991471249672442,0.9145636563926789,0.9928796291351318,0.0,3.3366960021158674
2026-04-10 17:57:56,2043,639,1,v8_6_phase_2_0_retry,480,245.56249567914006,184,success,109.08036804199219,14.675533294677734,0.40629085898399353,35.10490417480469,48.5619010925293,14.300888061523438,23.11406135559082,19.236409882187804,1.6893387552278742,24.78058712960846,0.9441671939176899,0.9767351150512695,0.0,2.5867049656919887
2026-04-10 17:57:59,2043,640,1,v8_6_phase_2_0_retry,480,201.31297646323293,185,success,110.15766143798828,14.714306831359863,0.40629085898399353,36.166011810302734,48.5619010925293,13.243568420410156,28.02077865600586,37.79183282865241,-34.479614552924765,-43.084293699496,0.7902423705896982,0.9780317544937134,0.0,4.457522730788157
2026-04-10 17:58:02,2043,641,1,v8_6_phase_2_0_retry,480,245.42138631438263,175,success,104.2801284790039,14.834569931030273,0.40629085898399353,34.76966094970703,48.5619010925293,14.63232421875,23.95075225830078,6.1836763334647245,6.02222944450584,10.172182801653419,0.9941816928277423,0.9908350110054016,0.0,0.97241297222971
2026-04-10 17:58:04,2043,642,1,v8_6_phase_2_0_retry,480,221.33708819641097,180,success,108.62863159179688,14.423604011535645,0.40629085898399353,36.88788604736328,48.5619010925293,12.517066955566406,29.033815383911133,23.950189805791233,3.3112114631553013,-11.447032487594422,0.9138987096511108,0.9856095314025879,0.0,5.0861587145937435
2026-04-10 17:58:07,2043,643,1,v8_6_phase_2_0_retry,480,243.59216564730733,179,success,107.50365447998047,14.635923385620117,0.40629085898399353,35.499324798583984,48.5619010925293,13.92026138305664,27.07715606689453,6.010695389431805,-4.790765120172759,-4.428957620119313,0.9945023657378411,0.9363148808479309,0.0,2.7614581490477788
2026-04-10 17:58:10,2043,644,1,v8_6_phase_2_0_retry,480,207.85420104717466,177,success,109.0737533569336,14.815068244934082,0.40629085898399353,37.93219757080078,48.5619010925293,11.468048095703125,31.87334632873535,37.70176653916204,-4.654925891072723,-12.749384784002126,0.7912046780357402,0.9989895224571228,0.0,5.482483859100621
2026-04-10 17:58:13,2043,645,1,v8_6_phase_2_0_retry,480,216.70880246478225,178,success,110.02631378173828,14.511431694030762,0.40629085898399353,37.42535400390625,48.5619010925293,11.981124877929688,30.368236541748047,32.89469989187457,-21.36031355366392,-18.502471904924082,0.8396701069346457,0.9760409593582153,0.0,1.047544068088592
2026-04-10 17:58:16,2044,646,1,v8_6_phase_2_0_retry,480,221.73920643374652,175,success,104.42294311523438,14.859607696533203,0.40629085898399353,35.13491439819336,48.5619010925293,14.276355743408203,25.360761642456055,15.141407531347093,-2.8921172455422544,-15.050837515405433,0.9652841127421673,0.9696218967437744,0.0,3.0420815619814836
2026-04-10 17:58:19,2044,647,1,v8_6_phase_2_0_retry,480,205.18517255563071,180,success,106.47100830078125,14.979372024536133,0.40629085898399353,35.36936569213867,48.5619010925293,14.044071197509766,26.787906646728516,33.611832188685476,-31.412989389183274,-32.99337221971916,0.832806941701569,0.9587746858596802,0.0,3.9666816907145273
2026-04-10 17:58:21,2044,648,1,v8_6_phase_2_0_retry,480,239.32956633697427,179,success,109.17607116699219,14.420351028442383,0.40629085898399353,36.748146057128906,48.5619010925293,12.657413482666016,31.202665328979492,25.800255825515908,26.335121109230435,16.262758960975816,0.900316828087421,0.9807261228561401,0.0,1.488662195175508
2026-04-10 17:58:24,2044,649,1,v8_6_phase_2_0_retry,480,216.7308472205977,176,success,102.68571472167969,14.866836547851562,0.40629085898399353,34.55462646484375,48.5619010925293,14.422271728515625,22.708032608032227,17.50196871982769,-17.105307191326492,-22.092561059108064,0.9537066177405866,0.9817512631416321,0.0,5.753855780628238
2026-04-10 17:58:27,2044,650,1,v8_6_phase_2_0_retry,480,215.41207849376624,186,success,110.4760971069336,14.704875946044922,0.40629085898399353,35.813392639160156,48.5619010925293,13.586616516113281,28.19870948791504,23.954547466481703,20.688023156301444,-34.746367590959615,0.9138678328527209,0.9994493126869202,0.0,2.1065829189836673
2026-04-10 17:58:30,2044,651,1,v8_6_phase_2_0_retry,480,216.69664419926465,181,success,110.37124633789062,14.997444152832031,0.40629085898399353,36.04592514038086,48.5619010925293,13.356365203857422,29.387712478637695,32.715151294067866,28.294429174540294,-39.30412891844703,0.8413678913914323,0.9944199323654175,0.0,5.405315555675326
2026-04-10 17:58:33,2045,652,1,v8_6_phase_2_0_retry,480,210.37122696759153,187,success,109.24279022216797,10.346887588500977,0.40629085898399353,41.09174346923828,48.5619010925293,8.310386657714844,26.920461654663086,40.39639911013713,-40.5227712701607,29.234633742096523,0.761579038673121,0.9916197061538696,0.0,2.1126575178830853
2026-04-10 17:58:36,2045,653,1,v8_6_phase_2_0_retry,480,219.72591814204634,179,success,108.06298065185547,14.860221862792969,0.40629085898399353,35.93922424316406,48.5619010925293,13.463909149169922,29.174558639526367,19.82548979243931,14.257369316883175,11.54897818359874,0.9407299778519329,0.9876644611358643,0.0,1.5718602241006523
2026-04-10 17:58:41,2045,654,1,v8_6_phase_2_0_retry,480,-268.90190101473354,336,high_altitude,110.62940979003906,101.9781723022461,0.40629085898399353,135.70883178710938,48.5619010925293,-86.0768051147461,-38.89896774291992,87.50148515514165,85.68349370375935,-46.7905865695767,0.043593491174463345,0.3549879491329193,0.0,1.3196118532981616
2026-04-10 17:58:44,2045,655,1,v8_6_phase_2_0_retry,480,215.3811252259602,182,success,110.28021240234375,14.385302543640137,0.40629085898399353,37.52216720581055,48.5619010925293,11.891727447509766,31.18170928955078,18.9587370792174,15.268729087665301,2.965626516154282,0.9457527960459237,0.9618714451789856,0.0,4.676646753464991
2026-04-10 17:58:47,2045,656,1,v8_6_phase_2_0_retry,480,236.8580161599588,174,success,106.63883209228516,14.498984336853027,0.40629085898399353,36.941429138183594,48.5619010925293,12.47304916381836,29.991769790649414,14.326567670911865,1.6022998403654034,-3.7980786596946228,0.968901095441,0.9530059695243835,0.0,1.2574896012184098
2026-04-10 17:58:49,2045,657,1,v8_6_phase_2_0_retry,480,247.1430021518662,173,success,104.90477752685547,14.436188697814941,0.40629085898399353,36.325191497802734,48.5619010925293,13.078685760498047,29.170806884765625,21.751700468578576,14.782059326281676,-15.110763887635832,0.9287985547718581,0.9834920167922974,0.0,3.082655319022821
2026-04-10 17:58:53,2046,658,1,v8_6_phase_2_0_retry,480,219.19639460359008,185,success,109.31474304199219,14.49779224395752,0.40629085898399353,35.34810256958008,48.5619010925293,14.063060760498047,25.022668838500977,15.351569037013801,-10.960057075245437,-16.362242373784344,0.9643195289976627,0.968005359172821,0.0,2.5208221483719835
2026-04-10 17:58:55,2046,659,1,v8_6_phase_2_0_retry,480,233.76100060567833,181,success,110.72144317626953,14.59946346282959,0.40629085898399353,36.274845123291016,48.5619010925293,13.128047943115234,28.2676944732666,32.38741491202856,29.91927824412026,35.49331024840304,0.844445600143234,0.9908422827720642,0.0,3.848874146331015
2026-04-10 17:58:58,2046,660,1,v8_6_phase_2_0_retry,480,205.75245948874303,184,success,111.10721588134766,14.669472694396973,0.40629085898399353,36.841773986816406,48.5619010925293,12.563968658447266,29.563203811645508,24.520404733555164,-12.479186769304652,10.624551353025241,0.9098135285604508,0.9846022129058838,0.0,3.1744170306189012
2026-04-10 17:59:01,2046,661,1,v8_6_phase_2_0_retry,480,224.6810364497353,178,success,106.55960083007812,14.694900512695312,0.40629085898399353,35.967708587646484,48.5619010925293,13.436237335205078,27.741653442382812,18.409775992603254,8.451034894965444,10.965073849190812,0.9488221407655273,0.9876254200935364,0.0,1.6406040742920003
2026-04-10 17:59:04,2046,662,1,v8_6_phase_2_0_retry,480,196.23484444924966,182,success,108.8398666381836,14.757397651672363,0.40629085898399353,37.4202880859375,48.5619010925293,11.980754852294922,27.76839828491211,32.906587836124984,-26.4248253986948,-13.100499196023094,0.8395574050953816,0.9962703585624695,0.0,1.9448145884308867
2026-04-10 17:59:07,2046,663,1,v8_6_phase_2_0_retry,480,210.73142296688727,182,success,109.71366882324219,14.586730003356934,0.40629085898399353,36.83728790283203,48.5619010925293,12.571758270263672,30.120878219604492,21.64323535701148,13.075691948957608,9.795358703822876,0.9294984346559292,0.9727799892425537,0.0,2.3319046318805072
2026-04-10 17:59:09,2046,664,1,v8_6_phase_2_0_retry,480,222.29525268019472,174,success,102.98242950439453,14.962709426879883,0.40629085898399353,35.063289642333984,48.5619010925293,14.338512420654297,24.689027786254883,21.977168428175283,0.08622923729102674,37.59316653135883,0.9273330564696307,0.9946029186248779,0.0,5.0665033638240855
2026-04-10 17:59:13,2047,665,1,v8_6_phase_2_0_retry,480,220.292589296313,178,success,106.40209197998047,14.498385429382324,0.40629085898399353,36.56523513793945,48.5619010925293,12.836200714111328,27.12759017944336,24.26300734713594,-9.876433049270927,13.127988146111457,0.9116687782636452,0.993587076663971,0.0,2.089440449845543
2026-04-10 17:59:15,2047,666,1,v8_6_phase_2_0_retry,480,207.84216175195854,182,success,107.88453674316406,12.476818084716797,0.40629085898399353,38.79633331298828,48.5619010925293,10.608558654785156,29.921934127807617,40.02239844175474,-30.519518683475564,-42.58207330491955,0.7657931018441017,0.9893757700920105,0.0,6.230115368750752
2026-04-10 17:59:18,2047,667,1,v8_6_phase_2_0_retry,480,234.5746390794256,174,success,102.47494506835938,14.784669876098633,0.40629085898399353,35.22389221191406,48.5619010925293,14.179973602294922,23.697723388671875,7.129372800000466,-4.070107591976483,2.30765753137744,0.9922684429368517,0.9859899282455444,0.0,1.585639910851646
2026-04-10 17:59:21,2047,668,1,v8_6_phase_2_0_retry,480,220.48607306686955,173,success,102.6906509399414,14.884027481079102,0.40629085898399353,35.316680908203125,48.5619010925293,14.08441162109375,26.072555541992188,14.928597619829715,-10.292774060318225,5.227840877992922,0.966247618158713,0.9971895813941956,0.0,5.263681955739565
2026-04-10 17:59:23,2047,669,1,v8_6_phase_2_0_retry,480,220.1068472161229,181,success,109.3917465209961,13.81130313873291,0.40629085898399353,37.538082122802734,48.5619010925293,11.86782455444336,30.52923583984375,40.210727247739506,18.10304244226174,41.31720081780864,0.7636751689212284,0.9857103824615479,0.0,3.0997279838839433
2026-04-10 17:59:26,2047,670,1,v8_6_phase_2_0_retry,480,216.77589524507653,181,success,107.52503967285156,14.850668907165527,0.40629085898399353,36.56568145751953,48.5619010925293,12.841754913330078,28.937213897705078,27.686803593144912,-13.12808974517536,-16.865905645822963,0.885500665037608,0.9821355938911438,0.0,6.110714292388125
2026-04-10 17:59:30,2048,671,1,v8_6_phase_2_0_retry,480,216.78791984604754,188,success,108.76513671875,13.536423683166504,0.40629085898399353,37.43775939941406,48.5619010925293,11.969470977783203,24.952211380004883,40.37924850513123,-27.85510969957778,-42.97650989929861,0.7617729948877181,0.9758120775222778,0.0,3.9279283331399473
2026-04-10 17:59:33,2048,672,1,v8_6_phase_2_0_retry,480,208.9559624128775,178,success,107.81536102294922,14.98786449432373,0.40629085898399353,36.26847839355469,48.5619010925293,13.132362365722656,29.875402450561523,31.632446782310367,17.85690291514199,-31.61709934724535,0.8514300626984033,0.997006893157959,0.0,2.9412999791997314
2026-04-10 17:59:36,2048,673,1,v8_6_phase_2_0_retry,480,225.16134513990215,178,success,104.78900909423828,14.6104097366333,0.40629085898399353,35.1805419921875,48.5619010925293,14.223007202148438,22.650646209716797,18.73464540273845,17.623484615351387,31.352088007448856,0.9470162374995321,0.9910179972648621,0.0,4.941867797780419
2026-04-10 17:59:38,2048,674,1,v8_6_phase_2_0_retry,480,231.40231708759617,170,success,102.79219818115234,14.837652206420898,0.40629085898399353,35.20557403564453,48.5619010925293,14.206466674804688,25.81206703186035,30.59384821711823,29.743185722033576,-38.17072049738594,0.8607966772421249,0.9671308994293213,0.0,4.2397763876964545
2026-04-10 17:59:41,2048,675,1,v8_6_phase_2_0_retry,480,228.88360905392847,184,success,110.25052642822266,14.643393516540527,0.40629085898399353,35.77094650268555,48.5619010925293,13.63192367553711,27.353464126586914,21.964325964988365,11.149364305828803,-21.37548511135781,0.9274169158989447,0.9924585223197937,0.0,2.3893968541727455
2026-04-10 17:59:44,2048,676,1,v8_6_phase_2_0_retry,480,230.36844425541182,180,success,103.2421875,14.607649803161621,0.40629085898399353,34.856529235839844,48.5619010925293,14.543930053710938,21.832027435302734,9.143400925845881,-0.39958450262041967,-34.44349651259374,0.9872937204736477,0.9969949126243591,0.0,1.8568256197650919
2026-04-10 17:59:46,2048,677,1,v8_6_phase_2_0_retry,480,217.12017831590143,173,success,106.34300994873047,14.924568176269531,0.40629085898399353,36.13276290893555,48.5619010925293,13.271133422851562,28.898319244384766,24.302171651836794,-4.292084471133665,15.58979578998009,0.9113876785681991,0.9878652095794678,0.0,4.851425028201618
2026-04-10 17:59:50,2049,678,1,v8_6_phase_2_0_retry,480,225.84237741036213,171,success,103.02140045166016,14.774658203125,0.40629085898399353,35.45478439331055,48.5619010925293,13.951240539550781,26.689043045043945,27.14442510134337,8.98817377789994,33.14396764563419,0.8898593238000181,0.9841741323471069,0.0,5.301282703862377
2026-04-10 17:59:52,2049,679,1,v8_6_phase_2_0_retry,480,239.81260096867965,181,success,108.24267578125,14.807727813720703,0.40629085898399353,36.409671783447266,48.5619010925293,12.99114990234375,23.494836807250977,23.54464903136902,-3.0357682900620815,-5.050146249659048,0.9167490617412124,0.9953172206878662,0.0,3.059333483929855
2026-04-10 17:59:55,2049,680,1,v8_6_phase_2_0_retry,480,213.10222511166032,173,success,102.94071960449219,14.657403945922852,0.40629085898399353,35.471797943115234,48.5619010925293,13.943954467773438,25.789955139160156,33.93100351350559,-12.729027405180902,35.02055187481144,0.8297103602478879,0.9498545527458191,0.0,3.4986965814464694
2026-04-10 18:00:00,2049,681,1,v8_6_phase_2_0_retry,480,-325.440795597514,335,high_altitude,107.26835632324219,109.53501892089844,0.40629085898399353,135.07870483398438,48.5619010925293,-85.67255401611328,-49.97585678100586,153.96210811919548,-167.31769609769833,41.98812346978983,-0.8985039382359422,0.9747320413589478,0.0,0.5596214337922962
2026-04-10 18:00:03,2049,682,1,v8_6_phase_2_0_retry,480,211.90308071447504,172,success,105.80029296875,14.458823204040527,0.40629085898399353,37.138309478759766,48.5619010925293,12.266090393066406,30.184730529785156,24.05886153058072,-0.07661667984915939,5.8553111471349535,0.9131271238940512,0.9880335927009583,0.0,3.2043970784530247
2026-04-10 18:00:06,2049,683,1,v8_6_phase_2_0_retry,480,223.93150881161,174,success,104.2669677734375,14.763137817382812,0.40629085898399353,35.95808029174805,48.5619010925293,13.453800201416016,25.431987762451172,13.911710518461753,-12.315743757560833,8.450321993970823,0.9706673617891675,0.9599475860595703,0.0,3.1444156364756233
2026-04-10 18:00:12,2050,684,1,v8_6_phase_2_0_retry,480,-332.8141746556528,331,high_altitude,110.47412109375,113.95175170898438,0.40629085898399353,135.75978088378906,48.5619010925293,-86.34392547607422,-53.027957916259766,157.93986002764916,-158.11822358763487,44.16361385251976,-0.9267901416157384,0.9469051957130432,0.0,0.9037945427098579
2026-04-10 18:00:14,2050,685,1,v8_6_phase_2_0_retry,480,224.0339148137556,174,success,103.69387817382812,14.855871200561523,0.40629085898399353,34.98762512207031,48.5619010925293,14.418537139892578,25.534006118774414,19.679024923424848,19.75965018393497,-27.478108870602465,0.9415938869526388,0.9848229885101318,0.0,3.1041673503783387
2026-04-10 18:00:17,2050,686,1,v8_6_phase_2_0_retry,480,228.72920029784413,173,success,105.364501953125,14.438677787780762,0.40629085898399353,36.73198699951172,48.5619010925293,12.671855926513672,28.642614364624023,33.20554863119102,-9.194836519164308,30.390926711971737,0.836711282481542,0.9912053942680359,0.0,4.012916238243204
2026-04-10 18:00:20,2050,687,1,v8_6_phase_2_0_retry,480,217.59701771253597,179,success,106.33479309082031,14.476140975952148,0.40629085898399353,36.018211364746094,48.5619010925293,13.382152557373047,27.138992309570312,19.463841521170888,-7.789865753119039,-9.452043514060417,0.9428519637039462,0.9976637363433838,0.0,2.2900724620204223
2026-04-10 18:00:23,2050,688,1,v8_6_phase_2_0_retry,480,223.45615188381953,174,success,105.09675598144531,11.398664474487305,0.40629085898399353,39.24641036987305,48.5619010925293,10.163394927978516,28.575246810913086,40.204873775620804,39.86080299618141,44.94275402171062,0.763741121025514,0.9732439517974854,0.0,4.198577606617471
2026-04-10 18:00:25,2050,689,1,v8_6_phase_2_0_retry,480,205.45522151759275,194,success,110.63684844970703,9.618242263793945,0.40629085898399353,41.042640686035156,48.5619010925293,8.365058898925781,27.53554916381836,40.339127973946574,-4.778974079231202,37.28630662251767,0.7622264514019473,0.9780142903327942,0.0,2.684621418644935
2026-04-10 18:00:29,2051,690,1,v8_6_phase_2_0_retry,480,217.84181453635148,173,success,106.816162109375,14.53896427154541,0.40629085898399353,36.80345916748047,48.5619010925293,12.61709213256836,31.8702335357666,10.58673003426994,6.486671209009306,-2.9535515954753455,0.9829779267643132,0.937976598739624,0.0,1.7198439213506869
2026-04-10 18:00:31,2051,691,1,v8_6_phase_2_0_retry,480,238.97799970883284,175,success,107.1397705078125,14.740388870239258,0.40629085898399353,36.85832977294922,48.5619010925293,12.544994354248047,29.23341941833496,22.52792073189926,18.36151729102253,-3.5718956646691815,0.9236929378555396,0.9861380457878113,0.0,3.5798750914846775
2026-04-10 18:00:34,2051,692,1,v8_6_phase_2_0_retry,480,231.36531768157195,173,success,105.17526245117188,14.94609546661377,0.40629085898399353,36.09100341796875,48.5619010925293,13.313518524169922,29.05216407775879,17.739961538814907,-3.652000977028737,6.576925755588678,0.9524491985308623,0.9813658595085144,0.0,2.8869936607643667
2026-04-10 18:00:37,2051,693,1,v8_6_phase_2_0_retry,480,222.82269885814978,179,success,106.10165405273438,14.82825756072998,0.40629085898399353,35.72084045410156,48.5619010925293,13.680828094482422,24.568126678466797,25.845703904253174,-19.12013274175751,-25.87917524628082,0.8999713082883624,0.989545464515686,0.0,2.4908298466425327
2026-04-10 18:00:40,2051,694,1,v8_6_phase_2_0_retry,480,244.20000185975988,173,success,102.82209014892578,14.64708423614502,0.40629085898399353,35.27639389038086,48.5619010925293,14.128307342529297,26.168947219848633,9.927927552970946,3.3083131150696885,-9.972864221294106,0.9850254061193507,0.9850574135780334,0.0,4.626265225626687
2026-04-10 18:00:42,2051,695,1,v8_6_phase_2_0_retry,480,237.24331801769236,180,success,110.6016845703125,14.551419258117676,0.40629085898399353,37.58575439453125,48.5619010925293,11.836807250976562,32.0572624206543,18.670615794364167,15.640098425669942,-7.310072284682323,0.9473745799095337,0.9320386648178101,0.0,1.6745964975388228
2026-04-10 18:00:45,2051,696,1,v8_6_phase_2_0_retry,480,231.19797053221066,174,success,104.01954650878906,14.488383293151855,0.40629085898399353,35.772090911865234,48.5619010925293,13.63818359375,25.87578773498535,17.69749996029223,-14.626826201920212,14.96500082055859,0.9526747465022614,0.9645560383796692,0.0,0.9668123105800986
2026-04-10 18:00:48,2052,697,1,v8_6_phase_2_0_retry,480,206.9028954982666,187,success,109.6947021484375,14.596972465515137,0.40629085898399353,36.1486701965332,48.5619010925293,13.254135131835938,27.814924240112305,30.583975178672976,-16.765617978239664,-34.87875373254739,0.8608843650402089,0.992107629776001,0.0,5.419278964788341
2026-04-10 18:00:51,2052,698,1,v8_6_phase_2_0_retry,480,213.3993632517245,179,success,106.51978302001953,14.509265899658203,0.40629085898399353,36.05375289916992,48.5619010925293,13.34613037109375,28.205554962158203,25.08578217983943,12.139535122258259,35.85544346310253,0.9056740352714064,0.9991035461425781,0.0,4.5990332128403075
2026-04-10 18:00:54,2052,699,1,v8_6_phase_2_0_retry,480,232.69707572655034,177,success,107.8971176147461,14.775839805603027,0.40629085898399353,36.09409713745117,48.5619010925293,13.30856704711914,29.68715476989746,30.45178369747655,30.437826205907626,30.49114266256875,0.8620559656966799,0.991096556186676,0.0,3.621240433643677
2026-04-10 18:00:57,2052,700,1,v8_6_phase_2_0_retry,480,246.08174542174407,173,success,106.75395202636719,14.953723907470703,0.40629085898399353,35.92985916137695,48.5619010925293,13.47488021850586,27.22532844543457,17.574011847645693,14.453841415905883,-8.015056236280714,0.9533277183162904,0.9829331040382385,0.0,3.380223925218108
2026-04-10 18:00:59,2052,701,1,v8_6_phase_2_0_retry,480,227.16100031946598,172,success,102.74198150634766,14.716009140014648,0.40629085898399353,35.00690841674805,48.5619010925293,14.398746490478516,25.09092903137207,12.234174223397956,4.150061786400652,-16.159886066791668,0.9772896751837228,0.9815257787704468,0.0,2.0859409113109098
2026-04-10 18:01:02,2052,702,1,v8_6_phase_2_0_retry,480,214.1864909635514,175,success,105.33251190185547,14.747159957885742,0.40629085898399353,36.984832763671875,48.5619010925293,12.41876220703125,28.810338973999023,36.477533677612705,-29.095683788716368,29.16744858632569,0.8040900355483198,0.9917333722114563,0.0,6.350852576440324
2026-04-10 18:01:05,2052,703,1,v8_6_phase_2_0_retry,480,208.71748967227126,181,success,107.17815399169922,14.658998489379883,0.40629085898399353,36.830867767333984,48.5619010925293,12.573429107666016,27.89419174194336,23.3306865254292,-23.12422015210347,5.011027194961446,0.9182344030083399,0.9896185994148254,0.0,3.5414333466453045
2026-04-10 18:01:08,2053,704,1,v8_6_phase_2_0_retry,480,238.6087503557326,170,success,102.47248077392578,14.777666091918945,0.40629085898399353,36.00277328491211,48.5619010925293,13.401840209960938,24.80246353149414,14.76250449468793,-4.445322326483841,2.8654491988147623,0.9669903503825809,0.9832362532615662,0.0,3.1800406086469395
2026-04-10 18:01:11,2053,705,1,v8_6_phase_2_0_retry,480,213.5928506184147,181,success,107.75786590576172,14.677748680114746,0.40629085898399353,36.10940933227539,48.5619010925293,13.292396545410156,25.303985595703125,29.755217100256555,1.9752631737675959,-34.36807756377846,0.868153627610034,0.9945652484893799,0.0,2.318904749147234
2026-04-10 18:01:13,2053,706,1,v8_6_phase_2_0_retry,480,212.97416585149477,173,success,102.55652618408203,14.720755577087402,0.40629085898399353,35.32045364379883,48.5619010925293,14.085453033447266,25.408971786499023,19.31038595354092,11.981072172193024,-22.406244326930068,0.9437410240359961,0.9859752655029297,0.0,2.8863451152584227
2026-04-10 18:01:16,2053,707,1,v8_6_phase_2_0_retry,480,226.5470852406323,173,success,103.08961486816406,14.728187561035156,0.40629085898399353,35.153114318847656,48.5619010925293,14.253475189208984,25.44736099243164,22.985485349682172,-4.178467262498265,-32.44115142532363,0.9206038072209339,0.9823765158653259,0.0,5.0329299555126665
2026-04-10 18:01:19,2053,708,1,v8_6_phase_2_0_retry,480,210.26989920932382,180,success,109.9852523803711,14.484638214111328,0.40629085898399353,37.049842834472656,48.5619010925293,12.359310150146484,29.521987915039062,39.8383248436229,1.38055166582371,31.47273646894796,0.7678551857631167,0.9767329692840576,0.0,5.498395238988797
2026-04-10 18:01:24,2053,709,1,v8_6_phase_2_0_retry,480,-417.8253532453059,339,high_altitude,105.93287658691406,153.3184356689453,0.40629085898399353,135.10910034179688,48.5619010925293,-85.05928802490234,-58.86783981323242,78.6408651599917,83.22836854621994,-112.66291851022814,0.1969581297946376,-0.7422393560409546,0.0,2.0648370377189176
2026-04-10 18:01:27,2054,710,1,v8_6_phase_2_0_retry,480,225.85945751414792,173,success,106.09880828857422,14.871781349182129,0.40629085898399353,36.73454284667969,48.5619010925293,12.669391632080078,30.183740615844727,32.58374869972057,8.103144332232722,22.006825109551478,0.8426051793608351,0.9854878783226013,0.0,3.956991201082826
2026-04-10 18:01:30,2054,711,1,v8_6_phase_2_0_retry,480,203.5531986634636,175,success,105.78771209716797,14.945767402648926,0.40629085898399353,36.459373474121094,48.5619010925293,12.941577911376953,29.738075256347656,35.39611665651376,-0.16668903246644223,-40.661004053678006,0.8151670558715025,0.9952250719070435,0.0,3.447211170423489
2026-04-10 18:01:33,2054,712,1,v8_6_phase_2_0_retry,480,191.33025506305376,185,success,108.40052795410156,11.458869934082031,0.40629085898399353,39.64979934692383,48.5619010925293,9.75228500366211,28.45892906188965,40.387325203824766,-29.732919947711046,-42.71513222014057,0.7616816639936188,0.9882135391235352,0.0,2.523629894532325
2026-04-10 18:01:35,2054,713,1,v8_6_phase_2_0_retry,480,233.49291508537996,175,success,108.71192932128906,14.507710456848145,0.40629085898399353,36.71183395385742,48.5619010925293,12.687480926513672,30.252939224243164,28.923808908442165,25.38509472964773,20.12105939858244,0.8752636264005496,0.9999538064002991,0.0,1.3927152266403455
2026-04-10 18:01:38,2054,714,1,v8_6_phase_2_0_retry,480,219.00398000932296,177,success,107.73301696777344,14.686362266540527,0.40629085898399353,36.181087493896484,48.5619010925293,13.22421646118164,28.274892807006836,17.274166543082135,9.737728982700894,-7.463372465508674,0.9548947825010322,0.982553243637085,0.0,1.9761040191139532
2026-04-10 18:01:41,2054,715,1,v8_6_phase_2_0_retry,480,209.77917498943387,179,success,108.98334503173828,14.108864784240723,0.40629085898399353,37.64186477661133,48.5619010925293,11.767894744873047,30.021669387817383,39.125399943340724,-28.388581624701626,26.9341184541568,0.7757667442611388,0.9749254584312439,0.0,3.4482524619609483
2026-04-10 18:01:44,2055,716,1,v8_6_phase_2_0_retry,480,218.2649919467084,172,success,104.8962631225586,14.589712142944336,0.40629085898399353,36.48470687866211,48.5619010925293,12.918697357177734,29.876665115356445,32.724628181541256,8.804709774151519,-29.418919076092635,0.8412784857689939,0.9879006147384644,0.0,2.065897592145778
2026-04-10 18:01:47,2055,717,1,v8_6_phase_2_0_retry,480,220.91313291321498,176,success,104.38977813720703,14.72329044342041,0.40629085898399353,35.35165786743164,48.5619010925293,14.05368423461914,25.589622497558594,27.058381793274133,-22.93703028016281,-40.21914204079696,0.890543466046677,0.9845876097679138,0.0,2.5524891119362385
2026-04-10 18:01:50,2055,718,1,v8_6_phase_2_0_retry,480,225.7730416391239,179,success,108.7481460571289,14.869790077209473,0.40629085898399353,36.08711624145508,48.5619010925293,13.317951202392578,29.815717697143555,30.040363837726247,21.702936332999272,-26.25984047174585,0.8656729479781422,0.9871415495872498,0.0,2.467768629476562
2026-04-10 18:01:53,2055,719,1,v8_6_phase_2_0_retry,480,224.00283473085815,182,success,109.32989501953125,14.595029830932617,0.40629085898399353,36.535091400146484,48.5619010925293,12.874336242675781,28.86384391784668,15.902427208669915,8.90481217285358,-2.9288988814398307,0.9617297030113305,0.9757018685340881,0.0,4.926083816008861
2026-04-10 18:01:55,2055,720,1,v8_6_phase_2_0_retry,480,231.95612845587914,168,success,104.49598693847656,14.673578262329102,0.40629085898399353,36.56658935546875,48.5619010925293,12.833106994628906,30.181562423706055,29.86100307012171,27.11275351416202,30.703452262729424,0.8672358312447979,0.9996426105499268,0.0,2.1901086109954666
2026-04-10 18:01:58,2055,721,1,v8_6_phase_2_0_retry,480,194.4410966255782,204,success,111.44155883789062,4.503701686859131,0.40629085898399353,45.19302749633789,48.5619010925293,4.230018615722656,29.22797203063965,39.92772860476378,-37.43238387829673,42.712751899214815,0.76685462894227,0.9272461533546448,0.0,0.9355565179531378
2026-04-10 18:02:01,2055,722,1,v8_6_phase_2_0_retry,480,224.7492144952309,176,success,105.37684631347656,14.829155921936035,0.40629085898399353,35.14756393432617,48.5619010925293,14.26211929321289,23.315093994140625,19.682848121812764,19.88313829658151,21.71205805063582,0.941571414365924,0.9755666255950928,0.0,4.67389620986772
2026-04-10 18:02:04,2056,723,1,v8_6_phase_2_0_retry,480,231.48167465009337,174,success,105.41211700439453,14.670032501220703,0.40629085898399353,36.05472946166992,48.5619010925293,13.355670928955078,27.546701431274414,37.08128824929599,20.241470511007886,-38.885940341229244,0.797780882953456,0.9725494980812073,0.0,1.967600669353484
2026-04-10 18:02:09,2056,724,1,v8_6_phase_2_0_retry,480,-279.4143713879089,331,high_altitude,108.43901062011719,101.39642333984375,0.40629085898399353,135.68418884277344,48.5619010925293,-86.09416961669922,-37.3749885559082,97.09788044844206,92.13442978991799,54.396039776426335,-0.12356476716837296,0.4659978151321411,0.0,1.7555526231872942
2026-04-10 18:02:12,2056,725,1,v8_6_phase_2_0_retry,480,232.11781768197176,178,success,105.27794647216797,14.798628807067871,0.40629085898399353,35.129112243652344,48.5619010925293,14.273738861083984,23.755451202392578,20.32086121482553,0.6623429205274416,32.18271755769786,0.9377625542584238,0.9927824139595032,0.0,5.97133928356773
2026-04-10 18:02:15,2056,726,1,v8_6_phase_2_0_retry,480,209.70377015962933,173,success,105.96556854248047,14.6338472366333,0.40629085898399353,36.60718536376953,48.5619010925293,12.797073364257812,29.685407638549805,34.34261461855265,-7.7356827162069735,32.2078765595056,0.8256789348619931,0.9909288883209229,0.0,4.583157114157406
2026-04-10 18:02:20,2056,727,1,v8_6_phase_2_0_retry,480,-327.0726268937888,320,high_altitude,105.072509765625,111.066162109375,0.40629085898399353,135.0979461669922,48.5619010925293,-85.57198333740234,-52.04880142211914,132.19187734739864,151.75551988517446,111.3051930164455,-0.6716155609044326,0.6409503221511841,0.0,1.8384235507178934
2026-04-10 18:02:23,2057,728,1,v8_6_phase_2_0_retry,480,222.37422321153383,167,success,103.2125015258789,14.52509880065918,0.40629085898399353,36.017147064208984,48.5619010925293,13.40203857421875,29.482019424438477,39.95550015392905,14.264523086265116,39.865922222964336,0.7665434451253709,0.9513489007949829,0.0,5.1597782786079875
2026-04-10 18:02:26,2057,729,1,v8_6_phase_2_0_retry,480,217.02070402156752,171,success,104.9825439453125,14.707253456115723,0.40629085898399353,36.4117431640625,48.5619010925293,12.994205474853516,28.410120010375977,36.313831118680426,-28.433536222271357,33.29185831663789,0.8057853476388818,0.9814836978912354,0.0,4.572785224329079
2026-04-10 18:02:28,2057,730,1,v8_6_phase_2_0_retry,480,221.8485686020247,172,success,104.1078109741211,14.558492660522461,0.40629085898399353,36.26443099975586,48.5619010925293,13.135074615478516,29.094589233398438,25.578739130354055,14.877779304857528,22.72992528414968,0.9019927993122455,0.9998655319213867,0.0,2.3065354019698643
2026-04-10 18:02:31,2057,731,1,v8_6_phase_2_0_retry,480,206.82013238605919,173,success,103.55548858642578,14.51984691619873,0.40629085898399353,36.07246017456055,48.5619010925293,13.333423614501953,28.518037796020508,34.270515141674,-24.103563411151164,40.511542439165204,0.8263881800313378,0.9805072546005249,0.0,1.91234229673381
2026-04-10 18:02:34,2057,732,1,v8_6_phase_2_0_retry,480,219.08244880168456,179,success,110.2000961303711,14.375615119934082,0.40629085898399353,38.595191955566406,48.5619010925293,10.81302261352539,32.59690475463867,35.35307621945893,23.76777935872229,-13.97722227788593,0.8156019388045115,0.9748196005821228,0.0,1.1450077032676174
2026-04-10 18:02:36,2057,733,1,v8_6_phase_2_0_retry,480,220.49489410399485,172,success,104.46665954589844,14.58280086517334,0.40629085898399353,36.49532699584961,48.5619010925293,12.908496856689453,29.80225372314453,20.22100726425453,18.419310936684592,-7.084556086874604,0.9383663575033073,0.9876760840415955,0.0,2.2471323353795163
2026-04-10 18:02:39,2057,734,1,v8_6_phase_2_0_retry,480,229.95960603747176,174,success,105.93721008300781,14.59167194366455,0.40629085898399353,35.88186264038086,48.5619010925293,13.520393371582031,28.90117645263672,14.240067593941886,4.910872716066964,2.95387859078186,0.9692735666013744,0.9899840354919434,0.0,3.5954865236068185
2026-04-10 18:02:42,2058,735,1,v8_6_phase_2_0_retry,480,219.7149629544554,178,success,106.75344848632812,14.446288108825684,0.40629085898399353,37.07976150512695,48.5619010925293,12.33230209350586,30.266138076782227,16.980557201230795,5.774346511600445,0.7814210788476785,0.9564039145648875,0.968388557434082,0.0,5.2051829341112015
2026-04-10 18:02:45,2058,736,1,v8_6_phase_2_0_retry,480,225.17844213933427,177,success,108.2855453491211,14.7006196975708,0.40629085898399353,36.10834503173828,48.5619010925293,13.29831314086914,27.5888614654541,34.03594595500825,25.14298501413829,35.011829723241334,0.8286865856260873,0.9827917218208313,0.0,2.5190955048852994
2026-04-10 18:02:50,2058,737,1,v8_6_phase_2_0_retry,480,-303.05609153978133,325,high_altitude,103.26856231689453,117.3211441040039,0.40629085898399353,135.7791290283203,48.5619010925293,-86.35582733154297,-49.814632415771484,118.06286606804022,-167.34191594849517,10.108332485744848,-0.470440067642675,0.9265787601470947,0.0,0.7528307917717282
2026-04-10 18:02:56,2058,738,1,v8_6_phase_2_0_retry,480,-314.86832451639856,317,high_altitude,108.5917739868164,100.935302734375,0.40629085898399353,135.27325439453125,48.5619010925293,-85.84233856201172,-50.082237243652344,160.39542231729544,161.64434972778898,-59.30763905386626,-0.9420306486643221,0.9033480882644653,0.0,2.4591512008565544
2026-04-10 18:02:58,2058,739,1,v8_6_phase_2_0_retry,480,214.95980657947126,166,success,103.63917541503906,14.903779029846191,0.40629085898399353,36.368377685546875,48.5619010925293,13.041088104248047,29.276466369628906,39.77218812188966,0.6161204690930265,-36.81337066400765,0.7685941479785516,0.9771901369094849,0.0,5.266794817714674
2026-04-10 18:03:01,2059,740,1,v8_6_phase_2_0_retry,480,208.11579865982662,176,success,104.16305541992188,14.726040840148926,0.40629085898399353,35.554771423339844,48.5619010925293,13.847339630126953,26.4963321685791,18.389565462849188,3.9979210301859105,-16.76487178007284,0.9489334809735571,0.9948407411575317,0.0,5.268589956100047
2026-04-10 18:03:04,2059,741,1,v8_6_phase_2_0_retry,480,223.41267875257205,182,success,107.09271240234375,14.600912094116211,0.40629085898399353,35.155357360839844,48.5619010925293,14.257259368896484,23.389686584472656,26.0068451422467,11.774264289408793,37.459790012341415,0.8987416675657276,0.9681901931762695,0.0,3.1902163768095173
2026-04-10 18:03:07,2059,742,1,v8_6_phase_2_0_retry,480,233.6606151614135,173,success,106.86746978759766,14.610184669494629,0.40629085898399353,36.329498291015625,48.5619010925293,13.07217025756836,30.2093563079834,24.2074403431433,21.36398819543739,-15.82998622233276,0.9120668764975026,0.9931070804595947,0.0,1.5791266575624896
2026-04-10 18:03:10,2059,743,1,v8_6_phase_2_0_retry,480,237.33583819611874,175,success,105.36904907226562,14.462732315063477,0.40629085898399353,36.202030181884766,48.5619010925293,12.778282165527344,28.240909576416016,13.690529356342877,7.686867354208893,3.6489086088820137,0.9715882546292689,0.9648547172546387,0.0,3.6285381719581733
2026-04-10 18:03:12,2059,744,1,v8_6_phase_2_0_retry,480,237.92418327401796,179,success,109.8126449584961,14.945438385009766,0.40629085898399353,36.91139221191406,48.5619010925293,12.501617431640625,30.306060791015625,17.615092020408735,3.9837398499216716,4.037448188686421,0.9531109888503206,0.9571073055267334,0.0,3.343994628037677
2026-04-10 18:03:17,2059,745,1,v8_6_phase_2_0_retry,480,-292.14547288021043,330,high_altitude,105.15343475341797,102.47144317626953,0.40629085898399353,135.70338439941406,48.5619010925293,-86.26068878173828,-44.404170989990234,127.58536554471026,126.62721294756254,-39.19983534491552,-0.6099427778324705,0.8733981847763062,0.0,2.365287035982114
2026-04-10 18:03:20,2060,746,1,v8_6_phase_2_0_retry,480,237.53145330111812,180,success,108.75748443603516,14.74464225769043,0.40629085898399353,36.00249481201172,48.5619010925293,13.409355163574219,28.6883544921875,14.988175652412444,-0.4673001986711161,9.281357086701798,0.9659792191883813,0.9596320390701294,0.0,3.063788064333572
2026-04-10 18:03:23,2060,747,1,v8_6_phase_2_0_retry,480,220.5068821316769,177,success,105.20683288574219,14.478017807006836,0.40629085898399353,36.090660095214844,48.5619010925293,13.320732116699219,27.361961364746094,34.774600177893866,-18.540401652932456,-36.081331479333194,0.8214021317689774,0.9728364944458008,0.0,6.242116393115609
2026-04-10 18:03:26,2060,748,1,v8_6_phase_2_0_retry,480,212.023454769586,180,success,108.89881896972656,14.77917194366455,0.40629085898399353,36.58393859863281,48.5619010925293,12.829158782958984,29.35165786743164,26.084374619515515,-12.143951693330319,15.548351909643747,0.8981475200833106,0.9595609307289124,0.0,1.779423325971002
2026-04-10 18:03:29,2060,749,1,v8_6_phase_2_0_retry,480,247.27334995048898,176,success,103.45382690429688,14.836021423339844,0.40629085898399353,34.64760208129883,48.5619010925293,14.7674560546875,19.439165115356445,19.304735679550028,-18.929956369602255,-23.014534144222235,0.9437736302870898,0.949234127998352,0.0,0.6465765562845555
2026-04-10 18:03:31,2060,750,1,v8_6_phase_2_0_retry,480,211.45257182693837,181,success,110.05516815185547,14.565984725952148,0.40629085898399353,37.28961181640625,48.5619010925293,12.113128662109375,30.463956832885742,30.49605356858199,24.901933977950197,15.419297192823649,0.8616641167376349,0.9887457489967346,0.0,3.917934161245035
2026-04-10 18:03:34,2060,751,1,v8_6_phase_2_0_retry,480,209.77885952433854,177,success,108.45787811279297,14.920119285583496,0.40629085898399353,36.751068115234375,48.5619010925293,12.653949737548828,29.222789764404297,38.67409519393213,-30.075805689329442,30.736687963230708,0.7807130148718957,0.9829676747322083,0.0,1.8234949893153969
2026-04-10 18:03:37,2060,752,1,v8_6_phase_2_0_retry,480,228.46073218780327,174,success,107.31167602539062,14.726092338562012,0.40629085898399353,37.099082946777344,48.5619010925293,12.303302764892578,31.23912239074707,34.18803719235151,22.67394846880684,-23.009705200479036,0.8271979138488279,0.9928789138793945,0.0,2.24932699536405
2026-04-10 18:03:40,2061,753,1,v8_6_phase_2_0_retry,480,216.90447337767162,180,success,108.47409057617188,14.557671546936035,0.40629085898399353,36.45071792602539,48.5619010925293,12.954479217529297,29.665191650390625,27.4174004417121,-15.048378647304228,-20.19442246045755,0.8876755838233925,0.9820202589035034,0.0,1.9363940960208517
2026-04-10 18:03:43,2061,754,1,v8_6_phase_2_0_retry,480,224.22312335612799,177,success,109.99771881103516,14.837453842163086,0.40629085898399353,36.531227111816406,48.5619010925293,12.87228775024414,31.529788970947266,37.922900743730374,32.69316150003501,-39.25233559397083,0.7888384960837937,0.9886282682418823,0.0,1.6208469975180049
2026-04-10 18:03:46,2061,755,1,v8_6_phase_2_0_retry,480,235.7737554610285,180,success,104.15750122070312,14.989984512329102,0.40629085898399353,34.56669235229492,48.5619010925293,14.834270477294922,21.430919647216797,5.493119875827517,0.40007390168270696,9.018878893313731,0.9954077004271743,0.9974079132080078,0.0,5.575658296831837
2026-04-10 18:03:48,2061,756,1,v8_6_phase_2_0_retry,480,239.19063617501513,169,success,104.52226257324219,14.40253734588623,0.40629085898399353,36.2420768737793,48.5619010925293,13.158329010009766,29.871356964111328,22.108992786703823,21.072832599045377,15.610638112232385,0.92646956965579,0.9962430000305176,0.0,1.233555864106467
2026-04-10 18:03:51,2061,757,1,v8_6_phase_2_0_retry,480,222.52260087491436,179,success,108.72024536132812,14.999268531799316,0.40629085898399353,36.174320220947266,48.5619010925293,13.246528625488281,29.17523956298828,16.445355530699644,-4.058881322301921,-10.00127780824136,0.9590901715515654,0.9345756769180298,0.0,3.3139237784880984
2026-04-10 18:03:56,2061,758,1,v8_6_phase_2_0_retry,480,-314.6090596144399,318,high_altitude,111.46853637695312,99.60790252685547,0.40629085898399353,135.55926513671875,48.5619010925293,-85.90862274169922,-46.41345977783203,121.67036708196586,111.86050788653505,123.13184997943017,-0.5250315481253606,0.30310770869255066,0.0,1.2652985418061435
2026-04-10 18:04:00,2062,759,1,v8_6_phase_2_0_retry,480,237.78397869291882,178,success,110.86795043945312,14.390806198120117,0.40629085898399353,38.05467987060547,48.5619010925293,11.380958557128906,31.706844329833984,12.506925021297722,12.219305755348485,5.98078342973538,0.9762698401401027,0.8916491270065308,0.0,0.941075973387775
2026-04-10 18:04:02,2062,760,1,v8_6_phase_2_0_retry,480,204.1508575092221,168,success,104.80619812011719,14.802960395812988,0.40629085898399353,37.59032440185547,48.5619010925293,11.810344696044922,32.47959518432617,40.40204426148615,32.39090855378902,-44.71056174087604,0.7615151827213413,0.9983148574829102,0.0,4.693254218704012
2026-04-10 18:04:05,2062,761,1,v8_6_phase_2_0_retry,480,204.86236009660536,173,success,104.87432861328125,14.881461143493652,0.40629085898399353,37.34341049194336,48.5619010925293,12.057178497314453,27.349626541137695,32.46229086080482,-21.61855446844564,0.5338563900689236,0.8437448861307207,0.9982155561447144,0.0,6.158064548196661
2026-04-10 18:04:07,2062,762,1,v8_6_phase_2_0_retry,480,219.8607178355413,176,success,107.10121154785156,14.672015190124512,0.40629085898399353,36.352901458740234,48.5619010925293,13.057003021240234,29.28044891357422,32.368993891837036,-6.766889538106011,-25.781633314743868,0.8446177691747647,0.974967896938324,0.0,3.2232588422709183
2026-04-10 18:04:10,2062,763,1,v8_6_phase_2_0_retry,480,222.7961751342277,185,success,110.720703125,12.391276359558105,0.40629085898399353,38.61823272705078,48.5619010925293,10.78875732421875,30.33348274230957,40.420079375989566,6.08679223452221,37.851467210295795,0.7613111263649943,0.977959394454956,0.0,1.446907432695598
2026-04-10 18:04:13,2062,764,1,v8_6_phase_2_0_retry,480,213.11169470130704,178,success,110.28047180175781,13.894135475158691,0.40629085898399353,38.49539566040039,48.5619010925293,10.914356231689453,32.04248809814453,39.8512612219109,27.319243793149845,-22.261883156179973,0.7677105246945612,0.9743605256080627,0.0,3.204933739460931
2026-04-10 18:04:16,2062,765,1,v8_6_phase_2_0_retry,480,234.8886284212728,179,success,107.6148452758789,14.605947494506836,0.40629085898399353,35.81045913696289,48.5619010925293,13.590930938720703,27.18408203125,17.54470521346446,17.60411932150711,12.225324859554558,0.9534820338103625,0.9919743537902832,0.0,1.1304298748796866
2026-04-10 18:04:21,2063,766,1,v8_6_phase_2_0_retry,480,-316.0867468361231,315,high_altitude,107.17792510986328,99.27079772949219,0.40629085898399353,135.3336944580078,48.5619010925293,-85.93314361572266,-49.05733871459961,147.27346778954205,147.97539267016592,12.833986068382844,-0.8412605202496918,0.9974781274795532,0.0,2.83792330163748
2026-04-10 18:04:24,2063,767,1,v8_6_phase_2_0_retry,480,232.87205790090403,172,success,105.16655731201172,14.948612213134766,0.40629085898399353,35.4339599609375,48.5619010925293,13.96816635131836,28.420265197753906,22.35541235157954,22.417169214507506,-23.539603229119674,0.924842303082229,0.9930188655853271,0.0,3.6293941672820953
2026-04-10 18:04:26,2063,768,1,v8_6_phase_2_0_retry,480,240.5965835766293,178,success,108.10955810546875,14.911964416503906,0.40629085898399353,36.49814224243164,48.5619010925293,12.90341567993164,29.273300170898438,29.592914730104127,22.934962440391587,19.95753954721046,0.8695560043443117,0.9919990301132202,0.0,1.3759703796881704
2026-04-10 18:04:29,2063,769,1,v8_6_phase_2_0_retry,480,209.53044754709984,177,success,106.24541473388672,14.685463905334473,0.40629085898399353,36.11478042602539,48.5619010925293,13.288825988769531,28.585153579711914,19.202651672215016,6.360233308414969,-7.612223631864408,0.9443611491425965,0.9918044805526733,0.0,5.8936264651537424
2026-04-10 18:04:32,2063,770,1,v8_6_phase_2_0_retry,480,241.73622751440016,174,success,108.60841369628906,14.700616836547852,0.40629085898399353,37.033382415771484,48.5619010925293,12.394302368164062,29.575660705566406,13.617441209581862,8.600670679302082,-7.6853100710781295,0.9718893767517278,0.9164095520973206,0.0,1.436857479773817
2026-04-10 18:04:35,2063,771,1,v8_6_phase_2_0_retry,480,230.7674487219644,179,success,104.44084167480469,14.65480899810791,0.40629085898399353,35.4543342590332,48.5619010925293,13.945991516113281,22.645410537719727,14.420499847472467,-8.358298855283241,0.9198773909777409,0.9684941204210549,0.9981547594070435,0.0,4.3081530188424795
2026-04-10 18:04:38,2064,772,1,v8_6_phase_2_0_retry,480,235.8312360136033,175,success,106.5898208618164,14.81877613067627,0.40629085898399353,36.16151809692383,48.5619010925293,13.23855972290039,27.385326385498047,23.260393633586013,1.4800193905414882,-4.506859769584716,0.9187195872618773,0.9979772567749023,0.0,1.0631562149764249
2026-04-10 18:04:43,2064,773,1,v8_6_phase_2_0_retry,480,-275.9769616436669,320,high_altitude,102.58592224121094,100.63146209716797,0.40629085898399353,135.61590576171875,48.5619010925293,-86.10953521728516,-40.987327575683594,109.25522785028207,113.04333955643034,44.49177029119302,-0.3297767855937937,0.6954060792922974,0.0,1.1705003858712986
2026-04-10 18:04:45,2064,774,1,v8_6_phase_2_0_retry,480,230.53455953121312,174,success,109.22382354736328,14.791903495788574,0.40629085898399353,37.10594940185547,48.5619010925293,12.314216613769531,31.181381225585938,20.436115534427618,-9.238291036437575,9.760477781505267,0.9370620861481033,0.935232937335968,0.0,2.963858185781208
2026-04-10 18:04:48,2064,775,1,v8_6_phase_2_0_retry,480,222.32723814424756,183,success,106.44200134277344,14.68154239654541,0.40629085898399353,35.40053176879883,48.5619010925293,14.01461410522461,24.711246490478516,23.825663504390853,-24.277381480244234,-22.06903788760654,0.9147788230308698,0.9555426239967346,0.0,4.42910259480607
2026-04-10 18:04:51,2064,776,1,v8_6_phase_2_0_retry,480,217.3672498276198,173,success,103.47538757324219,12.684158325195312,0.40629085898399353,38.14435577392578,48.5619010925293,11.263736724853516,28.957386016845703,39.81892369128548,-39.58542001413025,-38.87864228410108,0.7680720658009828,0.9732315540313721,0.0,3.7493138490728732
2026-04-10 18:04:54,2064,777,1,v8_6_phase_2_0_retry,480,212.11488863478567,182,success,109.26029968261719,14.955605506896973,0.40629085898399353,35.97828674316406,48.5619010925293,13.427173614501953,27.09943389892578,35.006666100228806,1.3132842276177221,40.23649413638338,0.8190853057666718,0.9869588017463684,0.0,3.511969949774116
2026-04-10 18:04:57,2065,778,1,v8_6_phase_2_0_retry,480,234.32461229831142,172,success,104.49536895751953,14.695768356323242,0.40629085898399353,36.02850341796875,48.5619010925293,13.37835693359375,29.070283889770508,19.231391400695138,18.7459544884567,12.685761571883457,0.9441960479635593,0.9801647663116455,0.0,4.856156924602863
2026-04-10 18:05:00,2065,779,1,v8_6_phase_2_0_retry,480,217.1680946913007,184,success,110.45008850097656,14.697282791137695,0.40629085898399353,37.19868850708008,48.5619010925293,12.211891174316406,25.03240966796875,27.13896095000736,-22.51052424008324,13.156231832103106,0.889902829714416,0.966159462928772,0.0,1.7533524398709417
2026-04-10 18:05:05,2065,780,1,v8_6_phase_2_0_retry,480,-311.191662369095,338,high_altitude,111.22588348388672,103.90531158447266,0.40629085898399353,135.45855712890625,48.5619010925293,-85.78433990478516,-41.83695983886719,103.712099036899,99.3706258947638,93.98711177209476,-0.23704330089747822,0.2409951239824295,0.0,1.5027503579950665
2026-04-10 18:05:07,2065,781,1,v8_6_phase_2_0_retry,480,243.80912819216567,172,success,106.33361053466797,14.621479988098145,0.40629085898399353,35.825950622558594,48.5619010925293,13.579113006591797,26.01825714111328,19.451601822178226,-7.8187881891594575,15.935236022348072,0.9429231239326631,0.9813194274902344,0.0,1.4934053276262493
2026-04-10 18:05:10,2065,782,1,v8_6_phase_2_0_retry,480,235.72589817971303,174,success,105.64111328125,14.750787734985352,0.40629085898399353,35.58875274658203,48.5619010925293,13.839836120605469,27.219505310058594,14.874441049900684,-6.86572835181162,-13.76739886658314,0.9664906869762199,0.9159467816352844,0.0,1.1346146390737584
2026-04-10 18:05:13,2065,783,1,v8_6_phase_2_0_retry,480,217.19506584024873,173,success,105.85638427734375,14.684639930725098,0.40629085898399353,36.861331939697266,48.5619010925293,12.545173645019531,29.690305709838867,23.630021273352302,17.781338824806845,-10.276955342200475,0.9161528328717407,0.9790496826171875,0.0,4.246497996025931
2026-04-10 18:05:16,2066,784,1,v8_6_phase_2_0_retry,480,202.00829827161147,182,success,108.57422637939453,14.480571746826172,0.40629085898399353,37.08618927001953,48.5619010925293,12.318267822265625,29.023971557617188,23.764931169838395,-15.89341306651279,-3.940620011917735,0.9152064930285819,0.9893690943717957,0.0,2.8348201075889734
2026-04-10 18:05:18,2066,785,1,v8_6_phase_2_0_retry,480,228.06835822241243,172,success,102.13514709472656,14.606860160827637,0.40629085898399353,35.00815200805664,48.5619010925293,14.398529052734375,23.032224655151367,11.593061078275648,-8.943470189782206,-16.808607188875722,0.979599594365567,0.9809345602989197,0.0,2.832370089938866
2026-04-10 18:05:24,2066,786,1,v8_6_phase_2_0_retry,480,-357.3530358746616,332,high_altitude,104.99625396728516,148.91220092773438,0.40629085898399353,135.3745880126953,48.5619010925293,-85.62645721435547,-57.517337799072266,88.05561840250479,141.61835802471663,-85.84097054526318,0.03392934750244362,0.044084079563617706,0.0,1.3141037436860814
2026-04-10 18:05:26,2066,787,1,v8_6_phase_2_0_retry,480,234.8702636751498,173,success,108.57112884521484,14.468606948852539,0.40629085898399353,37.25175857543945,48.5619010925293,12.152816772460938,31.733245849609375,28.608566649942105,29.136552225615137,14.647714627949403,0.8779113934043061,0.982516348361969,0.0,3.4517792872675424
2026-04-10 18:05:29,2066,788,1,v8_6_phase_2_0_retry,480,227.9874819546905,171,success,104.84808349609375,14.96607494354248,0.40629085898399353,35.83141326904297,48.5619010925293,13.588855743408203,30.03571891784668,4.9047251189271295,3.8971693366258755,1.1528402025280664,0.9963382485645585,0.9387229681015015,0.0,3.8539274143125626
2026-04-10 18:05:32,2066,789,1,v8_6_phase_2_0_retry,480,224.7459692254534,181,success,107.1195068359375,14.693380355834961,0.40629085898399353,35.81073760986328,48.5619010925293,13.592857360839844,26.641752243041992,13.709938192643115,2.861017900147305,6.081182941666336,0.9715080248154622,0.9844397306442261,0.0,0.9077744313581984
2026-04-10 18:05:35,2067,790,1,v8_6_phase_2_0_retry,480,220.11345394132985,175,success,105.58697509765625,14.872769355773926,0.40629085898399353,35.51402282714844,48.5619010925293,13.89202880859375,26.900766372680664,16.2970874917443,14.895672692935667,12.482548076149946,0.9598195578262374,0.9847186207771301,0.0,3.2048073717497307
2026-04-10 18:05:38,2067,791,1,v8_6_phase_2_0_retry,480,223.99725092905146,178,success,102.23429107666016,14.759864807128906,0.40629085898399353,35.6123046875,48.5619010925293,13.797843933105469,18.605396270751953,29.990916683229937,-30.06532134895347,30.939086958905694,0.8661046597935349,0.9741635322570801,0.0,5.323638283021683
2026-04-10 18:05:40,2067,792,1,v8_6_phase_2_0_retry,480,212.15467589934718,178,success,108.65660858154297,14.961637496948242,0.40629085898399353,36.67377853393555,48.5619010925293,12.735782623291016,29.682498931884766,39.1239929243717,-18.205710430770786,-29.736697042322064,0.775782240051592,0.9761486053466797,0.0,3.6523796753477793
2026-04-10 18:05:43,2067,793,1,v8_6_phase_2_0_retry,480,225.54208739280074,176,success,105.38590240478516,14.640877723693848,0.40629085898399353,36.0387077331543,48.5619010925293,13.36959457397461,27.298418045043945,27.315084207945308,17.262259815811507,-23.834735703155925,0.8884964536085046,0.9810320138931274,0.0,5.453955496487151
2026-04-10 18:05:46,2067,794,1,v8_6_phase_2_0_retry,480,241.96728758006537,175,success,103.70248413085938,14.800610542297363,0.40629085898399353,34.97037124633789,48.5619010925293,14.431968688964844,22.808815002441406,8.406347528546988,-6.675646748531103,-10.19821179880669,0.9892561430440372,0.9886252284049988,0.0,3.049142334855713
2026-04-10 18:05:51,2067,795,1,v8_6_phase_2_0_retry,480,-404.65109972676265,329,wrong_way,106.85187530517578,115.94608306884766,0.40629085898399353,133.99977111816406,48.5619010925293,-84.26879119873047,-53.541038513183594,128.20497298545715,129.92470533543963,-143.88020248912304,-0.6184766014534937,0.09071478247642517,0.0,1.5308349565207011
2026-04-10 18:05:54,2068,796,1,v8_6_phase_2_0_retry,480,215.27777697592376,177,success,108.58738708496094,14.483407974243164,0.40629085898399353,37.38787078857422,48.5619010925293,12.020023345947266,30.852514266967773,37.60851055132927,-15.714120600799957,-24.88621771267,0.7921990053965059,0.9778718948364258,0.0,2.762115191984651
2026-04-10 18:05:57,2068,797,1,v8_6_phase_2_0_retry,480,224.1524503217635,174,success,102.14247131347656,14.63232421875,0.40629085898399353,35.32535934448242,48.5619010925293,14.07687759399414,25.95138168334961,12.16835937432936,-4.648904652432533,10.56218148061927,0.977532445789582,0.9948781728744507,0.0,5.1948149692818415
2026-04-10 18:05:59,2068,798,1,v8_6_phase_2_0_retry,480,228.19975260554145,184,success,106.2895736694336,14.968206405639648,0.40629085898399353,34.866939544677734,48.5619010925293,14.557182312011719,24.830535888671875,10.154624946618254,-10.287191234445386,6.165169935908575,0.9843355405346645,0.931045651435852,0.0,2.243865326119212
2026-04-10 18:06:02,2068,799,1,v8_6_phase_2_0_retry,480,215.5015097909789,180,success,108.67790222167969,14.872976303100586,0.40629085898399353,36.02931213378906,48.5619010925293,13.37436294555664,28.88374137878418,17.825214252487715,16.731060636133986,-1.2263810627650054,0.9519947726903291,0.9898777008056641,0.0,3.1725644874927115
2026-04-10 18:06:05,2068,800,1,v8_6_phase_2_0_retry,480,205.61169827836028,183,success,110.08364868164062,14.42521858215332,0.40629085898399353,37.135005950927734,48.5619010925293,12.2657470703125,29.70290184020996,35.37767514575472,4.864296375456178,-33.23096718018723,0.8153534462431979,0.9960989356040955,0.0,4.652507634571708
2026-04-10 18:06:08,2068,801,1,v8_6_phase_2_0_retry,480,214.54738376342675,180,success,110.13280487060547,14.691777229309082,0.40629085898399353,37.45054626464844,48.5619010925293,11.956268310546875,31.759124755859375,33.2816745045854,-14.35558914469525,-17.655658221436735,0.8359829182001663,0.9793534874916077,0.0,2.3298806770295744
2026-04-10 18:06:11,2069,802,1,v8_6_phase_2_0_retry,480,215.59503650487767,176,success,104.2927017211914,14.780325889587402,0.40629085898399353,35.4003791809082,48.5619010925293,14.014205932617188,26.710481643676758,8.169285322834186,5.79684131274506,-6.626638006802146,0.9898525480991505,0.9603779911994934,0.0,5.054531954885087
2026-04-10 18:06:14,2069,803,1,v8_6_phase_2_0_retry,480,210.0709379494332,180,success,105.6805191040039,14.516260147094727,0.40629085898399353,36.16487121582031,48.5619010925293,13.238475799560547,26.563602447509766,19.42542341463686,-10.347809163329249,10.399315619860316,0.9430751777982099,0.9922200441360474,0.0,5.473526225448058
2026-04-10 18:06:16,2069,804,1,v8_6_phase_2_0_retry,480,222.67207302062428,177,success,104.89112091064453,14.821927070617676,0.40629085898399353,35.07976150512695,48.5619010925293,14.327911376953125,25.058298110961914,25.62737349233913,-15.091487386250764,39.707383287044586,0.9016259912533121,0.9808349013328552,0.0,5.46727232565428
2026-04-10 18:06:19,2069,805,1,v8_6_phase_2_0_retry,480,201.3089290201145,176,success,104.69512176513672,14.513818740844727,0.40629085898399353,36.76948547363281,48.5619010925293,12.631195068359375,26.99305534362793,30.29007213868733,-29.340750976136423,22.93914593125822,0.8634829590977954,0.9940680861473083,0.0,3.1263270536730228
2026-04-10 18:06:22,2069,806,1,v8_6_phase_2_0_retry,480,220.7536827794159,175,success,106.20835876464844,14.820089340209961,0.40629085898399353,36.107994079589844,48.5619010925293,13.30181884765625,28.52178955078125,22.08144663378116,22.708387990149337,-14.58795730290096,0.9266504102284567,0.9737564325332642,0.0,2.125957285825368
2026-04-10 18:06:24,2069,807,1,v8_6_phase_2_0_retry,480,246.20589246634543,171,success,102.80516815185547,14.488919258117676,0.40629085898399353,35.46785354614258,48.5619010925293,13.934146881103516,25.79118537902832,10.222429088282617,9.30723581969333,8.806515505413342,0.9841262107137067,0.9892225861549377,0.0,0.8088528649181758
2026-04-10 18:06:27,2069,808,1,v8_6_phase_2_0_retry,480,235.07182846235798,180,success,110.54541015625,14.552541732788086,0.40629085898399353,36.97748565673828,48.5619010925293,12.424713134765625,31.55935287475586,24.110537034293746,23.688689183228124,-7.454864611123777,0.9127590673989125,0.9882653951644897,0.0,2.768203892459616
2026-04-10 18:06:30,2070,809,1,v8_6_phase_2_0_retry,480,236.73649681597732,168,success,102.55221557617188,14.831357955932617,0.40629085898399353,35.70830535888672,48.5619010925293,13.69293212890625,28.324546813964844,21.05571956007991,4.464184747650477,16.52365511179738,0.9332314759228585,0.9962722659111023,0.0,2.4346028595530322
2026-04-10 18:06:33,2070,810,1,v8_6_phase_2_0_retry,480,226.59916457755693,172,success,105.39728546142578,14.854096412658691,0.40629085898399353,35.868953704833984,48.5619010925293,13.53493881225586,28.472410202026367,32.26544822401964,15.692771137001788,39.741083440409426,0.8455839165532036,0.9893686771392822,0.0,2.459536088685628
2026-04-10 18:06:35,2070,811,1,v8_6_phase_2_0_retry,480,217.33991875581094,174,success,104.550048828125,14.633131980895996,0.40629085898399353,36.2860107421875,48.5619010925293,13.116077423095703,27.01289176940918,24.567833567151734,9.12158274031592,-16.54209662255641,0.9094696700146018,0.9952937960624695,0.0,3.9760815552401465
2026-04-10 18:06:41,2070,812,1,v8_6_phase_2_0_retry,480,-284.0734834146376,324,high_altitude,110.86933898925781,102.33172607421875,0.40629085898399353,135.508544921875,48.5619010925293,-85.99553680419922,-47.65253829956055,133.18852489070855,128.08860022237846,106.84001831825219,-0.6844010955016773,0.6768688559532166,0.0,0.9043048276323752
2026-04-10 18:06:43,2070,813,1,v8_6_phase_2_0_retry,480,214.90232561738054,181,success,107.86805725097656,14.591816902160645,0.40629085898399353,36.15115737915039,48.5619010925293,13.252628326416016,27.292285919189453,31.009089567709154,-18.775378943401112,-31.51309264165898,0.8570855827904192,0.9871042966842651,0.0,1.0483177785407551
2026-04-10 18:06:46,2070,814,1,v8_6_phase_2_0_retry,480,232.44708297243255,175,success,103.00315856933594,14.884879112243652,0.40629085898399353,35.74041748046875,48.5619010925293,13.664878845214844,24.026777267456055,19.662569290166996,-5.330978442007408,14.270650619724263,0.9416905645602437,0.9841732978820801,0.0,3.8709416010439788
2026-04-10 18:06:49,2071,815,1,v8_6_phase_2_0_retry,480,216.0445225131843,183,success,104.12566375732422,14.659294128417969,0.40629085898399353,34.957462310791016,48.5619010925293,14.44753646850586,22.365434646606445,4.1574640039136534,-0.9110717830337135,-6.298495655394047,0.9973685739239506,0.9892752766609192,0.0,5.82708742024357
2026-04-10 18:06:52,2071,816,1,v8_6_phase_2_0_retry,480,204.86603306566275,189,success,108.36031341552734,10.866747856140137,0.40629085898399353,40.434749603271484,48.5619010925293,8.967247009277344,25.57181739807129,40.044678518827325,-38.778986409016014,-34.0603058246831,0.7655429726782431,0.9916102886199951,0.0,1.9440418657645258
2026-04-10 18:06:55,2071,817,1,v8_6_phase_2_0_retry,480,214.07376418467348,175,success,107.48126220703125,14.963871955871582,0.40629085898399353,36.09486389160156,48.5619010925293,13.30990219116211,29.01017951965332,33.074695867071924,13.396728769194779,31.261970491539707,0.8379598156226905,0.9878823757171631,0.0,3.1306443217579045
2026-04-10 18:06:58,2071,818,1,v8_6_phase_2_0_retry,480,234.32688367642868,171,success,105.92113494873047,14.684061050415039,0.40629085898399353,36.06129455566406,48.5619010925293,13.33980941772461,30.234416961669922,25.5361358254061,25.482742529116816,-22.85731684990688,0.9023135861880982,0.9944473505020142,0.0,1.0536325208372495
2026-04-10 18:07:00,2071,819,1,v8_6_phase_2_0_retry,480,209.5818208502626,177,success,107.30976867675781,14.98571491241455,0.40629085898399353,36.58506774902344,48.5619010925293,12.816543579101562,28.499330520629883,33.13605145638615,-14.30506282031008,27.569223594130435,0.8373749343841731,0.9965433478355408,0.0,4.027443013653485
2026-04-10 18:07:03,2071,820,1,v8_6_phase_2_0_retry,480,214.24645259643674,174,success,105.674072265625,14.963815689086914,0.40629085898399353,36.69506072998047,48.5619010925293,12.707683563232422,27.2673397064209,26.58277864589322,-21.29630443585715,10.169159589172041,0.8942887790969337,0.9914190769195557,0.0,4.867973068727574
2026-04-10 18:07:06,2071,821,1,v8_6_phase_2_0_retry,480,212.57121272634228,178,success,108.1667251586914,14.814807891845703,0.40629085898399353,36.214717864990234,48.5619010925293,13.192729949951172,28.888097763061523,37.79911722540223,30.5634709507846,40.75598124918162,0.790164455539023,0.9813209772109985,0.0,2.8862632395824352
2026-04-10 18:07:09,2072,822,1,v8_6_phase_2_0_retry,480,219.76784873760104,181,success,109.28346252441406,11.610733032226562,0.40629085898399353,39.322898864746094,48.5619010925293,10.083518981933594,28.94403076171875,40.17965671720511,27.52585530799544,41.57262940219961,0.764025154927159,0.9826367497444153,0.0,4.3316169947858425
2026-04-10 18:07:12,2072,823,1,v8_6_phase_2_0_retry,480,219.0697306078255,189,success,110.43177032470703,14.885951042175293,0.40629085898399353,35.48134994506836,48.5619010925293,13.919876098632812,27.01162338256836,19.45619512439506,10.259847425876886,-17.464508547324755,0.9428964240358358,0.9936316013336182,0.0,1.719722842876054
2026-04-10 18:07:15,2072,824,1,v8_6_phase_2_0_retry,480,224.6669862425505,187,success,110.1366195678711,8.670011520385742,0.40629085898399353,42.54388427734375,48.5619010925293,6.8566741943359375,30.950971603393555,40.33218850174984,-11.500453104640384,-34.394670905311905,0.762304845878373,0.9981968998908997,0.0,5.257182509638493
2026-04-10 18:07:17,2072,825,1,v8_6_phase_2_0_retry,480,237.89529790806412,174,success,106.59732818603516,14.992754936218262,0.40629085898399353,36.600772857666016,48.5619010925293,12.80758285522461,30.1983699798584,21.780470932909964,21.320177654553635,-9.206895218143966,0.9286123523790124,0.9714170694351196,0.0,3.555902477097811
2026-04-10 18:07:23,2072,826,1,v8_6_phase_2_0_retry,480,-302.2166571206817,333,high_altitude,109.05481719970703,115.30699157714844,0.40629085898399353,135.1488037109375,48.5619010925293,-85.2385482788086,-43.397335052490234,84.12037076125608,85.58940784794244,-106.81632439202141,0.10243887678656385,-0.3821333646774292,0.0,1.7144038160257709
2026-04-10 18:07:25,2072,827,1,v8_6_phase_2_0_retry,480,228.3809687786729,177,success,106.72299194335938,14.504773139953613,0.40629085898399353,36.68684005737305,48.5619010925293,12.71767807006836,28.742801666259766,23.671581266904536,-5.736374501796583,12.263030065093966,0.9158618469801801,0.9871718287467957,0.0,4.177404553080052
2026-04-10 18:07:29,2073,828,1,v8_6_phase_2_0_retry,480,210.0051560230933,183,success,109.81289672851562,14.739265441894531,0.40629085898399353,35.98727035522461,48.5619010925293,13.414676666259766,28.737102508544922,26.952833172482634,26.700894814757543,-27.03376920659999,0.8913799546771946,0.9943875074386597,0.0,2.6026480838671024
2026-04-10 18:07:31,2073,829,1,v8_6_phase_2_0_retry,480,227.48044524285535,179,success,109.35945129394531,14.487500190734863,0.40629085898399353,36.924163818359375,48.5619010925293,12.480644226074219,28.961965560913086,21.240607658270278,14.814910828642144,-6.001923718990216,0.9320672702445614,0.9829587340354919,0.0,3.9554795386291586
2026-04-10 18:07:34,2073,830,1,v8_6_phase_2_0_retry,480,231.85332848886864,180,success,109.0,14.711176872253418,0.40629085898399353,36.2976188659668,48.5619010925293,13.107234954833984,29.285133361816406,32.29858488677796,28.83051876966355,-29.094850505637627,0.8452750306041036,0.9861998558044434,0.0,4.080965745242246
2026-04-10 18:07:37,2073,831,1,v8_6_phase_2_0_retry,480,225.69337863487064,176,success,103.41951751708984,14.814085960388184,0.40629085898399353,35.1923942565918,48.5619010925293,14.22882080078125,23.854482650756836,29.68698009535354,-28.788461879849194,-28.98755164887131,0.868744080139052,0.9437985420227051,0.0,4.592148415932121
2026-04-10 18:07:40,2073,832,1,v8_6_phase_2_0_retry,480,245.66616109189874,173,success,105.7021484375,14.845767974853516,0.40629085898399353,35.49638366699219,48.5619010925293,13.922985076904297,26.32377815246582,1.9559473987948,0.5319225393993109,-1.4580701507568292,0.9994173645508846,0.9397274851799011,0.0,1.356883304967627
2026-04-10 18:07:43,2073,833,1,v8_6_phase_2_0_retry,480,212.9666476335665,180,success,107.26087951660156,14.802559852600098,0.40629085898399353,35.771488189697266,48.5619010925293,13.629276275634766,27.390737533569336,22.812169299493096,21.67560191594088,20.84462231849691,0.9217808246771675,0.9982119202613831,0.0,6.85258541137104
2026-04-10 18:07:46,2074,834,1,v8_6_phase_2_0_retry,480,223.9029670854989,175,success,104.7204360961914,14.441112518310547,0.40629085898399353,36.505279541015625,48.5619010925293,12.905532836914062,28.996309280395508,32.25029544934597,-11.138214875782403,24.578804558506064,0.8457250700754013,0.9653142690658569,0.0,3.7451579332732683
2026-04-10 18:07:49,2074,835,1,v8_6_phase_2_0_retry,480,226.11344511707728,177,success,107.185791015625,14.46727180480957,0.40629085898399353,36.22452926635742,48.5619010925293,13.178768157958984,26.65463638305664,18.127414264767637,6.144876163223998,-9.393444759849938,0.9503669737341465,0.9881182909011841,0.0,1.8891378485397192
2026-04-10 18:07:52,2074,836,1,v8_6_phase_2_0_retry,480,211.88858863871036,182,success,109.60893249511719,14.661102294921875,0.40629085898399353,37.80785369873047,48.5619010925293,11.592926025390625,26.728303909301758,35.112503296512735,-9.031743554615451,-9.70793313622036,0.8180242181764955,0.9981829524040222,0.0,6.854167051982327
2026-04-10 18:07:55,2074,837,1,v8_6_phase_2_0_retry,480,211.75668348234535,188,success,110.38233184814453,10.284638404846191,0.40629085898399353,40.621856689453125,48.5619010925293,8.784770965576172,30.619455337524414,40.33282712443724,7.914775398886586,37.52840267764878,0.7622976318932403,0.9846312999725342,0.0,5.428309850647762
2026-04-10 18:07:57,2074,838,1,v8_6_phase_2_0_retry,480,220.7434662730778,172,success,105.37487030029297,14.86618709564209,0.40629085898399353,36.40669631958008,48.5619010925293,12.994449615478516,29.14083480834961,28.735562064727446,3.241115366137576,20.43761646849773,0.8768479319938025,0.9973600506782532,0.0,3.901222192085621
2026-04-10 18:08:00,2074,839,1,v8_6_phase_2_0_retry,480,221.79642650875448,173,success,105.05793762207031,14.964946746826172,0.40629085898399353,35.10258483886719,48.5619010925293,14.311992645263672,26.67005729675293,30.097515445606327,25.464321508925295,34.46552728776162,0.8651731670946711,0.964482843875885,0.0,3.1261882724588057
2026-04-10 18:08:03,2074,840,1,v8_6_phase_2_0_retry,480,230.44663972206763,178,success,107.73997497558594,14.49059772491455,0.40629085898399353,37.16925811767578,48.5619010925293,12.264122009277344,28.95232391357422,24.280130631385163,-16.25009408270732,22.481258587037026,0.9115459292079863,0.8989013433456421,0.0,3.206114744517698
2026-04-10 18:08:06,2075,841,1,v8_6_phase_2_0_retry,480,205.42899996201885,185,success,109.65791320800781,14.477875709533691,0.40629085898399353,37.695491790771484,48.5619010925293,11.704742431640625,26.549028396606445,37.363422873341705,-37.34106766418825,-25.101925331942756,0.7948022020763604,0.9955303072929382,0.0,0.9439756109147606
2026-04-10 18:08:09,2075,842,1,v8_6_phase_2_0_retry,480,229.60278176645534,175,success,102.81892395019531,14.801485061645508,0.40629085898399353,35.03448486328125,48.5619010925293,14.37685775756836,23.434207916259766,11.868318555600808,-2.4364655076137716,-12.21934076006798,0.9786228551868349,0.9657407999038696,0.0,4.208586212479467
2026-04-10 18:08:12,2075,843,1,v8_6_phase_2_0_retry,480,230.14222314514384,172,success,105.52645874023438,14.52881145477295,0.40629085898399353,36.16873550415039,48.5619010925293,13.23516845703125,28.26756477355957,32.48594039080599,29.825383633600094,42.68379531222855,0.8435232664746448,0.9897608757019043,0.0,2.295440408169993
2026-04-10 18:08:14,2075,844,1,v8_6_phase_2_0_retry,480,237.19934574782604,172,success,105.94727325439453,14.52149772644043,0.40629085898399353,37.04124450683594,48.5619010925293,12.360908508300781,30.59759521484375,34.73305213717268,26.27871569951718,27.043135103499374,0.821815504761263,0.9910835027694702,0.0,3.815303935835963
2026-04-10 18:08:17,2075,845,1,v8_6_phase_2_0_retry,480,209.13573497244823,174,success,103.97283172607422,14.722589492797852,0.40629085898399353,35.932106018066406,48.5619010925293,13.471904754638672,27.39170265197754,26.935860152395154,-7.338368904640039,-24.87604926854314,0.8915141861462962,0.986289918422699,0.0,2.2047698172236703
2026-04-10 18:08:20,2075,846,1,v8_6_phase_2_0_retry,480,217.05259854663024,179,success,108.89095306396484,14.82666015625,0.40629085898399353,36.44066619873047,48.5619010925293,12.967727661132812,26.820234298706055,32.780895279923826,24.62185011820278,24.534150489259815,0.8407471840950413,0.9777324795722961,0.0,2.173962677717281
2026-04-10 18:08:22,2075,847,1,v8_6_phase_2_0_retry,480,220.6170790370362,175,success,104.59813690185547,14.45932388305664,0.40629085898399353,36.067588806152344,48.5619010925293,13.33260726928711,26.847990036010742,21.804380010099592,-15.279527616743092,-16.46263761684707,0.9284574347318543,0.99891197681427,0.0,4.557015945470217
2026-04-10 18:08:26,2076,848,1,v8_6_phase_2_0_retry,480,220.67036247781104,174,success,107.48407745361328,14.918780326843262,0.40629085898399353,36.38081359863281,48.5619010925293,13.02325439453125,30.44955825805664,37.04004073689828,31.807122040144275,-40.857023652668204,0.7982147410303367,0.9899898171424866,0.0,2.6540410065720796
2026-04-10 18:08:29,2076,849,1,v8_6_phase_2_0_retry,480,220.86683275690672,177,success,104.6148681640625,14.816843032836914,0.40629085898399353,35.230464935302734,48.5619010925293,14.17319107055664,25.201820373535156,19.02968908431549,-13.97752280620941,21.589777173925086,0.9453497482791371,0.9849343299865723,0.0,1.2512287672475142
2026-04-10 18:08:31,2076,850,1,v8_6_phase_2_0_retry,480,236.55302493991863,174,success,105.92223358154297,14.659603118896484,0.40629085898399353,36.14961624145508,48.5619010925293,13.266185760498047,29.231334686279297,8.48105101504671,4.75039955595163,3.2753209535009997,0.9890646931234347,0.9501308798789978,0.0,3.535589706044768
2026-04-10 18:08:34,2076,851,1,v8_6_phase_2_0_retry,480,219.67163892238906,174,success,102.52904510498047,14.908279418945312,0.40629085898399353,35.40637969970703,48.5619010925293,13.997505187988281,24.0329647064209,28.34089495146389,-28.359068377298,38.113486927235826,0.8801387480678737,0.9878716468811035,0.0,4.798417553490269
2026-04-10 18:08:37,2076,852,1,v8_6_phase_2_0_retry,480,230.34871994454184,170,success,103.96129608154297,14.753439903259277,0.40629085898399353,36.4427490234375,48.5619010925293,12.96042251586914,25.83240509033203,36.63181740567954,-2.9911391936949836,38.11236677621194,0.8024862567258585,0.9879971742630005,0.0,1.2564341021962213
2026-04-10 18:08:39,2076,853,1,v8_6_phase_2_0_retry,480,221.8840342978737,177,success,106.53839874267578,14.454182624816895,0.40629085898399353,36.16191101074219,48.5619010925293,13.2427978515625,27.288164138793945,16.33523409825882,-5.834890589063908,8.101123450012043,0.9596325142238635,0.9861366152763367,0.0,2.724168673975582
2026-04-10 18:08:42,2076,854,1,v8_6_phase_2_0_retry,480,221.68428795037886,179,success,107.3677978515625,14.87401008605957,0.40629085898399353,36.2849006652832,48.5619010925293,13.127681732177734,28.049184799194336,28.06924125269956,0.3316129145996857,-18.78459116104417,0.8823795975760257,0.9628804326057434,0.0,2.2985266822254746
2026-04-10 18:08:46,2077,855,1,v8_6_phase_2_0_retry,480,204.5339557659976,179,success,108.54208374023438,14.931740760803223,0.40629085898399353,38.05092239379883,48.5619010925293,11.35174560546875,29.268348693847656,39.756383064150256,-40.03049221592121,-19.825868867938244,0.7687705902898414,0.9942849278450012,0.0,5.813147502396463
2026-04-10 18:08:48,2077,856,1,v8_6_phase_2_0_retry,480,234.54653110189153,176,success,104.75257873535156,14.734649658203125,0.40629085898399353,35.7796516418457,48.5619010925293,13.671218872070312,27.830949783325195,27.925066204604345,-9.941803082269827,-48.636930136203716,0.883560831935194,0.8524439334869385,0.0,3.5656993314350514
2026-04-10 18:08:51,2077,857,1,v8_6_phase_2_0_retry,480,216.6715770081974,181,success,106.28910827636719,14.744234085083008,0.40629085898399353,35.740821838378906,48.5619010925293,13.675418853759766,26.630281448364258,33.37381717158346,-25.827320450102082,-29.874082882382286,0.8350993328818197,0.9575611352920532,0.0,3.043470074769992
2026-04-10 18:08:54,2077,858,1,v8_6_phase_2_0_retry,480,209.15570889487205,179,success,108.04095458984375,14.591211318969727,0.40629085898399353,36.669593811035156,48.5619010925293,12.300373077392578,29.10884666442871,33.531355484789806,-26.544449331818402,-24.474014088712437,0.8335836461379946,0.9963322877883911,0.0,4.958282801159335
2026-04-10 18:08:57,2077,859,1,v8_6_phase_2_0_retry,480,246.2512210998924,174,success,105.6141586303711,14.89571762084961,0.40629085898399353,35.049015045166016,48.5619010925293,14.352043151855469,25.3043155670166,8.979426013120445,3.17533338735436,1.265843974798635,0.9877444500010064,0.9933881163597107,0.0,2.8525434394546583
2026-04-10 18:09:00,2077,860,1,v8_6_phase_2_0_retry,480,216.98201130291932,184,success,109.99275970458984,14.88227367401123,0.40629085898399353,36.530723571777344,48.5619010925293,12.874778747558594,26.600683212280273,21.307688653656268,11.819499778508142,2.8561022983790116,0.9316424736710941,0.9875653386116028,0.0,4.066331862215733
2026-04-10 18:09:03,2078,861,1,v8_6_phase_2_0_retry,480,208.68392876683467,176,success,107.01290130615234,14.912155151367188,0.40629085898399353,36.161277770996094,48.5619010925293,12.814586639404297,29.715234756469727,39.2302023659654,-38.01358516534063,-33.78340995573078,0.7746112189875132,0.9817087650299072,0.0,3.286671169441222
2026-04-10 18:09:06,2078,862,1,v8_6_phase_2_0_retry,480,209.76528391316032,175,success,105.82340240478516,14.168268203735352,0.40629085898399353,37.22120666503906,48.5619010925293,12.186622619628906,26.676136016845703,40.02886321580416,-37.67111265016702,34.7650481583396,0.7657205364361243,0.9798048138618469,0.0,3.265219370827356
2026-04-10 18:09:09,2078,863,1,v8_6_phase_2_0_retry,480,208.654699537623,180,success,110.13970184326172,14.412215232849121,0.40629085898399353,38.38612747192383,48.5619010925293,11.016803741455078,31.85328483581543,37.43315910476753,10.404180422096656,-16.457926493867053,0.7940629775226543,0.989942193031311,0.0,4.653045864334726
2026-04-10 18:09:11,2078,864,1,v8_6_phase_2_0_retry,480,210.0965645521654,179,success,109.69690704345703,13.957935333251953,0.40629085898399353,38.260353088378906,48.5619010925293,11.14760971069336,30.568801879882812,40.201397209333265,35.70794552797611,24.89091176017709,0.7637802883388438,0.9807656407356262,0.0,3.2486918038814494
2026-04-10 18:09:14,2078,865,1,v8_6_phase_2_0_retry,480,222.78279230343605,177,success,108.87752532958984,14.747947692871094,0.40629085898399353,37.21549987792969,48.5619010925293,12.184520721435547,29.85155487060547,31.895296367234554,-5.79734802740411,-5.785723045436748,0.8490150663207888,0.9989534616470337,0.0,5.120158170841659
2026-04-10 18:09:17,2078,866,1,v8_6_phase_2_0_retry,480,214.96004821284794,178,success,108.41333770751953,14.636621475219727,0.40629085898399353,36.34982681274414,48.5619010925293,13.052532196044922,29.266542434692383,29.574637143885173,24.625982382650637,-28.33250577161582,0.8697134952559059,0.9951106309890747,0.0,6.013727654784485
2026-04-10 18:09:22,2079,867,1,v8_6_phase_2_0_retry,480,-292.1727226128908,324,high_altitude,107.70812225341797,111.69523620605469,0.40629085898399353,135.71270751953125,48.5619010925293,-86.19815826416016,-45.11033248901367,96.18659660937895,139.98460409600628,-29.413857905917656,-0.10776678774003874,0.6715407967567444,0.0,0.8266104795617545
2026-04-10 18:09:25,2079,868,1,v8_6_phase_2_0_retry,480,225.32315882516286,169,success,103.44843292236328,14.98304557800293,0.40629085898399353,35.185211181640625,48.5619010925293,14.22842025756836,27.096593856811523,28.418663485353655,18.92845031289027,29.24954404505466,0.8794935967189965,0.9652726650238037,0.0,3.373236984755098
2026-04-10 18:09:28,2079,869,1,v8_6_phase_2_0_retry,480,212.05867274366037,174,success,105.0915298461914,14.9672269821167,0.40629085898399353,35.638343811035156,48.5619010925293,13.333492279052734,28.13420867919922,29.396461414101633,11.971164982801922,-25.980465244124815,0.8712441276620853,0.9927472472190857,0.0,6.115894215059189
2026-04-10 18:09:30,2079,870,1,v8_6_phase_2_0_retry,480,214.63485007544605,184,success,108.29479217529297,14.962841033935547,0.40629085898399353,35.69470977783203,48.5619010925293,13.706432342529297,24.47706413269043,20.737140754170298,7.264633597455167,10.168381801380306,0.9352147018600571,0.9975072741508484,0.0,4.08423770467907
2026-04-10 18:09:33,2079,871,1,v8_6_phase_2_0_retry,480,233.62917294402612,182,success,108.81932830810547,14.583996772766113,0.40629085898399353,35.798240661621094,48.5619010925293,13.6099853515625,27.342838287353516,7.721665460482815,6.873751262765446,-1.0124864318300628,0.9909324641869213,0.9726696610450745,0.0,1.6537447289474398
2026-04-10 18:09:36,2079,872,1,v8_6_phase_2_0_retry,480,217.8781402252659,181,success,108.76834869384766,14.769793510437012,0.40629085898399353,36.46408462524414,48.5619010925293,12.942390441894531,27.877666473388672,37.837178454552124,-35.94968982836495,-32.998433389894146,0.7897571389770194,0.9780024886131287,0.0,1.6603352206958628
2026-04-10 18:09:39,2079,873,1,v8_6_phase_2_0_retry,480,208.5288180761276,183,success,110.06903839111328,14.855592727661133,0.40629085898399353,36.90426254272461,48.5619010925293,12.503765106201172,25.492820739746094,33.37044988832264,-30.076635557313598,-20.695876166299666,0.8351316608671071,0.9739298820495605,0.0,4.060258429447281
2026-04-10 18:09:42,2080,874,1,v8_6_phase_2_0_retry,480,230.8926381440231,181,success,110.44219207763672,14.95146656036377,0.40629085898399353,36.10453796386719,48.5619010925293,13.300884246826172,30.006038665771484,24.051078530021492,21.169787134313708,-15.738101394975871,0.9131824936193228,0.9796842336654663,0.0,3.4773701419143124
2026-04-10 18:09:45,2080,875,1,v8_6_phase_2_0_retry,480,228.8258941132014,170,success,103.05429077148438,14.43231201171875,0.40629085898399353,35.96830749511719,48.5619010925293,13.432117462158203,28.71917152404785,19.1454624982945,16.102024119237907,-13.692623663097132,0.9446889770388053,0.9967392683029175,0.0,4.355628980331191
2026-04-10 18:09:47,2080,876,1,v8_6_phase_2_0_retry,480,211.33197379690196,180,success,104.08259582519531,14.679147720336914,0.40629085898399353,35.805572509765625,48.5619010925293,13.597038269042969,24.523836135864258,17.72618163216441,-12.926591480697168,-10.69238366921993,0.9525224521609549,0.9929640293121338,0.0,4.638169156624555
2026-04-10 18:09:50,2080,877,1,v8_6_phase_2_0_retry,480,213.5416719576369,177,success,104.08126831054688,14.596691131591797,0.40629085898399353,36.08076858520508,48.5619010925293,13.330921173095703,28.782175064086914,11.734214621436777,-11.79939255536527,4.861621075735648,0.9791015400203653,0.9702525734901428,0.0,2.7334034824549716
2026-04-10 18:09:53,2080,878,1,v8_6_phase_2_0_retry,480,214.05621480271327,179,success,109.39372253417969,14.417011260986328,0.40629085898399353,37.52248764038086,48.5619010925293,11.880306243896484,29.40447998046875,31.59033183588807,-17.236576596984968,15.575131373832074,0.8518153400778077,0.9910593628883362,0.0,2.6155773950714787
2026-04-10 18:09:58,2080,879,1,v8_6_phase_2_0_retry,480,-360.91735373769666,327,wrong_way,104.97105407714844,114.03892517089844,0.40629085898399353,133.0026397705078,48.5619010925293,-83.51178741455078,-52.93622970581055,166.07864514074464,-174.91253860567232,159.45052028713755,-0.9706268781372975,0.735389232635498,0.0,0.8447161045029232
2026-04-10 18:10:02,2081,880,1,v8_6_phase_2_0_retry,480,212.08857397856454,177,success,105.26464080810547,14.93653678894043,0.40629085898399353,35.92408752441406,48.5619010925293,13.495349884033203,28.851404190063477,38.754428463855234,-21.168509888938917,-30.98291286771508,0.7798361023401708,0.9471731781959534,0.0,5.050446967099912
2026-04-10 18:10:05,2081,881,1,v8_6_phase_2_0_retry,480,202.4081361868872,179,success,106.66876983642578,13.382890701293945,0.40629085898399353,38.17517852783203,48.5619010925293,11.227344512939453,29.58328628540039,40.43752709422436,-36.141720596879864,43.85128296215341,0.7611136442534419,0.991478443145752,0.0,2.578266181358761
2026-04-10 18:10:08,2081,882,1,v8_6_phase_2_0_retry,480,246.25881767183222,175,success,103.58555603027344,14.700313568115234,0.40629085898399353,35.68354415893555,48.5619010925293,13.718997955322266,21.022682189941406,13.721777471795685,-2.228707161317851,4.038172615625265,0.9714590303453065,0.9907362461090088,0.0,3.098381409668406
2026-04-10 18:10:10,2081,883,1,v8_6_phase_2_0_retry,480,203.96691217423395,181,success,108.67261505126953,14.775577545166016,0.40629085898399353,36.27287673950195,48.5619010925293,13.13174819946289,28.623245239257812,28.060683025669533,-18.472328572569523,-21.57454072943408,0.8824498716731761,0.9877098202705383,0.0,5.363212590502063
2026-04-10 18:10:13,2081,884,1,v8_6_phase_2_0_retry,480,227.89781121799356,171,success,102.75374603271484,14.584527015686035,0.40629085898399353,35.307003021240234,48.5619010925293,14.102699279785156,25.431060791015625,21.0095987077094,5.09973470369381,-24.58741059686028,0.9335203763531763,0.9740750193595886,0.0,5.367882335567263
2026-04-10 18:10:16,2081,885,1,v8_6_phase_2_0_retry,480,249.42840646557403,167,success,102.71846008300781,14.88257122039795,0.40629085898399353,35.42464065551758,48.5619010925293,14.001972198486328,26.504310607910156,10.32424415691906,0.22028696762656033,-9.027256974104398,0.983809291420452,0.9175117611885071,0.0,3.1175278189216535
2026-04-10 18:10:18,2081,886,1,v8_6_phase_2_0_retry,480,230.0726603576,176,success,106.44400024414062,14.740924835205078,0.40629085898399353,36.29547119140625,48.5619010925293,13.115032196044922,30.24074363708496,27.689001206510365,3.721312029178734,-19.291331433303878,0.8854828429179625,0.9656296372413635,0.0,3.6816965775817097
2026-04-10 18:10:22,2082,887,1,v8_6_phase_2_0_retry,480,225.5530743050439,175,success,106.21363067626953,14.656387329101562,0.40629085898399353,36.44366455078125,48.5619010925293,12.959754943847656,29.580175399780273,19.239063410680355,5.314706796970322,2.5392662579248104,0.9441519343765411,0.9882323741912842,0.0,1.681384962606059
2026-04-10 18:10:24,2082,888,1,v8_6_phase_2_0_retry,480,230.42735808382497,181,success,106.72037506103516,14.57593059539795,0.40629085898399353,36.030677795410156,48.5619010925293,13.372520446777344,28.943971633911133,15.296857514214707,-15.170772222136272,0.5814354878272324,0.9645718895792681,0.9898785352706909,0.0,4.118799588966572
2026-04-10 18:10:27,2082,889,1,v8_6_phase_2_0_retry,480,211.59167981282746,180,success,108.08592224121094,13.310598373413086,0.40629085898399353,37.744117736816406,48.5619010925293,11.664848327636719,27.75661277770996,40.312380953156804,-13.727362858989464,40.21291290827391,0.7625285481239552,0.9781221747398376,0.0,5.502124683224513
2026-04-10 18:10:30,2082,890,1,v8_6_phase_2_0_retry,480,221.8161898514428,182,success,109.87645721435547,9.774989128112793,0.40629085898399353,41.09871292114258,48.5619010925293,8.306617736816406,31.284151077270508,39.97974391038801,31.52553383123216,37.84376275691202,0.7662716434528665,0.9875112175941467,0.0,2.8451664733054
2026-04-10 18:10:33,2082,891,1,v8_6_phase_2_0_retry,480,242.556091051153,173,success,106.23589324951172,14.704577445983887,0.40629085898399353,36.177772521972656,48.5619010925293,13.228485107421875,29.396055221557617,13.301368229324,9.014040558060424,-0.0641021657940027,0.9731733788873531,0.9759505987167358,0.0,3.0040442727622625
2026-04-10 18:10:35,2082,892,1,v8_6_phase_2_0_retry,480,214.74070546226014,170,success,104.43067932128906,14.58977222442627,0.40629085898399353,36.890480041503906,48.5619010925293,12.510520935058594,28.933332443237305,35.67329597831663,-30.694736941348488,-33.68210117486657,0.8123554115423525,0.9939079284667969,0.0,1.6081321667897954
2026-04-10 18:10:38,2082,893,1,v8_6_phase_2_0_retry,480,226.19790493074078,178,success,109.78021240234375,14.828463554382324,0.40629085898399353,36.61240768432617,48.5619010925293,12.838409423828125,30.20437240600586,17.28167462852727,-10.410570064065205,26.453119457331578,0.9548558624723341,0.8546898365020752,0.0,3.462275288574829
2026-04-10 18:10:41,2083,894,1,v8_6_phase_2_0_retry,480,217.56435683080832,174,success,104.52944946289062,14.88485050201416,0.40629085898399353,35.417724609375,48.5619010925293,13.984931945800781,28.89921760559082,19.451262020267016,8.208917495493186,-18.843081486001573,0.9429250988887543,0.9919363260269165,0.0,5.1053339074762905
2026-04-10 18:10:44,2083,895,1,v8_6_phase_2_0_retry,480,220.078003630019,174,success,105.5211181640625,14.767365455627441,0.40629085898399353,36.72700881958008,48.5619010925293,12.67477035522461,30.287630081176758,23.143213200637984,-5.773667334664852,2.7852698215913945,0.919525330126562,0.9904465079307556,0.0,3.120460605223805
2026-04-10 18:10:46,2083,896,1,v8_6_phase_2_0_retry,480,212.7326611599639,177,success,104.58879089355469,14.783247947692871,0.40629085898399353,36.297767639160156,48.5619010925293,13.105171203613281,26.42547035217285,22.90739238180683,-21.021312482135972,11.75929849116365,0.9211351925809586,0.9907141327857971,0.0,1.4670201090372048
2026-04-10 18:10:49,2083,897,1,v8_6_phase_2_0_retry,480,208.73850168088316,169,success,104.24371337890625,14.94048023223877,0.40629085898399353,36.61001968383789,48.5619010925293,12.800548553466797,29.533981323242188,36.290065475463365,-33.20302829138729,-25.547238297901956,0.8060309193946702,0.9711072444915771,0.0,2.8504557365739394
2026-04-10 18:10:52,2083,898,1,v8_6_phase_2_0_retry,480,220.3656704332285,188,success,106.17819213867188,3.4281675815582275,0.40629085898399353,46.60016632080078,48.5619010925293,2.8018150329589844,31.558935165405273,40.45034735929647,-32.877095079288864,42.93350702828422,0.7609684930157179,0.9957022070884705,0.0,4.3478131694295685
2026-04-10 18:10:55,2083,899,1,v8_6_phase_2_0_retry,480,238.47171886959023,171,success,104.87216186523438,14.660378456115723,0.40629085898399353,35.92953109741211,48.5619010925293,13.475105285644531,28.40986442565918,12.388620168457576,9.891951239065197,2.195329734391291,0.9767149088404848,0.9814683198928833,0.0,3.247341379279637
2026-04-10 18:10:58,2084,900,1,v8_6_phase_2_0_retry,480,209.02126031603228,176,success,108.53813934326172,14.892952919006348,0.40629085898399353,38.22079086303711,48.5619010925293,11.180606842041016,30.12420082092285,40.43468232043505,-22.66651380789528,-18.89461014064744,0.761145847660171,0.9970493912696838,0.0,4.49929783560717
2026-04-10 18:11:01,2084,901,1,v8_6_phase_2_0_retry,480,207.17447777389393,178,success,108.77102661132812,14.542734146118164,0.40629085898399353,37.639259338378906,48.5619010925293,11.764240264892578,29.765653610229492,38.626201907472,-35.64812673122513,25.1022343980027,0.7812350846071086,0.9869174957275391,0.0,1.8158952452749768
2026-04-10 18:11:03,2084,902,1,v8_6_phase_2_0_retry,480,234.37879304062457,177,success,110.22703552246094,14.57979965209961,0.40629085898399353,37.32505416870117,48.5619010925293,12.115680694580078,31.0566463470459,11.692109066524587,-1.780921880322519,-12.183176615960056,0.9792507297630213,0.8784139156341553,0.0,3.2431311529079343
2026-04-10 18:11:07,2084,903,1,v8_6_phase_2_0_retry,480,199.53324511523323,192,success,109.10492706298828,8.799930572509766,0.40629085898399353,42.378135681152344,48.5619010925293,7.023311614990234,26.067867279052734,39.87233235550039,-38.675601250644114,26.994232656589375,0.7674748129280071,0.9916543364524841,0.0,2.9564427337538017
2026-04-10 18:11:09,2084,904,1,v8_6_phase_2_0_retry,480,199.76209683037567,179,success,105.85929870605469,13.528681755065918,0.40629085898399353,38.748512268066406,48.5619010925293,10.651840209960938,26.3043212890625,40.365284183373134,-36.795748775949015,-28.344595206446744,0.7619308670090826,0.9958816170692444,0.0,0.8722148841825627
2026-04-10 18:11:12,2084,905,1,v8_6_phase_2_0_retry,480,203.3133728839381,172,success,104.14051818847656,14.63833236694336,0.40629085898399353,36.56206512451172,48.5619010925293,12.852088928222656,28.06574058532715,30.399317599367095,-31.23310952720182,20.017947447777342,0.8625196960779764,0.9543038606643677,0.0,3.4616313608693923
2026-04-10 18:11:14,2084,906,1,v8_6_phase_2_0_retry,480,233.65717121032264,173,success,109.70761108398438,14.956912994384766,0.40629085898399353,36.346370697021484,48.5619010925293,13.071609497070312,29.659944534301758,23.732605592044017,12.773001870604737,-14.088960757612755,0.9154337066797803,0.9444777369499207,0.0,1.5674473568661018
2026-04-10 18:11:17,2085,907,1,v8_6_phase_2_0_retry,480,213.0649616482322,173,success,106.00011444091797,14.997551918029785,0.40629085898399353,36.632266998291016,48.5619010925293,12.77151107788086,27.73948860168457,30.679809562917423,-20.06677305505918,-19.159744423848995,0.8600321282225236,0.9876005053520203,0.0,4.629175520773899
2026-04-10 18:11:23,2085,908,1,v8_6_phase_2_0_retry,480,-327.26112202422553,332,high_altitude,110.23863220214844,118.10369110107422,0.40629085898399353,135.51345825195312,48.5619010925293,-86.08382415771484,-53.739200592041016,161.1995541486594,-161.6092425554551,67.9106994456042,-0.9466467523527227,0.908445417881012,0.0,0.8071131656150613
2026-04-10 18:11:25,2085,909,1,v8_6_phase_2_0_retry,480,220.63063239586182,172,success,104.19402313232422,14.702005386352539,0.40629085898399353,36.25590133666992,48.5619010925293,13.149391174316406,28.07404899597168,30.87851684134602,-21.570405049891637,-26.557768200699925,0.8582573986455975,0.9842820763587952,0.0,2.445041545364509
2026-04-10 18:11:28,2085,910,1,v8_6_phase_2_0_retry,480,218.48790053771086,180,success,107.86459350585938,11.194994926452637,0.40629085898399353,39.67488098144531,48.5619010925293,9.73867416381836,27.588150024414062,40.50441172167171,-22.0053856471839,31.292255550319542,0.7603559564509216,0.9625694751739502,0.0,4.672538894229623
2026-04-10 18:11:31,2085,911,1,v8_6_phase_2_0_retry,480,239.09006036061518,172,success,105.81571960449219,14.691960334777832,0.40629085898399353,35.873199462890625,48.5619010925293,13.528141021728516,29.267356872558594,23.246898887333362,20.549575221825286,-21.69106717176908,0.918812574166893,0.9956226944923401,0.0,4.375034448753378
2026-04-10 18:11:33,2085,912,1,v8_6_phase_2_0_retry,480,218.56874662292066,180,success,110.4263687133789,14.617260932922363,0.40629085898399353,38.13249588012695,48.5619010925293,10.839134216308594,31.339494705200195,38.5395575427558,34.60581937331368,-14.88911912642704,0.7821781804305329,0.9899340271949768,0.0,1.1387526236276038
2026-04-10 18:11:37,2086,913,1,v8_6_phase_2_0_retry,480,216.57110237957417,180,success,110.67768096923828,14.473616600036621,0.40629085898399353,37.557945251464844,48.5619010925293,11.860580444335938,28.896196365356445,30.89598505014833,-21.989119551675515,16.264531395065433,0.8581008895549829,0.9417008757591248,0.0,1.281991994553071
2026-04-10 18:11:40,2086,914,1,v8_6_phase_2_0_retry,480,205.97099967267508,183,success,110.2199935913086,14.854776382446289,0.40629085898399353,36.404205322265625,48.5619010925293,12.999732971191406,30.289644241333008,21.358175704453707,20.27742804189342,-6.083166257846579,0.9313219174919616,0.988703727722168,0.0,5.2131061028627
2026-04-10 18:11:42,2086,915,1,v8_6_phase_2_0_retry,480,220.39591087748522,172,success,105.83949279785156,14.915925025939941,0.40629085898399353,37.37065887451172,48.5619010925293,12.028877258300781,29.927623748779297,35.06218870799184,-21.614309505876477,1.1096770355115824,0.818529003342918,0.9997838139533997,0.0,2.7544375729437247
2026-04-10 18:11:45,2086,916,1,v8_6_phase_2_0_retry,480,211.26452786332638,178,success,107.57160949707031,14.529415130615234,0.40629085898399353,36.316001892089844,48.5619010925293,13.112003326416016,26.97601890563965,36.101801556275724,-36.67406212569607,31.50382065986069,0.8079713573453077,0.9214596152305603,0.0,2.430357927863352
2026-04-10 18:11:47,2086,917,1,v8_6_phase_2_0_retry,480,202.44810654494114,179,success,107.52623748779297,14.742894172668457,0.40629085898399353,37.58628463745117,48.5619010925293,11.820968627929688,28.91115951538086,27.35108955015503,-27.415375290623192,6.660383837057064,0.8882079104108956,0.9820281267166138,0.0,5.478732654933084
2026-04-10 18:11:50,2086,918,1,v8_6_phase_2_0_retry,480,215.26525920483354,177,success,107.82559967041016,14.45533561706543,0.40629085898399353,37.33761978149414,48.5619010925293,12.062973022460938,30.22011947631836,34.094682166775776,6.072959393905641,-24.585796964668866,0.8281123660346018,0.9981581568717957,0.0,6.034288022213549
2026-04-10 18:11:53,2086,919,1,v8_6_phase_2_0_retry,480,224.8388176745423,173,success,105.35169219970703,14.548574447631836,0.40629085898399353,35.88996124267578,48.5619010925293,13.51784896850586,28.565683364868164,32.93035347934204,25.74110809485089,43.88898902146647,0.8393319902007889,0.9807636141777039,0.0,2.8556332646639446
2026-04-10 18:11:56,2087,920,1,v8_6_phase_2_0_retry,480,211.937029526499,177,success,104.72349548339844,14.968948364257812,0.40629085898399353,35.68466567993164,48.5619010925293,13.728164672851562,23.519983291625977,39.457797929488564,-39.342412128744954,-44.69831521169421,0.7720928870375611,0.9614198803901672,0.0,4.196838969350923
2026-04-10 18:11:59,2087,921,1,v8_6_phase_2_0_retry,480,230.5253819402972,169,success,101.91973114013672,14.88597583770752,0.40629085898399353,34.83759689331055,48.5619010925293,14.570728302001953,25.06695556640625,23.238340660303336,21.08000429767389,42.76583612944416,0.918871519078425,0.9799330234527588,0.0,2.8438290091457374
2026-04-10 18:12:03,2087,922,1,v8_6_phase_2_0_retry,480,-319.3710995525205,321,high_altitude,107.45209503173828,116.58704376220703,0.40629085898399353,135.73838806152344,48.5619010925293,-86.28229522705078,-54.668277740478516,157.4437833882311,-171.85501808409447,-132.3439719998365,-0.9235036122909078,0.8326231837272644,0.0,1.2027868498452616
2026-04-10 18:12:06,2087,923,1,v8_6_phase_2_0_retry,480,212.78839184674746,175,success,109.04057312011719,14.696968078613281,0.40629085898399353,37.79222106933594,48.5619010925293,11.609920501708984,31.605087280273438,31.0293957201116,15.23471474559864,2.063101327484664,0.8569029465339518,0.9928116798400879,0.0,4.648937213553373
2026-04-10 18:12:12,2087,924,1,v8_6_phase_2_0_retry,480,-320.2641261293254,344,high_altitude,109.72632598876953,110.39505004882812,0.40629085898399353,135.80531311035156,48.5619010925293,-86.37726593017578,-46.70713424682617,118.34627793746074,140.76581381251566,-4.233644945708214,-0.4747992179799441,0.9169821739196777,0.0,3.823451458122852
2026-04-10 18:12:15,2088,925,1,v8_6_phase_2_0_retry,480,212.676480407895,181,success,109.05371856689453,14.962345123291016,0.40629085898399353,36.201446533203125,48.5619010925293,13.198616027832031,28.589780807495117,29.38459054532415,12.970424219695726,-26.285725181152905,0.8713458060738479,0.9975472092628479,0.0,1.817812528714209
2026-04-10 18:12:18,2088,926,1,v8_6_phase_2_0_retry,480,213.89170839258918,178,success,108.00230407714844,14.862812995910645,0.40629085898399353,36.46753692626953,48.5619010925293,12.935134887695312,29.660310745239258,34.1696127570654,9.22006382286375,-34.78312425397804,0.8273785630416238,0.9946966171264648,0.0,6.900589594346286
2026-04-10 18:12:20,2088,927,1,v8_6_phase_2_0_retry,480,201.35261113692536,175,success,103.94216918945312,12.289701461791992,0.40629085898399353,38.66017532348633,48.5619010925293,10.745262145996094,29.20301628112793,39.46413292994375,-5.884065389767061,41.185303034746525,0.77202261616173,0.9825612306594849,0.0,3.876427279484436
2026-04-10 18:12:23,2088,928,1,v8_6_phase_2_0_retry,480,218.07834028595997,179,success,108.3359603881836,14.513538360595703,0.40629085898399353,37.09125518798828,48.5619010925293,12.313934326171875,29.419660568237305,22.407477176075258,-3.5990751218107775,5.999841365067009,0.9244962955444376,0.9820033311843872,0.0,3.7782050123194413
2026-04-10 18:12:26,2088,929,1,v8_6_phase_2_0_retry,480,207.74733401408278,175,success,105.49832916259766,14.988301277160645,0.40629085898399353,35.358760833740234,48.5619010925293,13.614959716796875,28.259342193603516,32.42481019773438,-13.98502833033361,36.37658006658533,0.8440958228259087,0.9879535436630249,0.0,2.991957965427167
2026-04-10 18:12:31,2088,930,1,v8_6_phase_2_0_retry,480,-307.33583747754653,322,high_altitude,109.36314392089844,111.59483337402344,0.40629085898399353,135.25289916992188,48.5619010925293,-85.8528060913086,-48.630062103271484,135.7628641700214,175.83495565308255,9.91486652373059,-0.7164585947639226,0.9950176477432251,0.0,1.2871739058097476
2026-04-10 18:12:34,2089,931,1,v8_6_phase_2_0_retry,480,219.934674265037,172,success,105.72474670410156,14.519633293151855,0.40629085898399353,37.502159118652344,48.5619010925293,11.903671264648438,32.50627136230469,29.069602711370674,11.716250370145998,12.748070826360545,0.874030116911858,0.9811475276947021,0.0,4.134800765171482
2026-04-10 18:12:37,2089,932,1,v8_6_phase_2_0_retry,480,215.6621686205123,180,success,108.03359985351562,14.70841121673584,0.40629085898399353,35.980003356933594,48.5619010925293,13.423828125,28.250967025756836,32.35692836266821,7.732257376338213,-37.33129707858055,0.8447304903377831,0.9871393442153931,0.0,2.1070712666130493
2026-04-10 18:12:39,2089,933,1,v8_6_phase_2_0_retry,480,235.5979754093842,176,success,104.43997955322266,14.748063087463379,0.40629085898399353,35.22414779663086,48.5619010925293,14.176822662353516,22.470060348510742,16.429509491825215,8.780558225246354,21.93314785897455,0.9591684307900048,0.9969287514686584,0.0,4.868526993770087
2026-04-10 18:12:42,2089,934,1,v8_6_phase_2_0_retry,480,224.454752451276,168,success,103.77295684814453,14.629427909851074,0.40629085898399353,36.1208610534668,48.5619010925293,13.289810180664062,28.50768280029297,37.57917147374948,37.58195477583626,41.030466061356925,0.7925113948505719,0.9735408425331116,0.0,4.762670410673975
2026-04-10 18:12:45,2089,935,1,v8_6_phase_2_0_retry,480,218.5700240651634,181,success,106.55792999267578,14.655791282653809,0.40629085898399353,35.996219635009766,48.5619010925293,13.416065216064453,29.068004608154297,8.973362512684767,2.0534750296231774,0.2235405389098665,0.9877609620893557,0.9669696688652039,0.0,2.585473585791248
2026-04-10 18:12:48,2089,936,1,v8_6_phase_2_0_retry,480,233.36179640875253,174,success,103.17620849609375,14.588082313537598,0.40629085898399353,35.399688720703125,48.5619010925293,14.01492691040039,25.553253173828125,11.124540837064037,-11.211432796137647,-9.643628612731982,0.981210113280231,0.9526832699775696,0.0,1.223675174323188
2026-04-10 18:12:51,2089,937,1,v8_6_phase_2_0_retry,480,219.36804412910692,176,success,105.63327026367188,14.559090614318848,0.40629085898399353,36.4991569519043,48.5619010925293,12.903888702392578,29.602373123168945,26.64411715973452,11.96376959547809,18.88827172509767,0.8938092019254927,0.9914740920066833,0.0,3.133039023872514
2026-04-10 18:12:54,2090,938,1,v8_6_phase_2_0_retry,480,228.0856124009652,169,success,103.244384765625,14.498810768127441,0.40629085898399353,36.17356872558594,48.5619010925293,13.231884002685547,28.27399444580078,32.5714202082687,-3.16737002711236,-37.138094932622984,0.8427210372342032,0.9863460659980774,0.0,5.4974510109761345
2026-04-10 18:12:57,2090,939,1,v8_6_phase_2_0_retry,480,234.44333622479004,175,success,107.65791320800781,14.637717247009277,0.40629085898399353,35.8646354675293,48.5619010925293,13.579463958740234,26.908782958984375,16.26281872513105,-15.920315474106179,22.59396353853141,0.959987224504841,0.8683589696884155,0.0,3.024556467003439
2026-04-10 18:13:00,2090,940,1,v8_6_phase_2_0_retry,480,211.69196270926403,182,success,104.35258483886719,11.31803035736084,0.40629085898399353,38.732818603515625,48.5619010925293,10.686359405517578,26.775184631347656,39.42652249327907,-32.81166528213473,47.000522679000795,0.7724396708942608,0.9385212659835815,0.0,3.0259556868906206
2026-04-10 18:13:03,2090,941,1,v8_6_phase_2_0_retry,480,218.43915490004406,188,success,109.01660919189453,7.925950527191162,0.40629085898399353,42.160057067871094,48.5619010925293,6.813365936279297,31.022846221923828,39.625909375530085,-18.86711350659626,36.54627270141972,0.7702249183845348,0.9839946627616882,0.0,1.8333465965768168
2026-04-10 18:13:05,2090,942,1,v8_6_phase_2_0_retry,480,215.48018527215825,170,success,103.070556640625,14.857331275939941,0.40629085898399353,35.602779388427734,48.5619010925293,13.807205200195312,27.236316680908203,25.227657161731646,-7.445633610460505,22.869954407418696,0.9046214197606176,0.9756733775138855,0.0,3.9141541802382087
2026-04-10 18:13:08,2090,943,1,v8_6_phase_2_0_retry,480,208.80144206628194,168,success,104.01990509033203,14.847501754760742,0.40629085898399353,37.006248474121094,48.5619010925293,12.39593505859375,32.4006462097168,39.02267731331831,21.363547648235922,-41.44506878926045,0.7768968194942245,0.994914710521698,0.0,3.2715034087895445
2026-04-10 18:13:10,2090,944,1,v8_6_phase_2_0_retry,480,240.83235618274662,176,success,108.74043273925781,14.568546295166016,0.40629085898399353,36.23137283325195,48.5619010925293,13.203445434570312,29.09375,1.7639180176620666,-0.9903156377842014,1.0394842486284193,0.9995261430765728,0.8949974179267883,0.0,1.1908266195812076
2026-04-10 18:13:14,2091,945,1,v8_6_phase_2_0_retry,480,211.35161418308758,174,success,103.5538101196289,14.434602737426758,0.40629085898399353,36.42362976074219,48.5619010925293,12.978370666503906,28.299413681030273,23.591360695102736,-21.13693733950053,-16.287936745803776,0.9164230854996922,0.9890256524085999,0.0,2.808811730781496
2026-04-10 18:13:17,2091,946,1,v8_6_phase_2_0_retry,480,209.98885168868281,182,success,110.43812561035156,14.858322143554688,0.40629085898399353,37.79679870605469,48.5619010925293,11.603599548339844,27.703426361083984,35.71116254707518,-25.396525051223747,-13.224742044572919,0.8119698241150112,0.9958584308624268,0.0,1.588920008858481
2026-04-10 18:13:19,2091,947,1,v8_6_phase_2_0_retry,480,218.43761345401836,168,success,104.08174133300781,14.790630340576172,0.40629085898399353,35.977943420410156,48.5619010925293,13.43948745727539,29.389326095581055,28.052013808065492,28.430008429565046,-20.96758621412465,0.8825210370731293,0.9570133090019226,0.0,5.127225714772998
2026-04-10 18:13:22,2091,948,1,v8_6_phase_2_0_retry,480,224.00468443597907,173,success,106.94410705566406,14.537601470947266,0.40629085898399353,37.21329879760742,48.5619010925293,12.18851089477539,30.341106414794922,36.96648642972641,11.444994529900818,33.64736624784247,0.7989873883415363,0.9956240057945251,0.0,5.687962328905444
2026-04-10 18:13:24,2091,949,1,v8_6_phase_2_0_retry,480,203.77114577826433,175,success,107.55510711669922,14.95956802368164,0.40629085898399353,38.78548812866211,48.5619010925293,10.63067626953125,32.0834846496582,29.799234254362702,-14.964520999769396,-5.242176591287134,0.867772095240378,0.9589406251907349,0.0,5.329969549478467
2026-04-10 18:13:27,2091,950,1,v8_6_phase_2_0_retry,480,195.98041900260867,181,success,104.7784194946289,12.51900863647461,0.40629085898399353,38.8111457824707,48.5619010925293,10.593284606933594,25.354291915893555,40.41350531891342,-38.11370207819468,-33.24549157745726,0.7613855165618996,0.9816567301750183,0.0,3.081511539742556
2026-04-10 18:13:30,2092,951,1,v8_6_phase_2_0_retry,480,227.46373294607318,170,success,108.77350616455078,14.7891845703125,0.40629085898399353,39.35309600830078,48.5619010925293,10.049701690673828,34.59598159790039,37.865814022647406,36.25017375561591,1.678410345834148,0.7894504624503921,0.9865607023239136,0.0,0.8074723172224824
2026-04-10 18:13:35,2092,952,1,v8_6_phase_2_0_retry,480,-311.54628181772375,327,high_altitude,105.46815490722656,105.79534149169922,0.40629085898399353,135.70960998535156,48.5619010925293,-86.3102035522461,-45.857154846191406,144.1393945077467,145.55316170366928,20.881194566407746,-0.8104446173881691,0.9982010126113892,0.0,0.4082402949520252
2026-04-10 18:13:38,2092,953,1,v8_6_phase_2_0_retry,480,213.39851253085033,177,success,108.97827911376953,14.22213077545166,0.40629085898399353,37.476036071777344,48.5619010925293,11.931224822998047,30.573972702026367,40.50235241963695,26.011271104828868,-31.977545505219847,0.7603793002666277,0.9818923473358154,0.0,5.370794993974902
2026-04-10 18:13:41,2092,954,1,v8_6_phase_2_0_retry,480,221.01664173657556,170,success,102.62995147705078,14.854809761047363,0.40629085898399353,35.59635543823242,48.5619010925293,13.803722381591797,28.072654724121094,19.411720347614523,-10.367391315679676,-7.3204635637308515,0.9431546917793574,0.9989296197891235,0.0,2.8419028056032567
2026-04-10 18:13:43,2092,955,1,v8_6_phase_2_0_retry,480,204.84565406256007,178,success,109.0799560546875,14.06836223602295,0.40629085898399353,38.2965202331543,48.5619010925293,11.107128143310547,31.398653030395508,40.26376708173924,-6.4361734860412865,-25.630684426539293,0.7630771964970393,0.9901353716850281,0.0,4.4215709148414515
2026-04-10 18:13:46,2092,956,1,v8_6_phase_2_0_retry,480,209.94063087357912,176,success,108.19986724853516,14.924284934997559,0.40629085898399353,37.71558380126953,48.5619010925293,11.686630249023438,30.41890525817871,39.933281548559,-19.663899469507854,-25.474295292660806,0.7667924218936434,0.9952179193496704,0.0,6.492869799131463
2026-04-10 18:13:49,2093,957,1,v8_6_phase_2_0_retry,480,221.60025423216777,175,success,103.04393005371094,14.80080795288086,0.40629085898399353,35.660892486572266,48.5619010925293,13.742767333984375,22.221389770507812,23.07604170524549,-22.672442412094853,-21.695952464572933,0.9199854731087221,0.9872419238090515,0.0,2.15482767474091
2026-04-10 18:13:52,2093,958,1,v8_6_phase_2_0_retry,480,228.69495689369793,177,success,109.38947296142578,14.892424583435059,0.40629085898399353,37.2215690612793,48.5619010925293,12.178447723388672,30.925886154174805,31.24046564093792,-6.048474446391615,9.291574195926492,0.854998185796744,0.9961094856262207,0.0,2.77135811593679
2026-04-10 18:13:55,2093,959,1,v8_6_phase_2_0_retry,480,246.28279026321047,167,success,103.83924102783203,14.539087295532227,0.40629085898399353,36.08297348022461,48.5619010925293,13.34078598022461,29.418989181518555,3.2960405457916453,0.301315983030081,-2.373406212988452,0.9983457922217842,0.9260410070419312,0.0,1.0098277438279044
2026-04-10 18:13:58,2093,960,1,v8_6_phase_2_0_retry,480,195.63061724223138,187,success,110.21448516845703,14.735111236572266,0.40629085898399353,37.841766357421875,48.5619010925293,11.56280517578125,28.135419845581055,33.866946584374624,-34.50970495131326,-14.720311001090176,0.8303339050577405,0.9828442335128784,0.0,1.1586764928109423
2026-04-10 18:14:02,2093,961,1,v8_6_phase_2_0_retry,480,-314.13995930847375,325,high_altitude,108.40174865722656,98.27741241455078,0.40629085898399353,135.29000854492188,48.5619010925293,-85.84947967529297,-44.537166595458984,128.34660378808653,139.3903229967018,-29.8711185802825,-0.6204171555968182,0.879331648349762,0.0,3.2452856735851614
2026-04-10 18:14:05,2093,962,1,v8_6_phase_2_0_retry,480,196.56981842635952,183,success,109.23568725585938,14.968023300170898,0.40629085898399353,36.668495178222656,48.5619010925293,12.732624053955078,28.490659713745117,31.295933607187596,-27.715087406497936,-20.28445459900207,0.8544956992617434,0.9951252937316895,0.0,1.3235806802052188
2026-04-10 18:14:08,2094,963,1,v8_6_phase_2_0_retry,480,233.94195610748056,174,success,109.17669677734375,14.505098342895508,0.40629085898399353,37.191802978515625,48.5619010925293,12.211341857910156,32.43034362792969,35.017338270806945,30.81488679903818,24.48192344777131,0.8189784368706,0.9870157837867737,0.0,3.11265201472173
2026-04-10 18:14:11,2094,964,1,v8_6_phase_2_0_retry,480,213.95158053960796,180,success,107.9629135131836,14.623296737670898,0.40629085898399353,38.53392028808594,48.5619010925293,10.875091552734375,28.815553665161133,37.2460529026442,-37.925182026913156,15.425336787597232,0.7960436992546194,0.9741657972335815,0.0,4.741408037085437
2026-04-10 18:14:14,2094,965,1,v8_6_phase_2_0_retry,480,211.82843041598625,196,success,110.11878967285156,2.533604383468628,0.40629085898399353,47.25559997558594,48.5619010925293,2.1489295959472656,31.061159133911133,40.2841381209388,-32.44428648215267,-42.60911060874904,0.7628473590533301,0.9892913699150085,0.0,3.239305455835977
2026-04-10 18:14:16,2094,966,1,v8_6_phase_2_0_retry,480,221.88152163659768,168,success,102.77073669433594,14.635982513427734,0.40629085898399353,36.494110107421875,48.5619010925293,12.907943725585938,29.852243423461914,29.773737158191043,-5.641043417116599,25.846603781676322,0.8679931616751518,0.9956819415092468,0.0,3.9092757550085926
2026-04-10 18:14:19,2094,967,1,v8_6_phase_2_0_retry,480,233.49386342695922,174,success,106.75206756591797,14.55695915222168,0.40629085898399353,36.62774658203125,48.5619010925293,12.788429260253906,30.420272827148438,10.604411686483813,6.800456075895216,2.041580895513835,0.9829211822660346,0.9487683176994324,0.0,1.3541364395246385
2026-04-10 18:14:22,2094,968,1,v8_6_phase_2_0_retry,480,242.7468339039409,177,success,104.53742980957031,14.628780364990234,0.40629085898399353,34.91331481933594,48.5619010925293,14.488250732421875,23.0950984954834,5.584862976759129,5.60675245238855,11.021017367361447,0.995253145763249,0.9934242963790894,0.0,3.3557836387685382
2026-04-10 18:14:25,2094,969,1,v8_6_phase_2_0_retry,480,211.52435153067188,170,success,102.61520385742188,14.993731498718262,0.40629085898399353,35.55820083618164,48.5619010925293,13.846561431884766,28.556262969970703,28.168832240987516,10.84631051990263,28.48942424515499,0.8815603798294628,0.9843356013298035,0.0,3.9023120384475445
2026-04-10 18:14:28,2095,970,1,v8_6_phase_2_0_retry,480,230.7740170056976,177,success,108.7559814453125,14.860602378845215,0.40629085898399353,35.8885612487793,48.5619010925293,13.561046600341797,26.8845272064209,17.893041446040527,-12.745013462933318,-27.820385017837438,0.9516317252235186,0.855160117149353,0.0,1.336180331917017
2026-04-10 18:14:31,2095,971,1,v8_6_phase_2_0_retry,480,218.6225197769899,170,success,105.90258026123047,14.904913902282715,0.40629085898399353,36.09031677246094,48.5619010925293,13.316478729248047,30.48200035095215,34.150197944349635,34.101700186147966,-32.36849870312221,0.8275688301786651,0.983721911907196,0.0,2.8460482457654828
2026-04-10 18:14:33,2095,972,1,v8_6_phase_2_0_retry,480,232.79952396883075,171,success,104.13568878173828,14.551448822021484,0.40629085898399353,35.92906188964844,48.5619010925293,13.47381591796875,29.470001220703125,23.076398582629626,20.817892373180065,-21.919910952363065,0.9199830317423321,0.9914023280143738,0.0,4.0267972956878175
2026-04-10 18:14:36,2095,973,1,v8_6_phase_2_0_retry,480,216.2222448782961,181,success,108.79731750488281,14.81605052947998,0.40629085898399353,36.51285934448242,48.5619010925293,12.891761779785156,29.651687622070312,23.24350769841045,13.83009914939021,10.611578262470447,0.9188359334814973,0.985798716545105,0.0,4.759485457733048
2026-04-10 18:14:39,2095,974,1,v8_6_phase_2_0_retry,480,210.21562221157797,171,success,103.82524108886719,14.476705551147461,0.40629085898399353,37.10675811767578,48.5619010925293,12.30020523071289,31.255477905273438,35.074807482483436,-30.50665743726843,-24.611813155217444,0.8184024637570501,0.9809353947639465,0.0,4.827457427555172
2026-04-10 18:14:41,2095,975,1,v8_6_phase_2_0_retry,480,214.8725358405748,176,success,106.47245025634766,14.709612846374512,0.40629085898399353,38.18860626220703,48.5619010925293,11.219741821289062,30.929256439208984,33.99749882017025,-30.03569198833396,-13.136252675007173,0.829061982673254,0.977006196975708,0.0,4.938808005178255
2026-04-10 18:14:44,2095,976,1,v8_6_phase_2_0_retry,480,212.91295415520315,172,success,107.14574432373047,14.830302238464355,0.40629085898399353,37.49314498901367,48.5619010925293,11.908077239990234,31.392019271850586,33.65718464477436,-4.872385026980766,-14.566486603245027,0.8323685078013733,0.9940294623374939,0.0,4.163215493622977
2026-04-10 18:14:47,2096,977,1,v8_6_phase_2_0_retry,480,220.39566113205464,176,success,106.95767211914062,14.937150955200195,0.40629085898399353,37.98506546020508,48.5619010925293,11.43356704711914,30.402273178100586,23.539263427208464,16.573727228602742,-5.980863684458128,0.9167866058802795,0.9443397521972656,0.0,3.559676142359359
2026-04-10 18:14:50,2096,978,1,v8_6_phase_2_0_retry,480,199.11793424724806,185,success,111.51777648925781,14.438248634338379,0.40629085898399353,38.32859420776367,48.5619010925293,11.072010040283203,30.800439834594727,36.63249017931279,-13.481646803598254,1.441735539913332,0.8024792504956935,0.9983283281326294,0.0,3.841968596094506
2026-04-10 18:14:53,2096,979,1,v8_6_phase_2_0_retry,480,211.8807248240056,179,success,105.71927642822266,14.583635330200195,0.40629085898399353,36.6455078125,48.5619010925293,12.764301300048828,26.132030487060547,23.16425018328162,-23.49696748077316,13.054407371956556,0.9193809611680025,0.9745995998382568,0.0,3.0363937485818826
2026-04-10 18:14:55,2096,980,1,v8_6_phase_2_0_retry,480,213.17991039499938,174,success,105.41739654541016,14.554435729980469,0.40629085898399353,36.32282257080078,48.5619010925293,13.085090637207031,26.50136375427246,34.38844177278885,-21.832342804561627,-31.682098842481775,0.8252274517854029,0.9782742261886597,0.0,3.0048467023930336
2026-04-10 18:14:58,2096,981,1,v8_6_phase_2_0_retry,480,237.1937578362534,181,success,110.2003402709961,14.858470916748047,0.40629085898399353,36.8341178894043,48.5619010925293,12.614601135253906,30.8883056640625,1.2419078970174424,1.0059989260573143,-0.6536284529201516,0.999765098108766,0.859454333782196,0.0,3.435751348735545
2026-04-10 18:15:01,2096,982,1,v8_6_phase_2_0_retry,480,228.64001538516004,175,success,102.26931762695312,14.899284362792969,0.40629085898399353,34.959999084472656,48.5619010925293,14.450302124023438,25.816160202026367,1.206745122674865,-0.8699816317911813,0.1400575779438204,0.9997782111088448,0.9747531414031982,0.0,3.071583305889367
2026-04-10 18:15:07,2097,983,1,v8_6_phase_2_0_retry,480,-323.2585805281499,345,high_altitude,110.99124145507812,106.96515655517578,0.40629085898399353,135.6007080078125,48.5619010925293,-86.13593292236328,-45.32075500488281,149.9569534917917,150.74021226505207,-127.36020152853162,-0.8656495077530307,0.8073319792747498,0.0,0.7137392637793719
2026-04-10 18:15:10,2097,984,1,v8_6_phase_2_0_retry,480,227.2114874457442,178,success,111.26860046386719,14.922009468078613,0.40629085898399353,38.06135940551758,48.5619010925293,11.344829559326172,31.805110931396484,28.58150202535593,14.758978409528911,2.453855169240624,0.8781374756037175,0.9775224328041077,0.0,1.3343562103670008
2026-04-10 18:15:13,2097,985,1,v8_6_phase_2_0_retry,480,217.82120766033364,192,success,110.08992767333984,7.200779914855957,0.40629085898399353,43.184295654296875,48.5619010925293,6.219696044921875,30.192768096923828,38.93829374121739,-30.30490389447001,-38.61230930270019,0.777823274456835,0.9865505695343018,0.0,4.416779124775899
2026-04-10 18:15:15,2097,986,1,v8_6_phase_2_0_retry,480,220.65170220068705,175,success,108.53836822509766,14.63083267211914,0.40629085898399353,37.188636779785156,48.5619010925293,12.214351654052734,30.8546085357666,39.01310138810196,23.890558839242438,-36.16220433420073,0.7770020392559542,0.9932246208190918,0.0,3.272755133289627
2026-04-10 18:15:18,2097,987,1,v8_6_phase_2_0_retry,480,222.5302682352125,175,success,104.52950286865234,14.457366943359375,0.40629085898399353,36.154354095458984,48.5619010925293,13.252288818359375,29.207260131835938,27.924547110227422,-9.082163157294838,-25.174041884294336,0.8835650748015524,0.9800112843513489,0.0,2.4615942496788765
2026-04-10 18:15:21,2097,988,1,v8_6_phase_2_0_retry,480,212.41287939698043,185,success,111.16604614257812,11.68722915649414,0.40629085898399353,39.9034538269043,48.5619010925293,9.502189636230469,31.617122650146484,40.39824326121303,-18.559563748648927,28.155245287181067,0.761558179102651,0.9846903681755066,0.0,3.087986383936158
2026-04-10 18:15:24,2097,989,1,v8_6_phase_2_0_retry,480,219.3521510932868,170,success,105.04562377929688,14.926724433898926,0.40629085898399353,36.84673309326172,48.5619010925293,12.559871673583984,30.66778564453125,30.8188687993243,-19.733685219805167,17.859259330405642,0.8587912230296254,0.9775670766830444,0.0,3.8484371655512946
2026-04-10 18:15:27,2098,990,1,v8_6_phase_2_0_retry,480,230.87388807578873,172,success,104.49332427978516,14.721945762634277,0.40629085898399353,35.811580657958984,48.5619010925293,13.598785400390625,26.06630516052246,23.547632116489023,23.47926533799178,19.39778163906582,0.9167282625639375,0.971213698387146,0.0,4.376276371423207
2026-04-10 18:15:30,2098,991,1,v8_6_phase_2_0_retry,480,233.27993883827247,172,success,108.7220687866211,14.897439002990723,0.40629085898399353,36.97005844116211,48.5619010925293,12.441898345947266,31.305086135864258,20.56949034589775,1.790456717682151,-7.458882469903037,0.9362467565581675,0.9588621854782104,0.0,2.9206065837317974
2026-04-10 18:15:32,2098,992,1,v8_6_phase_2_0_retry,480,237.5740235665675,178,success,105.68475341796875,14.532845497131348,0.40629085898399353,36.217506408691406,48.5619010925293,13.192371368408203,25.738807678222656,12.830629030405781,6.487245798673234,-5.943348870441833,0.9750307801496428,0.9680359363555908,0.0,1.6309909267376739
2026-04-10 18:15:35,2098,993,1,v8_6_phase_2_0_retry,480,235.00962189341595,170,success,105.48662567138672,14.40847110748291,0.40629085898399353,37.528900146484375,48.5619010925293,11.886112213134766,31.296388626098633,16.750302986573203,16.59526281505579,0.2983844978548233,0.9575698367769094,0.9527952075004578,0.0,3.6119490291394283
2026-04-10 18:15:38,2098,994,1,v8_6_phase_2_0_retry,480,194.0530752720286,185,success,107.35362243652344,14.571856498718262,0.40629085898399353,36.64574432373047,48.5619010925293,12.755306243896484,24.279008865356445,33.124255719689536,-31.286456719714202,-31.179656466757297,0.8374874535701844,0.9932500123977661,0.0,0.9994893777879935
2026-04-10 18:15:41,2098,995,1,v8_6_phase_2_0_retry,480,214.1602011873467,177,success,107.05866241455078,14.884657859802246,0.40629085898399353,35.71164321899414,48.5619010925293,13.694389343261719,28.21753692626953,23.759735103427307,-4.2879300085710055,20.568778298676776,0.9152430353754589,0.9848730564117432,0.0,5.5038252036627995
2026-04-10 18:15:44,2099,996,1,v8_6_phase_2_0_retry,480,201.4327743724271,176,success,105.48236083984375,13.893038749694824,0.40629085898399353,37.4496955871582,48.5619010925293,11.958885192871094,28.512386322021484,39.179751173661096,-38.55835422335168,32.24102005245309,0.7751678049525781,0.978037416934967,0.0,3.3088909430943483
2026-04-10 18:15:47,2099,997,1,v8_6_phase_2_0_retry,480,205.41175499666184,173,success,107.86356353759766,14.792240142822266,0.40629085898399353,39.250118255615234,48.5619010925293,10.157093048095703,32.87234115600586,40.005186365046306,2.5318819696583805,-12.589839248953444,0.7659862553950215,0.9795106053352356,0.0,2.511830043705835
2026-04-10 18:15:49,2099,998,1,v8_6_phase_2_0_retry,480,197.66027128969944,177,success,108.74754333496094,14.611944198608398,0.40629085898399353,38.309104919433594,48.5619010925293,11.091514587402344,30.863645553588867,39.259555103923525,-37.26975707415873,-18.16892644699568,0.774287118296821,0.9952918291091919,0.0,3.662946437465693
2026-04-10 18:15:55,2099,999,1,v8_6_phase_2_0_retry,480,-356.72891328868536,322,high_altitude,108.86618041992188,110.16854858398438,0.40629085898399353,135.179443359375,48.5619010925293,-85.5752944946289,-50.89301300048828,121.21942433258327,138.4556525899206,-108.86857084136764,-0.5183169639567664,0.43062660098075867,0.0,1.7559147188687654
2026-04-10 18:15:57,2099,1000,1,v8_6_phase_2_0_retry,480,212.75010233051012,173,success,107.74490356445312,13.875011444091797,0.40629085898399353,38.468048095703125,48.5619010925293,10.93410873413086,32.33526611328125,40.49450453228061,28.830733920622404,27.593134378867358,0.7604682532660302,0.9942159652709961,0.0,2.796801449648656
2026-04-10 18:16:00,2099,1001,1,v8_6_phase_2_0_retry,480,206.7553646191184,176,success,105.55533599853516,11.23745059967041,0.40629085898399353,39.514793395996094,48.5619010925293,9.459648132324219,29.90418815612793,40.04926840594957,-35.84779365123212,-34.522333971088614,0.7654914295416514,0.9867576360702515,0.0,3.7002315922528166
2026-04-10 18:16:03,2100,1002,1,v8_6_phase_2_0_retry,480,247.87116890652442,175,success,108.26180267333984,14.753852844238281,0.40629085898399353,36.81450271606445,48.5619010925293,12.623222351074219,31.401521682739258,19.23741562754309,6.9364716092532035,21.120758328904063,0.9441614104560496,0.8865491151809692,0.0,3.2346869081722294
2026-04-10 18:16:06,2100,1003,1,v8_6_phase_2_0_retry,480,223.76891902739405,173,success,102.86744689941406,14.474906921386719,0.40629085898399353,35.59296417236328,48.5619010925293,13.808502197265625,26.564842224121094,14.047253914993364,-8.220867765219769,-11.882372523591755,0.970095874512323,0.9943212270736694,0.0,2.424912595988858
2026-04-10 18:16:13,2100,1004,1,v8_6_phase_2_0_retry,480,-389.70878236753737,480,timeout,108.31208801269531,77.4744873046875,0.40629085898399353,64.91069793701172,48.5619010925293,-14.789848327636719,-23.34940528869629,81.51519317784066,88.74283105565645,-31.912877274158166,0.14754714763311205,-0.917717695236206,0.0,1.735042769569397
2026-04-10 18:16:16,2100,1005,1,v8_6_phase_2_0_retry,480,208.9579009060065,182,success,110.46183013916016,14.6897554397583,0.40629085898399353,37.507381439208984,48.5619010925293,11.894100189208984,30.584007263183594,39.53458291613784,15.730769186901862,33.82261182647207,0.7712405151029093,0.9963696002960205,0.0,5.133448187577437
2026-04-10 18:16:19,2100,1006,1,v8_6_phase_2_0_retry,480,203.4718801114678,168,success,104.30294036865234,14.80595588684082,0.40629085898399353,37.03229904174805,48.5619010925293,12.371837615966797,31.417648315429688,40.40950965824897,-3.2687829683614167,-37.24234752501947,0.7614307254463994,0.9901426434516907,0.0,5.528335081814654
2026-04-10 18:16:21,2100,1007,1,v8_6_phase_2_0_retry,480,233.70026161541838,168,success,103.3188247680664,14.484626770019531,0.40629085898399353,36.893646240234375,48.5619010925293,12.513652801513672,31.625829696655273,19.053553765275517,11.71895768637826,5.141666088782165,0.9452138574745305,0.9765244126319885,0.0,4.100366383505593
2026-04-10 18:16:25,2101,1008,1,v8_6_phase_2_0_retry,480,223.17774475967684,177,success,107.04489135742188,14.447509765625,0.40629085898399353,36.708229064941406,48.5619010925293,12.698863983154297,28.247331619262695,37.349967400676775,13.158877676632839,-35.146609846133195,0.7949446985687232,0.9824951887130737,0.0,4.959376626711371
2026-04-10 18:16:27,2101,1009,1,v8_6_phase_2_0_retry,480,218.52965875321638,181,success,111.0992431640625,14.432363510131836,0.40629085898399353,37.60451889038086,48.5619010925293,11.801475524902344,32.036590576171875,37.37922793108111,24.376936610039046,23.075498705206478,0.79463476696459,0.977717399597168,0.0,3.307296528040682
2026-04-10 18:16:30,2101,1010,1,v8_6_phase_2_0_retry,480,228.15248005383432,172,success,105.41693115234375,14.886833190917969,0.40629085898399353,35.66811752319336,48.5619010925293,13.735092163085938,28.57390785217285,28.376369246465643,25.660011551288036,35.206005171155624,0.8798446618569172,0.9927018880844116,0.0,5.768048066017666
2026-04-10 18:16:33,2101,1011,1,v8_6_phase_2_0_retry,480,210.16582603061013,173,success,104.78236389160156,14.647540092468262,0.40629085898399353,36.053932189941406,48.5619010925293,13.349739074707031,28.87103843688965,32.939639121518674,-12.176117615452847,38.04527041290032,0.8392438775207595,0.9864203929901123,0.0,1.832631683441645
2026-04-10 18:16:36,2101,1012,1,v8_6_phase_2_0_retry,480,231.00505135142987,171,success,106.52703094482422,14.680436134338379,0.40629085898399353,37.10365295410156,48.5619010925293,12.325714111328125,28.659713745117188,18.027471521737425,1.8780525064053895,12.297928062884502,0.9509082430653523,0.9129268527030945,0.0,3.5578312853711833
2026-04-10 18:16:39,2101,1013,1,v8_6_phase_2_0_retry,480,223.03206262723643,172,success,107.49597930908203,14.493602752685547,0.40629085898399353,37.364219665527344,48.5619010925293,12.035545349121094,32.36701583862305,34.33190488193407,31.825389381079475,25.500127068101794,0.8257843696387068,0.9993736743927002,0.0,3.4847257969518934
2026-04-10 18:16:42,2102,1014,1,v8_6_phase_2_0_retry,480,243.28368383620648,167,success,105.06158447265625,14.93419361114502,0.40629085898399353,36.3646125793457,48.5619010925293,13.038742065429688,29.430416107177734,19.138589620442175,19.127555449838017,0.20612058165878533,0.9447283113797934,0.9846728444099426,0.0,0.697980459549659
2026-04-10 18:16:44,2102,1015,1,v8_6_phase_2_0_retry,480,229.0649340106185,174,success,107.70158386230469,14.88945484161377,0.40629085898399353,36.953895568847656,48.5619010925293,12.445892333984375,32.07136917114258,34.004595386717895,24.234660354533094,27.8723473894956,0.8289927200294255,0.9994835257530212,0.0,4.36843747702901
2026-04-10 18:16:47,2102,1016,1,v8_6_phase_2_0_retry,480,216.47667506734768,173,success,105.98259735107422,14.470521926879883,0.40629085898399353,37.45779800415039,48.5619010925293,11.948497772216797,29.637575149536133,24.811200037468456,11.373919581397667,0.6405018965524448,0.9076954677325755,0.9861680269241333,0.0,6.267981005793976
2026-04-10 18:16:50,2102,1017,1,v8_6_phase_2_0_retry,480,201.0952894839606,184,success,110.79381561279297,14.439135551452637,0.40629085898399353,37.665245056152344,48.5619010925293,11.73532485961914,29.45438003540039,33.80475771198166,-16.366483921258922,-15.446703326868324,0.8309382728793576,0.9972444176673889,0.0,3.9222940572515186
2026-04-10 18:16:53,2102,1018,1,v8_6_phase_2_0_retry,480,243.20991864298134,171,success,104.7365493774414,14.471540451049805,0.40629085898399353,36.318397521972656,48.5619010925293,13.085758209228516,28.290164947509766,14.45095395343426,13.759792597168683,0.36474466815953666,0.9683616146797946,0.9821765422821045,0.0,0.6094800983412842
2026-04-10 18:16:55,2102,1019,1,v8_6_phase_2_0_retry,480,227.28827076079438,169,success,107.20340728759766,14.804868698120117,0.40629085898399353,37.55241394042969,48.5619010925293,11.854133605957031,31.84961700439453,29.921177036709523,15.493983603850445,-12.27480531122307,0.8667124441628821,0.9761896729469299,0.0,1.109809468099973
2026-04-10 18:16:58,2102,1020,1,v8_6_phase_2_0_retry,480,222.76316786862262,178,success,106.22776794433594,14.439373970031738,0.40629085898399353,36.065673828125,48.5619010925293,13.339256286621094,28.205638885498047,18.576615315911866,8.495048633977005,13.79988751514395,0.9478985110342467,0.9842140078544617,0.0,2.2906900496850593
2026-04-10 18:17:04,2103,1021,1,v8_6_phase_2_0_retry,480,-276.73805557117305,330,high_altitude,106.36363220214844,98.95134735107422,0.40629085898399353,135.18955993652344,48.5619010925293,-85.69173431396484,-41.70439147949219,123.943249132071,119.99318681051255,79.64447266606587,-0.5583714762918363,0.7171122431755066,0.0,1.2900872414401463
2026-04-10 18:17:06,2103,1022,1,v8_6_phase_2_0_retry,480,228.7156343834462,176,success,109.3106460571289,14.534676551818848,0.40629085898399353,37.65448760986328,48.5619010925293,11.75864028930664,31.764163970947266,19.831782104212184,7.753827967510759,2.999940746214191,0.9406927254874851,0.957287609577179,0.0,3.4783690395105027
2026-04-10 18:17:09,2103,1023,1,v8_6_phase_2_0_retry,480,231.69090653916817,167,success,102.95196533203125,14.718158721923828,0.40629085898399353,35.85343933105469,48.5619010925293,13.555767059326172,29.515151977539062,26.87516879897771,11.183751746978878,-22.50599070202164,0.891993524814993,0.9685249924659729,0.0,3.4085138700258932
2026-04-10 18:17:12,2103,1024,1,v8_6_phase_2_0_retry,480,234.3028272154175,174,success,106.6563949584961,14.575849533081055,0.40629085898399353,36.67143630981445,48.5619010925293,12.740856170654297,26.550884246826172,14.24725722181697,13.981282825347504,-4.001127804001231,0.9692426920798741,0.9608613848686218,0.0,3.800796499937223
2026-04-10 18:17:14,2103,1025,1,v8_6_phase_2_0_retry,480,240.82656544780548,171,success,105.46379852294922,14.795947074890137,0.40629085898399353,36.385589599609375,48.5619010925293,13.028175354003906,29.57048797607422,19.175096981555892,15.732884837997274,-10.619052196969735,0.944519219520482,0.9553043842315674,0.0,1.2627503351745704
2026-04-10 18:17:17,2103,1026,1,v8_6_phase_2_0_retry,480,238.15117695341686,165,success,105.66734313964844,14.462220191955566,0.40629085898399353,36.51450729370117,48.5619010925293,12.90496826171875,29.247053146362305,22.38555397638681,20.856392441984134,14.39428728898525,0.9246420837561998,0.9424269199371338,0.0,1.5494024970760882
2026-04-10 18:17:20,2104,1027,1,v8_6_phase_2_0_retry,480,231.71941289891453,175,success,107.97401428222656,14.52664566040039,0.40629085898399353,37.25545120239258,48.5619010925293,12.14376449584961,29.9401912689209,33.980307234029326,3.386279724445384,30.492361851335595,0.8292297202000757,0.9997478723526001,0.0,1.2767586359203595
2026-04-10 18:17:23,2104,1028,1,v8_6_phase_2_0_retry,480,206.36224099794595,184,success,109.92459869384766,14.422354698181152,0.40629085898399353,36.63105773925781,48.5619010925293,12.772022247314453,29.82931137084961,35.47474579423895,15.561467580397464,39.20993719469797,0.8143713951505392,0.9894537329673767,0.0,4.435092760719248
2026-04-10 18:17:28,2104,1029,1,v8_6_phase_2_0_retry,480,-370.54600344808944,328,wrong_way,107.73342895507812,116.5571517944336,0.40629085898399353,132.38815307617188,48.5619010925293,-82.83483123779297,-54.98243713378906,169.18722815655752,169.20494566726455,-179.49719380301667,-0.9822454570208285,0.5661807060241699,0.0,1.3833420786485446
2026-04-10 18:17:31,2104,1030,1,v8_6_phase_2_0_retry,480,231.39887020443484,170,success,104.90282440185547,14.913501739501953,0.40629085898399353,36.61808395385742,48.5619010925293,12.785259246826172,28.0377254486084,28.98439951656935,13.248495734958931,-17.208065679842043,0.8747516785840458,0.9904213547706604,0.0,2.1551384630333987
2026-04-10 18:17:33,2104,1031,1,v8_6_phase_2_0_retry,480,215.3501384131865,175,success,107.24642944335938,14.512248992919922,0.40629085898399353,37.500518798828125,48.5619010925293,11.899959564208984,28.829326629638672,35.41525484656813,12.533894023235517,24.054935879355256,0.8149735347913524,0.9982934594154358,0.0,5.0036721461367595
2026-04-10 18:17:36,2104,1032,1,v8_6_phase_2_0_retry,480,233.3935633759843,176,success,107.60991668701172,14.845458984375,0.40629085898399353,36.208126068115234,48.5619010925293,13.196178436279297,28.722219467163086,33.84806794150871,27.66733413891579,31.69037020156666,0.830517476112474,0.9859098792076111,0.0,3.3053671108741445
2026-04-10 18:17:40,2105,1033,1,v8_6_phase_2_0_retry,480,212.43250262671975,174,success,103.12992858886719,14.478703498840332,0.40629085898399353,36.048099517822266,48.5619010925293,13.359333038330078,27.19424057006836,32.140004969723186,-29.24156979919867,34.8731256566713,0.8467506826359293,0.9803581237792969,0.0,5.447826753309216
2026-04-10 18:17:42,2105,1034,1,v8_6_phase_2_0_retry,480,221.89585450376165,171,success,102.13727569580078,14.768230438232422,0.40629085898399353,35.788509368896484,48.5619010925293,13.614265441894531,27.52167510986328,28.615634188185776,-13.650966339349225,37.39757040409718,0.877852323025143,0.9935068488121033,0.0,3.605676690981343
2026-04-10 18:17:45,2105,1035,1,v8_6_phase_2_0_retry,480,238.53844609682542,171,success,104.46499633789062,14.88607406616211,0.40629085898399353,35.874454498291016,48.5619010925293,13.527381896972656,26.492170333862305,18.724765534104026,-6.8329114272838245,8.788730546588274,0.9470716074712999,0.9904677867889404,0.0,0.9579298350775296
2026-04-10 18:17:47,2105,1036,1,v8_6_phase_2_0_retry,480,236.92942789228783,186,success,107.21379852294922,14.906302452087402,0.40629085898399353,39.99810791015625,48.5619010925293,9.431266784667969,12.000137329101562,29.945383227128048,-28.218916310623925,-8.370009214615228,0.866501631502791,0.9141709208488464,0.0,3.130452054629066
2026-04-10 18:17:50,2105,1037,1,v8_6_phase_2_0_retry,480,208.24306603825417,174,success,105.91941833496094,14.707566261291504,0.40629085898399353,36.78846740722656,48.5619010925293,12.614269256591797,28.90253448486328,38.30254314836719,-22.51528658948203,-35.85840435010773,0.7847488600543222,0.9883286356925964,0.0,3.6250318353394984
2026-04-10 18:17:53,2105,1038,1,v8_6_phase_2_0_retry,480,239.29575058850293,171,success,103.06446075439453,14.516190528869629,0.40629085898399353,35.81470489501953,48.5619010925293,13.585540771484375,25.34016227722168,16.184551587431876,-2.611719837423248,-6.253145760626102,0.9603688739323994,0.9961143732070923,0.0,1.1158507793086219
2026-04-10 18:17:56,2105,1039,1,v8_6_phase_2_0_retry,480,222.66760904590842,181,success,106.83199310302734,14.592974662780762,0.40629085898399353,35.90431594848633,48.5619010925293,13.499397277832031,25.04273796081543,24.336559946760516,-3.773252629608919,-24.557786358882645,0.9111405073176216,0.9922537803649902,0.0,3.8717849883123314
2026-04-10 18:17:59,2106,1040,1,v8_6_phase_2_0_retry,480,210.41406584199518,177,success,104.88343048095703,14.967336654663086,0.40629085898399353,35.22918701171875,48.5619010925293,14.171272277832031,26.74233055114746,22.123607683980357,-0.29739412042517144,-39.704237984931794,0.9263735358620441,0.9980734586715698,0.0,2.8535754903192188
2026-04-10 18:18:02,2106,1041,1,v8_6_phase_2_0_retry,480,238.80700482144854,171,success,106.50469970703125,14.67589282989502,0.40629085898399353,35.82320785522461,48.5619010925293,13.60040283203125,24.851511001586914,21.08407509041922,21.733962467304053,16.692275406932065,0.9330535570587629,0.9314283132553101,0.0,1.2792032909413165
2026-04-10 18:18:05,2106,1042,1,v8_6_phase_2_0_retry,480,220.5965883120151,182,success,105.8045883178711,14.613370895385742,0.40629085898399353,35.147743225097656,48.5619010925293,14.25442123413086,22.934354782104492,15.899958095284955,14.09405949382817,-28.59887119641527,0.9617415099159461,0.9951422214508057,0.0,5.826673808956302
2026-04-10 18:18:07,2106,1043,1,v8_6_phase_2_0_retry,480,235.9361864628583,171,success,108.04955291748047,14.489174842834473,0.40629085898399353,37.455894470214844,48.5619010925293,11.986068725585938,29.253437042236328,9.643775461799137,2.7367379124438687,9.513652674147577,0.9858683336539343,0.8761075735092163,0.0,1.378822062021695
2026-04-10 18:18:10,2106,1044,1,v8_6_phase_2_0_retry,480,233.36266171141943,175,success,108.33568572998047,14.576234817504883,0.40629085898399353,36.79896926879883,48.5619010925293,12.603317260742188,31.123620986938477,22.001584646910786,18.2011512794998,3.7747437452820973,0.9271734936029632,0.9888767004013062,0.0,3.241289496411035
2026-04-10 18:18:13,2106,1045,1,v8_6_phase_2_0_retry,480,206.82619263811495,179,success,107.71939086914062,14.694188117980957,0.40629085898399353,36.54526138305664,48.5619010925293,12.858699798583984,26.833786010742188,29.171666228138175,-24.425545358814734,20.821717279115273,0.8731632257163707,0.9876870512962341,0.0,4.779768846248436
2026-04-10 18:18:15,2106,1046,1,v8_6_phase_2_0_retry,480,235.37072961388526,181,success,108.25227355957031,14.99959945678711,0.40629085898399353,35.795494079589844,48.5619010925293,13.607646942138672,27.03573989868164,28.0676600639067,-3.9898797630986897,24.580804096385585,0.8823925826608571,0.9844473600387573,0.0,0.19673284591106838
2026-04-10 18:18:19,2107,1047,1,v8_6_phase_2_0_retry,480,236.39053883142222,172,success,107.34962463378906,14.443758964538574,0.40629085898399353,37.56285095214844,48.5619010925293,11.848445892333984,32.19899368286133,26.62975839455186,24.040165595275106,-11.90738723765328,0.8939215582524596,0.9628465175628662,0.0,3.5776640314339425
2026-04-10 18:18:21,2107,1048,1,v8_6_phase_2_0_retry,480,222.63995673107632,178,success,108.41791534423828,14.843544006347656,0.40629085898399353,35.96498107910156,48.5619010925293,13.437801361083984,29.34869956970215,31.783834510169115,31.482821243257483,42.92768770711137,0.8500413350047347,0.9931638836860657,0.0,2.691056293797747
2026-04-10 18:18:24,2107,1049,1,v8_6_phase_2_0_retry,480,247.7259593449574,171,success,105.66492462158203,14.453167915344238,0.40629085898399353,35.7867431640625,48.5619010925293,13.625656127929688,27.64664077758789,9.06514147210952,-2.6824852929796346,-7.028220259713516,0.9875098467502311,0.9579381942749023,0.0,3.029964646634023
2026-04-10 18:18:27,2107,1050,1,v8_6_phase_2_0_retry,480,228.0473637787766,172,success,108.18045043945312,14.63527774810791,0.40629085898399353,37.60887908935547,48.5619010925293,11.793140411376953,33.34381866455078,35.51373592911597,35.70475582963371,19.6879417353863,0.8139762788682633,0.9915722608566284,0.0,1.4541734349246507
2026-04-10 18:18:29,2107,1051,1,v8_6_phase_2_0_retry,480,228.77613044141418,175,success,105.18058776855469,14.48433780670166,0.40629085898399353,36.314632415771484,48.5619010925293,13.08935546875,28.960601806640625,17.41917658180338,15.200002016689341,4.729047530832524,0.9541401877649772,0.9887341260910034,0.0,5.095838284204917
2026-04-10 18:18:34,2107,1052,1,v8_6_phase_2_0_retry,480,-313.1982470553603,312,high_altitude,108.51335144042969,111.2606201171875,0.40629085898399353,135.59951782226562,48.5619010925293,-86.1175765991211,-54.69563674926758,144.22019564562794,176.92445278796964,122.75848451864059,-0.8112699547808155,0.7609398365020752,0.0,2.419475930075672
2026-04-10 18:18:37,2108,1053,1,v8_6_phase_2_0_retry,480,217.94643340871102,172,success,103.99182891845703,14.769957542419434,0.40629085898399353,36.274330139160156,48.5619010925293,13.125213623046875,27.10725975036621,27.076124917190533,-25.312489818770494,-20.042710298613223,0.890402552336405,0.9996501207351685,0.0,4.4143159298961985
2026-04-10 18:18:40,2108,1054,1,v8_6_phase_2_0_retry,480,230.79403484315324,175,success,108.55682373046875,14.891786575317383,0.40629085898399353,36.56614303588867,48.5619010925293,12.835269927978516,30.73482322692871,24.49107760880642,16.10357627972679,-6.056347520070524,0.9100258379909864,0.9931516051292419,0.0,1.3997983670841667
2026-04-10 18:18:43,2108,1055,1,v8_6_phase_2_0_retry,480,219.67069107635675,170,success,106.0545654296875,14.517045021057129,0.40629085898399353,37.23429870605469,48.5619010925293,12.169731140136719,30.871170043945312,32.78195054415059,0.39958450262041967,-20.423349910868865,0.8407372120225639,0.9890052080154419,0.0,5.483620440648324
2026-04-10 18:18:45,2108,1056,1,v8_6_phase_2_0_retry,480,235.05557745389487,174,success,105.89906311035156,14.902165412902832,0.40629085898399353,35.78938293457031,48.5619010925293,13.618659973144531,27.529396057128906,15.79721668224233,-4.611166576607744,9.843159782729211,0.9622312192398512,0.9714756011962891,0.0,1.1152211245966062
2026-04-10 18:18:48,2108,1057,1,v8_6_phase_2_0_retry,480,221.9217585844611,176,success,105.94122314453125,14.509544372558594,0.40629085898399353,36.151893615722656,48.5619010925293,13.250240325927734,25.927499771118164,30.09798672865906,3.67817895768328,-36.62296206542062,0.865169042227025,0.9925936460494995,0.0,3.8994790747906865
2026-04-10 18:18:51,2108,1058,1,v8_6_phase_2_0_retry,480,207.45043149517937,175,success,105.3762435913086,13.837479591369629,0.40629085898399353,37.86714553833008,48.5619010925293,11.535381317138672,28.05156707763672,40.36724444766493,-38.17004089356353,39.032659634790285,0.7619087081848032,0.9917283654212952,0.0,4.882641249581793
2026-04-10 18:18:54,2108,1059,1,v8_6_phase_2_0_retry,480,235.57955636078435,171,success,105.59259033203125,14.810068130493164,0.40629085898399353,36.15596008300781,48.5619010925293,13.249473571777344,30.19074058532715,20.292686684499227,20.624058434724276,-11.505531350288289,0.9379332103359009,0.9808326959609985,0.0,1.5452150539941105
2026-04-10 18:18:57,2109,1060,1,v8_6_phase_2_0_retry,480,236.25597487136335,175,success,105.9088134765625,14.7194242477417,0.40629085898399353,36.01355743408203,48.5619010925293,13.388690948486328,27.274879455566406,28.340118017445803,20.389410700883072,-28.0098749559811,0.8801451851700166,0.9908100366592407,0.0,1.6219699667090248
2026-04-10 18:19:00,2109,1061,1,v8_6_phase_2_0_retry,480,191.36945474994695,182,success,105.0092544555664,14.803656578063965,0.40629085898399353,35.65248489379883,48.5619010925293,13.752277374267578,25.371288299560547,15.740541480056859,-15.44999547804827,10.674883017019065,0.9625000333568963,0.9841383695602417,0.0,3.2406691317728273
2026-04-10 18:19:02,2109,1062,1,v8_6_phase_2_0_retry,480,235.88739777301927,182,success,111.1859130859375,14.638160705566406,0.40629085898399353,35.8023796081543,48.5619010925293,13.617813110351562,25.35015869140625,19.142057648993248,-12.173024393532478,14.844417245856599,0.9447084651169567,0.9352343082427979,0.0,2.905642156206135
2026-04-10 18:19:05,2109,1063,1,v8_6_phase_2_0_retry,480,231.8159394471404,178,success,110.4187240600586,14.72807502746582,0.40629085898399353,37.55440139770508,48.5619010925293,11.850238800048828,31.102279663085938,25.19609315002972,16.020085754859846,-0.2673858443892791,0.9048560831433822,0.9808371067047119,0.0,2.9897757847680464
2026-04-10 18:19:08,2109,1064,1,v8_6_phase_2_0_retry,480,227.41009034538342,183,success,108.27222442626953,14.467329978942871,0.40629085898399353,37.2930793762207,48.5619010925293,12.145896911621094,27.527225494384766,15.967843345445711,6.072798030686499,-15.763644594924425,0.9614162431077177,0.8888515830039978,0.0,3.358415067971477
2026-04-10 18:19:11,2109,1065,1,v8_6_phase_2_0_retry,480,218.08018003529403,174,success,106.40930938720703,13.962437629699707,0.40629085898399353,37.32358169555664,48.5619010925293,12.08530044555664,29.230224609375,39.82154648392676,-29.81598870839674,-33.261368352182956,0.7680427514854911,0.9750348329544067,0.0,2.6464353994131673
2026-04-10 18:19:13,2109,1066,1,v8_6_phase_2_0_retry,480,219.35754099582573,171,success,104.830322265625,14.905694961547852,0.40629085898399353,36.881011962890625,48.5619010925293,12.52267837524414,30.84793472290039,24.388196176885813,3.874846143984158,4.800608276540394,0.9107687474275132,0.9873266220092773,0.0,1.3919303348407934
2026-04-10 18:19:16,2110,1067,1,v8_6_phase_2_0_retry,480,224.6445327006527,169,success,102.70060729980469,14.444775581359863,0.40629085898399353,35.801727294921875,48.5619010925293,13.601505279541016,28.263835906982422,26.756127139480853,12.92217917849334,40.839876462756884,0.8929308053371071,0.9918742179870605,0.0,3.148173631664194
2026-04-10 18:19:19,2110,1068,1,v8_6_phase_2_0_retry,480,221.57699379721197,176,success,106.93827819824219,14.760690689086914,0.40629085898399353,35.941165924072266,48.5619010925293,13.464729309082031,28.700408935546875,31.500531923775327,8.991277245104063,31.751104243666415,0.8526353135340703,0.9835440516471863,0.0,5.015547959436541
2026-04-10 18:19:22,2110,1069,1,v8_6_phase_2_0_retry,480,184.6854659035699,194,success,102.93685150146484,3.3439130783081055,0.40629085898399353,46.43696975708008,48.5619010925293,3.0312347412109375,18.414775848388672,38.07590722642241,-40.38970210965593,75.663619851729,0.7871944148714314,0.7990500926971436,0.0,0.39810771707826276
2026-04-10 18:19:25,2110,1070,1,v8_6_phase_2_0_retry,480,222.6757594874344,173,success,104.73685455322266,14.467004776000977,0.40629085898399353,36.12018966674805,48.5619010925293,13.285198211669922,26.55616569519043,29.363724317409762,29.557100633191165,30.265302457662276,0.8715244424272051,0.9860600233078003,0.0,4.740174260396271
2026-04-10 18:19:28,2110,1071,1,v8_6_phase_2_0_retry,480,226.3852355144251,186,success,107.53258514404297,14.829885482788086,0.40629085898399353,37.833980560302734,48.5619010925293,11.59805679321289,19.21388053894043,13.837454409352668,-11.493034665428103,-1.223899569662175,0.970978142444463,0.9077510833740234,0.0,0.9263524074171499
2026-04-10 18:19:30,2110,1072,1,v8_6_phase_2_0_retry,480,192.17474125389816,173,success,103.39458465576172,14.726773262023926,0.40629085898399353,35.6102180480957,48.5619010925293,13.80947494506836,25.935537338256836,38.00835665553099,-38.25926706978599,-36.87087744172457,0.787920950289214,0.9398472309112549,0.0,3.6804972090325685
2026-04-10 18:19:36,2111,1073,1,v8_6_phase_2_0_retry,480,-338.24295510099137,331,high_altitude,110.84081268310547,100.18971252441406,0.40629085898399353,135.1260528564453,48.5619010925293,-85.7224349975586,-48.35807418823242,156.789615190284,162.09631700554706,36.368428235810924,-0.9190639225331266,0.9832041263580322,0.0,2.4749774139005623
2026-04-10 18:19:38,2111,1074,1,v8_6_phase_2_0_retry,480,246.63062398766436,176,success,104.71138000488281,14.924396514892578,0.40629085898399353,34.628562927246094,48.5619010925293,14.796207427978516,22.521825790405273,15.589614789967086,-14.81030215849968,-5.1481419618889825,0.9632112943358335,0.9227752685546875,0.0,0.9641234291416824
2026-04-10 18:19:41,2111,1075,1,v8_6_phase_2_0_retry,480,227.33893760878092,170,success,104.77112579345703,14.773427963256836,0.40629085898399353,36.049800872802734,48.5619010925293,13.352344512939453,29.759639739990234,31.601509440464795,30.420996619792717,-41.17126016581298,0.8517131295928544,0.9936684370040894,0.0,4.200323930521958
2026-04-10 18:19:44,2111,1076,1,v8_6_phase_2_0_retry,480,210.80345317887483,181,success,108.27648162841797,14.753808975219727,0.40629085898399353,37.37389373779297,48.5619010925293,12.02920150756836,30.004531860351562,29.22538908105491,-19.516024166429787,7.402514626230214,0.872705809709991,0.9918868541717529,0.0,2.343563846747532
2026-04-10 18:19:46,2111,1077,1,v8_6_phase_2_0_retry,480,212.91750306556315,179,success,107.74666595458984,14.723904609680176,0.40629085898399353,36.482669830322266,48.5619010925293,12.91851806640625,29.666879653930664,25.108583058836228,1.8765929803571224,8.227346199647526,0.9055052426585547,0.997097373008728,0.0,6.55421862016558
2026-04-10 18:19:49,2111,1078,1,v8_6_phase_2_0_retry,480,209.66839401725017,175,success,104.04630279541016,14.637185096740723,0.40629085898399353,36.10812759399414,48.5619010925293,13.292778015136719,27.915241241455078,23.639578415548442,-21.590173324896945,-17.97191305548125,0.9160859603865242,0.9961119294166565,0.0,1.4192426369640254
2026-04-10 18:19:53,2112,1079,1,v8_6_phase_2_0_retry,480,222.348620897614,176,success,109.20499420166016,14.758506774902344,0.40629085898399353,36.785606384277344,48.5619010925293,12.63576889038086,29.536823272705078,31.741685412800965,-15.884581631915964,20.04828031788137,0.850428578586757,0.9353758096694946,0.0,3.3789032685117313
2026-04-10 18:19:56,2112,1080,1,v8_6_phase_2_0_retry,480,209.57546075273973,192,success,107.67105102539062,4.231454372406006,0.40629085898399353,45.903480529785156,48.5619010925293,3.497913360595703,24.951202392578125,40.42676954628159,-19.13636980896192,37.52440701698432,0.7612354119735396,0.9925879240036011,0.0,3.692459154034936
2026-04-10 18:19:58,2112,1081,1,v8_6_phase_2_0_retry,480,205.70375490812185,173,success,106.95404815673828,14.884913444519043,0.40629085898399353,37.66515350341797,48.5619010925293,11.740470886230469,31.149078369140625,28.745137989943803,28.222860744869607,-2.83057596045997,0.876767568336084,0.9865144491195679,0.0,3.887509926025249
2026-04-10 18:20:01,2112,1082,1,v8_6_phase_2_0_retry,480,221.70084122619852,176,success,108.92405700683594,14.868661880493164,0.40629085898399353,37.40937423706055,48.5619010925293,11.99188232421875,31.535924911499023,30.947006563248323,3.939697936379783,-9.326035061610144,0.8576432978405214,0.9926043748855591,0.0,1.3299072529796299
2026-04-10 18:20:03,2112,1083,1,v8_6_phase_2_0_retry,480,217.78125162058666,178,success,104.36380767822266,14.461935997009277,0.40629085898399353,36.02711868286133,48.5619010925293,13.386802673339844,28.33014488220215,15.194334667225522,-11.516098506707944,-10.953161145504662,0.965042414682582,0.9617298245429993,0.0,4.9104601035246285
2026-04-10 18:20:06,2112,1084,1,v8_6_phase_2_0_retry,480,221.73229010889435,179,success,105.1429214477539,10.745461463928223,0.40629085898399353,39.83991241455078,48.5619010925293,9.57220458984375,28.03675651550293,39.080747581641766,-36.700030504920456,-33.159274099564186,0.776258281731369,0.9636756181716919,0.0,4.172731825340186
2026-04-10 18:20:09,2112,1085,1,v8_6_phase_2_0_retry,480,219.94049225578817,169,success,103.29613494873047,14.741348266601562,0.40629085898399353,36.10179138183594,48.5619010925293,13.30002212524414,29.06936264038086,28.065496601487098,27.968125424679396,-28.67385813576555,0.882410348421389,0.9959632754325867,0.0,3.3241227967510247
2026-04-10 18:20:12,2113,1086,1,v8_6_phase_2_0_retry,480,211.59739723135513,177,success,107.44747924804688,12.041748046875,0.40629085898399353,39.555782318115234,48.5619010925293,9.859809875488281,30.05120277404785,39.253858726155734,-23.331316610380135,23.29155124903232,0.774350031218866,0.9569506049156189,0.0,4.68560932068245
2026-04-10 18:20:15,2113,1087,1,v8_6_phase_2_0_retry,480,211.51646536265937,174,success,104.14359283447266,14.810371398925781,0.40629085898399353,36.34458923339844,48.5619010925293,13.060489654541016,28.266626358032227,19.723941954954146,-19.151042762846398,-4.3793085481556675,0.9413296019919886,0.9876906871795654,0.0,2.919905816698805
2026-04-10 18:20:17,2113,1088,1,v8_6_phase_2_0_retry,480,229.28967228420123,177,success,109.09689331054688,14.454944610595703,0.40629085898399353,37.365848541259766,48.5619010925293,12.039783477783203,31.099275588989258,36.52100783167984,29.01139925435841,-24.210172418811307,0.8036387113447715,0.9804277420043945,0.0,1.6301183941200974
2026-04-10 18:20:20,2113,1089,1,v8_6_phase_2_0_retry,480,224.73832784398022,183,success,111.29800415039062,14.796513557434082,0.40629085898399353,37.044795989990234,48.5619010925293,12.360652923583984,31.636396408081055,25.003906994711198,22.131793665700616,-9.610830898111226,0.9062789666234462,0.9784421324729919,0.0,0.812095029995862
2026-04-10 18:20:23,2113,1090,1,v8_6_phase_2_0_retry,480,248.7128300408776,170,success,103.47970581054688,14.996307373046875,0.40629085898399353,34.884315490722656,48.5619010925293,14.52093505859375,25.098018646240234,6.096639659758075,5.768266789465488,5.999868685823689,0.9943441747047346,0.980002760887146,0.0,3.3612946743027288
2026-04-10 18:20:25,2113,1091,1,v8_6_phase_2_0_retry,480,227.96323083235305,174,success,108.90099334716797,14.449471473693848,0.40629085898399353,38.119110107421875,48.5619010925293,11.301177978515625,28.788814544677734,31.55832556943739,-18.008027680717692,15.417475239862547,0.8521078331146329,0.9349408745765686,0.0,2.9545245329805163
2026-04-10 18:20:28,2113,1092,1,v8_6_phase_2_0_retry,480,220.30380116682662,181,success,110.53779602050781,14.441289901733398,0.40629085898399353,37.70412826538086,48.5619010925293,11.696434020996094,32.06467819213867,31.813679021747486,28.884869999983923,11.19903941788866,0.8497668612491287,0.9942746162414551,0.0,0.8983539700151849
2026-04-10 18:20:34,2114,1093,1,v8_6_phase_2_0_retry,480,-304.852632232358,323,high_altitude,108.78861999511719,105.43690490722656,0.40629085898399353,135.5716552734375,48.5619010925293,-86.08826446533203,-44.889156341552734,107.49158421412557,130.4813111112823,33.11114175648311,-0.30056571128942544,0.7558917999267578,0.0,1.8375509759878246
2026-04-10 18:20:36,2114,1094,1,v8_6_phase_2_0_retry,480,230.82706865596762,177,success,108.79022979736328,14.771248817443848,0.40629085898399353,35.98637771606445,48.5619010925293,13.429916381835938,25.532733917236328,29.271393820209532,-21.9720850598855,21.353630213561065,0.8723134986975825,0.9467216730117798,0.0,0.8946822342798062
2026-04-10 18:20:39,2114,1095,1,v8_6_phase_2_0_retry,480,214.92113857525266,182,success,107.0769271850586,9.796473503112793,0.40629085898399353,41.85569763183594,48.5619010925293,7.545032501220703,30.01980209350586,40.51610842062536,-39.353893676739744,23.388319661645767,0.760223346493497,0.9930953979492188,0.0,2.7041481693196747
2026-04-10 18:20:42,2114,1096,1,v8_6_phase_2_0_retry,480,217.20365055189603,170,success,106.31993865966797,14.447413444519043,0.40629085898399353,37.373111724853516,48.5619010925293,12.03219223022461,30.674531936645508,35.66982282712368,25.722652923713515,24.072233333428315,0.8123907601593281,0.987112820148468,0.0,5.078976217752652
2026-04-10 18:20:44,2114,1097,1,v8_6_phase_2_0_retry,480,220.96392061886232,171,success,107.79981231689453,14.82637882232666,0.40629085898399353,37.74160385131836,48.5619010925293,11.659778594970703,33.64812469482422,38.76571876655326,36.48146445148005,22.63921354178274,0.7797127352526704,0.9924085140228271,0.0,1.1135050174641998
2026-04-10 18:20:47,2114,1098,1,v8_6_phase_2_0_retry,480,232.58776558288116,173,success,105.6594467163086,14.830916404724121,0.40629085898399353,36.41551971435547,48.5619010925293,12.987598419189453,30.39325523376465,22.817250960235587,18.11178849949394,10.880737234640433,0.9217464342662504,0.9860692024230957,0.0,3.152472117919791
2026-04-10 18:20:50,2115,1099,1,v8_6_phase_2_0_retry,480,228.09363288243378,178,success,106.2063980102539,14.616535186767578,0.40629085898399353,37.54103469848633,48.5619010925293,11.888729095458984,26.094266891479492,12.018178882406412,-3.601522463967758,-2.49001675202761,0.9780815849986705,0.9133200645446777,0.0,1.2581763236392518
2026-04-10 18:20:53,2115,1100,1,v8_6_phase_2_0_retry,480,219.7138729099853,181,success,109.64985656738281,14.957113265991211,0.40629085898399353,36.27151870727539,48.5619010925293,13.128753662109375,30.71709632873535,23.374763443690586,21.830925540308847,-5.8277628597781765,0.917929464810268,0.9948229193687439,0.0,2.6556467428804162
2026-04-10 18:20:56,2115,1101,1,v8_6_phase_2_0_retry,480,239.95881575933709,179,success,106.72023010253906,14.977450370788574,0.40629085898399353,35.91836166381836,48.5619010925293,13.509513854980469,25.291439056396484,17.832184460535714,0.6775310734465814,-15.2965177123035,0.9519575259008515,0.915153980255127,0.0,3.3802104631186984
2026-04-10 18:20:59,2115,1102,1,v8_6_phase_2_0_retry,480,233.7443066718576,177,success,107.85053253173828,14.795854568481445,0.40629085898399353,38.94905471801758,48.5619010925293,10.460807800292969,26.198410034179688,32.08508341860711,-14.179130353714324,5.582690549716242,0.8472602388161622,0.9687036871910095,0.0,3.700367657619178
2026-04-10 18:21:01,2115,1103,1,v8_6_phase_2_0_retry,480,241.23056207389521,168,success,102.8634033203125,14.51183795928955,0.40629085898399353,35.83858108520508,48.5619010925293,13.572071075439453,28.61313247680664,5.7945075224830305,3.3622583760212725,1.5065987515314756,0.9948903916977945,0.9648429155349731,0.0,1.4086085611322385
2026-04-10 18:21:04,2115,1104,1,v8_6_phase_2_0_retry,480,220.45016374039818,180,success,107.04133605957031,14.514434814453125,0.40629085898399353,35.778560638427734,48.5619010925293,13.62664794921875,26.514039993286133,28.783291426647494,28.710847025215752,-39.13138660414824,0.8764471316029976,0.9872024059295654,0.0,2.9142859050170604
2026-04-10 18:21:07,2115,1105,1,v8_6_phase_2_0_retry,480,225.35892285690576,176,success,106.85250091552734,14.578085899353027,0.40629085898399353,36.064369201660156,48.5619010925293,13.33938217163086,26.648157119750977,31.20887260093203,28.722588120399006,-38.26503857963465,0.8552840302627372,0.9900389909744263,0.0,4.719141173724659
2026-04-10 18:21:10,2116,1106,1,v8_6_phase_2_0_retry,480,229.60102869471675,175,success,110.58977508544922,14.654247283935547,0.40629085898399353,38.20555114746094,48.5619010925293,11.200477600097656,33.5489501953125,28.130176785379827,20.84111501635811,0.0,0.8818786691344597,0.9780616760253906,0.0,1.323503685459604
2026-04-10 18:21:12,2116,1107,1,v8_6_phase_2_0_retry,480,239.20978651619296,169,success,104.87322998046875,14.4345121383667,0.40629085898399353,36.56279754638672,48.5619010925293,12.86600112915039,30.11814308166504,8.66666738215733,-0.5546137618434155,-6.914377654835505,0.9885817176153985,0.9132765531539917,0.0,1.2062153932298303
2026-04-10 18:21:18,2116,1108,1,v8_6_phase_2_0_retry,480,-363.11595253610824,348,high_altitude,110.28917694091797,102.09474182128906,0.40629085898399353,135.20616149902344,48.5619010925293,-85.16808319091797,-26.95075225830078,77.96396609248676,38.40013630632292,179.98021112074164,0.2085268167886045,-0.7132840156555176,0.0,2.1274145757737295
2026-04-10 18:21:20,2116,1109,1,v8_6_phase_2_0_retry,480,240.60473448772595,170,success,102.3040542602539,14.749773979187012,0.40629085898399353,35.235679626464844,48.5619010925293,14.170829772949219,26.844961166381836,5.574431143462403,-1.5562027869352817,-4.4523049142497095,0.9952708482976261,0.975721538066864,0.0,3.185175731699636
2026-04-10 18:21:23,2116,1110,1,v8_6_phase_2_0_retry,480,217.67585217003213,179,success,108.4236068725586,14.977534294128418,0.40629085898399353,35.94700622558594,48.5619010925293,13.455463409423828,28.388132095336914,18.76746275415307,17.11751615446789,-5.826843772447987,0.9468321163733384,0.9897201657295227,0.0,3.9258595988345215
2026-04-10 18:21:26,2116,1111,1,v8_6_phase_2_0_retry,480,213.037049429486,178,success,107.53551483154297,14.772064208984375,0.40629085898399353,35.941558837890625,48.5619010925293,13.467536926269531,28.809988021850586,35.194315302391146,-11.49217662291362,34.11782967787295,0.8172020860196335,0.9724841117858887,0.0,2.0223374533107585
2026-04-10 18:21:29,2117,1112,1,v8_6_phase_2_0_retry,480,234.86957671983401,178,success,110.68171691894531,14.423765182495117,0.40629085898399353,38.70448303222656,48.5619010925293,10.699398040771484,32.746639251708984,33.48926785912418,30.88771710615803,-6.671008196311019,0.8339891914136908,0.9850258827209473,0.0,3.7033070735591296
2026-04-10 18:21:32,2117,1113,1,v8_6_phase_2_0_retry,480,224.09470120250802,177,success,109.2376708984375,14.516097068786621,0.40629085898399353,37.39311218261719,48.5619010925293,12.00832748413086,31.207626342773438,31.341726610477945,25.62310120901329,-14.462865803346762,0.854080255086337,0.9944624900817871,0.0,1.5462182095618562
2026-04-10 18:21:34,2117,1114,1,v8_6_phase_2_0_retry,480,212.02326549412945,176,success,109.67784118652344,14.85342788696289,0.40629085898399353,37.19295883178711,48.5619010925293,12.218246459960938,31.146333694458008,38.00321352308597,0.6501175756042064,23.182773656310697,0.7879762220340021,0.9663913249969482,0.0,1.8140889669831133
2026-04-10 18:21:37,2117,1115,1,v8_6_phase_2_0_retry,480,223.90602238794713,180,success,106.05523681640625,14.693452835083008,0.40629085898399353,35.45450210571289,48.5619010925293,13.951732635498047,25.04869842529297,10.16573681062422,10.013824011973027,7.794709211014224,0.9843013296263803,0.9789813756942749,0.0,4.04189464488174
2026-04-10 18:21:40,2117,1116,1,v8_6_phase_2_0_retry,480,236.21904244892028,179,success,108.05748748779297,14.725069046020508,0.40629085898399353,35.75299835205078,48.5619010925293,13.647598266601562,26.99905776977539,19.2613742236042,6.244724564266298,-11.715100337044497,0.9440235523775883,0.9969562292098999,0.0,4.014752617290689
2026-04-10 18:21:43,2117,1117,1,v8_6_phase_2_0_retry,480,204.5605647314394,175,success,106.36624145507812,14.973705291748047,0.40629085898399353,36.45594787597656,48.5619010925293,12.945690155029297,30.201904296875,36.561101042107815,19.993420238467827,-43.02218678937307,0.8032220760864185,0.9936792850494385,0.0,2.4411597712116704
2026-04-10 18:21:46,2118,1118,1,v8_6_phase_2_0_retry,480,224.5155731838001,175,success,107.22953033447266,14.687980651855469,0.40629085898399353,36.165679931640625,48.5619010925293,13.235198974609375,29.39419937133789,29.558213954025877,27.806106507377525,41.19671628084962,0.8698549320582606,0.9975855350494385,0.0,3.032425502767904
2026-04-10 18:21:49,2118,1119,1,v8_6_phase_2_0_retry,480,225.2816472464261,177,success,105.5545883178711,14.647615432739258,0.40629085898399353,35.32157897949219,48.5619010925293,14.083438873291016,25.72287368774414,15.12234618092088,-0.6935156904559682,-16.968845134351515,0.9653709569341199,0.9862509369850159,0.0,5.285328298240172
2026-04-10 18:21:51,2118,1120,1,v8_6_phase_2_0_retry,480,237.11559855640326,171,success,103.65788269042969,14.685855865478516,0.40629085898399353,35.71564483642578,48.5619010925293,13.711910247802734,28.331497192382812,8.436521596752812,-0.37690491284224525,-7.419164919879413,0.9891790154426804,0.9152649641036987,0.0,3.1889159266810125
2026-04-10 18:21:54,2118,1121,1,v8_6_phase_2_0_retry,480,220.9045739732112,175,success,106.13186645507812,14.621750831604004,0.40629085898399353,36.058250427246094,48.5619010925293,13.347225189208984,29.95270347595215,14.770477032996627,14.67003910125159,-2.3521696607550013,0.9669548845465219,0.9861830472946167,0.0,5.663099091368704
2026-04-10 18:21:57,2118,1122,1,v8_6_phase_2_0_retry,480,210.89693151939593,176,success,108.4595947265625,14.740206718444824,0.40629085898399353,36.979679107666016,48.5619010925293,12.42218017578125,30.966896057128906,37.61620817452388,36.01729845586432,-39.737207308055446,0.792117010124547,0.995625913143158,0.0,5.424956823435078
2026-04-10 18:21:59,2118,1123,1,v8_6_phase_2_0_retry,480,242.87755733881897,168,success,103.52489471435547,14.937737464904785,0.40629085898399353,35.28280258178711,48.5619010925293,14.120960235595703,27.631221771240234,15.449650553495184,-0.06561060373405075,-13.67721561010323,0.9638649204706681,0.9826781153678894,0.0,0.2999065031383323
2026-04-10 18:22:02,2118,1124,1,v8_6_phase_2_0_retry,480,229.78782428294625,177,success,110.31229400634766,14.579218864440918,0.40629085898399353,37.735595703125,48.5619010925293,11.665287017822266,32.01053237915039,33.95669527006859,34.00989561351382,14.934181299476199,0.8294599793763089,0.9934352040290833,0.0,3.1701933936581628
2026-04-10 18:22:05,2119,1125,1,v8_6_phase_2_0_retry,480,230.18594893789134,175,success,105.740478515625,14.955671310424805,0.40629085898399353,35.75203323364258,48.5619010925293,13.650928497314453,28.891576766967773,21.35883140261403,8.734755830445895,15.660821219611762,0.9313177495265851,0.9858127236366272,0.0,0.6601220891592608
2026-04-10 18:22:08,2119,1126,1,v8_6_phase_2_0_retry,480,234.37776041473316,173,success,107.56098937988281,14.830460548400879,0.40629085898399353,36.72195053100586,48.5619010925293,12.681045532226562,30.60671043395996,22.852926745817857,15.104966764577783,6.898760000411448,0.9215047923595017,0.9850174784660339,0.0,2.2792823871779357
2026-04-10 18:22:11,2119,1127,1,v8_6_phase_2_0_retry,480,233.37366128341137,176,success,109.32074737548828,14.994708061218262,0.40629085898399353,38.59882354736328,48.5619010925293,10.820449829101562,31.22356414794922,33.98890985728896,19.707359963196645,13.296846644093451,0.8291457941257995,0.9383161664009094,0.0,3.0234039641863317
2026-04-10 18:22:16,2119,1128,1,v8_6_phase_2_0_retry,480,-278.40116463068284,345,high_altitude,106.52053833007812,97.4061279296875,0.40629085898399353,135.39321899414062,48.5619010925293,-85.83000946044922,-31.439502716064453,98.44219828088397,107.58986380609288,34.66563133987548,-0.14681158690128948,0.5384993553161621,0.0,1.028054106641699
2026-04-10 18:22:18,2119,1129,1,v8_6_phase_2_0_retry,480,261.1449649272803,174,success,105.26759338378906,14.842987060546875,0.40629085898399353,34.71747970581055,48.5619010925293,14.687103271484375,18.75299072265625,4.3616123817898105,2.4130563148940225,6.809343432665872,0.9971039294480067,0.9861268997192383,0.0,4.014318688110473
2026-04-10 18:22:21,2119,1130,1,v8_6_phase_2_0_retry,480,222.1606530583931,177,success,108.96327209472656,14.408245086669922,0.40629085898399353,37.43549728393555,48.5619010925293,11.96567153930664,30.156339645385742,31.401306350607967,-10.509851986293217,-16.29139965171297,0.8535389179717117,0.9918258190155029,0.0,2.9787046353983113
2026-04-10 18:22:25,2120,1131,1,v8_6_phase_2_0_retry,480,224.11402240652063,173,success,103.29348754882812,14.554880142211914,0.40629085898399353,35.59604263305664,48.5619010925293,13.803699493408203,26.71908950805664,18.158407955673862,-13.703336814810298,19.76900242045601,0.9501985307831337,0.9987862706184387,0.0,4.425127923702087
2026-04-10 18:22:27,2120,1132,1,v8_6_phase_2_0_retry,480,256.12327448129116,170,success,105.54855346679688,14.825420379638672,0.40629085898399353,36.078426361083984,48.5619010925293,13.32485580444336,17.360401153564453,34.416240642710804,-24.850878313904353,35.8828052009176,0.8249533237176717,0.9851659536361694,0.0,0.3565240517281428
2026-04-10 18:22:30,2120,1133,1,v8_6_phase_2_0_retry,480,238.50182664045343,176,success,108.611083984375,14.521158218383789,0.40629085898399353,36.97507858276367,48.5619010925293,12.447441101074219,31.09215545654297,9.58968377866722,7.853779248277433,-0.10785314262571771,0.9860260481391285,0.9309996366500854,0.0,3.5967258664492534
2026-04-10 18:22:33,2120,1134,1,v8_6_phase_2_0_retry,480,205.2354533171349,184,success,107.07512664794922,14.701138496398926,0.40629085898399353,35.495880126953125,48.5619010925293,13.903339385986328,25.716720581054688,20.778613662810617,-10.977645666131867,-35.906830391323126,0.9349581592054786,0.9992586374282837,0.0,0.18602718786660244
2026-04-10 18:22:35,2120,1135,1,v8_6_phase_2_0_retry,480,209.4201444103885,180,success,107.06603240966797,14.633825302124023,0.40629085898399353,35.83405303955078,48.5619010925293,13.13565444946289,27.72441864013672,26.45790400484517,19.204488993101748,22.746510691001763,0.8952619476818036,0.9979152679443359,0.0,4.239090879950641
2026-04-10 18:22:38,2120,1136,1,v8_6_phase_2_0_retry,480,234.33627400979722,179,success,110.0587158203125,14.97851848602295,0.40629085898399353,36.425453186035156,48.5619010925293,12.98992919921875,30.581680297851562,13.179608154537474,5.5347742113676635,-4.093587221022048,0.9736601123914498,0.9489322900772095,0.0,2.85072690258083
2026-04-10 18:22:41,2120,1137,1,v8_6_phase_2_0_retry,480,225.43317576787615,173,success,104.4207992553711,14.531636238098145,0.40629085898399353,35.74993896484375,48.5619010925293,13.677570343017578,25.6838321685791,34.751326308297045,-33.908692700581746,36.28540045626025,0.8216337431823582,0.9189887046813965,0.0,3.804731261350704
2026-04-10 18:22:44,2121,1138,1,v8_6_phase_2_0_retry,480,237.66708845563443,168,success,104.24884033203125,14.808695793151855,0.40629085898399353,35.906734466552734,48.5619010925293,13.510093688964844,29.185718536376953,10.202223681170427,-3.280441247500982,-6.064352501777779,0.9841887344704425,0.9461035132408142,0.0,1.0947168004276868
2026-04-10 18:22:47,2121,1139,1,v8_6_phase_2_0_retry,480,229.68315516106932,173,success,108.79781341552734,14.955604553222656,0.40629085898399353,36.428184509277344,48.5619010925293,12.983444213867188,29.879566192626953,27.64821985452351,28.254849935847364,17.049700913746126,0.8858133577045006,0.9636014103889465,0.0,1.3474216091509195
2026-04-10 18:22:50,2121,1140,1,v8_6_phase_2_0_retry,480,249.88034524211616,171,success,102.88361358642578,14.901182174682617,0.40629085898399353,35.09715270996094,48.5619010925293,14.311504364013672,25.913782119750977,12.985782753818144,3.3164105177741505,12.620462402097196,0.9744258536374708,0.968938946723938,0.0,0.9422179819476816
2026-04-10 18:22:53,2121,1141,1,v8_6_phase_2_0_retry,480,214.88200674443308,176,success,107.4048843383789,14.564756393432617,0.40629085898399353,36.458534240722656,48.5619010925293,12.950332641601562,28.849361419677734,22.974261641328546,0.0,14.501763730669985,0.920680284455616,0.9756538271903992,0.0,2.6282808142523786
2026-04-10 18:22:56,2121,1142,1,v8_6_phase_2_0_retry,480,211.6051620812963,180,success,108.50175476074219,13.666166305541992,0.40629085898399353,37.89483642578125,48.5619010925293,11.506771087646484,29.66481590270996,40.02320781917139,-15.028200560948719,-39.475990138342894,0.7657840173268929,0.990619421005249,0.0,0.8329089119567944
2026-04-10 18:22:59,2121,1143,1,v8_6_phase_2_0_retry,480,227.43648531008654,181,success,111.3498764038086,14.679061889648438,0.40629085898399353,37.222564697265625,48.5619010925293,12.188385009765625,31.004226684570312,19.677412998780724,10.442612189009026,4.493830756856094,0.9416033605161485,0.9637967348098755,0.0,1.2981815610479062
2026-04-10 18:23:01,2121,1144,1,v8_6_phase_2_0_retry,480,210.2206116469578,173,success,106.0906753540039,14.65479564666748,0.40629085898399353,37.45701217651367,48.5619010925293,11.947929382324219,31.06230926513672,29.23622176107855,5.253483542571266,10.772735722163253,0.8726134833470679,0.9870235323905945,0.0,3.3297327698917236
2026-04-10 18:23:05,2122,1145,1,v8_6_phase_2_0_retry,480,221.76514195440507,172,success,105.21659851074219,14.936663627624512,0.40629085898399353,36.555084228515625,48.5619010925293,12.848808288574219,28.943452835083008,37.880884835051035,-5.098466849829126,-37.27189833846353,0.7892889803211327,0.9898436665534973,0.0,2.9733185790274397
2026-04-10 18:23:07,2122,1146,1,v8_6_phase_2_0_retry,480,201.73454373814107,173,success,104.7851333618164,14.672401428222656,0.40629085898399353,37.45724105834961,48.5619010925293,11.944866180419922,28.978282928466797,38.72436880131801,-39.00794118018401,-27.008825355751107,0.7801644111672567,0.9897892475128174,0.0,3.389344445033637
2026-04-10 18:23:10,2122,1147,1,v8_6_phase_2_0_retry,480,231.03058776868707,182,success,110.28864288330078,14.635004043579102,0.40629085898399353,38.288673400878906,48.5619010925293,11.112972259521484,26.566038131713867,35.15931058289483,-16.56143971828589,2.7230506402339865,0.8175540538958739,0.9953166246414185,0.0,5.598009494478701
2026-04-10 18:23:13,2122,1148,1,v8_6_phase_2_0_retry,480,223.78255604871563,174,success,106.09386444091797,14.788459777832031,0.40629085898399353,36.7131462097168,48.5619010925293,12.68881607055664,28.30866241455078,35.0731067653801,-18.441261457129723,-34.92546198118652,0.8184195206627537,0.9957739114761353,0.0,6.034148231825269
2026-04-10 18:23:15,2122,1149,1,v8_6_phase_2_0_retry,480,215.71310755566304,175,success,105.96895599365234,14.646530151367188,0.40629085898399353,37.41521453857422,48.5619010925293,11.988945007324219,30.312355041503906,28.974239610178955,-28.540152060120672,9.72351962790633,0.8748375908925232,0.989382803440094,0.0,5.100386947352115
2026-04-10 18:23:18,2122,1150,1,v8_6_phase_2_0_retry,480,223.37080754787118,174,success,107.30321502685547,14.863859176635742,0.40629085898399353,37.487003326416016,48.5619010925293,11.926109313964844,31.297924041748047,20.29081692021394,14.714595840302168,2.0619293097117724,0.9379445276692152,0.9580842852592468,0.0,3.6438839958610463
2026-04-10 18:23:21,2122,1151,1,v8_6_phase_2_0_retry,480,220.32606446303456,173,success,102.67338562011719,14.49352741241455,0.40629085898399353,37.934085845947266,48.5619010925293,11.473697662353516,30.132883071899414,30.596751047515486,-23.090178489280127,-11.9500895803442,0.8607708907718801,0.9771642088890076,0.0,1.6561401094242607
2026-04-10 18:23:24,2123,1152,1,v8_6_phase_2_0_retry,480,218.73230174262167,171,success,106.74956512451172,14.802434921264648,0.40629085898399353,37.06081771850586,48.5619010925293,12.339408874511719,31.53439712524414,36.80811141834674,26.696631069168163,-42.65689802727704,0.8006465585805516,0.9983216524124146,0.0,1.8552364794353593
2026-04-10 18:23:27,2123,1153,1,v8_6_phase_2_0_retry,480,228.46531590173026,178,success,106.19486999511719,14.429966926574707,0.40629085898399353,36.65022659301758,48.5619010925293,12.757682800292969,29.284738540649414,17.040292328164433,-8.513270724908953,-6.493577384033836,0.9560989138536526,0.9742080569267273,0.0,1.002210174308906
2026-04-10 18:23:29,2123,1154,1,v8_6_phase_2_0_retry,480,221.95357984774895,178,success,108.93334197998047,14.717751502990723,0.40629085898399353,37.2824592590332,48.5619010925293,12.1207275390625,31.686767578125,34.287409614586025,19.395725752125642,-20.50266889770022,0.8262221058372721,0.9892537593841553,0.0,2.281252956068741
2026-04-10 18:23:35,2123,1155,1,v8_6_phase_2_0_retry,480,-247.76963221431782,337,high_altitude,104.23114013671875,148.08798217773438,0.40629085898399353,135.01553344726562,48.5619010925293,-85.58756256103516,-46.32981491088867,108.59193451960378,-120.99738854304451,18.927137209022334,-0.3188258895481442,0.9123215079307556,0.0,0.7858008008189642
2026-04-10 18:23:37,2123,1156,1,v8_6_phase_2_0_retry,480,219.03281112929008,173,success,105.08636474609375,14.724928855895996,0.40629085898399353,35.654632568359375,48.5619010925293,13.751731872558594,27.853357315063477,26.45016881561013,15.149825739499136,-27.466029681055296,0.8953220894602724,0.9827437400817871,0.0,2.9190013445426257
2026-04-10 18:23:40,2123,1157,1,v8_6_phase_2_0_retry,480,229.6701446225554,172,success,104.77249145507812,14.585973739624023,0.40629085898399353,36.189598083496094,48.5619010925293,13.216026306152344,30.1940975189209,23.64255125538469,14.053809189049284,-17.59197866025741,0.9160651538675173,0.9791577458381653,0.0,3.4670538490327485
2026-04-10 18:23:44,2124,1158,1,v8_6_phase_2_0_retry,480,209.1928157238094,189,success,107.80862426757812,9.477590560913086,0.40629085898399353,41.62789535522461,48.5619010925293,7.774730682373047,29.218509674072266,40.129990996655366,-36.758732565742136,29.64764503592344,0.7645841350154111,0.9865601658821106,0.0,2.5953646490171614
2026-04-10 18:23:47,2124,1159,1,v8_6_phase_2_0_retry,480,232.36478688133516,183,success,110.9437255859375,14.730661392211914,0.40629085898399353,38.259056091308594,48.5619010925293,11.168445587158203,29.683652877807617,28.010738974911106,15.202086931933488,-15.010173984181762,0.882859584074494,0.9170863628387451,0.0,1.341348347075786
2026-04-10 18:23:49,2124,1160,1,v8_6_phase_2_0_retry,480,213.40749037273494,177,success,108.15462493896484,14.61074447631836,0.40629085898399353,37.856754302978516,48.5619010925293,11.543594360351562,31.630910873413086,37.30655130321759,-8.783354333937828,-20.102928661430642,0.7954041858436168,0.9973605275154114,0.0,4.44722610218442
2026-04-10 18:23:52,2124,1161,1,v8_6_phase_2_0_retry,480,216.25408911733408,177,success,103.19467163085938,14.880768775939941,0.40629085898399353,35.12650680541992,48.5619010925293,14.283592224121094,25.04153060913086,27.560204329331434,-13.038929309523661,-31.34008053488797,0.8865251548772236,0.9667978882789612,0.0,3.5562188577663867
2026-04-10 18:23:55,2124,1162,1,v8_6_phase_2_0_retry,480,225.11966748192998,183,success,108.59667205810547,14.690250396728516,0.40629085898399353,38.67739486694336,48.5619010925293,10.758907318115234,27.3584041595459,32.70884361436936,4.764482125359727,25.358545784343892,0.8414273857262561,0.894061267375946,0.0,1.3640107664575496
2026-04-10 18:23:58,2124,1163,1,v8_6_phase_2_0_retry,480,231.76458733937028,178,success,104.20887756347656,14.660921096801758,0.40629085898399353,35.56234359741211,48.5619010925293,13.848590850830078,26.51288414001465,14.710789717387177,2.341091947694887,-12.538065561271102,0.9672199489201885,0.9685715436935425,0.0,4.526679037521911
2026-04-10 18:24:01,2125,1164,1,v8_6_phase_2_0_retry,480,246.41084617001968,165,success,104.77645111083984,14.744815826416016,0.40629085898399353,35.800113677978516,48.5619010925293,13.61910629272461,27.39096450805664,15.252782303500615,15.859531913134942,-10.829791707394953,0.964774549801638,0.9442998170852661,0.0,1.6526082826420418
2026-04-10 18:24:04,2125,1165,1,v8_6_phase_2_0_retry,480,222.00568825307414,173,success,105.44583892822266,14.820640563964844,0.40629085898399353,35.82566833496094,48.5619010925293,13.579456329345703,28.299972534179688,33.110803662119196,8.141383146301038,-43.450344027684494,0.8376157290294369,0.9861823320388794,0.0,2.9617132569911466
2026-04-10 18:24:07,2125,1166,1,v8_6_phase_2_0_retry,480,243.28178238176778,164,success,103.04821014404297,14.949271202087402,0.40629085898399353,35.232425689697266,48.5619010925293,14.189361572265625,27.897693634033203,19.382671553074456,-3.514799125189283,-16.517291083038216,0.9433230731071541,0.9320162534713745,0.0,3.2486009898515587
2026-04-10 18:24:09,2125,1167,1,v8_6_phase_2_0_retry,480,231.95644273474872,175,success,109.06654357910156,14.409318923950195,0.40629085898399353,37.93558883666992,48.5619010925293,11.483985900878906,31.58432960510254,21.65346527284087,17.428414412655822,-7.390727427270065,0.9294325675293458,0.9408650398254395,0.0,3.4716341589679187
2026-04-10 18:24:14,2125,1168,1,v8_6_phase_2_0_retry,480,-326.76085514735587,318,wrong_way,102.95646667480469,111.38033294677734,0.40629085898399353,117.19366455078125,48.5619010925293,-67.56494903564453,-56.33330154418945,159.84440363619385,161.28024600351392,-165.95761418865203,-0.9387603434300084,0.36276301741600037,0.0,1.2381460103363584
2026-04-10 18:24:17,2125,1169,1,v8_6_phase_2_0_retry,480,221.54993886237628,181,success,108.97348022460938,14.68262004852295,0.40629085898399353,39.1534309387207,48.5619010925293,10.260993957519531,24.409597396850586,31.016831587133364,-29.04725774750098,-6.46617808017833,0.8570159627267726,0.9559303522109985,0.0,2.915675115726985
2026-04-10 18:24:20,2125,1170,1,v8_6_phase_2_0_retry,480,215.4442504554437,182,success,108.87984466552734,14.676383972167969,0.40629085898399353,36.75033187866211,48.5619010925293,12.654594421386719,29.869247436523438,30.000485778257126,-4.901608845118311,19.7045920290355,0.8660211645383014,0.9842373132705688,0.0,2.3243866653855876
2026-04-10 18:24:23,2126,1171,1,v8_6_phase_2_0_retry,480,243.6046312216663,171,success,101.9139175415039,14.604056358337402,0.40629085898399353,36.138702392578125,48.5619010925293,13.26852798461914,20.706212997436523,12.980979423284333,-3.1816773524328323,3.9861560293405636,0.974444688475063,0.9757516384124756,0.0,3.9597991694007293
2026-04-10 18:24:30,2126,1172,1,v8_6_phase_2_0_retry,480,-379.02141667017315,451,low_agl,108.90760040283203,72.57820129394531,0.40629085898399353,0.2609630525112152,48.5619010925293,49.67570495605469,-6.541858196258545,70.23888553741894,69.89420004095425,12.539117410403284,0.33809928470105205,-0.43983420729637146,0.0,2.520884568619308
2026-04-10 18:24:33,2126,1173,1,v8_6_phase_2_0_retry,480,229.84546750489483,177,success,108.41375732421875,14.42033576965332,0.40629085898399353,36.77451705932617,48.5619010925293,12.636180877685547,30.126916885375977,15.656557474022382,5.664031272541924,-5.490590571400497,0.9628966430337388,0.9648618698120117,0.0,1.4543196568365757
2026-04-10 18:24:38,2126,1174,1,v8_6_phase_2_0_retry,480,-291.0733002636106,329,high_altitude,105.53594970703125,108.77625274658203,0.40629085898399353,135.58335876464844,48.5619010925293,-86.1080093383789,-43.191123962402344,103.63443295584679,113.82142104629986,7.463349413620225,-0.23572618850178445,0.7783195972442627,0.0,0.6482859774215465
2026-04-10 18:24:41,2127,1175,1,v8_6_phase_2_0_retry,480,237.6261035062602,179,success,104.59243774414062,14.931427001953125,0.40629085898399353,39.41225051879883,48.5619010925293,10.021369934082031,15.323563575744629,31.422725823845127,-34.80948878417429,-16.671591886577975,0.8533440766433662,0.9027549624443054,0.0,1.24069649968878
2026-04-10 18:24:44,2127,1176,1,v8_6_phase_2_0_retry,480,209.63034665475908,179,success,109.32157135009766,14.491451263427734,0.40629085898399353,37.66963195800781,48.5619010925293,11.730640411376953,29.949893951416016,36.78219768063571,21.471548306939457,-26.037707352011402,0.8009174543700058,0.998644232749939,0.0,4.769503039954741
2026-04-10 18:24:51,2127,1177,1,v8_6_phase_2_0_retry,480,-505.5260226106934,418,wrong_way,109.91531372070312,144.56668090820312,0.40629085898399353,76.70368194580078,48.5619010925293,-26.718215942382812,-23.101259231567383,128.43565579448514,128.4099059813142,155.2017601327961,-0.62163536103846,-0.577472984790802,0.0,2.4474571502501945
2026-04-10 18:24:54,2127,1178,1,v8_6_phase_2_0_retry,480,211.6368920792932,180,success,106.42227172851562,14.63891315460205,0.40629085898399353,35.99800491333008,48.5619010925293,13.401580810546875,27.44353485107422,23.54282024821875,-23.44151317490183,20.760353152064585,0.9167618114677737,0.9988408088684082,0.0,0.9239595894797455
2026-04-10 18:24:56,2127,1179,1,v8_6_phase_2_0_retry,480,215.02304474542183,176,success,105.79368591308594,14.550045013427734,0.40629085898399353,36.413604736328125,48.5619010925293,12.989906311035156,28.681156158447266,33.22214940596874,14.434453923946801,-38.98768966929492,0.8365525739148502,0.9926799535751343,0.0,3.7534245676461073
2026-04-10 18:24:59,2128,1180,1,v8_6_phase_2_0_retry,480,221.72731621287105,172,success,106.57595825195312,14.80798625946045,0.40629085898399353,37.300899505615234,48.5619010925293,12.101276397705078,31.9246883392334,32.942538536821345,24.89041315636768,17.173904488708224,0.8392163600714915,0.988965630531311,0.0,0.9218984481992162
2026-04-10 18:25:02,2128,1181,1,v8_6_phase_2_0_retry,480,249.61752502048836,171,success,102.7093505859375,14.52843189239502,0.40629085898399353,35.10553741455078,48.5619010925293,14.295036315917969,24.529802322387695,6.90535241362098,1.5963038947694843,9.809177884061105,0.9927461147456939,0.9951953887939453,0.0,1.3863838075759065
2026-04-10 18:25:05,2128,1182,1,v8_6_phase_2_0_retry,480,246.3043070067298,169,success,102.57926177978516,14.591999053955078,0.40629085898399353,35.05474853515625,48.5619010925293,14.356407165527344,24.863073348999023,9.750884780815985,-7.154287195658557,-9.256335542451103,0.9855534437882213,0.9621478915214539,0.0,3.2047063982066275
2026-04-10 18:25:08,2128,1183,1,v8_6_phase_2_0_retry,480,211.18533533680332,185,success,108.86455535888672,14.785085678100586,0.40629085898399353,38.48298645019531,48.5619010925293,10.958290100097656,27.261674880981445,31.344646516348124,8.267618702541213,-28.79135788005728,0.8540537465539293,0.8826422691345215,0.0,1.338468799081218
2026-04-10 18:25:10,2128,1184,1,v8_6_phase_2_0_retry,480,217.906665598871,175,success,105.14253997802734,14.728981018066406,0.40629085898399353,35.91569900512695,48.5619010925293,13.485363006591797,28.899085998535156,19.769579571440875,2.739168606014747,-3.0009836307230873,0.941060484704206,0.9975033402442932,0.0,4.045096956467327
2026-04-10 18:25:13,2128,1185,1,v8_6_phase_2_0_retry,480,221.12895325443526,181,success,108.04794311523438,14.76806926727295,0.40629085898399353,36.163021087646484,48.5619010925293,13.237457275390625,28.514936447143555,28.72914168690763,11.273860725151565,-27.77622613730601,0.8769017997602357,0.9953852891921997,0.0,0.783767763342229
2026-04-10 18:25:16,2128,1186,1,v8_6_phase_2_0_retry,480,210.21553091074762,182,success,107.6214370727539,14.453301429748535,0.40629085898399353,36.59037399291992,48.5619010925293,12.816638946533203,29.53086280822754,23.77240510433768,-17.458081339315775,14.915821750987206,0.9151539179318811,0.9811785221099854,0.0,3.015390951262462
2026-04-10 18:25:19,2129,1187,1,v8_6_phase_2_0_retry,480,232.02095722979956,178,success,104.89311981201172,14.726405143737793,0.40629085898399353,34.64676284790039,48.5619010925293,14.327072143554688,25.52501106262207,4.631512002597919,4.412907529343429,-3.978867790609337,0.9967346192401669,0.9847833514213562,0.0,4.666346785387255
2026-04-10 18:25:22,2129,1188,1,v8_6_phase_2_0_retry,480,221.45491954227427,179,success,110.42555236816406,14.463111877441406,0.40629085898399353,37.9925422668457,48.5619010925293,11.40683364868164,31.52170753479004,35.943143092045496,13.887257587459462,-5.160026917931628,0.8095998789059273,0.9993038177490234,0.0,3.2452448168121704
2026-04-10 18:25:25,2129,1189,1,v8_6_phase_2_0_retry,480,231.326918043263,174,success,106.37699127197266,14.526376724243164,0.40629085898399353,36.37540054321289,48.5619010925293,13.025081634521484,29.72213363647461,28.667659739093764,27.703086764126223,29.766077101036874,0.8774170832511087,0.9970283508300781,0.0,1.3295744430329692
2026-04-10 18:25:28,2129,1190,1,v8_6_phase_2_0_retry,480,209.02675250899952,181,success,107.83723449707031,14.890928268432617,0.40629085898399353,35.981605529785156,48.5619010925293,13.417991638183594,28.224889755249023,27.548282234135176,-21.84699185278401,-33.46918710296435,0.8866214101358674,0.99898362159729,0.0,1.0870385868180756
2026-04-10 18:25:33,2129,1191,1,v8_6_phase_2_0_retry,480,-343.765994954541,360,high_altitude,102.684814453125,157.5333251953125,0.40629085898399353,135.29502868652344,48.5619010925293,-85.76200103759766,-42.227813720703125,75.97842327057488,-177.8615547420954,-28.16473754258009,0.24228727722404733,0.6203498244285583,0.0,1.5885463690439408
2026-04-10 18:25:36,2129,1192,1,v8_6_phase_2_0_retry,480,217.2464844048427,189,success,111.44471740722656,14.961934089660645,0.40629085898399353,39.557472229003906,48.5619010925293,9.866157531738281,27.557863235473633,37.21816865535762,26.354008289832816,-14.102236937811966,0.7963381578737354,0.9290485382080078,0.0,0.6406171770898287
2026-04-10 18:25:40,2130,1193,1,v8_6_phase_2_0_retry,480,221.9647304701763,184,success,109.58023071289062,14.426658630371094,0.40629085898399353,37.24980545043945,48.5619010925293,12.177757263183594,30.11610984802246,37.52844024368921,-8.348637552702257,-28.261345445748045,0.7930510680692563,0.9193779826164246,0.0,3.8280080466763944
2026-04-10 18:25:42,2130,1194,1,v8_6_phase_2_0_retry,480,215.13969460556254,176,success,107.56830596923828,14.83010196685791,0.40629085898399353,36.56049728393555,48.5619010925293,12.841545104980469,29.306224822998047,34.18487139967121,19.0065910920898,34.87593969460934,0.8272289601210314,0.9957560300827026,0.0,6.126956397259625
2026-04-10 18:25:45,2130,1195,1,v8_6_phase_2_0_retry,480,209.0986523999129,174,success,104.58731842041016,14.772889137268066,0.40629085898399353,36.30043411254883,48.5619010925293,13.105976104736328,28.006444931030273,34.35313994006364,-34.79058282055169,-28.56250385417954,0.825575287499897,0.9765607714653015,0.0,3.38859157542123
2026-04-10 18:25:47,2130,1196,1,v8_6_phase_2_0_retry,480,216.79451782502133,173,success,103.17424011230469,14.739238739013672,0.40629085898399353,35.981773376464844,48.5619010925293,13.418716430664062,27.627132415771484,27.944631281481847,-20.480103660229794,35.10488422049359,0.8834008620749811,0.9970802068710327,0.0,2.4150083029186953
2026-04-10 18:25:50,2130,1197,1,v8_6_phase_2_0_retry,480,244.00247613864815,173,success,102.53458404541016,14.821551322937012,0.40629085898399353,36.15484619140625,48.5619010925293,13.26156997680664,24.863786697387695,26.833740286567,-18.343946629382675,-18.01789901161565,0.8923201513462666,0.948326051235199,0.0,3.6175128158419607
2026-04-10 18:25:53,2130,1198,1,v8_6_phase_2_0_retry,480,219.66323475902018,186,success,110.81501007080078,14.760615348815918,0.40629085898399353,36.43519592285156,48.5619010925293,12.965923309326172,28.98249626159668,25.646434842765345,-23.787498114856117,-14.183501674783132,0.9014820503146488,0.9942187666893005,0.0,0.9780593245809314
2026-04-10 18:25:59,2131,1199,1,v8_6_phase_2_0_retry,480,-401.07316492949445,347,high_altitude,109.0213851928711,97.81948852539062,0.40629085898399353,135.1470947265625,48.5619010925293,-85.74771881103516,-46.23448181152344,151.9072047262621,177.2644049633395,33.70608538413707,-0.8821860869952232,0.9998578429222107,0.0,2.910871500848317
2026-04-10 18:26:02,2131,1200,1,v8_6_phase_2_0_retry,480,212.49471826026831,179,success,109.61614227294922,14.695502281188965,0.40629085898399353,38.135292053222656,48.5619010925293,11.274059295654297,31.53264045715332,40.42784871617045,15.615479008806632,-20.849985724542663,0.7612231977560173,0.9681949019432068,0.0,1.2917703246480707
2026-04-10 18:26:05,2131,1201,1,v8_6_phase_2_0_retry,480,216.17070331778177,192,success,110.56306457519531,14.712820053100586,0.40629085898399353,36.50923156738281,48.5619010925293,12.903839111328125,24.91937255859375,35.07214370870713,-34.91958118831114,25.036307704586445,0.8184291790727115,0.9601348638534546,0.0,4.000830002742012
2026-04-10 18:26:08,2131,1202,1,v8_6_phase_2_0_retry,480,205.51166593376,185,success,107.28521728515625,14.657439231872559,0.40629085898399353,38.12596893310547,48.5619010925293,11.276443481445312,27.687084197998047,32.54259680997125,-32.61766058894969,-7.464742772210908,0.8429917549107839,0.9889418482780457,0.0,0.32088000922916926
2026-04-10 18:26:10,2131,1203,1,v8_6_phase_2_0_retry,480,208.44294409397946,177,success,102.92204284667969,14.650912284851074,0.40629085898399353,35.936180114746094,48.5619010925293,13.467658996582031,25.162540435791016,31.891645631123183,-31.389131538412418,-34.80186970815514,0.8490487308547809,0.9830657243728638,0.0,2.87818868439576
2026-04-10 18:26:13,2131,1204,1,v8_6_phase_2_0_retry,480,229.503657532815,184,success,109.57492065429688,14.858743667602539,0.40629085898399353,35.18423843383789,48.5619010925293,14.218818664550781,25.66729164123535,11.358636179356116,0.9514161096353921,-10.067236091282526,0.9804136148802375,0.9861629009246826,0.0,3.1280597821686285
2026-04-10 18:26:16,2132,1205,1,v8_6_phase_2_0_retry,480,217.8605618482946,178,success,108.37332153320312,14.693990707397461,0.40629085898399353,36.2150764465332,48.5619010925293,13.189041137695312,28.218725204467773,32.113080364015,28.177467307645703,-32.48745327770715,0.8470005834461118,0.9894147515296936,0.0,4.835400760249148
2026-04-10 18:26:19,2132,1206,1,v8_6_phase_2_0_retry,480,242.66015098228925,174,success,104.54151153564453,14.53282642364502,0.40629085898399353,35.32575225830078,48.5619010925293,14.075172424316406,25.35205078125,8.233516421788986,5.764460239663675,2.9022052215029515,0.9896926276454295,0.9937397241592407,0.0,3.3315762321607916
2026-04-10 18:26:23,2132,1207,1,v8_6_phase_2_0_retry,480,244.16203269800133,177,success,107.54701232910156,14.710744857788086,0.40629085898399353,35.532405853271484,48.5619010925293,13.886981964111328,24.036495208740234,6.918916742425802,4.623215030303646,5.348705771111352,0.9927176235109602,0.941004753112793,0.0,1.1836999123792697
2026-04-10 18:26:33,2132,1208,1,v8_6_phase_2_0_retry,480,-582.159936792164,480,timeout,109.74341583251953,148.61679077148438,0.40629085898399353,70.87041473388672,48.5619010925293,-20.81505584716797,-22.162534713745117,110.48519465563962,77.45554047104935,132.91034494619228,-0.3499653315975603,-0.7398000359535217,0.0,4.704837545944404
2026-04-10 18:26:37,2132,1209,1,v8_6_phase_2_0_retry,480,233.81566482357627,180,success,107.7802734375,14.60175609588623,0.40629085898399353,36.34858322143555,48.5619010925293,13.069629669189453,27.001253128051758,16.502691553687317,8.00160247116308,-10.010241577753355,0.9588063917708315,0.9432228207588196,0.0,1.3007813091563316
2026-04-11 13:54:09,2122,1,1,v8_6_phase_2_0_retry,480,210.54238006340682,170,success,104.2441635131836,14.437315940856934,0.40629085898399353,36.939449310302734,48.5619010925293,12.466911315917969,29.751686096191406,40.207861983382685,-37.55847600056434,-38.85696667877005,0.7637074533567678,0.9827209115028381,0.0,2.825450104921566
2026-04-11 13:54:12,2122,2,1,v8_6_phase_2_0_retry,480,205.56939633193238,177,success,106.42758178710938,14.454453468322754,0.40629085898399353,37.18885040283203,48.5619010925293,12.212196350097656,30.636098861694336,31.096003724897567,-23.620399244359046,18.40051425608872,0.8563031097659289,0.9940398931503296,0.0,1.772500285662164
2026-04-11 13:54:16,2122,3,1,v8_6_phase_2_0_retry,480,209.1673754121944,173,success,104.08234405517578,14.743159294128418,0.40629085898399353,36.25904083251953,48.5619010925293,13.142322540283203,28.794715881347656,34.57178795577409,-22.40917106298942,-44.69855768340974,0.8234158710575482,0.9911573529243469,0.0,2.912221480249539
2026-04-11 13:54:21,2122,4,1,v8_6_phase_2_0_retry,480,-314.2823976019626,326,high_altitude,110.19316101074219,106.31333923339844,0.40629085898399353,135.3424072265625,48.5619010925293,-85.79508209228516,-49.22092056274414,120.08436983593222,135.50069418891962,93.75567764225806,-0.5012747070751532,0.582184374332428,0.0,1.8232729520392006
2026-04-11 13:54:25,2122,5,1,v8_6_phase_2_0_retry,480,211.62110808424146,178,success,107.62393951416016,14.899752616882324,0.40629085898399353,36.81218338012695,48.5619010925293,12.588462829589844,29.548416137695312,31.02890394649136,-29.484137137382504,-15.851701101251523,0.8569073708836512,0.9984467625617981,0.0,7.310103672377034
2026-04-11 13:54:29,2123,6,1,v8_6_phase_2_0_retry,480,213.11740756081417,184,success,107.29556274414062,14.499004364013672,0.40629085898399353,36.21371841430664,48.5619010925293,13.186424255371094,26.93071746826172,21.427131586766865,-16.364591958858828,-1.3080076930404756,0.9308829293629802,0.9984838962554932,0.0,4.801487835217564
2026-04-11 13:54:32,2123,7,1,v8_6_phase_2_0_retry,480,226.5647786441075,175,success,103.37188720703125,14.985671043395996,0.40629085898399353,35.548851013183594,48.5619010925293,13.85601806640625,23.895267486572266,31.712339505032006,-3.612487478906567,-35.52578779790645,0.8506979214963938,0.9817968606948853,0.0,1.4347625891582523
2026-04-11 13:54:37,2123,8,1,v8_6_phase_2_0_retry,480,-256.8339827370481,301,wrong_way,105.59825134277344,114.24632263183594,0.40629085898399353,115.99009704589844,48.5619010925293,-66.30477905273438,-49.39395523071289,129.05772210333322,140.9206132198648,129.53870402468553,-0.6301030000708356,0.21292175352573395,0.0,1.6890779311875923
2026-04-11 13:54:41,2123,9,1,v8_6_phase_2_0_retry,480,232.3921670165965,167,success,103.42815399169922,14.65735149383545,0.40629085898399353,36.73323440551758,48.5619010925293,12.674064636230469,31.66672706604004,23.675715238899688,18.103361753605437,12.466567141039409,0.9158328762649495,0.9734719395637512,0.0,3.257055575655966
2026-04-11 13:54:44,2123,10,1,v8_6_phase_2_0_retry,480,235.17453765659047,168,success,105.36105346679688,14.936415672302246,0.40629085898399353,35.931304931640625,48.5619010925293,13.481964111328125,28.679214477539062,23.411094927433176,24.019190084333996,16.22177099576657,0.9176777035631183,0.9600344896316528,0.0,3.7243729749635595
2026-04-11 13:54:48,2123,11,1,v8_6_phase_2_0_retry,480,218.2685555718919,170,success,104.9581527709961,14.669838905334473,0.40629085898399353,36.29396438598633,48.5619010925293,13.106952667236328,29.48236846923828,31.198135543556766,21.08783510955731,37.36274668461387,0.8553811167746497,0.9960103034973145,0.0,1.662343694194598
2026-04-11 13:54:51,2123,12,1,v8_6_phase_2_0_retry,480,218.49868765978502,174,success,107.17296600341797,14.489513397216797,0.40629085898399353,37.76087951660156,48.5619010925293,11.638435363769531,30.14003562927246,35.74455875702196,-3.4166708646007673,-10.345739616010736,0.811629463096881,0.9998172521591187,0.0,1.2130232028068666
2026-04-11 13:54:55,2124,13,1,v8_6_phase_2_0_retry,480,231.34133465722124,175,success,107.74018859863281,14.744970321655273,0.40629085898399353,37.62874221801758,48.5619010925293,11.785663604736328,31.95234489440918,19.904854883047566,18.82076042779397,-2.5608746285812036,0.940259282018269,0.9535966515541077,0.0,1.1213038451562343
2026-04-11 13:55:02,2124,14,1,v8_6_phase_2_0_retry,480,-340.46887624566125,343,high_altitude,110.12599182128906,145.84788513183594,0.40629085898399353,135.01797485351562,48.5619010925293,-85.0658187866211,-46.29782485961914,73.10538615847906,93.4079117304777,-89.65037195105438,0.29061224590523205,-0.4908592700958252,0.0,1.5607920466147658
2026-04-11 13:55:05,2124,15,1,v8_6_phase_2_0_retry,480,241.8390517860417,169,success,106.12053680419922,14.510214805603027,0.40629085898399353,35.64297866821289,48.5619010925293,13.769664764404297,26.912555694580078,26.615157157653666,6.600845931835709,25.584526008128346,0.8940357543313527,0.9616070985794067,0.0,1.9695981202775643
2026-04-11 13:55:12,2124,16,1,v8_6_phase_2_0_retry,480,-288.80077056703396,314,high_altitude,110.23992156982422,103.76025390625,0.40629085898399353,135.8595733642578,48.5619010925293,-86.45452117919922,-49.701717376708984,134.44716483020184,150.80818630767203,0.3000602954398565,-0.7002512441392281,0.9782012701034546,0.0,0.26863655091152777
2026-04-11 13:55:15,2124,17,1,v8_6_phase_2_0_retry,480,228.29358149362128,174,success,107.87078094482422,14.63188362121582,0.40629085898399353,36.39430618286133,48.5619010925293,13.037178039550781,29.243925094604492,22.298679092786124,-11.16644746271665,21.102325355881494,0.9252184661905113,0.9061752557754517,0.0,3.550027292346894
2026-04-11 13:55:22,2125,18,1,v8_6_phase_2_0_retry,480,-292.70216153175807,323,high_altitude,109.03633880615234,120.83644104003906,0.40629085898399353,135.52235412597656,48.5619010925293,-85.82364654541016,-45.684837341308594,109.54593436173614,117.66676973769285,-107.56247474752112,-0.33456247307844034,0.17668457329273224,0.0,1.7307346659013665
2026-04-11 13:55:26,2125,19,1,v8_6_phase_2_0_retry,480,216.27556638326112,178,success,109.39573669433594,14.983039855957031,0.40629085898399353,37.04922866821289,48.5619010925293,12.354965209960938,31.502450942993164,35.7936575718706,18.434460296263683,-22.443854763594743,0.8111285666429798,0.9831757545471191,0.0,3.434408777494638
2026-04-11 13:55:29,2125,20,1,v8_6_phase_2_0_retry,480,226.40757402947375,171,success,107.25677490234375,14.950496673583984,0.40629085898399353,37.54484176635742,48.5619010925293,11.857830047607422,32.82857131958008,28.433879439277153,22.608940435833954,-1.0321098854806268,0.879367178813079,0.9873685240745544,0.0,3.1822106662504357
2026-04-11 13:55:33,2125,21,1,v8_6_phase_2_0_retry,480,226.22673007749864,176,success,103.93824768066406,14.91684341430664,0.40629085898399353,34.68974685668945,48.5619010925293,14.278900146484375,26.23801612854004,17.74029621808424,-3.4751362166790187,-26.750662988144843,0.952447418699166,0.9989837408065796,0.0,5.151416245835044
2026-04-11 13:55:39,2125,22,1,v8_6_phase_2_0_retry,480,-329.1882692599165,302,high_altitude,102.36591339111328,102.14117431640625,0.40629085898399353,135.3002166748047,48.5619010925293,-85.89124298095703,-54.95063400268555,159.69898890876428,-163.00257382538103,38.80646084495239,-0.9378828121371391,0.9674505591392517,0.0,0.7300528811192291
2026-04-11 13:55:42,2126,23,1,v8_6_phase_2_0_retry,480,217.96153051448422,183,success,107.97728729248047,11.035404205322266,0.40629085898399353,40.292320251464844,48.5619010925293,9.108600616455078,28.218671798706055,40.43818962257385,-16.543781971734113,44.67008262475996,0.7611061440309995,0.9943963289260864,0.0,1.7368688445545948
2026-04-11 13:55:46,2126,24,1,v8_6_phase_2_0_retry,480,228.2597491438482,178,success,107.73629760742188,14.867639541625977,0.40629085898399353,36.00232696533203,48.5619010925293,13.397464752197266,29.561208724975586,20.81164616518409,20.70751139355078,0.8298992002554904,0.9347534766488476,0.9963552951812744,0.0,2.483481078346267
2026-04-11 13:55:49,2126,25,1,v8_6_phase_2_0_retry,480,243.53905639026,169,success,102.7650146484375,14.70798397064209,0.40629085898399353,35.591426849365234,48.5619010925293,13.813034057617188,27.93714141845703,9.614456874786857,5.619426722167155,-3.215813143800675,0.985953926583087,0.9814238548278809,0.0,2.958156220498795
2026-04-11 13:55:52,2126,26,1,v8_6_phase_2_0_retry,480,241.20483804505767,176,success,109.42787170410156,14.594407081604004,0.40629085898399353,36.33707046508789,48.5619010925293,13.072093963623047,25.101919174194336,40.01492621480275,-10.709085189287904,-43.411104590902774,0.765876963502307,0.9716734290122986,0.0,4.112547003230179
2026-04-11 13:55:56,2126,27,1,v8_6_phase_2_0_retry,480,234.63001619039707,172,success,103.3974838256836,14.562254905700684,0.40629085898399353,35.052330017089844,48.5619010925293,14.350727081298828,24.017587661743164,17.82806927156078,0.36530498379531573,33.71780598875281,0.9519795179920949,0.9861652851104736,0.0,0.28181158634431364
2026-04-11 13:56:00,2126,28,1,v8_6_phase_2_0_retry,480,237.46345042334838,174,success,104.40022277832031,14.557332038879395,0.40629085898399353,36.23719024658203,48.5619010925293,13.191864013671875,27.44691276550293,31.950149616458926,-3.6548414819498163,-30.601337519543147,0.8485088331335789,0.9119915962219238,0.0,3.251592667910254
2026-04-11 13:56:04,2126,29,1,v8_6_phase_2_0_retry,480,204.95437936499206,179,success,105.69638061523438,11.542943000793457,0.40629085898399353,39.9372444152832,48.5619010925293,9.463485717773438,28.09325408935547,40.40775429963227,-37.62545625066007,-38.68475711922652,0.7614505852727802,0.9945599436759949,0.0,1.500963420111567
2026-04-11 13:56:08,2127,30,1,v8_6_phase_2_0_retry,480,249.08833750797072,172,success,109.6624984741211,14.58729362487793,0.40629085898399353,36.86744689941406,48.5619010925293,12.53347396850586,28.092811584472656,35.01298402521106,-5.725190920804333,30.100271426936427,0.8190220428119122,0.991783082485199,0.0,1.4254923050746893
2026-04-11 13:56:12,2127,31,1,v8_6_phase_2_0_retry,480,231.79276635707782,174,success,108.34954071044922,14.655004501342773,0.40629085898399353,37.146087646484375,48.5619010925293,12.263809204101562,31.327621459960938,20.505846643211573,20.61470278310865,5.81365168895293,0.9366364480989422,0.9676740765571594,0.0,1.6136449740160492
2026-04-11 13:56:16,2127,32,1,v8_6_phase_2_0_retry,480,223.40382864803198,173,success,104.01676177978516,14.805410385131836,0.40629085898399353,35.56128692626953,48.5619010925293,13.83847427368164,27.789949417114258,20.632210265498685,16.07909346664688,20.577073563423756,0.9358615911887311,0.9982026815414429,0.0,4.034266142822142
2026-04-11 13:56:26,2127,33,1,v8_6_phase_2_0_retry,480,-671.9222633296448,480,timeout,104.50933837890625,178.99195861816406,0.40629085898399353,69.96276092529297,48.5619010925293,-20.01824951171875,-27.952125549316406,48.94946934733974,18.931134577234083,-46.71310148853749,0.6567243719639342,-0.4587750732898712,0.0,2.6938054852563904
2026-04-11 13:56:37,2128,34,1,v8_6_phase_2_0_retry,480,-512.9354830019993,478,wrong_way,103.85807800292969,272.2221984863281,0.40629085898399353,30.96402359008789,48.5619010925293,19.019880294799805,-51.793392181396484,129.0769285952793,110.32298449304099,135.62228521652418,-0.630363264169592,-0.5587278008460999,0.0,2.9461100536483764
2026-04-11 13:56:40,2128,35,1,v8_6_phase_2_0_retry,480,214.08509624770574,178,success,104.6094741821289,14.803502082824707,0.40629085898399353,35.55548095703125,48.5619010925293,13.845405578613281,25.127063751220703,25.001878428527704,-12.2876443593154,32.6395923263746,0.9062939311102145,0.9945834279060364,0.0,1.8024765170401298
2026-04-11 13:56:44,2128,36,1,v8_6_phase_2_0_retry,480,221.16467147446915,170,success,103.1482925415039,14.917646408081055,0.40629085898399353,35.96051788330078,48.5619010925293,13.439498901367188,26.974029541015625,28.45080294049315,15.368588160878181,35.73299866185172,0.8792265013335957,0.9983042478561401,0.0,1.8950778974254323
2026-04-11 13:56:48,2128,37,1,v8_6_phase_2_0_retry,480,221.044744569171,178,success,108.0335693359375,14.955621719360352,0.40629085898399353,35.899131774902344,48.5619010925293,13.51007080078125,27.588539123535156,29.612940844750604,-14.313036212392424,23.623978263484133,0.8693833454461231,0.9712640047073364,0.0,1.4148990748402932
2026-04-11 13:56:51,2128,38,1,v8_6_phase_2_0_retry,480,222.63520735795748,175,success,107.69246673583984,14.760078430175781,0.40629085898399353,36.48854064941406,48.5619010925293,12.920364379882812,30.07697105407715,25.11486854041993,-4.894569481404967,15.335092913188438,0.905458686655628,0.970187783241272,0.0,1.3256640109233317
2026-04-11 13:56:55,2128,39,1,v8_6_phase_2_0_retry,480,206.82820321760784,180,success,109.65514373779297,14.478426933288574,0.40629085898399353,37.17476272583008,48.5619010925293,12.226455688476562,30.69252586364746,27.96020069769489,27.226614475173427,7.996898178372234,0.8832734883164268,0.9956101775169373,0.0,2.6949636322128407
2026-04-11 13:57:03,2129,40,1,v8_6_phase_2_0_retry,480,-305.89680856646646,302,high_altitude,108.60521697998047,87.72602844238281,0.40629085898399353,135.39581298828125,48.5619010925293,-85.78296661376953,-40.15286636352539,104.9003743675628,104.02388351213175,42.567760643513786,-0.25713910739888923,0.40695828199386597,0.0,1.7588800958348603
2026-04-11 13:57:06,2129,41,1,v8_6_phase_2_0_retry,480,232.0264160249643,178,success,107.00189971923828,14.737099647521973,0.40629085898399353,35.61880874633789,48.5619010925293,13.783378601074219,27.49390411376953,24.336013531626914,18.464338958787902,-27.82790505611362,0.91114443732831,0.9917829632759094,0.0,1.4316573806488044
2026-04-11 13:57:10,2129,42,1,v8_6_phase_2_0_retry,480,224.5554006704869,180,success,107.61775207519531,14.919585227966309,0.40629085898399353,35.526092529296875,48.5619010925293,13.877128601074219,27.786069869995117,14.510294636943332,14.533966365059303,7.797125390433116,0.9681026376460538,0.987419068813324,0.0,1.6472865077241465
2026-04-11 13:57:14,2129,43,1,v8_6_phase_2_0_retry,480,218.21426931796364,177,success,106.85399627685547,14.68914794921875,0.40629085898399353,36.33040237426758,48.5619010925293,13.069129943847656,28.550649642944336,28.025075541978964,-8.493107152705429,-29.55934093523893,0.8827420437157963,0.9995386004447937,0.0,4.6926216376769005
2026-04-11 13:57:18,2129,44,1,v8_6_phase_2_0_retry,480,192.51282235433897,183,success,104.7638168334961,14.52441692352295,0.40629085898399353,37.040287017822266,48.5619010925293,12.364330291748047,25.55359649658203,39.68253164374949,-38.275157504890025,-32.82251162253671,0.7695942670292029,0.9816355109214783,0.0,3.261911040792309
2026-04-11 13:57:26,2130,45,1,v8_6_phase_2_0_retry,480,-279.20807100502964,323,high_altitude,105.076904296875,95.91597747802734,0.40629085898399353,135.10247802734375,48.5619010925293,-85.11402130126953,-28.13025665283203,61.53039434565268,46.55369511859315,96.68143698455721,0.47669249700551236,-0.5861653089523315,0.0,1.7820524450409623
2026-04-11 13:57:33,2130,46,1,v8_6_phase_2_0_retry,480,-309.86537557181794,305,high_altitude,110.71112823486328,102.30492401123047,0.40629085898399353,135.31024169921875,48.5619010925293,-85.81792449951172,-50.00205993652344,119.84312755444736,136.96238199205902,71.80250708373161,-0.4976270027004199,0.7314291596412659,0.0,0.9752568335936828
2026-04-11 13:57:43,2130,47,1,v8_6_phase_2_0_retry,480,-322.6316195517189,351,wrong_way,107.20381164550781,138.4183349609375,0.40629085898399353,64.57383728027344,48.5619010925293,-14.532234191894531,-37.10533905029297,128.08536271271188,116.76570386162808,172.84325083434695,-0.6168348176173293,-0.7131491899490356,0.0,4.0759259274080195
2026-04-11 13:57:49,2130,48,1,v8_6_phase_2_0_retry,480,-282.16362572622313,315,high_altitude,109.64579772949219,96.57689666748047,0.40629085898399353,135.15611267089844,48.5619010925293,-85.53557586669922,-42.46709060668945,102.2442162521824,97.42180216982992,72.33899112227944,-0.212079024049082,0.3861653506755829,0.0,1.7556754455066619
2026-04-11 13:57:58,2131,49,1,v8_6_phase_2_0_retry,480,-382.8745087330294,361,wrong_way,103.64329528808594,238.06419372558594,0.40629085898399353,25.00101089477539,48.5619010925293,25.006568908691406,-63.68873596191406,128.22428876042994,146.8312676822971,135.82887111816038,-0.6187414793244965,-0.6328898072242737,0.0,3.431116647949097
2026-04-11 13:58:04,2131,50,1,v8_6_phase_2_0_retry,480,232.3239516570893,173,success,109.42554473876953,14.874979019165039,0.40629085898399353,38.074859619140625,48.5619010925293,11.327285766601562,31.051477432250977,35.79587738335085,17.809755826848683,-12.390547989350813,0.8111059064864017,0.9909220933914185,0.0,1.3636513807304664
2026-04-11 13:58:11,2131,51,1,v8_6_phase_2_0_retry,480,-297.50719139061835,296,high_altitude,105.93302917480469,96.40886688232422,0.40629085898399353,135.3782958984375,48.5619010925293,-85.90482330322266,-47.39413833618164,117.81346854068639,123.5944177107801,-34.18194807870644,-0.4665945662385128,0.7848129868507385,0.0,0.7514381763954993
2026-04-11 13:58:17,2131,52,1,v8_6_phase_2_0_retry,480,229.03329491941966,173,success,106.56489562988281,14.443268775939941,0.40629085898399353,36.82424545288086,48.5619010925293,12.575756072998047,30.57619857788086,29.705319153275024,26.62264987517317,-22.117148032572818,0.868585513928413,0.9962685108184814,0.0,3.0356736989221846
2026-04-11 13:58:33,2132,53,1,v8_6_phase_2_0_retry,480,-630.849478924451,480,timeout,110.22924041748047,124.8645248413086,0.40629085898399353,81.3336181640625,48.5619010925293,-31.540771484375,-5.964704513549805,30.533616193922473,118.85101525674634,29.10792348770903,0.8613312326677325,-0.07182632386684418,0.0,3.9182972476538818
2026-04-11 13:58:37,2132,54,1,v8_6_phase_2_0_retry,480,261.8788192715451,170,success,102.09841918945312,14.991253852844238,0.40629085898399353,35.22710418701172,48.5619010925293,14.182601928710938,13.610313415527344,10.173145004552744,-9.532772934955382,8.011086188825644,0.9842785009091887,0.9710170030593872,0.0,4.101396629633272
2026-04-11 13:58:43,2132,55,1,v8_6_phase_2_0_retry,480,-358.70990441451863,276,high_altitude,110.29045104980469,91.78262329101562,0.40629085898399353,135.48387145996094,48.5619010925293,-85.87764739990234,-49.650062561035156,127.7222015545423,124.65096601311105,132.51068325709815,-0.6118335856536389,0.422966331243515,0.0,1.3528998655163558
2026-04-11 13:58:50,2132,56,1,v8_6_phase_2_0_retry,480,-305.14543014300216,314,high_altitude,108.00991821289062,102.0687026977539,0.40629085898399353,135.67942810058594,48.5619010925293,-86.2682876586914,-52.55742263793945,155.98511452870486,175.41496732101848,33.282111636692285,-0.9134397564362627,0.9606168270111084,0.0,0.8863994793024467
2026-04-11 13:58:54,2132,57,1,v8_6_phase_2_0_retry,480,226.44036257253168,169,success,107.2719955444336,14.791186332702637,0.40629085898399353,39.097415924072266,48.5619010925293,10.31197738647461,35.30312728881836,31.32442915640489,31.252773641822284,-0.5085329301125724,0.8542372455184425,0.968201756477356,0.0,3.4563370600589116
2026-04-11 13:59:04,2133,58,1,v8_6_phase_2_0_retry,480,-401.7686044486566,449,low_agl,108.54478454589844,241.0251007080078,0.40629085898399353,0.26191532611846924,48.5619010925293,49.67352294921875,-38.128456115722656,116.17104027173009,170.84663627579047,113.49301872081648,-0.44105228380368444,-0.4460786283016205,0.0,2.9881724479036387
2026-04-11 13:59:08,2133,59,1,v8_6_phase_2_0_retry,480,212.62071393164604,171,success,102.45234680175781,14.639853477478027,0.40629085898399353,36.029869079589844,48.5619010925293,13.370014190673828,27.489383697509766,28.754970047254037,-15.136909851778642,-43.24214961649875,0.8766850296691358,0.9965724945068359,0.0,0.776834461203542
2026-04-11 13:59:11,2133,60,1,v8_6_phase_2_0_retry,480,243.92130380333379,172,success,106.35442352294922,14.59959602355957,0.40629085898399353,36.688201904296875,48.5619010925293,12.71548843383789,30.986698150634766,29.047192860703863,19.410467007901826,19.651335336529616,0.8742200869697971,0.9837354421615601,0.0,0.7097880933110923
2026-04-11 13:59:18,2133,61,1,v8_6_phase_2_0_retry,480,-374.381302649226,353,wrong_way,106.856689453125,153.4720001220703,0.40629085898399353,45.73081588745117,48.5619010925293,4.274803161621094,-40.201637268066406,128.0248882178006,143.20021617611326,140.31331378000232,-0.6160037144026672,-0.6282166838645935,0.0,3.526321531092102
2026-04-11 13:59:22,2133,62,1,v8_6_phase_2_0_retry,480,218.03502119919935,173,success,103.94129943847656,14.965693473815918,0.40629085898399353,35.12975311279297,48.5619010925293,13.840850830078125,27.012535095214844,26.64229008413154,-24.13386213030934,29.176040964301567,0.8938235017806336,0.9910862445831299,0.0,3.7304786461522292
2026-04-11 13:59:26,2134,63,1,v8_6_phase_2_0_retry,480,229.87958394947216,171,success,104.22102355957031,14.604791641235352,0.40629085898399353,35.92523193359375,48.5619010925293,13.477622985839844,29.102323532104492,27.922134345903117,27.73271953984032,-33.145675192926696,0.88358479480407,0.9923510551452637,0.0,2.332220701773777
2026-04-11 13:59:33,2134,64,1,v8_6_phase_2_0_retry,480,-346.5512846643749,291,high_altitude,110.78720092773438,96.99295043945312,0.40629085898399353,135.32969665527344,48.5619010925293,-85.8866958618164,-53.375152587890625,161.904320387978,165.4191903763799,-95.98322089665265,-0.9505391554801652,0.8682057857513428,0.0,0.6487316681837313
2026-04-11 13:59:37,2134,65,1,v8_6_phase_2_0_retry,480,239.4542821967071,170,success,104.74142456054688,14.539830207824707,0.40629085898399353,36.169368743896484,48.5619010925293,13.23333740234375,27.339092254638672,24.348376174024636,18.86067263820894,-20.11019769025483,0.9110555005649161,0.9907360672950745,0.0,4.22131990813564
2026-04-11 13:59:40,2134,66,1,v8_6_phase_2_0_retry,480,268.41911243433753,167,success,103.34597778320312,14.93592357635498,0.40629085898399353,34.54354476928711,48.5619010925293,14.85809326171875,21.003108978271484,10.613222630513128,9.490882531002049,-33.258844597284636,0.9828928709696034,0.9950159788131714,0.0,2.3284027860516274
