timestamp,update_id,episode_id,phase_id,phase_name,max_step,episode_return,episode_len,done_reason,start_distance,final_distance,start_agl,final_agl,start_alt_error,final_alt_error,final_closing_speed,final_theta_deg,final_alpha_deg,final_beta_deg,final_alignment,final_forward_up_dot,final_grounded_flag,final_ang_vel_mag
2026-05-15 15:17:58,33,1,1,v15_1_14_phase_1_sac_stricter_angle_reward_y100,1200,-49.618320158057315,33,bad_angle,706.5184936523438,690.732421875,0.40629085898399353,5.153702259063721,98.56189727783203,94.29391479492188,21.225847244262695,112.78554772658656,-113.01322525237975,-156.037788947584,-0.38728304359082255,0.8551684021949768,0.0,0.0
2026-05-15 15:18:00,198,2,1,v15_1_14_phase_1_sac_stricter_angle_reward_y100,1200,-39.95217063128675,165,bad_angle,706.8576049804688,609.0562744140625,0.40629085898399353,15.548165321350098,98.56189727783203,84.46312713623047,21.346954345703125,110.87483645722133,-166.68747454298125,110.65841508318032,-0.35632767477318694,-0.6457378268241882,0.0,0.0
2026-05-15 15:18:02,402,3,1,v15_1_14_phase_1_sac_stricter_angle_reward_y100,1200,-43.496012779172986,204,low_agl,707.1168212890625,578.0877075195312,0.40629085898399353,0.3888384699821472,98.56189727783203,99.75231170654297,34.17031478881836,86.52002112235667,-86.68530487008181,-6.437302174801632,0.06069975307552683,-0.9721046686172485,0.0,0.0
2026-05-15 15:18:03,535,4,1,v15_1_14_phase_1_sac_stricter_angle_reward_y100,1200,-52.22473534640985,133,low_agl,706.4432373046875,631.2002563476562,0.40629085898399353,0.4747106432914734,98.56189727783203,99.6727294921875,23.686382293701172,96.56063825889636,-111.85973607515884,56.35814138910673,-0.11425468429911173,-0.9864620566368103,0.0,0.0
2026-05-15 15:18:04,575,5,1,v15_1_14_phase_1_sac_stricter_angle_reward_y100,1200,-49.642181231742626,40,bad_angle,707.3944091796875,689.0162963867188,0.40629085898399353,4.81422233581543,98.56189727783203,94.64517211914062,21.407672882080078,113.25150323176483,-115.45276391823322,-151.9537866164016,-0.3947679619703977,0.822296142578125,0.0,0.0
2026-05-15 15:18:05,737,6,1,v15_1_14_phase_1_sac_stricter_angle_reward_y100,1200,-53.549222124862666,162,low_agl,707.1769409179688,620.9214477539062,0.40629085898399353,0.44754642248153687,98.56189727783203,99.63502502441406,29.840234756469727,86.17652407880756,-73.06229449500545,67.3238974034409,0.06668272613620614,-0.8278145790100098,0.0,0.0
2026-05-15 15:18:06,779,7,1,v15_1_14_phase_1_sac_stricter_angle_reward_y100,1200,-49.16769772829568,42,bad_angle,707.0159301757812,686.4244995117188,0.40629085898399353,5.368866920471191,98.56189727783203,94.31909942626953,21.97076416015625,111.3121393188314,-147.55384705497107,113.802344327948,-0.3634486207474424,0.20340463519096375,0.0,0.0
2026-05-15 15:18:08,1036,8,1,v15_1_14_phase_1_sac_stricter_angle_reward_y100,1200,-40.21295077250156,257,low_agl,707.2726440429688,549.4637451171875,0.40629085898399353,0.5372060537338257,98.56189727783203,99.58329772949219,26.610210418701172,88.26670539880404,-92.56951284004779,45.296011405583684,0.030247083692148086,-0.9224891066551208,0.0,0.0
2026-05-15 15:18:09,1117,9,1,v15_1_14_phase_1_sac_stricter_angle_reward_y100,1200,-54.11282943991386,81,low_agl,706.510009765625,659.9950561523438,0.40629085898399353,0.3103618323802948,98.56189727783203,99.68728637695312,28.987316131591797,73.9792815420255,-59.156555269425574,-61.945082450920836,0.2759849351197098,-0.6105576753616333,0.0,0.0
2026-05-15 15:18:10,1226,10,1,v15_1_14_phase_1_sac_stricter_angle_reward_y100,1200,-54.762931348228996,109,low_agl,707.3133544921875,647.9742431640625,0.40629085898399353,0.4163742661476135,98.56189727783203,99.70742797851562,27.816287994384766,85.09382298214464,-85.68834313807007,38.67304675989453,0.08552433792923833,-0.9305669069290161,0.0,0.0
2026-05-15 15:18:13,1484,11,1,v15_1_14_phase_1_sac_stricter_angle_reward_y100,1200,-32.639067867502334,258,bad_angle,707.259033203125,552.2758178710938,0.40629085898399353,10.824226379394531,98.56189727783203,89.26921844482422,20.005781173706055,110.68751851923373,154.20366458938213,106.05777724317815,-0.35327105552059174,-0.8551963567733765,0.0,0.0
2026-05-15 15:18:15,1641,12,1,v15_1_14_phase_1_sac_stricter_angle_reward_y100,1200,-47.53729559532957,157,low_agl,706.5643920898438,610.0447387695312,0.40629085898399353,0.3874843418598175,98.56189727783203,99.75322723388672,29.23326873779297,88.67656456032898,-89.78666154575282,29.547196858894644,0.023096251968101528,-0.9711212515830994,0.0,0.0
2026-05-15 15:18:15,1670,13,1,v15_1_14_phase_1_sac_stricter_angle_reward_y100,1200,-49.553178182696065,29,bad_angle,706.4924926757812,692.5093383789062,0.40629085898399353,3.883342742919922,98.56189727783203,95.58875274658203,23.357999801635742,113.59891397370835,-108.00070651485831,-146.41231753898685,-0.4003316630726842,0.787053644657135,0.0,0.0
2026-05-15 15:18:17,1839,14,1,v15_1_14_phase_1_sac_stricter_angle_reward_y100,1200,-42.49830461349546,169,low_agl,707.3912963867188,594.6619262695312,0.40629085898399353,0.5044179558753967,98.56189727783203,99.5707015991211,29.821977615356445,75.08293765906203,-66.83361276443904,-47.19876891966042,0.2574205627737174,-0.8089695572853088,0.0,0.0
2026-05-15 15:18:19,2079,15,1,v15_1_14_phase_1_sac_stricter_angle_reward_y100,1200,-30.66841676380116,240,low_agl,706.643310546875,534.2822265625,0.40629085898399353,0.5353118181228638,98.56189727783203,99.5470199584961,33.52446365356445,77.19617769769646,-70.01386495521287,-46.086950726565746,0.2216135510563098,-0.8272055387496948,0.0,0.0
2026-05-15 15:18:20,2159,16,1,v15_1_14_phase_1_sac_stricter_angle_reward_y100,1200,-48.58154758521155,80,bad_angle,707.071044921875,668.5143432617188,0.40629085898399353,8.735479354858398,98.56189727783203,91.03842163085938,22.459047317504883,111.43411283702949,-144.87275191893096,-111.44217929043927,-0.3654310528780784,-0.024867016822099686,0.0,0.0
2026-05-15 15:18:22,2425,17,1,v15_1_14_phase_1_sac_stricter_angle_reward_y100,1200,-25.363220172329374,266,bad_angle,706.4166259765625,535.4159545898438,0.40629085898399353,19.267719268798828,98.56189727783203,80.4808120727539,22.855148315429688,112.31584244755395,-135.30474972201029,113.00798649728635,-0.37971196816407793,0.042314253747463226,0.0,0.0
2026-05-15 15:18:24,2557,18,1,v15_1_14_phase_1_sac_stricter_angle_reward_y100,1200,-46.72451707991616,132,low_agl,706.4185180664062,618.6937866210938,0.40629085898399353,0.4607720971107483,98.56189727783203,99.4671859741211,34.983360290527344,35.375007956883834,-35.64233473080896,7.086262353506638,0.8153803968223283,-0.4296284317970276,0.0,0.0
2026-05-15 15:18:25,2675,19,1,v15_1_14_phase_1_sac_stricter_angle_reward_y100,1200,-54.40776741858171,118,low_agl,707.2437133789062,641.979736328125,0.40629085898399353,0.49379998445510864,98.56189727783203,99.63908386230469,28.64560890197754,81.56165212457509,-84.77332318553097,-8.674417939318003,0.14674511248874372,-0.95255047082901,0.0,0.0
2026-05-15 15:18:25,2721,20,1,v15_1_14_phase_1_sac_stricter_angle_reward_y100,1200,-49.601314403664865,46,bad_angle,706.4590454101562,685.1564331054688,0.40629085898399353,7.702874183654785,98.56189727783203,91.7890396118164,20.084381103515625,115.16514465228397,-120.02624492609542,-140.87243306545955,-0.42522876979968666,0.7324783205986023,0.0,0.0
2026-05-15 15:18:29,3062,21,1,v15_1_14_phase_1_sac_stricter_angle_reward_y100,1200,-12.2238408269097,341,bad_angle,706.5325927734375,467.4053649902344,0.40629085898399353,27.02539825439453,98.56189727783203,72.78752136230469,23.755517959594727,110.93667698996663,-121.33597468058038,110.14565912180912,-0.3573359424543585,-0.1279570609331131,0.0,0.0
2026-05-15 15:18:29,3088,22,1,v15_1_14_phase_1_sac_stricter_angle_reward_y100,1200,-49.86484177864586,26,bad_angle,706.6152954101562,694.4312744140625,0.40629085898399353,2.652540922164917,98.56189727783203,96.80992889404297,21.782588958740234,115.35638994904433,-115.6165108733951,159.3190391456148,-0.42824744552157934,0.8138017058372498,0.0,0.0
2026-05-15 15:18:31,3243,23,1,v15_1_14_phase_1_sac_stricter_angle_reward_y100,1200,-51.69976859632735,155,low_agl,706.4182739257812,620.833984375,0.40629085898399353,0.41058337688446045,98.56189727783203,99.72737884521484,26.447952270507812,85.46488666918393,-87.75330056946169,-19.395937487989915,0.0790700349988107,-0.9646607041358948,0.0,0.0
2026-05-15 15:18:32,3273,24,1,v15_1_14_phase_1_sac_stricter_angle_reward_y100,1200,-49.44275460438876,30,bad_angle,706.880126953125,692.2339477539062,0.40629085898399353,3.2268364429473877,98.56189727783203,96.23281860351562,22.204059600830078,110.04917586959351,-112.40240143490551,-142.0303550354518,-0.3428265374218048,0.82156902551651,0.0,0.0
2026-05-15 15:18:35,3432,25,1,v15_1_14_phase_1_sac_stricter_angle_reward_y100,1200,-45.70229608632269,159,low_agl,707.00830078125,603.2459716796875,0.40629085898399353,0.46787354350090027,98.56189727783203,99.45268249511719,31.07185173034668,73.9902371654542,-45.80777698952522,67.55155443866659,0.2758011446625692,-0.4103625416755676,0.0,0.0
2026-05-15 15:18:37,3566,26,1,v15_1_14_phase_1_sac_stricter_angle_reward_y100,1200,-49.27223180314792,134,low_agl,707.330322265625,625.6236572265625,0.40629085898399353,0.4327203631401062,98.56189727783203,99.63025665283203,33.0831184387207,65.38789394357912,-61.628523673458254,29.368638638517588,0.41647289595889936,-0.7781347036361694,0.0,0.0
2026-05-15 15:18:38,3594,27,1,v15_1_14_phase_1_sac_stricter_angle_reward_y100,1200,-49.560705033296266,28,bad_angle,707.0841064453125,693.744140625,0.40629085898399353,3.0259106159210205,98.56189727783203,96.48658752441406,21.90574073791504,112.83842022095162,-125.01884000180793,131.36408574074977,-0.3881336632428985,0.6761216521263123,0.0,0.0
2026-05-15 15:18:39,3659,28,1,v15_1_14_phase_1_sac_stricter_angle_reward_y100,1200,-47.42313732037558,65,bad_angle,706.4951782226562,671.9398193359375,0.40629085898399353,8.48723030090332,98.56189727783203,91.28904724121094,22.48516082763672,110.04897779410759,-152.50563858058194,-109.99406307318068,-0.3428232898531712,-0.031174980103969574,0.0,0.0
2026-05-15 15:18:40,3816,29,1,v15_1_14_phase_1_sac_stricter_angle_reward_y100,1200,-46.87886223956456,157,low_agl,707.3433837890625,608.1298217773438,0.40629085898399353,0.5735464692115784,98.56189727783203,99.30860900878906,32.00831604003906,67.62727391580535,-38.3641070584511,62.628558990596495,0.38063023113113487,-0.30995693802833557,0.0,0.0
2026-05-15 15:18:42,3982,30,1,v15_1_14_phase_1_sac_stricter_angle_reward_y100,1200,-49.60567593706496,166,low_agl,707.3115844726562,613.2407836914062,0.40629085898399353,0.3343829810619354,98.56189727783203,99.7152328491211,29.509841918945312,80.54487601378113,-73.27262334030682,64.35803119033542,0.16427506270515366,-0.7440810203552246,0.0,0.0
2026-05-15 15:18:44,4237,31,1,v15_1_14_phase_1_sac_stricter_angle_reward_y100,1200,-45.264215902610374,255,low_agl,706.6170043945312,561.7481079101562,0.40629085898399353,0.40236204862594604,98.56189727783203,99.5236587524414,35.136192321777344,54.4566577053102,-38.51548112593151,-42.53853084896072,0.5813186400056712,-0.42461565136909485,0.0,0.0
2026-05-15 15:18:46,4436,32,1,v15_1_14_phase_1_sac_stricter_angle_reward_y100,1200,-46.93658825878788,199,low_agl,706.7347412109375,588.4255981445312,0.40629085898399353,0.38696372509002686,98.56189727783203,99.76287078857422,32.07367706298828,93.40698965493974,-93.7672616430904,-23.403801992946892,-0.05942815089885409,-0.9916508197784424,0.0,0.0
2026-05-15 15:18:48,4616,33,1,v15_1_14_phase_1_sac_stricter_angle_reward_y100,1200,-41.47589159013844,180,low_agl,707.1000366210938,585.1055908203125,0.40629085898399353,0.3984227478504181,98.56189727783203,99.53246307373047,33.3430061340332,56.36323329513297,-39.06979195821306,-44.846742052547754,0.5539259208751744,-0.4373050928115845,0.0,0.0
2026-05-15 15:18:50,4760,34,1,v15_1_14_phase_1_sac_stricter_angle_reward_y100,1200,-51.745108445874685,144,low_agl,706.98681640625,626.7835083007812,0.40629085898399353,0.5486958026885986,98.56189727783203,99.55061340332031,27.482566833496094,79.3050873963971,-78.7198562977429,-42.904871460188936,0.18557936667770766,-0.8699023723602295,0.0,0.0
2026-05-15 15:18:51,4890,35,1,v15_1_14_phase_1_sac_stricter_angle_reward_y100,1200,-48.801837837994135,130,low_agl,707.2330322265625,626.9035034179688,0.40629085898399353,0.5775324702262878,98.56189727783203,99.06842803955078,39.70025634765625,9.442523937904712,9.305039060101524,-1.6505493638794313,0.9864506721906693,0.3156197667121887,0.0,0.0
2026-05-15 15:18:52,5013,36,1,v15_1_14_phase_1_sac_stricter_angle_reward_y100,1200,-47.334926120118524,123,low_agl,707.0213012695312,626.47802734375,0.40629085898399353,0.38700008392333984,98.56189727783203,99.7513427734375,35.07394027709961,86.22717676169238,-84.95140670776071,-23.45914701579151,0.0658006118072185,-0.9655551910400391,0.0,0.0
2026-05-15 15:18:54,5213,37,1,v15_1_14_phase_1_sac_stricter_angle_reward_y100,1200,-47.01839249812959,200,low_agl,707.0033569335938,589.9318237304688,0.40629085898399353,0.365403950214386,98.56189727783203,99.72846221923828,32.73331069946289,80.15528202352361,-72.3506161042468,-47.58742034381248,0.17097853438744356,-0.856246292591095,0.0,0.0
2026-05-15 15:18:54,5275,38,1,v15_1_14_phase_1_sac_stricter_angle_reward_y100,1200,-47.5669096968872,62,bad_angle,707.0078125,674.4337158203125,0.40629085898399353,10.752197265625,98.56189727783203,88.75265502929688,20.446550369262695,115.62784898741732,-119.83445321420146,-137.51801788103955,-0.4325240393272054,0.6969847679138184,0.0,0.0
2026-05-15 15:18:57,5531,39,1,v15_1_14_phase_1_sac_stricter_angle_reward_y100,1200,-32.69458845926444,256,bad_angle,707.180419921875,552.7246704101562,0.40629085898399353,15.010306358337402,98.56189727783203,85.11754608154297,21.531789779663086,111.15121323179673,-165.4958387592458,97.87742359879395,-0.36083057493495596,-0.9403505325317383,0.0,0.0
2026-05-15 15:18:59,5700,40,1,v15_1_14_phase_1_sac_stricter_angle_reward_y100,1200,-50.64739710780517,169,low_agl,706.438720703125,613.8887939453125,0.40629085898399353,0.4555748403072357,98.56189727783203,99.55644989013672,30.421602249145508,70.23117425384599,-56.53459591121942,-53.87586964471109,0.33822594314124405,-0.6476294994354248,0.0,0.0
2026-05-15 15:19:00,5809,41,1,v15_1_14_phase_1_sac_stricter_angle_reward_y100,1200,-50.6152673739427,109,low_agl,707.3915405273438,639.4925537109375,0.40629085898399353,0.3550654947757721,98.56189727783203,99.68639373779297,30.383007049560547,60.43100026665826,-57.404495634101416,-27.29700811230687,0.4934713482318154,-0.7232195734977722,0.0,0.0
2026-05-15 15:19:01,5933,42,1,v15_1_14_phase_1_sac_stricter_angle_reward_y100,1200,-42.2355415241623,124,bad_angle,707.3893432617188,635.4609985351562,0.40629085898399353,12.830466270446777,98.56189727783203,86.92064666748047,22.94493293762207,112.46054000512066,-121.61571190822742,113.00526125180753,-0.38204705951140633,0.035470012575387955,0.0,0.0
2026-05-15 15:19:02,6043,43,1,v15_1_14_phase_1_sac_stricter_angle_reward_y100,1200,-53.22370290554664,110,low_agl,706.5185546875,643.0682983398438,0.40629085898399353,0.44418373703956604,98.56189727783203,99.61949157714844,32.578834533691406,69.98905770814739,-62.49496732062022,-41.52275194578559,0.34219959866365846,-0.7798412442207336,0.0,0.0
2026-05-15 15:19:06,6396,44,1,v15_1_14_phase_1_sac_stricter_angle_reward_y100,1200,-29.632996241975995,353,low_agl,706.94921875,484.06121826171875,0.40629085898399353,0.41915714740753174,98.56189727783203,99.57014465332031,36.74714279174805,50.88520984491848,-48.76424144723817,18.02984330492671,0.6308761126327731,-0.5889833569526672,0.0,0.0
2026-05-15 15:19:06,6458,45,1,v15_1_14_phase_1_sac_stricter_angle_reward_y100,1200,-48.692286489744355,62,bad_angle,707.3011474609375,677.8284912109375,0.40629085898399353,7.575748920440674,98.56189727783203,92.17066192626953,21.589052200317383,114.1500624284042,-151.22421313001752,114.83636666639624,-0.40912789711352593,0.04795091226696968,0.0,0.0
2026-05-15 15:19:06,6484,46,1,v15_1_14_phase_1_sac_stricter_angle_reward_y100,1200,-50.71469531893433,26,bad_angle,707.030029296875,695.7168579101562,0.40629085898399353,2.1913645267486572,98.56189727783203,97.406982421875,18.17741584777832,145.19394839483996,-145.55589377933728,174.36952490627797,-0.8210889255382577,0.44347041845321655,0.0,0.0
2026-05-15 15:19:08,6604,47,1,v15_1_14_phase_1_sac_stricter_angle_reward_y100,1200,-51.31846422217205,120,low_agl,707.1652221679688,635.2314453125,0.40629085898399353,0.5353571176528931,98.56189727783203,99.4526138305664,31.194456100463867,63.03060441571096,-50.03041167029138,47.083345552876374,0.45351450580495384,-0.5855402946472168,0.0,0.0
2026-05-15 15:19:12,6945,48,1,v15_1_14_phase_1_sac_stricter_angle_reward_y100,1200,-26.992472542107684,341,low_agl,706.53369140625,481.9110107421875,0.40629085898399353,0.46687260270118713,98.56189727783203,99.64486694335938,26.678586959838867,86.2998977857855,-80.88204830215882,-43.743908973306226,0.06453408850895669,-0.9008485078811646,0.0,0.0
2026-05-15 15:19:12,6980,49,1,v15_1_14_phase_1_sac_stricter_angle_reward_y100,1200,-50.248558930078964,35,bad_angle,706.6473999023438,691.0684204101562,0.40629085898399353,3.7166411876678467,98.56189727783203,95.73606872558594,20.13750457763672,114.17012952418568,-114.38901659651708,161.24138222713654,-0.40944745514005715,0.8409926891326904,0.0,0.0
2026-05-15 15:19:14,7189,50,1,v15_1_14_phase_1_sac_stricter_angle_reward_y100,1200,-44.3089160903448,209,low_agl,706.5633544921875,578.2933959960938,0.40629085898399353,0.5928711295127869,98.56189727783203,99.51155853271484,30.929725646972656,75.3613908111451,-73.64424027266887,-24.89028338277345,0.2527213990139024,-0.8826728463172913,0.0,0.0
2026-05-15 15:19:15,7325,51,1,v15_1_14_phase_1_sac_stricter_angle_reward_y100,1200,-43.33863675115982,136,bad_angle,707.311279296875,633.8143310546875,0.40629085898399353,3.2900283336639404,98.56189727783203,96.8161392211914,19.79467010498047,110.04834258651478,156.2263158290547,98.91001842770565,-0.34281287520888076,-0.8870100975036621,0.0,0.0
2026-05-15 15:19:17,7462,52,1,v15_1_14_phase_1_sac_stricter_angle_reward_y100,1200,-48.09647991765184,137,low_agl,707.0524291992188,619.6412353515625,0.40629085898399353,0.380725622177124,98.56189727783203,99.7406234741211,35.56092071533203,80.48393706600628,-78.53270911448455,-25.65637276800771,0.16532410561017635,-0.9245461225509644,0.0,0.0
2026-05-15 15:19:17,7521,53,1,v15_1_14_phase_1_sac_stricter_angle_reward_y100,1200,-48.32482208311765,59,bad_angle,706.4884643554688,677.0279541015625,0.40629085898399353,8.043210983276367,98.56189727783203,91.69669342041016,22.159902572631836,114.77716258667057,-152.81918524462054,-115.64715110201178,-0.4190902198763141,0.06523783504962921,0.0,0.0
2026-05-15 15:19:18,7652,54,1,v15_1_14_phase_1_sac_stricter_angle_reward_y100,1200,-50.38190738419789,131,low_agl,706.6427612304688,628.902587890625,0.40629085898399353,0.5937835574150085,98.56189727783203,99.10723876953125,37.885772705078125,22.73149964275337,-0.22814123160482544,23.03518692872506,0.9223257895268251,0.16857664287090302,0.0,0.0
2026-05-15 15:19:19,7719,55,1,v15_1_14_phase_1_sac_stricter_angle_reward_y100,1200,-47.296667121539905,67,bad_angle,706.4332885742188,671.2293701171875,0.40629085898399353,6.449173927307129,98.56189727783203,93.44942474365234,21.770231246948242,111.02508012839411,-163.84584264068914,-109.5233264355834,-0.3587765721222253,-0.3530023694038391,0.0,0.0
2026-05-15 15:19:19,7754,56,1,v15_1_14_phase_1_sac_stricter_angle_reward_y100,1200,-49.99389196015456,35,bad_angle,706.4231567382812,690.5713500976562,0.40629085898399353,4.102507591247559,98.56189727783203,95.37272644042969,21.166833877563477,118.52371259171933,-119.94146861811721,-160.2140398136966,-0.4775224290954292,0.7784170508384705,0.0,0.0
2026-05-15 15:19:21,7946,57,1,v15_1_14_phase_1_sac_stricter_angle_reward_y100,1200,-43.47458230375011,192,low_agl,706.9441528320312,583.2300415039062,0.40629085898399353,0.37881922721862793,98.56189727783203,99.65477752685547,31.873870849609375,77.99956503844086,-60.147950397263756,62.08261514004821,0.2079191164303582,-0.703067421913147,0.0,0.0
2026-05-15 15:19:23,8087,58,1,v15_1_14_phase_1_sac_stricter_angle_reward_y100,1200,-48.55373265754153,141,low_agl,707.0196533203125,621.4295043945312,0.40629085898399353,0.3794300854206085,98.56189727783203,99.73527526855469,32.37202453613281,76.16918362390416,-75.72091147848705,17.045061507752397,0.23905574493087905,-0.9081471562385559,0.0,0.0
2026-05-15 15:19:25,8307,59,1,v15_1_14_phase_1_sac_stricter_angle_reward_y100,1200,-38.18698351153016,220,low_agl,706.4352416992188,560.2755126953125,0.40629085898399353,0.5873925685882568,98.56189727783203,99.52127838134766,32.2496223449707,75.3780633029091,-74.02632105483939,-18.007069746686597,0.2524398442380737,-0.8932433128356934,0.0,0.0
2026-05-15 15:19:28,8565,60,1,v15_1_14_phase_1_sac_stricter_angle_reward_y100,1200,-40.84151070679705,258,low_agl,706.7410278320312,547.962646484375,0.40629085898399353,0.3624556362628937,98.56189727783203,99.70994567871094,35.01352310180664,64.5026262950646,-63.968942634076484,-11.020412041846255,0.43046972410667483,-0.8020756840705872,0.0,0.0
2026-05-15 15:19:29,8663,61,1,v15_1_14_phase_1_sac_stricter_angle_reward_y100,1200,-45.396624272448854,98,bad_angle,707.382568359375,654.8724365234375,0.40629085898399353,8.468925476074219,98.56189727783203,91.27910614013672,19.64746856689453,112.90464573514407,-151.48739397911643,113.55089774384317,-0.38919864168214174,0.04367081820964813,0.0,0.0
2026-05-15 15:19:30,8723,62,1,v15_1_14_phase_1_sac_stricter_angle_reward_y100,1200,-47.944034937025485,60,bad_angle,706.730224609375,675.4555053710938,0.40629085898399353,7.801992416381836,98.56189727783203,91.93622589111328,22.459854125976562,115.8318667379256,-142.73871395427383,-116.77530710760112,-0.43573177087319226,0.0696786493062973,0.0,0.0
2026-05-15 15:19:30,8752,63,1,v15_1_14_phase_1_sac_stricter_angle_reward_y100,1200,-49.9598540869998,29,bad_angle,706.90966796875,693.608642578125,0.40629085898399353,2.629976987838745,98.56189727783203,96.81246185302734,20.37356185913086,111.40464057076089,-111.32243924409978,154.80342350040095,-0.36495219236692794,0.8696830868721008,0.0,0.0
2026-05-15 15:19:31,8847,64,1,v15_1_14_phase_1_sac_stricter_angle_reward_y100,1200,-45.36808852635922,95,bad_angle,706.4605712890625,654.581298828125,0.40629085898399353,10.329874038696289,98.56189727783203,89.50965881347656,21.23073959350586,113.80037040327788,-158.39137651292202,112.81267723796985,-0.4035512113356543,-0.19804438948631287,0.0,0.0
2026-05-15 15:19:31,8873,65,1,v15_1_14_phase_1_sac_stricter_angle_reward_y100,1200,-49.9364930786554,26,bad_angle,706.529052734375,694.2140502929688,0.40629085898399353,2.813011646270752,98.56189727783203,96.70601654052734,21.62849998474121,119.65912225820722,-129.01201447740752,-141.89252181800094,-0.49483881620427683,0.6582903861999512,0.0,0.0
2026-05-15 15:19:32,8933,66,1,v15_1_14_phase_1_sac_stricter_angle_reward_y100,1200,-48.67936727458304,60,bad_angle,707.1583251953125,678.0468139648438,0.40629085898399353,5.719764232635498,98.56189727783203,93.90007019042969,21.32362937927246,114.94664690073527,-139.2181749088608,121.33530532204172,-0.4217741363801472,0.38568636775016785,0.0,0.0
2026-05-15 15:19:34,9115,67,1,v15_1_14_phase_1_sac_stricter_angle_reward_y100,1200,-42.193929546690946,182,low_agl,706.42333984375,588.5983276367188,0.40629085898399353,0.43223902583122253,98.56189727783203,99.54248809814453,35.64666748046875,48.376723834488324,-43.76597731451454,22.908420325276918,0.6642299476359,-0.5512603521347046,0.0,0.0
2026-05-15 15:19:35,9212,68,1,v15_1_14_phase_1_sac_stricter_angle_reward_y100,1200,-54.99683522106049,97,low_agl,707.00537109375,653.4409790039062,0.40629085898399353,0.4121001660823822,98.56189727783203,99.62802124023438,28.133975982666016,88.54030228638723,-65.48343462968926,78.63272357450104,0.02547377533659002,-0.7198070287704468,0.0,0.0
2026-05-15 15:19:38,9440,69,1,v15_1_14_phase_1_sac_stricter_angle_reward_y100,1200,-37.35636169973432,228,low_agl,706.4155883789062,549.4183349609375,0.40629085898399353,0.41392025351524353,98.56189727783203,99.69954681396484,32.57817840576172,79.66097440310061,-76.88468692059803,-27.88819513591732,0.17947232244090522,-0.9051319360733032,0.0,0.0
2026-05-15 15:19:39,9561,70,1,v15_1_14_phase_1_sac_stricter_angle_reward_y100,1200,-51.306439171399596,121,low_agl,706.5524291992188,635.1731567382812,0.40629085898399353,0.5688721537590027,98.56189727783203,99.27033233642578,31.94358253479004,71.95993611391124,-28.47120471554398,69.41233702519901,0.3096819419272293,-0.19718511402606964,0.0,0.0
2026-05-15 15:19:41,9733,71,1,v15_1_14_phase_1_sac_stricter_angle_reward_y100,1200,-36.2885765285895,172,bad_angle,706.5750122070312,600.5872802734375,0.40629085898399353,17.442142486572266,98.56189727783203,82.6273193359375,21.20611000061035,110.36088521274539,167.13295314102783,113.37850376919204,-0.3479321007667288,-0.7946232557296753,0.0,0.0
2026-05-15 15:19:41,9759,72,1,v15_1_14_phase_1_sac_stricter_angle_reward_y100,1200,-50.12594647119606,26,bad_angle,707.3533325195312,695.5103149414062,0.40629085898399353,3.0549099445343018,98.56189727783203,96.50302124023438,20.832660675048828,127.54286810769445,-136.32623183314237,-146.21614084564575,-0.6093548373016349,0.5525743365287781,0.0,0.0
2026-05-15 15:19:43,9958,73,1,v15_1_14_phase_1_sac_stricter_angle_reward_y100,1200,-39.71041279626841,199,low_agl,706.4187622070312,577.5147705078125,0.40629085898399353,0.4674328863620758,98.56189727783203,99.546630859375,34.70886993408203,58.77268497769252,-52.14794789791375,32.256930978124636,0.5184347343445905,-0.6528769731521606,0.0,0.0
2026-05-15 15:19:45,10090,74,1,v15_1_14_phase_1_sac_stricter_angle_reward_y100,1200,-49.92429712418879,132,low_agl,706.7470092773438,627.099853515625,0.40629085898399353,0.482276052236557,98.56189727783203,99.66531372070312,30.07027816772461,89.82001335947,-90.27083999563668,-0.05349469191493447,0.003141354320292501,-0.9867855906486511,0.0,0.0
2026-05-15 15:19:48,10377,75,1,v15_1_14_phase_1_sac_stricter_angle_reward_y100,1200,-40.09315713048357,287,bad_angle,706.4502563476562,559.7346801757812,0.40629085898399353,10.581265449523926,98.56189727783203,89.5559310913086,18.70458984375,110.8504731724519,125.08521578016212,-104.40764452083809,-0.3559303339953465,-0.962824821472168,0.0,0.0
2026-05-15 15:19:49,10425,76,1,v15_1_14_phase_1_sac_stricter_angle_reward_y100,1200,-48.058937793978025,48,bad_angle,707.3943481445312,682.4561767578125,0.40629085898399353,7.715130805969238,98.56189727783203,91.72882843017578,21.927488327026367,110.15817202836858,-109.29960358931963,142.17694455541863,-0.34461297351809733,0.8654236793518066,0.0,0.0
2026-05-15 15:19:50,10568,77,1,v15_1_14_phase_1_sac_stricter_angle_reward_y100,1200,-46.15057494698482,143,low_agl,707.0418090820312,617.1553344726562,0.40629085898399353,0.46401500701904297,98.56189727783203,99.46695709228516,36.27762985229492,47.26940673605669,-36.55282968302293,-32.427617405483254,0.678551983164324,-0.4375288188457489,0.0,0.0
2026-05-15 15:19:50,10607,78,1,v15_1_14_phase_1_sac_stricter_angle_reward_y100,1200,-50.53869025202287,39,bad_angle,706.4219970703125,689.8430786132812,0.40629085898399353,3.705305814743042,98.56189727783203,95.7455825805664,21.43819236755371,112.61153499710214,-113.92516478960319,-152.8189939993238,-0.38448117894763584,0.8460080027580261,0.0,0.0
2026-05-15 15:19:51,10672,79,1,v15_1_14_phase_1_sac_stricter_angle_reward_y100,1200,-47.42067384007802,65,bad_angle,706.4146728515625,672.5731811523438,0.40629085898399353,7.4619460105896,98.56189727783203,92.03948974609375,22.143537521362305,112.0167689543666,-118.33325959690269,-132.25904542769655,-0.37487793948022036,0.7063601016998291,0.0,0.0
2026-05-15 15:19:52,10719,80,1,v15_1_14_phase_1_sac_stricter_angle_reward_y100,1200,-48.543090554088536,47,bad_angle,707.2449951171875,683.592041015625,0.40629085898399353,4.907083988189697,98.56189727783203,94.65790557861328,22.226226806640625,111.30281611061433,-121.3432556622356,121.45863121769547,-0.3632970230328699,0.5334672927856445,0.0,0.0
2026-05-15 15:19:53,10863,81,1,v15_1_14_phase_1_sac_stricter_angle_reward_y100,1200,-39.73646074225587,144,bad_angle,707.1326904296875,617.3844604492188,0.40629085898399353,16.364154815673828,98.56189727783203,83.7049331665039,20.163240432739258,114.56527645823844,161.90574106732535,120.74344210970344,-0.4157296822760968,-0.7936492562294006,0.0,0.0
2026-05-15 15:19:54,10890,82,1,v15_1_14_phase_1_sac_stricter_angle_reward_y100,1200,-49.42554901077123,27,bad_angle,707.37255859375,694.3602905273438,0.40629085898399353,3.7423911094665527,98.56189727783203,95.72267150878906,21.4656982421875,111.51235948416115,-117.02358448393109,144.56337167028605,-0.3667019220047697,0.8069556951522827,0.0,0.0
2026-05-15 15:19:55,11008,83,1,v15_1_14_phase_1_sac_stricter_angle_reward_y100,1200,-49.304426002142506,118,low_agl,706.6807250976562,632.1605224609375,0.40629085898399353,0.5790739059448242,98.56189727783203,99.3985824584961,31.51031494140625,60.91658573551114,-47.958828955404854,45.50539085459042,0.48608242423024606,-0.5588550567626953,0.0,0.0
2026-05-15 15:20:01,11618,84,1,v15_1_14_phase_1_sac_stricter_angle_reward_y100,1200,-1.7193031220487,610,low_agl,706.5958251953125,300.46563720703125,0.40629085898399353,0.46690118312835693,98.56189727783203,99.60008239746094,26.978374481201172,71.7520114951977,-72.66797401384227,8.288847784255259,0.3131304650002238,-0.7882986068725586,0.0,0.0
2026-05-15 15:20:04,11878,85,1,v15_1_14_phase_1_sac_stricter_angle_reward_y100,1200,-28.44115635631495,260,bad_angle,706.4743041992188,544.2333984375,0.40629085898399353,8.881511688232422,98.56189727783203,90.83822631835938,22.15848159790039,111.98257702738151,-127.14117102222765,113.74141904055149,-0.37432463039604774,0.11878620088100433,0.0,0.0
2026-05-15 15:20:07,12085,86,1,v15_1_14_phase_1_sac_stricter_angle_reward_y100,1200,-38.79112413337663,207,low_agl,706.4473266601562,571.2496948242188,0.40629085898399353,0.41680845618247986,98.56189727783203,99.62745666503906,36.55023193359375,58.05376658641366,-57.741463016804,-12.538284127324543,0.5291232193339332,-0.7304046154022217,0.0,0.0
2026-05-15 15:20:10,12357,87,1,v15_1_14_phase_1_sac_stricter_angle_reward_y100,1200,-32.2528384202589,272,low_agl,706.7904052734375,529.025634765625,0.40629085898399353,0.45418083667755127,98.56189727783203,99.61560821533203,23.63534927368164,97.88730005233379,-85.41322994849112,88.79161226670868,-0.1372249903944035,-0.7954185605049133,0.0,0.0
2026-05-15 15:20:13,12631,88,1,v15_1_14_phase_1_sac_stricter_angle_reward_y100,1200,-22.303220562576577,274,bad_angle,706.8016357421875,529.2505493164062,0.40629085898399353,3.858388662338257,98.56189727783203,96.24679565429688,20.08168601989746,115.17913287970416,162.55031967967778,106.6025189804325,-0.4254497253629295,-0.8845521211624146,0.0,0.0
2026-05-15 15:20:14,12744,89,1,v15_1_14_phase_1_sac_stricter_angle_reward_y100,1200,-42.17993300621569,113,bad_angle,707.1539306640625,641.9866333007812,0.40629085898399353,13.12238597869873,98.56189727783203,86.544189453125,21.44045066833496,113.05497819877604,-139.6903458861838,116.49119855888527,-0.39161421944442404,0.2604884207248688,0.0,0.0
2026-05-15 15:20:14,12773,90,1,v15_1_14_phase_1_sac_stricter_angle_reward_y100,1200,-50.06904343096888,29,bad_angle,707.361083984375,694.2085571289062,0.40629085898399353,3.4723732471466064,98.56189727783203,95.99948120117188,21.23633575439453,113.76854855193478,-118.76888906216611,-147.05528422669516,-0.40304298555715073,0.7877465486526489,0.0,0.0
2026-05-15 15:20:15,12872,91,1,v15_1_14_phase_1_sac_stricter_angle_reward_y100,1200,-43.73797549638905,99,bad_angle,706.635498046875,650.1821899414062,0.40629085898399353,4.684526443481445,98.56189727783203,95.35902404785156,21.52802848815918,110.56880300126974,173.37916113700447,111.1504004392855,-0.3513319208955216,-0.7285735011100769,0.0,0.0
2026-05-15 15:20:18,13072,92,1,v15_1_14_phase_1_sac_stricter_angle_reward_y100,1200,-45.90377173216948,200,low_agl,706.4291381835938,589.6869506835938,0.40629085898399353,0.5268383026123047,98.56189727783203,99.34886169433594,33.438209533691406,40.246855533354285,-29.17233900177142,30.427003771167744,0.7632679287545997,-0.2930354177951813,0.0,0.0
2026-05-15 15:20:18,13102,93,1,v15_1_14_phase_1_sac_stricter_angle_reward_y100,1200,-49.788473502715945,30,bad_angle,707.1908569335938,693.1349487304688,0.40629085898399353,2.6658501625061035,98.56189727783203,96.78514099121094,21.59773826599121,113.17451333944044,-113.93111388437026,156.4054990117408,-0.39353301520270284,0.8459335565567017,0.0,0.0
2026-05-15 15:20:18,13134,94,1,v15_1_14_phase_1_sac_stricter_angle_reward_y100,1200,-49.756587693833154,32,bad_angle,706.5342407226562,691.584716796875,0.40629085898399353,2.4087672233581543,98.56189727783203,97.15196228027344,22.346845626831055,114.6981646187302,-131.9356223101181,-126.55367913095817,-0.4178379709388707,0.5450043678283691,0.0,0.0
2026-05-15 15:20:19,13190,95,1,v15_1_14_phase_1_sac_stricter_angle_reward_y100,1200,-46.89376286926485,56,bad_angle,707.3938598632812,676.5721435546875,0.40629085898399353,7.833438396453857,98.56189727783203,91.6676254272461,22.64137077331543,114.15517824009252,-116.00908282613075,136.1537832169779,-0.4092093685123318,0.707400918006897,0.0,0.0
2026-05-15 15:20:20,13292,96,1,v15_1_14_phase_1_sac_stricter_angle_reward_y100,1200,-55.19168775745358,102,low_agl,706.444091796875,651.927734375,0.40629085898399353,0.45979616045951843,98.56189727783203,99.65511322021484,25.20966911315918,87.00260813816392,-99.00794284983613,-49.74407989500069,0.052290497974826856,-0.908491849899292,0.0,0.0
2026-05-15 15:20:20,13318,97,1,v15_1_14_phase_1_sac_stricter_angle_reward_y100,1200,-50.22034084963872,26,bad_angle,706.8156127929688,695.2417602539062,0.40629085898399353,2.3410451412200928,98.56189727783203,97.13063049316406,19.888710021972656,117.88346431930067,-119.58911281921459,-161.50800549157717,-0.4676747381846692,0.7882949709892273,0.0,0.0
2026-05-15 15:20:23,13549,98,1,v15_1_14_phase_1_sac_stricter_angle_reward_y100,1200,-46.286254922506785,231,low_agl,706.4569702148438,577.8324584960938,0.40629085898399353,0.4938909113407135,98.56189727783203,99.55963897705078,33.86518096923828,59.005375862336514,-58.9543816699932,-4.59004848546771,0.5149576476371815,-0.754080593585968,0.0,0.0
2026-05-15 15:20:24,13642,99,1,v15_1_14_phase_1_sac_stricter_angle_reward_y100,1200,-48.31149338739101,93,bad_angle,706.4421997070312,661.8978881835938,0.40629085898399353,9.780436515808105,98.56189727783203,89.75503540039062,21.953914642333984,115.39556791412353,-122.79398784194632,-130.88022147956772,-0.4288652550778715,0.613512396812439,0.0,0.0
2026-05-15 15:20:26,13822,100,1,v15_1_14_phase_1_sac_stricter_angle_reward_y100,1200,-35.7776842013368,180,bad_angle,706.491455078125,598.914306640625,0.40629085898399353,1.650509238243103,98.56189727783203,98.02536010742188,24.634510040283203,110.64956315801598,-71.49593404283559,114.08326317832147,-0.3526512458800955,0.23566384613513947,0.0,0.0
2026-05-15 15:20:30,14217,101,1,v15_1_14_phase_1_sac_stricter_angle_reward_y100,1200,-21.067271888234586,395,low_agl,706.8339233398438,453.1187744140625,0.40629085898399353,0.590496301651001,98.56189727783203,99.30795288085938,33.45021057128906,42.385001856797174,-34.23827323369695,26.670439001248457,0.7386318254236597,-0.35254696011543274,0.0,0.0
2026-05-15 15:20:31,14244,102,1,v15_1_14_phase_1_sac_stricter_angle_reward_y100,1200,-50.38732191059862,27,bad_angle,707.3780517578125,695.5463256835938,0.40629085898399353,2.4115195274353027,98.56189727783203,97.05235290527344,20.394102096557617,117.8798579794189,-117.86591073313375,177.9986229783592,-0.4676191023380253,0.8099119663238525,0.0,0.0
2026-05-15 15:20:33,14425,103,1,v15_1_14_phase_1_sac_stricter_angle_reward_y100,1200,-47.668779783040385,181,low_agl,706.5408325195312,601.01171875,0.40629085898399353,0.38667598366737366,98.56189727783203,99.739990234375,34.255489349365234,80.22209493398468,-79.90372615639204,14.07982623337151,0.16982948431604633,-0.9373999834060669,0.0,0.0
2026-05-15 15:20:35,14653,104,1,v15_1_14_phase_1_sac_stricter_angle_reward_y100,1200,-38.974498472334254,228,low_agl,707.1109619140625,565.5604248046875,0.40629085898399353,0.5372021198272705,98.56189727783203,99.51213836669922,33.823753356933594,58.15709368817761,-58.907997855339644,0.6702720231018859,0.5275920952744679,-0.7433774471282959,0.0,0.0
2026-05-15 15:20:36,14697,105,1,v15_1_14_phase_1_sac_stricter_angle_reward_y100,1200,-48.92252429008131,44,bad_angle,706.4187622070312,684.8004760742188,0.40629085898399353,7.645145893096924,98.56189727783203,91.82139587402344,20.29326057434082,112.77762470714934,-117.714704005288,-146.77613439531675,-0.38715554858016077,0.8025235533714294,0.0,0.0
2026-05-15 15:20:38,14877,106,1,v15_1_14_phase_1_sac_stricter_angle_reward_y100,1200,-44.7985688687335,180,low_agl,706.7421875,598.0390625,0.40629085898399353,0.4900074899196625,98.56189727783203,99.4771728515625,30.69244956970215,69.06333484917887,-47.890527063704724,57.73881290340603,0.3573357494649731,-0.5316987037658691,0.0,0.0
2026-05-15 15:20:38,14921,107,1,v15_1_14_phase_1_sac_stricter_angle_reward_y100,1200,-49.02365074863394,44,bad_angle,707.3839721679688,686.108642578125,0.40629085898399353,6.385351657867432,98.56189727783203,93.08204650878906,19.529993057250977,113.05501234972189,-117.75393661188055,147.45765067070062,-0.39161476788427646,0.8007909059524536,0.0,0.0
2026-05-15 15:20:39,14968,108,1,v15_1_14_phase_1_sac_stricter_angle_reward_y100,1200,-49.16202169858284,47,bad_angle,707.3677368164062,684.943115234375,0.40629085898399353,5.34208345413208,98.56189727783203,94.36450958251953,21.900983810424805,110.91370706378788,-149.24582151616664,112.72945821312241,-0.35696148201593786,0.15375973284244537,0.0,0.0
2026-05-15 15:20:41,15163,109,1,v15_1_14_phase_1_sac_stricter_angle_reward_y100,1200,-44.40640600030967,195,bad_angle,707.38818359375,611.6033935546875,0.40629085898399353,20.041770935058594,98.56189727783203,79.49591064453125,20.309581756591797,112.17298904106313,-128.76252132740527,125.41210863383893,-0.37740426152281326,0.6074996590614319,0.0,0.0
2026-05-15 15:20:42,15262,110,1,v15_1_14_phase_1_sac_stricter_angle_reward_y100,1200,-51.200627147321846,99,low_agl,706.8353271484375,648.0166015625,0.40629085898399353,0.570962131023407,98.56189727783203,99.51972198486328,30.647611618041992,68.35998928920763,-68.3809989510946,16.448623776217495,0.3687737431247031,-0.8482517004013062,0.0,0.0
2026-05-15 15:20:43,15352,111,1,v15_1_14_phase_1_sac_stricter_angle_reward_y100,1200,-48.87121946561215,90,bad_angle,706.9873046875,665.31640625,0.40629085898399353,6.538505554199219,98.56189727783203,93.20673370361328,21.34444808959961,114.93428425833754,-158.2126714434778,-115.69441601106827,-0.4215784887790024,0.051083557307720184,0.0,0.0
2026-05-15 15:20:44,15381,112,1,v15_1_14_phase_1_sac_stricter_angle_reward_y100,1200,-50.13317798407005,29,bad_angle,706.603271484375,693.2994995117188,0.40629085898399353,1.9003090858459473,98.56189727783203,97.66957092285156,21.08133888244629,118.64161531717208,-136.80490515055521,-130.81436479559048,-0.47932943199179395,0.5202595591545105,0.0,0.0
2026-05-15 15:20:46,15566,113,1,v15_1_14_phase_1_sac_stricter_angle_reward_y100,1200,-38.325579709816395,185,bad_angle,707.332275390625,602.919677734375,0.40629085898399353,10.16324234008789,98.56189727783203,89.46038055419922,22.623443603515625,115.27472820732766,-127.24809080349503,121.77723222171988,-0.42695905272366225,0.3755094110965729,0.0,0.0
2026-05-15 15:20:48,15737,114,1,v15_1_14_phase_1_sac_stricter_angle_reward_y100,1200,-48.373435893379295,171,low_agl,707.382568359375,609.0878295898438,0.40629085898399353,0.5302441716194153,98.56189727783203,99.49970245361328,24.706634521484375,93.62400525543855,-90.55992775225747,85.9556016101035,-0.06320865800819074,-0.693718433380127,0.0,0.0
2026-05-15 15:20:50,15963,115,1,v15_1_14_phase_1_sac_stricter_angle_reward_y100,1200,-41.43615522835822,226,low_agl,707.1204833984375,572.7423095703125,0.40629085898399353,0.44367948174476624,98.56189727783203,99.64466094970703,26.528682708740234,78.96383748508492,-81.80456780240658,47.99495041083046,0.19142851618734075,-0.8423512578010559,0.0,0.0
2026-05-15 15:20:51,15991,116,1,v15_1_14_phase_1_sac_stricter_angle_reward_y100,1200,-49.62790272766725,28,bad_angle,707.2051391601562,694.0641479492188,0.40629085898399353,3.242150068283081,98.56189727783203,96.21105194091797,21.47035026550293,114.14653805079246,-112.910628980857,160.5255784021192,-0.409071768057363,0.839868426322937,0.0,0.0
2026-05-15 15:20:52,16110,117,1,v15_1_14_phase_1_sac_stricter_angle_reward_y100,1200,-47.00921065118087,119,low_agl,706.4766235351562,631.2749633789062,0.40629085898399353,0.587537944316864,98.56189727783203,99.1234359741211,35.105316162109375,7.821900194100045,-1.282831935924926,7.862621781931661,0.9906958934682257,0.14209961891174316,0.0,0.0
2026-05-15 15:20:54,16277,118,1,v15_1_14_phase_1_sac_stricter_angle_reward_y100,1200,-39.90929142644206,167,bad_angle,706.4899291992188,614.3487548828125,0.40629085898399353,11.202826499938965,98.56189727783203,88.81503295898438,21.25132179260254,110.77058044973026,177.9439541442424,110.44227374689525,-0.35462691253137596,-0.6626297235488892,0.0,0.0
2026-05-15 15:20:55,16411,119,1,v15_1_14_phase_1_sac_stricter_angle_reward_y100,1200,-47.303851770018056,134,low_agl,706.9208374023438,625.2559204101562,0.40629085898399353,0.5234734416007996,98.56189727783203,99.57878875732422,30.763072967529297,73.70251544666742,-72.36325878440049,-23.89802935864714,0.2806245704851027,-0.8772827386856079,0.0,0.0
2026-05-15 15:20:56,16437,120,1,v15_1_14_phase_1_sac_stricter_angle_reward_y100,1200,-50.439844466682004,26,bad_angle,707.0687866210938,695.7735595703125,0.40629085898399353,2.282989025115967,98.56189727783203,97.1874008178711,20.19379997253418,112.74623315772396,-118.35368186252103,145.3134493845585,-0.38665033180478187,0.7918472290039062,0.0,0.0
2026-05-15 15:20:56,16463,121,1,v15_1_14_phase_1_sac_stricter_angle_reward_y100,1200,-50.438631525763256,26,bad_angle,706.4453735351562,694.6245727539062,0.40629085898399353,1.9356952905654907,98.56189727783203,97.53097534179688,21.08919334411621,114.99742252702514,-117.7994120113745,154.81638719944564,-0.4225774907040182,0.8020780086517334,0.0,0.0
2026-05-15 15:20:57,16595,122,1,v15_1_14_phase_1_sac_stricter_angle_reward_y100,1200,-48.83340702703305,132,low_agl,707.343994140625,628.3968505859375,0.40629085898399353,0.44491806626319885,98.56189727783203,99.64175415039062,32.206504821777344,68.27366935847702,-66.52337874214788,20.069476102423213,0.3701737070242416,-0.8381444811820984,0.0,0.0
2026-05-15 15:21:10,17697,123,1,v15_1_14_phase_1_sac_stricter_angle_reward_y100,1200,50.894254272574116,1102,bad_angle,706.87158203125,77.41950988769531,0.40629085898399353,52.04360580444336,98.56189727783203,47.582252502441406,-2.542591094970703,114.59007687511475,-114.52667905923869,151.34345457254759,-0.41612331432395494,0.3695063591003418,0.0,0.0
2026-05-15 15:21:13,17953,124,1,v15_1_14_phase_1_sac_stricter_angle_reward_y100,1200,-40.30050422711271,256,low_agl,706.5868530273438,560.5606689453125,0.40629085898399353,0.534042477607727,98.56189727783203,99.52446746826172,31.61603355407715,60.29187614345427,-62.74851077280026,0.24787220737396423,0.4955818250156636,-0.7667700052261353,0.0,0.0
2026-05-15 15:21:16,18249,125,1,v15_1_14_phase_1_sac_stricter_angle_reward_y100,1200,-25.516420206196162,296,bad_angle,707.0994262695312,530.4848022460938,0.40629085898399353,5.808075428009033,98.56189727783203,94.04491424560547,23.084827423095703,115.47392384428191,-131.70537663319698,113.96605030197487,-0.4301002723394213,-0.23343408107757568,0.0,0.0
2026-05-15 15:21:16,18275,126,1,v15_1_14_phase_1_sac_stricter_angle_reward_y100,1200,-50.41855489164967,26,bad_angle,706.4175415039062,694.7836303710938,0.40629085898399353,2.2720184326171875,98.56189727783203,97.2538070678711,20.420202255249023,130.98559763808268,-131.3712574393783,168.38734470285735,-0.6558692979481745,0.6397701501846313,0.0,0.0
2026-05-15 15:21:19,18525,127,1,v15_1_14_phase_1_sac_stricter_angle_reward_y100,1200,-37.14133284595191,250,low_agl,706.9806518554688,558.1087036132812,0.40629085898399353,0.563017725944519,98.56189727783203,99.29612731933594,28.473356246948242,61.385184523898204,-38.46301161272747,56.6881624694234,0.47891886975245546,-0.24960525333881378,0.0,0.0
2026-05-15 15:21:22,18825,128,1,v15_1_14_phase_1_sac_stricter_angle_reward_y100,1200,-24.98064622760593,300,low_agl,707.0208129882812,513.8167114257812,0.40629085898399353,0.5703847408294678,98.56189727783203,99.42525482177734,33.34360122680664,49.25046553877846,-48.566626999076774,9.631474291103943,0.6527535970859218,-0.6053682565689087,0.0,0.0
2026-05-15 15:21:28,19342,129,1,v15_1_14_phase_1_sac_stricter_angle_reward_y100,1200,-23.541634880942475,517,low_agl,706.646728515625,416.0610046386719,0.40629085898399353,0.48893460631370544,98.56189727783203,99.61003875732422,28.895549774169922,81.47413008055054,-76.71253883275702,-37.474416862449,0.14825595181395945,-0.869052529335022,0.0,0.0
2026-05-15 15:21:28,19368,130,1,v15_1_14_phase_1_sac_stricter_angle_reward_y100,1200,-49.77385204631484,26,bad_angle,706.473388671875,694.321533203125,0.40629085898399353,2.429736852645874,98.56189727783203,97.00880432128906,20.763580322265625,110.23926686438413,-110.21526557964071,-154.50397434680926,-0.345941300977756,0.8807101249694824,0.0,0.0
2026-05-15 15:21:30,19538,131,1,v15_1_14_phase_1_sac_stricter_angle_reward_y100,1200,-44.20941353921392,170,low_agl,707.2627563476562,603.8428955078125,0.40629085898399353,0.47666704654693604,98.56189727783203,99.5964584350586,32.68932342529297,63.334117531858816,-63.26334311167914,7.644072803964177,0.4487869491458658,-0.803913414478302,0.0,0.0
2026-05-15 15:21:35,19912,132,1,v15_1_14_phase_1_sac_stricter_angle_reward_y100,1200,-12.571960930641282,374,bad_angle,707.3827514648438,479.2210998535156,0.40629085898399353,15.988139152526855,98.56189727783203,84.03947448730469,21.77203369140625,112.5991518641369,-167.4695995048394,111.64920232418237,-0.3842816565553663,-0.6877214312553406,0.0,0.0
2026-05-15 15:21:35,19993,133,1,v15_1_14_phase_1_sac_stricter_angle_reward_y100,1200,-51.686261621000625,81,low_agl,706.97998046875,657.8759155273438,0.40629085898399353,0.4933287799358368,98.56189727783203,99.55693817138672,27.235042572021484,61.68145763952585,-59.020928203076636,26.994273637724394,0.4743731289117784,-0.745377779006958,0.0,0.0
2026-05-15 15:21:39,20297,134,1,v15_1_14_phase_1_sac_stricter_angle_reward_y100,1200,-24.974381290053532,304,bad_angle,706.99853515625,531.4014282226562,0.40629085898399353,14.452038764953613,98.56189727783203,85.23828125,22.820980072021484,111.31320482834192,-133.58100122079583,-114.09758608501099,-0.36346594558785655,0.19717593491077423,0.0,0.0
2026-05-15 15:21:41,20436,135,1,v15_1_14_phase_1_sac_stricter_angle_reward_y100,1200,-45.11193735130364,139,low_agl,706.8974609375,621.8837890625,0.40629085898399353,0.39887937903404236,98.56189727783203,99.62181854248047,30.75505256652832,60.485546157369974,-53.68540298951611,35.04333397078801,0.492643106577746,-0.6699577569961548,0.0,0.0
2026-05-15 15:21:42,20538,136,1,v15_1_14_phase_1_sac_stricter_angle_reward_y100,1200,-53.96302615090255,102,low_agl,707.3924560546875,652.0082397460938,0.40629085898399353,0.5507468581199646,98.56189727783203,99.34917449951172,31.160736083984375,55.30680110601793,-33.68306423153954,47.529192981138124,0.5691819295310854,-0.3564506769180298,0.0,0.0
2026-05-15 15:21:45,20797,137,1,v15_1_14_phase_1_sac_stricter_angle_reward_y100,1200,-34.58546157627252,259,low_agl,706.4562377929688,548.3628540039062,0.40629085898399353,0.45830032229423523,98.56189727783203,99.54454803466797,33.119937896728516,49.42978532524797,-49.11187075523514,6.430047660129431,0.6503794206456611,-0.6239508986473083,0.0,0.0
2026-05-15 15:21:46,20938,138,1,v15_1_14_phase_1_sac_stricter_angle_reward_y100,1200,-47.227304174476174,141,low_agl,707.2598266601562,623.964599609375,0.40629085898399353,0.5292043685913086,98.56189727783203,99.36925506591797,34.30280303955078,33.64807658751615,-30.258919645882898,-15.871237149825053,0.8324565996019638,-0.35260751843452454,0.0,0.0
2026-05-15 15:21:46,20964,139,1,v15_1_14_phase_1_sac_stricter_angle_reward_y100,1200,-49.96151886693835,26,bad_angle,706.4161376953125,693.958984375,0.40629085898399353,2.3516218662261963,98.56189727783203,97.08805847167969,22.217147827148438,110.47287982456609,-109.27261068171974,151.37028355560741,-0.3497639810445874,0.8774547576904297,0.0,0.0
2026-05-15 15:21:50,21333,140,1,v15_1_14_phase_1_sac_stricter_angle_reward_y100,1200,-28.762754864346125,369,low_agl,706.614501953125,494.53643798828125,0.40629085898399353,0.532458484172821,98.56189727783203,99.50812530517578,27.91603660583496,65.93619420939106,-63.68441744382126,35.468304925851626,0.40775373418090183,-0.7209800481796265,0.0,0.0
2026-05-15 15:21:51,21414,141,1,v15_1_14_phase_1_sac_stricter_angle_reward_y100,1200,-53.93409646328053,81,low_agl,707.3948364257812,662.1214599609375,0.40629085898399353,0.2381080538034439,98.56189727783203,99.68563079833984,30.174161911010742,53.38946113806322,-36.93147146494634,42.736548278283145,0.5963725333911761,-0.4186761677265167,0.0,0.0
2026-05-15 15:21:52,21460,142,1,v15_1_14_phase_1_sac_stricter_angle_reward_y100,1200,-49.77474431451219,46,bad_angle,706.979248046875,685.5345458984375,0.40629085898399353,4.979562282562256,98.56189727783203,94.49381256103516,20.946413040161133,113.94025267747973,-118.52096685567298,146.6008990619709,-0.40578378832320444,0.7835338711738586,0.0,0.0
2026-05-15 15:21:52,21486,143,1,v15_1_14_phase_1_sac_stricter_angle_reward_y100,1200,-51.033245308439646,26,bad_angle,706.7910766601562,695.8231811523438,0.40629085898399353,1.37966787815094,98.56189727783203,98.14474487304688,19.006921768188477,131.16857840594733,-131.45847895507936,-171.32368400818083,-0.6582767290224999,0.6435834169387817,0.0,0.0
2026-05-15 15:21:55,21786,144,1,v15_1_14_phase_1_sac_stricter_angle_reward_y100,1200,-34.521574595320885,300,low_agl,707.1182250976562,531.6453247070312,0.40629085898399353,0.3927080035209656,98.56189727783203,99.69681549072266,29.930177688598633,70.40473619084518,-69.44754665037043,18.67563769095142,0.33537369613405477,-0.8453214168548584,0.0,0.0
2026-05-15 15:21:56,21851,145,1,v15_1_14_phase_1_sac_stricter_angle_reward_y100,1200,-48.08009447903283,65,bad_angle,707.3687133789062,674.662109375,0.40629085898399353,5.4999680519104,98.56189727783203,93.97765350341797,22.46230125427246,110.37589796854108,-113.01611442239867,136.36172149606978,-0.3481777396334342,0.7718099355697632,0.0,0.0
2026-05-15 15:21:57,21959,146,1,v15_1_14_phase_1_sac_stricter_angle_reward_y100,1200,-42.47674913710621,108,bad_angle,706.8855590820312,647.1632690429688,0.40629085898399353,2.0383946895599365,98.56189727783203,97.900146484375,22.46409797668457,111.71771595174675,-168.99038210467776,110.01333103682929,-0.37003402895389786,-0.4572453498840332,0.0,0.0
2026-05-15 15:21:58,22003,147,1,v15_1_14_phase_1_sac_stricter_angle_reward_y100,1200,-50.00181803518813,44,bad_angle,706.9160766601562,686.88232421875,0.40629085898399353,4.333937644958496,98.56189727783203,95.15029907226562,21.290180206298828,113.56641593363743,-120.01639579331226,-140.75888800069725,-0.3998118354765246,0.75358647108078,0.0,0.0
2026-05-15 15:21:58,22029,148,1,v15_1_14_phase_1_sac_stricter_angle_reward_y100,1200,-50.42949431136697,26,bad_angle,707.21533203125,695.6912231445312,0.40629085898399353,2.0388314723968506,98.56189727783203,97.51580810546875,18.891250610351562,136.19729152199088,-137.5110647484645,167.679013104792,-0.7217275083974342,0.5615037083625793,0.0,0.0
2026-05-15 15:21:58,22086,149,1,v15_1_14_phase_1_sac_stricter_angle_reward_y100,1200,-48.3997428526205,57,bad_angle,707.2688598632812,679.183349609375,0.40629085898399353,4.455799102783203,98.56189727783203,95.01725006103516,21.863719940185547,112.20445572256938,-113.41182826215254,142.56724888534984,-0.3779127878808398,0.7844274044036865,0.0,0.0
2026-05-15 15:21:59,22112,150,1,v15_1_14_phase_1_sac_stricter_angle_reward_y100,1200,-50.30065086625518,26,bad_angle,707.0931396484375,695.1604614257812,0.40629085898399353,2.246372938156128,98.56189727783203,97.30303192138672,20.18798065185547,136.70847653985297,-136.05765513459914,-176.92469867477976,-0.7278742120801583,0.5756875276565552,0.0,0.0
2026-05-15 15:22:01,22302,151,1,v15_1_14_phase_1_sac_stricter_angle_reward_y100,1200,-41.85278341456362,190,low_agl,707.2108764648438,593.774658203125,0.40629085898399353,0.5251877903938293,98.56189727783203,99.38662719726562,30.943269729614258,40.25702910012302,-33.44654844096034,24.34733969281809,0.7631531969416032,-0.3875352740287781,0.0,0.0
2026-05-15 15:22:03,22506,152,1,v15_1_14_phase_1_sac_stricter_angle_reward_y100,1200,-40.913541445184855,204,low_agl,706.4508056640625,584.6611328125,0.40629085898399353,0.5728335380554199,98.56189727783203,99.28340148925781,27.117795944213867,80.45537321489729,-38.61929658622112,77.50343375750948,0.16581575812355118,-0.2419530153274536,0.0,0.0
2026-05-15 15:22:05,22693,153,1,v15_1_14_phase_1_sac_stricter_angle_reward_y100,1200,-43.58889675622467,187,low_agl,706.7421875,597.8904418945312,0.40629085898399353,0.434256911277771,98.56189727783203,99.55037689208984,24.795114517211914,86.32849578784034,-73.89311187545663,78.53700530347248,0.06403599162904434,-0.5768091678619385,0.0,0.0
2026-05-15 15:22:07,22829,154,1,v15_1_14_phase_1_sac_stricter_angle_reward_y100,1200,-51.35498712218353,136,low_agl,707.2086181640625,632.3270263671875,0.40629085898399353,0.46702373027801514,98.56189727783203,99.50155639648438,33.13321304321289,41.60446149882645,-42.58072775765306,-4.102600509405526,0.7477463897286665,-0.5353274941444397,0.0,0.0
2026-05-15 15:22:07,22869,155,1,v15_1_14_phase_1_sac_stricter_angle_reward_y100,1200,-49.45206088144562,40,bad_angle,706.7103271484375,687.6264038085938,0.40629085898399353,3.2511870861053467,98.56189727783203,96.21995544433594,21.786718368530273,119.79233826777916,-116.46570829290279,-179.0110619190302,-0.496857916858907,0.7897040247917175,0.0,0.0
2026-05-15 15:22:08,22965,156,1,v15_1_14_phase_1_sac_stricter_angle_reward_y100,1200,-49.84395471895084,96,low_agl,706.7346801757812,649.5414428710938,0.40629085898399353,0.5110639333724976,98.56189727783203,99.4383316040039,31.51889419555664,38.098030209144085,-37.97003929428721,4.495839259358902,0.7869562347799612,-0.48548799753189087,0.0,0.0
2026-05-15 15:22:08,22991,157,1,v15_1_14_phase_1_sac_stricter_angle_reward_y100,1200,-50.00529204239314,26,bad_angle,706.8618774414062,694.7180786132812,0.40629085898399353,2.727968215942383,98.56189727783203,96.76509857177734,22.47759246826172,112.2298025545793,-118.06539323803312,-135.14452714446014,-0.3783223297699077,0.729733407497406,0.0,0.0
2026-05-15 15:22:10,23189,158,1,v15_1_14_phase_1_sac_stricter_angle_reward_y100,1200,-39.56985947667236,198,low_agl,706.8404541015625,583.0963745117188,0.40629085898399353,0.5517105460166931,98.56189727783203,99.3209457397461,27.640487670898438,71.02188476349086,-36.3718501605851,-66.68929769746583,0.32520697932682124,-0.28503677248954773,0.0,0.0
2026-05-15 15:22:12,23335,159,1,v15_1_14_phase_1_sac_stricter_angle_reward_y100,1200,-46.44720111508276,146,low_agl,707.209228515625,619.6446533203125,0.40629085898399353,0.5477995276451111,98.56189727783203,99.52245330810547,29.581918716430664,71.73509994681275,-65.62360377183626,-42.29371979363454,0.31341076988531763,-0.7965973615646362,0.0,0.0
2026-05-15 15:22:15,23582,160,1,v15_1_14_phase_1_sac_stricter_angle_reward_y100,1200,-33.82070518372558,247,low_agl,707.0154418945312,554.6546630859375,0.40629085898399353,0.48684924840927124,98.56189727783203,99.51686096191406,30.191247940063477,71.20767956929355,-54.038250562038975,55.49534506296155,0.32213880936758577,-0.626197338104248,0.0,0.0
2026-05-15 15:22:15,23608,161,1,v15_1_14_phase_1_sac_stricter_angle_reward_y100,1200,-50.50219845900538,26,bad_angle,707.0430297851562,695.3278198242188,0.40629085898399353,3.0149669647216797,98.56189727783203,96.5858154296875,19.863216400146484,144.2316430426769,-145.87989063280602,-168.2342938239357,-0.8113867529462139,0.436897873878479,0.0,0.0
2026-05-15 15:22:16,23734,162,1,v15_1_14_phase_1_sac_stricter_angle_reward_y100,1200,-46.50310242727104,126,low_agl,707.3102416992188,630.6394653320312,0.40629085898399353,0.5829950571060181,98.56189727783203,99.1698989868164,31.35183334350586,23.79630905888543,-8.5288051364025,22.7718985041467,0.9149856619660391,0.03074655309319496,0.0,0.0
2026-05-15 15:22:20,24092,163,1,v15_1_14_phase_1_sac_stricter_angle_reward_y100,1200,-39.93817637274018,358,low_agl,706.9061889648438,515.9046630859375,0.40629085898399353,0.599577009677887,98.56189727783203,99.4618148803711,27.629457473754883,78.64038021656063,-70.4432721181424,-56.13418631641118,0.19696642785621968,-0.7740423679351807,0.0,0.0
2026-05-15 15:22:24,24393,164,1,v15_1_14_phase_1_sac_stricter_angle_reward_y100,1200,-39.57012939112117,301,low_agl,707.195556640625,539.6301879882812,0.40629085898399353,0.5118879675865173,98.56189727783203,99.38986206054688,26.41440200805664,68.95335514316332,-49.688912457074494,62.326842214200354,0.3591278644393831,-0.3612275719642639,0.0,0.0
2026-05-15 15:22:25,24501,165,1,v15_1_14_phase_1_sac_stricter_angle_reward_y100,1200,-50.00945064863995,108,low_agl,707.0984497070312,643.5316772460938,0.40629085898399353,0.5506474375724792,98.56189727783203,99.22069549560547,32.107872009277344,12.790845739811395,-9.951313266915424,-8.11940957396746,0.9751847391013766,-0.018114829435944557,0.0,0.0
2026-05-15 15:22:27,24694,166,1,v15_1_14_phase_1_sac_stricter_angle_reward_y100,1200,-42.82882460086505,193,low_agl,706.7446899414062,592.0364379882812,0.40629085898399353,0.5988373160362244,98.56189727783203,99.44381713867188,32.29167175292969,58.58978617209792,-57.83973577858214,-18.363165074159795,0.5211617817311673,-0.7262561917304993,0.0,0.0
2026-05-15 15:22:28,24766,167,1,v15_1_14_phase_1_sac_stricter_angle_reward_y100,1200,-49.343471497157964,72,bad_angle,706.6513061523438,672.377685546875,0.40629085898399353,8.481671333312988,98.56189727783203,91.0154800415039,22.005939483642578,111.84358267777175,-119.6676463342914,132.89691679428404,-0.3720739912098945,0.7181897759437561,0.0,0.0
2026-05-15 15:22:28,24792,168,1,v15_1_14_phase_1_sac_stricter_angle_reward_y100,1200,-50.27522249939162,26,bad_angle,706.5828247070312,694.6555786132812,0.40629085898399353,1.310624122619629,98.56189727783203,98.13351440429688,21.59391975402832,111.89849739869865,-111.88894879423898,157.929368857084,-0.37296344962627487,0.8650336861610413,0.0,0.0
2026-05-15 15:22:28,24818,169,1,v15_1_14_phase_1_sac_stricter_angle_reward_y100,1200,-50.54959114181623,26,bad_angle,707.1101684570312,695.4328002929688,0.40629085898399353,1.9192681312561035,98.56189727783203,97.71078491210938,21.229938507080078,114.18523790262975,-143.36815686742554,119.84618747919554,-0.4096880150411118,0.3582746684551239,0.0,0.0
2026-05-15 15:22:30,24932,170,1,v15_1_14_phase_1_sac_stricter_angle_reward_y100,1200,-49.002316786169644,114,low_agl,707.3572387695312,637.494140625,0.40629085898399353,0.5828657150268555,98.56189727783203,99.32878112792969,30.450164794921875,70.94204668228258,-37.75552695811921,64.86645681177284,0.3265243572944318,-0.3870842754840851,0.0,0.0
2026-05-15 15:22:30,24959,171,1,v15_1_14_phase_1_sac_stricter_angle_reward_y100,1200,-50.0679016575339,27,bad_angle,706.5025634765625,693.719970703125,0.40629085898399353,1.5634368658065796,98.56189727783203,97.51234436035156,22.525209426879883,114.17570978873759,-125.94909810638534,-135.08466736657414,-0.4095363090169179,0.6911746263504028,0.0,0.0
2026-05-15 15:22:30,24985,172,1,v15_1_14_phase_1_sac_stricter_angle_reward_y100,1200,-50.34845554283484,26,bad_angle,706.5945434570312,694.8302001953125,0.40629085898399353,2.473733901977539,98.56189727783203,97.14533233642578,19.94281005859375,148.83971212849602,-148.88419032037115,175.52530219687085,-0.8557231030253123,0.3877391815185547,0.0,0.0
2026-05-15 15:22:32,25145,173,1,v15_1_14_phase_1_sac_stricter_angle_reward_y100,1200,-41.49877942106433,160,bad_angle,706.7955322265625,620.8563842773438,0.40629085898399353,6.528148651123047,98.56189727783203,93.1614761352539,22.174747467041016,113.8863693151175,-146.06385494791115,-116.66360619391473,-0.40492407399899033,0.1990511417388916,0.0,0.0
2026-05-15 15:22:35,25408,174,1,v15_1_14_phase_1_sac_stricter_angle_reward_y100,1200,-31.475888344854745,263,low_agl,706.861328125,544.9735107421875,0.40629085898399353,0.520523726940155,98.56189727783203,99.29169464111328,33.08200454711914,17.807778487083965,-17.749742369706365,-1.538751226719076,0.9520878827090644,-0.12609677016735077,0.0,0.0
2026-05-15 15:22:38,25671,175,1,v15_1_14_phase_1_sac_stricter_angle_reward_y100,1200,-39.20850154242037,263,bad_angle,707.343994140625,570.372314453125,0.40629085898399353,1.6879212856292725,98.56189727783203,98.32598114013672,21.87006378173828,112.9694369096108,-172.1875116928907,111.84524241374007,-0.39024005118791844,-0.6524738073348999,0.0,0.0
2026-05-15 15:22:43,26103,176,1,v15_1_14_phase_1_sac_stricter_angle_reward_y100,1200,-15.072416649889334,432,low_agl,707.3357543945312,444.3787536621094,0.40629085898399353,0.45366767048835754,98.56189727783203,99.5458755493164,26.149066925048828,80.16491259025332,-65.87046729900803,-66.30833706631921,0.17081292196909137,-0.6153961420059204,0.0,0.0
2026-05-15 15:22:45,26309,177,1,v15_1_14_phase_1_sac_stricter_angle_reward_y100,1200,-35.94396673732254,206,bad_angle,707.3770141601562,593.6700439453125,0.40629085898399353,3.4096217155456543,98.56189727783203,96.62017059326172,23.297697067260742,110.88783430721188,-117.1869352881211,110.0442376428236,-0.35653963034022607,-0.6933086514472961,0.0,0.0
2026-05-15 15:22:47,26485,178,1,v15_1_14_phase_1_sac_stricter_angle_reward_y100,1200,-40.66322886761843,176,low_agl,706.5850219726562,597.5156860351562,0.40629085898399353,0.5542405247688293,98.56189727783203,99.4784164428711,30.09569549560547,61.9057542216799,-55.76018564802879,33.364012435029906,0.47092328674230066,-0.7006765007972717,0.0,0.0
2026-05-15 15:22:49,26722,179,1,v15_1_14_phase_1_sac_stricter_angle_reward_y100,1200,-40.95140786726296,237,low_agl,707.3773193359375,572.5614013671875,0.40629085898399353,0.49496686458587646,98.56189727783203,99.4866943359375,27.74243927001953,68.19101040914153,-51.27066132544439,54.47971642394816,0.3715135085097555,-0.5692137479782104,0.0,0.0
2026-05-15 15:22:49,26748,180,1,v15_1_14_phase_1_sac_stricter_angle_reward_y100,1200,-49.99586293530604,26,bad_angle,706.633056640625,694.6170654296875,0.40629085898399353,3.0089313983917236,98.56189727783203,96.4332275390625,21.870635986328125,111.25322210705087,-111.3740481534684,152.93409634721684,-0.3624904504563643,0.8704731464385986,0.0,0.0
2026-05-15 15:22:52,26975,181,1,v15_1_14_phase_1_sac_stricter_angle_reward_y100,1200,-41.32585694371702,227,low_agl,706.6229858398438,575.8202514648438,0.40629085898399353,0.5770162343978882,98.56189727783203,99.12031555175781,25.45902442932129,89.39753883854802,-33.83055875157138,91.1941244770715,0.010514737122061503,0.1784272938966751,0.0,0.0
2026-05-15 15:22:53,27058,182,1,v15_1_14_phase_1_sac_stricter_angle_reward_y100,1200,-51.84411526106645,83,low_agl,706.7347412109375,657.9866333007812,0.40629085898399353,0.5561474561691284,98.56189727783203,99.45323944091797,32.22378158569336,49.41785639986254,-48.67150455378232,9.982922528620596,0.6505375565075378,-0.6408048868179321,0.0,0.0
2026-05-15 15:22:55,27214,183,1,v15_1_14_phase_1_sac_stricter_angle_reward_y100,1200,-46.55143781828928,156,low_agl,706.41845703125,614.9512939453125,0.40629085898399353,0.412943571805954,98.56189727783203,99.64299011230469,27.662370681762695,78.34129306299494,-65.80908438893712,-59.51443669136673,0.20208151696386795,-0.7601809501647949,0.0,0.0
2026-05-15 15:22:55,27240,184,1,v15_1_14_phase_1_sac_stricter_angle_reward_y100,1200,-49.84213589080661,26,bad_angle,706.7999267578125,694.6588745117188,0.40629085898399353,2.8555731773376465,98.56189727783203,96.59080505371094,22.27768325805664,110.76272573218475,-112.43095845582535,145.5243929468852,-0.3544987283292456,0.858619749546051,0.0,0.0
2026-05-15 15:22:55,27266,185,1,v15_1_14_phase_1_sac_stricter_angle_reward_y100,1200,-49.93897859757486,26,bad_angle,706.4185180664062,694.3129272460938,0.40629085898399353,2.678039789199829,98.56189727783203,96.8314437866211,22.000661849975586,111.55716552511645,-124.57698140402147,-129.87627929422425,-0.3674293465383055,0.6844094395637512,0.0,0.0
2026-05-15 15:22:56,27306,186,1,v15_1_14_phase_1_sac_stricter_angle_reward_y100,1200,-49.84484387388793,40,bad_angle,707.3878784179688,688.0767822265625,0.40629085898399353,3.289853811264038,98.56189727783203,96.21256256103516,21.409509658813477,117.11187150914267,-124.73145296229048,-141.9628454456954,-0.4557293468065871,0.7036687135696411,0.0,0.0
2026-05-15 15:23:01,27820,187,1,v15_1_14_phase_1_sac_stricter_angle_reward_y100,1200,-29.7411654137376,514,low_agl,706.8207397460938,426.8107604980469,0.40629085898399353,0.3599129617214203,98.56189727783203,99.72608184814453,27.770109176635742,91.26144965172031,-90.28209614738887,-68.36987257293664,-0.022014671163273925,-0.8364589214324951,0.0,0.0
2026-05-15 15:23:05,28190,188,1,v15_1_14_phase_1_sac_stricter_angle_reward_y100,1200,-28.56079150769957,370,low_agl,706.5223999023438,493.0812072753906,0.40629085898399353,0.5123633742332458,98.56189727783203,99.37337493896484,30.107505798339844,42.203103673915976,-31.910910179677202,29.84057738940879,0.7407682085464645,-0.31934574246406555,0.0,0.0
2026-05-15 15:23:06,28224,189,1,v15_1_14_phase_1_sac_stricter_angle_reward_y100,1200,-49.358793638031166,34,bad_angle,706.6412963867188,690.2715454101562,0.40629085898399353,2.6510374546051025,98.56189727783203,96.83195495605469,22.026721954345703,110.49888235473632,-118.42865001885109,-134.8688197284234,-0.35018910991274216,0.7570367455482483,0.0,0.0
2026-05-15 15:23:06,28270,190,1,v15_1_14_phase_1_sac_stricter_angle_reward_y100,1200,-48.94623834561705,46,bad_angle,706.4271240234375,683.81884765625,0.40629085898399353,3.1418755054473877,98.56189727783203,96.4284439086914,23.194963455200195,110.0139662444221,-122.76008278290638,-119.40476601351595,-0.34224918976894414,0.5191020965576172,0.0,0.0
2026-05-15 15:23:09,28572,191,1,v15_1_14_phase_1_sac_stricter_angle_reward_y100,1200,-26.11913926512471,302,low_agl,706.9190063476562,520.9481811523438,0.40629085898399353,0.5925565361976624,98.56189727783203,99.15433502197266,28.17197036743164,80.85111437540783,-20.808060315869835,-81.19479583406454,0.15900048596044988,0.04669160768389702,0.0,0.0
2026-05-15 15:23:10,28598,192,1,v15_1_14_phase_1_sac_stricter_angle_reward_y100,1200,-49.85670800035839,26,bad_angle,706.5626220703125,694.1572265625,0.40629085898399353,2.5072543621063232,98.56189727783203,96.58219146728516,21.1237735748291,126.3018090751248,-130.542605228894,-155.7199802455033,-0.5920386251394549,0.6538252234458923,0.0,0.0
2026-05-15 15:23:10,28625,193,1,v15_1_14_phase_1_sac_stricter_angle_reward_y100,1200,-50.19235857590631,27,bad_angle,706.8516845703125,694.5828857421875,0.40629085898399353,2.820610523223877,98.56189727783203,96.63722229003906,21.142675399780273,114.123137822696,-115.75887933645484,156.67738152184234,-0.4086990579862215,0.8266264796257019,0.0,0.0
2026-05-15 15:23:10,28652,194,1,v15_1_14_phase_1_sac_stricter_angle_reward_y100,1200,-49.75820376679849,27,bad_angle,707.007568359375,693.85302734375,0.40629085898399353,2.269193410873413,98.56189727783203,96.76022338867188,22.284866333007812,116.90162462611134,-116.32415945254344,-173.62443323009964,-0.452459996115518,0.818862795829773,0.0,0.0
2026-05-15 15:23:12,28796,195,1,v15_1_14_phase_1_sac_stricter_angle_reward_y100,1200,-44.62284334015467,144,low_agl,707.24609375,621.4003295898438,0.40629085898399353,0.5715729594230652,98.56189727783203,99.04853820800781,30.976665496826172,57.399441294115604,11.593961809472443,58.40029623395426,0.5387789999512776,0.3849402666091919,0.0,0.0
2026-05-15 15:23:16,29141,196,1,v15_1_14_phase_1_sac_stricter_angle_reward_y100,1200,-22.95001231563348,345,low_agl,707.365478515625,495.08660888671875,0.40629085898399353,0.544978678226471,98.56189727783203,99.17761993408203,31.25806427001953,24.1035548734147,-5.70925011305517,-23.847287883303114,0.9128088409207259,0.11123785376548767,0.0,0.0
2026-05-15 15:23:17,29244,197,1,v15_1_14_phase_1_sac_stricter_angle_reward_y100,1200,-42.98706622959693,103,bad_angle,707.3934326171875,649.9877319335938,0.40629085898399353,5.481386661529541,98.56189727783203,94.10330963134766,22.171646118164062,113.76085775892936,-133.24999659323868,122.98273328947045,-0.4029201374855567,0.48029154539108276,0.0,0.0
2026-05-15 15:23:18,29370,198,1,v15_1_14_phase_1_sac_stricter_angle_reward_y100,1200,-44.16715551668645,126,bad_angle,707.3876953125,641.7181396484375,0.40629085898399353,7.7181196212768555,98.56189727783203,91.90933990478516,22.881977081298828,111.8869612091905,-129.85822027405874,117.48094761113347,-0.3727766253808161,0.3654162883758545,0.0,0.0
2026-05-15 15:23:18,29398,199,1,v15_1_14_phase_1_sac_stricter_angle_reward_y100,1200,-49.85354746512642,28,bad_angle,706.755615234375,693.6168823242188,0.40629085898399353,2.730792760848999,98.56189727783203,96.72531127929688,21.021465301513672,114.19221152577234,-115.32304496551633,-158.30625869548533,-0.4097990414453927,0.8316836953163147,0.0,0.0
2026-05-15 15:23:19,29443,200,1,v15_1_14_phase_1_sac_stricter_angle_reward_y100,1200,-49.69332773434785,45,bad_angle,707.3934326171875,686.6258544921875,0.40629085898399353,5.03063440322876,98.56189727783203,94.41780090332031,20.489612579345703,111.79633142909361,-113.19461458616779,149.4337883221254,-0.3713083851032022,0.8531007766723633,0.0,0.0
2026-05-15 15:23:21,29630,201,1,v15_1_14_phase_1_sac_stricter_angle_reward_y100,1200,-34.86464427038332,187,bad_angle,707.0750732421875,599.6534423828125,0.40629085898399353,5.536276817321777,98.56189727783203,93.95013427734375,22.736528396606445,116.15900547841254,-113.32934006754628,-148.28510076789098,-0.4408637610056621,0.7476038932800293,0.0,0.0
2026-05-15 15:23:27,30152,202,1,v15_1_14_phase_1_sac_stricter_angle_reward_y100,1200,-9.983272280141108,522,low_agl,707.1757202148438,391.44384765625,0.40629085898399353,0.48891642689704895,98.56189727783203,99.57037353515625,28.11112403869629,71.17241530260877,-68.40525295283732,-33.08332581108823,0.3227214162743176,-0.7687274217605591,0.0,0.0
2026-05-15 15:23:33,30748,203,1,v15_1_14_phase_1_sac_stricter_angle_reward_y100,1200,-0.8789938449643202,596,low_agl,706.9774169921875,345.6067199707031,0.40629085898399353,0.574590802192688,98.56189727783203,99.14134979248047,29.499692916870117,29.53498106556408,-12.867854415155998,28.72394049785467,0.8700548920398767,0.1288861781358719,0.0,0.0
2026-05-15 15:23:37,31105,204,1,v15_1_14_phase_1_sac_stricter_angle_reward_y100,1200,-14.271858644323103,357,bad_angle,707.0752563476562,489.2709045410156,0.40629085898399353,12.665753364562988,98.56189727783203,86.83795166015625,23.19988250732422,112.16779809729393,-103.00246970289136,-135.54733072057246,-0.37732036084062043,0.7001421451568604,0.0,0.0
2026-05-15 15:23:40,31311,205,1,v15_1_14_phase_1_sac_stricter_angle_reward_y100,1200,-38.70859849366667,206,low_agl,707.0238037109375,580.6544799804688,0.40629085898399353,0.5625636577606201,98.56189727783203,99.32963562011719,30.63154411315918,65.75091166777612,-34.20558736342386,-59.6945419495908,0.41070434496456115,-0.33624401688575745,0.0,0.0
2026-05-15 15:23:42,31506,206,1,v15_1_14_phase_1_sac_stricter_angle_reward_y100,1200,-38.687620310184954,195,bad_angle,706.8905639648438,601.93701171875,0.40629085898399353,4.3728718757629395,98.56189727783203,95.23871612548828,22.386638641357422,110.26311105477666,-131.05719168096277,-117.11161196195421,-0.3463317353449037,0.4078395664691925,0.0,0.0
2026-05-15 15:23:42,31532,207,1,v15_1_14_phase_1_sac_stricter_angle_reward_y100,1200,-50.1114594663543,26,bad_angle,707.341064453125,695.362060546875,0.40629085898399353,1.7437745332717896,98.56189727783203,97.7227783203125,22.208703994750977,117.56907071180498,-118.2628540069382,166.9304926736503,-0.462817579072295,0.8024357557296753,0.0,0.0
2026-05-15 15:23:43,31560,208,1,v15_1_14_phase_1_sac_stricter_angle_reward_y100,1200,-49.73622886524691,28,bad_angle,707.2675170898438,694.6028442382812,0.40629085898399353,2.741398572921753,98.56189727783203,96.7212905883789,20.587526321411133,115.29994526574335,-117.07643648772864,158.8372376015621,-0.4273569997232733,0.8131621479988098,0.0,0.0
2026-05-15 15:23:45,31764,209,1,v15_1_14_phase_1_sac_stricter_angle_reward_y100,1200,-44.87176605828543,204,low_agl,707.366943359375,592.4306640625,0.40629085898399353,0.5439298748970032,98.56189727783203,99.2671127319336,29.81806755065918,46.61621184006628,-20.315658318225275,43.686750535236975,0.6868818990091354,-0.12299396097660065,0.0,0.0
2026-05-15 15:23:47,31973,210,1,v15_1_14_phase_1_sac_stricter_angle_reward_y100,1200,-45.509901276935096,209,low_agl,707.0786743164062,588.453369140625,0.40629085898399353,0.49388185143470764,98.56189727783203,99.6438217163086,29.588773727416992,84.64595381788857,-85.48694818020307,-8.670712561693271,0.09330979721524667,-0.964054524898529,0.0,0.0
2026-05-15 15:23:50,32266,211,1,v15_1_14_phase_1_sac_stricter_angle_reward_y100,1200,-32.15454710285256,293,low_agl,706.5509643554688,532.6544799804688,0.40629085898399353,0.4837122857570648,98.56189727783203,99.45793151855469,25.025156021118164,92.7508611927008,-67.85872853620957,-87.43663933916154,-0.04799314185454933,-0.46531549096107483,0.0,0.0
2026-05-15 15:23:52,32420,212,1,v15_1_14_phase_1_sac_stricter_angle_reward_y100,1200,-39.26018624212736,154,bad_angle,707.3405151367188,620.0421752929688,0.40629085898399353,0.9959117770195007,98.56189727783203,99.05793762207031,20.968332290649414,110.5381354518964,177.10490638584136,-110.83068611442637,-0.3508307425315327,-0.7548926472663879,0.0,0.0
2026-05-15 15:23:56,32776,213,1,v15_1_14_phase_1_sac_stricter_angle_reward_y100,1200,-35.821358894482714,356,low_agl,706.4225463867188,507.7672424316406,0.40629085898399353,0.5600576400756836,98.56189727783203,99.16654968261719,35.088623046875,22.36125728596178,-5.77302230867511,-21.92970373608557,0.9248034974131321,0.10052189230918884,0.0,0.0
2026-05-15 15:23:59,33029,214,1,v15_1_14_phase_1_sac_stricter_angle_reward_y100,1200,-34.149292282105506,253,low_agl,707.3654174804688,551.907470703125,0.40629085898399353,0.5985977053642273,98.56189727783203,99.1091537475586,30.867633819580078,35.254697589748645,-3.0047865519869035,-35.723538849851245,0.8165942332016306,0.1508132815361023,0.0,0.0
2026-05-15 15:24:01,33236,215,1,v15_1_14_phase_1_sac_stricter_angle_reward_y100,1200,-40.70396991508312,207,low_agl,706.798583984375,582.695556640625,0.40629085898399353,0.43057775497436523,98.56189727783203,99.58689880371094,31.819488525390625,52.005268661246774,-51.58657806512499,9.475834770486864,0.6155890108110371,-0.6616796255111694,0.0,0.0
2026-05-15 15:24:02,33318,216,1,v15_1_14_phase_1_sac_stricter_angle_reward_y100,1200,-47.255220044731665,82,bad_angle,706.515869140625,665.1571044921875,0.40629085898399353,9.86904239654541,98.56189727783203,89.59999084472656,21.757366180419922,110.16117048141422,-116.3596764362275,-138.822584012512,-0.34466210026612965,0.7955978512763977,0.0,0.0
2026-05-15 15:24:07,33708,217,1,v15_1_14_phase_1_sac_stricter_angle_reward_y100,1200,-21.297365861214082,390,low_agl,706.7327880859375,469.14837646484375,0.40629085898399353,0.5214824080467224,98.56189727783203,99.4383773803711,28.634929656982422,69.33900811426976,-51.55826010082612,-56.6313352955289,0.3528378928756541,-0.5126932263374329,0.0,0.0
2026-05-15 15:24:08,33834,218,1,v15_1_14_phase_1_sac_stricter_angle_reward_y100,1200,-47.45057741633564,126,low_agl,707.2213745117188,631.18798828125,0.40629085898399353,0.5771711468696594,98.56189727783203,99.4133071899414,31.930280685424805,45.69920771757329,-45.43175117005393,5.882999026482893,0.6984251819182314,-0.5920236706733704,0.0,0.0
2026-05-15 15:24:13,34229,219,1,v15_1_14_phase_1_sac_stricter_angle_reward_y100,1200,-17.17082274911749,395,low_agl,707.3510131835938,463.8492431640625,0.40629085898399353,0.493557870388031,98.56189727783203,99.49069213867188,27.047332763671875,75.98916715813931,-57.58012711841912,62.74851760298943,0.24210534388226643,-0.5758962035179138,0.0,0.0
2026-05-15 15:24:14,34352,220,1,v15_1_14_phase_1_sac_stricter_angle_reward_y100,1200,-46.84011074334006,123,low_agl,707.3737182617188,632.8994750976562,0.40629085898399353,0.5404620170593262,98.56189727783203,99.26353454589844,29.81304931640625,55.56693227565245,-18.76382055577816,-53.676605705865136,0.5654431158596208,-0.10438866913318634,0.0,0.0
2026-05-15 15:24:17,34601,221,1,v15_1_14_phase_1_sac_stricter_angle_reward_y100,1200,-37.579506224388055,249,bad_angle,706.7086791992188,574.7763061523438,0.40629085898399353,16.188993453979492,98.56189727783203,83.40544891357422,23.308330535888672,110.39011842239304,-122.64966594478395,-118.02976697132235,-0.3484103928024732,0.4539651870727539,0.0,0.0
2026-05-15 15:24:17,34627,222,1,v15_1_14_phase_1_sac_stricter_angle_reward_y100,1200,-50.390436201012115,26,bad_angle,707.0279541015625,695.4644775390625,0.40629085898399353,1.8426588773727417,98.56189727783203,97.749267578125,20.68836212158203,116.06140207517305,-139.77228083546726,125.0066822650853,-0.43933410403493917,0.4607574939727783,0.0,0.0
2026-05-15 15:24:17,34655,223,1,v15_1_14_phase_1_sac_stricter_angle_reward_y100,1200,-49.362272798403666,28,bad_angle,707.16943359375,693.8135375976562,0.40629085898399353,2.0306787490844727,98.56189727783203,97.46308135986328,21.773090362548828,110.29807479313796,-120.4167131805667,131.4032090643156,-0.3469041371851235,0.7276932597160339,0.0,0.0
2026-05-15 15:24:18,34687,224,1,v15_1_14_phase_1_sac_stricter_angle_reward_y100,1200,-50.03466739202635,32,bad_angle,707.1526489257812,692.4834594726562,0.40629085898399353,2.67295503616333,98.56189727783203,96.80360412597656,21.327409744262695,119.32388291336466,-120.2060018446718,162.7907969799756,-0.48974591863059785,0.7747358083724976,0.0,0.0
2026-05-15 15:24:20,34882,225,1,v15_1_14_phase_1_sac_stricter_angle_reward_y100,1200,-40.09668556313888,195,low_agl,706.4734497070312,588.6016845703125,0.40629085898399353,0.5422133803367615,98.56189727783203,99.31044006347656,31.094778060913086,25.447230668074628,-23.444335750576336,10.626509055996095,0.9029814016015797,-0.2325066775083542,0.0,0.0
2026-05-15 15:24:21,34950,226,1,v15_1_14_phase_1_sac_stricter_angle_reward_y100,1200,-49.78352781205091,68,bad_angle,706.68310546875,676.060302734375,0.40629085898399353,6.326607704162598,98.56189727783203,93.21656036376953,20.591402053833008,115.06323822986738,-132.29461705289398,129.3047017437209,-0.4236183099165886,0.5926612615585327,0.0,0.0
2026-05-15 15:24:23,35098,227,1,v15_1_14_phase_1_sac_stricter_angle_reward_y100,1200,-40.06284698390828,148,bad_angle,706.79443359375,624.2114868164062,0.40629085898399353,9.180880546569824,98.56189727783203,90.58511352539062,22.78618812561035,113.56996763200584,-138.86508144952782,-113.80162715808517,-0.3998686534991939,-0.003946642857044935,0.0,0.0
2026-05-15 15:24:23,35130,228,1,v15_1_14_phase_1_sac_stricter_angle_reward_y100,1200,-49.51352216372887,32,bad_angle,707.3925170898438,692.4067993164062,0.40629085898399353,3.987823247909546,98.56189727783203,95.4627914428711,20.82372283935547,110.61519364611247,-112.99710600593853,144.03434619831188,-0.35208985950312277,0.8473263382911682,0.0,0.0
2026-05-15 15:24:27,35460,229,1,v15_1_14_phase_1_sac_stricter_angle_reward_y100,1200,-30.66936608353226,330,low_agl,707.3934326171875,515.0555419921875,0.40629085898399353,0.5196641683578491,98.56189727783203,99.47706604003906,26.509395599365234,73.08130974165476,-59.317249130028465,58.37514747743027,0.2910142969803903,-0.608040988445282,0.0,0.0
2026-05-15 15:24:28,35601,230,1,v15_1_14_phase_1_sac_stricter_angle_reward_y100,1200,-51.19806231294687,141,low_agl,706.7719116210938,630.0210571289062,0.40629085898399353,0.5315187573432922,98.56189727783203,99.30020141601562,25.73078155517578,92.01464876244347,-47.199906146157225,-90.42331030847888,-0.03515500894833597,-0.17749129235744476,0.0,0.0
2026-05-15 15:24:31,35817,231,1,v15_1_14_phase_1_sac_stricter_angle_reward_y100,1200,-37.96995268938613,216,low_agl,707.391357421875,575.7505493164062,0.40629085898399353,0.5671653747558594,98.56189727783203,99.37460327148438,34.88460159301758,42.30859936074141,-38.40797394839551,19.848586077117705,0.7395300761126761,-0.46565279364585876,0.0,0.0
2026-05-15 15:24:33,35970,232,1,v15_1_14_phase_1_sac_stricter_angle_reward_y100,1200,-42.48168850803401,153,bad_angle,706.6131591796875,625.2639770507812,0.40629085898399353,8.822436332702637,98.56189727783203,90.81546783447266,22.94966697692871,111.06864990510962,-129.0151153832907,-116.00987512807447,-0.3594862771829831,0.33720916509628296,0.0,0.0
2026-05-15 15:24:34,36098,233,1,v15_1_14_phase_1_sac_stricter_angle_reward_y100,1200,-50.64591733845251,128,low_agl,707.3515625,636.7354125976562,0.40629085898399353,0.5042274594306946,98.56189727783203,99.3602066040039,32.8540153503418,32.10470655209256,-24.651752686389095,-21.229037317816278,0.8470782668778868,-0.2634660303592682,0.0,0.0
2026-05-15 15:24:34,36132,234,1,v15_1_14_phase_1_sac_stricter_angle_reward_y100,1200,-49.89837573408958,34,bad_angle,706.8763427734375,690.95703125,0.40629085898399353,2.5342371463775635,98.56189727783203,96.9398193359375,22.373655319213867,111.22624285982933,-117.9404690781136,-139.80723774363938,-0.3620515591001939,0.7816645503044128,0.0,0.0
2026-05-15 15:24:35,36188,235,1,v15_1_14_phase_1_sac_stricter_angle_reward_y100,1200,-48.135224339322455,56,bad_angle,706.96435546875,679.0692749023438,0.40629085898399353,4.966968536376953,98.56189727783203,94.51618957519531,21.49281883239746,114.12438774731412,-119.21178584870641,-142.56086948866505,-0.40871896804149205,0.756694495677948,0.0,0.0
2026-05-15 15:24:37,36356,236,1,v15_1_14_phase_1_sac_stricter_angle_reward_y100,1200,-44.5904326417199,168,low_agl,706.530517578125,607.837646484375,0.40629085898399353,0.45992588996887207,98.56189727783203,99.59025573730469,31.176069259643555,59.5241014090423,-58.02902764123987,16.845901729291285,0.5071758746731984,-0.7454693913459778,0.0,0.0
2026-05-15 15:24:43,36913,237,1,v15_1_14_phase_1_sac_stricter_angle_reward_y100,1200,-3.277456014263606,557,bad_angle,706.76708984375,378.3078308105469,0.40629085898399353,2.8797457218170166,98.56189727783203,96.87860107421875,21.930347442626953,115.13182698951266,-122.62155288616017,-116.34246435951907,-0.42470238784383024,0.016319740563631058,0.0,0.0
2026-05-15 15:24:44,36957,238,1,v15_1_14_phase_1_sac_stricter_angle_reward_y100,1200,-48.85339728038753,44,bad_angle,706.5090942382812,684.9080810546875,0.40629085898399353,2.337599277496338,98.56189727783203,97.14659881591797,22.770122528076172,112.7931907082678,-112.893956489093,-139.44328428352608,-0.3874060252946691,0.7536719441413879,0.0,0.0
2026-05-15 15:24:46,37156,239,1,v15_1_14_phase_1_sac_stricter_angle_reward_y100,1200,-43.65761586184866,199,low_agl,707.3168334960938,592.7489013671875,0.40629085898399353,0.5385667681694031,98.56189727783203,99.38138580322266,32.609642028808594,38.469059745237516,-34.16739294558514,18.846964448544725,0.782944206431632,-0.4087713658809662,0.0,0.0
2026-05-15 15:24:48,37275,240,1,v15_1_14_phase_1_sac_stricter_angle_reward_y100,1200,-49.158692930391126,119,low_agl,706.6782836914062,636.8750610351562,0.40629085898399353,0.5325047969818115,98.56189727783203,99.43480682373047,31.354257583618164,50.21321143814301,-42.17080370933099,30.181820470531797,0.6399325292773305,-0.5319788455963135,0.0,0.0
2026-05-15 15:24:54,37844,241,1,v15_1_14_phase_1_sac_stricter_angle_reward_y100,1200,-6.362142875425256,569,low_agl,706.4548950195312,366.66278076171875,0.40629085898399353,0.5011205077171326,98.56189727783203,99.469970703125,29.143028259277344,55.74164509952679,-50.66548265931917,-28.67190811675751,0.562925455459648,-0.5416570901870728,0.0,0.0
2026-05-15 15:24:57,38077,242,1,v15_1_14_phase_1_sac_stricter_angle_reward_y100,1200,-27.7375501639161,233,bad_angle,707.1533813476562,571.0640869140625,0.40629085898399353,3.49065899848938,98.56189727783203,96.27621459960938,22.357444763183594,110.9749943512104,-139.97194092528505,111.22869489774136,-0.35796047208018045,-0.0062815360724925995,0.0,0.0
2026-05-15 15:25:03,38609,243,1,v15_1_14_phase_1_sac_stricter_angle_reward_y100,1200,-13.237146138097522,532,low_agl,707.3604736328125,392.35540771484375,0.40629085898399353,0.4504759907722473,98.56189727783203,99.6421890258789,29.88943862915039,74.3661980981284,-73.86284047705513,-14.356914201394233,0.26948799585633876,-0.8532199859619141,0.0,0.0
2026-05-15 15:25:03,38635,244,1,v15_1_14_phase_1_sac_stricter_angle_reward_y100,1200,-50.53450100618301,26,bad_angle,707.1675415039062,695.78662109375,0.40629085898399353,1.9406019449234009,98.56189727783203,97.56866455078125,21.236526489257812,118.90252854346657,-126.56940222642754,143.43525664583174,-0.4833210182672799,0.6849948167800903,0.0,0.0
2026-05-15 15:25:05,38806,245,1,v15_1_14_phase_1_sac_stricter_angle_reward_y100,1200,-46.73493313981491,171,low_agl,706.4866333007812,608.9080810546875,0.40629085898399353,0.5018581748008728,98.56189727783203,99.38825988769531,25.35602569580078,88.90140755761664,-60.057095220924246,85.49261723721418,0.019172880406388305,-0.33080747723579407,0.0,0.0
2026-05-15 15:25:07,38947,246,1,v15_1_14_phase_1_sac_stricter_angle_reward_y100,1200,-44.52876564087969,141,low_agl,706.4380493164062,620.5558471679688,0.40629085898399353,0.5434083342552185,98.56189727783203,99.30596160888672,30.843236923217773,23.97763521342364,-22.226330314002762,-9.258563037894174,0.9137041532830679,-0.22385919094085693,0.0,0.0
2026-05-15 15:25:09,39102,247,1,v15_1_14_phase_1_sac_stricter_angle_reward_y100,1200,-51.90288141747205,155,low_agl,706.972412109375,624.0949096679688,0.40629085898399353,0.5649814605712891,98.56189727783203,99.33859252929688,30.753568649291992,46.474898641233295,-32.72095695486237,35.61536914396575,0.6886722971211001,-0.36592355370521545,0.0,0.0
2026-05-15 15:25:09,39129,248,1,v15_1_14_phase_1_sac_stricter_angle_reward_y100,1200,-49.84497411060117,27,bad_angle,706.4352416992188,693.9039306640625,0.40629085898399353,2.6219000816345215,98.56189727783203,96.8786392211914,21.925363540649414,114.94212531550473,-123.69333251034024,-138.1929361936852,-0.42170258135780303,0.7087968587875366,0.0,0.0
2026-05-15 15:25:11,39264,249,1,v15_1_14_phase_1_sac_stricter_angle_reward_y100,1200,-39.31654590610888,135,bad_angle,707.3447875976562,628.4943237304688,0.40629085898399353,11.851958274841309,98.56189727783203,87.69429779052734,22.895158767700195,115.72938657961873,-120.28598335985265,-129.9139819384427,-0.4341211832378222,0.5842493772506714,0.0,0.0
2026-05-15 15:25:12,39331,250,1,v15_1_14_phase_1_sac_stricter_angle_reward_y100,1200,-48.408989304116965,67,bad_angle,707.0037841796875,675.537109375,0.40629085898399353,7.267470359802246,98.56189727783203,92.21649169921875,21.247386932373047,113.2394616082581,-121.24599376845462,-139.9097315623246,-0.3945748567773202,0.7543205618858337,0.0,0.0
2026-05-15 15:25:12,39374,251,1,v15_1_14_phase_1_sac_stricter_angle_reward_y100,1200,-50.25192271089851,43,bad_angle,706.6755981445312,687.2793579101562,0.40629085898399353,5.544808387756348,98.56189727783203,93.91972351074219,20.9465389251709,118.2111494749212,-118.02610598992722,177.55011177632113,-0.4727222532077673,0.8080891370773315,0.0,0.0
2026-05-15 15:25:15,39590,252,1,v15_1_14_phase_1_sac_stricter_angle_reward_y100,1200,-37.77767035156178,216,low_agl,706.4788208007812,574.57958984375,0.40629085898399353,0.5578221082687378,98.56189727783203,99.3297348022461,31.88335418701172,52.14128846347299,-31.233300772498577,-44.047579183805,0.6137164111694696,-0.3240601122379303,0.0,0.0
2026-05-15 15:25:15,39622,253,1,v15_1_14_phase_1_sac_stricter_angle_reward_y100,1200,-50.7257555857672,32,bad_angle,707.2261962890625,693.4551391601562,0.40629085898399353,2.1502556800842285,98.56189727783203,97.3165512084961,21.4661922454834,114.71821805413336,-116.96592402695784,153.84555777119837,-0.4181559265007065,0.8021979331970215,0.0,0.0
2026-05-15 15:25:19,39952,254,1,v15_1_14_phase_1_sac_stricter_angle_reward_y100,1200,-26.98737848531764,330,low_agl,706.6080322265625,507.1727294921875,0.40629085898399353,0.49961355328559875,98.56189727783203,99.45086669921875,24.438772201538086,95.27297684561971,-86.88509473349386,89.74264780674126,-0.09190095058822777,-0.48827266693115234,0.0,0.0
2026-05-15 15:25:20,40037,255,1,v15_1_14_phase_1_sac_stricter_angle_reward_y100,1200,-54.71473058025931,85,low_agl,707.3631591796875,661.1197509765625,0.40629085898399353,0.598071277141571,98.56189727783203,99.1747055053711,29.150440216064453,52.79357835939838,-17.743525190014363,52.0422063242782,0.6046883851597827,-0.02190832421183586,0.0,0.0
2026-05-15 15:25:20,40064,256,1,v15_1_14_phase_1_sac_stricter_angle_reward_y100,1200,-49.75463429579235,27,bad_angle,706.4339599609375,693.5850219726562,0.40629085898399353,2.420041561126709,98.56189727783203,97.06106567382812,21.94701385498047,118.48155666416201,-120.14619670829917,-155.56463442302055,-0.47687584700809826,0.7622165679931641,0.0,0.0
2026-05-15 15:25:24,40375,257,1,v15_1_14_phase_1_sac_stricter_angle_reward_y100,1200,-24.74369804806485,311,bad_angle,707.1476440429688,529.0568237304688,0.40629085898399353,8.426047325134277,98.56189727783203,91.24668884277344,23.17432975769043,113.34013176643491,-116.0059955806259,117.31054805172,-0.3961887142210527,0.2440226972103119,0.0,0.0
2026-05-15 15:25:31,40996,258,1,v15_1_14_phase_1_sac_stricter_angle_reward_y100,1200,-5.007175328074979,621,low_agl,706.42919921875,339.90802001953125,0.40629085898399353,0.5938699841499329,98.56189727783203,99.36375427246094,27.761112213134766,64.70575612098078,-54.60606467830964,-45.731026153821794,0.4272670341475189,-0.5068609714508057,0.0,0.0
2026-05-15 15:25:33,41098,259,1,v15_1_14_phase_1_sac_stricter_angle_reward_y100,1200,-44.446803401653064,102,bad_angle,706.4568481445312,651.17236328125,0.40629085898399353,1.6946192979812622,98.56189727783203,98.3819808959961,22.12582015991211,110.80763422597758,169.97416157159137,-113.22670281488851,-0.3552315176527807,-0.8126236200332642,0.0,0.0
2026-05-15 15:25:37,41478,260,1,v15_1_14_phase_1_sac_stricter_angle_reward_y100,1200,-19.239076157311928,380,low_agl,707.3001708984375,473.5699768066406,0.40629085898399353,0.5288797616958618,98.56189727783203,99.32856750488281,31.180809020996094,41.21566664070182,-27.91584032658295,-32.02649747100133,0.7522347723714958,-0.2451401650905609,0.0,0.0
2026-05-15 15:25:40,41682,261,1,v15_1_14_phase_1_sac_stricter_angle_reward_y100,1200,-38.88168091102075,204,low_agl,707.3751220703125,582.0578002929688,0.40629085898399353,0.5164281725883484,98.56189727783203,99.4669189453125,32.36007308959961,47.37473849834204,-45.125939695250366,16.16786885038412,0.6772004464228327,-0.5735329389572144,0.0,0.0
2026-05-15 15:25:42,41924,262,1,v15_1_14_phase_1_sac_stricter_angle_reward_y100,1200,-45.45116468230199,242,low_agl,707.3760986328125,573.9973754882812,0.40629085898399353,0.5101684927940369,98.56189727783203,99.3766860961914,22.774932861328125,94.9041534606282,-133.35899275201373,-91.82519980543482,-0.08548914954099138,-0.3222612738609314,0.0,0.0
2026-05-15 15:25:48,42424,263,1,v15_1_14_phase_1_sac_stricter_angle_reward_y100,1200,-8.437541619713222,500,low_agl,707.3928833007812,402.61737060546875,0.40629085898399353,0.5580536127090454,98.56189727783203,99.47990417480469,25.689231872558594,79.22907422112402,-72.75277764257714,-57.60666923353379,0.18688283776924136,-0.7142035365104675,0.0,0.0
2026-05-15 15:25:49,42505,264,1,v15_1_14_phase_1_sac_stricter_angle_reward_y100,1200,-53.50766019155867,81,low_agl,707.2789916992188,660.815185546875,0.40629085898399353,0.575344443321228,98.56189727783203,99.10266876220703,33.12126541137695,9.50445923952474,4.416589855079713,8.43568404480584,0.9862727531571069,0.22993826866149902,0.0,0.0
2026-05-15 15:25:50,42538,265,1,v15_1_14_phase_1_sac_stricter_angle_reward_y100,1200,-49.360107306821135,33,bad_angle,706.44775390625,690.1688842773438,0.40629085898399353,2.6474173069000244,98.56189727783203,96.83805084228516,23.972171783447266,112.56414031445142,-104.9836958452478,-138.33519537371822,-0.38371743823857357,0.7502924799919128,0.0,0.0
2026-05-15 15:25:52,42747,266,1,v15_1_14_phase_1_sac_stricter_angle_reward_y100,1200,-41.60385999388451,209,low_agl,707.392333984375,585.48876953125,0.40629085898399353,0.5740178823471069,98.56189727783203,99.31317901611328,26.524303436279297,80.49348567046596,-47.28178303883276,-76.35764220348315,0.16515974201349845,-0.32314130663871765,0.0,0.0
2026-05-15 15:25:55,42972,267,1,v15_1_14_phase_1_sac_stricter_angle_reward_y100,1200,-36.14244077664175,225,low_agl,707.25830078125,572.4755249023438,0.40629085898399353,0.4875994622707367,98.56189727783203,99.4222183227539,31.620830535888672,41.88803387769246,-33.53329525851409,-26.99458270378434,0.7444510056467296,-0.38231194019317627,0.0,0.0
2026-05-15 15:26:07,43981,268,1,v15_1_14_phase_1_sac_stricter_angle_reward_y100,1200,34.56901536865201,1009,bad_angle,706.4456176757812,143.57302856445312,0.40629085898399353,5.603581428527832,98.56189727783203,94.44607543945312,11.785017013549805,113.62673333419781,-108.76227260731473,-79.83888717060111,-0.4007765497940354,-0.7441689968109131,0.0,0.0
2026-05-15 15:26:07,44012,269,1,v15_1_14_phase_1_sac_stricter_angle_reward_y100,1200,-49.691925350730905,31,bad_angle,707.376220703125,692.6135864257812,0.40629085898399353,3.033949613571167,98.56189727783203,96.43444061279297,22.083375930786133,116.06197581106333,-116.36452587053822,157.0473318880469,-0.4393430994498563,0.797321617603302,0.0,0.0
2026-05-15 15:26:08,44056,270,1,v15_1_14_phase_1_sac_stricter_angle_reward_y100,1200,-50.050550073192355,44,bad_angle,707.3466186523438,686.8982543945312,0.40629085898399353,5.047044277191162,98.56189727783203,94.40357971191406,21.681962966918945,113.34605354044531,-112.26625527417966,-157.0009549035825,-0.3962836089712263,0.846724271774292,0.0,0.0
2026-05-15 15:26:09,44188,271,1,v15_1_14_phase_1_sac_stricter_angle_reward_y100,1200,-41.51429759543268,132,bad_angle,707.387451171875,632.8766479492188,0.40629085898399353,14.705727577209473,98.56189727783203,84.86580657958984,21.705413818359375,115.50595743148928,-135.26132337926737,126.06689154881137,-0.4306049424055451,0.5158889293670654,0.0,0.0
2026-05-15 15:26:12,44391,272,1,v15_1_14_phase_1_sac_stricter_angle_reward_y100,1200,-35.335130324817634,203,bad_angle,707.322998046875,593.8684692382812,0.40629085898399353,7.225968360900879,98.56189727783203,92.4233169555664,23.36210823059082,112.1229100940686,-114.96231535469128,-116.8294295265843,-0.37659471161666613,0.306780070066452,0.0,0.0
2026-05-15 15:26:15,44635,273,1,v15_1_14_phase_1_sac_stricter_angle_reward_y100,1200,-45.09260045011857,244,low_agl,706.798095703125,573.5596923828125,0.40629085898399353,0.4856744110584259,98.56189727783203,99.45109558105469,28.634628295898438,71.40433437587654,-45.000199327725014,63.099152194221205,0.3188876105297495,-0.452543705701828,0.0,0.0
2026-05-15 15:26:25,45508,274,1,v15_1_14_phase_1_sac_stricter_angle_reward_y100,1200,30.06820351518909,873,bad_angle,706.41845703125,190.4783477783203,0.40629085898399353,21.0294246673584,98.56189727783203,78.9912338256836,19.24196434020996,111.58163126272342,-128.63528856354628,-97.65849554532754,-0.3678264521303856,-0.6698455810546875,0.0,0.0
2026-05-15 15:26:26,45534,275,1,v15_1_14_phase_1_sac_stricter_angle_reward_y100,1200,-50.84117664289707,26,bad_angle,707.3468017578125,696.2911376953125,0.40629085898399353,1.4194025993347168,98.56189727783203,98.1210708618164,19.595624923706055,124.29232644017202,-133.75264387463827,144.89284633546913,-0.5634154054609911,0.599952220916748,0.0,0.0
2026-05-15 15:26:26,45560,276,1,v15_1_14_phase_1_sac_stricter_angle_reward_y100,1200,-49.78781476806227,26,bad_angle,707.20166015625,694.3299560546875,0.40629085898399353,1.8910443782806396,98.56189727783203,97.60762023925781,23.082372665405273,119.63997040777451,-118.60413123900706,-149.1189849032795,-0.4945483192381265,0.7140013575553894,0.0,0.0
2026-05-15 15:26:28,45717,277,1,v15_1_14_phase_1_sac_stricter_angle_reward_y100,1200,-47.35852987906594,157,low_agl,706.6878662109375,614.3746337890625,0.40629085898399353,0.4603079557418823,98.56189727783203,99.63722229003906,29.663846969604492,69.26491422215345,-69.3030335079113,0.35827122297152486,0.354047608168552,-0.8654218912124634,0.0,0.0
2026-05-15 15:26:28,45752,278,1,v15_1_14_phase_1_sac_stricter_angle_reward_y100,1200,-49.55330766680409,35,bad_angle,707.0595092773438,690.1695556640625,0.40629085898399353,3.593472480773926,98.56189727783203,95.9844741821289,21.934995651245117,115.92874614111307,-135.88687308459214,126.16301963119012,-0.43725305483323923,0.49847036600112915,0.0,0.0
2026-05-15 15:26:29,45778,279,1,v15_1_14_phase_1_sac_stricter_angle_reward_y100,1200,-50.19052294564208,26,bad_angle,707.3530883789062,695.2830200195312,0.40629085898399353,1.5087165832519531,98.56189727783203,98.0689697265625,22.448083877563477,119.71388671497239,-134.0251137810084,131.29551064148285,-0.49566918314146446,0.49926596879959106,0.0,0.0
2026-05-15 15:26:31,45959,280,1,v15_1_14_phase_1_sac_stricter_angle_reward_y100,1200,-41.719023283685544,181,low_agl,706.7268676757812,598.8699951171875,0.40629085898399353,0.5246875286102295,98.56189727783203,99.38785552978516,33.32037353515625,32.747464919031195,-32.7245496343658,4.324135133813951,0.8410629478323742,-0.3894396722316742,0.0,0.0
2026-05-15 15:26:38,46544,281,1,v15_1_14_phase_1_sac_stricter_angle_reward_y100,1200,11.989215905575364,585,bad_angle,706.6556396484375,346.8690185546875,0.40629085898399353,20.220354080200195,98.56189727783203,79.34382629394531,23.098499298095703,112.74019527049767,-101.29973086356387,-128.26410876329112,-0.3865531445074467,0.5356608629226685,0.0,0.0
2026-05-15 15:26:38,46580,282,1,v15_1_14_phase_1_sac_stricter_angle_reward_y100,1200,-49.88198148674711,36,bad_angle,707.1788940429688,690.2920532226562,0.40629085898399353,3.993748426437378,98.56189727783203,95.52290344238281,21.70236587524414,114.36043225484059,-126.83642164184002,-132.98654253657295,-0.4124754246780857,0.664756715297699,0.0,0.0
2026-05-15 15:26:44,47112,283,1,v15_1_14_phase_1_sac_stricter_angle_reward_y100,1200,-9.167215386327122,532,low_agl,706.8004150390625,393.2916259765625,0.40629085898399353,0.5600863695144653,98.56189727783203,99.51952362060547,29.59769630432129,71.2974555757442,-70.46810668596456,-17.122456088785103,0.3206550545337022,-0.8202692866325378,0.0,0.0
2026-05-15 15:26:47,47342,284,1,v15_1_14_phase_1_sac_stricter_angle_reward_y100,1200,-37.67865042300126,230,low_agl,707.3770141601562,571.7362670898438,0.40629085898399353,0.5827229022979736,98.56189727783203,99.11560821533203,27.500751495361328,71.98075453050144,-14.926941298955986,73.28402975622075,0.3093364337851138,0.17579348385334015,0.0,0.0
2026-05-15 15:26:51,47663,285,1,v15_1_14_phase_1_sac_stricter_angle_reward_y100,1200,-32.550418342684736,321,low_agl,706.814697265625,518.9271850585938,0.40629085898399353,0.5906638503074646,98.56189727783203,99.26998138427734,32.31193542480469,32.901294439518225,-26.601737543481885,20.715255120522286,0.8396075927971883,-0.2534659504890442,0.0,0.0
2026-05-15 15:26:51,47692,286,1,v15_1_14_phase_1_sac_stricter_angle_reward_y100,1200,-50.2617945400972,29,bad_angle,706.417236328125,693.3410034179688,0.40629085898399353,2.0258357524871826,98.56189727783203,97.54772186279297,22.074050903320312,115.86948741987403,-137.45445614062342,-126.6430726468153,-0.43632267146571585,0.5103957056999207,0.0,0.0
2026-05-15 15:26:54,47920,287,1,v15_1_14_phase_1_sac_stricter_angle_reward_y100,1200,-34.273824675114945,228,low_agl,706.5126953125,564.2604370117188,0.40629085898399353,0.5687611699104309,98.56189727783203,99.3446044921875,30.507810592651367,58.86037094625714,-36.99182643154716,49.681498286730445,0.5171254487902582,-0.3915768563747406,0.0,0.0
2026-05-15 15:26:56,48040,288,1,v15_1_14_phase_1_sac_stricter_angle_reward_y100,1200,-48.78244404285508,120,low_agl,706.5466918945312,634.841796875,0.40629085898399353,0.48690831661224365,98.56189727783203,99.62899780273438,27.506690979003906,75.62012520709435,-77.29258581783118,-12.603421080118014,0.24834965590410138,-0.9111571311950684,0.0,0.0
2026-05-15 15:26:59,48355,289,1,v15_1_14_phase_1_sac_stricter_angle_reward_y100,1200,-28.625646614888133,315,low_agl,707.39306640625,515.3130493164062,0.40629085898399353,0.5237522721290588,98.56189727783203,99.43286895751953,28.497758865356445,56.76032341800459,-45.428937132115884,-40.38694612832583,0.5481425405597309,-0.5041833519935608,0.0,0.0
2026-05-15 15:27:00,48381,290,1,v15_1_14_phase_1_sac_stricter_angle_reward_y100,1200,-50.571228339351386,26,bad_angle,707.2537231445312,695.5697631835938,0.40629085898399353,1.0392413139343262,98.56189727783203,98.4907455444336,20.719221115112305,132.86962335836066,-131.58252885078514,-177.92142818035973,-0.6803323992718879,0.6286483407020569,0.0,0.0
2026-05-15 15:27:00,48426,291,1,v15_1_14_phase_1_sac_stricter_angle_reward_y100,1200,-49.08248595120185,45,bad_angle,707.2277221679688,685.1311645507812,0.40629085898399353,4.738849639892578,98.56189727783203,94.75617218017578,23.3157901763916,110.55060737732083,-115.56450581305462,131.3256317757226,-0.3510345746418928,0.7239478230476379,0.0,0.0
2026-05-15 15:27:02,48570,292,1,v15_1_14_phase_1_sac_stricter_angle_reward_y100,1200,-48.09091830526297,144,low_agl,706.45263671875,623.8970336914062,0.40629085898399353,0.5948485136032104,98.56189727783203,98.95625305175781,31.362165451049805,34.47226868447242,24.644145563200993,25.11579573859976,0.8244002342649699,0.57118821144104,0.0,0.0
2026-05-15 15:27:02,48601,293,1,v15_1_14_phase_1_sac_stricter_angle_reward_y100,1200,-49.87287145747266,31,bad_angle,707.14501953125,692.8457641601562,0.40629085898399353,3.027796506881714,98.56189727783203,96.41397094726562,21.792015075683594,111.26563939096195,-111.20763059434104,155.6757479404383,-0.3626924245889835,0.8718479871749878,0.0,0.0
2026-05-15 15:27:03,48679,294,1,v15_1_14_phase_1_sac_stricter_angle_reward_y100,1200,-49.329189382532036,78,bad_angle,707.3855590820312,670.6658935546875,0.40629085898399353,6.383976936340332,98.56189727783203,93.42707061767578,21.265682220458984,115.73526054230494,-165.58127076538432,115.11316691270018,-0.4342135365479054,-0.12300869822502136,0.0,0.0
2026-05-15 15:27:07,48953,295,1,v15_1_14_phase_1_sac_stricter_angle_reward_y100,1200,-25.641350360484275,274,bad_angle,707.082275390625,542.905517578125,0.40629085898399353,6.948655128479004,98.56189727783203,92.67414093017578,21.477724075317383,118.84576967146377,-137.21494872718776,126.83375786806371,-0.48245354166478194,0.3777376413345337,0.0,0.0
2026-05-15 15:27:07,48982,296,1,v15_1_14_phase_1_sac_stricter_angle_reward_y100,1200,-49.88191669292906,29,bad_angle,706.7884521484375,693.1134643554688,0.40629085898399353,3.1527066230773926,98.56189727783203,96.30670928955078,20.93865394592285,116.30194767736256,-116.39214715554175,-168.92246270357114,-0.4431016651745304,0.8222687244415283,0.0,0.0
2026-05-15 15:27:09,49113,297,1,v15_1_14_phase_1_sac_stricter_angle_reward_y100,1200,-48.62502514345732,131,low_agl,706.4900512695312,630.8671264648438,0.40629085898399353,0.5600114464759827,98.56189727783203,99.16195678710938,31.886333465576172,5.216653455019265,-2.8217492216181976,-4.585736074780494,0.9958580134990331,0.11285487562417984,0.0,0.0
2026-05-15 15:27:09,49144,298,1,v15_1_14_phase_1_sac_stricter_angle_reward_y100,1200,-49.55112437552512,31,bad_angle,707.1781616210938,692.1888427734375,0.40629085898399353,3.601839542388916,98.56189727783203,95.89485931396484,23.25627899169922,115.5325541881173,-114.26551994613409,140.4870328113524,-0.431023856182878,0.7194124460220337,0.0,0.0
2026-05-15 15:27:13,49488,299,1,v15_1_14_phase_1_sac_stricter_angle_reward_y100,1200,-25.298310411085588,344,low_agl,707.1304931640625,499.4007568359375,0.40629085898399353,0.5848574042320251,98.56189727783203,99.10973358154297,30.76634407043457,33.67327315536433,-1.9192827298867599,34.323783787010925,0.8322128506840135,0.18571831285953522,0.0,0.0
2026-05-15 15:27:13,49514,300,1,v15_1_14_phase_1_sac_stricter_angle_reward_y100,1200,-50.47158831933841,26,bad_angle,706.5064086914062,694.9864501953125,0.40629085898399353,2.1620545387268066,98.56189727783203,97.39320373535156,20.05419921875,135.75264620702305,-137.6635282311175,-165.63207371243087,-0.7163341701306877,0.559808075428009,0.0,0.0
2026-05-15 15:27:14,49551,301,1,v15_1_14_phase_1_sac_stricter_angle_reward_y100,1200,-49.62835201937932,37,bad_angle,707.3792114257812,690.0584106445312,0.40629085898399353,4.271223068237305,98.56189727783203,95.2110824584961,21.33429527282715,111.62340469968723,-120.67470308589643,137.21347340632704,-0.36850432549288537,0.7590312957763672,0.0,0.0
2026-05-15 15:27:21,50106,302,1,v15_1_14_phase_1_sac_stricter_angle_reward_y100,1200,-1.5813392162705568,555,low_agl,706.4324951171875,366.1910095214844,0.40629085898399353,0.5580664277076721,98.56189727783203,99.10801696777344,32.52785110473633,4.88743961768512,-0.5733490774584662,5.041311399967636,0.9963639973500354,0.261831670999527,0.0,0.0
2026-05-15 15:27:24,50399,303,1,v15_1_14_phase_1_sac_stricter_angle_reward_y100,1200,-27.846938603822835,293,low_agl,707.3426513671875,524.9114379882812,0.40629085898399353,0.5774920582771301,98.56189727783203,99.13630676269531,32.904876708984375,37.75305101454508,-3.540441576324215,38.148378948610834,0.7906569719000126,0.13463172316551208,0.0,0.0
2026-05-15 15:27:39,51599,304,1,v15_1_14_phase_1_sac_stricter_angle_reward_y100,1200,56.14995036456604,1200,timeout,706.4169311523438,62.16737747192383,0.40629085898399353,56.77112579345703,98.56189727783203,42.69904327392578,-3.20469331741333,12.975170347395238,10.108380297069036,-13.983417259463133,0.9744674578954629,0.7924031615257263,0.0,0.0
2026-05-15 15:27:39,51639,305,1,v15_1_14_phase_1_sac_stricter_angle_reward_y100,1200,-50.06032203422426,40,bad_angle,706.9971313476562,688.27978515625,0.40629085898399353,3.425107002258301,98.56189727783203,96.0459976196289,22.005084991455078,118.61340663589993,-114.88253874518553,-165.92399599755723,-0.4788972840162803,0.7898120880126953,0.0,0.0
2026-05-15 15:27:43,51934,306,1,v15_1_14_phase_1_sac_stricter_angle_reward_y100,1200,-27.059727943889634,295,low_agl,706.896240234375,523.9229125976562,0.40629085898399353,0.4642406404018402,98.56189727783203,99.46057891845703,27.204727172851562,74.58842513296392,-48.270118241922766,-67.14806101344809,0.26575087817689014,-0.42148929834365845,0.0,0.0
2026-05-15 15:27:46,52250,307,1,v15_1_14_phase_1_sac_stricter_angle_reward_y100,1200,-30.91599261098943,316,low_agl,706.9342651367188,519.0730590820312,0.40629085898399353,0.5177587270736694,98.56189727783203,99.25028228759766,32.43307113647461,13.69419375283259,-11.603269649763877,-7.383842596586692,0.9715731157438793,-0.00938368123024702,0.0,0.0
2026-05-15 15:27:49,52476,308,1,v15_1_14_phase_1_sac_stricter_angle_reward_y100,1200,-43.6219315052867,226,low_agl,707.337646484375,579.5299072265625,0.40629085898399353,0.42577850818634033,98.56189727783203,99.65589141845703,31.292081832885742,65.74866453553919,-66.69264449015914,6.074814644038946,0.4107401040812792,-0.8255348205566406,0.0,0.0
2026-05-15 15:27:54,52885,309,1,v15_1_14_phase_1_sac_stricter_angle_reward_y100,1200,-20.167453376260333,409,low_agl,707.0249633789062,459.77142333984375,0.40629085898399353,0.5357151031494141,98.56189727783203,99.31847381591797,31.745006561279297,27.33049311471286,-26.222820846444378,7.983868738756788,0.8883730111181909,-0.23657597601413727,0.0,0.0
2026-05-15 15:27:58,53207,310,1,v15_1_14_phase_1_sac_stricter_angle_reward_y100,1200,-30.894818008125746,322,low_agl,707.3853759765625,514.131103515625,0.40629085898399353,0.5563709735870361,98.56189727783203,99.47335052490234,26.87152671813965,83.88320610270574,-69.40479649635532,70.11730134000354,0.10655551597095426,-0.692841649055481,0.0,0.0
2026-05-15 15:28:00,53422,311,1,v15_1_14_phase_1_sac_stricter_angle_reward_y100,1200,-41.82214866048145,215,low_agl,706.4432983398438,581.626708984375,0.40629085898399353,0.4459829330444336,98.56189727783203,99.63935089111328,27.47747039794922,82.66821790219802,-72.54021532541718,58.02588575422167,0.127614795103493,-0.8347773551940918,0.0,0.0
2026-05-15 15:28:02,53565,312,1,v15_1_14_phase_1_sac_stricter_angle_reward_y100,1200,-51.562687672142204,143,low_agl,706.900390625,629.4805297851562,0.40629085898399353,0.48264560103416443,98.56189727783203,99.53113555908203,30.704259872436523,54.53865754139078,-51.878667689886,-24.122223487963637,0.5801535387161711,-0.6520617604255676,0.0,0.0
2026-05-15 15:28:04,53761,313,1,v15_1_14_phase_1_sac_stricter_angle_reward_y100,1200,-39.596513276135695,196,low_agl,706.4218139648438,586.9352416992188,0.40629085898399353,0.5804700255393982,98.56189727783203,99.17263793945312,32.41292953491211,12.95609875168527,-8.173778733534409,-10.252692802721297,0.9745421410402069,0.03018737956881523,0.0,0.0
2026-05-15 15:28:05,53787,314,1,v15_1_14_phase_1_sac_stricter_angle_reward_y100,1200,-50.47453244840465,26,bad_angle,707.3623046875,695.4464721679688,0.40629085898399353,1.6819429397583008,98.56189727783203,97.81941986083984,21.607101440429688,113.7052258681396,-124.86218278300451,135.69804567479798,-0.40203129129201465,0.7065560817718506,0.0,0.0
2026-05-15 15:28:15,54640,315,1,v15_1_14_phase_1_sac_stricter_angle_reward_y100,1200,28.232059734301863,853,bad_angle,706.755615234375,206.4541015625,0.40629085898399353,19.086814880371094,98.56189727783203,80.43412017822266,18.781959533691406,116.10553875758967,-116.20571031195708,174.67811285297915,-0.4400259797275558,0.6530635952949524,0.0,0.0
2026-05-15 15:28:25,55423,316,1,v15_1_14_phase_1_sac_stricter_angle_reward_y100,1200,24.28241263691728,783,bad_angle,706.5057373046875,239.14405822753906,0.40629085898399353,7.965335369110107,98.56189727783203,91.664306640625,21.05670738220215,110.94789216058379,-113.52364528905481,-125.07191057165893,-0.357518753598954,0.3593655228614807,0.0,0.0
2026-05-15 15:28:28,55665,317,1,v15_1_14_phase_1_sac_stricter_angle_reward_y100,1200,-38.98202407015235,242,low_agl,706.9270629882812,561.8189086914062,0.40629085898399353,0.45195138454437256,98.56189727783203,99.50068664550781,32.31416702270508,41.34093572517444,-40.034730348301196,-11.60622370657991,0.7507923949049298,-0.49391573667526245,0.0,0.0
2026-05-15 15:28:41,56773,318,1,v15_1_14_phase_1_sac_stricter_angle_reward_y100,1200,63.9825666532945,1108,bad_angle,706.4158325195312,71.58544921875,0.40629085898399353,28.362110137939453,98.56189727783203,71.54182434082031,-2.3568003177642822,110.68997738733495,-110.65466530932598,-65.5828480330588,-0.35331120340147837,-0.36695802211761475,0.0,0.0
2026-05-15 15:28:45,57161,319,1,v15_1_14_phase_1_sac_stricter_angle_reward_y100,1200,-26.174341460933803,388,low_agl,707.3653564453125,480.2866516113281,0.40629085898399353,0.5817738771438599,98.56189727783203,99.12631225585938,32.5127067565918,10.259387241881557,-3.2611677343236756,9.875238619939822,0.984011530474965,0.1497860997915268,0.0,0.0
2026-05-15 15:28:51,57632,320,1,v15_1_14_phase_1_sac_stricter_angle_reward_y100,1200,-16.208059272601652,471,low_agl,706.4783935546875,423.918212890625,0.40629085898399353,0.5399917960166931,98.56189727783203,99.51317596435547,29.849454879760742,72.05587978118241,-64.89001413422021,40.690486565230366,0.30808929529182355,-0.7531335353851318,0.0,0.0
2026-05-15 15:28:54,57850,321,1,v15_1_14_phase_1_sac_stricter_angle_reward_y100,1200,-41.36517169438143,218,low_agl,706.416015625,580.6959838867188,0.40629085898399353,0.43665003776550293,98.56189727783203,99.51277923583984,30.699491500854492,56.98333592459468,-41.56641051496031,-43.17985829126823,0.5448829334255981,-0.4854803681373596,0.0,0.0
2026-05-15 15:29:01,58509,322,1,v15_1_14_phase_1_sac_stricter_angle_reward_y100,1200,-11.843201033343213,659,low_agl,706.9115600585938,334.85546875,0.40629085898399353,0.5419683456420898,98.56189727783203,99.38356018066406,23.367145538330078,99.38890348098275,-95.1303488353715,-92.48358906028903,-0.16313488896751105,-0.42333945631980896,0.0,0.0
2026-05-15 15:29:10,59263,323,1,v15_1_14_phase_1_sac_stricter_angle_reward_y100,1200,23.277644965505367,754,low_agl,706.4405517578125,242.29876708984375,0.40629085898399353,0.5470083951950073,98.56189727783203,99.48094940185547,27.145959854125977,68.31529253127907,-68.66225248073738,-9.480542478372294,0.36949875395746473,-0.6885645985603333,0.0,0.0
2026-05-15 15:29:12,59411,324,1,v15_1_14_phase_1_sac_stricter_angle_reward_y100,1200,-47.306070122309315,148,low_agl,707.0350341796875,619.5062866210938,0.40629085898399353,0.5384728908538818,98.56189727783203,99.36260223388672,24.369478225708008,92.10242352346731,-80.09960915159884,-88.6999306374796,-0.03668597872985507,-0.35904720425605774,0.0,0.0
2026-05-15 15:29:15,59649,325,1,v15_1_14_phase_1_sac_stricter_angle_reward_y100,1200,-35.902704629020356,238,low_agl,707.1948852539062,562.1103515625,0.40629085898399353,0.5197043418884277,98.56189727783203,99.40614318847656,28.34109115600586,64.18349253628492,-43.569151753202284,-55.059425314658405,0.43549047177987765,-0.42411088943481445,0.0,0.0
2026-05-15 15:29:24,60345,326,1,v15_1_14_phase_1_sac_stricter_angle_reward_y100,1200,15.423154419701909,696,low_agl,707.1718139648438,281.8241271972656,0.40629085898399353,0.3881157636642456,98.56189727783203,99.75497436523438,27.98522186279297,101.06294186541786,-100.17818648109109,-30.057907178609423,-0.19188723948962574,-0.9766322374343872,0.0,0.0
2026-05-15 15:29:29,60744,327,1,v15_1_14_phase_1_sac_stricter_angle_reward_y100,1200,-22.970807423783086,399,low_agl,706.90380859375,471.05682373046875,0.40629085898399353,0.35676345229148865,98.56189727783203,99.72398376464844,30.6602783203125,78.61103089369709,-73.51103109328612,-47.16673874754764,0.1974686096029361,-0.8231949806213379,0.0,0.0
2026-05-15 15:29:29,60799,328,1,v15_1_14_phase_1_sac_stricter_angle_reward_y100,1200,-48.548600798715825,55,bad_angle,707.3678588867188,680.0514526367188,0.40629085898399353,5.66832160949707,98.56189727783203,93.81089782714844,21.82819366455078,115.69951133218909,-116.6563252122595,148.16447962714855,-0.4336513994099814,0.7673960328102112,0.0,0.0
2026-05-15 15:29:30,60826,329,1,v15_1_14_phase_1_sac_stricter_angle_reward_y100,1200,-49.85564630505223,27,bad_angle,706.549560546875,693.8955688476562,0.40629085898399353,3.3567349910736084,98.56189727783203,96.08267211914062,21.62836456298828,110.59684775800181,-107.66771430225268,154.36813554459604,-0.3517901486831804,0.8782098889350891,0.0,0.0
2026-05-15 15:29:30,60852,330,1,v15_1_14_phase_1_sac_stricter_angle_reward_y100,1200,-50.25137599834585,26,bad_angle,707.2410888671875,695.3946533203125,0.40629085898399353,1.9828882217407227,98.56189727783203,97.4804916381836,20.596315383911133,116.381109569843,-117.28778986140551,-163.9758621217295,-0.4443398386743608,0.8114010691642761,0.0,0.0
2026-05-15 15:29:35,61239,331,1,v15_1_14_phase_1_sac_stricter_angle_reward_y100,1200,-19.924480060350405,387,low_agl,707.2041625976562,468.8625183105469,0.40629085898399353,0.5110732913017273,98.56189727783203,99.29273223876953,28.817901611328125,60.93449449151492,-25.218072698778823,58.50475031693126,0.48580924434735706,-0.10390970855951309,0.0,0.0
2026-05-15 15:29:37,61402,332,1,v15_1_14_phase_1_sac_stricter_angle_reward_y100,1200,-41.195018562422995,163,bad_angle,707.3688354492188,621.2688598632812,0.40629085898399353,4.327414512634277,98.56189727783203,95.20401000976562,22.44517707824707,115.66193163137568,-117.2380251031128,-133.24390406449902,-0.43306029678303404,0.6245068907737732,0.0,0.0
2026-05-15 15:29:42,61857,333,1,v15_1_14_phase_1_sac_stricter_angle_reward_y100,1200,-16.627900445925704,455,low_agl,706.5733642578125,433.4690246582031,0.40629085898399353,0.5316681861877441,98.56189727783203,99.20861053466797,30.115137100219727,45.38959865759119,-16.135114678219324,-44.94447522938147,0.7022823009749515,0.06423058360815048,0.0,0.0
2026-05-15 15:29:54,62804,334,1,v15_1_14_phase_1_sac_stricter_angle_reward_y100,1200,27.61291454195544,947,low_agl,707.221923828125,170.21949768066406,0.40629085898399353,0.5451679825782776,98.56189727783203,99.32807922363281,19.517099380493164,52.57912066474373,-52.4796150538204,-5.13945993768025,0.6076652945190313,-0.2865905165672302,0.0,0.0
2026-05-15 15:29:59,63255,335,1,v15_1_14_phase_1_sac_stricter_angle_reward_y100,1200,-14.651373084489151,451,low_agl,706.4896240234375,433.6712341308594,0.40629085898399353,0.49007049202919006,98.56189727783203,99.59473419189453,28.935775756835938,72.79014560752628,-70.76959123592893,-24.244680242045504,0.2958723455181958,-0.8334494829177856,0.0,0.0
2026-05-15 15:30:05,63665,336,1,v15_1_14_phase_1_sac_stricter_angle_reward_y100,1200,-15.755710081857387,410,low_agl,706.5005493164062,450.8030090332031,0.40629085898399353,0.5640478134155273,98.56189727783203,99.15172576904297,32.612770080566406,5.359719024261175,-5.359243899227036,-1.0127840786674873,0.9956278800643105,0.1294812709093094,0.0,0.0
2026-05-15 15:30:05,63691,337,1,v15_1_14_phase_1_sac_stricter_angle_reward_y100,1200,-50.904202853864106,26,bad_angle,707.3120727539062,696.1488037109375,0.40629085898399353,1.0156888961791992,98.56189727783203,98.4938735961914,20.033245086669922,128.489122515308,-128.54995218005615,-174.95596494841527,-0.6223660488876197,0.6841932535171509,0.0,0.0
2026-05-15 15:30:10,64064,338,1,v15_1_14_phase_1_sac_stricter_angle_reward_y100,1200,-21.944057221269944,373,low_agl,706.4204711914062,480.12188720703125,0.40629085898399353,0.47864893078804016,98.56189727783203,99.63524627685547,27.071720123291016,93.86306870657818,-86.82853393697698,58.620781570551436,-0.06737219656382568,-0.9058679938316345,0.0,0.0
2026-05-15 15:30:10,64090,339,1,v15_1_14_phase_1_sac_stricter_angle_reward_y100,1200,-50.0658528246768,26,bad_angle,706.6590576171875,694.6956787109375,0.40629085898399353,2.395872116088867,98.56189727783203,97.0793685913086,21.68661117553711,120.7970454343097,-118.42084994281893,-177.29983998475353,-0.5119985702913176,0.7785050272941589,0.0,0.0
2026-05-15 15:30:16,64500,340,1,v15_1_14_phase_1_sac_stricter_angle_reward_y100,1200,-23.957493864329862,410,low_agl,706.5145874023438,464.33270263671875,0.40629085898399353,0.5863210558891296,98.56189727783203,99.15538024902344,32.44816589355469,33.380316096578724,-9.674752931006084,32.535616356639494,0.8350369310589962,0.06059414520859718,0.0,0.0
2026-05-15 15:30:27,65445,341,1,v15_1_14_phase_1_sac_stricter_angle_reward_y100,1200,51.2917139330471,945,bad_angle,707.3906860351562,125.20787048339844,0.40629085898399353,30.7733154296875,98.56189727783203,69.33819580078125,17.294233322143555,111.6599462117468,-111.4656341600491,-56.23746219175636,-0.36909713782372744,-0.9002846479415894,0.0,0.0
2026-05-15 15:30:28,65471,342,1,v15_1_14_phase_1_sac_stricter_angle_reward_y100,1200,-49.75914026671228,26,bad_angle,707.1557006835938,694.7158203125,0.40629085898399353,3.252406120300293,98.56189727783203,96.22256469726562,21.43282127380371,118.41079590436068,-117.66793086985174,-160.0843072006014,-0.47578994759637294,0.779120683670044,0.0,0.0
2026-05-15 15:30:30,65625,343,1,v15_1_14_phase_1_sac_stricter_angle_reward_y100,1200,-44.63346848579056,154,low_agl,707.181640625,614.8222045898438,0.40629085898399353,0.5776438117027283,98.56189727783203,99.27066040039062,27.250274658203125,75.9423393811897,-33.57281473305178,-73.17394076717848,0.24289824715545183,-0.22110602259635925,0.0,0.0
2026-05-15 15:30:34,65997,344,1,v15_1_14_phase_1_sac_stricter_angle_reward_y100,1200,-24.55189141375388,372,low_agl,707.258056640625,483.8180236816406,0.40629085898399353,0.46906521916389465,98.56189727783203,99.47122955322266,28.945470809936523,69.925004194111,-44.616960828490186,59.68077911841323,0.34324983596384795,-0.4618105888366699,0.0,0.0
2026-05-15 15:30:34,66026,345,1,v15_1_14_phase_1_sac_stricter_angle_reward_y100,1200,-49.75592524158414,29,bad_angle,706.8164672851562,693.0820922851562,0.40629085898399353,2.7794415950775146,98.56189727783203,96.71654510498047,22.270418167114258,116.57078392309425,-122.43167362723382,-143.07281948771418,-0.44730308543607694,0.7216191291809082,0.0,0.0
2026-05-15 15:30:49,67226,346,1,v15_1_14_phase_1_sac_stricter_angle_reward_y100,1200,44.62164429474518,1200,timeout,706.5784301757812,48.95691680908203,0.40629085898399353,54.1708984375,98.56189727783203,45.30510330200195,2.554443836212158,54.73832446139777,-52.43192667303537,126.18885140663112,0.5773115904849486,0.7762754559516907,0.0,0.0
2026-05-15 15:30:55,67713,347,1,v15_1_14_phase_1_sac_stricter_angle_reward_y100,1200,-8.500727772964183,487,low_agl,707.029052734375,405.8825378417969,0.40629085898399353,0.48756924271583557,98.56189727783203,99.40727233886719,33.449012756347656,46.44088088407205,-35.90313525898215,-31.897314688134294,0.6891026672514415,-0.3431745767593384,0.0,0.0
2026-05-15 15:30:56,67840,348,1,v15_1_14_phase_1_sac_stricter_angle_reward_y100,1200,-46.04510979266162,127,low_agl,706.4375610351562,626.527099609375,0.40629085898399353,0.5476515889167786,98.56189727783203,99.22964477539062,32.61482620239258,14.828981018332371,-11.077929064846932,-9.92148753835727,0.9666940568407967,-0.033845432102680206,0.0,0.0
2026-05-15 15:31:07,68686,349,1,v15_1_14_phase_1_sac_stricter_angle_reward_y100,1200,27.540411178771876,846,low_agl,706.4403686523438,191.61912536621094,0.40629085898399353,0.46866199374198914,98.56189727783203,99.5777587890625,22.881193161010742,82.03585166808156,-80.0963374909864,25.772369870682038,0.13855343366233938,-0.7358763813972473,0.0,0.0
2026-05-15 15:31:07,68735,350,1,v15_1_14_phase_1_sac_stricter_angle_reward_y100,1200,-49.31900727222935,49,bad_angle,706.4896240234375,682.9164428710938,0.40629085898399353,6.47260856628418,98.56189727783203,93.04114532470703,22.2867374420166,114.16121612731882,-124.13990393865402,-133.1216436783558,-0.4093055201447733,0.6728304624557495,0.0,0.0
2026-05-15 15:31:11,69054,351,1,v15_1_14_phase_1_sac_stricter_angle_reward_y100,1200,-25.13639435504296,319,low_agl,706.9747924804688,507.4535827636719,0.40629085898399353,0.5192086100578308,98.56189727783203,99.32536315917969,32.445796966552734,23.759625820400586,-23.849483789121273,-3.6364733957243596,0.9152438038487626,-0.2112584114074707,0.0,0.0
2026-05-15 15:31:13,69242,352,1,v15_1_14_phase_1_sac_stricter_angle_reward_y100,1200,-41.40252306021742,188,low_agl,707.3233032226562,592.9027709960938,0.40629085898399353,0.5956577658653259,98.56189727783203,99.30264282226562,29.18041229248047,58.630009156120124,-35.715195773780074,51.090084784167594,0.520562505844968,-0.3521939516067505,0.0,0.0
2026-05-15 15:31:19,69682,353,1,v15_1_14_phase_1_sac_stricter_angle_reward_y100,1200,-13.48564128965024,440,low_agl,706.6705932617188,434.7417297363281,0.40629085898399353,0.5529987812042236,98.56189727783203,99.29619598388672,30.956037521362305,46.52884689039264,-28.847215167089644,-38.85143081044775,0.6879892818977039,-0.22343318164348602,0.0,0.0
2026-05-15 15:31:21,69859,354,1,v15_1_14_phase_1_sac_stricter_angle_reward_y100,1200,-35.00933680283953,177,bad_angle,706.9365844726562,605.0968017578125,0.40629085898399353,9.925522804260254,98.56189727783203,89.56037902832031,22.397035598754883,110.62139545787885,-112.0337624650216,134.96157369735218,-0.35219116832661035,0.7489849925041199,0.0,0.0
2026-05-15 15:31:22,69897,355,1,v15_1_14_phase_1_sac_stricter_angle_reward_y100,1200,-49.63141094179128,38,bad_angle,707.3759765625,689.143310546875,0.40629085898399353,4.770178318023682,98.56189727783203,94.67741394042969,21.619813919067383,113.26127723246711,-113.30783180184991,-163.01679427923298,-0.3949246896671411,0.8552242517471313,0.0,0.0
2026-05-15 15:31:24,70099,356,1,v15_1_14_phase_1_sac_stricter_angle_reward_y100,1200,-39.11352062210646,202,low_agl,706.4173583984375,584.5197143554688,0.40629085898399353,0.5571841597557068,98.56189727783203,99.23918914794922,32.358558654785156,33.03303854332401,-15.97808179901156,-29.736495551741548,0.8383563725842366,-0.08427920937538147,0.0,0.0
2026-05-15 15:31:36,71079,357,1,v15_1_14_phase_1_sac_stricter_angle_reward_y100,1200,37.38262528026749,980,low_agl,706.655029296875,132.23873901367188,0.40629085898399353,0.5988124012947083,98.56189727783203,99.17139434814453,21.740455627441406,49.701565382511944,-49.45425789304412,5.766058077042635,0.646768942347467,-0.015084955841302872,0.0,0.0
2026-05-15 15:31:42,71571,358,1,v15_1_14_phase_1_sac_stricter_angle_reward_y100,1200,-16.906751095156416,492,low_agl,707.2227172851562,416.7518615722656,0.40629085898399353,0.5889666080474854,98.56189727783203,99.18866729736328,30.278038024902344,36.489510414322325,-18.445342495158805,33.19979761190987,0.8039657459964775,-0.0347265787422657,0.0,0.0
2026-05-15 15:31:47,72000,359,1,v15_1_14_phase_1_sac_stricter_angle_reward_y100,1200,-12.745868671132001,429,bad_angle,706.4437866210938,454.556640625,0.40629085898399353,1.482831358909607,98.56189727783203,98.5495376586914,21.094148635864258,110.31940547391591,-162.0272911137949,106.28443707078502,-0.34725328472108,-0.6999257802963257,0.0,0.0
2026-05-15 15:31:50,72163,360,1,v15_1_14_phase_1_sac_stricter_angle_reward_y100,1200,-48.14332448994834,163,low_agl,707.3124389648438,616.0800170898438,0.40629085898399353,0.5894792079925537,98.56189727783203,99.10205078125,30.497703552246094,50.567937312687626,-4.0453007717978196,51.40732658054718,0.6351628350872235,0.19390492141246796,0.0,0.0
2026-05-15 15:31:55,72630,361,1,v15_1_14_phase_1_sac_stricter_angle_reward_y100,1200,-8.087764660663694,467,bad_angle,706.8878784179688,433.4670715332031,0.40629085898399353,16.953413009643555,98.56189727783203,82.56838989257812,22.19087028503418,114.13654548403673,-116.23928752191686,-135.62983940574622,-0.40891261853953564,0.6507023572921753,0.0,0.0
2026-05-15 15:31:57,72809,362,1,v15_1_14_phase_1_sac_stricter_angle_reward_y100,1200,-47.170284755218184,179,low_agl,707.3760986328125,604.3508911132812,0.40629085898399353,0.45186537504196167,98.56189727783203,99.568115234375,29.36679458618164,65.81959605006978,-55.294909746672936,-44.91705885005303,0.4096110505689236,-0.6681215763092041,0.0,0.0
2026-05-15 15:31:58,72835,363,1,v15_1_14_phase_1_sac_stricter_angle_reward_y100,1200,-50.520163898893564,26,bad_angle,706.9309692382812,695.4427490234375,0.40629085898399353,1.5876657962799072,98.56189727783203,97.92498016357422,21.36879539489746,113.57236502840452,-126.3753975332425,-132.71364915847425,-0.3999070047958831,0.6757243275642395,0.0,0.0
2026-05-15 15:32:11,73922,364,1,v15_1_14_phase_1_sac_stricter_angle_reward_y100,1200,43.32120118714967,1087,bad_angle,707.336181640625,110.07758331298828,0.40629085898399353,13.355995178222656,98.56189727783203,86.60542297363281,7.352257251739502,110.90975238425844,-111.04787246965444,-84.61204192865947,-0.3568970062300231,-0.5166965126991272,0.0,0.0
2026-05-15 15:32:11,73954,365,1,v15_1_14_phase_1_sac_stricter_angle_reward_y100,1200,-49.17559454237488,32,bad_angle,707.381591796875,691.6775512695312,0.40629085898399353,3.6452977657318115,98.56189727783203,95.86076354980469,22.021766662597656,110.16499538734942,-124.48185052926154,128.19013781457988,-0.3447247662739591,0.6939148902893066,0.0,0.0
2026-05-15 15:32:25,75055,366,1,v15_1_14_phase_1_sac_stricter_angle_reward_y100,1200,41.487114352039185,1101,bad_angle,706.9490966796875,106.0539321899414,0.40629085898399353,1.7496052980422974,98.56189727783203,98.19232177734375,3.9611644744873047,111.10093620931627,-107.81532152040583,-77.64781029618521,-0.36001205247216206,-0.4660729467868805,0.0,0.0
2026-05-15 15:32:29,75428,367,1,v15_1_14_phase_1_sac_stricter_angle_reward_y100,1200,-24.766636047211463,373,low_agl,706.4754638671875,483.0923767089844,0.40629085898399353,0.4967072308063507,98.56189727783203,99.6263427734375,31.13539695739746,80.5709400156539,-80.3131276952426,8.907683413625925,0.16382632312258258,-0.9287072420120239,0.0,0.0
2026-05-15 15:32:37,76043,368,1,v15_1_14_phase_1_sac_stricter_angle_reward_y100,1200,4.21120827714671,615,low_agl,706.4320068359375,336.21484375,0.40629085898399353,0.44441094994544983,98.56189727783203,99.5909652709961,28.37595558166504,65.77300049955196,-64.12571596609578,-23.278486804697376,0.4103528068381528,-0.7076075077056885,0.0,0.0
2026-05-15 15:32:38,76164,369,1,v15_1_14_phase_1_sac_stricter_angle_reward_y100,1200,-48.272216817519684,121,low_agl,707.33740234375,634.0540161132812,0.40629085898399353,0.5492669939994812,98.56189727783203,99.1716537475586,31.997669219970703,9.568730465840915,-2.8234828090069115,9.361599856618401,0.9860869053251526,0.11564257740974426,0.0,0.0
2026-05-15 15:32:51,77236,370,1,v15_1_14_phase_1_sac_stricter_angle_reward_y100,1200,55.89467733806336,1072,bad_angle,707.1660766601562,89.48509979248047,0.40629085898399353,27.187347412109375,98.56189727783203,72.701416015625,10.094191551208496,111.1420880990656,-106.45823123421599,-99.90978736746627,-0.36068203611776056,-0.3272440731525421,0.0,0.0
2026-05-15 15:32:54,77441,371,1,v15_1_14_phase_1_sac_stricter_angle_reward_y100,1200,-45.69193689545622,205,low_agl,706.7544555664062,592.5158081054688,0.40629085898399353,0.558921217918396,98.56189727783203,99.28056335449219,27.55170440673828,58.061204662419804,-32.72784178554575,-54.428049457971596,0.5290130576831165,-0.1978478580713272,0.0,0.0
2026-05-15 15:32:54,77467,372,1,v15_1_14_phase_1_sac_stricter_angle_reward_y100,1200,-49.87219148056649,26,bad_angle,706.457275390625,694.043212890625,0.40629085898399353,3.345008611679077,98.56189727783203,96.12493896484375,22.471683502197266,115.45822806956923,-117.65010407611801,-153.45666046023618,-0.4298529456825001,0.7930554151535034,0.0,0.0
2026-05-15 15:33:09,78667,373,1,v15_1_14_phase_1_sac_stricter_angle_reward_y100,1200,65.11392388743153,1200,timeout,707.384765625,71.34203338623047,0.40629085898399353,46.499046325683594,98.56189727783203,52.911659240722656,-10.062636375427246,28.512976444960486,14.798526912370576,19.95695385848913,0.8787090224015769,0.9609115719795227,0.0,0.0
2026-05-15 15:33:13,79046,374,1,v15_1_14_phase_1_sac_stricter_angle_reward_y100,1200,-26.498140710112615,379,low_agl,706.5767211914062,484.2548828125,0.40629085898399353,0.5389910936355591,98.56189727783203,99.5821762084961,24.86952018737793,87.73697641734535,-93.5112251718633,40.134785789452714,0.039486943897164936,-0.9241093397140503,0.0,0.0
2026-05-15 15:33:14,79072,375,1,v15_1_14_phase_1_sac_stricter_angle_reward_y100,1200,-49.77114427299395,26,bad_angle,706.92529296875,694.4073486328125,0.40629085898399353,3.1593236923217773,98.56189727783203,96.31646728515625,20.986669540405273,120.9591258233141,-121.0082758645815,-176.19058994278677,-0.5144264502132678,0.7768819332122803,0.0,0.0
2026-05-15 15:33:16,79255,376,1,v15_1_14_phase_1_sac_stricter_angle_reward_y100,1200,-42.048279013851456,183,low_agl,706.53369140625,594.1730346679688,0.40629085898399353,0.38402608036994934,98.56189727783203,99.73192596435547,28.553882598876953,81.00678804697075,-77.70308701713812,31.95900495671785,0.15631744878192266,-0.9112535119056702,0.0,0.0
2026-05-15 15:33:20,79588,377,1,v15_1_14_phase_1_sac_stricter_angle_reward_y100,1200,-23.425341509960262,333,low_agl,706.4181518554688,499.6556701660156,0.40629085898399353,0.5506912469863892,98.56189727783203,99.23981475830078,34.00429153442383,19.13569362023409,-15.563199033352062,11.417803546814998,0.9447448814810752,-0.06878159940242767,0.0,0.0
2026-05-15 15:33:20,79616,378,1,v15_1_14_phase_1_sac_stricter_angle_reward_y100,1200,-49.6174796599028,28,bad_angle,707.0257568359375,693.2299194335938,0.40629085898399353,1.9038463830947876,98.56189727783203,97.10624694824219,22.875049591064453,110.66613319694243,-110.9611495577628,-149.35377948618788,-0.3529218530501138,0.8729569911956787,0.0,0.0
2026-05-15 15:33:21,79647,379,1,v15_1_14_phase_1_sac_stricter_angle_reward_y100,1200,-49.80357734668655,31,bad_angle,707.2459716796875,693.0383911132812,0.40629085898399353,3.8371074199676514,98.56189727783203,95.62760162353516,21.026052474975586,110.65903663039478,-116.6678272508218,142.3972454769082,-0.3528059618358359,0.8077979683876038,0.0,0.0
2026-05-15 15:33:46,80837,380,1,v15_1_14_phase_1_sac_stricter_angle_reward_y100,1200,62.13976511019265,1190,bad_angle,706.83837890625,68.2995834350586,0.40629085898399353,43.71272659301758,98.56189727783203,56.235939025878906,-17.60102081298828,111.1500794203945,-119.55630059044185,85.68745521347796,-0.3608121192624311,-0.4835789203643799,0.0,0.0
2026-05-15 15:33:46,80866,381,1,v15_1_14_phase_1_sac_stricter_angle_reward_y100,1200,-49.78590395070167,29,bad_angle,706.6392211914062,692.6361083984375,0.40629085898399353,3.6413164138793945,98.56189727783203,95.81675720214844,22.416006088256836,115.78533948929947,-114.43483350546953,166.2990007037476,-0.4350007167982588,0.8259595632553101,0.0,0.0
2026-05-15 15:34:09,81902,382,1,v15_1_14_phase_1_sac_stricter_angle_reward_y100,1200,57.62780810621919,1036,bad_angle,706.6622314453125,69.81310272216797,0.40629085898399353,61.76601028442383,98.56189727783203,38.349674224853516,17.827678680419922,112.90890094299698,-121.19154350039129,-56.4804598318579,-0.38926705229864034,-0.9106251001358032,0.0,0.0
2026-05-15 15:34:25,83067,383,1,v15_1_14_phase_1_sac_stricter_angle_reward_y100,1200,60.86857793238728,1165,bad_angle,707.344482421875,85.65077209472656,0.40629085898399353,33.37213897705078,98.56189727783203,66.52218627929688,-10.991798400878906,112.60869363840742,-110.89293645852187,-101.59216541287796,-0.38443539933517856,-0.34182339906692505,0.0,0.0
2026-05-15 15:34:28,83289,384,1,v15_1_14_phase_1_sac_stricter_angle_reward_y100,1200,-40.44471690204688,222,low_agl,707.3880615234375,576.8472290039062,0.40629085898399353,0.5744493007659912,98.56189727783203,99.25906372070312,29.001476287841797,63.60173800391826,-27.57226302831109,-60.567583559491,0.44460800855765636,-0.18221938610076904,0.0,0.0
2026-05-15 15:34:41,84351,385,1,v15_1_14_phase_1_sac_stricter_angle_reward_y100,1200,65.07231592910678,1062,bad_angle,706.9435424804688,64.30001831054688,0.40629085898399353,48.4206428527832,98.56189727783203,51.296791076660156,8.398423194885254,111.90250671974145,-107.45847828721851,-142.1956456133661,-0.37302837553083407,0.12490211427211761,0.0,0.0
2026-05-15 15:34:52,85259,386,1,v15_1_14_phase_1_sac_stricter_angle_reward_y100,1200,42.49757498599774,908,bad_angle,707.1376953125,165.11354064941406,0.40629085898399353,4.515758991241455,98.56189727783203,95.48101043701172,16.975791931152344,116.27543288300457,-118.22897626865493,-98.07407157518779,-0.4426867572734418,-0.6082455515861511,0.0,0.0
2026-05-15 15:34:52,85286,387,1,v15_1_14_phase_1_sac_stricter_angle_reward_y100,1200,-49.674153835492184,27,bad_angle,707.1798095703125,694.0098876953125,0.40629085898399353,2.3854308128356934,98.56189727783203,97.09291076660156,22.635587692260742,115.7873612252938,-116.84206537654883,149.1772054357647,-0.4350324890588895,0.7698104381561279,0.0,0.0
2026-05-15 15:34:53,85327,388,1,v15_1_14_phase_1_sac_stricter_angle_reward_y100,1200,-49.70058108063434,41,bad_angle,706.4158935546875,686.7462158203125,0.40629085898399353,4.130148887634277,98.56189727783203,95.32064819335938,21.415555953979492,113.7801393829563,-112.16887726718278,-161.4713546964909,-0.40322811675491643,0.8468427658081055,0.0,0.0
2026-05-15 15:35:06,86413,389,1,v15_1_14_phase_1_sac_stricter_angle_reward_y100,1200,57.759066785894305,1086,bad_angle,706.682373046875,65.36043548583984,0.40629085898399353,52.81194305419922,98.56189727783203,47.21596908569336,12.820016860961914,110.1092200625871,-114.52779921026257,-72.17350246887919,-0.34381080960442445,-0.6884631514549255,0.0,0.0
2026-05-15 15:35:09,86628,390,1,v15_1_14_phase_1_sac_stricter_angle_reward_y100,1200,-46.73968583932679,215,low_agl,707.3834228515625,589.9102783203125,0.40629085898399353,0.4986894130706787,98.56189727783203,99.46340942382812,31.21858787536621,45.11767516635465,-42.245857243025675,19.78587981789511,0.7056530214452784,-0.5185028910636902,0.0,0.0
2026-05-15 15:35:23,87788,391,1,v15_1_14_phase_1_sac_stricter_angle_reward_y100,1200,65.38050648529065,1160,bad_angle,706.4186401367188,73.77718353271484,0.40629085898399353,28.471174240112305,98.56189727783203,71.3900375366211,-8.695273399353027,114.48382645238604,-116.8091575251277,-133.41684445428376,-0.41443636076177587,-0.25500041246414185,0.0,0.0
2026-05-15 15:35:27,88122,392,1,v15_1_14_phase_1_sac_stricter_angle_reward_y100,1200,-25.298351524974628,334,low_agl,706.9747924804688,502.4378662109375,0.40629085898399353,0.5738656520843506,98.56189727783203,99.09564208984375,29.991395950317383,49.66840822918612,-5.012508492237693,50.966045133745574,0.6472102015523635,0.25265300273895264,0.0,0.0
2026-05-15 15:35:42,89243,393,1,v15_1_14_phase_1_sac_stricter_angle_reward_y100,1200,71.31329081191808,1121,bad_angle,706.4204711914062,64.11279296875,0.40629085898399353,36.38765335083008,98.56189727783203,63.53892135620117,-9.290023803710938,118.05107716153279,-118.29879446235081,113.41979909291393,-0.47025849269413406,-0.4260685443878174,0.0,0.0
2026-05-15 15:36:04,90383,394,1,v15_1_14_phase_1_sac_stricter_angle_reward_y100,1200,67.4823863757802,1140,bad_angle,706.4730224609375,40.17633056640625,0.40629085898399353,63.629764556884766,98.56189727783203,36.27907180786133,-8.41240119934082,112.24266380078643,-111.84731196105858,-95.14642710067771,-0.3785301072737599,-0.3797098398208618,0.0,0.0
2026-05-15 15:36:30,91328,395,1,v15_1_14_phase_1_sac_stricter_angle_reward_y100,1200,27.711327969458473,945,bad_angle,707.0152587890625,184.63522338867188,0.40629085898399353,15.419264793395996,98.56189727783203,84.65332794189453,13.617486000061035,110.62774070361779,-126.01413516766219,-88.29328166486455,-0.35229481592491996,-0.8024699091911316,0.0,0.0
2026-05-15 15:36:31,91395,396,1,v15_1_14_phase_1_sac_stricter_angle_reward_y100,1200,-49.559437165972206,67,bad_angle,707.2144165039062,675.7871704101562,0.40629085898399353,7.192793846130371,98.56189727783203,92.32820892333984,21.620153427124023,117.33594269505411,-128.78394080064245,-136.9715481059252,-0.45920691011655324,0.6530349850654602,0.0,0.0
2026-05-15 15:36:36,91592,397,1,v15_1_14_phase_1_sac_stricter_angle_reward_y100,1200,-42.1041588297593,197,low_agl,706.613037109375,591.9776000976562,0.40629085898399353,0.5437477231025696,98.56189727783203,99.27963256835938,29.454633712768555,45.06535250221776,-23.496866735482904,41.2312053210636,0.7062997838391158,-0.15552616119384766,0.0,0.0
2026-05-15 15:36:53,92359,398,1,v15_1_14_phase_1_sac_stricter_angle_reward_y100,1200,21.60031906779028,767,bad_angle,707.0794677734375,250.89796447753906,0.40629085898399353,34.791481018066406,98.56189727783203,64.82102966308594,21.399106979370117,116.80714944951173,-122.86530867725959,-128.9969334197201,-0.45098891531708146,0.40538519620895386,0.0,0.0
2026-05-15 15:37:17,93436,399,1,v15_1_14_phase_1_sac_stricter_angle_reward_y100,1200,51.989106454097396,1077,bad_angle,707.3922119140625,93.9638900756836,0.40629085898399353,43.85873794555664,98.56189727783203,56.03243637084961,4.324973106384277,110.79171305502229,-118.78877857302918,-101.90080117090332,-0.35497175067361547,-0.3335663974285126,0.0,0.0
2026-05-15 15:37:44,94636,400,1,v15_1_14_phase_1_sac_stricter_angle_reward_y100,1200,52.010759041003205,1200,timeout,706.786376953125,52.59321212768555,0.40629085898399353,56.58441925048828,98.56189727783203,42.86844253540039,-4.828681945800781,45.93949377257434,-30.98360613191584,84.16163193403214,0.6954176294601903,0.8405504822731018,0.0,0.0
2026-05-15 15:37:50,94914,401,1,v15_1_14_phase_1_sac_stricter_angle_reward_y100,1200,-26.40699422083942,278,bad_angle,707.2579956054688,545.180419921875,0.40629085898399353,13.11541748046875,98.56189727783203,86.57875061035156,24.04021453857422,111.02628224168804,-112.06802952408755,-113.61028623867642,-0.3587961560469964,0.18683849275112152,0.0,0.0
2026-05-15 15:38:19,96114,402,1,v15_1_14_phase_1_sac_stricter_angle_reward_y100,1200,51.4984384993725,1200,timeout,706.4354858398438,64.79364013671875,0.40629085898399353,54.6983757019043,98.56189727783203,44.808204650878906,-10.120992660522461,84.24338246820803,-88.20552056421906,-136.5525569814799,0.100302977537045,0.6922687292098999,0.0,0.0
2026-05-15 15:38:20,96146,403,1,v15_1_14_phase_1_sac_stricter_angle_reward_y100,1200,-49.93238039239406,32,bad_angle,707.2870483398438,692.2626342773438,0.40629085898399353,2.481210231781006,98.56189727783203,96.96259307861328,22.90483856201172,111.22344248226962,-110.5836176815795,150.25197668280123,-0.3620059986882188,0.8659443259239197,0.0,0.0
2026-05-15 15:38:50,97298,404,1,v15_1_14_phase_1_sac_stricter_angle_reward_y100,1200,67.8442353629519,1152,bad_angle,706.666015625,75.27456665039062,0.40629085898399353,36.94029235839844,98.56189727783203,63.026363372802734,-10.062538146972656,115.13076148000214,-121.20080523690582,87.6132407103414,-0.42468555160978994,-0.5302732586860657,0.0,0.0
2026-05-15 15:38:51,97331,405,1,v15_1_14_phase_1_sac_stricter_angle_reward_y100,1200,-49.324606902406074,33,bad_angle,707.3922119140625,691.5739135742188,0.40629085898399353,4.0731401443481445,98.56189727783203,95.39956665039062,21.452640533447266,111.3808578520709,-118.63918376982757,140.51592451154156,-0.3645657042769295,0.7856352925300598,0.0,0.0
2026-05-15 15:39:22,98531,406,1,v15_1_14_phase_1_sac_stricter_angle_reward_y100,1200,51.22785168502888,1200,timeout,706.7373046875,89.55126953125,0.40629085898399353,35.58243942260742,98.56189727783203,63.87437438964844,-13.166748046875,78.29965622981454,-77.42677171426526,168.98393440610127,0.20279317061296134,0.8294697999954224,0.0,0.0
2026-05-15 15:39:23,98599,407,1,v15_1_14_phase_1_sac_stricter_angle_reward_y100,1200,-46.815636661401385,68,bad_angle,706.4356079101562,670.225830078125,0.40629085898399353,9.352615356445312,98.56189727783203,90.12211608886719,20.333417892456055,112.23836078160932,-118.25788162922242,-141.17662237033522,-0.3784605927594226,0.7797835469245911,0.0,0.0
2026-05-15 15:39:54,99778,408,1,v15_1_14_phase_1_sac_stricter_angle_reward_y100,1200,64.7713395321412,1179,bad_angle,706.6898193359375,46.011131286621094,0.40629085898399353,59.75236892700195,98.56189727783203,39.98984146118164,-15.435037612915039,112.68425602119527,-113.73620760621478,152.2764174320363,-0.3856525288051636,0.059118546545505524,0.0,0.0
2026-05-15 15:40:07,100239,409,1,v15_1_14_phase_1_sac_stricter_angle_reward_y100,1200,-10.77004652142076,461,bad_angle,706.6233520507812,438.6451416015625,0.40629085898399353,26.482336044311523,98.56189727783203,73.09347534179688,22.857515335083008,112.6689427370761,-120.34581581698197,-123.45808713494665,-0.3854059225050968,0.5042799711227417,0.0,0.0
2026-05-15 15:40:08,100276,410,1,v15_1_14_phase_1_sac_stricter_angle_reward_y100,1200,-49.64913513070017,37,bad_angle,706.6931762695312,689.0247192382812,0.40629085898399353,3.8592817783355713,98.56189727783203,95.66549682617188,22.26209831237793,113.66959277123965,-125.72657054322632,-130.29252468262317,-0.40146177220589735,0.6426215767860413,0.0,0.0
2026-05-15 15:40:40,101476,411,1,v15_1_14_phase_1_sac_stricter_angle_reward_y100,1200,63.147567654091155,1200,timeout,706.8153686523438,55.17197799682617,0.40629085898399353,58.21257400512695,98.56189727783203,41.263999938964844,-12.276175498962402,69.82419743215078,-64.50048161566521,123.96533796384682,0.34490181928100816,0.774695098400116,0.0,0.0
2026-05-15 15:41:04,102440,412,1,v15_1_14_phase_1_sac_stricter_angle_reward_y100,1200,33.98614985614425,964,low_agl,706.4578857421875,138.5251922607422,0.40629085898399353,0.45149049162864685,98.56189727783203,99.53631591796875,16.996355056762695,82.35566844577824,-83.02437811646834,-11.317762619815467,0.13302328536200272,-0.5847683548927307,0.0,0.0
2026-05-15 15:41:32,103489,413,1,v15_1_14_phase_1_sac_stricter_angle_reward_y100,1200,50.28232322835222,1049,bad_angle,706.434814453125,98.26053619384766,0.40629085898399353,26.420766830444336,98.56189727783203,73.59416961669922,9.812150955200195,114.94384652317557,-116.12086570208719,-82.08532955842914,-0.42172982013513305,-0.655117928981781,0.0,0.0
2026-05-15 15:41:37,103696,414,1,v15_1_14_phase_1_sac_stricter_angle_reward_y100,1200,-39.984858508051914,207,low_agl,706.5466918945312,580.121337890625,0.40629085898399353,0.5415715575218201,98.56189727783203,99.35346221923828,31.97597885131836,31.117573462296466,-30.075792028951103,-8.54274726004579,0.856108615921279,-0.34363964200019836,0.0,0.0
2026-05-15 15:41:58,104846,415,1,v15_1_14_phase_1_sac_stricter_angle_reward_y100,1200,62.897706768312716,1150,bad_angle,707.22021484375,70.2236099243164,0.40629085898399353,41.07891845703125,98.56189727783203,58.75081253051758,-10.416779518127441,110.16792553850335,-111.84019490394343,-111.83592603571218,-0.34477277187287353,-0.17220517992973328,0.0,0.0
2026-05-15 15:42:17,105907,416,1,v15_1_14_phase_1_sac_stricter_angle_reward_y100,1200,59.14001932483868,1061,bad_angle,707.1563110351562,77.9732666015625,0.40629085898399353,42.70503234863281,98.56189727783203,57.39140319824219,8.99787712097168,113.4319021881232,-112.84221780613015,41.74847603747617,-0.3976588331888457,-0.8627129793167114,0.0,0.0
2026-05-15 15:42:25,106244,417,1,v15_1_14_phase_1_sac_stricter_angle_reward_y100,1200,-22.597953842412345,337,low_agl,706.626708984375,496.210693359375,0.40629085898399353,0.5260000228881836,98.56189727783203,99.3354263305664,31.772768020629883,28.262105304293208,-27.082809964840685,-10.297283692717725,0.8807907167888268,-0.2555946409702301,0.0,0.0
2026-05-15 15:42:38,106842,418,1,v15_1_14_phase_1_sac_stricter_angle_reward_y100,1200,0.8878825177775909,598,low_agl,706.9566040039062,340.03314208984375,0.40629085898399353,0.5699841976165771,98.56189727783203,99.34033203125,28.52014923095703,64.27512635418981,-43.944330629216495,-51.80891438298725,0.4340502255889828,-0.3835214376449585,0.0,0.0
2026-05-15 15:43:04,108006,419,1,v15_1_14_phase_1_sac_stricter_angle_reward_y100,1200,61.922415507804075,1164,bad_angle,706.443359375,52.787452697753906,0.40629085898399353,49.761810302734375,98.56189727783203,50.045066833496094,-3.8940799236297607,114.8796290845991,-114.92760433332927,-174.29579984437686,-0.4207132967465697,-0.11197035759687424,0.0,0.0
2026-05-15 15:43:31,109206,420,1,v15_1_14_phase_1_sac_stricter_angle_reward_y100,1200,50.182838495358574,1200,timeout,706.9963989257812,68.22089385986328,0.40629085898399353,88.56552124023438,98.56189727783203,11.070487976074219,-9.557095527648926,65.26764163305188,-1.4763125188128754,66.9616036792959,0.4183800962517801,0.34232035279273987,0.0,0.0
2026-05-15 15:43:48,110406,421,1,v15_1_14_phase_1_sac_stricter_angle_reward_y100,1200,55.65281993821687,1200,timeout,706.4996948242188,62.62849044799805,0.40629085898399353,54.36532974243164,98.56189727783203,45.26372528076172,-17.586610794067383,93.57514891230545,-98.65625640947216,120.09737451611193,-0.06235763620729064,0.36093464493751526,0.0,0.0
2026-05-15 15:44:03,111606,422,1,v15_1_14_phase_1_sac_stricter_angle_reward_y100,1200,60.198836199586175,1200,timeout,707.34619140625,70.55708312988281,0.40629085898399353,49.675445556640625,98.56189727783203,49.790897369384766,-9.846017837524414,57.565312438109366,-49.640868906452624,94.10592974289631,0.5363378631480233,0.8031800985336304,0.0,0.0
2026-05-15 15:44:16,112664,423,1,v15_1_14_phase_1_sac_stricter_angle_reward_y100,1200,59.1559451263565,1058,bad_angle,706.6842041015625,85.05756378173828,0.40629085898399353,26.94550895690918,98.56189727783203,73.06697082519531,5.32160758972168,118.47015024824809,-117.7029287591589,-78.05581847644508,-0.4767008525072979,-0.6487831473350525,0.0,0.0
2026-05-15 15:44:30,113784,424,1,v15_1_14_phase_1_sac_stricter_angle_reward_y100,1200,63.740193992172756,1120,bad_angle,706.4257202148438,66.905029296875,0.40629085898399353,38.777565002441406,98.56189727783203,61.236061096191406,-6.547176361083984,118.67558867810374,-121.63561507946883,-67.55145198582903,-0.47984973877890835,-0.6517421007156372,0.0,0.0
2026-05-15 15:44:45,114984,425,1,v15_1_14_phase_1_sac_stricter_angle_reward_y100,1200,62.082342862250556,1200,timeout,707.1437377929688,48.575286865234375,0.40629085898399353,62.30309295654297,98.56189727783203,37.173221588134766,-15.979379653930664,65.24280706522971,-62.29848326876646,-115.44298308734176,0.4187737428904241,0.7754123210906982,0.0,0.0
2026-05-15 15:44:59,116109,426,1,v15_1_14_phase_1_sac_stricter_angle_reward_y100,1200,66.01042451886065,1125,bad_angle,707.34130859375,31.098031997680664,0.40629085898399353,76.86465454101562,98.56189727783203,22.993568420410156,4.181567668914795,111.27951833535542,-119.57455085590412,-106.0317542224404,-0.362918153292996,-0.24716049432754517,0.0,0.0
2026-05-15 15:45:13,117292,427,1,v15_1_14_phase_1_sac_stricter_angle_reward_y100,1200,56.159648493016974,1183,bad_angle,707.331787109375,25.74656867980957,0.40629085898399353,93.1837158203125,98.56189727783203,6.392494201660156,-10.193511009216309,111.02906212868022,-119.57165485569604,125.30939624910027,-0.3588414432680909,0.5033113956451416,0.0,0.0
2026-05-15 15:45:17,117625,428,1,v15_1_14_phase_1_sac_stricter_angle_reward_y100,1200,-24.22816806405408,333,low_agl,707.3817138671875,501.8569641113281,0.40629085898399353,0.4498388171195984,98.56189727783203,99.46015930175781,32.59114074707031,58.056498662081665,-38.0737693772122,-48.081441096290334,0.5290827569537155,-0.382794588804245,0.0,0.0
2026-05-15 15:45:32,118825,429,1,v15_1_14_phase_1_sac_stricter_angle_reward_y100,1200,62.93969467690325,1200,timeout,707.0383911132812,74.01862335205078,0.40629085898399353,59.390586853027344,98.56189727783203,40.29924392700195,-12.432914733886719,60.35852512937525,-49.593569846450286,61.95483596105561,0.49457114106434913,0.19843968749046326,0.0,0.0
2026-05-15 15:45:47,120025,430,1,v15_1_14_phase_1_sac_stricter_angle_reward_y100,1200,53.427680234950074,1200,timeout,706.5318603515625,117.96148681640625,0.40629085898399353,14.149712562561035,98.56189727783203,85.67874145507812,-11.927234649658203,62.341738856780154,-61.40805882742858,-29.974343229208902,0.4641969304689265,-0.16888411343097687,0.0,0.0
2026-05-15 15:46:01,121225,431,1,v15_1_14_phase_1_sac_stricter_angle_reward_y100,1200,60.75553564002208,1200,timeout,707.02685546875,63.77177047729492,0.40629085898399353,51.056392669677734,98.56189727783203,48.50615310668945,3.338308811187744,21.94875313368074,-21.453169975430246,18.965977079737613,0.9275185417315607,0.5401117205619812,0.0,0.0
2026-05-15 15:46:09,121828,432,1,v15_1_14_phase_1_sac_stricter_angle_reward_y100,1200,6.233396225137831,603,bad_angle,706.7501220703125,341.5064697265625,0.40629085898399353,52.169593811035156,98.56189727783203,47.50954818725586,23.447084426879883,110.64717259180647,-128.02730610476678,-113.47482992705673,-0.35261220283925554,0.22692586481571198,0.0,0.0
2026-05-15 15:46:23,123028,433,1,v15_1_14_phase_1_sac_stricter_angle_reward_y100,1200,57.813572809037005,1200,timeout,707.380859375,62.35197830200195,0.40629085898399353,67.35997009277344,98.56189727783203,32.146240234375,-21.326303482055664,99.51534394289803,-100.3780309860165,-147.84815990630693,-0.16531172951510206,0.6933349370956421,0.0,0.0
2026-05-15 15:46:38,124219,434,1,v15_1_14_phase_1_sac_stricter_angle_reward_y100,1200,68.1143403559341,1191,bad_angle,707.2999267578125,30.366863250732422,0.40629085898399353,85.11434173583984,98.56189727783203,14.403907775878906,-22.27633285522461,110.1510618014426,-110.11658983670154,-174.27350610692594,-0.34449647556652474,0.6604177951812744,0.0,0.0
2026-05-15 15:46:52,125419,435,1,v15_1_14_phase_1_sac_stricter_angle_reward_y100,1200,56.142874136923716,1200,timeout,706.543701171875,54.439666748046875,0.40629085898399353,81.33245849609375,98.56189727783203,18.156570434570312,-0.5595753788948059,28.350964357847783,28.45695352584075,-1.3436289438310904,0.880055305754294,0.7409494519233704,0.0,0.0
2026-05-15 15:47:07,126619,436,1,v15_1_14_phase_1_sac_stricter_angle_reward_y100,1200,59.66181063163434,1200,timeout,706.56298828125,48.89390182495117,0.40629085898399353,91.88114166259766,98.56189727783203,7.637138366699219,-8.835102081298828,77.89436646484432,-3.222214525156858,81.73941462791383,0.20971470119222477,0.6603291630744934,0.0,0.0
2026-05-15 15:47:21,127819,437,1,v15_1_14_phase_1_sac_stricter_angle_reward_y100,1200,62.19023950955235,1200,timeout,706.8882446289062,38.755489349365234,0.40629085898399353,83.87905883789062,98.56189727783203,15.801475524902344,-22.152597427368164,83.982728789102,-66.6512467135997,89.11418161064087,0.10482824669296129,0.22335904836654663,0.0,0.0
2026-05-15 15:47:35,128974,438,1,v15_1_14_phase_1_sac_stricter_angle_reward_y100,1200,68.39186432727786,1155,bad_angle,706.865234375,41.03936004638672,0.40629085898399353,74.08122253417969,98.56189727783203,25.548721313476562,-14.76590347290039,114.1364157104425,-115.86522538183195,149.91351348867042,-0.4089105515808572,0.3585524559020996,0.0,0.0
2026-05-15 15:47:50,130174,439,1,v15_1_14_phase_1_sac_stricter_angle_reward_y100,1200,56.59958852103026,1200,timeout,707.34765625,78.10721588134766,0.40629085898399353,39.75190353393555,98.56189727783203,59.74138641357422,-11.866666793823242,60.37809362134734,-56.29171096923918,98.22994332223665,0.4942742718035664,0.7287799119949341,0.0,0.0
2026-05-15 15:48:05,131374,440,1,v15_1_14_phase_1_sac_stricter_angle_reward_y100,1200,65.51876953871384,1200,timeout,706.6065063476562,41.79541015625,0.40629085898399353,81.9551773071289,98.56189727783203,17.465423583984375,-23.156030654907227,86.20324377884064,-86.29304710604798,128.19945419260776,0.06621741014188282,0.9318617582321167,0.0,0.0
2026-05-15 15:48:19,132574,441,1,v15_1_14_phase_1_sac_stricter_angle_reward_y100,1200,56.25411517340341,1200,timeout,707.0162963867188,55.50410461425781,0.40629085898399353,74.01829528808594,98.56189727783203,25.664840698242188,-16.720739364624023,62.380670935049224,-57.929901105815475,-65.16460139923306,0.46359497468991684,0.21624895930290222,0.0,0.0
2026-05-15 15:48:34,133774,442,1,v15_1_14_phase_1_sac_stricter_angle_reward_y100,1200,60.405650313803434,1200,timeout,707.3411865234375,39.291046142578125,0.40629085898399353,77.7297134399414,98.56189727783203,21.720970153808594,-21.381059646606445,85.80847250519226,-86.73303423200186,144.15156590484764,0.07309072033255096,0.8465756773948669,0.0,0.0
2026-05-15 15:48:49,134974,443,1,v15_1_14_phase_1_sac_stricter_angle_reward_y100,1200,63.75808904317065,1200,timeout,706.579833984375,53.16820526123047,0.40629085898399353,68.38154602050781,98.56189727783203,31.164100646972656,-11.758637428283691,47.693643445784524,-18.803063407654466,59.86107562193405,0.6730945661125322,0.5859229564666748,0.0,0.0
2026-05-15 15:49:03,136174,444,1,v15_1_14_phase_1_sac_stricter_angle_reward_y100,1200,64.70863894620877,1200,timeout,706.464111328125,43.00040054321289,0.40629085898399353,78.31201171875,98.56189727783203,21.148780822753906,-20.461042404174805,82.23858534302587,-84.4275175380424,121.04626537674511,0.1350483312169925,0.8183853030204773,0.0,0.0
2026-05-15 15:49:18,137374,445,1,v15_1_14_phase_1_sac_stricter_angle_reward_y100,1200,63.70100868838272,1200,timeout,706.4169921875,42.39023208618164,0.40629085898399353,80.00940704345703,98.56189727783203,19.435012817382812,-19.397300720214844,69.22437704942944,-50.61646580674057,85.97163206408551,0.35470919955866886,0.8641688227653503,0.0,0.0
2026-05-15 15:49:33,138574,446,1,v15_1_14_phase_1_sac_stricter_angle_reward_y100,1200,63.911470767388195,1200,timeout,707.1401977539062,46.09206008911133,0.40629085898399353,77.54752349853516,98.56189727783203,21.860191345214844,-9.581478118896484,47.81306588832761,45.94464373520853,7.010010975386262,0.6715516367256242,0.9698914289474487,0.0,0.0
2026-05-15 15:49:47,139774,447,1,v15_1_14_phase_1_sac_stricter_angle_reward_y100,1200,56.77224544363092,1200,timeout,706.9934692382812,61.42628479003906,0.40629085898399353,92.82496643066406,98.56189727783203,6.595756530761719,-13.795584678649902,72.92023339045835,50.65768941347618,43.789097504855036,0.293702778845513,0.9316135048866272,0.0,0.0
2026-05-15 15:50:02,140974,448,1,v15_1_14_phase_1_sac_stricter_angle_reward_y100,1200,58.799952100932366,1200,timeout,706.4200439453125,41.12725067138672,0.40629085898399353,93.74150085449219,98.56189727783203,5.9197845458984375,-19.023107528686523,73.593464646379,-14.959031235223998,75.20924151719389,0.282450877656449,0.274677038192749,0.0,0.0
2026-05-15 15:50:17,142174,449,1,v15_1_14_phase_1_sac_stricter_angle_reward_y100,1200,62.746932886214,1200,timeout,707.2276000976562,29.86704444885254,0.40629085898399353,80.3720703125,98.56189727783203,19.051185607910156,-7.243221282958984,28.022182956865464,27.944171951260163,-3.404588686845838,0.8827657634319884,0.9242001175880432,0.0,0.0
2026-05-15 15:50:31,143374,450,1,v15_1_14_phase_1_sac_stricter_angle_reward_y100,1200,59.15833393279651,1200,timeout,707.3446044921875,49.60986328125,0.40629085898399353,67.53831481933594,98.56189727783203,31.866065979003906,-14.556746482849121,60.45297298521819,-60.103171677065156,-115.79339911252009,0.49313776143709304,0.9802920818328857,0.0,0.0
2026-05-15 15:50:45,144490,451,1,v15_1_14_phase_1_sac_stricter_angle_reward_y100,1200,59.50816799085814,1116,bad_angle,706.6900634765625,39.81135177612305,0.40629085898399353,81.45585632324219,98.56189727783203,18.48846435546875,5.586666107177734,116.05276871606215,-133.10990941336172,-106.35963062335769,-0.4391987391396985,-0.4722612500190735,0.0,0.0
2026-05-15 15:51:00,145690,452,1,v15_1_14_phase_1_sac_stricter_angle_reward_y100,1200,65.36414024300406,1200,timeout,707.3829956054688,53.42884063720703,0.40629085898399353,81.81107330322266,98.56189727783203,17.622169494628906,-26.04308319091797,95.34672239808833,-95.73461567124254,-130.13947380370152,-0.0931825299893449,0.8958492279052734,0.0,0.0
2026-05-15 15:51:14,146890,453,1,v15_1_14_phase_1_sac_stricter_angle_reward_y100,1200,57.04469630023793,1200,timeout,706.9605102539062,21.47520637512207,0.40629085898399353,89.66783905029297,98.56189727783203,9.748878479003906,-12.102477073669434,69.38246860795854,9.88413579510741,78.81545162536639,0.3521280479072964,0.9431514739990234,0.0,0.0
2026-05-15 15:51:29,148090,454,1,v15_1_14_phase_1_sac_stricter_angle_reward_y100,1200,61.99834053117482,1200,timeout,706.6837768554688,51.522987365722656,0.40629085898399353,61.05892562866211,98.56189727783203,38.368202209472656,-15.05019474029541,54.89355758575923,-42.05120368186948,88.77440702018941,0.5750972422589492,0.9130789041519165,0.0,0.0
2026-05-15 15:51:44,149290,455,1,v15_1_14_phase_1_sac_stricter_angle_reward_y100,1200,64.74296467243822,1200,timeout,706.5952758789062,49.501739501953125,0.40629085898399353,76.07780456542969,98.56189727783203,23.32744598388672,-17.521770477294922,72.11142970970212,-71.61415095699017,109.21680120601157,0.3071667818606198,0.9775193333625793,0.0,0.0
2026-05-15 15:51:46,149454,456,1,v15_1_14_phase_1_sac_stricter_angle_reward_y100,1200,-48.92911490005976,164,low_agl,706.9547729492188,614.572265625,0.40629085898399353,0.5843899846076965,98.56189727783203,99.11321258544922,33.75090789794922,15.962652401676502,0.8811559813558808,16.169769350520678,0.9614411627653491,0.17768540978431702,0.0,0.0
2026-05-15 15:52:00,150654,457,1,v15_1_14_phase_1_sac_stricter_angle_reward_y100,1200,58.691720637242,1200,timeout,706.77880859375,46.907135009765625,0.40629085898399353,99.74767303466797,98.56189727783203,-0.30954742431640625,-8.910783767700195,70.88672898019465,62.8518173839967,38.62660488863303,0.3274367620927495,0.8818606734275818,0.0,0.0
2026-05-15 15:52:14,151806,458,1,v15_1_14_phase_1_sac_stricter_angle_reward_y100,1200,51.86133706139387,1152,bad_angle,707.2737426757812,56.71949768066406,0.40629085898399353,87.2045669555664,98.56189727783203,12.620513916015625,-8.671487808227539,110.32079883250658,-142.6364523620204,-108.89671122074809,-0.3472760899945657,-0.15999116003513336,0.0,0.0
2026-05-15 15:52:29,152993,459,1,v15_1_14_phase_1_sac_stricter_angle_reward_y100,1200,65.21642805878207,1187,bad_angle,706.94189453125,55.337066650390625,0.40629085898399353,77.49089050292969,98.56189727783203,22.127403259277344,-20.560245513916016,110.07238485239321,-117.25480004771435,-126.24834235430193,-0.3432070345009025,0.3898215889930725,0.0,0.0
2026-05-15 15:52:43,154193,460,1,v15_1_14_phase_1_sac_stricter_angle_reward_y100,1200,58.47825759961009,1200,timeout,707.3948974609375,37.558128356933594,0.40629085898399353,100.94096374511719,98.56189727783203,-1.4721298217773438,-18.26043128967285,63.183341105930786,55.958759737768574,37.0972299108188,0.4511370432317701,0.7960776090621948,0.0,0.0
2026-05-15 15:52:58,155393,461,1,v15_1_14_phase_1_sac_stricter_angle_reward_y100,1200,64.71271351962083,1200,timeout,706.8629150390625,45.01732635498047,0.40629085898399353,80.48934173583984,98.56189727783203,18.946319580078125,-13.357419967651367,56.565553743632506,11.616166754464155,-54.48253729207538,0.5509825515980773,0.8888959884643555,0.0,0.0
2026-05-15 15:53:12,156593,462,1,v15_1_14_phase_1_sac_stricter_angle_reward_y100,1200,70.1756589388329,1200,timeout,707.3688354492188,46.631317138671875,0.40629085898399353,72.72354888916016,98.56189727783203,26.764793395996094,-8.990954399108887,17.702544054994284,11.897757524697209,-16.31709482337056,0.9526479805971606,0.7423352599143982,0.0,0.0
2026-05-15 15:53:25,157669,463,1,v15_1_14_phase_1_sac_stricter_angle_reward_y100,1200,47.16860772463604,1076,bad_angle,707.16748046875,55.924312591552734,0.40629085898399353,119.81220245361328,98.56189727783203,-20.393661499023438,14.493409156799316,111.26303708888818,138.63147531953504,-70.68062119180034,-0.36265009808733123,0.9378822445869446,0.0,0.0
2026-05-15 15:53:40,158869,464,1,v15_1_14_phase_1_sac_stricter_angle_reward_y100,1200,65.23415682896425,1200,timeout,707.1344604492188,37.519554138183594,0.40629085898399353,103.03641510009766,98.56189727783203,-3.62200927734375,-20.233333587646484,80.80830274969018,78.2503764149529,27.04769083967577,0.15973813978253287,0.9499154090881348,0.0,0.0
2026-05-15 15:53:55,160069,465,1,v15_1_14_phase_1_sac_stricter_angle_reward_y100,1200,62.2551765374499,1200,timeout,706.7111206054688,44.16050720214844,0.40629085898399353,76.53170776367188,98.56189727783203,22.91126251220703,-15.238088607788086,40.79007072332915,20.698113053252847,-38.98119415939424,0.7571082811404445,0.8682001829147339,0.0,0.0
2026-05-15 15:54:09,161269,466,1,v15_1_14_phase_1_sac_stricter_angle_reward_y100,1200,53.54924551083116,1200,timeout,707.295166015625,51.43096923828125,0.40629085898399353,99.2477035522461,98.56189727783203,0.1643218994140625,-7.116995811462402,73.2279402427566,73.11985932933031,-7.762808812495679,0.2885649264810896,0.9569563865661621,0.0,0.0
2026-05-15 15:54:23,162414,467,1,v15_1_14_phase_1_sac_stricter_angle_reward_y100,1200,66.4568129617081,1145,bad_angle,707.2022094726562,9.966233253479004,0.40629085898399353,96.61434173583984,98.56189727783203,2.9189071655273438,-10.752037048339844,112.49109144127813,-103.86797078394787,-138.7152407595161,-0.3825397795491529,0.6195375323295593,0.0,0.0
2026-05-15 15:54:37,163518,468,1,v15_1_14_phase_1_sac_stricter_angle_reward_y100,1200,52.8925229745118,1104,bad_angle,706.6212158203125,26.667768478393555,0.40629085898399353,109.0118637084961,98.56189727783203,-9.609107971191406,19.666513442993164,110.31142781296532,146.8554055708239,65.32685254296672,-0.34712270939775636,0.9855341911315918,0.0,0.0
2026-05-15 15:54:51,164664,469,1,v15_1_14_phase_1_sac_stricter_angle_reward_y100,1200,47.62197732089463,1146,bad_angle,706.4156494140625,46.85036849975586,0.40629085898399353,120.10838317871094,98.56189727783203,-20.706459045410156,3.167180061340332,111.74122546286995,114.25166149230813,45.794830365953466,-0.37041519103167836,0.9882451295852661,0.0,0.0
2026-05-15 15:55:06,165864,470,1,v15_1_14_phase_1_sac_stricter_angle_reward_y100,1200,56.69445814604735,1200,timeout,707.0208129882812,38.2253303527832,0.40629085898399353,102.4941177368164,98.56189727783203,-3.0406417846679688,-21.522687911987305,81.51076038506932,75.84183997774214,63.97317735136189,0.14762366724223758,0.838762640953064,0.0,0.0
2026-05-15 15:55:20,167064,471,1,v15_1_14_phase_1_sac_stricter_angle_reward_y100,1200,52.105691645415675,1200,timeout,706.4773559570312,39.664344787597656,0.40629085898399353,93.9127426147461,98.56189727783203,5.577598571777344,-10.756205558776855,43.55227777085776,38.9005501158639,21.890927044620117,0.7247460012092584,0.7367873787879944,0.0,0.0
2026-05-15 15:55:33,168176,472,1,v15_1_14_phase_1_sac_stricter_angle_reward_y100,1200,68.80767979357397,1112,bad_angle,707.3941650390625,31.441423416137695,0.40629085898399353,79.16507720947266,98.56189727783203,20.75621795654297,-2.0334436893463135,110.89057321306905,-118.92107933725232,-97.08445912672298,-0.3565842912592705,-0.41230669617652893,0.0,0.0
2026-05-15 15:55:47,169255,473,1,v15_1_14_phase_1_sac_stricter_angle_reward_y100,1200,55.39739172384538,1079,bad_angle,706.9254760742188,67.21849060058594,0.40629085898399353,83.17617797851562,98.56189727783203,16.368629455566406,6.027787208557129,116.2949672240308,-108.3656640127796,-138.3580901678161,-0.4429924430816641,0.5881258249282837,0.0,0.0
2026-05-15 15:56:01,170411,474,1,v15_1_14_phase_1_sac_stricter_angle_reward_y100,1200,43.62334999642088,1156,bad_angle,706.8490600585938,40.5841178894043,0.40629085898399353,121.37569427490234,98.56189727783203,-21.912559509277344,0.046704985201358795,114.80119119217068,129.26520958993987,-87.40282990277,-0.4194709552539189,0.8119049072265625,0.0,0.0
2026-05-15 15:56:16,171611,475,1,v15_1_14_phase_1_sac_stricter_angle_reward_y100,1200,58.95033215324563,1200,timeout,706.6827392578125,25.011661529541016,0.40629085898399353,101.37357330322266,98.56189727783203,-1.9211883544921875,-21.762372970581055,82.12661805196186,65.66138837832477,64.67846268505741,0.13698436761811184,0.8422454595565796,0.0,0.0
2026-05-15 15:56:29,172741,476,1,v15_1_14_phase_1_sac_stricter_angle_reward_y100,1200,236.29405997225587,1130,success,706.4156494140625,9.690476417541504,0.40629085898399353,93.69834899902344,98.56189727783203,5.8997344970703125,23.146697998046875,22.881453030886412,-12.66333037687549,-23.696992985711567,0.92131131893198,0.444415807723999,0.0,0.0
2026-05-15 15:56:44,173941,477,1,v15_1_14_phase_1_sac_stricter_angle_reward_y100,1200,54.17490929386248,1200,timeout,707.36669921875,62.29664993286133,0.40629085898399353,104.92630767822266,98.56189727783203,-5.3489990234375,-14.793213844299316,77.00722734449722,46.03180036411248,-71.91784848824562,0.22482814458145217,0.5001690983772278,0.0,0.0
2026-05-15 15:56:59,175141,478,1,v15_1_14_phase_1_sac_stricter_angle_reward_y100,1200,58.61786009561114,1200,timeout,707.224853515625,26.934741973876953,0.40629085898399353,99.88563537597656,98.56189727783203,-0.42597198486328125,-18.261701583862305,67.16345625983729,56.87399484126652,44.65277834049773,0.3881034798255785,0.8215351700782776,0.0,0.0
2026-05-15 15:57:13,176341,479,1,v15_1_14_phase_1_sac_stricter_angle_reward_y100,1200,63.178510644663476,1200,timeout,707.2279052734375,41.979251861572266,0.40629085898399353,82.92869567871094,98.56189727783203,16.556610107421875,-19.315828323364258,78.08962791283665,-30.776607003834844,-98.49176496369076,0.20638131863274198,0.7506139278411865,0.0,0.0
2026-05-15 15:57:27,177491,480,1,v15_1_14_phase_1_sac_stricter_angle_reward_y100,1200,54.21651550336464,1150,bad_angle,706.4776000976562,9.676198959350586,0.40629085898399353,108.09843444824219,98.56189727783203,-8.584526062011719,7.289799690246582,111.66079315520388,114.66178703121072,-48.29265445108923,-0.3691108759938556,0.6722347736358643,0.0,0.0
2026-05-15 15:57:41,178613,481,1,v15_1_14_phase_1_sac_stricter_angle_reward_y100,1200,60.25573887487534,1122,bad_angle,706.7765502929688,29.640348434448242,0.40629085898399353,111.56851196289062,98.56189727783203,-12.13861083984375,-0.46161317825317383,113.37570339163234,136.8459272667103,-75.4111145883028,-0.396758675754211,0.9052314162254333,0.0,0.0
2026-05-15 15:57:55,179813,482,1,v15_1_14_phase_1_sac_stricter_angle_reward_y100,1200,59.00025640631592,1200,timeout,707.3855590820312,50.131629943847656,0.40629085898399353,91.61741638183594,98.56189727783203,8.005279541015625,-17.224294662475586,47.661046367970634,6.6140824115603705,-47.86344194855104,0.6735152102828418,0.3779858350753784,0.0,0.0
2026-05-15 15:58:10,181013,483,1,v15_1_14_phase_1_sac_stricter_angle_reward_y100,1200,56.43060509485492,1200,timeout,706.4801025390625,30.67301368713379,0.40629085898399353,110.9901123046875,98.56189727783203,-11.569091796875,-20.40214729309082,99.41184608640482,96.13710505865305,42.965871879666324,-0.1635299357118627,0.9306034445762634,0.0,0.0
2026-05-15 15:58:26,182213,484,1,v15_1_14_phase_1_sac_stricter_angle_reward_y100,1200,60.3132512306408,1200,timeout,706.9847412109375,37.6275520324707,0.40629085898399353,101.09989166259766,98.56189727783203,-1.6460723876953125,-27.750877380371094,106.83654175196466,-127.4574634223126,-112.9424713227676,-0.2896422914967468,0.8380043506622314,0.0,0.0
2026-05-15 15:58:41,183413,485,1,v15_1_14_phase_1_sac_stricter_angle_reward_y100,1200,58.98920007047258,1200,timeout,706.4808959960938,36.65739440917969,0.40629085898399353,103.55572509765625,98.56189727783203,-4.082267761230469,-16.363994598388672,57.98277360018054,59.691666439950225,1.6299085322076527,0.5301742122098947,0.7833897471427917,0.0,0.0
2026-05-15 15:58:57,184613,486,1,v15_1_14_phase_1_sac_stricter_angle_reward_y100,1200,61.00564443434273,1200,timeout,707.0543823242188,49.496707916259766,0.40629085898399353,97.20003509521484,98.56189727783203,2.233367919921875,-20.312692642211914,68.45962125863062,59.667043607992326,-35.31762412257197,0.3671568399800084,0.8952236175537109,0.0,0.0
2026-05-15 15:59:13,185726,487,1,v15_1_14_phase_1_sac_stricter_angle_reward_y100,1200,237.69471307940387,1113,success,706.4247436523438,8.235860824584961,0.40629085898399353,96.17703247070312,98.56189727783203,3.3451309204101562,30.482046127319336,21.60327362772503,15.656405502313348,-16.54480137746774,0.9297554513599754,0.6497927904129028,0.0,0.0
2026-05-15 15:59:26,186857,488,1,v15_1_14_phase_1_sac_stricter_angle_reward_y100,1200,49.34950135947657,1131,bad_angle,706.4393310546875,65.23890686035156,0.40629085898399353,110.64521026611328,98.56189727783203,-11.222129821777344,3.7103562355041504,110.83125985031666,112.70095583371595,-93.50715437911798,-0.3556169385589858,0.9248035550117493,0.0,0.0
2026-05-15 15:59:41,188021,489,1,v15_1_14_phase_1_sac_stricter_angle_reward_y100,1200,51.985223976200096,1164,bad_angle,707.3826904296875,23.097410202026367,0.40629085898399353,113.2606201171875,98.56189727783203,-13.786781311035156,-14.363729476928711,114.29391304251384,136.9776952761782,-83.62416434824384,-0.4114175311234012,0.7822484970092773,0.0,0.0
2026-05-15 15:59:55,189221,490,1,v15_1_14_phase_1_sac_stricter_angle_reward_y100,1200,56.370076076190664,1200,timeout,706.9390869140625,51.40644454956055,0.40629085898399353,98.14071655273438,98.56189727783203,1.3245925903320312,-8.6016845703125,56.38385363623724,52.698976824299116,-25.77213935179755,0.5536262504772569,0.8058934211730957,0.0,0.0
2026-05-15 16:00:09,190356,491,1,v15_1_14_phase_1_sac_stricter_angle_reward_y100,1200,44.77495902406254,1135,bad_angle,706.52294921875,59.169288635253906,0.40629085898399353,122.45266723632812,98.56189727783203,-23.01873779296875,2.0700509548187256,112.0273625777693,144.87318905103783,-77.64388293741246,-0.3750493431611599,0.8942370414733887,0.0,0.0
2026-05-15 16:00:23,191495,492,1,v15_1_14_phase_1_sac_stricter_angle_reward_y100,1200,45.45681602830559,1139,bad_angle,706.5968017578125,28.09304428100586,0.40629085898399353,123.0028076171875,98.56189727783203,-23.447219848632812,11.999419212341309,110.50427137399147,106.10228958599912,-75.25759925651758,-0.35027720876683166,0.5589389801025391,0.0,0.0
2026-05-15 16:00:38,192695,493,1,v15_1_14_phase_1_sac_stricter_angle_reward_y100,1200,64.05292392808607,1200,timeout,706.5443725585938,40.14686584472656,0.40629085898399353,84.84710693359375,98.56189727783203,14.562255859375,-17.605419158935547,60.92164007549695,14.694185527514877,42.16198935020709,0.4860053302163781,0.964948296546936,0.0,0.0
2026-05-15 16:00:52,193895,494,1,v15_1_14_phase_1_sac_stricter_angle_reward_y100,1200,49.782089278912466,1200,timeout,707.3900146484375,31.022409439086914,0.40629085898399353,113.92415618896484,98.56189727783203,-14.296516418457031,-8.875938415527344,54.19640359227062,50.262504913383,-24.307009133316456,0.585008583626304,0.36472946405410767,0.0,0.0
2026-05-15 16:01:07,195095,495,1,v15_1_14_phase_1_sac_stricter_angle_reward_y100,1200,66.07650375022698,1200,timeout,706.845458984375,42.23522186279297,0.40629085898399353,87.75443267822266,98.56189727783203,11.73004150390625,-20.86300277709961,67.56563828873516,-1.50791996624905,74.16414744210107,0.38162478115556897,0.7532142996788025,0.0,0.0
2026-05-15 16:01:22,196295,496,1,v15_1_14_phase_1_sac_stricter_angle_reward_y100,1200,59.6289651311038,1200,timeout,707.0420532226562,44.671749114990234,0.40629085898399353,95.74580383300781,98.56189727783203,3.6712646484375,-17.453502655029297,78.81559505933896,52.26963796326128,-52.32118881602196,0.19396734261942356,0.9421732425689697,0.0,0.0
2026-05-15 16:01:36,197495,497,1,v15_1_14_phase_1_sac_stricter_angle_reward_y100,1200,61.51741416198638,1200,timeout,707.1582641601562,28.03009796142578,0.40629085898399353,99.36604309082031,98.56189727783203,0.06829071044921875,-15.716604232788086,64.8175185063697,64.70671917765375,16.760765128834368,0.42550261571411063,0.8925632238388062,0.0,0.0
2026-05-15 16:01:51,198695,498,1,v15_1_14_phase_1_sac_stricter_angle_reward_y100,1200,58.546054053233426,1200,timeout,706.7404174804688,49.122314453125,0.40629085898399353,95.87842559814453,98.56189727783203,3.624114990234375,-8.533859252929688,46.48935473661163,40.28879630995275,-26.10395677186594,0.6884893346677954,0.7033475637435913,0.0,0.0
2026-05-15 16:02:06,199895,499,1,v15_1_14_phase_1_sac_stricter_angle_reward_y100,1200,63.27682238887055,1200,timeout,707.1189575195312,57.22727966308594,0.40629085898399353,81.57369232177734,98.56189727783203,17.843963623046875,-14.564549446105957,69.60533768057606,36.133312634011574,-60.3524326006356,0.34848472852503554,0.940368115901947,0.0,0.0
2026-05-15 16:02:20,201050,500,1,v15_1_14_phase_1_sac_stricter_angle_reward_y100,1200,62.32491159065034,1155,bad_angle,707.3341064453125,14.70733642578125,0.40629085898399353,106.51866912841797,98.56189727783203,-7.09228515625,-13.557843208312988,113.29600874439663,153.73616546145144,64.71844661245866,-0.3954815221217965,0.9152047634124756,0.0,0.0
2026-05-15 16:02:34,202200,501,1,v15_1_14_phase_1_sac_stricter_angle_reward_y100,1200,58.68106876295447,1150,bad_angle,707.3552856445312,18.46613883972168,0.40629085898399353,100.1048583984375,98.56189727783203,-0.5606765747070312,-11.262136459350586,112.14063443496478,-148.7850979358926,116.40972806246536,-0.37688126691029095,0.5899650454521179,0.0,0.0
2026-05-15 16:02:48,203400,502,1,v15_1_14_phase_1_sac_stricter_angle_reward_y100,1200,64.21774840899917,1200,timeout,707.2615966796875,35.62936782836914,0.40629085898399353,91.7252197265625,98.56189727783203,7.74298095703125,-14.31730842590332,44.980316647051104,39.08387239318704,-24.84026249238686,0.7073496584361662,0.7978976964950562,0.0,0.0
2026-05-15 16:03:03,204600,503,1,v15_1_14_phase_1_sac_stricter_angle_reward_y100,1200,62.728444759120066,1200,timeout,707.0634765625,50.28761672973633,0.40629085898399353,84.99335479736328,98.56189727783203,14.564659118652344,-15.450251579284668,19.654854591499465,15.813843070229435,-11.540209928251736,0.9417358620282382,0.5523301362991333,0.0,0.0
2026-05-15 16:03:16,205670,504,1,v15_1_14_phase_1_sac_stricter_angle_reward_y100,1200,38.95812515208472,1070,bad_angle,706.45947265625,67.06648254394531,0.40629085898399353,138.57479858398438,98.56189727783203,-39.145286560058594,18.20026206970215,111.48199929330045,115.89881625217006,49.4400271939084,-0.366208897865953,0.9062614440917969,0.0,0.0
2026-05-15 16:03:30,206813,505,1,v15_1_14_phase_1_sac_stricter_angle_reward_y100,1200,66.45676913672384,1143,bad_angle,706.4155883789062,8.598776817321777,0.40629085898399353,98.73806762695312,98.56189727783203,0.6944656372070312,-22.11264991760254,110.87909166507426,-111.37252502128348,137.39090806058562,-0.3563970663451504,0.8976598978042603,0.0,0.0
2026-05-15 16:03:45,208013,506,1,v15_1_14_phase_1_sac_stricter_angle_reward_y100,1200,50.03238726420173,1200,timeout,707.3938598632812,53.13477325439453,0.40629085898399353,96.08210754394531,98.56189727783203,3.3616409301757812,-12.301942825317383,64.86916156668416,54.99228455511718,-37.83611636013619,0.42468676756256196,0.8660079836845398,0.0,0.0
2026-05-15 16:03:59,209213,507,1,v15_1_14_phase_1_sac_stricter_angle_reward_y100,1200,58.19704241236911,1200,timeout,707.1725463867188,25.260799407958984,0.40629085898399353,94.30747985839844,98.56189727783203,5.107398986816406,-23.062118530273438,75.43233598605403,-50.7837337244196,-59.1746347801586,0.2515231726617613,0.9485530853271484,0.0,0.0
2026-05-15 16:04:13,210324,508,1,v15_1_14_phase_1_sac_stricter_angle_reward_y100,1200,49.33364213532868,1111,bad_angle,706.41552734375,31.529695510864258,0.40629085898399353,118.65718841552734,98.56189727783203,-19.243003845214844,5.171908378601074,113.46933162477487,125.52747052892045,-31.723947411526446,-0.39825814246905766,0.9505891799926758,0.0,0.0
2026-05-15 16:04:27,211524,509,1,v15_1_14_phase_1_sac_stricter_angle_reward_y100,1200,48.71095311206196,1200,timeout,706.5465698242188,56.008323669433594,0.40629085898399353,110.50594329833984,98.56189727783203,-11.084640502929688,-23.38072967529297,98.10722531341904,133.14729786887835,-63.392925460612624,-0.14102607825383628,0.9298244714736938,0.0,0.0
2026-05-15 16:04:42,212724,510,1,v15_1_14_phase_1_sac_stricter_angle_reward_y100,1200,42.453682788888756,1200,timeout,706.9163818359375,53.510433197021484,0.40629085898399353,128.7444610595703,98.56189727783203,-29.30921173095703,-15.07602310180664,99.32724736334505,98.7051059224161,26.389287924443224,-0.1620731081692845,0.8899527192115784,0.0,0.0
2026-05-15 16:04:56,213924,511,1,v15_1_14_phase_1_sac_stricter_angle_reward_y100,1200,43.93451794510512,1200,timeout,706.5682373046875,61.54465103149414,0.40629085898399353,127.8837890625,98.56189727783203,-28.433448791503906,-12.661834716796875,89.15555889663281,94.19874518352762,-28.521495398402784,0.014737744031745338,0.8475408554077148,0.0,0.0
2026-05-15 16:05:09,215008,512,1,v15_1_14_phase_1_sac_stricter_angle_reward_y100,1200,48.46452138385835,1084,bad_angle,706.4148559570312,62.419342041015625,0.40629085898399353,111.83395385742188,98.56189727783203,-12.332748413085938,10.472195625305176,110.53293084774884,167.0273857372161,-107.72458245728221,-0.3507456773367766,0.7070359587669373,0.0,0.0
2026-05-15 16:05:24,216193,513,1,v15_1_14_phase_1_sac_stricter_angle_reward_y100,1200,62.85550938422907,1185,bad_angle,707.310546875,27.87019920349121,0.40629085898399353,101.3876724243164,98.56189727783203,-1.9728012084960938,-30.407718658447266,111.93579023156693,-112.54991303041028,124.65554223985495,-0.3735672895330509,0.9486504793167114,0.0,0.0
2026-05-15 16:05:38,217393,514,1,v15_1_14_phase_1_sac_stricter_angle_reward_y100,1200,52.64086223043336,1200,timeout,707.3577270507812,41.98021697998047,0.40629085898399353,118.79373931884766,98.56189727783203,-19.332115173339844,-18.651742935180664,82.14070190203043,83.12623672756074,2.2361689295426785,0.13674087112227432,0.8161175847053528,0.0,0.0
2026-05-15 16:05:51,218483,515,1,v15_1_14_phase_1_sac_stricter_angle_reward_y100,1200,45.13243091705613,1090,bad_angle,707.3749389648438,45.415950775146484,0.40629085898399353,122.45706939697266,98.56189727783203,-23.040870666503906,18.495912551879883,110.13885625339579,108.87146684157572,46.166966392692444,-0.34429648064254387,0.9446718096733093,0.0,0.0
2026-05-15 16:06:06,219649,516,1,v15_1_14_phase_1_sac_stricter_angle_reward_y100,1200,50.894257372530966,1166,bad_angle,707.3736572265625,31.470556259155273,0.40629085898399353,116.84408569335938,98.56189727783203,-17.39000701904297,-6.387222766876221,113.97832415191338,128.9354890379467,-79.73952840874493,-0.4063910061032941,0.8371258974075317,0.0,0.0
2026-05-15 16:06:20,220849,517,1,v15_1_14_phase_1_sac_stricter_angle_reward_y100,1200,66.18121498023967,1200,timeout,707.0162353515625,40.52149200439453,0.40629085898399353,103.21760559082031,98.56189727783203,-3.7894515991210938,-21.48086929321289,72.99664271670328,72.84143349800391,-18.835551202441632,0.292427739517118,0.9101641774177551,0.0,0.0
2026-05-15 16:06:34,221978,518,1,v15_1_14_phase_1_sac_stricter_angle_reward_y100,1200,63.690467366965606,1129,bad_angle,706.7667846679688,1.7558356523513794,0.40629085898399353,100.63522338867188,98.56189727783203,-1.2149200439453125,8.663432121276855,118.23445408036929,118.78112876115877,-36.86883863025732,-0.473080639898585,0.9327163100242615,0.0,0.0
2026-05-15 16:06:48,223107,519,1,v15_1_14_phase_1_sac_stricter_angle_reward_y100,1200,57.97670903039785,1129,bad_angle,707.3613891601562,12.187295913696289,0.40629085898399353,108.55149841308594,98.56189727783203,-9.094856262207031,3.9318807125091553,112.14759439772902,120.32339913612599,-47.97570635284395,-0.3769937810747298,0.8299583196640015,0.0,0.0
2026-05-15 16:07:01,224209,520,1,v15_1_14_phase_1_sac_stricter_angle_reward_y100,1200,53.442551084010006,1102,bad_angle,706.8910522460938,34.454986572265625,0.40629085898399353,117.05265045166016,98.56189727783203,-17.63262939453125,8.491077423095703,113.38630384522419,118.47901583379077,56.71431867884997,-0.3969284964750046,0.9335461854934692,0.0,0.0
2026-05-15 16:07:16,225409,521,1,v15_1_14_phase_1_sac_stricter_angle_reward_y100,1200,46.50894901963495,1200,timeout,707.071533203125,44.01546096801758,0.40629085898399353,123.06614685058594,98.56189727783203,-23.631683349609375,-19.00678825378418,100.29489392343909,104.24504503745676,-31.624704762886157,-0.17871453268933365,0.892220675945282,0.0,0.0
2026-05-15 16:07:30,226542,522,1,v15_1_14_phase_1_sac_stricter_angle_reward_y100,1200,55.64388914448417,1133,bad_angle,707.14501953125,29.174388885498047,0.40629085898399353,113.34058380126953,98.56189727783203,-13.936332702636719,-1.8166956901550293,111.3143523001225,114.35681908476965,-39.243869574494596,-0.36348460296772744,0.9806983470916748,0.0,0.0
2026-05-15 16:07:44,227702,523,1,v15_1_14_phase_1_sac_stricter_angle_reward_y100,1200,60.31518638507262,1160,bad_angle,707.1138305664062,36.85468292236328,0.40629085898399353,109.07035064697266,98.56189727783203,-9.654258728027344,-24.03855323791504,112.37865286716138,-126.97481493480282,86.41334722789941,-0.3807258846246821,0.9459694027900696,0.0,0.0
2026-05-15 16:07:58,228828,524,1,v15_1_14_phase_1_sac_stricter_angle_reward_y100,1200,50.39139362311155,1126,bad_angle,706.5626831054688,32.839515686035156,0.40629085898399353,128.85777282714844,98.56189727783203,-29.36176300048828,3.4110774993896484,110.35880200504853,110.11139889293233,16.82228122759409,-0.34789801341299187,0.7212368249893188,0.0,0.0
2026-05-15 16:08:13,230028,525,1,v15_1_14_phase_1_sac_stricter_angle_reward_y100,1200,59.64120105879351,1200,timeout,706.8807983398438,58.375606536865234,0.40629085898399353,97.41059112548828,98.56189727783203,2.0552978515625,-19.150970458984375,74.06155800076748,46.70082080840981,-65.46307383577344,0.27460442717394973,0.804236650466919,0.0,0.0
2026-05-15 16:08:27,231228,526,1,v15_1_14_phase_1_sac_stricter_angle_reward_y100,1200,64.15025333207379,1200,timeout,706.5864868164062,36.51723098754883,0.40629085898399353,90.99224853515625,98.56189727783203,8.768013000488281,-13.50534439086914,13.401754080876616,-13.39077199046488,2.033072827685526,0.972768782910436,0.011221431195735931,0.0,0.0
2026-05-15 16:08:42,232428,527,1,v15_1_14_phase_1_sac_stricter_angle_reward_y100,1200,56.28998994617861,1200,timeout,706.9599609375,33.75766372680664,0.40629085898399353,104.51730346679688,98.56189727783203,-5.068809509277344,-18.875097274780273,67.80377966433682,69.13019557096412,10.855599577173846,0.3777797085477525,0.8526785969734192,0.0,0.0
2026-05-15 16:08:56,233628,528,1,v15_1_14_phase_1_sac_stricter_angle_reward_y100,1200,56.10378266682127,1200,timeout,706.4443969726562,30.77659797668457,0.40629085898399353,110.22091674804688,98.56189727783203,-10.814666748046875,-22.57661247253418,99.20983641151253,99.07198953368334,22.488558351712477,-0.16005065468507385,0.9743912816047668,0.0,0.0
2026-05-15 16:09:10,234740,529,1,v15_1_14_phase_1_sac_stricter_angle_reward_y100,1200,62.28678397867285,1112,bad_angle,706.4310913085938,19.1901912689209,0.40629085898399353,107.96630096435547,98.56189727783203,-8.565757751464844,-5.813243389129639,110.10296360930737,115.11595362988155,14.188945335551633,-0.3437082685320443,0.993060290813446,0.0,0.0
2026-05-15 16:09:24,235846,530,1,v15_1_14_phase_1_sac_stricter_angle_reward_y100,1200,56.583235906757956,1106,bad_angle,707.0048828125,18.736129760742188,0.40629085898399353,110.77995300292969,98.56189727783203,-11.3692626953125,16.28179168701172,111.30784996003264,112.80845618106278,-0.3532902808388666,-0.36337887588769113,0.9610122442245483,0.0,0.0
2026-05-15 16:09:37,236951,531,1,v15_1_14_phase_1_sac_stricter_angle_reward_y100,1200,49.95877315340783,1105,bad_angle,707.0651245117188,32.612369537353516,0.40629085898399353,119.7027587890625,98.56189727783203,-20.289939880371094,16.85565948486328,112.7070483624556,112.46240464676409,-20.199808064618104,-0.386019527393704,0.9546111822128296,0.0,0.0
2026-05-15 16:09:51,238151,532,1,v15_1_14_phase_1_sac_stricter_angle_reward_y100,1200,49.668213706877374,1200,timeout,706.9525756835938,56.163143157958984,0.40629085898399353,126.93634033203125,98.56189727783203,-27.46483612060547,-14.361706733703613,81.36241550648582,81.3554692040999,-2.0925605737051636,0.15018390887187552,0.7887149453163147,0.0,0.0
2026-05-15 16:10:06,239351,533,1,v15_1_14_phase_1_sac_stricter_angle_reward_y100,1200,58.99490938789197,1200,timeout,707.379150390625,46.03156661987305,0.40629085898399353,106.47894287109375,98.56189727783203,-7.047538757324219,-20.57967758178711,73.47418905290307,73.81114277522731,8.134832994886995,0.28444725074718497,0.9009026885032654,0.0,0.0
2026-05-15 16:10:19,240471,534,1,v15_1_14_phase_1_sac_stricter_angle_reward_y100,1200,59.967298382963115,1120,bad_angle,706.4276123046875,6.876183032989502,0.40629085898399353,104.64498901367188,98.56189727783203,-5.214179992675781,14.184064865112305,114.88544840577195,114.68192242888391,-16.243678827529383,-0.420805434892366,0.9025769233703613,0.0,0.0
2026-05-15 16:10:33,241603,535,1,v15_1_14_phase_1_sac_stricter_angle_reward_y100,1200,55.513993952196884,1132,bad_angle,706.5174560546875,26.917957305908203,0.40629085898399353,118.22881317138672,98.56189727783203,-18.7994384765625,-3.909672260284424,111.19095810257704,114.18303858171701,-20.671823655137466,-0.3614774347395758,0.9066832065582275,0.0,0.0
2026-05-15 16:10:47,242803,536,1,v15_1_14_phase_1_sac_stricter_angle_reward_y100,1200,50.99923360111735,1200,timeout,707.2918701171875,53.884483337402344,0.40629085898399353,120.86016845703125,98.56189727783203,-21.418251037597656,-14.538086891174316,84.81138099958628,85.60883290594195,-12.514954762440718,0.09043476000236902,0.8712438941001892,0.0,0.0
2026-05-15 16:11:02,244003,537,1,v15_1_14_phase_1_sac_stricter_angle_reward_y100,1200,50.13352212328579,1200,timeout,707.310546875,37.45359802246094,0.40629085898399353,117.02362823486328,98.56189727783203,-17.56481170654297,-15.920913696289062,85.55285950569369,84.40747776301758,-21.666901962485575,0.07753933403601684,0.8239189386367798,0.0,0.0
2026-05-15 16:11:15,245095,538,1,v15_1_14_phase_1_sac_stricter_angle_reward_y100,1200,57.25668260251925,1092,bad_angle,707.1700439453125,27.55391502380371,0.40629085898399353,120.42882537841797,98.56189727783203,-20.981613159179688,11.719902992248535,110.87694698567488,110.4887531841972,25.755000699622695,-0.35636209234749744,0.8562911748886108,0.0,0.0
2026-05-15 16:11:29,246295,539,1,v15_1_14_phase_1_sac_stricter_angle_reward_y100,1200,60.903719863944275,1200,timeout,707.3648681640625,42.25644302368164,0.40629085898399353,101.44963073730469,98.56189727783203,-2.0457916259765625,-17.687763214111328,82.72882900089272,82.07918921836529,17.006144797408954,0.1265655099524915,0.9819936752319336,0.0,0.0
2026-05-15 16:11:44,247495,540,1,v15_1_14_phase_1_sac_stricter_angle_reward_y100,1200,63.540713940858346,1200,timeout,707.268798828125,50.2539176940918,0.40629085898399353,95.6025390625,98.56189727783203,3.9532241821289062,-14.657999038696289,53.43123115993243,28.621296415007716,48.14054613827304,0.5957871813883906,0.5584051012992859,0.0,0.0
2026-05-15 16:11:59,248695,541,1,v15_1_14_phase_1_sac_stricter_angle_reward_y100,1200,67.37394668685637,1200,timeout,706.429931640625,39.395599365234375,0.40629085898399353,86.52584838867188,98.56189727783203,12.902854919433594,-15.365559577941895,48.09962305986091,43.956583988587504,16.141622140951053,0.6678374521680126,0.9085745811462402,0.0,0.0
2026-05-15 16:12:13,249895,542,1,v15_1_14_phase_1_sac_stricter_angle_reward_y100,1200,64.08285682662522,1200,timeout,707.0868530273438,55.614906311035156,0.40629085898399353,90.51522064208984,98.56189727783203,8.889503479003906,-18.13357925415039,69.88525249314152,69.89973249418195,15.1964127522805,0.3439013990643691,0.9793179631233215,0.0,0.0
2026-05-15 16:12:27,251095,543,1,v15_1_14_phase_1_sac_stricter_angle_reward_y100,1200,67.76052705628987,1200,timeout,706.4754638671875,40.846595764160156,0.40629085898399353,102.41069793701172,98.56189727783203,-3.0019607543945312,-20.158205032348633,80.96575227043732,80.00080363506542,-19.75148469278222,0.15702481358356585,0.9668912887573242,0.0,0.0
2026-05-15 16:12:42,252295,544,1,v15_1_14_phase_1_sac_stricter_angle_reward_y100,1200,51.79699618360795,1200,timeout,707.0196533203125,41.80669021606445,0.40629085898399353,119.98313903808594,98.56189727783203,-20.55609130859375,-20.204381942749023,95.97184180149542,96.8919229242095,10.491910786890886,-0.10403968962126955,0.9133350849151611,0.0,0.0
2026-05-15 16:12:57,253495,545,1,v15_1_14_phase_1_sac_stricter_angle_reward_y100,1200,58.67461617768063,1200,timeout,707.1837158203125,39.73463821411133,0.40629085898399353,110.75640869140625,98.56189727783203,-11.334220886230469,-21.806385040283203,84.63880944001674,84.64305781768049,-2.953824803042146,0.09343394538659616,0.927303671836853,0.0,0.0
2026-05-15 16:13:10,254609,546,1,v15_1_14_phase_1_sac_stricter_angle_reward_y100,1200,235.1580631005613,1114,success,707.3148803710938,9.919281005859375,0.40629085898399353,100.57423400878906,98.56189727783203,-0.9146194458007812,31.466848373413086,23.103690311005703,21.637959035877646,8.544609340368265,0.9197962257344597,0.27917203307151794,0.0,0.0
2026-05-15 16:13:24,255717,547,1,v15_1_14_phase_1_sac_stricter_angle_reward_y100,1200,51.3841098375543,1108,bad_angle,706.8046264648438,27.60007667541504,0.40629085898399353,123.009521484375,98.56189727783203,-23.52936553955078,9.438302993774414,114.80216107903281,116.20524585909352,46.31640751663774,-0.419486321648374,0.7648633718490601,0.0,0.0
2026-05-15 16:13:37,256852,548,1,v15_1_14_phase_1_sac_stricter_angle_reward_y100,1200,66.91434024572071,1135,bad_angle,707.3939208984375,16.242401123046875,0.40629085898399353,105.44232940673828,98.56189727783203,-6.013641357421875,-20.246463775634766,111.80465742969186,113.71560775567802,-75.81853537229405,-0.3714433085989018,0.9086235761642456,0.0,0.0
2026-05-15 16:13:51,257977,549,1,v15_1_14_phase_1_sac_stricter_angle_reward_y100,1200,50.773879659147525,1125,bad_angle,707.3703002929688,24.63676643371582,0.40629085898399353,117.15862274169922,98.56189727783203,-17.72863006591797,6.793485641479492,114.90864372819331,117.17779649501163,-31.28061690797384,-0.42117264661139125,0.9049124717712402,0.0,0.0
2026-05-15 16:14:04,259105,550,1,v15_1_14_phase_1_sac_stricter_angle_reward_y100,1200,56.06223678218133,1128,bad_angle,706.8811645507812,27.364612579345703,0.40629085898399353,110.94889831542969,98.56189727783203,-11.541099548339844,-1.3347699642181396,112.50330381951412,116.78391314595534,-62.40441950279336,-0.38273670495864887,0.969662070274353,0.0,0.0
2026-05-15 16:14:18,260183,551,1,v15_1_14_phase_1_sac_stricter_angle_reward_y100,1200,56.21431091783237,1078,bad_angle,706.693603515625,23.832733154296875,0.40629085898399353,111.8976058959961,98.56189727783203,-12.493263244628906,21.448049545288086,110.25937494130066,110.37440898730202,-1.7217542994202257,-0.3462705626807577,0.9803963303565979,0.0,0.0
2026-05-15 16:14:31,261307,552,1,v15_1_14_phase_1_sac_stricter_angle_reward_y100,1200,65.854080919371,1124,bad_angle,707.2891845703125,11.737069129943848,0.40629085898399353,104.22235107421875,98.56189727783203,-4.71197509765625,-18.923757553100586,112.94327045490049,153.1029522838779,99.97681884398077,-0.3898195292933255,0.6819037199020386,0.0,0.0
2026-05-15 16:14:45,262438,553,1,v15_1_14_phase_1_sac_stricter_angle_reward_y100,1200,50.90915113188391,1131,bad_angle,706.5084228515625,33.74577713012695,0.40629085898399353,127.40399169921875,98.56189727783203,-27.959007263183594,0.6379830837249756,115.55661011437408,116.2188925770552,-0.9171832015152882,-0.4314026704719568,0.8625748157501221,0.0,0.0
2026-05-15 16:14:59,263638,554,1,v15_1_14_phase_1_sac_stricter_angle_reward_y100,1200,58.004798991623744,1200,timeout,706.9307250976562,51.69045639038086,0.40629085898399353,111.68211364746094,98.56189727783203,-12.24969482421875,-19.17218017578125,79.7070098781065,78.64061927318158,-19.405861752853944,0.1786818399176717,0.8979830145835876,0.0,0.0
2026-05-15 16:15:14,264838,555,1,v15_1_14_phase_1_sac_stricter_angle_reward_y100,1200,52.51443610881678,1200,timeout,706.4658813476562,43.91469192504883,0.40629085898399353,113.2925033569336,98.56189727783203,-13.875877380371094,-20.381961822509766,89.08024923084425,89.07583692864043,-2.3150795991277167,0.01605198979656915,0.9434230327606201,0.0,0.0
2026-05-15 16:15:28,265959,556,1,v15_1_14_phase_1_sac_stricter_angle_reward_y100,1200,64.71613500856562,1121,bad_angle,707.1730346679688,7.286540985107422,0.40629085898399353,103.39571380615234,98.56189727783203,-3.7954330444335938,-7.138105869293213,113.56648423552913,135.5560733627101,-102.91817150815507,-0.3998129281452956,0.43825486302375793,0.0,0.0
2026-05-15 16:15:48,267159,557,1,v15_1_14_phase_1_sac_stricter_angle_reward_y100,1200,65.8832531275335,1200,timeout,707.1295166015625,44.272377014160156,0.40629085898399353,93.42744445800781,98.56189727783203,5.981391906738281,-16.52277946472168,69.2339939557808,67.1025036516841,-21.16674428503847,0.3545522618323122,0.9665337800979614,0.0,0.0
2026-05-15 16:16:19,268359,558,1,v15_1_14_phase_1_sac_stricter_angle_reward_y100,1200,63.004696950545075,1200,timeout,707.3755493164062,50.546775817871094,0.40629085898399353,104.95426940917969,98.56189727783203,-5.517051696777344,-18.881961822509766,70.7005380234201,71.46427611603258,-19.593987360710898,0.3305055301433256,0.8844000101089478,0.0,0.0
2026-05-15 16:16:49,269559,559,1,v15_1_14_phase_1_sac_stricter_angle_reward_y100,1200,70.91229178465812,1200,timeout,707.3936157226562,57.872623443603516,0.40629085898399353,92.32262420654297,98.56189727783203,7.093742370605469,-16.968219757080078,63.720221295450465,63.859557154518725,-0.5615013672911386,0.44275476790823043,0.9441418647766113,0.0,0.0
2026-05-15 16:17:20,270759,560,1,v15_1_14_phase_1_sac_stricter_angle_reward_y100,1200,67.32847163901835,1200,timeout,707.3899536132812,54.83063507080078,0.40629085898399353,100.85751342773438,98.56189727783203,-1.4268569946289062,-20.737712860107422,74.52200154328555,68.84661977700354,-38.3455904156112,0.2668683228966978,0.9030525088310242,0.0,0.0
2026-05-15 16:17:51,271959,561,1,v15_1_14_phase_1_sac_stricter_angle_reward_y100,1200,65.47763705785977,1200,timeout,707.3880004882812,49.82713317871094,0.40629085898399353,99.82438659667969,98.56189727783203,-0.3433837890625,-20.404682159423828,65.17054366381097,52.6675033126037,-48.877643078027894,0.419918724519868,0.7629098296165466,0.0,0.0
2026-05-15 16:18:23,273159,562,1,v15_1_14_phase_1_sac_stricter_angle_reward_y100,1200,64.49532314772873,1200,timeout,707.0486450195312,53.761898040771484,0.40629085898399353,101.11541748046875,98.56189727783203,-1.70452880859375,-21.27146339416504,77.06357640514983,75.84075397766411,18.08472729000235,0.223869737910781,0.960357666015625,0.0,0.0
2026-05-15 16:18:55,274359,563,1,v15_1_14_phase_1_sac_stricter_angle_reward_y100,1200,61.22481010759746,1200,timeout,707.0536499023438,42.926761627197266,0.40629085898399353,114.7459716796875,98.56189727783203,-15.32177734375,-20.81885528564453,88.60665757417391,88.66609388033136,10.230937796441161,0.024316016084316244,0.9214805364608765,0.0,0.0
2026-05-15 16:19:25,275559,564,1,v15_1_14_phase_1_sac_stricter_angle_reward_y100,1200,54.48502310135312,1200,timeout,707.247802734375,40.908607482910156,0.40629085898399353,115.46188354492188,98.56189727783203,-16.033676147460938,-22.64299201965332,95.47646184137272,93.7883532672474,-37.131759932167796,-0.09543681740207019,0.910003662109375,0.0,0.0
2026-05-15 16:19:52,276759,565,1,v15_1_14_phase_1_sac_stricter_angle_reward_y100,1200,66.44033699606675,1200,timeout,707.347900390625,51.878047943115234,0.40629085898399353,112.2616195678711,98.56189727783203,-12.842529296875,-22.576019287109375,88.11864738816567,86.02617112460807,-29.477009834983594,0.03282989724972674,0.9362324476242065,0.0,0.0
2026-05-15 16:20:18,277959,566,1,v15_1_14_phase_1_sac_stricter_angle_reward_y100,1200,63.215472061874095,1200,timeout,707.0731811523438,40.593570709228516,0.40629085898399353,103.5157241821289,98.56189727783203,-4.093048095703125,-20.282669067382812,73.96167331434522,73.67590502966105,-8.008915896216871,0.27628030786437724,0.9258940815925598,0.0,0.0
2026-05-15 16:20:43,279119,567,1,v15_1_14_phase_1_sac_stricter_angle_reward_y100,1200,54.692094771140404,1160,bad_angle,706.4385986328125,42.96321487426758,0.40629085898399353,121.6559829711914,98.56189727783203,-22.235015869140625,-14.045061111450195,110.54544375430831,111.59205413139686,-49.69767217468504,-0.3509501861467049,0.9307982921600342,0.0,0.0
2026-05-15 16:21:12,280235,568,1,v15_1_14_phase_1_sac_stricter_angle_reward_y100,1200,66.66933685667358,1116,bad_angle,706.4213256835938,8.653542518615723,0.40629085898399353,103.40065002441406,98.56189727783203,-3.9675369262695312,-26.783302307128906,110.95326068927142,152.89157158944434,-67.75845452900461,-0.35760625761843423,0.8960263133049011,0.0,0.0
2026-05-15 16:21:34,281332,569,1,v15_1_14_phase_1_sac_stricter_angle_reward_y100,1200,63.5369765092608,1097,bad_angle,706.8861694335938,14.464746475219727,0.40629085898399353,110.62749481201172,98.56189727783203,-11.142173767089844,-7.141316890716553,113.89138950415747,114.76855654831635,-65.71421306136565,-0.4050041867471884,0.7507085204124451,0.0,0.0
2026-05-15 16:21:49,282532,570,1,v15_1_14_phase_1_sac_stricter_angle_reward_y100,1200,62.35274017630999,1200,timeout,706.8936157226562,54.25312423706055,0.40629085898399353,105.24394989013672,98.56189727783203,-5.8190155029296875,-19.357643127441406,73.91257108440199,74.06173558568591,-12.525040390523888,0.2771038451366383,0.9193845987319946,0.0,0.0
2026-05-15 16:22:03,283732,571,1,v15_1_14_phase_1_sac_stricter_angle_reward_y100,1200,68.19392656701598,1200,timeout,707.0156860351562,52.80291748046875,0.40629085898399353,91.9996337890625,98.56189727783203,7.450355529785156,-18.711843490600586,61.72252756700514,51.29238132700503,-44.563528258613175,0.47374198613457125,0.8485170602798462,0.0,0.0
2026-05-15 16:22:18,284932,572,1,v15_1_14_phase_1_sac_stricter_angle_reward_y100,1200,63.97793181240772,1200,timeout,706.523681640625,45.60243606567383,0.40629085898399353,100.69170379638672,98.56189727783203,-1.2876663208007812,-21.423385620117188,82.84544765078151,80.94873826921481,28.16622993891374,0.124546237781355,0.9813687205314636,0.0,0.0
2026-05-15 16:22:33,286132,573,1,v15_1_14_phase_1_sac_stricter_angle_reward_y100,1200,65.8182608287611,1200,timeout,706.4158935546875,41.59203338623047,0.40629085898399353,101.47083282470703,98.56189727783203,-1.8992919921875,-17.529542922973633,35.40598286476984,33.95564000584182,-11.511170525221779,0.8150673023456144,0.515768826007843,0.0,0.0
2026-05-15 16:22:46,287224,574,1,v15_1_14_phase_1_sac_stricter_angle_reward_y100,1200,237.54906417701739,1092,success,706.8917236328125,9.850581169128418,0.40629085898399353,97.21194458007812,98.56189727783203,2.382232666015625,29.68180274963379,25.56995721462871,11.09962686829277,23.572342033358836,0.9020589646477758,0.45469415187835693,0.0,0.0
2026-05-15 16:23:01,288424,575,1,v15_1_14_phase_1_sac_stricter_angle_reward_y100,1200,59.576412127349954,1200,timeout,706.4192504882812,52.50513458251953,0.40629085898399353,90.73187255859375,98.56189727783203,8.854461669921875,-13.109797477722168,25.72852347130514,18.903050546914283,-18.811664323366806,0.9008610218260593,0.4758729636669159,0.0,0.0
2026-05-15 16:23:15,289624,576,1,v15_1_14_phase_1_sac_stricter_angle_reward_y100,1200,61.664727913454755,1200,timeout,707.2177734375,55.91997146606445,0.40629085898399353,96.40011596679688,98.56189727783203,3.033538818359375,-15.858757972717285,60.46525366534587,61.46996766206558,-4.355974060629965,0.4929512862402308,0.8945512175559998,0.0,0.0
2026-05-15 16:23:31,290824,577,1,v15_1_14_phase_1_sac_stricter_angle_reward_y100,1200,65.43736868996402,1200,timeout,706.9556274414062,44.955387115478516,0.40629085898399353,99.48161315917969,98.56189727783203,0.0998382568359375,-17.077503204345703,31.934593860624222,29.383309884854775,-13.671643029514145,0.8486524741134659,0.48900026082992554,0.0,0.0
2026-05-15 16:23:46,292024,578,1,v15_1_14_phase_1_sac_stricter_angle_reward_y100,1200,62.34426885697849,1200,timeout,706.5957641601562,46.64767074584961,0.40629085898399353,93.31448364257812,98.56189727783203,6.287864685058594,-14.422894477844238,19.275584432172412,17.827299167731862,-7.524360932155011,0.943941708662099,0.4327058494091034,0.0,0.0
2026-05-15 16:24:00,293224,579,1,v15_1_14_phase_1_sac_stricter_angle_reward_y100,1200,57.709721069665605,1200,timeout,707.3050537109375,64.38156127929688,0.40629085898399353,79.4642562866211,98.56189727783203,20.3140869140625,-14.659139633178711,58.37546849632126,-28.623519641582558,-55.58906208856329,0.5243505295107176,-0.036594245582818985,0.0,0.0
2026-05-15 16:24:15,294424,580,1,v15_1_14_phase_1_sac_stricter_angle_reward_y100,1200,55.36053497356439,1200,timeout,707.379150390625,44.930076599121094,0.40629085898399353,106.5268783569336,98.56189727783203,-6.9360809326171875,-21.087488174438477,63.522623922761994,40.333708218840165,-53.76190452331484,0.4458444028144059,0.46378839015960693,0.0,0.0
2026-05-15 16:24:30,295624,581,1,v15_1_14_phase_1_sac_stricter_angle_reward_y100,1200,59.6890437956851,1200,timeout,706.6702880859375,46.833919525146484,0.40629085898399353,105.19804382324219,98.56189727783203,-5.7471466064453125,-17.9710693359375,66.55352036695515,65.67256939799609,17.508664012761596,0.3978922631979092,0.845974326133728,0.0,0.0
2026-05-15 16:24:44,296824,582,1,v15_1_14_phase_1_sac_stricter_angle_reward_y100,1200,66.54959820327022,1200,timeout,706.8930053710938,60.14826202392578,0.40629085898399353,87.3204116821289,98.56189727783203,12.468643188476562,-14.693138122558594,39.66070235916213,-17.58515017863469,-36.641868029043216,0.7698374877816831,-0.06492339819669724,0.0,0.0
2026-05-15 16:24:58,297950,583,1,v15_1_14_phase_1_sac_stricter_angle_reward_y100,1200,61.887979106949714,1126,bad_angle,707.2679443359375,10.58702564239502,0.40629085898399353,107.93883514404297,98.56189727783203,-8.399192810058594,-10.903103828430176,117.70264189121376,123.285952707484,-88.48648039572753,-0.4648828704650604,0.6021574139595032,0.0,0.0
2026-05-15 16:25:12,299150,584,1,v15_1_14_phase_1_sac_stricter_angle_reward_y100,1200,59.05579499940135,1200,timeout,706.7942504882812,53.466915130615234,0.40629085898399353,86.60585021972656,98.56189727783203,13.100456237792969,-12.972829818725586,16.75665335495402,-5.369508392889096,16.23546723259974,0.957537888147778,0.1545480489730835,0.0,0.0
2026-05-15 16:25:27,300350,585,1,v15_1_14_phase_1_sac_stricter_angle_reward_y100,1200,59.84165530262731,1200,timeout,707.3619995117188,58.5635871887207,0.40629085898399353,97.72898864746094,98.56189727783203,1.673858642578125,-19.428375244140625,81.12652809331026,78.0214011532174,31.951266352388224,0.15425294177365434,0.9852058291435242,0.0,0.0
2026-05-15 16:25:42,301550,586,1,v15_1_14_phase_1_sac_stricter_angle_reward_y100,1200,64.44726487565102,1200,timeout,707.3942260742188,41.97020721435547,0.40629085898399353,100.92695617675781,98.56189727783203,-1.2841262817382812,-16.734106063842773,26.20416418472649,20.728246140323648,-16.399343961355854,0.8972262792181127,0.32401242852211,0.0,0.0
2026-05-15 16:25:56,302750,587,1,v15_1_14_phase_1_sac_stricter_angle_reward_y100,1200,65.35931905589152,1200,timeout,706.5804443359375,48.18600845336914,0.40629085898399353,104.19566345214844,98.56189727783203,-4.7473602294921875,-19.994054794311523,64.66221366502195,65.13180966102783,8.719554390674386,0.4279540091944101,0.853239893913269,0.0,0.0
2026-05-15 16:26:10,303950,588,1,v15_1_14_phase_1_sac_stricter_angle_reward_y100,1200,65.47987831679485,1200,timeout,706.7188720703125,49.32542037963867,0.40629085898399353,85.55668640136719,98.56189727783203,14.010231018066406,-16.097509384155273,18.8505690808792,16.197498211003637,11.999302800861434,0.9463644607201993,0.5282744765281677,0.0,0.0
2026-05-15 16:26:25,305150,589,1,v15_1_14_phase_1_sac_stricter_angle_reward_y100,1200,63.064539470858186,1200,timeout,706.8607177734375,43.27463912963867,0.40629085898399353,99.88301086425781,98.56189727783203,-0.15777587890625,-17.5362606048584,15.374810463212063,6.195237709295441,-14.099849786697048,0.9642120602439149,0.10414892435073853,0.0,0.0
2026-05-15 16:26:40,306350,590,1,v15_1_14_phase_1_sac_stricter_angle_reward_y100,1200,63.271315274242916,1200,timeout,706.865966796875,44.98762512207031,0.40629085898399353,104.92806243896484,98.56189727783203,-5.4250946044921875,-19.438852310180664,62.67600148457141,53.01605469613862,39.71981764642859,0.4590217143325057,0.7021341919898987,0.0,0.0
2026-05-15 16:26:53,307427,591,1,v15_1_14_phase_1_sac_stricter_angle_reward_y100,1200,61.92438599058932,1077,bad_angle,706.4259033203125,16.665729522705078,0.40629085898399353,109.84661102294922,98.56189727783203,-10.409927368164062,11.75141716003418,110.55060054713167,108.41222541235157,47.52792939614167,-0.3510344630187822,0.8858891129493713,0.0,0.0
2026-05-15 16:27:07,308627,592,1,v15_1_14_phase_1_sac_stricter_angle_reward_y100,1200,56.174926533184944,1200,timeout,706.6627197265625,51.12945556640625,0.40629085898399353,102.17891693115234,98.56189727783203,-2.7257080078125,-19.883909225463867,61.20140462390067,60.33053501415654,13.38242208420454,0.48173219102544,0.839515745639801,0.0,0.0
2026-05-15 16:27:21,309747,593,1,v15_1_14_phase_1_sac_stricter_angle_reward_y100,1200,60.589170311887,1120,bad_angle,707.0301513671875,9.674891471862793,0.40629085898399353,107.56187438964844,98.56189727783203,-8.104209899902344,-1.5093575716018677,117.13337294464988,125.80324624684887,38.68254755303002,-0.45606335019101185,0.8271058797836304,0.0,0.0
2026-05-15 16:27:36,310947,594,1,v15_1_14_phase_1_sac_stricter_angle_reward_y100,1200,64.72400386127342,1200,timeout,706.43896484375,43.806114196777344,0.40629085898399353,100.71376037597656,98.56189727783203,-1.1832275390625,-19.6663818359375,43.36947458791155,40.84890938793423,-17.20431249089312,0.7269406267264498,0.6270189881324768,0.0,0.0
2026-05-15 16:27:50,312147,595,1,v15_1_14_phase_1_sac_stricter_angle_reward_y100,1200,66.74380546355059,1200,timeout,706.45166015625,46.93746566772461,0.40629085898399353,98.41926574707031,98.56189727783203,1.3380508422851562,-17.636199951171875,22.040339140261437,-0.7069291681296683,22.040048857221713,0.9269198827144456,0.01904352940618992,0.0,0.0
2026-05-15 16:28:05,313347,596,1,v15_1_14_phase_1_sac_stricter_angle_reward_y100,1200,67.50413313378007,1200,timeout,707.3756103515625,50.17514419555664,0.40629085898399353,91.66512298583984,98.56189727783203,7.815582275390625,-15.905770301818848,43.76839861657531,40.229534173619136,-19.041384075721844,0.7221418686113683,0.7632946968078613,0.0,0.0
2026-05-15 16:28:19,314547,597,1,v15_1_14_phase_1_sac_stricter_angle_reward_y100,1200,59.36423842564062,1200,timeout,707.3939819335938,50.36357116699219,0.40629085898399353,95.2691650390625,98.56189727783203,4.691184997558594,-17.202030181884766,36.35255146108523,-36.36200785799111,2.6538006328996966,0.805384951198711,-0.5138297080993652,0.0,0.0
2026-05-15 16:28:34,315747,598,1,v15_1_14_phase_1_sac_stricter_angle_reward_y100,1200,65.34093360055445,1200,timeout,707.3826293945312,59.50285339355469,0.40629085898399353,86.12568664550781,98.56189727783203,13.475288391113281,-16.508031845092773,32.20847420105798,10.182518585414941,-31.494569168629905,0.8461143430272318,0.4363553524017334,0.0,0.0
2026-05-15 16:28:48,316947,599,1,v15_1_14_phase_1_sac_stricter_angle_reward_y100,1200,60.85169067479524,1200,timeout,707.1306762695312,51.36282730102539,0.40629085898399353,97.3365707397461,98.56189727783203,2.3589096069335938,-19.58414649963379,58.25378867625748,6.968520991273019,-58.18198289751314,0.5261576930669044,0.18337379395961761,0.0,0.0
2026-05-15 16:29:02,318147,600,1,v15_1_14_phase_1_sac_stricter_angle_reward_y100,1200,69.92316729959711,1200,timeout,707.3948364257812,42.12247848510742,0.40629085898399353,91.29560089111328,98.56189727783203,8.531143188476562,-17.240007400512695,23.944619786523088,-21.46478300456656,11.299510646805901,0.9139381690842145,-0.16438160836696625,0.0,0.0
2026-05-15 16:29:17,319347,601,1,v15_1_14_phase_1_sac_stricter_angle_reward_y100,1200,65.6734370636704,1200,timeout,706.8071899414062,44.89006042480469,0.40629085898399353,82.31307983398438,98.56189727783203,17.65625762939453,-15.839515686035156,62.66345442706609,-57.38420314207731,30.153557147746284,0.45921625727364246,-0.5372321009635925,0.0,0.0
2026-05-15 16:29:32,320547,602,1,v15_1_14_phase_1_sac_stricter_angle_reward_y100,1200,67.74304971706846,1200,timeout,706.68896484375,40.62150955200195,0.40629085898399353,95.72083282470703,98.56189727783203,3.8191146850585938,-19.566041946411133,58.23761478830289,29.594857918922994,53.79379467654963,0.5263977258086018,0.6013622283935547,0.0,0.0
2026-05-15 16:29:46,321747,603,1,v15_1_14_phase_1_sac_stricter_angle_reward_y100,1200,63.81456284851386,1200,timeout,706.7144775390625,59.45865249633789,0.40629085898399353,78.4066162109375,98.56189727783203,21.05377960205078,-13.835047721862793,34.97660302259699,34.193170079512775,-8.994649651006759,0.8193861983831867,0.8194957375526428,0.0,0.0
2026-05-15 16:29:59,322843,604,1,v15_1_14_phase_1_sac_stricter_angle_reward_y100,1200,238.76731000883854,1096,success,707.041015625,9.345253944396973,0.40629085898399353,97.88958740234375,98.56189727783203,1.77471923828125,20.124380111694336,14.69598869745576,4.718083369667361,-14.372259928911959,0.9672855161098637,0.26655492186546326,0.0,0.0
2026-05-15 16:30:14,324043,605,1,v15_1_14_phase_1_sac_stricter_angle_reward_y100,1200,59.41581224789528,1200,timeout,707.23681640625,64.91898345947266,0.40629085898399353,76.95978546142578,98.56189727783203,22.461448669433594,-14.27357292175293,60.82499972893044,41.86010181908169,-46.700653468775144,0.48747873273182973,0.9300269484519958,0.0,0.0
2026-05-15 16:30:27,325124,606,1,v15_1_14_phase_1_sac_stricter_angle_reward_y100,1200,241.31507134285516,1081,success,706.8051147460938,5.940060138702393,0.40629085898399353,95.2828598022461,98.56189727783203,4.154685974121094,29.6254825592041,21.247270507805627,17.570890451194998,-17.22013120901087,0.9320251342752697,0.8837701678276062,0.0,0.0
2026-05-15 16:30:42,326324,607,1,v15_1_14_phase_1_sac_stricter_angle_reward_y100,1200,60.13336485100116,1200,timeout,707.232421875,50.40738296508789,0.40629085898399353,89.14662170410156,98.56189727783203,10.445053100585938,-15.766785621643066,16.056167936697733,15.49109443383153,-4.39436015065226,0.9609910225337415,0.461406409740448,0.0,0.0
2026-05-15 16:30:56,327524,608,1,v15_1_14_phase_1_sac_stricter_angle_reward_y100,1200,61.90159915924015,1200,timeout,707.12646484375,45.372188568115234,0.40629085898399353,92.68414306640625,98.56189727783203,7.060333251953125,-18.021251678466797,18.88789777224061,-6.688443107941122,-18.047875004335545,0.946153756764462,0.05309922993183136,0.0,0.0
2026-05-15 16:31:11,328724,609,1,v15_1_14_phase_1_sac_stricter_angle_reward_y100,1200,63.24428977644825,1200,timeout,706.7728271484375,45.45241928100586,0.40629085898399353,93.32305145263672,98.56189727783203,6.401405334472656,-16.484039306640625,8.173345870295758,-2.2307259091044127,-7.987851592816552,0.9898424751163052,0.1062866821885109,0.0,0.0
2026-05-15 16:31:24,329796,610,1,v15_1_14_phase_1_sac_stricter_angle_reward_y100,1200,244.611051472032,1072,success,707.3944091796875,9.566582679748535,0.40629085898399353,90.93230438232422,98.56189727783203,8.484878540039062,26.498695373535156,12.777202436944295,8.740308774241116,19.308268594898216,0.9752374296048926,0.9418891072273254,0.0,0.0
2026-05-15 16:31:38,330996,611,1,v15_1_14_phase_1_sac_stricter_angle_reward_y100,1200,58.77380699114465,1200,timeout,706.5469970703125,47.64603042602539,0.40629085898399353,104.65282440185547,98.56189727783203,-4.728340148925781,-16.363807678222656,19.48168880547213,-19.17713408547585,-3.5822801135285394,0.9427481244964604,-0.4205871820449829,0.0,0.0
2026-05-15 16:31:53,332196,612,1,v15_1_14_phase_1_sac_stricter_angle_reward_y100,1200,64.75123481406493,1200,timeout,707.3937377929688,51.32453918457031,0.40629085898399353,94.64012145996094,98.56189727783203,5.025421142578125,-20.195892333984375,46.028556024256716,8.496412964263715,-45.86824806934194,0.694299767654758,0.26323428750038147,0.0,0.0
2026-05-15 16:32:07,333396,613,1,v15_1_14_phase_1_sac_stricter_angle_reward_y100,1200,59.76555097578713,1200,timeout,706.9746704101562,63.40428924560547,0.40629085898399353,82.67938232421875,98.56189727783203,17.386520385742188,-18.116992950439453,68.62741168578114,-68.65324346122213,-13.000972240758607,0.3644313029900438,-0.7855377793312073,0.0,0.0
2026-05-15 16:32:22,334596,614,1,v15_1_14_phase_1_sac_stricter_angle_reward_y100,1200,59.29382627350415,1200,timeout,706.9976196289062,42.806983947753906,0.40629085898399353,100.84603118896484,98.56189727783203,-0.714874267578125,-15.57815170288086,70.51466808553654,-70.52837627520076,-2.861293882478456,0.33356552605476353,-0.9479279518127441,0.0,0.0
2026-05-15 16:32:37,335796,615,1,v15_1_14_phase_1_sac_stricter_angle_reward_y100,1200,59.52486986681582,1200,timeout,707.3928833007812,69.7965316772461,0.40629085898399353,83.61820983886719,98.56189727783203,15.88702392578125,-15.852411270141602,47.63940149849087,27.468433907643142,-42.51973758345943,0.6737944028710192,0.6959255337715149,0.0,0.0
2026-05-15 16:32:51,336996,616,1,v15_1_14_phase_1_sac_stricter_angle_reward_y100,1200,61.437211672757364,1200,timeout,706.49169921875,55.35093688964844,0.40629085898399353,86.28114318847656,98.56189727783203,13.642578125,-18.739585876464844,44.063169090585546,-40.84684667080489,-20.99541069725599,0.7185734964672533,-0.4185568690299988,0.0,0.0
2026-05-15 16:33:06,338196,617,1,v15_1_14_phase_1_sac_stricter_angle_reward_y100,1200,67.47814615805514,1200,timeout,707.1486206054688,47.98052978515625,0.40629085898399353,86.35363006591797,98.56189727783203,13.251411437988281,-16.401596069335938,10.773438377874118,9.00108368920491,-6.094935100673334,0.982374012856167,0.4254169166088104,0.0,0.0
2026-05-15 16:33:20,339396,618,1,v15_1_14_phase_1_sac_stricter_angle_reward_y100,1200,64.24687269881127,1200,timeout,707.2122192382812,46.514739990234375,0.40629085898399353,94.08656311035156,98.56189727783203,5.8719635009765625,-17.479211807250977,41.92429876709064,-38.18143023400452,18.783165359054927,0.7440282558663379,-0.5091791749000549,0.0,0.0
2026-05-15 16:33:35,340596,619,1,v15_1_14_phase_1_sac_stricter_angle_reward_y100,1200,59.03276847095545,1200,timeout,706.8690185546875,39.10993576049805,0.40629085898399353,98.86811065673828,98.56189727783203,1.0749053955078125,-15.181053161621094,29.92496096150971,-29.860371277623486,5.00938069248465,0.8666795000137713,-0.4688611626625061,0.0,0.0
2026-05-15 16:33:49,341796,620,1,v15_1_14_phase_1_sac_stricter_angle_reward_y100,1200,58.99502014453875,1200,timeout,706.7779541015625,39.220176696777344,0.40629085898399353,103.44792175292969,98.56189727783203,-3.8032913208007812,-17.689241409301758,24.223310287679826,24.34772901360078,1.4792259146590032,0.9119532670823702,0.3191990554332733,0.0,0.0
2026-05-15 16:34:03,342996,621,1,v15_1_14_phase_1_sac_stricter_angle_reward_y100,1200,57.10331262699529,1200,timeout,707.1732177734375,49.07368469238281,0.40629085898399353,110.10536193847656,98.56189727783203,-10.535491943359375,-13.329427719116211,51.50630285180983,44.781988444121446,28.33615992282178,0.6224285416568102,0.5203009247779846,0.0,0.0
2026-05-15 16:34:18,344196,622,1,v15_1_14_phase_1_sac_stricter_angle_reward_y100,1200,57.00202279564864,1200,timeout,706.650146484375,35.888885498046875,0.40629085898399353,102.73975372314453,98.56189727783203,-2.743743896484375,-16.29619598388672,33.70048121392308,-32.890424193454145,7.792083003278354,0.8319494620918705,-0.606285572052002,0.0,0.0
2026-05-15 16:34:32,345396,623,1,v15_1_14_phase_1_sac_stricter_angle_reward_y100,1200,58.43162356543951,1200,timeout,707.3268432617188,47.99443817138672,0.40629085898399353,100.69912719726562,98.56189727783203,-1.1319808959960938,-18.94993782043457,35.75734828624281,33.580683110975635,-13.998969600203251,0.8114990442255964,0.527745246887207,0.0,0.0
2026-05-15 16:34:47,346596,624,1,v15_1_14_phase_1_sac_stricter_angle_reward_y100,1200,62.781996258616196,1200,timeout,706.528564453125,44.84815979003906,0.40629085898399353,94.095703125,98.56189727783203,5.530242919921875,-18.149553298950195,24.904447487564763,13.834712942174553,-20.91214727617895,0.9070113293689959,0.36928990483283997,0.0,0.0
2026-05-15 16:35:01,347796,625,1,v15_1_14_phase_1_sac_stricter_angle_reward_y100,1200,55.018010054305556,1200,timeout,707.3927612304688,39.04100036621094,0.40629085898399353,102.37217712402344,98.56189727783203,-2.6006088256835938,-16.45245361328125,4.043267082972449,2.7502228402995894,2.9652412507964105,0.9975110890170373,-0.018630031496286392,0.0,0.0
2026-05-15 16:35:15,348996,626,1,v15_1_14_phase_1_sac_stricter_angle_reward_y100,1200,65.56112043546122,1200,timeout,706.8023681640625,52.40199279785156,0.40629085898399353,90.2470703125,98.56189727783203,9.355438232421875,-17.68427085876465,27.269434638627526,13.980478570572734,-23.816099532005545,0.8888617802310124,0.43233272433280945,0.0,0.0
2026-05-15 16:35:29,350085,627,1,v15_1_14_phase_1_sac_stricter_angle_reward_y100,1200,241.95970401320733,1089,success,707.3577270507812,8.220081329345703,0.40629085898399353,91.63795471191406,98.56189727783203,7.791282653808594,18.896717071533203,22.816096658265856,-12.419035000831643,49.96743732614386,0.9217542467030275,0.9070724844932556,0.0,0.0
2026-05-15 16:35:43,351285,628,1,v15_1_14_phase_1_sac_stricter_angle_reward_y100,1200,63.34916471943353,1200,timeout,706.9825439453125,64.88075256347656,0.40629085898399353,80.99149322509766,98.56189727783203,18.514144897460938,-11.533280372619629,27.855608303387193,27.940666356668654,5.688063720023436,0.8841279080504606,0.6948680877685547,0.0,0.0
2026-05-15 16:35:58,352485,629,1,v15_1_14_phase_1_sac_stricter_angle_reward_y100,1200,57.852399897613196,1200,timeout,706.9852905273438,44.366939544677734,0.40629085898399353,108.94612884521484,98.56189727783203,-9.39990234375,-17.568988800048828,49.526319803882345,48.34585820962904,12.966421728842098,0.6490986742329445,0.5842986702919006,0.0,0.0
2026-05-15 16:36:12,353685,630,1,v15_1_14_phase_1_sac_stricter_angle_reward_y100,1200,61.69281979342581,1200,timeout,707.3644409179688,37.84184646606445,0.40629085898399353,98.44054412841797,98.56189727783203,1.2812728881835938,-16.964004516601562,37.0787337585464,4.515791949471801,36.9105949917482,0.7978077641363504,0.11326335370540619,0.0,0.0
2026-05-15 16:36:27,354885,631,1,v15_1_14_phase_1_sac_stricter_angle_reward_y100,1200,62.24139753204428,1200,timeout,707.19677734375,38.52869415283203,0.40629085898399353,94.48795318603516,98.56189727783203,5.21307373046875,-16.604307174682617,38.94008666587452,0.9767868473074045,39.370023168464726,0.7778036073085762,0.16856157779693604,0.0,0.0
2026-05-15 16:36:41,356085,632,1,v15_1_14_phase_1_sac_stricter_angle_reward_y100,1200,64.5929607561032,1200,timeout,707.1231079101562,44.81116485595703,0.40629085898399353,91.30384826660156,98.56189727783203,8.287841796875,-13.882925033569336,21.940481774595852,16.869925212149514,-14.98391019927577,0.9275724914507839,0.4614144563674927,0.0,0.0
2026-05-15 16:36:44,356310,633,1,v15_1_14_phase_1_sac_stricter_angle_reward_y100,1200,-35.25297196699418,225,low_agl,706.6459350585938,566.4796752929688,0.40629085898399353,0.523010790348053,98.56189727783203,99.2782974243164,32.23362731933594,25.832186959885718,-16.489833722574765,20.611120348888978,0.9000741302623302,-0.09732295572757721,0.0,0.0
2026-05-15 16:36:58,357510,634,1,v15_1_14_phase_1_sac_stricter_angle_reward_y100,1200,60.33349710656641,1200,timeout,706.7217407226562,48.32231140136719,0.40629085898399353,100.05343627929688,98.56189727783203,-0.37680816650390625,-14.959378242492676,22.917577901406613,14.028937908960328,-18.343492421802868,0.9210659820017327,0.23364199697971344,0.0,0.0
2026-05-15 16:37:13,358710,635,1,v15_1_14_phase_1_sac_stricter_angle_reward_y100,1200,56.988327453656495,1200,timeout,706.44775390625,45.880069732666016,0.40629085898399353,105.47024536132812,98.56189727783203,-5.942268371582031,-18.31892204284668,48.12774977886302,47.65017612190656,-12.161584680446353,0.6674719884626834,0.6340258717536926,0.0,0.0
2026-05-15 16:37:27,359910,636,1,v15_1_14_phase_1_sac_stricter_angle_reward_y100,1200,57.59013874670901,1200,timeout,706.4151611328125,46.09576416015625,0.40629085898399353,104.43467712402344,98.56189727783203,-4.423133850097656,-14.835731506347656,34.783114008694284,-34.764102177139556,-1.2617604821703192,0.8213173719727359,-0.6464026570320129,0.0,0.0
2026-05-15 16:37:42,361110,637,1,v15_1_14_phase_1_sac_stricter_angle_reward_y100,1200,67.80805491214753,1200,timeout,707.392333984375,54.15562438964844,0.40629085898399353,82.5261459350586,98.56189727783203,17.532394409179688,-18.19651985168457,68.97081993687105,-68.9641331816736,-1.301158827571951,0.3588433645230008,-0.7668504118919373,0.0,0.0
2026-05-15 16:37:57,362310,638,1,v15_1_14_phase_1_sac_stricter_angle_reward_y100,1200,69.11033250773681,1200,timeout,707.3218994140625,51.23834228515625,0.40629085898399353,73.4858169555664,98.56189727783203,26.5897216796875,-21.739561080932617,85.55649316633215,-85.62595619019118,-6.711598303001112,0.07747610547510111,-0.8100056648254395,0.0,0.0
2026-05-15 16:38:11,363510,639,1,v15_1_14_phase_1_sac_stricter_angle_reward_y100,1200,61.731147127951104,1200,timeout,706.4198608398438,49.21162414550781,0.40629085898399353,100.64363098144531,98.56189727783203,-0.9780044555664062,-15.576912879943848,33.18038279919411,16.80646250947634,29.181522191110503,0.8369517417036305,0.26299425959587097,0.0,0.0
2026-05-15 16:38:26,364710,640,1,v15_1_14_phase_1_sac_stricter_angle_reward_y100,1200,61.172193351510074,1200,timeout,706.6776733398438,42.292381286621094,0.40629085898399353,106.47783660888672,98.56189727783203,-6.8994903564453125,-17.507061004638672,39.540525180715754,39.28709101156243,5.260304767117994,0.7711744936677268,0.49736618995666504,0.0,0.0
2026-05-15 16:38:41,365910,641,1,v15_1_14_phase_1_sac_stricter_angle_reward_y100,1200,62.7655556510878,1200,timeout,707.2548828125,57.072967529296875,0.40629085898399353,91.26947784423828,98.56189727783203,8.319679260253906,-13.403258323669434,26.0260687096657,18.89061960262486,-18.21944423364439,0.8985945010605368,0.4682387411594391,0.0,0.0
2026-05-15 16:38:55,367110,642,1,v15_1_14_phase_1_sac_stricter_angle_reward_y100,1200,61.07932725767853,1200,timeout,707.2217407226562,52.52431106567383,0.40629085898399353,100.71894073486328,98.56189727783203,-1.2425003051757812,-17.444673538208008,52.3233437407051,52.19962510917407,-4.546354911573492,0.6112046250846985,0.77520751953125,0.0,0.0
2026-05-15 16:39:10,368310,643,1,v15_1_14_phase_1_sac_stricter_angle_reward_y100,1200,60.21059812923512,1200,timeout,707.2220458984375,40.4183464050293,0.40629085898399353,97.26873016357422,98.56189727783203,2.6062088012695312,-16.258037567138672,30.121205956742518,-20.90426182278217,22.233922069265233,0.8649657452901893,-0.2910432517528534,0.0,0.0
2026-05-15 16:39:24,369510,644,1,v15_1_14_phase_1_sac_stricter_angle_reward_y100,1200,59.009235631518386,1200,timeout,706.9970092773438,37.6033821105957,0.40629085898399353,100.5249252319336,98.56189727783203,-0.6494903564453125,-16.21922492980957,17.223156982813187,-16.30059308633581,-6.461198445386567,0.9551587690833524,-0.29230162501335144,0.0,0.0
2026-05-15 16:39:39,370710,645,1,v15_1_14_phase_1_sac_stricter_angle_reward_y100,1200,65.30932439887218,1200,timeout,706.4749145507812,59.07612228393555,0.40629085898399353,92.17823028564453,98.56189727783203,7.2710418701171875,-16.569599151611328,60.134255867977885,50.49445813759663,38.39311487185614,0.49796935246974683,0.850520133972168,0.0,0.0
2026-05-15 16:39:53,371910,646,1,v15_1_14_phase_1_sac_stricter_angle_reward_y100,1200,67.09615813927155,1200,timeout,706.4560546875,43.89535903930664,0.40629085898399353,95.12110137939453,98.56189727783203,4.561042785644531,-17.235681533813477,30.972589036784605,5.414211127233183,30.675175279565572,0.8574136027680007,0.21893712878227234,0.0,0.0
2026-05-15 16:40:07,373110,647,1,v15_1_14_phase_1_sac_stricter_angle_reward_y100,1200,56.664745619132326,1200,timeout,707.2245483398438,35.40581130981445,0.40629085898399353,98.74594116210938,98.56189727783203,1.1302108764648438,-16.037450790405273,23.519501982392324,-19.142213035796864,-14.1386153791051,0.9169242975278598,-0.29421266913414,0.0,0.0
2026-05-15 16:40:22,374310,648,1,v15_1_14_phase_1_sac_stricter_angle_reward_y100,1200,62.549961819010484,1200,timeout,706.9456787109375,49.68172073364258,0.40629085898399353,100.36031341552734,98.56189727783203,-0.90118408203125,-19.454702377319336,58.27949750829341,56.63585688075945,17.51695586241399,0.5257760682548549,0.8230403065681458,0.0,0.0
2026-05-15 16:40:35,375399,649,1,v15_1_14_phase_1_sac_stricter_angle_reward_y100,1200,67.92007533651017,1089,bad_angle,706.7672119140625,18.690881729125977,0.40629085898399353,110.15052032470703,98.56189727783203,-10.743324279785156,-10.899526596069336,112.10621028154792,122.95100023058657,15.072287724493858,-0.3763246872381969,0.9715205430984497,0.0,0.0
2026-05-15 16:40:50,376599,650,1,v15_1_14_phase_1_sac_stricter_angle_reward_y100,1200,58.34354534410678,1200,timeout,706.979736328125,51.352298736572266,0.40629085898399353,106.58242797851562,98.56189727783203,-6.6741943359375,-14.87093734741211,15.352123989883864,-14.749108786178242,4.405933479314023,0.9643169647351296,-0.37818777561187744,0.0,0.0
2026-05-15 16:41:04,377799,651,1,v15_1_14_phase_1_sac_stricter_angle_reward_y100,1200,63.42121010779399,1200,timeout,707.30517578125,87.05474090576172,0.40629085898399353,63.230140686035156,98.56189727783203,36.61045455932617,-13.704500198364258,36.9886503935831,-37.01793482964953,-6.493982926515805,0.7987547067125171,-0.20061734318733215,0.0,0.0
2026-05-15 16:41:18,378999,652,1,v15_1_14_phase_1_sac_stricter_angle_reward_y100,1200,62.80435940323583,1200,timeout,706.5125122070312,42.754852294921875,0.40629085898399353,90.3166732788086,98.56189727783203,9.369682312011719,-18.077075958251953,23.250464246080107,-0.7888231896389741,23.796961341951167,0.9187880116582312,0.20769959688186646,0.0,0.0
2026-05-15 16:41:33,380199,653,1,v15_1_14_phase_1_sac_stricter_angle_reward_y100,1200,63.708415675345556,1200,timeout,707.3845825195312,51.22029113769531,0.40629085898399353,93.60044860839844,98.56189727783203,6.361778259277344,-16.774662017822266,56.2175897563662,-40.22338700336612,42.99076450409643,0.5560404777525916,-0.51880943775177,0.0,0.0
2026-05-15 16:41:47,381399,654,1,v15_1_14_phase_1_sac_stricter_angle_reward_y100,1200,66.75361262405093,1200,timeout,707.1961059570312,39.46652603149414,0.40629085898399353,100.1319808959961,98.56189727783203,-0.603729248046875,-19.71567726135254,52.20921810986335,40.43649573565969,36.457012374251406,0.6127799205511124,0.633173406124115,0.0,0.0
2026-05-15 16:42:02,382599,655,1,v15_1_14_phase_1_sac_stricter_angle_reward_y100,1200,59.14641438371582,1200,timeout,706.5860595703125,55.76992416381836,0.40629085898399353,99.87353515625,98.56189727783203,-0.22423553466796875,-16.98912811279297,28.536555965522663,18.199600826558207,-22.43716630085001,0.8785124960444284,0.30670157074928284,0.0,0.0
2026-05-15 16:42:16,383799,656,1,v15_1_14_phase_1_sac_stricter_angle_reward_y100,1200,55.673605414523195,1200,timeout,707.1932983398438,43.31901931762695,0.40629085898399353,113.86884307861328,98.56189727783203,-14.304801940917969,-16.14073371887207,56.74768073785089,53.06234630323838,-24.452594615475277,0.5483270808979022,0.5360692143440247,0.0,0.0
2026-05-15 16:42:29,384882,657,1,v15_1_14_phase_1_sac_stricter_angle_reward_y100,1200,242.75265925920326,1083,success,706.56982421875,9.643438339233398,0.40629085898399353,92.97029113769531,98.56189727783203,6.5326690673828125,3.6895103454589844,24.421909990628993,-5.944386632308852,-33.87278981120957,0.9105256224814635,0.7022033333778381,0.0,0.0
2026-05-15 16:42:44,386082,658,1,v15_1_14_phase_1_sac_stricter_angle_reward_y100,1200,61.440163110816215,1200,timeout,707.0015258789062,46.292091369628906,0.40629085898399353,91.3558578491211,98.56189727783203,8.390800476074219,-15.2378568649292,9.419932233451249,-7.730074277124747,-5.445968945552804,0.9865152835671079,0.04760425537824631,0.0,0.0
2026-05-15 16:42:58,387282,659,1,v15_1_14_phase_1_sac_stricter_angle_reward_y100,1200,56.421758017098504,1200,timeout,707.3818969726562,54.69108581542969,0.40629085898399353,94.79692077636719,98.56189727783203,5.074150085449219,-10.06882095336914,24.475684069964505,-21.923457528089596,-11.566911699038254,0.9101371818507855,-0.2808785140514374,0.0,0.0
2026-05-15 16:43:13,388482,660,1,v15_1_14_phase_1_sac_stricter_angle_reward_y100,1200,64.09414145273811,1200,timeout,707.0617065429688,58.820735931396484,0.40629085898399353,86.5285415649414,98.56189727783203,12.958671569824219,-14.996785163879395,36.21509731913331,35.28300189366918,8.792764627066813,0.806804660762357,0.7454115152359009,0.0,0.0
2026-05-15 16:43:27,389682,661,1,v15_1_14_phase_1_sac_stricter_angle_reward_y100,1200,64.82878700569978,1200,timeout,706.9439086914062,57.710296630859375,0.40629085898399353,92.48243713378906,98.56189727783203,7.489494323730469,-14.757477760314941,45.37161135441197,-40.976531472575914,-21.68778526587289,0.7025057581370733,-0.5439850091934204,0.0,0.0
2026-05-15 16:43:42,390882,662,1,v15_1_14_phase_1_sac_stricter_angle_reward_y100,1200,57.45826666553642,1200,timeout,706.7022094726562,46.66307830810547,0.40629085898399353,104.75308990478516,98.56189727783203,-5.232139587402344,-19.282251358032227,58.66560127188506,48.72047701013131,-37.97466333235531,0.5200320105766337,0.6529965996742249,0.0,0.0
2026-05-15 16:43:56,392082,663,1,v15_1_14_phase_1_sac_stricter_angle_reward_y100,1200,66.39448323008457,1200,timeout,706.4249877929688,57.62812423706055,0.40629085898399353,92.55604553222656,98.56189727783203,6.9282684326171875,-17.34099769592285,42.19612322058423,42.32507377701948,5.079601867341551,0.7408500449290882,0.7533563375473022,0.0,0.0
2026-05-15 16:44:11,393282,664,1,v15_1_14_phase_1_sac_stricter_angle_reward_y100,1200,64.10411766119284,1200,timeout,706.5465087890625,52.887420654296875,0.40629085898399353,97.29398345947266,98.56189727783203,2.2512588500976562,-17.200260162353516,46.55322042044583,37.048438454482806,34.98531834397793,0.6876804992056866,0.5869981050491333,0.0,0.0
2026-05-15 16:44:35,394482,665,1,v15_1_14_phase_1_sac_stricter_angle_reward_y100,1200,63.07600633662033,1200,timeout,707.26025390625,48.83664321899414,0.40629085898399353,95.18392944335938,98.56189727783203,4.579986572265625,-18.092973709106445,20.513674040000407,-5.616321974302561,-19.849390331892476,0.9365885831240779,0.0015632136492058635,0.0,0.0
2026-05-15 16:45:02,395682,666,1,v15_1_14_phase_1_sac_stricter_angle_reward_y100,1200,67.11716214974842,1200,timeout,707.1744995117188,53.073978424072266,0.40629085898399353,103.08903503417969,98.56189727783203,-3.4372940063476562,-16.5240478515625,31.767407905215236,21.457585692728657,23.99273163903666,0.8501923086669464,0.30018413066864014,0.0,0.0
2026-05-15 16:45:28,396882,667,1,v15_1_14_phase_1_sac_stricter_angle_reward_y100,1200,64.91816598710966,1200,timeout,706.871337890625,43.54219055175781,0.40629085898399353,104.62763977050781,98.56189727783203,-4.989845275878906,-16.03020668029785,35.86839691686346,26.784453641516187,24.77735474258375,0.8103649472130972,0.33749479055404663,0.0,0.0
2026-05-15 16:45:57,398082,668,1,v15_1_14_phase_1_sac_stricter_angle_reward_y100,1200,59.615095736193716,1200,timeout,707.36669921875,48.798404693603516,0.40629085898399353,99.2249984741211,98.56189727783203,0.3847808837890625,-16.82536506652832,25.922883334327025,23.964775674763796,-10.311773939041908,0.8993832531546749,0.41269534826278687,0.0,0.0
2026-05-15 16:46:25,399282,669,1,v15_1_14_phase_1_sac_stricter_angle_reward_y100,1200,60.24818490544992,1200,timeout,706.4774780273438,54.361328125,0.40629085898399353,97.61309814453125,98.56189727783203,2.2082138061523438,-13.350472450256348,24.021565282617868,-11.13566892276928,21.442195568981326,0.9133923032901607,-0.15005992352962494,0.0,0.0
2026-05-15 16:46:48,400367,670,1,v15_1_14_phase_1_sac_stricter_angle_reward_y100,1200,237.137443013338,1085,success,706.4298095703125,9.734469413757324,0.40629085898399353,91.91053009033203,98.56189727783203,7.507377624511719,24.266250610351562,19.534325658310834,19.481758814911124,0.3988028995277028,0.9424413396672163,0.9396684169769287,0.0,0.0
2026-05-15 16:47:19,401567,671,1,v15_1_14_phase_1_sac_stricter_angle_reward_y100,1200,64.15983329788034,1200,timeout,707.3197021484375,43.46882247924805,0.40629085898399353,97.98301696777344,98.56189727783203,1.58587646484375,-17.613536834716797,41.10103899095608,30.089377275210257,30.427369186288338,0.7535514714579075,0.5229640603065491,0.0,0.0
2026-05-15 16:47:45,402767,672,1,v15_1_14_phase_1_sac_stricter_angle_reward_y100,1200,63.008981962100414,1200,timeout,706.4161987304688,49.28356170654297,0.40629085898399353,96.9166259765625,98.56189727783203,3.1175765991210938,-15.592650413513184,48.54989645070483,-48.57954971698644,-3.9526001637219372,0.661967563440982,-0.7045620083808899,0.0,0.0
2026-05-15 16:48:11,403967,673,1,v15_1_14_phase_1_sac_stricter_angle_reward_y100,1200,66.69446593496897,1200,timeout,707.3931274414062,44.53635787963867,0.40629085898399353,95.13536071777344,98.56189727783203,4.368072509765625,-17.853534698486328,39.730612760411795,38.78692650392615,-9.369197588296393,0.7690581557742484,0.7009425163269043,0.0,0.0
2026-05-15 16:48:37,405167,674,1,v15_1_14_phase_1_sac_stricter_angle_reward_y100,1200,67.28800490162092,1200,timeout,707.38427734375,66.21099090576172,0.40629085898399353,81.96417236328125,98.56189727783203,17.831680297851562,-14.247902870178223,23.890338565641706,-20.89856715256167,-12.593365334112464,0.9143222587661054,-0.08289691060781479,0.0,0.0
2026-05-15 16:49:04,406367,675,1,v15_1_14_phase_1_sac_stricter_angle_reward_y100,1200,65.57241530622136,1200,timeout,706.7210083007812,49.6102294921875,0.40629085898399353,90.5577392578125,98.56189727783203,9.239646911621094,-13.742729187011719,16.563092624065032,-15.742228536781852,5.234202345431143,0.9585064032867044,-0.08695176988840103,0.0,0.0
2026-05-15 16:49:30,407567,676,1,v15_1_14_phase_1_sac_stricter_angle_reward_y100,1200,60.35052049055171,1200,timeout,706.929443359375,49.04347229003906,0.40629085898399353,103.50788116455078,98.56189727783203,-3.805908203125,-16.234817504882812,27.714324132858184,14.338361700061185,-23.99708417708525,0.8852773860498329,0.16606459021568298,0.0,0.0
2026-05-15 16:49:57,408767,677,1,v15_1_14_phase_1_sac_stricter_angle_reward_y100,1200,61.18350765559776,1200,timeout,707.3654174804688,42.82161331176758,0.40629085898399353,98.10610961914062,98.56189727783203,1.729522705078125,-18.535451889038086,18.317474523706995,-13.193456363079676,-12.829829044499244,0.9493296695637518,-0.18775252997875214,0.0,0.0
2026-05-15 16:50:25,409840,678,1,v15_1_14_phase_1_sac_stricter_angle_reward_y100,1200,241.20861318196444,1073,success,706.498046875,9.710432052612305,0.40629085898399353,91.70175170898438,98.56189727783203,7.7134857177734375,30.77352523803711,23.858646487892845,15.490824641359314,-25.158795194519577,0.9145461300207284,0.9475094079971313,0.0,0.0
2026-05-15 16:50:56,411040,679,1,v15_1_14_phase_1_sac_stricter_angle_reward_y100,1200,64.26097117983815,1200,timeout,707.2377319335938,41.57965087890625,0.40629085898399353,102.37918853759766,98.56189727783203,-2.518402099609375,-13.2308988571167,30.68232990272116,-11.635875265314226,-28.972330572305935,0.860009682842227,-0.25390124320983887,0.0,0.0
2026-05-15 16:51:22,412240,680,1,v15_1_14_phase_1_sac_stricter_angle_reward_y100,1200,62.93174908304471,1200,timeout,707.390625,42.783111572265625,0.40629085898399353,85.9232177734375,98.56189727783203,14.069633483886719,-17.03238868713379,56.549048591503166,-56.17314230034235,-8.803213962723287,0.5512229273499599,-0.5981155037879944,0.0,0.0
2026-05-15 16:51:53,413440,681,1,v15_1_14_phase_1_sac_stricter_angle_reward_y100,1200,61.81822845348121,1200,timeout,707.332763671875,44.9808349609375,0.40629085898399353,104.52874755859375,98.56189727783203,-4.915000915527344,-17.693967819213867,39.79744616144037,30.721733264042964,26.806817388406103,0.7683120543704615,0.40221312642097473,0.0,0.0
2026-05-15 16:52:19,414640,682,1,v15_1_14_phase_1_sac_stricter_angle_reward_y100,1200,57.20259022399915,1200,timeout,706.77880859375,40.699951171875,0.40629085898399353,98.61726379394531,98.56189727783203,1.1297225952148438,-14.995943069458008,1.0885845575809368,1.0773818734033522,-0.16192549578867402,0.9998195171194768,0.04653499647974968,0.0,0.0
2026-05-15 16:52:46,415840,683,1,v15_1_14_phase_1_sac_stricter_angle_reward_y100,1200,59.160296204970784,1200,timeout,706.7252197265625,44.020198822021484,0.40629085898399353,98.17691040039062,98.56189727783203,1.501434326171875,-16.998493194580078,31.095805649411638,11.906351610220378,-29.28583625520952,0.8563048952459046,0.2291446030139923,0.0,0.0
2026-05-15 16:53:10,416921,684,1,v15_1_14_phase_1_sac_stricter_angle_reward_y100,1200,242.9407433531717,1081,success,707.3051147460938,4.863666534423828,0.40629085898399353,97.12349700927734,98.56189727783203,2.3424148559570312,27.9743709564209,25.52069106014541,23.669897625274128,-8.5329510612287,0.9024297562641178,0.8041977286338806,0.0,0.0
2026-05-15 16:53:36,418121,685,1,v15_1_14_phase_1_sac_stricter_angle_reward_y100,1200,67.7643766585237,1200,timeout,706.626708984375,61.02617645263672,0.40629085898399353,89.07012939453125,98.56189727783203,10.41204833984375,-15.989240646362305,47.14268282129086,37.69599502931338,-30.831689064396414,0.6801749680673074,0.759246826171875,0.0,0.0
2026-05-15 16:54:07,419321,686,1,v15_1_14_phase_1_sac_stricter_angle_reward_y100,1200,59.52954287749506,1200,timeout,706.4431762695312,39.91408157348633,0.40629085898399353,103.98538208007812,98.56189727783203,-4.38604736328125,-15.433984756469727,39.05011759830884,32.89056762742672,-22.369236654459648,0.7765951869085918,0.44080138206481934,0.0,0.0
2026-05-15 16:54:34,420521,687,1,v15_1_14_phase_1_sac_stricter_angle_reward_y100,1200,59.04781608740578,1200,timeout,707.2179565429688,42.4801139831543,0.40629085898399353,107.09376525878906,98.56189727783203,-7.040748596191406,-15.819086074829102,42.41708325532872,-39.239375310020726,-19.087795211132082,0.738254258444015,-0.7527674436569214,0.0,0.0
2026-05-15 16:55:00,421721,688,1,v15_1_14_phase_1_sac_stricter_angle_reward_y100,1200,64.60652015378723,1200,timeout,707.1319580078125,52.83091354370117,0.40629085898399353,99.95112609863281,98.56189727783203,-0.32544708251953125,-16.205854415893555,24.722358059386806,22.07738608631959,-11.419511947881148,0.9083450475391412,0.3699972629547119,0.0,0.0
2026-05-15 16:55:26,422921,689,1,v15_1_14_phase_1_sac_stricter_angle_reward_y100,1200,54.067866364965205,1200,timeout,706.835693359375,38.19212341308594,0.40629085898399353,103.83989715576172,98.56189727783203,-4.336578369140625,-16.833744049072266,55.38027003582517,51.595334367640945,-23.87585514950669,0.5681271607234074,0.7011902928352356,0.0,0.0
2026-05-15 16:55:54,424121,690,1,v15_1_14_phase_1_sac_stricter_angle_reward_y100,1200,60.1664578516902,1200,timeout,706.7645874023438,56.06346893310547,0.40629085898399353,98.63276672363281,98.56189727783203,0.9814682006835938,-14.667068481445312,23.714295562426503,23.101576367457586,7.344008079573531,0.9155622770070246,0.40071573853492737,0.0,0.0
2026-05-15 16:56:20,425321,691,1,v15_1_14_phase_1_sac_stricter_angle_reward_y100,1200,65.38415983571267,1200,timeout,706.4723510742188,43.79943084716797,0.40629085898399353,91.25119018554688,98.56189727783203,8.430709838867188,-16.905963897705078,19.62377210813403,0.2624426283796146,-19.99355001206206,0.9419181923282367,0.21957695484161377,0.0,0.0
2026-05-15 16:56:50,426521,692,1,v15_1_14_phase_1_sac_stricter_angle_reward_y100,1200,60.40231423723144,1200,timeout,707.3809814453125,42.12042999267578,0.40629085898399353,96.6861572265625,98.56189727783203,2.983642578125,-18.11736297607422,24.874408315595048,10.861616973832628,22.87536562478864,0.9072319833057789,0.25198155641555786,0.0,0.0
2026-05-15 16:57:19,427721,693,1,v15_1_14_phase_1_sac_stricter_angle_reward_y100,1200,63.62537640059015,1200,timeout,706.4151000976562,51.022727966308594,0.40629085898399353,104.26736450195312,98.56189727783203,-4.767646789550781,-17.213430404663086,50.910747922225156,50.750419476742856,-5.386197106352376,0.6305302204051222,0.7110520005226135,0.0,0.0
2026-05-15 16:57:47,428815,694,1,v15_1_14_phase_1_sac_stricter_angle_reward_y100,1200,233.6166188358838,1094,success,707.3538818359375,8.598180770874023,0.40629085898399353,107.72969818115234,98.56189727783203,-7.711479187011719,23.056293487548828,25.70757357357342,22.66018734517656,-22.419508554298233,0.9010196907466631,-0.663587212562561,0.0,0.0
2026-05-15 16:58:14,430015,695,1,v15_1_14_phase_1_sac_stricter_angle_reward_y100,1200,60.07543821016261,1200,timeout,707.3866577148438,35.751285552978516,0.40629085898399353,101.14354705810547,98.56189727783203,-1.366241455078125,-13.459417343139648,7.559435661090318,0.25717065615529033,-7.5602143026557,0.991308926874058,-0.03388185426592827,0.0,0.0
2026-05-15 16:58:40,431215,696,1,v15_1_14_phase_1_sac_stricter_angle_reward_y100,1200,61.17141993666017,1200,timeout,707.290771484375,58.665855407714844,0.40629085898399353,100.47921752929688,98.56189727783203,-0.55841064453125,-12.458308219909668,25.103697766032376,-23.724467421647944,-8.47896695357621,0.9055414200613404,-0.41100236773490906,0.0,0.0
2026-05-15 16:59:05,432415,697,1,v15_1_14_phase_1_sac_stricter_angle_reward_y100,1200,59.799733690669925,1200,timeout,706.4498291015625,49.97559356689453,0.40629085898399353,105.31614685058594,98.56189727783203,-5.663536071777344,-15.00320053100586,30.43322265840704,24.096253401191955,-19.153344536596695,0.8622201031922104,0.2978139817714691,0.0,0.0
2026-05-15 16:59:29,433483,698,1,v15_1_14_phase_1_sac_stricter_angle_reward_y100,1200,72.52790929813234,1068,bad_angle,706.5065307617188,2.899989128112793,0.40629085898399353,101.65754699707031,98.56189727783203,-2.2158737182617188,11.037415504455566,114.70682529859778,123.09443420315684,-33.68486057129125,-0.41797529590318305,0.8719720840454102,0.0,0.0
2026-05-15 16:59:54,434683,699,1,v15_1_14_phase_1_sac_stricter_angle_reward_y100,1200,66.1487521662479,1200,timeout,706.4400024414062,44.00559997558594,0.40629085898399353,97.40415954589844,98.56189727783203,2.0472793579101562,-17.095111846923828,62.18011609045014,54.561033241111744,-35.02630972428176,0.46669359695598517,0.844458818435669,0.0,0.0
2026-05-15 17:00:20,435883,700,1,v15_1_14_phase_1_sac_stricter_angle_reward_y100,1200,57.87964164627289,1200,timeout,707.0496826171875,43.205257415771484,0.40629085898399353,99.17625427246094,98.56189727783203,0.27742767333984375,-19.06679344177246,60.399171585126,56.73253137827181,-25.312430054615255,0.49395443818340334,0.8382002115249634,0.0,0.0
2026-05-15 17:00:46,437083,701,1,v15_1_14_phase_1_sac_stricter_angle_reward_y100,1200,66.61134358827736,1200,timeout,707.3422241210938,45.79758834838867,0.40629085898399353,106.13151550292969,98.56189727783203,-6.679878234863281,-19.793460845947266,67.1457114283736,66.64385644891775,-14.626626418886989,0.3883888909070998,0.8439980149269104,0.0,0.0
2026-05-15 17:01:12,438283,702,1,v15_1_14_phase_1_sac_stricter_angle_reward_y100,1200,66.33083128882899,1200,timeout,706.4143676757812,56.42809295654297,0.40629085898399353,97.68016815185547,98.56189727783203,1.852691650390625,-15.848916053771973,36.48544303667158,37.132620536003216,0.7129926685653472,0.8040079594758879,0.6206156611442566,0.0,0.0
2026-05-15 17:01:38,439483,703,1,v15_1_14_phase_1_sac_stricter_angle_reward_y100,1200,62.94067971853685,1200,timeout,707.0338134765625,49.814430236816406,0.40629085898399353,99.66460418701172,98.56189727783203,-0.18144989013671875,-17.3310604095459,49.50690840626117,49.978693477896044,4.263148374714906,0.6493563580895866,0.7565587162971497,0.0,0.0
2026-05-15 17:02:01,440554,704,1,v15_1_14_phase_1_sac_stricter_angle_reward_y100,1200,243.72465083902847,1071,success,706.4475708007812,2.907238006591797,0.40629085898399353,97.82311248779297,98.56189727783203,1.6764297485351562,29.60297966003418,24.168375076185413,6.548409715803875,-29.00678887666865,0.9123462379448809,0.7115922570228577,0.0,0.0
2026-05-15 17:02:27,441754,705,1,v15_1_14_phase_1_sac_stricter_angle_reward_y100,1200,70.66369194609479,1200,timeout,706.6282958984375,42.92070770263672,0.40629085898399353,98.57791137695312,98.56189727783203,1.2981338500976562,-14.8757905960083,23.896021283031157,-19.044720623131397,-14.922219930692215,0.914282086754934,-0.293925017118454,0.0,0.0
2026-05-15 17:02:51,442864,706,1,v15_1_14_phase_1_sac_stricter_angle_reward_y100,1200,244.62923002529308,1110,success,706.6680908203125,9.949019432067871,0.40629085898399353,100.27075958251953,98.56189727783203,-0.41539764404296875,2.0193450450897217,14.027993635307574,-11.549526306279633,-8.172096799451293,0.9701774120030788,-0.23960788547992706,0.0,0.0
2026-05-15 17:03:17,444064,707,1,v15_1_14_phase_1_sac_stricter_angle_reward_y100,1200,63.51932594151582,1200,timeout,707.2529907226562,41.76875305175781,0.40629085898399353,99.44183349609375,98.56189727783203,0.20583343505859375,-16.24776268005371,25.04558993166849,17.883824105755593,17.87910956768099,0.9059712251771492,0.3112008571624756,0.0,0.0
2026-05-15 17:03:43,445264,708,1,v15_1_14_phase_1_sac_stricter_angle_reward_y100,1200,65.66010790759445,1200,timeout,706.8817138671875,42.58731460571289,0.40629085898399353,103.10188293457031,98.56189727783203,-3.5825881958007812,-16.82308006286621,61.604508728336484,48.71297404732805,-44.99779510113717,0.4755549861562605,0.657555341720581,0.0,0.0
2026-05-15 17:04:07,446368,709,1,v15_1_14_phase_1_sac_stricter_angle_reward_y100,1200,245.5038231709059,1104,success,706.7957153320312,9.908212661743164,0.40629085898399353,90.9990463256836,98.56189727783203,8.423469543457031,5.936026573181152,14.402731110346679,4.593972856032706,-18.480263544837786,0.9685713057602912,0.92635178565979,0.0,0.0
2026-05-15 17:04:31,447568,710,1,v15_1_14_phase_1_sac_stricter_angle_reward_y100,1200,66.43634405152554,1200,timeout,707.3567504882812,43.62654113769531,0.40629085898399353,102.841064453125,98.56189727783203,-3.3704833984375,-18.358999252319336,63.45908267291337,57.52189975574476,-33.5671388458515,0.44683680956065414,0.7912756204605103,0.0,0.0
2026-05-15 17:05:01,448768,711,1,v15_1_14_phase_1_sac_stricter_angle_reward_y100,1200,63.942806095986946,1200,timeout,707.1093139648438,42.992034912109375,0.40629085898399353,103.93341827392578,98.56189727783203,-4.271263122558594,-15.690711975097656,21.560936700154706,21.506144922632863,-1.5906545812739432,0.9300272509107478,0.27230679988861084,0.0,0.0
2026-05-15 17:05:24,449833,712,1,v15_1_14_phase_1_sac_stricter_angle_reward_y100,1200,65.2865528081075,1065,bad_angle,707.0195922851562,17.076814651489258,0.40629085898399353,108.1572494506836,98.56189727783203,-8.753562927246094,17.590442657470703,110.70901995474094,111.20592987723771,-15.082818168646725,-0.35362210439586417,0.9825363159179688,0.0,0.0
2026-05-15 17:05:48,450916,713,1,v15_1_14_phase_1_sac_stricter_angle_reward_y100,1200,244.98480941781895,1083,success,706.9706420898438,9.262290000915527,0.40629085898399353,97.36431121826172,98.56189727783203,2.2080764770507812,10.99669075012207,23.837875882626836,15.962169165792725,-18.05760631635552,0.91469270075798,0.513582706451416,0.0,0.0
2026-05-15 17:06:12,451981,714,1,v15_1_14_phase_1_sac_stricter_angle_reward_y100,1200,245.93399823274592,1065,success,707.2002563476562,9.800280570983887,0.40629085898399353,92.27823638916016,98.56189727783203,7.146705627441406,25.770349502563477,24.927907479816465,19.267627261789347,22.217066869940933,0.9068388296710606,0.9193130731582642,0.0,0.0
2026-05-15 17:06:37,453181,715,1,v15_1_14_phase_1_sac_stricter_angle_reward_y100,1200,66.87364307800442,1200,timeout,707.0194091796875,40.44572067260742,0.40629085898399353,100.12542724609375,98.56189727783203,-0.47614288330078125,-16.73994255065918,20.690418845152827,18.620518064349415,-9.334077609357834,0.9355031267676117,0.3067755699157715,0.0,0.0
2026-05-15 17:07:04,454381,716,1,v15_1_14_phase_1_sac_stricter_angle_reward_y100,1200,67.45348800931146,1200,timeout,706.935791015625,37.03215408325195,0.40629085898399353,98.2172622680664,98.56189727783203,1.3696060180664062,-16.10611915588379,26.606153260780296,26.350775902808106,-4.851795848614585,0.8941061447478891,0.4743881821632385,0.0,0.0
2026-05-15 17:07:30,455581,717,1,v15_1_14_phase_1_sac_stricter_angle_reward_y100,1200,64.27732358308268,1200,timeout,707.2531127929688,47.32417678833008,0.40629085898399353,101.8436279296875,98.56189727783203,-2.1380844116210938,-17.931150436401367,19.073839427110453,12.04072619063027,15.194140006834179,0.945098217463273,0.15654990077018738,0.0,0.0
2026-05-15 17:07:57,456781,718,1,v15_1_14_phase_1_sac_stricter_angle_reward_y100,1200,61.984273757150945,1200,timeout,706.6401977539062,47.56980895996094,0.40629085898399353,97.94425964355469,98.56189727783203,1.5821914672851562,-16.503328323364258,45.063784973803244,37.9298641215892,-27.098384503695605,0.7063191510313452,0.6380396485328674,0.0,0.0
2026-05-15 17:08:27,457981,719,1,v15_1_14_phase_1_sac_stricter_angle_reward_y100,1200,60.854193723460895,1200,timeout,707.39208984375,49.73101806640625,0.40629085898399353,103.26419830322266,98.56189727783203,-3.6581649780273438,-16.48366355895996,39.47458311937387,29.706248059002146,-27.314882717364792,0.7719066770028873,0.42277660965919495,0.0,0.0
2026-05-15 17:08:51,459067,720,1,v15_1_14_phase_1_sac_stricter_angle_reward_y100,1200,238.07228177509927,1086,success,707.1049194335938,8.427374839782715,0.40629085898399353,100.61845397949219,98.56189727783203,-0.9205551147460938,11.236824035644531,25.146012495487895,17.904642522345792,19.08657431481794,0.905227845401042,0.17691537737846375,0.0,0.0
2026-05-15 17:09:17,460267,721,1,v15_1_14_phase_1_sac_stricter_angle_reward_y100,1200,64.11361450844743,1200,timeout,707.2037963867188,45.39967346191406,0.40629085898399353,101.2534408569336,98.56189727783203,-1.6320266723632812,-15.0007905960083,28.805824220719366,24.553964868042023,15.552274145774627,0.8762577043748906,0.3814464211463928,0.0,0.0
2026-05-15 17:09:43,461467,722,1,v15_1_14_phase_1_sac_stricter_angle_reward_y100,1200,64.9137540738758,1200,timeout,706.4515991210938,55.023380279541016,0.40629085898399353,93.37174224853516,98.56189727783203,6.158111572265625,-14.89079475402832,32.755377693184656,32.51419346830775,-4.188158020270044,0.8409882342333578,0.6288064122200012,0.0,0.0
2026-05-15 17:10:10,462667,723,1,v15_1_14_phase_1_sac_stricter_angle_reward_y100,1200,62.365985653047275,1200,timeout,707.0158081054688,44.02128982543945,0.40629085898399353,103.96465301513672,98.56189727783203,-4.274101257324219,-17.187803268432617,32.938471159170604,17.372411984103596,-28.411594239562692,0.8392549616810788,0.19648657739162445,0.0,0.0
2026-05-15 17:10:39,463867,724,1,v15_1_14_phase_1_sac_stricter_angle_reward_y100,1200,55.85422652594556,1200,timeout,706.5895385742188,36.64733123779297,0.40629085898399353,104.09513854980469,98.56189727783203,-4.605445861816406,-17.432981491088867,55.20707692904116,55.098425694819184,7.31292474243445,0.5706121385014513,0.7385399341583252,0.0,0.0
2026-05-15 17:11:03,464936,725,1,v15_1_14_phase_1_sac_stricter_angle_reward_y100,1200,242.9993515899506,1069,success,706.5699462890625,9.8346586227417,0.40629085898399353,93.52123260498047,98.56189727783203,5.92620849609375,21.26447868347168,22.74204033218999,20.690495684780988,9.291370997798683,0.9222546855903149,0.8556715250015259,0.0,0.0
2026-05-15 17:11:29,466136,726,1,v15_1_14_phase_1_sac_stricter_angle_reward_y100,1200,59.26964814982669,1200,timeout,706.4778442382812,48.208858489990234,0.40629085898399353,91.39236450195312,98.56189727783203,8.158103942871094,-14.600495338439941,31.640448348923037,25.051752469847134,-20.95211412810728,0.851356810486185,0.5728656053543091,0.0,0.0
