episode_id,timestamp,update_id,done_reason,episode_len,logged_steps,episode_return,sum_reward_from_steps,dense_no_terminal,start_distance,min_distance,final_distance,min_theta_deg,final_theta_deg,max_alignment,final_closing_speed,final_agl,reward_step_penalty,reward_distance,reward_alignment,reward_theta_progress,reward_closing,reward_final_approach,reward_terminal,pos_delta_frac,pos_closing_frac,pos_alignment_reward_frac,gate_zero_steps,gate_zero_base
1,2026-05-15 15:17:58,33,bad_angle,33,33,-49.618320158057315,-49.618320158057315,0.38167984194268456,706.5184936523438,690.732421875,690.732421875,82.80383130816863,112.78554772658656,0.12526689162352378,21.225847244262695,5.153702259063721,-0.16500000000000006,0.7893035888671874,-0.8892628304865938,-0.15169020492057572,0.798329288482666,0.0,-50.0,1.0,1.0,0.0,0,0.0
2,2026-05-15 15:18:00,198,bad_angle,165,165,-39.95217063128675,-39.95217063128675,10.047829368713252,706.8576049804688,609.0562744140625,609.0562744140625,22.669358581684595,110.87483645722133,0.9227443376174596,21.346954345703125,15.548165321350098,-0.8250000000000006,4.89006652832031,1.3828886569874603,-0.3019036581625192,4.901777841567992,0.0,-50.0,1.0,1.0,0.5515151515151515,0,0.0
3,2026-05-15 15:18:02,402,low_agl,204,204,-43.496012779172986,-43.496012779172986,16.503987220827014,707.1168212890625,578.0877075195312,578.0877075195312,30.545452911754104,86.52002112235667,0.8612262576713569,34.17031478881836,0.3888384699821472,-1.0200000000000002,6.451455688476561,4.876982615397861,-0.25451054464104084,6.450059461593627,0.0,-60.0,1.0,1.0,0.8480392156862745,1,0.0006166457420346772
4,2026-05-15 15:18:03,535,low_agl,133,133,-52.22473534640985,-52.22473534640985,7.775264653590149,706.4432373046875,631.2002563476562,631.2002563476562,38.52865997593505,96.56063825889636,0.7822966703230184,23.686382293701172,0.4747106432914734,-0.6650000000000005,3.7621490478515636,1.0926161053189942,-0.17854195961763517,3.7640414600372316,0.0,-60.0,1.0,1.0,0.6240601503759399,0,0.0
5,2026-05-15 15:18:04,575,bad_angle,40,40,-49.642181231742626,-49.642181231742626,0.35781876825737413,707.3944091796875,689.0162963867188,689.0162963867188,82.01180257201395,113.25150323176483,0.138969108983801,21.407672882080078,4.81422233581543,-0.2000000000000001,0.9189056396484374,-1.1169780920154504,-0.16949726623779685,0.9253884868621829,0.0,-50.0,1.0,1.0,0.0,0,0.0
6,2026-05-15 15:18:05,737,low_agl,162,162,-53.549222124862666,-53.549222124862666,6.450777875137334,707.1769409179688,620.9214477539062,620.9214477539062,46.2896058543346,86.17652407880756,0.6910135546702694,29.840234756469727,0.44754642248153687,-0.8100000000000006,4.312774658203124,-1.1724170577459598,-0.19372889142701738,4.314149166107178,0.0,-60.0,1.0,1.0,0.3148148148148148,0,0.0
7,2026-05-15 15:18:06,779,bad_angle,42,42,-49.16769772829568,-49.16769772829568,0.8323022717043216,707.0159301757812,686.4244995117188,686.4244995117188,80.068641073902,111.3121393188314,0.17246824110000464,21.97076416015625,5.368866920471191,-0.2100000000000001,1.0295715332031248,-0.867515441403054,-0.16149734655449047,1.0417435264587402,0.0,-50.0,1.0,1.0,0.0,0,0.0
8,2026-05-15 15:18:08,1036,low_agl,257,257,-40.21295077250156,-40.21295077250156,19.787049227498443,707.2726440429688,549.4637451171875,549.4637451171875,9.015653336478193,88.26670539880404,0.987645565485936,26.610210418701172,0.5372060537338257,-1.2849999999999946,7.890444946289068,5.642398411451682,-0.34639067069334667,7.885596540451052,0.0,-60.0,1.0,1.0,0.7392996108949417,0,0.0
9,2026-05-15 15:18:09,1117,low_agl,81,81,-54.11282943991386,-54.11282943991386,5.88717056008614,706.510009765625,659.9950561523438,659.9950561523438,28.364064660675865,73.9792815420255,0.8799467065770485,28.987316131591797,0.3103618323802948,-0.40500000000000025,2.3257476806640622,1.7063760542213622,-0.061019895761802084,2.3210667209625244,0.0,-60.0,1.0,1.0,0.7283950617283951,0,0.0
10,2026-05-15 15:18:10,1226,low_agl,109,109,-54.762931348228996,-54.762931348228996,5.237068651771004,707.3133544921875,647.9742431640625,647.9742431640625,46.066173291110566,85.09382298214464,0.6938271117359424,27.816287994384766,0.4163742661476135,-0.5450000000000004,2.9669555664062495,-0.019901922075258552,-0.12770234256608692,2.9627173500061046,0.0,-60.0,1.0,1.0,0.4954128440366973,0,0.0
11,2026-05-15 15:18:13,1484,bad_angle,258,258,-32.639067867502334,-32.639067867502334,17.360932132497666,707.259033203125,552.2758178710938,552.2758178710938,25.181239196132235,110.68751851923373,0.9049664201913658,20.005781173706055,10.824226379394531,-1.2899999999999945,7.749160766601569,3.5387535206086267,-0.39646402536377545,7.759481870651244,0.0,-50.0,1.0,1.0,0.5813953488372093,0,0.0
12,2026-05-15 15:18:15,1641,low_agl,157,157,-47.53729559532957,-47.53729559532957,12.462704404670433,706.5643920898438,610.0447387695312,610.0447387695312,24.399028856909453,88.67656456032898,0.9106906626485627,29.23326873779297,0.3874843418598175,-0.7850000000000006,4.825982666015628,3.8048716368673,-0.20978397528462792,4.826634077072141,0.0,-60.0,1.0,1.0,0.8089171974522293,0,0.0
13,2026-05-15 15:18:15,1670,bad_angle,29,29,-49.553178182696065,-49.553178182696065,0.44682181730393467,706.4924926757812,692.5093383789062,692.5093383789062,82.00420740165688,113.59891397370835,0.13910038221804882,23.357999801635742,3.883342742919922,-0.14500000000000005,0.6991577148437499,-0.6671487960024884,-0.14903257959518423,0.7088454780578612,0.0,-50.0,1.0,1.0,0.0,0,0.0
14,2026-05-15 15:18:17,1839,low_agl,169,169,-42.49830461349546,-42.49830461349546,17.501695386504537,707.3912963867188,594.6619262695312,594.6619262695312,3.81166689416154,75.08293765906203,0.9977879525355455,29.821977615356445,0.5044179558753967,-0.8450000000000006,5.636468505859374,7.300410218724652,-0.22151510420802462,5.63133176612854,0.0,-60.0,1.0,1.0,0.8816568047337278,0,0.0
15,2026-05-15 15:18:19,2079,low_agl,240,240,-30.66841676380116,-30.66841676380116,29.33158323619884,706.643310546875,534.2822265625,534.2822265625,3.2478132203924197,77.19617769769646,0.9983938335956916,33.52446365356445,0.5353118181228638,-1.1999999999999964,8.618054199218747,13.65533340536137,-0.35235664689995144,8.610552278518677,0.0,-60.0,1.0,1.0,0.9958333333333333,1,0.006047634652439671
16,2026-05-15 15:18:20,2159,bad_angle,80,80,-48.58154758521155,-48.58154758521155,1.4184524147884474,707.071044921875,668.5143432617188,668.5143432617188,74.33179443527904,111.43411283702949,0.27006618976614233,22.459047317504883,8.735479354858398,-0.40000000000000024,1.9278350830078128,-1.8586304532402764,-0.19075048882857726,1.939998273849487,0.0,-50.0,1.0,1.0,0.0875,0,0.0
17,2026-05-15 15:18:22,2425,bad_angle,266,266,-25.363220172329374,-25.363220172329374,24.636779827670626,706.4166259765625,535.4159545898438,535.4159545898438,1.7277106512633,112.31584244755395,0.9995453953719204,22.855148315429688,19.267719268798828,-1.3299999999999936,8.550033569335941,9.307643901034865,-0.44964332637021387,8.558745683670047,0.0,-50.0,1.0,1.0,0.8082706766917294,0,0.0
18,2026-05-15 15:18:24,2557,low_agl,132,132,-46.72451707991616,-46.72451707991616,13.275482920083839,706.4185180664062,618.6937866210938,618.6937866210938,6.571189250459514,35.375007956883834,0.993430435287691,34.983360290527344,0.4607720971107483,-0.6600000000000005,4.3862365722656245,5.191561388624041,-0.01311344549942961,4.370798404693604,0.0,-60.0,1.0,1.0,0.8939393939393939,0,0.0
19,2026-05-15 15:18:25,2675,low_agl,118,118,-54.40776741858171,-54.40776741858171,5.592232581418287,707.2437133789062,641.979736328125,641.979736328125,31.83377685338025,81.56165212457509,0.8495818957639107,28.64560890197754,0.49379998445510864,-0.5900000000000004,3.2631988525390634,-0.21671817943752353,-0.12480562113271391,3.2605575294494624,0.0,-60.0,1.0,1.0,0.3898305084745763,0,0.0
20,2026-05-15 15:18:25,2721,bad_angle,46,46,-49.601314403664865,-49.601314403664865,0.39868559633513456,706.4590454101562,685.1564331054688,685.1564331054688,82.68629741293104,115.16514465228397,0.12730182173904545,20.084381103515625,7.702874183654785,-0.23000000000000012,1.065130615234375,-1.3305697452795617,-0.1809920968160898,1.0751168231964114,0.0,-50.0,1.0,1.0,0.0,0,0.0
21,2026-05-15 15:18:29,3062,bad_angle,341,341,-12.2238408269097,-12.2238408269097,37.7761591730903,706.5325927734375,467.4053649902344,467.4053649902344,0.2525642271686456,110.93667698996663,0.9999902844428282,23.755517959594727,27.02539825439453,-1.7049999999999856,11.95636138916016,16.17195881224073,-0.6140076240747809,11.966846595764157,0.0,-50.0,1.0,1.0,0.9384164222873901,0,0.0
22,2026-05-15 15:18:29,3088,bad_angle,26,26,-49.86484177864586,-49.86484177864586,0.13515822135413913,706.6152954101562,694.4312744140625,694.4312744140625,82.27072138307079,115.35638994904433,0.13449256850875155,21.782588958740234,2.652540922164917,-0.13000000000000003,0.6092010498046876,-0.8028913888219189,-0.16105754085543644,0.6199061012268066,0.0,-50.0,1.0,1.0,0.0,0,0.0
23,2026-05-15 15:18:31,3243,low_agl,155,155,-51.69976859632735,-51.69976859632735,8.300231403672647,706.4182739257812,620.833984375,620.833984375,50.50393844016461,85.46488666918393,0.6360251782670733,26.447952270507812,0.41058337688446045,-0.7750000000000006,4.279214477539063,0.7010801485114185,-0.18070085093313465,4.275637628555297,0.0,-60.0,1.0,1.0,0.6387096774193548,0,0.0
24,2026-05-15 15:18:32,3273,bad_angle,30,30,-49.44275460438876,-49.44275460438876,0.5572453956112398,706.880126953125,692.2339477539062,692.2339477539062,83.64059095319772,110.04917586959351,0.11076487360389203,22.204059600830078,3.2268364429473877,-0.15000000000000005,0.7323089599609376,-0.6292092430470781,-0.138242876829349,0.7423885555267334,0.0,-50.0,1.0,1.0,0.0,0,0.0
25,2026-05-15 15:18:35,3432,low_agl,159,159,-45.70229608632269,-45.70229608632269,14.29770391367731,707.00830078125,603.2459716796875,603.2459716796875,8.881904572151004,73.9902371654542,0.9880086778725181,31.07185173034668,0.46787354350090027,-0.7950000000000006,5.188116455078123,4.885826348867075,-0.1683544984832213,5.187115608215332,0.0,-60.0,1.0,1.0,0.8301886792452831,0,0.0
26,2026-05-15 15:18:37,3566,low_agl,134,134,-49.27223180314792,-49.27223180314792,10.727768196852082,707.330322265625,625.6236572265625,625.6236572265625,22.067726491285896,65.38789394357912,0.9267404030969313,33.0831184387207,0.4327203631401062,-0.6700000000000005,4.085333251953126,3.3355892782521455,-0.09763364624990985,4.074479312896729,0.0,-60.0,1.0,1.0,0.8955223880597015,0,0.0
27,2026-05-15 15:18:38,3594,bad_angle,28,28,-49.560705033296266,-49.560705033296266,0.43929496670373425,707.0841064453125,693.744140625,693.744140625,80.63369579374798,112.83842022095162,0.16274572843169124,21.90574073791504,3.0259106159210205,-0.14000000000000004,0.6669982910156251,-0.6086297228932354,-0.15046131771199384,0.6713877162933349,0.0,-50.0,1.0,1.0,0.0,0,0.0
28,2026-05-15 15:18:39,3659,bad_angle,65,65,-47.42313732037558,-47.42313732037558,2.576862679624419,706.4951782226562,671.9398193359375,671.9398193359375,63.41513040560434,110.04897779410759,0.4475229480958453,22.48516082763672,8.48723030090332,-0.3250000000000002,1.727767944335938,-0.39710417359152883,-0.163351887628782,1.7345507965087894,0.0,-50.0,1.0,1.0,0.49230769230769234,0,0.0
29,2026-05-15 15:18:40,3816,low_agl,157,157,-46.87886223956456,-46.87886223956456,13.121137760435438,707.3433837890625,608.1298217773438,608.1298217773438,22.3495230209677,67.62727391580535,0.9248813937721129,32.00831604003906,0.5735464692115784,-0.7850000000000006,4.9606781005859375,4.1316262522896245,-0.14155519755791401,4.955388605117798,0.0,-60.0,1.0,1.0,0.8598726114649682,0,0.0
30,2026-05-15 15:18:42,3982,low_agl,166,166,-49.60567593706496,-49.60567593706496,10.394324062935041,707.3115844726562,613.2407836914062,613.2407836914062,19.59694995526339,80.54487601378113,0.9420753086542524,29.509841918945312,0.3343829810619354,-0.8300000000000006,4.7035400390624975,2.0359808509971637,-0.21572281665710433,4.700525989532472,0.0,-60.0,1.0,1.0,0.6024096385542169,0,0.0
31,2026-05-15 15:18:44,4237,low_agl,255,255,-45.264215902610374,-45.264215902610374,14.735784097389626,706.6170043945312,561.7481079101562,561.7481079101562,42.8618993250258,54.4566577053102,0.7329954040666963,35.136192321777344,0.40236204862594604,-1.2749999999999948,7.2434448242187495,1.703157636871151,-0.1701986775735725,7.234380313873287,0.0,-60.0,1.0,1.0,0.6627450980392157,0,0.0
32,2026-05-15 15:18:46,4436,low_agl,199,199,-46.93658825878788,-46.93658825878788,13.063411741212121,706.7347412109375,588.4255981445312,588.4255981445312,33.87914871732685,93.40698965493974,0.8302152066995298,32.07367706298828,0.38696372509002686,-0.9950000000000008,5.91545715332031,2.501107308695268,-0.2748794263545997,5.916726705551147,0.0,-60.0,1.0,1.0,0.6934673366834171,0,0.0
33,2026-05-15 15:18:48,4616,low_agl,180,180,-41.47589159013844,-41.47589159013844,18.52410840986156,707.1000366210938,585.1055908203125,585.1055908203125,19.014464592655532,56.36323329513297,0.9454363542371182,33.3430061340332,0.3984227478504181,-0.9000000000000007,6.099722290039064,7.342826047125842,-0.10435487672046627,6.085914949417113,0.0,-60.0,1.0,1.0,0.9666666666666667,0,0.0
34,2026-05-15 15:18:50,4760,low_agl,144,144,-51.745108445874685,-51.745108445874685,8.254891554125315,706.98681640625,626.7835083007812,626.7835083007812,45.391760412463505,79.3050873963971,0.7022554407271547,27.482566833496094,0.5486958026885986,-0.7200000000000005,4.010165405273436,1.117608986170965,-0.15497696878881384,4.002094131469726,0.0,-60.0,1.0,1.0,0.6875,0,0.0
35,2026-05-15 15:18:51,4890,low_agl,130,130,-48.801837837994135,-48.801837837994135,11.198162162005865,707.2330322265625,626.9035034179688,626.9035034179688,1.7518947502887285,9.442523937904712,0.9995325803928035,39.70025634765625,0.5775324702262878,-0.6500000000000005,4.016476440429686,3.6967941043430548,0.1371498665159594,3.997741750717163,0.0,-60.0,1.0,1.0,0.7846153846153846,0,0.0
36,2026-05-15 15:18:52,5013,low_agl,123,123,-47.334926120118524,-47.334926120118524,12.665073879881476,707.0213012695312,626.47802734375,626.47802734375,4.826493412834273,86.22717676169238,0.9964540603127021,35.07394027709961,0.38700008392333984,-0.6150000000000004,4.027163696289064,5.4515998497140306,-0.22461281713785589,4.025923151016235,0.0,-60.0,1.0,1.0,0.943089430894309,0,0.0
37,2026-05-15 15:18:54,5213,low_agl,200,200,-47.01839249812959,-47.01839249812959,12.981607501870407,707.0033569335938,589.9318237304688,589.9318237304688,22.791574571598215,80.15528202352361,0.9219201263563294,32.73331069946289,0.365403950214386,-1.0000000000000007,5.853576660156246,2.4785357001805157,-0.20168954894181867,5.851184690475464,0.0,-60.0,1.0,1.0,0.62,3,0.0031421495618935316
38,2026-05-15 15:18:54,5275,bad_angle,62,62,-47.5669096968872,-47.5669096968872,2.433090303112799,707.0078125,674.4337158203125,674.4337158203125,47.10367219584633,115.62784898741732,0.6806739174885343,20.446550369262695,10.752197265625,-0.31000000000000016,1.6287048339843746,-0.32098225287104226,-0.19811555246037132,1.633483274459839,0.0,-50.0,1.0,1.0,0.3709677419354839,0,0.0
39,2026-05-15 15:18:57,5531,bad_angle,256,256,-32.69458845926444,-32.69458845926444,17.305411540735562,707.180419921875,552.7246704101562,552.7246704101562,6.750929947336631,111.15121323179673,0.9930665491165976,21.531789779663086,15.010306358337402,-1.2799999999999947,7.7227874755859345,3.547150733641117,-0.41968243593228693,7.735155767440798,0.0,-50.0,1.0,1.0,0.5546875,0,0.0
40,2026-05-15 15:18:59,5700,low_agl,169,169,-50.64739710780517,-50.64739710780517,9.352602892194831,706.438720703125,613.8887939453125,613.8887939453125,47.58579475879002,70.23117425384599,0.6744854507833502,30.421602249145508,0.4555748403072357,-0.8450000000000006,4.627496337890625,1.0917912192729538,-0.14132651257921827,4.619641847610473,0.0,-60.0,1.0,1.0,0.6035502958579881,1,0.001617416619860171
41,2026-05-15 15:19:00,5809,low_agl,109,109,-50.6152673739427,-50.6152673739427,9.3847326260573,707.3915405273438,639.4925537109375,639.4925537109375,1.8738794742659233,60.43100026665826,0.9994652271678662,30.383007049560547,0.3550654947757721,-0.5450000000000004,3.3949493408203115,3.219244011768913,-0.06864404180902785,3.3841833152770993,0.0,-60.0,1.0,1.0,0.8348623853211009,0,0.0
42,2026-05-15 15:19:01,5933,bad_angle,124,124,-42.2355415241623,-42.2355415241623,7.764458475837699,707.3893432617188,635.4609985351562,635.4609985351562,42.0606737391537,112.46054000512066,0.7424358287158688,22.94493293762207,12.830466270446777,-0.6200000000000004,3.5964172363281257,1.4324923725225245,-0.24872259068506639,3.6042714576721195,0.0,-50.0,1.0,1.0,0.6129032258064516,0,0.0
43,2026-05-15 15:19:02,6043,low_agl,110,110,-53.22370290554664,-53.22370290554664,6.776297094453362,706.5185546875,643.0682983398438,643.0682983398438,35.3346108030378,69.98905770814739,0.8157883733133067,32.578834533691406,0.44418373703956604,-0.5500000000000004,3.172512817382813,1.0643317405750101,-0.07404636296429826,3.1634988994598396,0.0,-60.0,1.0,1.0,0.6181818181818182,1,0.000669624379165329
44,2026-05-15 15:19:06,6396,low_agl,353,353,-29.632996241975995,-29.632996241975995,30.367003758024005,706.94921875,484.06121826171875,484.06121826171875,0.5898349129590555,50.88520984491848,0.999947011472055,36.74714279174805,0.41915714740753174,-1.7649999999999844,11.144400024414068,10.220361394887398,-0.3591460012737482,11.126388339996339,0.0,-60.0,1.0,1.0,0.8158640226628895,0,0.0
45,2026-05-15 15:19:06,6458,bad_angle,62,62,-48.692286489744355,-48.692286489744355,1.3077135102556454,707.3011474609375,677.8284912109375,677.8284912109375,77.76220230440458,114.1500624284042,0.21196954605811816,21.589052200317383,7.575748920440674,-0.31000000000000016,1.4736328124999998,-1.1568128940916564,-0.17985986617577376,1.4807534580230715,0.0,-50.0,1.0,1.0,0.0,1,0.0011969546058118148
46,2026-05-15 15:19:06,6484,bad_angle,26,26,-50.71469531893433,-50.71469531893433,-0.7146953189343321,707.030029296875,695.7168579101562,695.7168579101562,84.49264339177847,145.19394839483996,0.09597355765059054,18.17741584777832,2.1913645267486572,-0.13000000000000003,0.5656585693359374,-1.4355106003622609,-0.2999839586843714,0.5851406707763672,0.0,-50.0,1.0,1.0,0.0,0,0.0
47,2026-05-15 15:19:08,6604,low_agl,120,120,-51.31846422217205,-51.31846422217205,8.681535777827953,707.1652221679688,635.2314453125,635.2314453125,52.891892102311544,63.03060441571096,0.603320847416318,31.194456100463867,0.5353571176528931,-0.6000000000000004,3.5966888427734385,2.150796052411064,-0.05070470779539223,3.584755590438843,0.0,-60.0,1.0,1.0,0.9166666666666666,1,0.0030634767589898166
48,2026-05-15 15:19:12,6945,low_agl,341,341,-26.992472542107684,-26.992472542107684,33.007527457892316,706.53369140625,481.9110107421875,481.9110107421875,4.766414215121195,86.2998977857855,0.9965417385340086,26.678586959838867,0.46687260270118713,-1.7049999999999856,11.231134033203128,12.733883440480344,-0.48293151550122543,11.230441499710079,0.0,-60.0,1.0,1.0,0.7859237536656891,0,0.0
49,2026-05-15 15:19:12,6980,bad_angle,35,35,-50.248558930078964,-50.248558930078964,-0.24855893007896412,706.6473999023438,691.0684204101562,691.0684204101562,83.9294055022517,114.17012952418568,0.10575374042763644,20.13750457763672,3.7166411876678467,-0.17500000000000007,0.7789489746093748,-1.4651951848478892,-0.17661865283911019,0.7893059329986573,0.0,-50.0,1.0,1.0,0.0,0,0.0
50,2026-05-15 15:19:14,7189,low_agl,209,209,-44.3089160903448,-44.3089160903448,15.691083909655198,706.5633544921875,578.2933959960938,578.2933959960938,27.619261559989948,75.3613908111451,0.8860477793886975,30.929725646972656,0.5928711295127869,-1.0449999999999997,6.413497924804688,4.143659099168311,-0.22526348678484406,6.404190372467042,0.0,-60.0,1.0,1.0,0.6985645933014354,0,0.0
51,2026-05-15 15:19:15,7325,bad_angle,136,136,-43.33863675115982,-43.33863675115982,6.661363248840182,707.311279296875,633.8143310546875,633.8143310546875,34.18898658864614,110.04834258651478,0.827188602824041,19.79467010498047,3.2900283336639404,-0.6800000000000005,3.674847412109375,0.23505329825080462,-0.2544709370143742,3.6859334754943847,0.0,-50.0,1.0,1.0,0.5735294117647058,0,0.0
52,2026-05-15 15:19:17,7462,low_agl,137,137,-48.09647991765184,-48.09647991765184,11.903520082348159,707.0524291992188,619.6412353515625,619.6412353515625,38.40610589165751,80.48393706600628,0.7836272584531424,35.56092071533203,0.380725622177124,-0.6850000000000005,4.370559692382812,4.028730197184617,-0.1788373349902737,4.368067527770996,0.0,-60.0,1.0,1.0,0.9781021897810219,0,0.0
53,2026-05-15 15:19:17,7521,bad_angle,59,59,-48.32482208311765,-48.32482208311765,1.6751779168823475,706.4884643554688,677.0279541015625,677.0279541015625,70.52927102998203,114.77716258667057,0.33332524292218246,22.159902572631836,8.043210983276367,-0.29500000000000015,1.4730255126953127,-0.8000987786583068,-0.1841913582770974,1.4814425411224363,0.0,-50.0,1.0,1.0,0.11864406779661017,0,0.0
54,2026-05-15 15:19:18,7652,low_agl,131,131,-50.38190738419789,-50.38190738419789,9.618092615802112,706.6427612304688,628.902587890625,628.902587890625,21.055540267614198,22.73149964275337,0.9332326001794935,37.885772705078125,0.5937835574150085,-0.6550000000000005,3.8870086669921844,2.435326489034642,0.08244672788746271,3.868310731887817,0.0,-60.0,1.0,1.0,0.8396946564885496,0,0.0
55,2026-05-15 15:19:19,7719,bad_angle,67,67,-47.296667121539905,-47.296667121539905,2.7033328784600954,706.4332885742188,671.2293701171875,671.2293701171875,52.314061513623045,111.02508012839411,0.6113328399209583,21.770231246948242,6.449173927307129,-0.3350000000000002,1.760195922851563,-0.3000871697891545,-0.1904836420888848,1.7687077674865723,0.0,-50.0,1.0,1.0,0.5522388059701493,0,0.0
56,2026-05-15 15:19:19,7754,bad_angle,35,35,-49.99389196015456,-49.99389196015456,0.006108039845436508,706.4231567382812,690.5713500976562,690.5713500976562,81.83259206857115,118.52371259171933,0.14206588743113413,21.166833877563477,4.102507591247559,-0.17500000000000007,0.7925903320312501,-1.2231372465011856,-0.18924456274395743,0.800899517059326,0.0,-50.0,1.0,1.0,0.0,0,0.0
57,2026-05-15 15:19:21,7946,low_agl,192,192,-43.47458230375011,-43.47458230375011,16.52541769624989,706.9441528320312,583.2300415039062,583.2300415039062,16.34956725023209,77.99956503844086,0.959562124778923,31.873870849609375,0.37881922721862793,-0.9600000000000007,6.185705566406248,5.373501816663559,-0.251556753775501,6.177767066955565,0.0,-60.0,1.0,1.0,0.8489583333333334,0,0.0
58,2026-05-15 15:19:23,8087,low_agl,141,141,-48.55373265754153,-48.55373265754153,11.44626734245847,707.0196533203125,621.4295043945312,621.4295043945312,13.526645797397592,76.16918362390416,0.972261249874126,32.37202453613281,0.3794300854206085,-0.7050000000000005,4.279507446289062,3.7453049833252456,-0.15606576662972374,4.282520679473874,0.0,-60.0,1.0,1.0,0.7092198581560284,0,0.0
59,2026-05-15 15:19:25,8307,low_agl,220,220,-38.18698351153016,-38.18698351153016,21.81301648846984,706.4352416992188,560.2755126953125,560.2755126953125,4.304387349376151,75.3780633029091,0.9971793892036704,32.2496223449707,0.5873925685882568,-1.0999999999999985,7.307986450195309,8.625413700619646,-0.32084110748976463,7.300457445144652,0.0,-60.0,1.0,1.0,0.8681818181818182,0,0.0
60,2026-05-15 15:19:28,8565,low_agl,258,258,-40.84151070679705,-40.84151070679705,19.158489293202948,706.7410278320312,547.962646484375,547.962646484375,5.81008035379066,64.5026262950646,0.9948629140551132,35.01352310180664,0.3624556362628937,-1.2899999999999945,7.938919067382813,4.858452509357668,-0.27361394819512797,7.924731664657593,0.0,-60.0,1.0,1.0,0.6007751937984496,0,0.0
61,2026-05-15 15:19:29,8663,bad_angle,98,98,-45.396624272448854,-45.396624272448854,4.603375727551146,707.382568359375,654.8724365234375,654.8724365234375,47.17312155932702,112.90464573514407,0.679785434850046,19.64746856689453,8.468925476074219,-0.4900000000000003,2.6255065917968756,0.06149492531188441,-0.22716870871655073,2.6335429191589355,0.0,-50.0,1.0,1.0,0.4897959183673469,0,0.0
62,2026-05-15 15:19:30,8723,bad_angle,60,60,-47.944034937025485,-47.944034937025485,2.055965062974515,706.730224609375,675.4555053710938,675.4555053710938,66.16977984881633,115.8318667379256,0.4040278275670334,22.459854125976562,7.801992416381836,-0.30000000000000016,1.5637359619140623,-0.5951338303028372,-0.18989930809288924,1.5772622394561768,0.0,-50.0,1.0,1.0,0.31666666666666665,0,0.0
63,2026-05-15 15:19:30,8752,bad_angle,29,29,-49.9598540869998,-49.9598540869998,0.04014591300020243,706.90966796875,693.608642578125,693.608642578125,81.54182408541453,111.40464057076089,0.14708742188446622,20.37356185913086,2.629976987838745,-0.14500000000000005,0.66505126953125,-0.9989447550595325,-0.15570602574214212,0.6747454242706299,0.0,-50.0,1.0,1.0,0.0,0,0.0
64,2026-05-15 15:19:31,8847,bad_angle,95,95,-45.36808852635922,-45.36808852635922,4.631911473640777,706.4605712890625,654.581298828125,654.581298828125,49.57514541116418,113.80037040327788,0.6484501911323151,21.23073959350586,10.329874038696289,-0.4750000000000003,2.593963623046875,0.12280255183552097,-0.21525526352799051,2.605400562286378,0.0,-50.0,1.0,1.0,0.6736842105263158,0,0.0
65,2026-05-15 15:19:31,8873,bad_angle,26,26,-49.9364930786554,-49.9364930786554,0.06350692134459734,706.529052734375,694.2140502929688,694.2140502929688,87.71990094442032,119.65912225820722,0.03978473293072502,21.62849998474121,2.813011646270752,-0.13000000000000003,0.6157501220703125,-0.8723534105578873,-0.17779612409116752,0.6279063339233399,0.0,-50.0,1.0,1.0,0.0,0,0.0
66,2026-05-15 15:19:32,8933,bad_angle,60,60,-48.67936727458304,-48.67936727458304,1.3206327254169565,707.1583251953125,678.0468139648438,678.0468139648438,74.75732205076,114.94664690073527,0.2629079183817298,21.32362937927246,5.719764232635498,-0.30000000000000016,1.4555755615234371,-1.1062887871639822,-0.19019901850121684,1.4615449695587164,0.0,-50.0,1.0,1.0,0.03333333333333333,0,0.0
67,2026-05-15 15:19:34,9115,low_agl,182,182,-42.193929546690946,-42.193929546690946,17.806070453309054,706.42333984375,588.5983276367188,588.5983276367188,1.1037582497089433,48.376723834488324,0.9998144507369636,35.64666748046875,0.43223902583122253,-0.9100000000000007,5.891250610351561,7.050061006895926,-0.10480155822554936,5.879560394287109,0.0,-60.0,1.0,1.0,0.8461538461538461,0,0.0
68,2026-05-15 15:19:35,9212,low_agl,97,97,-54.99683522106049,-54.99683522106049,5.003164778939507,707.00537109375,653.4409790039062,653.4409790039062,51.41976093993118,88.54030228638723,0.623610018305253,28.133975982666016,0.4121001660823822,-0.4850000000000003,2.6782196044921887,0.2563550788127711,-0.12865172946920866,2.6822418251037607,0.0,-60.0,1.0,1.0,0.5257731958762887,0,0.0
69,2026-05-15 15:19:38,9440,low_agl,228,228,-37.35636169973432,-37.35636169973432,22.64363830026568,706.4155883789062,549.4183349609375,549.4183349609375,15.260012058737074,79.66097440310061,0.9647413461329801,32.57817840576172,0.41392025351524353,-1.1399999999999977,7.849862670898434,8.427918171315277,-0.338642223420798,7.844499681472774,0.0,-60.0,1.0,1.0,0.9824561403508771,0,0.0
70,2026-05-15 15:19:39,9561,low_agl,121,121,-51.306439171399596,-51.306439171399596,8.693560828600404,706.5524291992188,635.1731567382812,635.1731567382812,38.72352185786092,71.95993611391124,0.7801736582946237,31.94358253479004,0.5688721537590027,-0.6050000000000004,3.568963623046874,2.2821525557321545,-0.11457330214395658,3.5620179519653306,0.0,-60.0,1.0,1.0,0.859504132231405,3,0.024823245300388316
71,2026-05-15 15:19:41,9733,bad_angle,172,172,-36.2885765285895,-36.2885765285895,13.711423471410498,706.5750122070312,600.5872802734375,600.5872802734375,1.9762537646406593,110.36088521274539,0.9994052052827317,21.20611000061035,17.442142486572266,-0.8600000000000007,5.299386596679688,4.2838479646896825,-0.318351195778576,5.306540105819703,0.0,-50.0,1.0,1.0,0.7558139534883721,0,0.0
72,2026-05-15 15:19:41,9759,bad_angle,26,26,-50.12594647119606,-50.12594647119606,-0.12594647119605895,707.3533325195312,695.5103149414062,695.5103149414062,82.35648123828946,127.54286810769445,0.13300922551454328,20.832660675048828,3.0549099445343018,-0.13000000000000003,0.5921508789062501,-0.9752665189920058,-0.2180504317877932,0.6052196006774903,0.0,-50.0,1.0,1.0,0.0,0,0.0
73,2026-05-15 15:19:43,9958,low_agl,199,199,-39.71041279626841,-39.71041279626841,20.289587203731593,706.4187622070312,577.5147705078125,577.5147705078125,4.732013540479602,58.77268497769252,0.996591448788669,34.70886993408203,0.4674328863620758,-0.9950000000000008,6.445199584960935,8.609603550554802,-0.20449242485665614,6.434276493072506,0.0,-60.0,1.0,1.0,0.9899497487437185,1,0.010758378058457902
74,2026-05-15 15:19:45,10090,low_agl,132,132,-49.92429712418879,-49.92429712418879,10.07570287581121,706.7470092773438,627.099853515625,627.099853515625,35.83921493363458,89.82001335947,0.8106632666409815,30.07027816772461,0.482276052236557,-0.6600000000000005,3.9823577880859373,2.965670001131081,-0.18971499671879702,3.9773900833129883,0.0,-60.0,1.0,1.0,0.7348484848484849,1,0.007022630368757699
75,2026-05-15 15:19:48,10377,bad_angle,287,287,-40.09315713048357,-40.09315713048357,9.906842869516431,706.4502563476562,559.7346801757812,559.7346801757812,49.23529910372644,110.8504731724519,0.6529541062727662,18.70458984375,10.581265449523926,-1.4349999999999914,7.335778808593755,-2.937589378062472,-0.4035483871104241,7.347201826095579,0.0,-50.0,1.0,1.0,0.3554006968641115,0,0.0
76,2026-05-15 15:19:49,10425,bad_angle,48,48,-48.058937793978025,-48.058937793978025,1.941062206021975,707.3943481445312,682.4561767578125,682.4561767578125,57.20620158211761,110.15817202836858,0.5416172258391905,21.927488327026367,7.715130805969238,-0.24000000000000013,1.2469085693359379,-0.15852347565868924,-0.159785938497559,1.2524630508422856,0.0,-50.0,1.0,1.0,0.4166666666666667,0,0.0
77,2026-05-15 15:19:50,10568,low_agl,143,143,-46.15057494698482,-46.15057494698482,13.849425053015182,707.0418090820312,617.1553344726562,617.1553344726562,14.606810332557489,47.26940673605669,0.9676792019948426,36.27762985229492,0.46401500701904297,-0.7150000000000005,4.494323730468751,5.653109474245903,-0.06106324355736949,4.478055091857909,0.0,-60.0,1.0,1.0,0.9790209790209791,1,0.012860073599811412
78,2026-05-15 15:19:50,10607,bad_angle,39,39,-50.53869025202287,-50.53869025202287,-0.5386902520228674,706.4219970703125,689.8430786132812,689.8430786132812,78.69718689988763,112.61153499710214,0.19599429008670943,21.43819236755371,3.705305814743042,-0.1950000000000001,0.8289459228515625,-1.830524319542068,-0.17879401857088784,0.8366821632385253,0.0,-50.0,1.0,1.0,0.0,0,0.0
79,2026-05-15 15:19:51,10672,bad_angle,65,65,-47.42067384007802,-47.42067384007802,2.579326159921983,706.4146728515625,672.5731811523438,672.5731811523438,60.321847013532285,112.0167689543666,0.49512742121287806,22.143537521362305,7.4619460105896,-0.3250000000000002,1.692074584960937,-0.3055406730329712,-0.18186572624914552,1.6996579742431641,0.0,-50.0,1.0,1.0,0.4,0,0.0
80,2026-05-15 15:19:52,10719,bad_angle,47,47,-48.543090554088536,-48.543090554088536,1.4569094459114638,707.2449951171875,683.592041015625,683.592041015625,67.04636632689576,111.30281611061433,0.3899860866188161,22.226226806640625,4.907083988189697,-0.23500000000000013,1.182647705078125,-0.5129211386547329,-0.16558156104842398,1.187764440536499,0.0,-50.0,1.0,1.0,0.2765957446808511,0,0.0
81,2026-05-15 15:19:53,10863,bad_angle,144,144,-39.73646074225587,-39.73646074225587,10.263539257744128,707.1326904296875,617.3844604492188,617.3844604492188,40.86184235112765,114.56527645823844,0.7562893435815224,20.163240432739258,16.364154815673828,-0.7200000000000005,4.4874114990234375,2.2887278957481905,-0.2936136448705151,4.501013507843021,0.0,-50.0,1.0,1.0,0.7152777777777778,0,0.0
82,2026-05-15 15:19:54,10890,bad_angle,27,27,-49.42554901077123,-49.42554901077123,0.5744509892287724,707.37255859375,694.3602905273438,694.3602905273438,78.9462155970263,111.51235948416115,0.19173037925326672,21.4656982421875,3.7423911094665527,-0.13500000000000004,0.6506134033203126,-0.4577597827402412,-0.1420852065771288,0.6586825752258301,0.0,-50.0,1.0,1.0,0.0,0,0.0
83,2026-05-15 15:19:55,11008,low_agl,118,118,-49.304426002142506,-49.304426002142506,10.695573997857494,706.6807250976562,632.1605224609375,632.1605224609375,19.5675425757919,60.91658573551114,0.9422473312166262,31.51031494140625,0.5790739059448242,-0.5900000000000004,3.726010131835937,3.9090801573342837,-0.06346480434372534,3.713948513031005,0.0,-60.0,1.0,1.0,0.9322033898305084,0,0.0
84,2026-05-15 15:20:01,11618,low_agl,610,610,-1.7193031220487,-1.7193031220487,58.2806968779513,706.5958251953125,300.46563720703125,300.46563720703125,0.7813458934059555,71.7520114951977,0.9999070167596109,26.978374481201172,0.46690118312835693,-3.049999999999957,20.306509399414075,21.488010187118025,-0.7596778435448028,20.295855134963986,0.0,-60.0,1.0,1.0,0.8426229508196721,0,0.0
85,2026-05-15 15:20:04,11878,bad_angle,260,260,-28.44115635631495,-28.44115635631495,21.55884364368505,706.4743041992188,544.2333984375,544.2333984375,4.314068288750998,111.98257702738151,0.9971666933421686,22.15848159790039,8.881511688232422,-1.2999999999999943,8.112045288085936,7.09174570559076,-0.4665739349983541,8.121626585006714,0.0,-50.0,1.0,1.0,0.7269230769230769,0,0.0
86,2026-05-15 15:20:07,12085,low_agl,207,207,-38.79112413337663,-38.79112413337663,21.208875866623373,706.4473266601562,571.2496948242188,571.2496948242188,1.408477000967013,58.05376658641366,0.9996978640603277,36.55023193359375,0.41680845618247986,-1.035,6.759881591796879,8.94716307942391,-0.2109599327559895,6.747791128158572,0.0,-60.0,1.0,1.0,0.9903381642512077,0,0.0
87,2026-05-15 15:20:10,12357,low_agl,272,272,-32.2528384202589,-32.2528384202589,27.747161579741103,706.7904052734375,529.025634765625,529.025634765625,3.7467450923269228,97.88730005233379,0.9978626371053669,23.63534927368164,0.45418083667755127,-1.359999999999993,8.888238525390625,11.753877915638858,-0.4225737901976743,8.887618928909303,0.0,-60.0,1.0,1.0,0.9227941176470589,0,0.0
88,2026-05-15 15:20:13,12631,bad_angle,274,274,-22.303220562576577,-22.303220562576577,27.696779437423423,706.8016357421875,529.2505493164062,529.2505493164062,2.032302723856607,115.17913287970416,0.9993709922395413,20.08168601989746,3.858388662338257,-1.3699999999999928,8.87755432128907,11.83248642811696,-0.5284260954603606,8.885164783477782,0.0,-50.0,1.0,1.0,0.9051094890510949,1,0.0028823564234962324
89,2026-05-15 15:20:14,12744,bad_angle,113,113,-42.17993300621569,-42.17993300621569,7.820066993784309,707.1539306640625,641.9866333007812,641.9866333007812,41.411061277382956,113.05497819877604,0.7499833856211775,21.44045066833496,13.12238597869873,-0.5650000000000004,3.258364868164063,2.1445565306610677,-0.2818395982933861,3.263985193252561,0.0,-50.0,1.0,1.0,0.8053097345132744,2,0.022087668627025665
90,2026-05-15 15:20:14,12773,bad_angle,29,29,-50.06904343096888,-50.06904343096888,-0.06904343096888255,707.361083984375,694.2085571289062,694.2085571289062,81.8667908257454,113.76854855193478,0.1414750352882952,21.23633575439453,3.4723732471466064,-0.14500000000000005,0.6576263427734375,-1.0852791585919679,-0.1624731022566766,0.6660824871063232,0.0,-50.0,1.0,1.0,0.0,0,0.0
91,2026-05-15 15:20:15,12872,bad_angle,99,99,-43.73797549638905,-43.73797549638905,6.262024503610952,706.635498046875,650.1821899414062,650.1821899414062,22.114364730486038,110.56880300126974,0.9264342778752387,21.52802848815918,4.684526443481445,-0.49500000000000033,2.8226654052734377,1.3348377578101027,-0.22963292773736152,2.8291542682647686,0.0,-50.0,1.0,1.0,0.7171717171717171,0,0.0
92,2026-05-15 15:20:18,13072,low_agl,200,200,-45.90377173216948,-45.90377173216948,14.096228267830519,706.4291381835938,589.6869506835938,589.6869506835938,28.31721639315875,40.246855533354285,0.8803348584353371,33.438209533691406,0.5268383026123047,-1.0000000000000007,5.837109374999997,3.5107768849966905,-0.07557338408816963,5.823915391922001,0.0,-60.0,1.0,1.0,0.64,0,0.0
93,2026-05-15 15:20:18,13102,bad_angle,30,30,-49.788473502715945,-49.788473502715945,0.21152649728405493,707.1908569335938,693.1349487304688,693.1349487304688,82.78979526942425,113.17451333944044,0.1255099333031247,21.59773826599121,2.6658501625061035,-0.15000000000000005,0.7027954101562498,-0.8961552367831908,-0.15765803148145555,0.712544355392456,0.0,-50.0,1.0,1.0,0.0,0,0.0
94,2026-05-15 15:20:18,13134,bad_angle,32,32,-49.756587693833154,-49.756587693833154,0.24341230616684584,706.5342407226562,691.584716796875,691.584716796875,82.90634561742134,114.6981646187302,0.12349157331817544,22.346845626831055,2.4087672233581543,-0.16000000000000006,0.7474761962890624,-0.9366318573668462,-0.16645734327172867,0.7590253105163575,0.0,-50.0,1.0,1.0,0.0,0,0.0
95,2026-05-15 15:20:19,13190,bad_angle,56,56,-46.89376286926485,-46.89376286926485,3.1062371307351526,707.3938598632812,676.5721435546875,676.5721435546875,41.6480449359203,114.15517824009252,0.7472410974283291,22.64137077331543,7.833438396453857,-0.28000000000000014,1.541085815429687,0.49546949915117006,-0.19951625627917594,1.549198072433472,0.0,-50.0,1.0,1.0,0.6071428571428571,0,0.0
96,2026-05-15 15:20:20,13292,low_agl,102,102,-55.19168775745358,-55.19168775745358,4.808312242546421,706.444091796875,651.927734375,651.927734375,37.21736269303556,87.00260813816392,0.7963466660595656,25.20966911315918,0.45979616045951843,-0.5100000000000003,2.7258178710937515,-0.009831209887683729,-0.12139369127317085,2.723719272613526,0.0,-60.0,1.0,1.0,0.4117647058823529,0,0.0
97,2026-05-15 15:20:20,13318,bad_angle,26,26,-50.22034084963872,-50.22034084963872,-0.22034084963871692,706.8156127929688,695.2417602539062,695.2417602539062,83.76813107556936,117.88346431930067,0.10855230329444292,19.888710021972656,2.3410451412200928,-0.13000000000000003,0.578692626953125,-1.071819249664203,-0.18805276986587097,0.5908385429382323,0.0,-50.0,1.0,1.0,0.0,0,0.0
98,2026-05-15 15:20:23,13549,low_agl,231,231,-46.286254922506785,-46.286254922506785,13.713745077493215,706.4569702148438,577.8324584960938,577.8324584960938,8.93661353362916,59.005375862336514,0.9878607999873154,33.86518096923828,0.4938909113407135,-1.1549999999999974,6.431225585937502,2.2079590206560815,-0.18924629179567345,6.418806762695311,0.0,-60.0,1.0,1.0,0.5454545454545454,0,0.0
99,2026-05-15 15:20:24,13642,bad_angle,93,93,-48.31149338739101,-48.31149338739101,1.6885066126089896,706.4421997070312,661.8978881835938,661.8978881835938,78.2074896571544,115.39556791412353,0.20436809335535458,21.953914642333984,9.780436515808105,-0.4650000000000003,2.2272155761718753,-2.0809600290979913,-0.22773041792436388,2.234981483459473,0.0,-50.0,1.0,1.0,0.010752688172043012,0,0.0
100,2026-05-15 15:20:26,13822,bad_angle,180,180,-35.7776842013368,-35.7776842013368,14.222315798663203,706.491455078125,598.914306640625,598.914306640625,20.082325395799298,110.64956315801598,0.9392002195663554,24.634510040283203,1.650509238243103,-0.9000000000000007,5.378857421875,4.701107969081087,-0.34243630684671506,5.384786714553838,0.0,-50.0,1.0,1.0,0.9333333333333333,0,0.0
101,2026-05-15 15:20:30,14217,low_agl,395,395,-21.067271888234586,-21.067271888234586,38.932728111765414,706.8339233398438,453.1187744140625,453.1187744140625,13.891952488740198,42.385001856797174,0.9707502133692194,33.45021057128906,0.590496301651001,-1.9749999999999799,12.685757446289072,15.967209827680858,-0.4116243245580365,12.666385162353519,0.0,-60.0,1.0,1.0,0.9367088607594937,5,0.01716882758081629
102,2026-05-15 15:20:31,14244,bad_angle,27,27,-50.38732191059862,-50.38732191059862,-0.3873219105986223,707.3780517578125,695.5463256835938,695.5463256835938,83.3615777256027,117.8798579794189,0.11560327560223899,20.394102096557617,2.4115195274353027,-0.13500000000000004,0.5915863037109375,-1.2569446243795408,-0.1873379051918645,0.6003743152618408,0.0,-50.0,1.0,1.0,0.0,0,0.0
103,2026-05-15 15:20:33,14425,low_agl,181,181,-47.668779783040385,-47.668779783040385,12.331220216959615,706.5408325195312,601.01171875,601.01171875,43.8352286025093,80.22209493398468,0.721334523931996,34.255489349365234,0.38667598366737366,-0.9050000000000007,5.276455688476561,2.9117659399749805,-0.22504237371117355,5.2730409622192385,0.0,-60.0,1.0,1.0,0.7403314917127072,1,0.005527194570332967
104,2026-05-15 15:20:35,14653,low_agl,228,228,-38.974498472334254,-38.974498472334254,21.025501527665746,707.1109619140625,565.5604248046875,565.5604248046875,20.296871882913155,58.15709368817761,0.9379078744930005,33.823753356933594,0.5372021198272705,-1.1399999999999977,7.077526855468751,8.222689217188977,-0.19740043709707772,7.062685892105104,0.0,-60.0,1.0,1.0,0.9473684210526315,0,0.0
105,2026-05-15 15:20:36,14697,bad_angle,44,44,-48.92252429008131,-48.92252429008131,1.0774757099186871,706.4187622070312,684.8004760742188,684.8004760742188,77.84163057426265,112.77762470714934,0.2106145595434432,20.29326057434082,7.645145893096924,-0.2200000000000001,1.080914306640625,-0.7147972625434599,-0.15774831164124437,1.0891069774627686,0.0,-50.0,1.0,1.0,0.045454545454545456,0,0.0
106,2026-05-15 15:20:38,14877,low_agl,180,180,-44.7985688687335,-44.7985688687335,15.201431131266503,706.7421875,598.0390625,598.0390625,15.033389797170635,69.06333484917887,0.9657748324001296,30.69244956970215,0.4900074899196625,-0.9000000000000007,5.435156249999999,5.407170645422258,-0.16612528113878886,5.425229516983032,0.0,-60.0,1.0,1.0,0.9166666666666666,0,0.0
107,2026-05-15 15:20:38,14921,bad_angle,44,44,-49.02365074863394,-49.02365074863394,0.9763492513660594,707.3839721679688,686.108642578125,686.108642578125,71.79652383801869,113.05501234972189,0.31239255319002357,19.529993057250977,6.385351657867432,-0.2200000000000001,1.0637664794921875,-0.7704331169360868,-0.16742587220688607,1.0704417610168457,0.0,-50.0,1.0,1.0,0.1590909090909091,0,0.0
108,2026-05-15 15:20:39,14968,bad_angle,47,47,-49.16202169858284,-49.16202169858284,0.8379783014171593,707.3677368164062,684.943115234375,684.943115234375,76.70495732277831,110.91370706378788,0.22996553532953273,21.900983810424805,5.34208345413208,-0.23500000000000013,1.1212310791015623,-1.0205353909013102,-0.1559511838564555,1.128233797073364,0.0,-50.0,1.0,1.0,0.02127659574468085,0,0.0
109,2026-05-15 15:20:41,15163,bad_angle,195,195,-44.40640600030967,-44.40640600030967,5.593593999690327,707.38818359375,611.6033935546875,611.6033935546875,58.41750148047352,112.17298904106313,0.5237257143327652,20.309581756591797,20.041770935058594,-0.9750000000000008,4.789239501953123,-2.7046068874354874,-0.31282191522709596,4.796783300399781,0.0,-50.0,1.0,1.0,0.16923076923076924,0,0.0
110,2026-05-15 15:20:42,15262,low_agl,99,99,-51.200627147321846,-51.200627147321846,8.799372852678154,706.8353271484375,648.0166015625,648.0166015625,23.518928246502043,68.35998928920763,0.9169282935131589,30.647611618041992,0.570962131023407,-0.49500000000000033,2.940936279296876,3.507661332827816,-0.08384221397534988,2.9296174545288074,0.0,-60.0,1.0,1.0,0.98989898989899,1,0.003284040639321198
111,2026-05-15 15:20:43,15352,bad_angle,90,90,-48.87121946561215,-48.87121946561215,1.1287805343878503,706.9873046875,665.31640625,665.31640625,81.72661485340923,114.93428425833754,0.14389653406845798,21.34444808959961,6.538505554199219,-0.4500000000000003,2.0835449218749997,-2.381352036445129,-0.2201482957899455,2.096735944747925,0.0,-50.0,1.0,1.0,0.0,0,0.0
112,2026-05-15 15:20:44,15381,bad_angle,29,29,-50.13317798407005,-50.13317798407005,-0.133177984070052,706.603271484375,693.2994995117188,693.2994995117188,81.42996607737724,118.64161531717208,0.14901819678969738,21.08133888244629,1.9003090858459473,-0.14500000000000005,0.6651885986328124,-1.1429422570200887,-0.1886898228904185,0.6782654972076416,0.0,-50.0,1.0,1.0,0.0,0,0.0
113,2026-05-15 15:20:46,15566,bad_angle,185,185,-38.325579709816395,-38.325579709816395,11.674420290183605,707.332275390625,602.919677734375,602.919677734375,36.205005714634616,115.27472820732766,0.8069087100902276,22.623443603515625,10.16324234008789,-0.9250000000000007,5.220629882812498,2.4904137065246257,-0.33926610997506,5.2276428108215365,0.0,-50.0,1.0,1.0,0.7189189189189189,0,0.0
114,2026-05-15 15:20:48,15737,low_agl,171,171,-48.373435893379295,-48.373435893379295,11.626564106620705,707.382568359375,609.0878295898438,609.0878295898438,38.53567799530724,93.62400525543855,0.7822203662246008,24.706634521484375,0.5302441716194153,-0.8550000000000006,4.914736938476564,2.900531326529281,-0.24944099958692187,4.915736841201783,0.0,-60.0,1.0,1.0,0.8245614035087719,0,0.0
115,2026-05-15 15:20:50,15963,low_agl,226,226,-41.43615522835822,-41.43615522835822,18.563844771641783,707.1204833984375,572.7423095703125,572.7423095703125,26.78789434931058,78.96383748508492,0.8926810614966056,26.528682708740234,0.44367948174476624,-1.129999999999998,6.71890869140625,6.537253088671334,-0.2731771253944309,6.710860116958619,0.0,-60.0,1.0,1.0,0.8053097345132744,1,0.0003307348457292497
116,2026-05-15 15:20:51,15991,bad_angle,28,28,-49.62790272766725,-49.62790272766725,0.372097272332752,707.2051391601562,694.0641479492188,694.0641479492188,81.66908417003022,114.14653805079246,0.14489011127797413,21.47035026550293,3.242150068283081,-0.14000000000000004,0.6570495605468749,-0.6536917190214081,-0.1522987581270377,0.6610381889343262,0.0,-50.0,1.0,1.0,0.0,0,0.0
117,2026-05-15 15:20:52,16110,low_agl,119,119,-47.00921065118087,-47.00921065118087,12.990789348819128,706.4766235351562,631.2749633789062,631.2749633789062,3.393499020954676,7.821900194100045,0.998246550606162,35.105316162109375,0.587537944316864,-0.5950000000000004,3.7600830078125016,5.960061542668264,0.12317102056737153,3.7424737777709955,0.0,-60.0,1.0,1.0,0.9495798319327731,0,0.0
118,2026-05-15 15:20:54,16277,bad_angle,167,167,-39.90929142644206,-39.90929142644206,10.09070857355794,706.4899291992188,614.3487548828125,614.3487548828125,30.632421710455876,110.77058044973026,0.8604538401884451,21.25132179260254,11.202826499938965,-0.8350000000000006,4.607058715820312,2.0296041106551295,-0.32576287337038223,4.614808620452883,0.0,-50.0,1.0,1.0,0.6227544910179641,2,0.014300844975968108
119,2026-05-15 15:20:55,16411,low_agl,134,134,-47.303851770018056,-47.303851770018056,12.696148229981944,706.9208374023438,625.2559204101562,625.2559204101562,16.182065398573993,73.70251544666742,0.9603809678254108,30.763072967529297,0.5234734416007996,-0.6700000000000005,4.0832458496093755,5.383851117555076,-0.17432616142261967,4.073377424240114,0.0,-60.0,1.0,1.0,0.9925373134328358,0,0.0
120,2026-05-15 15:20:56,16437,bad_angle,26,26,-50.439844466682004,-50.439844466682004,-0.43984446668200405,707.0687866210938,695.7735595703125,695.7735595703125,86.19872902379927,112.74623315772396,0.0662960343336978,20.19379997253418,2.282989025115967,-0.13000000000000003,0.5647613525390626,-1.2831084800607682,-0.16696631232009193,0.57546897315979,0.0,-50.0,1.0,1.0,0.0,0,0.0
121,2026-05-15 15:20:56,16463,bad_angle,26,26,-50.438631525763256,-50.438631525763256,-0.43863152576325604,706.4453735351562,694.6245727539062,694.6245727539062,82.6186375590129,114.99742252702514,0.12847301226059585,21.08919334411621,1.9356952905654907,-0.13000000000000003,0.5910400390625001,-1.3264564486647177,-0.1735948521076911,0.6003797359466552,0.0,-50.0,1.0,1.0,0.0,0,0.0
122,2026-05-15 15:20:57,16595,low_agl,132,132,-48.83340702703305,-48.83340702703305,11.166592972966953,707.343994140625,628.3968505859375,628.3968505859375,6.6576137684618,68.27366935847702,0.9932566883586535,32.206504821777344,0.44491806626319885,-0.6600000000000005,3.9473571777343746,4.082586529572171,-0.14422276841246948,3.9408720340728776,0.0,-60.0,1.0,1.0,0.8181818181818182,0,0.0
123,2026-05-15 15:21:10,17697,bad_angle,1102,1102,50.894254272574116,50.894254272574116,100.89425427257412,706.87158203125,77.1138687133789,77.41950988769531,2.433089046286258,114.59007687511475,0.999098479759759,-2.542591094970703,52.04360580444336,-5.509999999999905,31.472603607177728,45.14761722406008,-1.6686414407331234,31.452674882069235,0.0,-50.0,0.9909255898366606,0.9945553539019963,0.8911070780399274,2,0.0010120663629108657
124,2026-05-15 15:21:13,17953,low_agl,256,256,-40.30050422711271,-40.30050422711271,19.69949577288729,706.5868530273438,560.5606689453125,560.5606689453125,23.93504215375944,60.29187614345427,0.9140059992753015,31.61603355407715,0.534042477607727,-1.2799999999999947,7.301309204101566,6.611686336726667,-0.2214665705379689,7.287966802597047,0.0,-60.0,1.0,1.0,0.8203125,0,0.0
125,2026-05-15 15:21:16,18249,bad_angle,296,296,-25.516420206196162,-25.516420206196162,24.483579793803838,707.0994262695312,530.4848022460938,530.4848022460938,4.38150488086065,115.47392384428191,0.9970774652377534,23.084827423095703,5.808075428009033,-1.4799999999999904,8.830731201171876,8.809498450148213,-0.512990561480477,8.836340703964236,0.0,-50.0,1.0,1.0,0.8851351351351351,0,0.0
126,2026-05-15 15:21:16,18275,bad_angle,26,26,-50.41855489164967,-50.41855489164967,-0.41855489164966997,706.4175415039062,694.7836303710938,694.7836303710938,88.84797498773963,130.98559763808268,0.020105274783516692,20.420202255249023,2.2720184326171875,-0.13000000000000003,0.5816955566406251,-1.2307264665918938,-0.2342716051420073,0.5947476234436033,0.0,-50.0,1.0,1.0,0.0,0,0.0
127,2026-05-15 15:21:19,18525,low_agl,250,250,-37.14133284595191,-37.14133284595191,22.858667154048092,706.9806518554688,558.1087036132812,558.1087036132812,0.3488659190822851,61.385184523898204,0.9999814629556995,28.473356246948242,0.563017725944519,-1.2499999999999953,7.443597412109376,9.512500456998454,-0.28635572574088264,7.438925010681149,0.0,-60.0,1.0,1.0,0.824,0,0.0
128,2026-05-15 15:21:22,18825,low_agl,300,300,-24.98064622760593,-24.98064622760593,35.01935377239407,707.0208129882812,513.8167114257812,513.8167114257812,0.7391343638399247,49.25046553877846,0.9999167919193015,33.34360122680664,0.5703847408294678,-1.49999999999999,9.660205078125005,17.56035155438354,-0.3452329447244372,9.644030084609984,0.0,-60.0,1.0,1.0,1.0,0,0.0
129,2026-05-15 15:21:28,19342,low_agl,517,517,-23.541634880942475,-23.541634880942475,36.458365119057525,706.646728515625,416.0610046386719,416.0610046386719,10.393622657187109,81.47413008055054,0.9835915575177583,28.895549774169922,0.48893460631370544,-2.584999999999967,14.529286193847652,10.641570297752043,-0.653942241148771,14.526450868606563,0.0,-60.0,1.0,1.0,0.7408123791102514,0,0.0
130,2026-05-15 15:21:28,19368,bad_angle,26,26,-49.77385204631484,-49.77385204631484,0.22614795368515672,706.473388671875,694.321533203125,694.321533203125,80.99428880078963,110.23926686438413,0.1565329162766285,20.763580322265625,2.429736852645874,-0.13000000000000003,0.6075927734375,-0.72481664726125,-0.14201864681055384,0.6153904743194579,0.0,-50.0,1.0,1.0,0.0,0,0.0
131,2026-05-15 15:21:30,19538,low_agl,170,170,-44.20941353921392,-44.20941353921392,15.79058646078608,707.2627563476562,603.8428955078125,603.8428955078125,13.143642085915479,63.334117531858816,0.9738030448847835,32.68932342529297,0.47666704654693604,-0.8500000000000006,5.170993041992187,6.489393207818681,-0.1785833965076997,5.158783607482909,0.0,-60.0,1.0,1.0,0.9411764705882353,1,0.00202537334045336
132,2026-05-15 15:21:35,19912,bad_angle,374,374,-12.571960930641282,-12.571960930641282,37.42803906935872,707.3827514648438,479.2210998535156,479.2210998535156,0.6333471666751507,112.5991518641369,0.9999389052374301,21.77203369140625,15.988139152526855,-1.8699999999999821,11.408082580566402,17.180301289913963,-0.7073674089249944,11.417022607803352,0.0,-50.0,1.0,1.0,0.8716577540106952,1,0.003417955698848965
133,2026-05-15 15:21:35,19993,low_agl,81,81,-51.686261621000625,-51.686261621000625,8.313738378999375,706.97998046875,657.8759155273438,657.8759155273438,11.923719927506074,61.68145763952585,0.978423534609123,27.235042572021484,0.4933287799358368,-0.40500000000000025,2.4552032470703127,3.8749576413138827,-0.05915788955755201,2.447735380172729,0.0,-60.0,1.0,1.0,0.9629629629629629,0,0.0
134,2026-05-15 15:21:39,20297,bad_angle,304,304,-24.974381290053532,-24.974381290053532,25.025618709946468,706.99853515625,531.4014282226562,531.4014282226562,4.146426418214912,111.31320482834192,0.9973825215494059,22.820980072021484,14.452038764953613,-1.5199999999999896,8.779855346679689,9.52625693566517,-0.5447626916610904,8.784269119262696,0.0,-50.0,1.0,1.0,0.8289473684210527,0,0.0
135,2026-05-15 15:21:41,20436,low_agl,139,139,-45.11193735130364,-45.11193735130364,14.888062648696362,706.8974609375,621.8837890625,621.8837890625,4.2149140056831,60.485546157369974,0.9972953796448616,30.75505256652832,0.39887937903404236,-0.6950000000000005,4.25068359375,7.223507128874068,-0.12898702358896655,4.237858949661253,0.0,-60.0,1.0,1.0,0.9640287769784173,3,0.04162815348065372
136,2026-05-15 15:21:42,20538,low_agl,102,102,-53.96302615090255,-53.96302615090255,6.03697384909745,707.3924560546875,652.0082397460938,652.0082397460938,47.34462760938604,55.30680110601793,0.6775870401736501,31.160736083984375,0.5507468581199646,-0.5100000000000003,2.7692108154296875,1.0158650850006319,0.0032518991676200367,2.758646049499511,0.0,-60.0,1.0,1.0,0.6568627450980392,1,0.006874252534372571
137,2026-05-15 15:21:45,20797,low_agl,259,259,-34.58546157627252,-34.58546157627252,25.41453842372748,706.4562377929688,548.3628540039062,548.3628540039062,7.299712595258706,49.42978532524797,0.9918950799538334,33.119937896728516,0.45830032229423523,-1.2949999999999944,7.904669189453121,11.174749478031073,-0.26351164481874906,7.89363140106201,0.0,-60.0,1.0,1.0,0.803088803088803,0,0.0
138,2026-05-15 15:21:46,20938,low_agl,141,141,-47.227304174476174,-47.227304174476174,12.772695825523826,707.2598266601562,623.964599609375,623.964599609375,5.158600262168742,33.64807658751615,0.995949626271282,34.30280303955078,0.5292043685913086,-0.7050000000000005,4.164761352539064,5.14718067865073,0.013920464179615646,4.151833330154418,0.0,-60.0,1.0,1.0,0.7872340425531915,0,0.0
139,2026-05-15 15:21:46,20964,bad_angle,26,26,-49.96151886693835,-49.96151886693835,0.03848113306165146,706.4161376953125,693.958984375,693.958984375,88.75020082977089,110.47287982456609,0.02181138072781763,22.217147827148438,2.3516218662261963,-0.13000000000000003,0.6228576660156251,-0.9397899376516876,-0.143972280269324,0.6293856849670412,0.0,-50.0,1.0,1.0,0.0,0,0.0
140,2026-05-15 15:21:50,21333,low_agl,369,369,-28.762754864346125,-28.762754864346125,31.237245135653875,706.614501953125,494.53643798828125,494.53643798828125,9.647117985624213,65.93619420939106,0.9858585590687388,27.91603660583496,0.532458484172821,-1.8449999999999827,10.603903198242183,12.277149801426805,-0.39705015260459303,10.598242288589478,0.0,-60.0,1.0,1.0,0.8482384823848238,0,0.0
141,2026-05-15 15:21:51,21414,low_agl,81,81,-53.93409646328053,-53.93409646328053,6.065903536719468,707.3948364257812,662.1214599609375,662.1214599609375,38.89154451144324,53.38946113806322,0.7783358123996433,30.174161911010742,0.2381080538034439,-0.40500000000000025,2.263668823242188,1.9313308152796331,0.020908296543591,2.254995601654053,0.0,-60.0,1.0,1.0,0.9506172839506173,0,0.0
142,2026-05-15 15:21:52,21460,bad_angle,46,46,-49.77474431451219,-49.77474431451219,0.2252556854878094,706.979248046875,685.5345458984375,685.5345458984375,80.3305515078153,113.94025267747973,0.16796375449309575,20.946413040161133,4.979562282562256,-0.23000000000000012,1.072235107421875,-1.5187062415342316,-0.1814260563001011,1.0831528759002682,0.0,-50.0,1.0,1.0,0.0,0,0.0
143,2026-05-15 15:21:52,21486,bad_angle,26,26,-51.033245308439646,-51.033245308439646,-1.0332453084396462,706.7910766601562,695.8231811523438,695.8231811523438,81.8974037336054,131.16857840594733,0.14094609312779852,19.006921768188477,1.37966787815094,-0.13000000000000003,0.5483947753906252,-1.7674066870066394,-0.2486274760320058,0.564394079208374,0.0,-50.0,1.0,1.0,0.0,0,0.0
144,2026-05-15 15:21:55,21786,low_agl,300,300,-34.521574595320885,-34.521574595320885,25.478425404679115,707.1182250976562,531.6453247070312,531.6453247070312,25.455932329077225,70.40473619084518,0.9029161346098041,29.930177688598633,0.3927080035209656,-1.49999999999999,8.773645019531255,9.774859201628328,-0.3389035978983048,8.768824781417845,0.0,-60.0,1.0,1.0,0.9333333333333333,0,0.0
145,2026-05-15 15:21:56,21851,bad_angle,65,65,-48.08009447903283,-48.08009447903283,1.9199055209671698,707.3687133789062,674.662109375,674.662109375,61.572290726021535,110.37589796854108,0.47604956737270865,22.46230125427246,5.4999680519104,-0.3250000000000002,1.6353302001953118,-0.8472423594325446,-0.18363277260016908,1.6404504528045651,0.0,-50.0,1.0,1.0,0.18461538461538463,0,0.0
146,2026-05-15 15:21:57,21959,bad_angle,108,108,-42.47674913710621,-42.47674913710621,7.523250862893789,706.8855590820312,647.1632690429688,647.1632690429688,21.82729870985957,111.71771595174675,0.9283087824164158,22.46409797668457,2.0383946895599365,-0.5400000000000004,2.9861145019531232,2.354853665037406,-0.2696745298962979,2.99195722579956,0.0,-50.0,1.0,1.0,0.7685185185185185,1,0.00325099844320946
147,2026-05-15 15:21:58,22003,bad_angle,44,44,-50.00181803518813,-50.00181803518813,-0.0018180351881298407,706.9160766601562,686.88232421875,686.88232421875,84.0834945699272,113.56641593363743,0.10307908063611837,21.290180206298828,4.333937644958496,-0.2200000000000001,1.0016876220703126,-1.613950485753536,-0.18243723250954932,1.0128820610046387,0.0,-50.0,1.0,1.0,0.0,0,0.0
148,2026-05-15 15:21:58,22029,bad_angle,26,26,-50.42949431136697,-50.42949431136697,-0.42949431136697314,707.21533203125,695.6912231445312,695.6912231445312,84.56111603820784,136.19729152199088,0.09478393286766244,18.891250610351562,2.0388314723968506,-0.13000000000000003,0.5762054443359375,-1.2067207278927123,-0.2615528517390308,0.592573823928833,0.0,-50.0,1.0,1.0,0.0,0,0.0
149,2026-05-15 15:21:58,22086,bad_angle,57,57,-48.3997428526205,-48.3997428526205,1.6002571473795015,707.2688598632812,679.183349609375,679.183349609375,69.51601246661063,112.20445572256938,0.34994559556289195,21.863719940185547,4.455799102783203,-0.28500000000000014,1.4042755126953121,-0.7381791492157095,-0.18962897859705038,1.4087897624969485,0.0,-50.0,1.0,1.0,0.24561403508771928,4,0.004262897899625247
150,2026-05-15 15:21:59,22112,bad_angle,26,26,-50.30065086625518,-50.30065086625518,-0.30065086625518234,707.0931396484375,695.1604614257812,695.1604614257812,81.37002433722121,136.70847653985297,0.1500526145971065,20.18798065185547,2.246372938156128,-0.13000000000000003,0.5966339111328125,-1.12914183384617,-0.251790936629592,0.6136479930877686,0.0,-50.0,1.0,1.0,0.0,0,0.0
151,2026-05-15 15:22:01,22302,low_agl,190,190,-41.85278341456362,-41.85278341456362,18.147216585436382,707.2108764648438,593.774658203125,593.774658203125,4.755263504414326,40.25702910012302,0.9965578910767159,30.943269729614258,0.5251877903938293,-0.9500000000000007,5.6718109130859355,7.881606535135187,-0.11676401891265664,5.660563156127929,0.0,-60.0,1.0,1.0,0.9473684210526315,0,0.0
152,2026-05-15 15:22:03,22506,low_agl,204,204,-40.913541445184855,-40.913541445184855,19.086458554815145,706.4508056640625,584.6611328125,584.6611328125,13.233183304613409,80.45537321489729,0.9734464883842775,27.117795944213867,0.5728335380554199,-1.0200000000000002,6.089483642578123,8.219305753852513,-0.28873954637318705,6.086408704757693,0.0,-60.0,1.0,1.0,0.9901960784313726,0,0.0
153,2026-05-15 15:22:05,22693,low_agl,187,187,-43.58889675622467,-43.58889675622467,16.41110324377533,706.7421875,597.8904418945312,597.8904418945312,0.1876718538443974,86.32849578784034,0.9999946355816517,24.795114517211914,0.434256911277771,-0.9350000000000007,5.442587280273434,6.730035134843031,-0.2659878679353794,5.439468696594243,0.0,-60.0,1.0,1.0,0.8502673796791443,0,0.0
154,2026-05-15 15:22:07,22829,low_agl,136,136,-51.35498712218353,-51.35498712218353,8.64501287781647,707.2086181640625,632.3270263671875,632.3270263671875,18.32187487307978,41.60446149882645,0.9493055297222939,33.13321304321289,0.46702373027801514,-0.6800000000000005,3.7440795898437496,1.840412203470101,0.008217638686568024,3.73230344581604,0.0,-60.0,1.0,1.0,0.7205882352941176,0,0.0
155,2026-05-15 15:22:07,22869,bad_angle,40,40,-49.45206088144562,-49.45206088144562,0.5479391185543818,706.7103271484375,687.6264038085938,687.6264038085938,79.38338185485296,119.79233826777916,0.1842364347654106,21.786718368530273,3.2511870861053467,-0.2000000000000001,0.9541961669921875,-0.9736302385613824,-0.1925978620462217,0.9599710521697997,0.0,-50.0,1.0,1.0,0.0,0,0.0
156,2026-05-15 15:22:08,22965,low_agl,96,96,-49.84395471895084,-49.84395471895084,10.15604528104916,706.7346801757812,649.5414428710938,649.5414428710938,4.244962996049748,38.098030209144085,0.997256696293889,31.51889419555664,0.5110639333724976,-0.4800000000000003,2.8596618652343757,4.91347742749692,0.02092144356384571,2.8419845447540286,0.0,-60.0,1.0,1.0,0.96875,1,0.005431943027322878
157,2026-05-15 15:22:08,22991,bad_angle,26,26,-50.00529204239314,-50.00529204239314,-0.005292042393136853,706.8618774414062,694.7180786132812,694.7180786132812,80.84824569595642,112.2298025545793,0.15904991672416513,22.47759246826172,2.727968215942383,-0.13000000000000003,0.60718994140625,-0.9537022715748616,-0.1466768584495042,0.6178971462249756,0.0,-50.0,1.0,1.0,0.0,0,0.0
158,2026-05-15 15:22:10,23189,low_agl,198,198,-39.56985947667236,-39.56985947667236,20.430140523327637,706.8404541015625,583.0963745117188,583.0963745117188,5.107988560418947,71.02188476349086,0.9960286614925469,27.640487670898438,0.5517105460166931,-0.9900000000000008,6.187203979492184,9.281536215038496,-0.2276180561365144,6.179018384933476,0.0,-60.0,1.0,1.0,0.9848484848484849,1,0.002562119236678118
159,2026-05-15 15:22:12,23335,low_agl,146,146,-46.44720111508276,-46.44720111508276,13.552798884917237,707.209228515625,619.6446533203125,619.6446533203125,14.82960768818872,71.73509994681275,0.9666912575087608,29.581918716430664,0.5477995276451111,-0.7300000000000005,4.378228759765627,5.707929670757109,-0.1724435242584554,4.369083978652951,0.0,-60.0,1.0,1.0,0.958904109589041,1,0.002165993260033497
160,2026-05-15 15:22:15,23582,low_agl,247,247,-33.82070518372558,-33.82070518372558,26.17929481627442,707.0154418945312,554.6546630859375,554.6546630859375,6.560078240227195,71.20767956929355,0.9934526087770783,30.191247940063477,0.48684924840927124,-1.2349999999999957,7.618038940429686,12.498342858350663,-0.31795794464890476,7.61587096214294,0.0,-60.0,1.0,1.0,0.9149797570850202,0,0.0
161,2026-05-15 15:22:15,23608,bad_angle,26,26,-50.50219845900538,-50.50219845900538,-0.5021984590053776,707.0430297851562,695.3278198242188,695.3278198242188,81.6893356809193,144.2316430426769,0.14454037644136344,19.863216400146484,3.0149669647216797,-0.13000000000000003,0.5857604980468752,-1.276576532356172,-0.2863864129620683,0.6050039882659912,0.0,-50.0,1.0,1.0,0.0,0,0.0
162,2026-05-15 15:22:16,23734,low_agl,126,126,-46.50310242727104,-46.50310242727104,13.496897572728962,707.3102416992188,630.6394653320312,630.6394653320312,6.50511528108928,23.79630905888543,0.9935617451040938,31.35183334350586,0.5829950571060181,-0.6300000000000004,3.8335388183593753,6.410207606785256,0.06719299290597491,3.8159581546783463,0.0,-60.0,1.0,1.0,0.9841269841269841,0,0.0
163,2026-05-15 15:22:20,24092,low_agl,358,358,-39.93817637274018,-39.93817637274018,20.06182362725982,706.9061889648438,515.9046630859375,515.9046630859375,16.942617207938667,78.64038021656063,0.9565970920249541,27.629457473754883,0.599577009677887,-1.7899999999999838,9.550076293945317,3.2005934649822123,-0.4404563363643642,9.541610204696656,0.0,-60.0,1.0,1.0,0.6089385474860335,0,0.0
164,2026-05-15 15:22:24,24393,low_agl,301,301,-39.57012939112117,-39.57012939112117,20.42987060887883,707.195556640625,539.6301879882812,539.6301879882812,2.3384149404270653,68.95335514316332,0.9991672634841469,26.41440200805664,0.5118879675865173,-1.50499999999999,8.378268432617194,5.546733605947037,-0.36427178956394335,8.37414035987855,0.0,-60.0,1.0,1.0,0.6345514950166113,0,0.0
165,2026-05-15 15:22:25,24501,low_agl,108,108,-50.00945064863995,-50.00945064863995,9.990549351360052,707.0984497070312,643.5316772460938,643.5316772460938,12.790845739811395,12.790845739811395,0.9751847391013766,32.107872009277344,0.5506474375724792,-0.5400000000000004,3.178338623046875,4.053511789286598,0.1405521628272351,3.1581467761993403,0.0,-60.0,1.0,1.0,0.9444444444444444,0,0.0
166,2026-05-15 15:22:27,24694,low_agl,193,193,-42.82882460086505,-42.82882460086505,17.171175399134952,706.7446899414062,592.0364379882812,592.0364379882812,5.45197481626736,58.58978617209792,0.9954761863652756,32.29167175292969,0.5988373160362244,-0.9650000000000007,5.73541259765625,6.857589204289096,-0.17786414733249378,5.7210377445220955,0.0,-60.0,1.0,1.0,0.9689119170984456,3,0.013963468184711664
167,2026-05-15 15:22:28,24766,bad_angle,72,72,-49.343471497157964,-49.343471497157964,0.6565285028420362,706.6513061523438,672.377685546875,672.377685546875,81.78269753668421,111.84358267777175,0.14292782472658377,22.005939483642578,8.481671333312988,-0.3600000000000002,1.7136810302734375,-2.225437882684938,-0.19579794056860872,1.7240832958221435,0.0,-50.0,1.0,1.0,0.0,0,0.0
168,2026-05-15 15:22:28,24792,bad_angle,26,26,-50.27522249939162,-50.27522249939162,-0.27522249939161725,706.5828247070312,694.6555786132812,694.6555786132812,81.86165452348955,111.89849739869865,0.14156377843636028,21.59391975402832,1.310624122619629,-0.13000000000000003,0.5963623046875,-1.1881764091935638,-0.15909687144804766,0.6056884765625001,0.0,-50.0,1.0,1.0,0.0,0,0.0
169,2026-05-15 15:22:28,24818,bad_angle,26,26,-50.54959114181623,-50.54959114181623,-0.5495911418162294,707.1101684570312,695.4328002929688,695.4328002929688,84.80629250865462,114.18523790262975,0.0905232066530812,21.229938507080078,1.9192681312561035,-0.13000000000000003,0.583868408203125,-1.4382739960270408,-0.16124959894470803,0.5960640449523927,0.0,-50.0,1.0,1.0,0.0,0,0.0
170,2026-05-15 15:22:30,24932,low_agl,114,114,-49.002316786169644,-49.002316786169644,10.997683213830356,707.3572387695312,637.494140625,637.494140625,8.182996927592987,70.94204668228258,0.9898185138290331,30.450164794921875,0.5828657150268555,-0.5700000000000004,3.493154907226563,4.704862271018687,-0.11965239436179222,3.4893184299468993,0.0,-60.0,1.0,1.0,0.9736842105263158,0,0.0
171,2026-05-15 15:22:30,24959,bad_angle,27,27,-50.0679016575339,-50.0679016575339,-0.06790165753390198,706.5025634765625,693.719970703125,693.719970703125,81.172959719288,114.17570978873759,0.15345220563823952,22.525209426879883,1.5634368658065796,-0.13500000000000004,0.639129638671875,-1.0583348211644357,-0.16331779004378483,0.6496213150024415,0.0,-50.0,1.0,1.0,0.0,0,0.0
172,2026-05-15 15:22:30,24985,bad_angle,26,26,-50.34845554283484,-50.34845554283484,-0.3484555428348415,706.5945434570312,694.8302001953125,694.8302001953125,82.61899955903891,148.83971212849602,0.1284667465236825,19.94281005859375,2.473733901977539,-0.13000000000000003,0.5882171630859377,-1.1150914340613138,-0.29973913738376157,0.6081578655242921,0.0,-50.0,1.0,1.0,0.0,0,0.0
173,2026-05-15 15:22:32,25145,bad_angle,160,160,-41.49877942106433,-41.49877942106433,8.501220578935673,706.7955322265625,620.8563842773438,620.8563842773438,45.941088621745536,113.8863693151175,0.6953976265326165,22.174747467041016,6.528148651123047,-0.8000000000000006,4.296957397460939,1.0121867276912866,-0.3108613399482518,4.302937793731691,0.0,-50.0,1.0,1.0,0.5875,0,0.0
174,2026-05-15 15:22:35,25408,low_agl,263,263,-31.475888344854745,-31.475888344854745,28.524111655145255,706.861328125,544.9735107421875,544.9735107421875,3.639756155394197,17.807778487083965,0.9979829193524158,33.08200454711914,0.520523726940155,-1.314999999999994,8.094390869140625,13.805876043524336,-0.13501407557391337,8.0738588180542,0.0,-60.0,1.0,1.0,0.9695817490494296,4,0.03162799495938408
175,2026-05-15 15:22:38,25671,bad_angle,263,263,-39.20850154242037,-39.20850154242037,10.791498457579628,707.343994140625,570.372314453125,570.372314453125,50.08188739097118,112.9694369096108,0.6416921193391516,21.87006378173828,1.6879212856292725,-1.314999999999994,6.848583984375002,-1.1671418183064748,-0.4329987030720274,6.858054994583129,0.0,-50.0,1.0,1.0,0.4372623574144487,0,0.0
176,2026-05-15 15:22:43,26103,low_agl,432,432,-15.072416649889334,-15.072416649889334,44.927583350110666,707.3357543945312,444.3787536621094,444.3787536621094,1.7553543478250457,80.16491259025332,0.9995307326176465,26.149066925048828,0.45366767048835754,-2.159999999999976,13.147850036621083,21.406629585208396,-0.6096338071954855,13.14273753547668,0.0,-60.0,1.0,1.0,0.9629629629629629,0,0.0
177,2026-05-15 15:22:45,26309,bad_angle,206,206,-35.94396673732254,-35.94396673732254,14.05603326267746,707.3770141601562,593.6700439453125,593.6700439453125,19.492702485508776,110.88783430721188,0.9426839989755914,23.297697067260742,3.4096217155456543,-1.03,5.685348510742188,4.072893518846882,-0.3655627403002748,5.693353973388674,0.0,-50.0,1.0,1.0,0.7572815533980582,0,0.0
178,2026-05-15 15:22:47,26485,low_agl,176,176,-40.66322886761843,-40.66322886761843,19.33677113238157,706.5850219726562,597.5156860351562,597.5156860351562,0.5028000535214046,61.9057542216799,0.9999614954029444,30.09569549560547,0.5542405247688293,-0.8800000000000007,5.453466796874999,9.515994705572416,-0.19462421940056548,5.441933849334715,0.0,-60.0,1.0,1.0,0.9659090909090909,0,0.0
179,2026-05-15 15:22:49,26722,low_agl,237,237,-40.95140786726296,-40.95140786726296,19.048592132737042,707.3773193359375,572.5614013671875,572.5614013671875,22.69499740428153,68.19101040914153,0.9225717800780234,27.74243927001953,0.49496686458587646,-1.1849999999999967,6.740795898437503,7.014843686734327,-0.25441376064705834,6.732366308212277,0.0,-60.0,1.0,1.0,0.9367088607594937,0,0.0
180,2026-05-15 15:22:49,26748,bad_angle,26,26,-49.99586293530604,-49.99586293530604,0.0041370646939569156,706.633056640625,694.6170654296875,694.6170654296875,80.96198883620464,111.25322210705087,0.1570896827268702,21.870635986328125,3.0089313983917236,-0.13000000000000003,0.6007995605468752,-0.9345194634436257,-0.14220715747032533,0.6100641250610352,0.0,-50.0,1.0,1.0,0.0,0,0.0
181,2026-05-15 15:22:52,26975,low_agl,227,227,-41.32585694371702,-41.32585694371702,18.67414305628298,706.6229858398438,575.8202514648438,575.8202514648438,23.01737550291696,89.39753883854802,0.9203863181079499,25.45902442932129,0.5770162343978882,-1.1349999999999978,6.540136718749999,7.054381723639788,-0.3238321560500511,6.538456769943236,0.0,-60.0,1.0,1.0,0.8898678414096917,0,0.0
182,2026-05-15 15:22:53,27058,low_agl,83,83,-51.84411526106645,-51.84411526106645,8.155884738933551,706.7347412109375,657.9866333007812,657.9866333007812,3.9822158639631122,49.41785639986254,0.997585654037765,32.22378158569336,0.5561474561691284,-0.41500000000000026,2.437405395507813,3.7119085663295808,-0.0002870796543243716,2.421857856750488,0.0,-60.0,1.0,1.0,0.9879518072289156,0,0.0
183,2026-05-15 15:22:55,27214,low_agl,156,156,-46.55143781828928,-46.55143781828928,13.44856218171072,706.41845703125,614.9512939453125,614.9512939453125,15.587517921891893,78.34129306299494,0.9632211290279254,27.662370681762695,0.412943571805954,-0.7800000000000006,4.573358154296873,5.277640016624798,-0.19229450399671222,4.569858514785767,0.0,-60.0,1.0,1.0,0.8717948717948718,0,0.0
184,2026-05-15 15:22:55,27240,bad_angle,26,26,-49.84213589080661,-49.84213589080661,0.15786410919339033,706.7999267578125,694.6588745117188,694.6588745117188,83.51130913258771,110.76272573218475,0.11300709876221639,22.27768325805664,2.8555731773376465,-0.13000000000000003,0.6070526123046874,-0.7904777033299365,-0.14554453047899246,0.6168337306976318,0.0,-50.0,1.0,1.0,0.0,0,0.0
185,2026-05-15 15:22:55,27266,bad_angle,26,26,-49.93897859757486,-49.93897859757486,0.061021402425140536,706.4185180664062,694.3129272460938,694.3129272460938,82.5103107587765,111.55716552511645,0.1303477729729004,22.000661849975586,2.678039789199829,-0.13000000000000003,0.605279541015625,-0.8772819265096381,-0.15005681854142014,0.6130806064605714,0.0,-50.0,1.0,1.0,0.0,0,0.0
186,2026-05-15 15:22:56,27306,bad_angle,40,40,-49.84484387388793,-49.84484387388793,0.1551561261120682,707.3878784179688,688.0767822265625,688.0767822265625,85.14105374025529,117.11187150914267,0.08470299701310911,21.409509658813477,3.289853811264038,-0.2000000000000001,0.9655548095703121,-1.3970926609195353,-0.18807184018092052,0.9747658176422123,0.0,-50.0,1.0,1.0,0.0,0,0.0
187,2026-05-15 15:23:01,27820,low_agl,514,514,-29.7411654137376,-29.7411654137376,30.2588345862624,706.8207397460938,426.8107604980469,426.8107604980469,31.45619375077819,91.26144965172031,0.8530393983242024,27.770109176635742,0.3599129617214203,-2.5699999999999674,14.00049896240233,5.495830459966446,-0.6669028751994253,13.999408039093005,0.0,-60.0,1.0,1.0,0.6595330739299611,1,0.0028055962179756675
188,2026-05-15 15:23:05,28190,low_agl,370,370,-28.56079150769957,-28.56079150769957,31.43920849230043,706.5223999023438,493.0812072753906,493.0812072753906,4.690016414820486,42.203103673915976,0.9966516491809184,30.107505798339844,0.5123633742332458,-1.8499999999999825,10.672059631347667,12.323586949519362,-0.36220684734039454,10.65576875877381,0.0,-60.0,1.0,1.0,0.8513513513513513,10,0.0628229661824401
189,2026-05-15 15:23:06,28224,bad_angle,34,34,-49.358793638031166,-49.358793638031166,0.641206361968834,706.6412963867188,690.2715454101562,690.2715454101562,76.11659799748423,110.49888235473632,0.23994682582969842,22.026721954345703,2.6510374546051025,-0.17000000000000007,0.818487548828125,-0.679079523194417,-0.15104069106966117,0.8228390274047854,0.0,-50.0,1.0,1.0,0.029411764705882353,0,0.0
190,2026-05-15 15:23:06,28270,bad_angle,46,46,-48.94623834561705,-48.94623834561705,1.0537616543829529,706.4271240234375,683.81884765625,683.81884765625,80.8738520751548,110.0139662444221,0.15860867422201924,23.194963455200195,3.1418755054473877,-0.23000000000000012,1.1304138183593748,-0.8303518006535375,-0.15573863007703193,1.1394382667541505,0.0,-50.0,1.0,1.0,0.0,0,0.0
191,2026-05-15 15:23:09,28572,low_agl,302,302,-26.11913926512471,-26.11913926512471,33.88086073487529,706.9190063476562,520.9481811523438,520.9481811523438,3.209856791957601,80.85111437540783,0.9984311462399523,28.17197036743164,0.5925565361976624,-1.5099999999999898,9.298541259765626,17.28289844591407,-0.48372222985285196,9.293143259048454,0.0,-60.0,1.0,1.0,0.9900662251655629,0,0.0
192,2026-05-15 15:23:10,28598,bad_angle,26,26,-49.85670800035839,-49.85670800035839,0.14329199964161177,706.5626220703125,694.1572265625,694.1572265625,81.69767534189589,126.3018090751248,0.1443963488505356,21.1237735748291,2.5072543621063232,-0.13000000000000003,0.620269775390625,-0.7773207524280311,-0.20401153076726794,0.6343545074462892,0.0,-50.0,1.0,1.0,0.0,0,0.0
193,2026-05-15 15:23:10,28625,bad_angle,27,27,-50.19235857590631,-50.19235857590631,-0.19235857590631156,706.8516845703125,694.5828857421875,694.5828857421875,82.50867834356487,114.123137822696,0.13037602086433758,21.142675399780273,2.820610523223877,-0.13500000000000004,0.61343994140625,-1.129361860125876,-0.16573464607829141,0.6242979888916016,0.0,-50.0,1.0,1.0,0.0,0,0.0
194,2026-05-15 15:23:10,28652,bad_angle,27,27,-49.75820376679849,-49.75820376679849,0.24179623320151222,707.007568359375,693.85302734375,693.85302734375,82.47641252992572,116.90162462611134,0.13093433819172745,22.284866333007812,2.269193410873413,-0.13500000000000004,0.65772705078125,-0.7855701017972312,-0.16446681014285444,0.6691060943603516,0.0,-50.0,1.0,1.0,0.0,0,0.0
195,2026-05-15 15:23:12,28796,low_agl,144,144,-44.62284334015467,-44.62284334015467,15.377156659845333,707.24609375,621.4003295898438,621.4003295898438,12.825584081930081,57.399441294115604,0.975050329825703,30.976665496826172,0.5715729594230652,-0.7200000000000005,4.292288208007814,7.620891907015828,-0.09808828023629108,4.282064825057984,0.0,-60.0,1.0,1.0,0.9722222222222222,1,0.006903060629389741
196,2026-05-15 15:23:16,29141,low_agl,345,345,-22.95001231563348,-22.95001231563348,37.04998768436652,707.365478515625,495.08660888671875,495.08660888671875,2.152132416428957,24.1035548734147,0.9992946386559188,31.25806427001953,0.544978678226471,-1.7249999999999852,10.613943481445318,17.839850727224214,-0.27515456393008836,10.596348039627086,0.0,-60.0,1.0,1.0,0.9826086956521739,0,0.0
197,2026-05-15 15:23:17,29244,bad_angle,103,103,-42.98706622959693,-42.98706622959693,7.012933770403073,707.3934326171875,649.9877319335938,649.9877319335938,33.863125093534,113.76085775892936,0.8303710715268326,22.171646118164062,5.481386661529541,-0.5150000000000003,2.870285034179688,2.0287448190039137,-0.24956792840736297,2.87847184562683,0.0,-50.0,1.0,1.0,0.7378640776699029,2,0.009152987668280443
198,2026-05-15 15:23:18,29370,bad_angle,126,126,-44.16715551668645,-44.16715551668645,5.832844483313551,707.3876953125,641.7181396484375,641.7181396484375,58.30252207598552,111.8869612091905,0.5254341991089074,22.881977081298828,7.7181196212768555,-0.6300000000000004,3.2834777832031254,0.1604870228284768,-0.2721749262947081,3.291054603576658,0.0,-50.0,1.0,1.0,0.5634920634920635,1,0.00762232518570663
199,2026-05-15 15:23:18,29398,bad_angle,28,28,-49.85354746512642,-49.85354746512642,0.1464525348735819,706.755615234375,693.6168823242188,693.6168823242188,81.87293116580925,114.19221152577234,0.1413689432509691,21.021465301513672,2.730792760848999,-0.14000000000000004,0.6569366455078125,-0.8733204793805769,-0.1650010030798225,0.667837371826172,0.0,-50.0,1.0,1.0,0.0,0,0.0
200,2026-05-15 15:23:19,29443,bad_angle,45,45,-49.69332773434785,-49.69332773434785,0.30667226565215344,707.3934326171875,686.6258544921875,686.6258544921875,81.26813157518295,111.79633142909361,0.15181060595866755,20.489612579345703,5.03063440322876,-0.22500000000000012,1.0383789062500002,-1.387194179278531,-0.1644076410678483,1.044895179748535,0.0,-50.0,1.0,1.0,0.0,0,0.0
201,2026-05-15 15:23:21,29630,bad_angle,187,187,-34.86464427038332,-34.86464427038332,15.135355729616677,707.0750732421875,599.6534423828125,599.6534423828125,10.106492603537175,116.15900547841254,0.9844833015681237,22.736528396606445,5.536276817321777,-0.9350000000000007,5.37108154296875,5.7053150946187445,-0.3816967688716942,5.375655860900877,0.0,-50.0,1.0,1.0,0.839572192513369,4,0.0330543244033821
202,2026-05-15 15:23:27,30152,low_agl,522,522,-9.983272280141108,-9.983272280141108,50.01672771985889,707.1757202148438,391.44384765625,391.44384765625,4.750977133823319,71.17241530260877,0.9965640901249027,28.11112403869629,0.48891642689704895,-2.6099999999999666,15.786593627929696,21.76319262249938,-0.7043206498633766,15.781262119293217,0.0,-60.0,1.0,1.0,0.8812260536398467,0,0.0
203,2026-05-15 15:23:33,30748,low_agl,596,596,-0.8789938449643202,-0.8789938449643202,59.12100615503568,706.9774169921875,345.6067199707031,345.6067199707031,3.0780981739998237,29.53498106556408,0.9985572694833287,29.499692916870117,0.574590802192688,-2.9799999999999587,18.068534851074205,26.669076113066932,-0.6850145075917438,18.04840969848635,0.0,-60.0,1.0,1.0,0.8926174496644296,1,0.004113030000382914
204,2026-05-15 15:23:37,31105,bad_angle,357,357,-14.271858644323103,-14.271858644323103,35.7281413556769,707.0752563476562,489.2709045410156,489.2709045410156,1.7144067234205846,112.16779809729393,0.9995523690995753,23.19988250732422,12.665753364562988,-1.784999999999984,10.890217590332039,16.352008812253978,-0.6227004090764625,10.893615362167358,0.0,-50.0,1.0,1.0,0.9215686274509803,1,0.0019360829448396705
205,2026-05-15 15:23:40,31311,low_agl,206,206,-38.70859849366667,-38.70859849366667,21.29140150633333,707.0238037109375,580.6544799804688,580.6544799804688,0.8388347418763066,65.75091166777612,0.9998928308464051,30.63154411315918,0.5625636577606201,-1.03,6.318466186523438,9.92280395952052,-0.22799277186700595,6.308124132156371,0.0,-60.0,1.0,1.0,0.9757281553398058,0,0.0
206,2026-05-15 15:23:42,31506,bad_angle,195,195,-38.687620310184954,-38.687620310184954,11.312379689815046,706.8905639648438,601.93701171875,601.93701171875,27.754031437598055,110.26311105477666,0.8849548737688328,22.386638641357422,4.3728718757629395,-0.9750000000000008,5.247677612304693,2.147648096344765,-0.3592118784382877,5.25126585960388,0.0,-50.0,1.0,1.0,0.6205128205128205,3,0.029933830598483313
207,2026-05-15 15:23:42,31532,bad_angle,26,26,-50.1114594663543,-50.1114594663543,-0.11145946635429738,707.341064453125,695.362060546875,695.362060546875,82.2207448889138,117.56907071180498,0.1353568468300843,22.208703994750977,1.7437745332717896,-0.13000000000000003,0.5989501953125,-1.0111882470024138,-0.1777761803656779,0.6085547657012939,0.0,-50.0,1.0,1.0,0.0,0,0.0
208,2026-05-15 15:23:43,31560,bad_angle,28,28,-49.73622886524691,-49.73622886524691,0.26377113475309244,707.2675170898438,694.6028442382812,694.6028442382812,78.07702621381797,115.29994526574335,0.20659651980656474,20.587526321411133,2.741398572921753,-0.14000000000000004,0.633233642578125,-0.7034730082439044,-0.16429960967329346,0.638310110092163,0.0,-50.0,1.0,1.0,0.03571428571428571,0,0.0
209,2026-05-15 15:23:45,31764,low_agl,204,204,-44.87176605828543,-44.87176605828543,15.12823394171457,707.366943359375,592.4306640625,592.4306640625,32.67500344212653,46.61621184006628,0.8417463937068927,29.81806755065918,0.5439298748970032,-1.0200000000000002,5.746813964843756,4.76169950712633,-0.09598095199318762,5.735701421737666,0.0,-60.0,1.0,1.0,0.8382352941176471,0,0.0
210,2026-05-15 15:23:47,31973,low_agl,209,209,-45.509901276935096,-45.509901276935096,14.490098723064904,707.0786743164062,588.453369140625,588.453369140625,18.816165418029843,84.64595381788857,0.946558298469917,29.588773727416992,0.49388185143470764,-1.0449999999999997,5.931265258789065,3.9532077521633426,-0.2802418568572397,5.930867568969727,0.0,-60.0,1.0,1.0,0.7559808612440191,0,0.0
211,2026-05-15 15:23:50,32266,low_agl,293,293,-32.15454710285256,-32.15454710285256,27.84545289714744,706.5509643554688,532.6544799804688,532.6544799804688,1.0191399965770074,92.7508611927008,0.9998418092879355,25.025156021118164,0.4837122857570648,-1.4649999999999908,8.694824218750002,12.401615792401962,-0.48066722875060314,8.69468011474609,0.0,-60.0,1.0,1.0,0.9385665529010239,0,0.0
212,2026-05-15 15:23:52,32420,bad_angle,154,154,-39.26018624212736,-39.26018624212736,10.73981375787264,707.3405151367188,620.0421752929688,620.0421752929688,16.9933569757354,110.5381354518964,0.9563386478842775,20.968332290649414,0.9959117770195007,-0.7700000000000006,4.364916992187501,3.0870589314600796,-0.3176432849308359,4.375481119155882,0.0,-50.0,1.0,1.0,0.7012987012987013,0,0.0
213,2026-05-15 15:23:56,32776,low_agl,356,356,-35.821358894482714,-35.821358894482714,24.178641105517286,706.4225463867188,507.7672424316406,507.7672424316406,2.2611394608180104,22.36125728596178,0.9992213844518134,35.088623046875,0.5600576400756836,-1.779999999999984,9.932765197753907,6.32723192135775,-0.21815200549195163,9.916795991897581,0.0,-60.0,1.0,1.0,0.5393258426966292,0,0.0
214,2026-05-15 15:23:59,33029,low_agl,253,253,-34.149292282105506,-34.149292282105506,25.850707717894494,707.3654174804688,551.907470703125,551.907470703125,1.12064866719615,35.254697589748645,0.99980872868122,30.867633819580078,0.5985977053642273,-1.264999999999995,7.772897338867191,11.755368963866209,-0.17327174821474464,7.760713163375856,0.0,-60.0,1.0,1.0,0.7944664031620553,0,0.0
215,2026-05-15 15:24:01,33236,low_agl,207,207,-40.70396991508312,-40.70396991508312,19.29603008491688,706.798583984375,582.695556640625,582.695556640625,19.619124164403836,52.005268661246774,0.9419454334099173,31.819488525390625,0.43057775497436523,-1.035,6.205151367187503,8.130878346889217,-0.19437296022978123,6.189373331069948,0.0,-60.0,1.0,1.0,0.9565217391304348,3,0.01716736383760073
216,2026-05-15 15:24:02,33318,bad_angle,82,82,-47.255220044731665,-47.255220044731665,2.744779955268335,706.515869140625,665.1571044921875,665.1571044921875,71.84348821875169,110.16117048141422,0.31161378785372773,21.757366180419922,9.86904239654541,-0.41000000000000025,2.067938232421875,-0.8032304244307054,-0.18705179795904284,2.077123945236207,0.0,-50.0,1.0,1.0,0.24390243902439024,0,0.0
217,2026-05-15 15:24:07,33708,low_agl,390,390,-21.297365861214082,-21.297365861214082,38.70263413878592,706.7327880859375,469.14837646484375,469.14837646484375,4.99398672675591,69.33900811426976,0.9962038397239812,28.634929656982422,0.5214824080467224,-1.9499999999999804,11.879220581054684,17.46327652048119,-0.5655769939694488,11.87571403121949,0.0,-60.0,1.0,1.0,0.8743589743589744,0,0.0
218,2026-05-15 15:24:08,33834,low_agl,126,126,-47.45057741633564,-47.45057741633564,12.54942258366436,707.2213745117188,631.18798828125,631.18798828125,8.755465817783021,45.69920771757329,0.9883469939293529,31.930280685424805,0.5771711468696594,-0.6300000000000004,3.801669311523437,5.653557394056394,-0.06099197096026723,3.7851878490447985,0.0,-60.0,1.0,1.0,0.9603174603174603,0,0.0
219,2026-05-15 15:24:13,34229,low_agl,395,395,-17.17082274911749,-17.17082274911749,42.82917725088251,707.3510131835938,463.8492431640625,463.8492431640625,0.9076288340834981,75.98916715813931,0.9998745322163579,27.047332763671875,0.493557870388031,-1.9749999999999799,12.17508850097657,21.05568329247577,-0.5959331618020437,12.169338619232171,0.0,-60.0,1.0,1.0,0.9873417721518988,2,0.013822651122120787
220,2026-05-15 15:24:14,34352,low_agl,123,123,-46.84011074334006,-46.84011074334006,13.159889256659937,707.3737182617188,632.8994750976562,632.8994750976562,4.913823784675233,55.56693227565245,0.9963246586030586,29.81304931640625,0.5404620170593262,-0.6150000000000004,3.7237121582031247,6.420762178859102,-0.08311496283332478,3.713529882431029,0.0,-60.0,1.0,1.0,0.991869918699187,0,0.0
221,2026-05-15 15:24:17,34601,bad_angle,249,249,-37.579506224388055,-37.579506224388055,12.420493775611945,706.7086791992188,574.7763061523438,574.7763061523438,24.506150128757348,110.39011842239304,0.9099167524632924,23.308330535888672,16.188993453979492,-1.2449999999999954,6.596618652343756,0.8462337594753557,-0.3785381959147894,6.60117955970764,0.0,-50.0,1.0,1.0,0.5140562248995983,2,0.0069716899052432784
222,2026-05-15 15:24:17,34627,bad_angle,26,26,-50.390436201012115,-50.390436201012115,-0.39043620101211474,707.0279541015625,695.4644775390625,695.4644775390625,89.23404460038543,116.06140207517305,0.013368045459390805,20.68836212158203,1.8426588773727417,-0.13000000000000003,0.5781738281249998,-1.2584080061801106,-0.1712976059190429,0.5910955829620361,0.0,-50.0,1.0,1.0,0.0,0,0.0
223,2026-05-15 15:24:17,34655,bad_angle,28,28,-49.362272798403666,-49.362272798403666,0.6377272015963342,707.16943359375,693.8135375976562,693.8135375976562,74.69276310272504,110.29807479313796,0.26399487887483125,21.773090362548828,2.0306787490844727,-0.14000000000000004,0.6677947998046875,-0.41832928184013807,-0.14386096270000473,0.6721226463317871,0.0,-50.0,1.0,1.0,0.10714285714285714,2,0.006081664284521382
224,2026-05-15 15:24:18,34687,bad_angle,32,32,-50.03466739202635,-50.03466739202635,-0.03466739202634983,707.1526489257812,692.4834594726562,692.4834594726562,82.28255810090242,119.32388291336466,0.1342878528909696,21.327409744262695,2.67295503616333,-0.16000000000000006,0.7334594726562501,-1.1634586885028542,-0.1898872160967375,0.7452190399169923,0.0,-50.0,1.0,1.0,0.0,0,0.0
225,2026-05-15 15:24:20,34882,low_agl,195,195,-40.09668556313888,-40.09668556313888,19.903314436861123,706.4734497070312,588.6016845703125,588.6016845703125,3.1080980723818126,25.447230668074628,0.9985290169599519,31.094778060913086,0.5422133803367615,-0.9750000000000008,5.893588256835935,9.15153904889239,-0.04606337622192351,5.879250507354737,0.0,-60.0,1.0,1.0,0.9538461538461539,0,0.0
226,2026-05-15 15:24:21,34950,bad_angle,68,68,-49.78352781205091,-49.78352781205091,0.21647218794908696,706.68310546875,676.060302734375,676.060302734375,81.5423363496023,115.06323822986738,0.1470785784253949,20.591402053833008,6.326607704162598,-0.3400000000000002,1.5311401367187496,-2.2998067278866245,-0.21838642458787852,1.5435252037048341,0.0,-50.0,1.0,1.0,0.0,0,0.0
227,2026-05-15 15:24:23,35098,bad_angle,148,148,-40.06284698390828,-40.06284698390828,9.93715301609172,706.79443359375,624.2114868164062,624.2114868164062,15.300506542778786,113.56996763200584,0.9645550855608748,22.78618812561035,9.180880546569824,-0.7400000000000005,4.129147338867188,2.723995111624508,-0.3111132823614018,4.135123847961426,0.0,-50.0,1.0,1.0,0.6621621621621622,4,0.03798673442849926
228,2026-05-15 15:24:23,35130,bad_angle,32,32,-49.51352216372887,-49.51352216372887,0.48647783627112773,707.3925170898438,692.4067993164062,692.4067993164062,76.9240493007848,110.61519364611247,0.22624247131550979,20.82372283935547,3.987823247909546,-0.16000000000000006,0.7492858886718748,-0.7114141683946852,-0.14735347491793227,0.7559595909118654,0.0,-50.0,1.0,1.0,0.03125,0,0.0
229,2026-05-15 15:24:27,35460,low_agl,330,330,-30.66936608353226,-30.66936608353226,29.33063391646774,707.3934326171875,515.0555419921875,515.0555419921875,4.077366802403737,73.08130974165476,0.9974689483014366,26.509395599365234,0.5196641683578491,-1.6499999999999868,9.616894531249999,12.15396152290604,-0.40114031624665436,9.610918178558345,0.0,-60.0,1.0,1.0,0.9090909090909091,0,0.0
230,2026-05-15 15:24:28,35601,low_agl,141,141,-51.19806231294687,-51.19806231294687,8.801937687053133,706.7719116210938,630.0210571289062,630.0210571289062,25.361863548733226,92.01464876244347,0.903620594811681,25.73078155517578,0.5315187573432922,-0.7050000000000005,3.8375427246093747,2.0332883745888557,-0.20032471898408227,3.8364313068389895,0.0,-60.0,1.0,1.0,0.6099290780141844,2,0.0023819662660853366
231,2026-05-15 15:24:31,35817,low_agl,216,216,-37.96995268938613,-37.96995268938613,22.030047310613867,707.391357421875,575.7505493164062,575.7505493164062,5.280121707221139,42.30859936074141,0.9957566854618091,34.88460159301758,0.5671653747558594,-1.079999999999999,6.582040405273438,10.112637392985276,-0.15261866399067817,6.567988176345823,0.0,-60.0,1.0,1.0,0.9444444444444444,0,0.0
232,2026-05-15 15:24:33,35970,bad_angle,153,153,-42.48168850803401,-42.48168850803401,7.518311491965989,706.6131591796875,625.2639770507812,625.2639770507812,44.97647125054839,111.06864990510962,0.7073970978881945,22.94966697692871,8.822436332702637,-0.7650000000000006,4.067459106445315,0.4289140715445909,-0.29152747009679714,4.0784657840728755,0.0,-50.0,1.0,1.0,0.5228758169934641,0,0.0
233,2026-05-15 15:24:34,36098,low_agl,128,128,-50.64591733845251,-50.64591733845251,9.354082661547487,707.3515625,636.7354125976562,636.7354125976562,6.404748212556881,32.10470655209256,0.9937586781011648,32.8540153503418,0.5042274594306946,-0.6400000000000005,3.530807495117186,2.9006746410840916,0.04566038366835101,3.516940141677855,0.0,-60.0,1.0,1.0,0.71875,0,0.0
234,2026-05-15 15:24:34,36132,bad_angle,34,34,-49.89837573408958,-49.89837573408958,0.10162426591041651,706.8763427734375,690.95703125,690.95703125,85.45872583855258,111.22624285982933,0.07917722466114642,22.373655319213867,2.5342371463775635,-0.17000000000000007,0.7959655761718752,-1.1720237341776532,-0.15897416368451384,0.8066565876007081,0.0,-50.0,1.0,1.0,0.0,0,0.0
235,2026-05-15 15:24:35,36188,bad_angle,56,56,-48.135224339322455,-48.135224339322455,1.8647756606775445,706.96435546875,679.0692749023438,679.0692749023438,61.57111593348429,114.12438774731412,0.47606759886659566,21.49281883239746,4.966968536376953,-0.28000000000000014,1.3947540283203126,-0.4637030405771181,-0.18553788695639628,1.399262559890747,0.0,-50.0,1.0,1.0,0.26785714285714285,5,0.006168548346808004
236,2026-05-15 15:24:37,36356,low_agl,168,168,-44.5904326417199,-44.5904326417199,15.4095673582801,706.530517578125,607.837646484375,607.837646484375,26.236103856832763,59.5241014090423,0.8969799849561406,31.176069259643555,0.45992588996887207,-0.8400000000000006,4.934643554687499,6.538132321726364,-0.14587517844260883,4.92266666030884,0.0,-60.0,1.0,1.0,0.9345238095238095,1,0.0024419947957214807
237,2026-05-15 15:24:43,36913,bad_angle,557,557,-3.277456014263606,-3.277456014263606,46.722543985736394,706.76708984375,378.3078308105469,378.3078308105469,1.8674979431470158,115.13182698951266,0.999468863001382,21.930347442626953,2.8797457218170166,-2.784999999999963,16.42296295166015,17.575823128708716,-0.9180774217808966,16.426835327148442,0.0,-50.0,1.0,1.0,0.7378815080789947,0,0.0
238,2026-05-15 15:24:44,36957,bad_angle,44,44,-48.85339728038753,-48.85339728038753,1.146602719612467,706.5090942382812,684.9080810546875,684.9080810546875,73.11780344239014,112.7931907082678,0.2904048701395154,22.770122528076172,2.337599277496338,-0.2200000000000001,1.080050659179688,-0.6368603947963285,-0.162388276429827,1.085800731658936,0.0,-50.0,1.0,1.0,0.06818181818181818,2,0.005501946825868829
239,2026-05-15 15:24:46,37156,low_agl,199,199,-43.65761586184866,-43.65761586184866,16.34238413815134,707.3168334960938,592.7489013671875,592.7489013671875,4.5475612937356455,38.469059745237516,0.9968518612813996,32.609642028808594,0.5385667681694031,-0.9950000000000008,5.728396606445311,6.008147994035428,-0.11439777273895033,5.715237310409546,0.0,-60.0,1.0,1.0,0.7135678391959799,1,0.0021256198748515367
240,2026-05-15 15:24:48,37275,low_agl,119,119,-49.158692930391126,-49.158692930391126,10.841307069608874,706.6782836914062,636.8750610351562,636.8750610351562,26.23260338488313,50.21321143814301,0.8970069915136517,31.354257583618164,0.5325047969818115,-0.5950000000000004,3.490161132812499,4.507203763865769,-0.036341505124206454,3.4752836780548106,0.0,-60.0,1.0,1.0,0.9243697478991597,0,0.0
241,2026-05-15 15:24:54,37844,low_agl,569,569,-6.362142875425256,-6.362142875425256,53.637857124574744,706.4548950195312,366.66278076171875,366.66278076171875,1.605715788724056,55.74164509952679,0.9996073246222932,29.143028259277344,0.5011205077171326,-2.8449999999999616,16.98960571289063,23.26008569165611,-0.7458160762366649,16.978981796264637,0.0,-60.0,1.0,1.0,0.8840070298769771,0,0.0
242,2026-05-15 15:24:57,38077,bad_angle,233,233,-27.7375501639161,-27.7375501639161,22.2624498360839,707.1533813476562,571.0640869140625,571.0640869140625,10.211223309175566,110.9749943512104,0.984160901073655,22.357444763183594,3.49065899848938,-1.1649999999999971,6.80446472167969,10.257994902540185,-0.44516387520261336,6.810154087066653,0.0,-50.0,1.0,1.0,0.9184549356223176,2,0.013641733180313084
243,2026-05-15 15:25:03,38609,low_agl,532,532,-13.237146138097522,-13.237146138097522,46.76285386190248,707.3604736328125,392.35540771484375,392.35540771484375,3.6701850750334266,74.3661980981284,0.9979490637484768,29.88943862915039,0.4504759907722473,-2.6599999999999655,15.750253295898437,18.64703603677823,-0.7147661439920091,15.74033067321778,0.0,-60.0,1.0,1.0,0.8345864661654135,1,0.007985432475676919
244,2026-05-15 15:25:03,38635,bad_angle,26,26,-50.53450100618301,-50.53450100618301,-0.5345010061830067,707.1675415039062,695.78662109375,695.78662109375,82.46738985003213,118.90252854346657,0.13109045633944288,21.236526489257812,1.9406019449234009,-0.13000000000000003,0.5690460205078125,-1.3634538269862937,-0.19123774812066363,0.5811445484161377,0.0,-50.0,1.0,1.0,0.0,0,0.0
245,2026-05-15 15:25:05,38806,low_agl,171,171,-46.73493313981491,-46.73493313981491,13.265066860185087,706.4866333007812,608.9080810546875,608.9080810546875,21.99265758966558,88.90140755761664,0.9272318525019545,25.35602569580078,0.5018581748008728,-0.8550000000000006,4.878927612304688,4.609106149131678,-0.2503067068543139,4.882339805603026,0.0,-60.0,1.0,1.0,0.8304093567251462,0,0.0
246,2026-05-15 15:25:07,38947,low_agl,141,141,-44.52876564087969,-44.52876564087969,15.47123435912031,706.4380493164062,620.5558471679688,620.5558471679688,2.954593199323772,23.97763521342364,0.9986706973037214,30.843236923217773,0.5434083342552185,-0.7050000000000005,4.294110107421877,7.601719622830086,0.002993959541553945,4.2774106693267795,0.0,-60.0,1.0,1.0,0.9645390070921985,0,0.0
247,2026-05-15 15:25:09,39102,low_agl,155,155,-51.90288141747205,-51.90288141747205,8.097118582527948,706.972412109375,624.0949096679688,624.0949096679688,38.448343781484866,46.474898641233295,0.7831690799134147,30.753568649291992,0.5649814605712891,-0.7750000000000006,4.143875122070314,0.6516943930978707,-0.05810582842270157,4.134654895782469,0.0,-60.0,1.0,1.0,0.5870967741935483,0,0.0
248,2026-05-15 15:25:09,39129,bad_angle,27,27,-49.84497411060117,-49.84497411060117,0.15502588939882855,706.4352416992188,693.9039306640625,693.9039306640625,81.39951026386815,114.94212531550473,0.14954379484129113,21.925363540649414,2.6219000816345215,-0.13500000000000004,0.6265655517578125,-0.8111486645628612,-0.1615969780970267,0.6362059803009034,0.0,-50.0,1.0,1.0,0.0,0,0.0
249,2026-05-15 15:25:11,39264,bad_angle,135,135,-39.31654590610888,-39.31654590610888,10.683454093891122,707.3447875976562,628.4943237304688,628.4943237304688,19.56727790596156,115.72938657961873,0.9422488783126866,22.895158767700195,11.851958274841309,-0.6750000000000005,3.942523193359376,3.76467560415933,-0.3015342372426971,3.9527895336151126,0.0,-50.0,1.0,1.0,0.8814814814814815,0,0.0
250,2026-05-15 15:25:12,39331,bad_angle,67,67,-48.408989304116965,-48.408989304116965,1.5910106958830355,707.0037841796875,675.537109375,675.537109375,61.9378014692656,113.2394616082581,0.4704297866397902,21.247386932373047,7.267470359802246,-0.3350000000000002,1.573333740234375,-1.0357688961012868,-0.18880802016777926,1.5772538719177243,0.0,-50.0,1.0,1.0,0.08955223880597014,9,0.09765893372079475
251,2026-05-15 15:25:12,39374,bad_angle,43,43,-50.25192271089851,-50.25192271089851,-0.25192271089851204,706.6755981445312,687.2793579101562,687.2793579101562,82.44551275412059,118.2111494749212,0.13146897911564703,20.9465389251709,5.544808387756348,-0.2150000000000001,0.96981201171875,-1.7850225654331464,-0.2031107167544287,0.9813985595703125,0.0,-50.0,1.0,1.0,0.0,0,0.0
252,2026-05-15 15:25:15,39590,low_agl,216,216,-37.77767035156178,-37.77767035156178,22.22232964843822,706.4788208007812,574.57958984375,574.57958984375,2.621743353473653,52.14128846347299,0.9989532829163679,31.88335418701172,0.5578221082687378,-1.079999999999999,6.594961547851564,10.342263748069731,-0.22104946942825238,6.5861538219451905,0.0,-60.0,1.0,1.0,0.9861111111111112,0,0.0
253,2026-05-15 15:25:15,39622,bad_angle,32,32,-50.7257555857672,-50.7257555857672,-0.7257555857672031,707.2261962890625,693.4551391601562,693.4551391601562,83.73623409214541,114.71821805413336,0.1091057040974271,21.4661922454834,2.1502556800842285,-0.16000000000000006,0.6885528564453126,-1.7630589110682442,-0.1896023677531571,0.6983528366088868,0.0,-50.0,1.0,1.0,0.0,0,0.0
254,2026-05-15 15:25:19,39952,low_agl,330,330,-26.98737848531764,-26.98737848531764,33.01262151468236,706.6080322265625,507.1727294921875,507.1727294921875,5.370566645323625,95.27297684561971,0.9956101775208342,24.438772201538086,0.49961355328559875,-1.6499999999999868,9.971765136718753,15.276650962263151,-0.5576983089699715,9.971903724670405,0.0,-60.0,1.0,1.0,0.9151515151515152,2,0.015321289810658138
255,2026-05-15 15:25:20,40037,low_agl,85,85,-54.71473058025931,-54.71473058025931,5.285269419740693,707.3631591796875,661.1197509765625,661.1197509765625,37.48163295730711,52.79357835939838,0.7935484473565724,29.150440216064453,0.598071277141571,-0.42500000000000027,2.31217041015625,1.0724492708422162,0.022022257281650946,2.303627481460571,0.0,-60.0,1.0,1.0,0.5882352941176471,0,0.0
256,2026-05-15 15:25:20,40064,bad_angle,27,27,-49.75463429579235,-49.75463429579235,0.24536570420765003,706.4339599609375,693.5850219726562,693.5850219726562,81.01518917964988,118.48155666416201,0.15617262218635727,21.94701385498047,2.420041561126709,-0.13500000000000004,0.6424468994140624,-0.7421884932364129,-0.17259889398660053,0.6527061920166014,0.0,-50.0,1.0,1.0,0.0,0,0.0
257,2026-05-15 15:25:24,40375,bad_angle,311,311,-24.74369804806485,-24.74369804806485,25.25630195193515,707.1476440429688,529.0568237304688,529.0568237304688,6.639443757722274,113.34013176643491,0.9932934047849389,23.17432975769043,8.426047325134277,-1.5549999999999888,8.904541015624995,9.520439525823027,-0.5293440481920756,8.915665458679202,0.0,-50.0,1.0,1.0,0.7781350482315113,0,0.0
258,2026-05-15 15:25:31,40996,low_agl,621,621,-5.007175328074979,-5.007175328074979,54.99282467192502,706.42919921875,339.90802001953125,339.90802001953125,3.2540760769744983,64.70575612098078,0.9983876348513577,27.761112213134766,0.5938699841499329,-3.104999999999956,18.32605895996092,22.249922533645034,-0.7924564146527582,18.31429959297179,0.0,-60.0,1.0,1.0,0.8921095008051529,0,0.0
259,2026-05-15 15:25:33,41098,bad_angle,102,102,-44.446803401653064,-44.446803401653064,5.553196598346936,706.4568481445312,651.17236328125,651.17236328125,44.323337826260506,110.80763422597758,0.7154081944939152,22.12582015991211,1.6946192979812622,-0.5100000000000003,2.7642242431640622,0.7645097737697691,-0.24145143340318032,2.775914014816283,0.0,-50.0,1.0,1.0,0.7156862745098039,0,0.0
260,2026-05-15 15:25:37,41478,low_agl,380,380,-19.239076157311928,-19.239076157311928,40.76092384268807,707.3001708984375,473.5699768066406,473.5699768066406,3.4300535530623497,41.21566664070182,0.9982085824227577,31.180809020996094,0.5288797616958618,-1.8999999999999815,11.686509704589835,19.683225676706332,-0.37925569906952766,11.67044416046142,0.0,-60.0,1.0,1.0,0.9868421052631579,4,0.05739101593659355
261,2026-05-15 15:25:40,41682,low_agl,204,204,-38.88168091102075,-38.88168091102075,21.11831908897925,707.3751220703125,582.0578002929688,582.0578002929688,0.9343988000400111,47.37473849834204,0.9998670220424787,32.36007308959961,0.5164281725883484,-1.0200000000000002,6.26586608886719,9.786787748373724,-0.16542220782588904,6.25108745956421,0.0,-60.0,1.0,1.0,0.9852941176470589,0,0.0
262,2026-05-15 15:25:42,41924,low_agl,242,242,-45.45116468230199,-45.45116468230199,14.548835317698007,707.3760986328125,573.9973754882812,573.9973754882812,27.163522310262724,94.9041534606282,0.8897072070594119,22.774932861328125,0.5101684927940369,-1.2099999999999962,6.6689361572265575,2.7667625119912214,-0.3471099888641352,6.670246637344364,0.0,-60.0,1.0,1.0,0.6074380165289256,0,0.0
263,2026-05-15 15:25:48,42424,low_agl,500,500,-8.437541619713222,-8.437541619713222,51.56245838028678,707.3928833007812,402.61737060546875,402.61737060546875,2.079613736689993,79.22907422112402,0.9993413686247771,25.689231872558594,0.5580536127090454,-2.499999999999969,15.238775634765627,24.357678086549868,-0.7678422076362981,15.233846866607664,0.0,-60.0,1.0,1.0,0.87,0,0.0
264,2026-05-15 15:25:49,42505,low_agl,81,81,-53.50766019155867,-53.50766019155867,6.492339808441329,707.2789916992188,660.815185546875,660.815185546875,9.50445923952474,9.50445923952474,0.9862727531571069,33.12126541137695,0.575344443321228,-0.40500000000000025,2.323190307617187,2.083378805550658,0.17999140793522544,2.3107792873382564,0.0,-60.0,1.0,1.0,0.7407407407407407,0,0.0
265,2026-05-15 15:25:50,42538,bad_angle,33,33,-49.360107306821135,-49.360107306821135,0.6398926931788651,706.44775390625,690.1688842773438,690.1688842773438,77.50315371975351,112.56414031445142,0.21638587555085412,23.972171783447266,2.6474173069000244,-0.16500000000000006,0.8139434814453125,-0.6808970306846392,-0.15099192095766628,0.8228381633758544,0.0,-50.0,1.0,1.0,0.030303030303030304,0,0.0
266,2026-05-15 15:25:52,42747,low_agl,209,209,-41.60385999388451,-41.60385999388451,18.396140006115488,707.392333984375,585.48876953125,585.48876953125,16.249790139289253,80.49348567046596,0.9600508793261125,26.524303436279297,0.5740178823471069,-1.0449999999999997,6.0951782226562505,7.521267670545164,-0.26758362756445714,6.092277740478515,0.0,-60.0,1.0,1.0,0.9330143540669856,0,0.0
267,2026-05-15 15:25:55,42972,low_agl,225,225,-36.14244077664175,-36.14244077664175,23.85755922335825,707.25830078125,572.4755249023438,572.4755249023438,6.321023326824042,41.88803387769246,0.993920624143405,31.620830535888672,0.4875994622707367,-1.124999999999998,6.739138793945311,11.712321979238869,-0.19163867713001373,6.7227371273040815,0.0,-60.0,1.0,1.0,0.9866666666666667,1,0.00013863375280181168
268,2026-05-15 15:26:07,43981,bad_angle,1009,1009,34.56901536865201,34.56901536865201,84.569015368652,706.4456176757812,143.57302856445312,143.57302856445312,2.80923439406803,113.62673333419781,0.9987982512232205,11.785017013549805,5.603581428527832,-5.044999999999915,28.1436294555664,34.927270416190176,-1.5916144406579913,28.13472993755336,0.0,-50.0,1.0,1.0,0.8553022794846382,5,0.07207813682478852
269,2026-05-15 15:26:07,44012,bad_angle,31,31,-49.691925350730905,-49.691925350730905,0.3080746492690949,707.376220703125,692.6135864257812,692.6135864257812,81.96552121019793,116.06197581106333,0.13976898776046245,22.083375930786133,3.033949613571167,-0.15500000000000005,0.7381317138671873,-0.8584187018328772,-0.16327502238740998,0.7466366596221924,0.0,-50.0,1.0,1.0,0.0,0,0.0
270,2026-05-15 15:26:08,44056,bad_angle,44,44,-50.050550073192355,-50.050550073192355,-0.050550073192354716,707.3466186523438,686.8982543945312,686.8982543945312,81.13868583003287,113.34605354044531,0.1540432854166071,21.681962966918945,5.047044277191162,-0.2200000000000001,1.0224182128906252,-1.7115209148695645,-0.1719471633124135,1.0304997920989993,0.0,-50.0,1.0,1.0,0.0,0,0.0
271,2026-05-15 15:26:09,44188,bad_angle,132,132,-41.51429759543268,-41.51429759543268,8.48570240456732,707.387451171875,632.8766479492188,632.8766479492188,36.47677552661484,115.50595743148928,0.8040979021391044,21.705413818359375,14.705727577209473,-0.6600000000000005,3.725540161132812,1.9804215706838433,-0.2940147765443846,3.7337554492950447,0.0,-50.0,1.0,1.0,0.6666666666666666,1,8.968254886201066e-05
272,2026-05-15 15:26:12,44391,bad_angle,203,203,-35.335130324817634,-35.335130324817634,14.664869675182366,707.322998046875,593.8684692382812,593.8684692382812,17.7123351311695,112.1229100940686,0.952596004308517,23.36210823059082,7.225968360900879,-1.0150000000000003,5.672726440429686,4.6940690321208836,-0.36543076791874035,5.67850497055054,0.0,-50.0,1.0,1.0,0.6995073891625616,1,0.0036908640475914385
273,2026-05-15 15:26:15,44635,low_agl,244,244,-45.09260045011857,-45.09260045011857,14.907399549881433,706.798095703125,573.5596923828125,573.5596923828125,9.264695693995199,71.40433437587654,0.9869551055165815,28.634628295898438,0.4856744110584259,-1.219999999999996,6.661920166015625,3.0454559341698375,-0.2398324253192793,6.659855875015256,0.0,-60.0,1.0,1.0,0.5573770491803278,0,0.0
274,2026-05-15 15:26:25,45508,bad_angle,873,873,30.06820351518909,30.06820351518909,80.06820351518908,706.41845703125,190.4783477783203,190.4783477783203,2.219819804547195,111.58163126272342,0.9992495774809579,19.24196434020996,21.0294246673584,-4.364999999999929,25.7970054626465,34.16622712000022,-1.3317345041641626,25.80170543670652,0.0,-50.0,1.0,1.0,0.852233676975945,0,0.0
275,2026-05-15 15:26:26,45534,bad_angle,26,26,-50.84117664289707,-50.84117664289707,-0.841176642897068,707.3468017578125,696.2911376953125,696.2911376953125,83.7295405067588,124.29232644017202,0.10922183102839975,19.595624923706055,1.4194025993347168,-0.13000000000000003,0.552783203125,-1.6119763289948605,-0.2171870501998135,0.5652035331726074,0.0,-50.0,1.0,1.0,0.0,0,0.0
276,2026-05-15 15:26:26,45560,bad_angle,26,26,-49.78781476806227,-49.78781476806227,0.2121852319377311,707.20166015625,694.3299560546875,694.3299560546875,82.00977400583045,119.63997040777451,0.13900417050939515,23.082372665405273,1.8910443782806396,-0.13000000000000003,0.6435852050781249,-0.7831328245697214,-0.17403245122875646,0.6557653026580812,0.0,-50.0,1.0,1.0,0.0,0,0.0
277,2026-05-15 15:26:28,45717,low_agl,157,157,-47.35852987906594,-47.35852987906594,12.64147012093406,706.6878662109375,614.3746337890625,614.3746337890625,16.822057538898772,69.26491422215345,0.9572081560928528,29.663846969604492,0.4603079557418823,-0.7850000000000006,4.615661621093752,4.337660221453283,-0.13790182766156522,4.611050106048584,0.0,-60.0,1.0,1.0,0.7197452229299363,0,0.0
278,2026-05-15 15:26:28,45752,bad_angle,35,35,-49.55330766680409,-49.55330766680409,0.4466923331959123,707.0595092773438,690.1695556640625,690.1695556640625,70.7128801752503,115.92874614111307,0.330302216525762,21.934995651245117,3.593472480773926,-0.17500000000000007,0.8444976806640626,-0.9013618414019484,-0.17866424924552585,0.8572207431793215,0.0,-50.0,1.0,1.0,0.17142857142857143,0,0.0
279,2026-05-15 15:26:29,45778,bad_angle,26,26,-50.19052294564208,-50.19052294564208,-0.19052294564207983,707.3530883789062,695.2830200195312,695.2830200195312,82.2936093469795,119.71388671497239,0.13409671680588325,22.448083877563477,1.5087165832519531,-0.13000000000000003,0.6035034179687501,-1.0985384210393443,-0.18021804129584923,0.6147300987243651,0.0,-50.0,1.0,1.0,0.0,0,0.0
280,2026-05-15 15:26:31,45959,low_agl,181,181,-41.719023283685544,-41.719023283685544,18.280976716314456,706.7268676757812,598.8699951171875,598.8699951171875,5.965388183346172,32.747464919031195,0.9945848585176994,33.32037353515625,0.5246875286102295,-0.9050000000000007,5.392843627929686,8.4672373341248,-0.05510115011320478,5.380996904373171,0.0,-60.0,1.0,1.0,0.9116022099447514,0,0.0
281,2026-05-15 15:26:38,46544,bad_angle,585,585,11.989215905575364,11.989215905575364,61.989215905575364,706.6556396484375,346.8690185546875,346.8690185546875,2.0166417404200025,112.74019527049767,0.9993806481941893,23.098499298095703,20.220354080200195,-2.92499999999996,17.989331054687504,29.897755870193645,-0.9666376418490875,17.993766622543355,0.0,-50.0,1.0,1.0,0.9675213675213675,0,0.0
282,2026-05-15 15:26:38,46580,bad_angle,36,36,-49.88198148674711,-49.88198148674711,0.11801851325289192,707.1788940429688,690.2920532226562,690.2920532226562,81.96114988912913,114.36043225484059,0.139844532408194,21.70236587524414,3.993748426437378,-0.18000000000000008,0.844342041015625,-1.2362807007239993,-0.1655257562684709,0.8554829292297362,0.0,-50.0,1.0,1.0,0.0,0,0.0
283,2026-05-15 15:26:44,47112,low_agl,532,532,-9.167215386327122,-9.167215386327122,50.83278461367288,706.8004150390625,393.2916259765625,393.2916259765625,0.8970025538388393,71.2974555757442,0.9998774528464741,29.59769630432129,0.5600863695144653,-2.6599999999999655,15.675439453124996,22.892505321699222,-0.7393448916811861,15.664184730529788,0.0,-60.0,1.0,1.0,0.8834586466165414,3,0.02238643060318086
284,2026-05-15 15:26:47,47342,low_agl,230,230,-37.67865042300126,-37.67865042300126,22.321349576998742,707.3770141601562,571.7362670898438,571.7362670898438,6.9883938535499945,71.98075453050144,0.9925708177984008,27.500751495361328,0.5827229022979736,-1.1499999999999975,6.782037353515625,10.205142192580306,-0.29314447562793017,6.777314506530767,0.0,-60.0,1.0,1.0,0.9695652173913043,1,0.021145710938032587
285,2026-05-15 15:26:51,47663,low_agl,321,321,-32.550418342684736,-32.550418342684736,27.449581657315264,706.814697265625,518.9271850585938,518.9271850585938,4.624231874716331,32.901294439518225,0.9967448711020463,32.31193542480469,0.5906638503074646,-1.6049999999999878,9.39437561035157,10.546239604395023,-0.261012393490881,9.37497883605957,0.0,-60.0,1.0,1.0,0.7819314641744548,1,6.51700293239077e-05
286,2026-05-15 15:26:51,47692,bad_angle,29,29,-50.2617945400972,-50.2617945400972,-0.26179454009719905,706.417236328125,693.3410034179688,693.3410034179688,86.81022219981217,115.86948741987403,0.055643371247065886,22.074050903320312,2.0258357524871826,-0.14500000000000005,0.6538116455078123,-1.2589105023935236,-0.17585161277692088,0.6641559295654297,0.0,-50.0,1.0,1.0,0.0,0,0.0
287,2026-05-15 15:26:54,47920,low_agl,228,228,-34.273824675114945,-34.273824675114945,25.726175324885055,706.5126953125,564.2604370117188,564.2604370117188,5.523148375626655,58.86037094625714,0.995357393972479,30.507810592651367,0.5687611699104309,-1.1399999999999977,7.112612915039059,12.90544665391181,-0.25380929098658545,7.101925046920775,0.0,-60.0,1.0,1.0,0.9956140350877193,0,0.0
288,2026-05-15 15:26:56,48040,low_agl,120,120,-48.78244404285508,-48.78244404285508,11.217555957144917,706.5466918945312,634.841796875,634.841796875,9.67365583187065,75.62012520709435,0.985780835041205,27.506690979003906,0.48690831661224365,-0.6000000000000004,3.585244750976563,4.794236427848811,-0.13903717350847303,3.577111951828002,0.0,-60.0,1.0,1.0,0.9416666666666667,1,0.0070964108400759455
289,2026-05-15 15:26:59,48355,low_agl,315,315,-28.625646614888133,-28.625646614888133,31.374353385111867,707.39306640625,515.3130493164062,515.3130493164062,1.0607249630083952,56.76032341800459,0.999828636661428,28.497758865356445,0.5237522721290588,-1.5749999999999884,9.604000854492186,14.126719810188664,-0.3743310075200681,9.592963727951041,0.0,-60.0,1.0,1.0,0.9650793650793651,0,0.0
290,2026-05-15 15:27:00,48381,bad_angle,26,26,-50.571228339351386,-50.571228339351386,-0.5712283393513857,707.2537231445312,695.5697631835938,695.5697631835938,82.71941700021644,132.86962335836066,0.12672845762375334,20.719221115112305,1.0392413139343262,-0.13000000000000003,0.5841979980468751,-1.3712379154944223,-0.2534667269575492,0.599278305053711,0.0,-50.0,1.0,1.0,0.0,0,0.0
291,2026-05-15 15:27:00,48426,bad_angle,45,45,-49.08248595120185,-49.08248595120185,0.9175140487981466,707.2277221679688,685.1311645507812,685.1311645507812,67.92775442796172,110.55060737732083,0.37577540284964606,23.3157901763916,4.738849639892578,-0.22500000000000012,1.104827880859375,-0.9132923183637757,-0.15817845987969884,1.1091569461822512,0.0,-50.0,1.0,1.0,0.044444444444444446,6,0.056282561173556706
292,2026-05-15 15:27:02,48570,low_agl,144,144,-48.09091830526297,-48.09091830526297,11.909081694737033,706.45263671875,623.8970336914062,623.8970336914062,16.908493582845285,34.47226868447242,0.9567704795647952,31.362165451049805,0.5948485136032104,-0.7200000000000005,4.127780151367189,4.376234050209619,0.010174564083074551,4.11489292907715,0.0,-60.0,1.0,1.0,0.9652777777777778,0,0.0
293,2026-05-15 15:27:02,48601,bad_angle,31,31,-49.87287145747266,-49.87287145747266,0.12712854252733763,707.14501953125,692.8457641601562,692.8457641601562,85.22705265209491,111.26563939096195,0.08320733209610479,21.792015075683594,3.027796506881714,-0.15500000000000005,0.7149627685546874,-1.0038338160475864,-0.15298578252310038,0.7239853725433348,0.0,-50.0,1.0,1.0,0.0,0,0.0
294,2026-05-15 15:27:03,48679,bad_angle,78,78,-49.329189382532036,-49.329189382532036,0.6708106174679642,707.3855590820312,670.6658935546875,670.6658935546875,84.41391180121573,115.73526054230494,0.09734124896835429,21.265682220458984,6.383976936340332,-0.39000000000000024,1.8359832763671877,-2.4065045626415476,-0.21527323503635729,1.8466051387786862,0.0,-50.0,1.0,1.0,0.0,0,0.0
295,2026-05-15 15:27:07,48953,bad_angle,274,274,-25.641350360484275,-25.641350360484275,24.358649639515725,707.082275390625,542.905517578125,542.905517578125,1.156906086074928,118.84576967146377,0.9997961521217476,21.477724075317383,6.948655128479004,-1.3699999999999928,8.208837890625,9.861599672548978,-0.5566469267252422,8.214859003067014,0.0,-50.0,1.0,1.0,0.8613138686131386,0,0.0
296,2026-05-15 15:27:07,48982,bad_angle,29,29,-49.88191669292906,-49.88191669292906,0.11808330707093972,706.7884521484375,693.1134643554688,693.1134643554688,82.5140195514958,116.30194767736256,0.1302835943158487,20.93865394592285,3.1527066230773926,-0.14500000000000005,0.6837493896484375,-0.9514650261468975,-0.1643406266668067,0.6951395702362062,0.0,-50.0,1.0,1.0,0.0,0,0.0
297,2026-05-15 15:27:09,49113,low_agl,131,131,-48.62502514345732,-48.62502514345732,11.374974856542678,706.4900512695312,630.8671264648438,630.8671264648438,5.216653455019265,5.216653455019265,0.9958580134990331,31.886333465576172,0.5600114464759827,-0.6550000000000005,3.781146240234375,4.3463366856850705,0.13982833160895225,3.7626635990142825,0.0,-60.0,1.0,1.0,0.9541984732824428,0,0.0
298,2026-05-15 15:27:09,49144,bad_angle,31,31,-49.55112437552512,-49.55112437552512,0.44887562447487994,707.1781616210938,692.1888427734375,692.1888427734375,81.73087006126215,115.5325541881173,0.14382303920443865,23.25627899169922,3.601839542388916,-0.15500000000000005,0.7494659423828127,-0.7448210417752176,-0.16118312882436595,0.7604138526916504,0.0,-50.0,1.0,1.0,0.0,0,0.0
299,2026-05-15 15:27:13,49488,low_agl,344,344,-25.298310411085588,-25.298310411085588,34.70168958891441,707.1304931640625,499.4007568359375,499.4007568359375,3.0449113520397897,33.67327315536433,0.9985882043788602,30.76634407043457,0.5848574042320251,-1.7199999999999853,10.386486816406244,15.96207970282442,-0.3025823212464391,10.375705390930179,0.0,-60.0,1.0,1.0,0.8895348837209303,0,0.0
300,2026-05-15 15:27:13,49514,bad_angle,26,26,-50.47158831933841,-50.47158831933841,-0.4715883193384087,706.5064086914062,694.9864501953125,694.9864501953125,82.44347735774792,135.75264620702305,0.1315041950595792,20.05419921875,2.1620545387268066,-0.13000000000000003,0.5759979248046876,-1.2518870658411752,-0.257845431887737,0.5921462535858154,0.0,-50.0,1.0,1.0,0.0,0,0.0
301,2026-05-15 15:27:14,49551,bad_angle,37,37,-49.62835201937932,-49.62835201937932,0.37164798062067916,707.3792114257812,690.0584106445312,690.0584106445312,81.97950260742896,111.62340469968723,0.13952735746595904,21.33429527282715,4.271223068237305,-0.18500000000000008,0.8660400390625002,-1.025208878767257,-0.1577264021019342,0.8735432224273683,0.0,-50.0,1.0,1.0,0.0,0,0.0
302,2026-05-15 15:27:21,50106,low_agl,555,555,-1.5813392162705568,-1.5813392162705568,58.41866078372944,706.4324951171875,366.1910095214844,366.1910095214844,4.416057527211275,4.88743961768512,0.9970312120478805,32.52785110473633,0.5580664277076721,-2.774999999999963,17.012074279785157,27.700042874795912,-0.512183938524376,16.993727567672725,0.0,-60.0,1.0,1.0,0.9801801801801802,1,0.0009035698079358335
303,2026-05-15 15:27:24,50399,low_agl,293,293,-27.846938603822835,-27.846938603822835,32.153061396177165,707.3426513671875,524.9114379882812,524.9114379882812,1.6064469391303648,37.75305101454508,0.999606966960848,32.904876708984375,0.5774920582771301,-1.4649999999999908,9.121560668945307,15.664329389767028,-0.274367881437795,9.10653921890259,0.0,-60.0,1.0,1.0,0.9931740614334471,0,0.0
304,2026-05-15 15:27:39,51599,timeout,1200,1200,56.14995036456604,56.14995036456604,111.14995036456604,706.4169311523438,61.06950759887695,62.16737747192383,1.4715327737760417,12.975170347395238,0.9996702075226307,-3.20469331741333,56.77112579345703,-5.999999999999894,32.212477684020996,54.158777166703786,-1.4431428697693531,32.16638907821147,0.055449305399206346,-55.0,0.975,0.9741666666666666,0.9233333333333333,33,2.232986455789913
305,2026-05-15 15:27:39,51639,bad_angle,40,40,-50.06032203422426,-50.06032203422426,-0.06032203422425653,706.9971313476562,688.27978515625,688.27978515625,88.45079265731421,118.61340663589993,0.027035474394798056,22.005084991455078,3.425107002258301,-0.2000000000000001,0.9358673095703123,-1.5539382203351821,-0.19009319880729258,0.9478420753479005,0.0,-50.0,1.0,1.0,0.0,0,0.0
306,2026-05-15 15:27:43,51934,low_agl,295,295,-27.059727943889634,-27.059727943889634,32.940272056110366,706.896240234375,523.9229125976562,523.9229125976562,2.528710414005967,74.58842513296392,0.9990262388625306,27.204727172851562,0.4642406404018402,-1.4749999999999905,9.148666381835941,16.533611931027494,-0.40790741413221066,9.140901157379151,0.0,-60.0,1.0,1.0,0.976271186440678,0,0.0
307,2026-05-15 15:27:46,52250,low_agl,316,316,-30.91599261098943,-30.91599261098943,29.08400738901057,706.9342651367188,519.0730590820312,519.0730590820312,13.69419375283259,13.69419375283259,0.9715731157438793,32.43307113647461,0.5177587270736694,-1.5799999999999883,9.393060302734364,12.090589515680117,-0.19146401601280597,9.371821586608887,0.0,-60.0,1.0,1.0,0.990506329113924,1,0.0058682730473968775
308,2026-05-15 15:27:49,52476,low_agl,226,226,-43.6219315052867,-43.6219315052867,16.378068494713297,707.337646484375,579.5299072265625,579.5299072265625,6.944836456552354,65.74866453553919,0.9926630256318814,31.292081832885742,0.42577850818634033,-1.129999999999998,6.3903869628906245,4.952352624109038,-0.21374600340392097,6.379074911117557,0.0,-60.0,1.0,1.0,0.7920353982300885,0,0.0
309,2026-05-15 15:27:54,52885,low_agl,409,409,-20.167453376260333,-20.167453376260333,39.83254662373967,707.0249633789062,459.77142333984375,459.77142333984375,2.0463144300520653,27.33049311471286,0.9993622898804169,31.745006561279297,0.5357151031494141,-2.0449999999999786,12.362677001953124,17.544553653932216,-0.37865355652921034,12.348969524383566,0.0,-60.0,1.0,1.0,0.8801955990220048,0,0.0
310,2026-05-15 15:27:58,53207,low_agl,322,322,-30.894818008125746,-30.894818008125746,29.105181991874254,707.3853759765625,514.131103515625,514.131103515625,5.359682311994386,83.88320610270574,0.9956279399155156,26.87152671813965,0.5563709735870361,-1.6099999999999877,9.662713623046882,11.824782316655517,-0.43141544166360163,9.659101493835447,0.0,-60.0,1.0,1.0,0.860248447204969,5,0.026879632597864554
311,2026-05-15 15:28:00,53422,low_agl,215,215,-41.82214866048145,-41.82214866048145,18.177851339518547,706.4432983398438,581.626708984375,581.626708984375,11.925636649341909,82.66821790219802,0.9784166223399361,27.47747039794922,0.4459829330444336,-1.074999999999999,6.240829467773441,7.031832308797688,-0.2599625099590763,6.240152072906495,0.0,-60.0,1.0,1.0,0.813953488372093,0,0.0
312,2026-05-15 15:28:02,53565,low_agl,143,143,-51.562687672142204,-51.562687672142204,8.437312327857796,706.900390625,629.4805297851562,629.4805297851562,37.51708163909948,54.53865754139078,0.7931718144779298,30.704259872436523,0.48264560103416443,-0.7150000000000005,3.87099304199219,1.4733242160622169,-0.047851932226025816,3.8558470020294204,0.0,-60.0,1.0,1.0,0.7132867132867133,0,0.0
313,2026-05-15 15:28:04,53761,low_agl,196,196,-39.596513276135695,-39.596513276135695,20.403486723864305,706.4218139648438,586.9352416992188,586.9352416992188,5.22269731866108,12.95609875168527,0.9958484170182628,32.41292953491211,0.5804700255393982,-0.9800000000000008,5.974328613281251,9.4696574119381,-0.01790372220771583,5.9574044208526615,0.0,-60.0,1.0,1.0,0.9387755102040817,0,0.0
314,2026-05-15 15:28:05,53787,bad_angle,26,26,-50.47453244840465,-50.47453244840465,-0.47453244840465203,707.3623046875,695.4464721679688,695.4464721679688,85.50744557790227,113.7052258681396,0.0783295458086494,21.607101440429688,1.6819429397583008,-0.13000000000000003,0.5957916259765625,-1.3817817166395021,-0.1633623250116075,0.6048199672698973,0.0,-50.0,1.0,1.0,0.0,0,0.0
315,2026-05-15 15:28:15,54640,bad_angle,853,853,28.232059734301863,28.232059734301863,78.23205973430186,706.755615234375,206.4541015625,206.4541015625,1.4680711485273146,116.10553875758967,0.99967175721671,18.781959533691406,19.086814880371094,-4.264999999999931,25.015075683593736,33.87584145895976,-1.411087070193174,25.017229661941524,0.0,-50.0,1.0,1.0,0.854630715123095,0,0.0
316,2026-05-15 15:28:25,55423,bad_angle,783,783,24.28241263691728,24.28241263691728,74.28241263691729,706.5057373046875,239.14405822753906,239.14405822753906,3.378291391324231,110.94789216058379,0.9982622266680248,21.05670738220215,7.965335369110107,-3.9149999999999388,23.368083953857425,32.72585164537471,-1.2712055814097059,23.374682619094855,0.0,-50.0,1.0,1.0,0.8939974457215837,0,0.0
317,2026-05-15 15:28:28,55665,low_agl,242,242,-38.98202407015235,-38.98202407015235,21.01797592984765,706.9270629882812,561.8189086914062,561.8189086914062,0.09278741284332243,41.34093572517444,0.9999986886978423,32.31416702270508,0.45195138454437256,-1.2099999999999962,7.255407714843751,7.93143074224986,-0.2029397290892138,7.24407720184326,0.0,-60.0,1.0,1.0,0.7851239669421488,0,0.0
318,2026-05-15 15:28:41,56773,bad_angle,1108,1108,63.9825666532945,63.9825666532945,113.9825666532945,706.4158325195312,71.3354721069336,71.58544921875,1.124831624454254,110.68997738733495,0.99980729817543,-2.3568003177642822,28.362110137939453,-5.539999999999904,31.741519165039104,57.835377015876006,-1.7907863666172081,31.730146823048578,0.006310015947956421,-50.0,0.9945848375451264,0.9972924187725631,0.9476534296028881,0,0.0
319,2026-05-15 15:28:45,57161,low_agl,388,388,-26.174341460933803,-26.174341460933803,33.8256585390662,707.3653564453125,480.2866516113281,480.2866516113281,2.3324645649995146,10.259387241881557,0.9991714955021165,32.5127067565918,0.5817738771438599,-1.9399999999999806,11.353935241699222,13.31796070464115,-0.24408293873782405,11.33784553146363,0.0,-60.0,1.0,1.0,0.7680412371134021,0,0.0
320,2026-05-15 15:28:51,57632,low_agl,471,471,-16.208059272601652,-16.208059272601652,43.79194072739835,706.4783935546875,423.918212890625,423.918212890625,1.82863373988282,72.05587978118241,0.9994907379291783,29.849454879760742,0.5399917960166931,-2.354999999999972,14.128009033203112,18.526940954570453,-0.6307458765099092,14.122736616134636,0.0,-60.0,1.0,1.0,0.8492569002123143,0,0.0
321,2026-05-15 15:28:54,57850,low_agl,218,218,-41.36517169438143,-41.36517169438143,18.63482830561857,706.416015625,580.6959838867188,580.6959838867188,10.527455091331632,56.98333592459468,0.9831674707459652,30.699491500854492,0.43665003776550293,-1.0899999999999987,6.286001586914062,7.334782371933728,-0.1722753229527378,6.276319669723511,0.0,-60.0,1.0,1.0,0.9174311926605505,0,0.0
322,2026-05-15 15:29:01,58509,low_agl,659,659,-11.843201033343213,-11.843201033343213,48.15679896665679,706.9115600585938,334.85546875,334.85546875,17.378781135504635,99.38890348098275,0.9543510095588431,23.367145538330078,0.5419683456420898,-3.294999999999952,18.602804565429672,15.166661905986006,-0.9255553412153159,18.607887836456314,0.0,-60.0,1.0,1.0,0.7511380880121397,0,0.0
323,2026-05-15 15:29:10,59263,low_agl,754,754,23.277644965505367,23.277644965505367,83.27764496550537,706.4405517578125,242.29876708984375,242.29876708984375,1.3022109968692503,68.31529253127907,0.9997417330928396,27.145959854125977,0.5470083951950073,-3.769999999999942,23.207089233398417,41.77872245839394,-1.132623295958644,23.194456569671623,0.0,-60.0,1.0,1.0,0.993368700265252,0,0.0
324,2026-05-15 15:29:12,59411,low_agl,148,148,-47.306070122309315,-47.306070122309315,12.693929877690685,707.0350341796875,619.5062866210938,619.5062866210938,15.076172394584303,92.10242352346731,0.965580883441435,24.369478225708008,0.5384728908538818,-0.7400000000000005,4.376437377929685,4.915297209415302,-0.2322463619522663,4.374441652297975,0.0,-60.0,1.0,1.0,0.7905405405405406,0,0.0
325,2026-05-15 15:29:15,59649,low_agl,238,238,-35.902704629020356,-35.902704629020356,24.097295370979644,707.1948852539062,562.1103515625,562.1103515625,3.3258425821311146,64.18349253628492,0.9983157514939108,28.34109115600586,0.5197043418884277,-1.1899999999999966,7.254226684570314,11.074995042557003,-0.28548952181234966,7.243563165664673,0.0,-60.0,1.0,1.0,0.9117647058823529,1,0.0021784776670518784
326,2026-05-15 15:29:24,60345,low_agl,696,696,15.423154419701909,15.423154419701909,75.42315441970192,707.1718139648438,281.8241271972656,281.8241271972656,2.362811735812116,101.06294186541786,0.9991497993573389,27.98522186279297,0.3881157636642456,-3.479999999999948,21.267384338378914,37.51108216862663,-1.147008755928489,21.27169666862492,0.0,-60.0,1.0,1.0,0.9712643678160919,0,0.0
327,2026-05-15 15:29:29,60744,low_agl,399,399,-22.970807423783086,-22.970807423783086,37.029192576216914,706.90380859375,471.05682373046875,471.05682373046875,2.367942061652442,78.61103089369709,0.9991461038279178,30.6602783203125,0.35676345229148865,-1.9949999999999795,11.79234924316406,15.927126928370212,-0.48316802715633833,11.787884431838973,0.0,-60.0,1.0,1.0,0.8947368421052632,3,0.005368403282442941
328,2026-05-15 15:29:29,60799,bad_angle,55,55,-48.548600798715825,-48.548600798715825,1.4513992012841754,707.3678588867188,680.0514526367188,680.0514526367188,73.31969017387738,115.69951133218909,0.2870313391753863,21.82819366455078,5.66832160949707,-0.27500000000000013,1.3658203125000006,-0.8283471713388114,-0.1834587436489854,1.3723848037719726,0.0,-50.0,1.0,1.0,0.14545454545454545,1,0.00018715960976913306
329,2026-05-15 15:29:30,60826,bad_angle,27,27,-49.85564630505223,-49.85564630505223,0.1443536949477675,706.549560546875,693.8955688476562,693.8955688476562,86.23153442238284,110.59684775800181,0.06572472091844402,21.62836456298828,3.3567349910736084,-0.13500000000000004,0.6326995849609375,-0.8539656870373108,-0.14068967982827157,0.6413094768524172,0.0,-50.0,1.0,1.0,0.0,0,0.0
330,2026-05-15 15:29:30,60852,bad_angle,26,26,-50.25137599834585,-50.25137599834585,-0.2513759983458499,707.2410888671875,695.3946533203125,695.3946533203125,86.79353604766983,116.381109569843,0.05593414597983932,20.596315383911133,1.9828882217407227,-0.13000000000000003,0.59232177734375,-1.1358503383055094,-0.1805212197327277,0.6026737823486328,0.0,-50.0,1.0,1.0,0.0,0,0.0
331,2026-05-15 15:29:35,61239,low_agl,387,387,-19.924480060350405,-19.924480060350405,40.075519939649595,707.2041625976562,468.8625183105469,468.8625183105469,4.046607899250231,60.93449449151492,0.997506976020645,28.817901611328125,0.5110732913017273,-1.9349999999999807,11.917082214355474,18.664975884389502,-0.47677602263602975,11.905237863540657,0.0,-60.0,1.0,1.0,0.9276485788113695,7,0.02581369121354722
332,2026-05-15 15:29:37,61402,bad_angle,163,163,-41.195018562422995,-41.195018562422995,8.804981437577005,707.3688354492188,621.2688598632812,621.2688598632812,46.832018497082,115.66193163137568,0.6841396308389187,22.44517707824707,4.327414512634277,-0.8150000000000006,4.304998779296878,1.3264879566236762,-0.3235045125158958,4.3119992141723635,0.0,-50.0,1.0,1.0,0.7116564417177914,1,0.006751150970699543
333,2026-05-15 15:29:42,61857,low_agl,455,455,-16.627900445925704,-16.627900445925704,43.372099554074296,706.5733642578125,433.4690246582031,433.4690246582031,2.5352812694309312,45.38959865759119,0.9990211724765911,30.115137100219727,0.5316681861877441,-2.2749999999999737,13.655216979980482,18.853430664091643,-0.5014802303481517,13.639932140350354,0.0,-60.0,1.0,1.0,0.9538461538461539,0,0.0
334,2026-05-15 15:29:54,62804,low_agl,947,947,27.61291454195544,27.61291454195544,87.61291454195543,707.221923828125,170.21949768066406,170.21949768066406,3.6757290542053616,52.57912066474373,0.997942865133202,19.517099380493164,0.5451679825782776,-4.734999999999921,26.850121307373033,39.908353885527966,-1.2377064410457426,26.827145790100094,0.0,-60.0,1.0,1.0,0.9165786694825766,0,0.0
335,2026-05-15 15:29:59,63255,low_agl,451,451,-14.651373084489151,-14.651373084489151,45.34862691551085,706.4896240234375,433.6712341308594,433.6712341308594,0.5702693024730252,72.79014560752628,0.9999504685385013,28.935775756835938,0.49007049202919006,-2.254999999999974,13.640919494628898,20.984107125785485,-0.6570414743126258,13.63564176940917,0.0,-60.0,1.0,1.0,0.8913525498891353,0,0.0
336,2026-05-15 15:30:05,63665,low_agl,410,410,-15.755710081857387,-15.755710081857387,44.24428991814261,706.5005493164062,450.8030090332031,450.8030090332031,3.176689393348019,5.359719024261175,0.9984633923509542,32.612770080566406,0.5640478134155273,-2.0499999999999785,12.784877014160163,21.037817587304097,-0.2982441265284043,12.769839443206777,0.0,-60.0,1.0,1.0,0.9097560975609756,0,0.0
337,2026-05-15 15:30:05,63691,bad_angle,26,26,-50.904202853864106,-50.904202853864106,-0.9042028538641063,707.3120727539062,696.1488037109375,696.1488037109375,82.16274975267123,128.489122515308,0.13635966797575136,20.033245086669922,1.0156888961791992,-0.13000000000000003,0.5581634521484375,-1.670257642137344,-0.23360100777778525,0.5714923439025879,0.0,-50.0,1.0,1.0,0.0,0,0.0
338,2026-05-15 15:30:10,64064,low_agl,373,373,-21.944057221269944,-21.944057221269944,38.055942778730056,706.4204711914062,480.12188720703125,480.12188720703125,3.2715967928560503,93.86306870657818,0.9983702301280613,27.071720123291016,0.47864893078804016,-1.8649999999999822,11.314929199218764,17.903980111415535,-0.6164018231945363,11.318435291290273,0.0,-60.0,1.0,1.0,0.8847184986595175,0,0.0
339,2026-05-15 15:30:10,64090,bad_angle,26,26,-50.0658528246768,-50.0658528246768,-0.06585282467680287,706.6590576171875,694.6956787109375,694.6956787109375,82.64851280644254,120.7970454343097,0.12795589440347607,21.68661117553711,2.395872116088867,-0.13000000000000003,0.5981689453125,-0.9591683066251941,-0.18556284446762356,0.6107093811035157,0.0,-50.0,1.0,1.0,0.0,0,0.0
340,2026-05-15 15:30:16,64500,low_agl,410,410,-23.957493864329862,-23.957493864329862,36.04250613567014,706.5145874023438,464.33270263671875,464.33270263671875,1.0241200582555927,33.380316096578724,0.9998402595434761,32.44816589355469,0.5863210558891296,-2.0499999999999785,12.109094238281246,14.295691982254045,-0.4087046072651103,12.096424522399895,0.0,-60.0,1.0,1.0,0.7536585365853659,0,0.0
341,2026-05-15 15:30:27,65445,bad_angle,945,945,51.2917139330471,51.2917139330471,101.2917139330471,707.3906860351562,125.20787048339844,125.20787048339844,5.379425827563955,111.6599462117468,0.9955956934933267,17.294233322143555,30.7733154296875,-4.7249999999999215,29.109140777587893,49.30676975731601,-1.5097134055982837,29.110516803741454,0.0,-50.0,1.0,1.0,0.9798941798941799,0,0.0
342,2026-05-15 15:30:28,65471,bad_angle,26,26,-49.75914026671228,-49.75914026671228,0.2408597332877207,707.1557006835938,694.7158203125,694.7158203125,82.30858112164017,118.41079590436068,0.13383776552560406,21.43282127380371,3.252406120300293,-0.13000000000000003,0.6219940185546876,-0.7143746549192307,-0.17028681006575414,0.6335271797180176,0.0,-50.0,1.0,1.0,0.0,0,0.0
343,2026-05-15 15:30:30,65625,low_agl,154,154,-44.63346848579056,-44.63346848579056,15.366531514209441,707.181640625,614.8222045898438,614.8222045898438,2.9116797610988168,75.9423393811897,0.9987090230480405,27.250274658203125,0.5776438117027283,-0.7700000000000006,4.617971801757813,7.090687018057214,-0.18389711532847872,4.611769809722901,0.0,-60.0,1.0,1.0,0.8701298701298701,12,0.12744019261595516
344,2026-05-15 15:30:34,65997,low_agl,372,372,-24.55189141375388,-24.55189141375388,35.44810858624612,707.258056640625,483.8180236816406,483.8180236816406,3.806371790007488,69.925004194111,0.9977940918866778,28.945470809936523,0.46906521916389465,-1.8599999999999823,11.172001647949225,15.4383536899218,-0.46976607878859655,11.167519327163692,0.0,-60.0,1.0,1.0,0.9112903225806451,0,0.0
345,2026-05-15 15:30:34,66026,bad_angle,29,29,-49.75592524158414,-49.75592524158414,0.2440747584158629,706.8164672851562,693.0820922851562,693.0820922851562,82.63148514484169,116.57078392309425,0.12825063457393507,22.270418167114258,2.7794415950775146,-0.14500000000000005,0.6867187500000002,-0.8333326713448844,-0.16290873044127954,0.6985974102020263,0.0,-50.0,1.0,1.0,0.0,0,0.0
346,2026-05-15 15:30:49,67226,timeout,1200,1200,44.62164429474518,44.62164429474518,99.62164429474518,706.5784301757812,48.95691680908203,48.95691680908203,1.5097357293512155,54.73832446139777,0.9996528625430426,2.554443836212158,54.1708984375,-5.999999999999894,32.881075668334965,41.37923179150169,-1.4952547471180961,32.85171723961834,0.004874342408234497,-55.0,1.0,1.0,0.8408333333333333,1,0.0017819271846408052
347,2026-05-15 15:30:55,67713,low_agl,487,487,-8.500727772964183,-8.500727772964183,51.49927222703582,707.029052734375,405.8825378417969,405.8825378417969,1.330603773083876,46.44088088407205,0.9997303485737342,33.449012756347656,0.48756924271583557,-2.4349999999999703,15.057325744628912,24.383788905197836,-0.554091551132655,15.047249128341672,0.0,-60.0,1.0,1.0,0.893223819301848,0,0.0
348,2026-05-15 15:30:56,67840,low_agl,127,127,-46.04510979266162,-46.04510979266162,13.95489020733838,706.4375610351562,626.527099609375,626.527099609375,2.8800440324106105,14.828981018332371,0.9987369179924344,32.61482620239258,0.5476515889167786,-0.6350000000000005,3.9955230712890617,6.528796765002948,0.08497258509666468,3.9805977859497066,0.0,-60.0,1.0,1.0,0.8818897637795275,0,0.0
349,2026-05-15 15:31:07,68686,low_agl,846,846,27.540411178771876,27.540411178771876,87.54041117877188,706.4403686523438,191.61912536621094,191.61912536621094,0.9310420822280672,82.03585166808156,0.9998679757207349,22.881193161010742,0.46866199374198914,-4.229999999999932,25.74106216430661,41.55121549055482,-1.2532862491915069,25.73141977310178,0.0,-60.0,1.0,1.0,0.925531914893617,0,0.0
350,2026-05-15 15:31:07,68735,bad_angle,49,49,-49.31900727222935,-49.31900727222935,0.6809927277706507,706.4896240234375,682.9164428710938,682.9164428710938,84.74988197629949,114.16121612731882,0.09150366992393888,22.2867374420166,6.47260856628418,-0.24500000000000013,1.1786590576171874,-1.2738199859908006,-0.16775109849440548,1.1889047546386713,0.0,-50.0,1.0,1.0,0.0,0,0.0
351,2026-05-15 15:31:11,69054,low_agl,319,319,-25.13639435504296,-25.13639435504296,34.86360564495704,706.9747924804688,507.4535827636719,507.4535827636719,4.950921957152157,23.759625820400586,0.9962689879138386,32.445796966552734,0.5192086100578308,-1.594999999999988,9.976060485839842,16.74991174547492,-0.223061950356168,9.955695363998407,0.0,-60.0,1.0,1.0,0.9905956112852664,1,0.005402024128340444
352,2026-05-15 15:31:13,69242,low_agl,188,188,-41.40252306021742,-41.40252306021742,18.59747693978258,707.3233032226562,592.9027709960938,592.9027709960938,4.223084192590904,58.630009156120124,0.997284888965383,29.18041229248047,0.5956577658653259,-0.9400000000000007,5.721026611328125,8.273881822725189,-0.16719794706005509,5.709766452789306,0.0,-60.0,1.0,1.0,0.8670212765957447,0,0.0
353,2026-05-15 15:31:19,69682,low_agl,440,440,-13.48564128965024,-13.48564128965024,46.51435871034976,706.6705932617188,434.7417297363281,434.7417297363281,1.2948267086028205,46.52884689039264,0.9997446537088259,30.956037521362305,0.5529987812042236,-2.1999999999999753,13.596443176269522,22.054628350628157,-0.517033035587825,13.580320219039908,0.0,-60.0,1.0,1.0,0.9977272727272727,0,0.0
354,2026-05-15 15:31:21,69859,bad_angle,177,177,-35.00933680283953,-35.00933680283953,14.990663197160472,706.9365844726562,605.0968017578125,605.0968017578125,4.827427014316449,110.62139545787885,0.9964526891905896,22.397035598754883,9.925522804260254,-0.8850000000000007,5.091989135742186,6.050327511232657,-0.3621277349401055,5.095474285125731,0.0,-50.0,1.0,1.0,0.8135593220338984,1,0.005781104219113021
355,2026-05-15 15:31:22,69897,bad_angle,38,38,-49.63141094179128,-49.63141094179128,0.3685890582087197,707.3759765625,689.143310546875,689.143310546875,82.49354947455328,113.26127723246711,0.13063781113775993,21.619813919067383,4.770178318023682,-0.19000000000000009,0.91163330078125,-1.116168081602357,-0.15586776291414073,0.9189916019439699,0.0,-50.0,1.0,1.0,0.0,0,0.0
356,2026-05-15 15:31:24,70099,low_agl,202,202,-39.11352062210646,-39.11352062210646,20.886479377893536,706.4173583984375,584.5197143554688,584.5197143554688,18.70868385370323,33.03303854332401,0.9471616741726125,32.358558654785156,0.5571841597557068,-1.0100000000000005,6.094882202148433,9.805794966262011,-0.0844108928576023,6.080213102340702,0.0,-60.0,1.0,1.0,0.995049504950495,1,0.00711058212254273
357,2026-05-15 15:31:36,71079,low_agl,980,980,37.38262528026749,37.38262528026749,97.38262528026749,706.655029296875,132.23873901367188,132.23873901367188,1.4314915368187824,49.701565382511944,0.9996879100972239,21.740455627441406,0.5988124012947083,-4.899999999999918,28.720814514160132,46.21715605482414,-1.3544801096549963,28.69913482093812,0.0,-60.0,1.0,1.0,0.9285714285714286,0,0.0
358,2026-05-15 15:31:42,71571,low_agl,492,492,-16.906751095156416,-16.906751095156416,43.093248904843584,707.2227172851562,416.7518615722656,416.7518615722656,2.7735404657957785,36.489510414322325,0.9988285899518737,30.278038024902344,0.5889666080474854,-2.4599999999999698,14.523542785644521,16.994077632603403,-0.4736628342050867,14.509291320800779,0.0,-60.0,1.0,1.0,0.8922764227642277,0,0.0
359,2026-05-15 15:31:47,72000,bad_angle,429,429,-12.745868671132001,-12.745868671132001,37.254131328868,706.4437866210938,454.556640625,454.556640625,2.308679925318826,110.31940547391591,0.9991883039518993,21.094148635864258,1.482831358909607,-2.1449999999999765,12.594357299804694,14.927991857929863,-0.7271458131041778,12.603927984237675,0.0,-50.0,1.0,1.0,0.8181818181818182,0,0.0
360,2026-05-15 15:31:50,72163,low_agl,163,163,-48.14332448994834,-48.14332448994834,11.856675510051659,707.3124389648438,616.0800170898438,616.0800170898438,36.17245644814492,50.567937312687626,0.8072441381935813,30.497703552246094,0.5894792079925537,-0.8150000000000006,4.561621093750001,3.623155308308319,-0.0624375619285237,4.549336669921876,0.0,-60.0,1.0,1.0,0.8650306748466258,1,0.0019064355830413799
361,2026-05-15 15:31:55,72630,bad_angle,467,467,-8.087764660663694,-8.087764660663694,41.912235339336306,706.8878784179688,433.4670715332031,433.4670715332031,7.359701292965282,114.13654548403673,0.9917615048431605,22.19087028503418,16.953413009643555,-2.3349999999999724,13.671040344238275,17.697490290893843,-0.796411369404134,13.675116073608406,0.0,-50.0,1.0,1.0,0.828693790149893,0,0.0
362,2026-05-15 15:31:57,72809,low_agl,179,179,-47.170284755218184,-47.170284755218184,12.829715244781816,707.3760986328125,604.3508911132812,604.3508911132812,15.031520032885345,65.81959605006978,0.965783296436461,29.36679458618164,0.45186537504196167,-0.8950000000000007,5.151260375976564,3.6292760508571305,-0.19779449824449574,5.141973316192625,0.0,-60.0,1.0,1.0,0.7094972067039106,0,0.0
363,2026-05-15 15:31:58,72835,bad_angle,26,26,-50.520163898893564,-50.520163898893564,-0.5201638988935642,706.9309692382812,695.4427490234375,695.4427490234375,82.99408622749932,113.57236502840452,0.12197178820968357,21.36879539489746,1.5876657962799072,-0.13000000000000003,0.5744110107421874,-1.3787133560494773,-0.17214426080063205,0.5862827072143554,0.0,-50.0,1.0,1.0,0.0,0,0.0
364,2026-05-15 15:32:11,73922,bad_angle,1087,1087,43.32120118714967,43.32120118714967,93.32120118714967,707.336181640625,110.07758331298828,110.07758331298828,2.50123725873006,110.90975238425844,0.9990472794214685,7.352257251739502,13.355995178222656,-5.434999999999906,29.862929916381816,40.683932397523726,-1.652461582326086,29.86180045557021,0.0,-50.0,1.0,1.0,0.827966881324747,0,0.0
365,2026-05-15 15:32:11,73954,bad_angle,32,32,-49.17559454237488,-49.17559454237488,0.8244054576251187,707.381591796875,691.6775512695312,691.6775512695312,74.22471072947158,110.16499538734942,0.27186523290015707,22.021766662597656,3.6452977657318115,-0.16000000000000006,0.7852020263671876,-0.4432464083602886,-0.14919025323151353,0.7916400928497316,0.0,-50.0,1.0,1.0,0.15625,0,0.0
366,2026-05-15 15:32:25,75055,bad_angle,1101,1101,41.487114352039185,41.487114352039185,91.48711435203919,706.9490966796875,106.0539321899414,106.0539321899414,0.555671213865151,111.10093620931627,0.99995297193242,3.9611644744873047,1.7496052980422974,-5.504999999999905,30.044758224487275,38.668329055119045,-1.7531656718221527,30.032192744255052,0.0,-50.0,1.0,1.0,0.8147138964577657,3,0.022131949914047197
367,2026-05-15 15:32:29,75428,low_agl,373,373,-24.766636047211463,-24.766636047211463,35.23336395278854,706.4754638671875,483.0923767089844,483.0923767089844,5.197499897039257,80.5709400156539,0.9958883524230815,31.13539695739746,0.4967072308063507,-1.8649999999999822,11.169154357910164,15.275731819485284,-0.5093353254217002,11.162813100814816,0.0,-60.0,1.0,1.0,0.9865951742627346,1,0.00729236979955964
368,2026-05-15 15:32:37,76043,low_agl,615,615,4.21120827714671,4.21120827714671,64.21120827714671,706.4320068359375,336.21484375,336.21484375,1.320713445722286,65.77300049955196,0.9997343421165876,28.37595558166504,0.44441094994544983,-3.0749999999999567,18.51085815429687,31.110238049213166,-0.8345503809684119,18.49966245460512,0.0,-60.0,1.0,1.0,0.9691056910569106,0,0.0
369,2026-05-15 15:32:38,76164,low_agl,121,121,-48.272216817519684,-48.272216817519684,11.727783182480316,707.33740234375,634.0540161132812,634.0540161132812,8.951660440370699,9.568730465840915,0.9878199703889264,31.997669219970703,0.5492669939994812,-0.6050000000000004,3.6641693115234384,4.904590254156668,0.11840782738675357,3.6456157894134527,0.0,-60.0,1.0,1.0,0.9504132231404959,0,0.0
370,2026-05-15 15:32:51,77236,bad_angle,1072,1072,55.89467733806336,55.89467733806336,105.89467733806336,707.1660766601562,89.48509979248047,89.48509979248047,1.0948579796118878,111.1420880990656,0.9998174309733233,10.094191551208496,27.187347412109375,-5.359999999999908,30.884048843383827,51.18457157487642,-1.7006878950697226,30.88674481487273,0.0,-50.0,1.0,1.0,0.9253731343283582,0,0.0
371,2026-05-15 15:32:54,77441,low_agl,205,205,-45.69193689545622,-45.69193689545622,14.308063104543777,706.7544555664062,592.5158081054688,592.5158081054688,0.7249675910059662,58.061204662419804,0.9999199509596495,27.55170440673828,0.558921217918396,-1.0250000000000001,5.711932373046876,4.114425737131066,-0.19297056181703104,5.699675556182861,0.0,-60.0,1.0,1.0,0.6829268292682927,0,0.0
372,2026-05-15 15:32:54,77467,bad_angle,26,26,-49.87219148056649,-49.87219148056649,0.12780851943350768,706.457275390625,694.043212890625,694.043212890625,85.11040668144943,115.45822806956923,0.08523595468090082,22.471683502197266,3.345008611679077,-0.13000000000000003,0.6207031249999999,-0.831989524981531,-0.16134785249657915,0.6304427719116211,0.0,-50.0,1.0,1.0,0.0,0,0.0
373,2026-05-15 15:33:09,78667,timeout,1200,1200,65.11392388743153,65.11392388743153,120.11392388743153,707.384765625,59.879093170166016,71.34203338623047,1.5810293506295143,28.512976444960486,0.9996193051106107,-10.062636375427246,46.499046325683594,-5.999999999999894,31.802136611938465,64.22582148929278,-1.7028330415766768,31.75109504500027,0.03770378277680442,-55.0,0.9466666666666667,0.9508333333333333,0.9158333333333334,59,2.0066605708458862
374,2026-05-15 15:33:13,79046,low_agl,379,379,-26.498140710112615,-26.498140710112615,33.501859289887385,706.5767211914062,484.2548828125,484.2548828125,1.4437425483122581,87.73697641734535,0.9996825456580687,24.86952018737793,0.5389910936355591,-1.8949999999999816,11.116091918945315,13.686512855075364,-0.5230516536431786,11.117306169509886,0.0,-60.0,1.0,1.0,0.8759894459102903,0,0.0
375,2026-05-15 15:33:14,79072,bad_angle,26,26,-49.77114427299395,-49.77114427299395,0.2288557270060494,706.92529296875,694.4073486328125,694.4073486328125,82.04087185712152,120.9591258233141,0.13846665938992256,20.986669540405273,3.1593236923217773,-0.13000000000000003,0.625897216796875,-0.7243118770557718,-0.18143393364264832,0.6387043209075929,0.0,-50.0,1.0,1.0,0.0,0,0.0
376,2026-05-15 15:33:16,79255,low_agl,183,183,-42.048279013851456,-42.048279013851456,17.951720986148544,706.53369140625,594.1730346679688,594.1730346679688,2.684746512481732,81.00678804697075,0.9989023804115954,28.553882598876953,0.38402608036994934,-0.9150000000000007,5.618032836914059,7.909574617632929,-0.273426257598284,5.612539789199832,0.0,-60.0,1.0,1.0,0.9726775956284153,0,0.0
377,2026-05-15 15:33:20,79588,low_agl,333,333,-23.425341509960262,-23.425341509960262,36.57465849003974,706.4181518554688,499.6556701660156,499.6556701660156,1.310450019277284,19.13569362023409,0.9997384548142213,34.00429153442383,0.5506912469863892,-1.6649999999999865,10.338124084472652,17.863424097572267,-0.2828612324562686,10.320971540451051,0.0,-60.0,1.0,1.0,0.8948948948948949,0,0.0
378,2026-05-15 15:33:20,79616,bad_angle,28,28,-49.6174796599028,-49.6174796599028,0.3825203400972015,707.0257568359375,693.2299194335938,693.2299194335938,81.02893152025995,110.66613319694243,0.15593571160779887,22.875049591064453,1.9038463830947876,-0.14000000000000004,0.6897918701171875,-0.7270775466169341,-0.13927353700717832,0.699079553604126,0.0,-50.0,1.0,1.0,0.0,0,0.0
379,2026-05-15 15:33:21,79647,bad_angle,31,31,-49.80357734668655,-49.80357734668655,0.19642265331344788,707.2459716796875,693.0383911132812,693.0383911132812,84.73713684330824,110.65903663039478,0.09172517897968138,21.026052474975586,3.8371074199676514,-0.15500000000000005,0.7103790283203125,-0.9274824197575505,-0.15117539606047203,0.7197014408111573,0.0,-50.0,1.0,1.0,0.0,0,0.0
380,2026-05-15 15:33:46,80837,bad_angle,1190,1190,62.13976511019265,62.13976511019265,112.13976511019266,706.83837890625,59.26362609863281,68.2995834350586,1.957147591098018,111.1500794203945,0.9994166493771455,-17.60102081298828,43.71272659301758,-5.949999999999895,31.92693977355958,56.25434202840932,-2.0229008126370513,31.888986904274677,0.04239721658626902,-50.0,0.957983193277311,0.9563025210084034,0.9176470588235294,40,0.8213863454136608
381,2026-05-15 15:33:46,80866,bad_angle,29,29,-49.78590395070167,-49.78590395070167,0.21409604929832682,706.6392211914062,692.6361083984375,692.6361083984375,83.61314042292344,115.78533948929947,0.11124101491979171,22.416006088256836,3.6413164138793945,-0.14500000000000005,0.7001556396484374,-0.882352646750591,-0.16966082963162474,0.7109538860321045,0.0,-50.0,1.0,1.0,0.0,0,0.0
382,2026-05-15 15:34:09,81902,bad_angle,1036,1036,57.62780810621919,57.62780810621919,107.62780810621919,706.6622314453125,69.81310272216797,69.81310272216797,1.0957512402892784,112.90890094299698,0.9998171329560653,17.827678680419922,61.76601028442383,-5.179999999999912,31.842456436157235,50.70418550357438,-1.5880700014199693,31.849236167907705,0.0,-50.0,1.0,1.0,0.972972972972973,0,0.0
383,2026-05-15 15:34:25,83067,bad_angle,1165,1165,60.86857793238728,60.86857793238728,110.86857793238728,707.344482421875,83.68063354492188,85.65077209472656,2.102171930527841,112.60869363840742,0.9993270039951738,-10.991798400878906,33.37213897705078,-5.824999999999898,31.0846855163574,56.308953552173186,-1.7627315550129148,31.062670418869715,0.0,-50.0,0.9811158798283262,0.9819742489270387,0.9287553648068669,20,0.5268754955766661
384,2026-05-15 15:34:28,83289,low_agl,222,222,-40.44471690204688,-40.44471690204688,19.555283097953122,707.3880615234375,576.8472290039062,576.8472290039062,2.6712974431191534,63.60173800391826,0.9989133477933888,29.001476287841797,0.5744493007659912,-1.1099999999999983,6.527041625976565,7.846707315592219,-0.22858233684075047,6.5201164932251015,0.0,-60.0,1.0,1.0,0.9369369369369369,0,0.0
385,2026-05-15 15:34:41,84351,bad_angle,1062,1062,65.07231592910678,65.07231592910678,115.07231592910678,706.9435424804688,64.30001831054688,64.30001831054688,1.573585191486141,111.90250671974145,0.9996228813932323,8.398423194885254,48.4206428527832,-5.309999999999909,32.132176208496084,57.8621442815775,-1.7363119477853666,32.124139547348015,0.0001678394704591259,-50.0,1.0,1.0,0.9774011299435028,0,0.0
386,2026-05-15 15:34:52,85259,bad_angle,908,908,42.49757498599774,42.49757498599774,92.49757498599774,707.1376953125,165.11354064941406,165.11354064941406,1.4583079267173102,116.27543288300457,0.9996761083388224,16.975791931152344,4.515758991241455,-4.539999999999925,27.101207733154293,44.30573277832948,-1.4768912785073927,27.10752575302124,0.0,-50.0,1.0,1.0,0.9162995594713657,0,0.0
387,2026-05-15 15:34:52,85286,bad_angle,27,27,-49.674153835492184,-49.674153835492184,0.32584616450781567,707.1798095703125,694.0098876953125,694.0098876953125,80.78411704983917,115.7873612252938,0.16015482536744335,22.635587692260742,2.3854308128356934,-0.13500000000000004,0.6584960937499998,-0.7113520279449539,-0.155753811026236,0.6694559097290039,0.0,-50.0,1.0,1.0,0.0,0,0.0
388,2026-05-15 15:34:53,85327,bad_angle,41,41,-49.70058108063434,-49.70058108063434,0.2994189193656567,706.4158935546875,686.7462158203125,686.7462158203125,81.93939573662264,113.7801393829563,0.14022047295517437,21.415555953979492,4.130148887634277,-0.2050000000000001,0.98348388671875,-1.3072071663057443,-0.16275617560484645,0.9908983745574951,0.0,-50.0,1.0,1.0,0.0,0,0.0
389,2026-05-15 15:35:06,86413,bad_angle,1086,1086,57.759066785894305,57.759066785894305,107.7590667858943,706.682373046875,65.36043548583984,65.36043548583984,2.3041824591937843,110.1092200625871,0.999191462924364,12.820016860961914,52.81194305419922,-5.4299999999999065,32.066096878051766,50.66846326416803,-1.608984030039738,32.0634752779007,1.5395813622270767e-05,-50.0,1.0,1.0,0.9705340699815838,0,0.0
390,2026-05-15 15:35:09,86628,low_agl,215,215,-46.73968583932679,-46.73968583932679,13.260314160673211,707.3834228515625,589.9102783203125,589.9102783203125,14.97636625533749,45.11767516635465,0.9660325035153828,31.21858787536621,0.4986894130706787,-1.074999999999999,5.8736572265625,2.7090062542542612,-0.10727728340037829,5.859927963256842,0.0,-60.0,1.0,1.0,0.6,2,0.004714371081993893
391,2026-05-15 15:35:23,87788,bad_angle,1160,1160,65.38050648529065,65.38050648529065,115.38050648529065,706.4186401367188,72.45804595947266,73.77718353271484,2.834277709546705,114.48382645238604,0.9987767337908474,-8.695273399353027,28.471174240112305,-5.799999999999899,31.63207283020022,59.85231053287317,-1.9241858588891962,31.615923853337744,0.004385127769014059,-50.0,0.9853448275862069,0.9905172413793103,0.9543103448275863,10,0.1867997834356067
392,2026-05-15 15:35:27,88122,low_agl,334,334,-25.298351524974628,-25.298351524974628,34.70164847502537,706.9747924804688,502.4378662109375,502.4378662109375,1.4732605981926434,49.66840822918612,0.9996694326481269,29.991395950317383,0.5738656520843506,-1.6699999999999864,10.226846313476562,16.29567782492392,-0.36276850089950824,10.211892837524411,0.0,-60.0,1.0,1.0,0.9790419161676647,1,0.011281831635533507
393,2026-05-15 15:35:42,89243,bad_angle,1121,1121,71.31329081191808,71.31329081191808,121.31329081191808,706.4204711914062,62.660118103027344,64.11279296875,1.2190069130606245,118.05107716153279,0.9997736811673311,-9.290023803710938,36.38765335083008,-5.604999999999903,32.11538391113277,64.64835458177753,-1.9775633790022982,32.10297282512486,0.029142872885043605,-50.0,0.9866190900981266,0.9892952720785013,0.9794826048171276,4,0.08634048492733236
394,2026-05-15 15:36:04,90383,bad_angle,1140,1140,67.4823863757802,67.4823863757802,117.4823863757802,706.4730224609375,39.44167709350586,40.17633056640625,1.17436533025395,112.24266380078643,0.9997899532442038,-8.41240119934082,63.629764556884766,-5.699999999999901,33.314834594726506,58.1232042197448,-1.8063331554140496,33.29276805669071,0.2579126600321796,-50.0,0.9912280701754386,0.9921052631578947,0.9614035087719298,2,0.00414768303285247
395,2026-05-15 15:36:30,91328,bad_angle,945,945,27.711327969458473,27.711327969458473,77.71132796945847,707.0152587890625,184.63522338867188,184.63522338867188,6.889740735612446,110.62774070361779,0.9927788374697311,13.617486000061035,15.419264793395996,-4.7249999999999215,26.11900177001955,31.583053060802165,-1.3748277610595423,26.10910089969636,0.0,-50.0,1.0,1.0,0.8952380952380953,0,0.0
396,2026-05-15 15:36:31,91395,bad_angle,67,67,-49.559437165972206,-49.559437165972206,0.4405628340277943,707.2144165039062,675.7871704101562,675.7871704101562,80.53952114547185,117.33594269505411,0.1643672523751515,21.620153427124023,7.192793846130371,-0.3350000000000002,1.5713623046875003,-2.1708893988523332,-0.20824435182140744,1.583334280014038,0.0,-50.0,1.0,1.0,0.0,0,0.0
397,2026-05-15 15:36:36,91592,low_agl,197,197,-42.1041588297593,-42.1041588297593,17.8958411702407,706.613037109375,591.9776000976562,591.9776000976562,12.294478817353644,45.06535250221776,0.9770660981067795,29.454633712768555,0.5437477231025696,-0.9850000000000008,5.731771850585937,7.5626222568905,-0.1306110045575113,5.717058067321775,0.0,-60.0,1.0,1.0,0.8578680203045685,0,0.0
398,2026-05-15 15:36:53,92359,bad_angle,767,767,21.60031906779028,21.60031906779028,71.60031906779028,707.0794677734375,250.89796447753906,250.89796447753906,1.539895390126759,116.80714944951173,0.9996388554752292,21.399106979370117,34.791481018066406,-3.8349999999999405,22.809075164794923,30.98527348062582,-1.179717310327035,22.820687732696538,0.0,-50.0,1.0,1.0,0.8878748370273793,0,0.0
399,2026-05-15 15:37:17,93436,bad_angle,1077,1077,51.989106454097396,51.989106454097396,101.9891064540974,707.3922119140625,93.9638900756836,93.9638900756836,2.473221957188784,110.79171305502229,0.9990684986456374,4.324973106384277,43.85873794555664,-5.384999999999907,30.67141609191894,47.72712821324282,-1.6842470632720297,30.6598092122078,0.0,-50.0,1.0,1.0,0.9155060352831941,1,0.0016406592027406104
400,2026-05-15 15:37:44,94636,timeout,1200,1200,52.010759041003205,52.010759041003205,107.01075904100321,706.786376953125,51.41623306274414,52.59321212768555,0.8991813841840733,45.93949377257434,0.999876856798551,-4.828681945800781,56.58441925048828,-5.999999999999894,32.70965824127196,48.95992138084525,-1.4436770205845995,32.66558034209908,0.11927609737162718,-55.0,0.9841666666666666,0.9841666666666666,0.935,23,0.8681467169673205
401,2026-05-15 15:37:50,94914,bad_angle,278,278,-26.40699422083942,-26.40699422083942,23.59300577916058,707.2579956054688,545.180419921875,545.180419921875,10.831200433911269,111.02628224168804,0.982185066541411,24.04021453857422,13.11541748046875,-1.3899999999999924,8.103878784179686,9.261236714290467,-0.491148531946888,8.109038812637332,0.0,-50.0,1.0,1.0,0.8597122302158273,0,0.0
402,2026-05-15 15:38:19,96114,timeout,1200,1200,51.4984384993725,51.4984384993725,106.4984384993725,706.4354858398438,62.08914566040039,64.79364013671875,2.036535520151311,84.24338246820803,0.9993683696442851,-10.120992660522461,54.6983757019043,-5.999999999999894,32.08209228515628,50.06357309772315,-1.7167599949829504,32.04415896525976,0.0253741462162432,-55.0,0.9733333333333334,0.9716666666666667,0.9016666666666666,35,0.6477129432789467
403,2026-05-15 15:38:20,96146,bad_angle,32,32,-49.93238039239406,-49.93238039239406,0.06761960760594121,707.2870483398438,692.2626342773438,692.2626342773438,82.61117899243925,111.22344248226962,0.12860210894355714,22.90483856201172,2.481210231781006,-0.16000000000000006,0.751220703125,-1.1256744101686131,-0.15736384584239296,0.7594371604919435,0.0,-50.0,1.0,1.0,0.0,0,0.0
404,2026-05-15 15:38:50,97298,bad_angle,1152,1152,67.8442353629519,67.8442353629519,117.8442353629519,706.666015625,73.48503875732422,75.27456665039062,1.352917894380602,115.13076148000214,0.9997212290966447,-10.062538146972656,36.94029235839844,-5.759999999999899,31.569572448730465,62.316605230278334,-1.8372073076244417,31.550207352861754,0.005057638705747769,-50.0,0.984375,0.9835069444444444,0.9809027777777778,7,0.057550666274844106
405,2026-05-15 15:38:51,97331,bad_angle,33,33,-49.324606902406074,-49.324606902406074,0.6753930975939255,707.3922119140625,691.5739135742188,691.5739135742188,78.64887014169895,111.3808578520709,0.19682115130317876,21.452640533447266,4.0731401443481445,-0.16500000000000006,0.7909149169921873,-0.5984233686482666,-0.14969555959093436,0.7975971088409424,0.0,-50.0,1.0,1.0,0.0,0,0.0
406,2026-05-15 15:39:22,98531,timeout,1200,1200,51.22785168502888,51.22785168502888,106.22785168502888,706.7373046875,77.23857879638672,89.55126953125,1.5036312477805165,78.29965622981454,0.9996556639454436,-13.166748046875,35.58243942260742,-5.999999999999894,30.859301757812517,52.421698394489646,-1.8609767402691406,30.807250316858322,0.0005779561375110709,-55.0,0.9391666666666667,0.9408333333333333,0.8925,48,0.5672935660168805
407,2026-05-15 15:39:23,98599,bad_angle,68,68,-46.815636661401385,-46.815636661401385,3.184363338598615,706.4356079101562,670.225830078125,670.225830078125,48.616770832868426,112.23836078160932,0.6610922747975285,20.333417892456055,9.352615356445312,-0.3400000000000002,1.8104888916015625,0.0921170193901873,-0.1973639808556612,1.8191214084625245,0.0,-50.0,1.0,1.0,0.5294117647058824,0,0.0
408,2026-05-15 15:39:54,99778,bad_angle,1179,1179,64.7713395321412,64.7713395321412,114.7713395321412,706.6898193359375,42.17423629760742,46.011131286621094,1.802765679061866,112.68425602119527,0.9995050429974993,-15.435037612915039,59.75236892700195,-5.8949999999998965,33.03393440246585,56.27508247695298,-1.8579726564862555,33.01144346952438,0.20385183968438447,-50.0,0.9754028837998303,0.9770992366412213,0.9083969465648855,24,0.8577904286798939
409,2026-05-15 15:40:07,100239,bad_angle,461,461,-10.77004652142076,-10.77004652142076,39.22995347857924,706.6233520507812,438.6451416015625,438.6451416015625,14.036965088782386,112.6689427370761,0.9701394454146796,22.857515335083008,26.482336044311523,-2.304999999999973,13.398910522460927,15.446612896507329,-0.7144176080831216,13.403847667694087,0.0,-50.0,1.0,1.0,0.8980477223427332,0,0.0
410,2026-05-15 15:40:08,100276,bad_angle,37,37,-49.64913513070017,-49.64913513070017,0.3508648692998335,706.6931762695312,689.0247192382812,689.0247192382812,85.93894960890701,113.66959277123965,0.07081936869967974,22.26209831237793,3.8592817783355713,-0.18500000000000008,0.8834228515625002,-1.080417493459707,-0.16236650007920567,0.8952260112762449,0.0,-50.0,1.0,1.0,0.0,0,0.0
411,2026-05-15 15:40:40,101476,timeout,1200,1200,63.147567654091155,63.147567654091155,118.14756765409115,706.8153686523438,51.304622650146484,55.17197799682617,2.94676473531788,69.82419743215078,0.9986777306381579,-12.276175498962402,58.21257400512695,-5.999999999999894,32.58216953277588,60.585694482597084,-1.6604807612218608,32.534710594415635,0.10547380552435323,-55.0,0.9758333333333333,0.9758333333333333,0.9391666666666667,34,1.0658722761354056
412,2026-05-15 15:41:04,102440,low_agl,964,964,33.98614985614425,33.98614985614425,93.98614985614425,706.4578857421875,138.5251922607422,138.5251922607422,2.98734075474281,82.35566844577824,0.998641073774044,16.996355056762695,0.45149049162864685,-4.8199999999999195,28.396634674072274,43.49698732378851,-1.4670413574910544,28.379569215774534,0.0,-60.0,1.0,1.0,0.9553941908713693,0,0.0
413,2026-05-15 15:41:32,103489,bad_angle,1049,1049,50.28232322835222,50.28232322835222,100.28232322835223,706.434814453125,98.26053619384766,98.26053619384766,2.8722851509568876,114.94384652317557,0.9987437129253804,9.812150955200195,26.420766830444336,-5.24499999999991,30.408713912963908,46.36048302294505,-1.641691479468424,30.399817771911643,0.0,-50.0,1.0,1.0,0.9208770257387988,14,0.15578946655427744
414,2026-05-15 15:41:37,103696,low_agl,207,207,-39.984858508051914,-39.984858508051914,20.015141491948086,706.5466918945312,580.121337890625,580.121337890625,5.765514223229973,31.117573462296466,0.9949413534264678,31.97597885131836,0.5415715575218201,-1.035,6.321267700195315,8.526002773479384,-0.10015095056816689,6.30302196884155,0.0,-60.0,1.0,1.0,0.9323671497584541,1,0.0016768532711670366
415,2026-05-15 15:41:58,104846,bad_angle,1150,1150,62.897706768312716,62.897706768312716,112.89770676831272,707.22021484375,68.1289291381836,70.2236099243164,0.858206012136109,110.16792553850335,0.9998878240580373,-10.416779518127441,41.07891845703125,-5.7499999999999,31.84983024597168,56.73722198212398,-1.7723259791029453,31.828741161387402,0.004239357932346253,-50.0,0.98,0.9782608695652174,0.9191304347826087,14,0.20405931572443595
416,2026-05-15 15:42:17,105907,bad_angle,1061,1061,59.14001932483868,59.14001932483868,109.14001932483868,707.1563110351562,77.9732666015625,77.9732666015625,0.9280950690446182,113.4319021881232,0.9998688101685753,8.99787712097168,42.70503234863281,-5.304999999999909,31.45915222167968,53.22148542225846,-1.689407249992376,31.453788930892962,0.0,-50.0,1.0,1.0,0.9849198868991518,0,0.0
417,2026-05-15 15:42:25,106244,low_agl,337,337,-22.597953842412345,-22.597953842412345,37.402046157587655,706.626708984375,496.210693359375,496.210693359375,2.1678984140240507,28.262105304293208,0.999284267428382,31.772768020629883,0.5260000228881836,-1.684999999999986,10.520800781250003,18.3678484382792,-0.30341850116582214,10.501815439224242,0.0,-60.0,1.0,1.0,0.9821958456973294,1,0.009857186137935736
418,2026-05-15 15:42:38,106842,low_agl,598,598,0.8878825177775909,0.8878825177775909,60.88788251777759,706.9566040039062,340.03314208984375,340.03314208984375,0.7472961730938255,64.27512635418981,0.999914944167563,28.52014923095703,0.5699841976165771,-2.9899999999999585,18.346173095703133,28.03498100004266,-0.835296339168145,18.332024761199968,0.0,-60.0,1.0,1.0,0.9648829431438127,0,0.0
419,2026-05-15 15:43:04,108006,bad_angle,1164,1164,61.922415507804075,61.922415507804075,111.92241550780408,706.443359375,52.3597526550293,52.787452697753906,1.712350729758705,114.8796290845991,0.9995534420141546,-3.8940799236297607,49.761810302734375,-5.819999999999898,32.682795333862266,54.103817317612965,-1.758649277257807,32.68032360596952,0.03412852761712493,-50.0,0.9939862542955327,0.993127147766323,0.947594501718213,0,0.0
420,2026-05-15 15:43:31,109206,timeout,1200,1200,50.182838495358574,50.182838495358574,105.18283849535857,706.9963989257812,63.45712661743164,68.22089385986328,1.1462005116028735,65.26764163305188,0.9997999072045358,-9.557095527648926,88.56552124023438,-5.999999999999894,31.938775253295894,48.964292465397605,-1.622427120545535,31.898487319309275,0.003710577901219254,-55.0,0.945,0.9391666666666667,0.9091666666666667,48,1.2710868088342133
421,2026-05-15 15:43:48,110406,timeout,1200,1200,55.65281993821687,55.65281993821687,110.65281993821688,706.4996948242188,53.599853515625,62.62849044799805,2.7449510014773977,93.57514891230545,0.9988526105184645,-17.586610794067383,54.36532974243164,-5.999999999999894,32.193560218811044,54.132526128131765,-1.8480524403369214,32.149980975195774,0.024805056415187435,-55.0,0.9516666666666667,0.9508333333333333,0.8958333333333334,56,1.9043768210797534
422,2026-05-15 15:44:03,111606,timeout,1200,1200,60.198836199586175,60.198836199586175,115.19883619958617,707.34619140625,61.77538299560547,70.55708312988281,2.0547136417404768,57.565312438109366,0.9993570446653849,-9.846017837524414,49.675445556640625,-5.999999999999894,31.839455413818282,59.224416747398955,-1.6859912682831908,31.801203287541885,0.01975201911022279,-55.0,0.9491666666666667,0.95,0.9241666666666667,38,0.6057790579420435
423,2026-05-15 15:44:16,112664,bad_angle,1058,1058,59.1559451263565,59.1559451263565,109.1559451263565,706.6842041015625,85.05756378173828,85.05756378173828,0.4374547799582463,118.47015024824809,0.9999708533287551,5.32160758972168,26.94550895690918,-5.289999999999909,31.08133201599115,54.08493359284561,-1.7997340509770146,31.079413568496737,0.0,-50.0,1.0,1.0,0.9659735349716446,1,0.007740438729235022
424,2026-05-15 15:44:30,113784,bad_angle,1120,1120,63.740193992172756,63.740193992172756,113.74019399217275,706.4257202148438,66.2046127319336,66.905029296875,1.9047480873329727,118.67558867810374,0.999447464948369,-6.547176361083984,38.777565002441406,-5.599999999999903,31.97603454589842,57.25452822795256,-1.8723326304523138,31.96071421614287,0.021249632631238403,-50.0,0.9919642857142857,0.9919642857142857,0.9589285714285715,4,0.04208525378406703
425,2026-05-15 15:44:45,114984,timeout,1200,1200,62.082342862250556,62.082342862250556,117.08234286225056,707.1437377929688,40.237422943115234,48.575286865234375,0.2719624713395843,65.24280706522971,0.9999887347228162,-15.979379653930664,62.30309295654297,-5.999999999999894,32.92842254638668,58.67098072289031,-1.696213394040035,32.88179336613415,0.2973596208796068,-55.0,0.9675,0.9691666666666666,0.9475,20,0.4408314232707064
426,2026-05-15 15:44:59,116109,bad_angle,1125,1125,66.01042451886065,66.01042451886065,116.01042451886065,707.34130859375,31.098031997680664,31.098031997680664,0.9561348098565189,111.27951833535542,0.9998607635568464,4.181567668914795,76.86465454101562,-5.624999999999902,33.8121638298035,55.67318962026436,-1.7203766244513212,33.80838559865955,0.06206209458450987,-50.0,1.0,1.0,0.9528888888888889,0,0.0
427,2026-05-15 15:45:13,117292,bad_angle,1183,1183,56.159648493016974,56.159648493016974,106.15964849301697,707.331787109375,24.779829025268555,25.74656867980957,1.2530453742327945,111.02906212868022,0.9997608661671225,-10.193511009216309,93.1837158203125,-5.914999999999896,34.07926092147828,45.56806955329031,-1.754424237276566,34.047025701284426,0.13471655424060164,-50.0,0.9923922231614539,0.9923922231614539,0.9399830938292477,1,0.007251310590080673
428,2026-05-15 15:45:17,117625,low_agl,333,333,-24.22816806405408,-24.22816806405408,35.77183193594592,707.3817138671875,501.8569641113281,501.8569641113281,1.6556397758017949,58.056498662081665,0.9995825290860272,32.59114074707031,0.4498388171195984,-1.6649999999999865,10.276237487792978,17.32541700062109,-0.43031468465504275,10.265492132186894,0.0,-60.0,1.0,1.0,1.0,0,0.0
429,2026-05-15 15:45:32,118825,timeout,1200,1200,62.93969467690325,62.93969467690325,117.93969467690326,707.0383911132812,67.1607894897461,74.01862335205078,2.0520447453222945,60.35852512937525,0.9993587136896114,-12.432914733886719,59.390586853027344,-5.999999999999894,31.650988388061574,62.26118504289908,-1.6060189245789724,31.614653156189227,0.018887014332376082,-55.0,0.9525,0.9533333333333334,0.9216666666666666,57,2.287630945293878
430,2026-05-15 15:45:47,120025,timeout,1200,1200,53.427680234950074,53.427680234950074,108.42768023495007,706.5318603515625,107.56000518798828,117.96148681640625,1.9497338476407924,62.341738856780154,0.9994210600859288,-11.927234649658203,14.149712562561035,-5.999999999999894,29.428518676757818,57.36211367731532,-1.7389317760578455,29.375979656934746,0.0,-55.0,0.9391666666666667,0.9425,0.9175,69,2.1109272930975655
431,2026-05-15 15:46:01,121225,timeout,1200,1200,60.75553564002208,60.75553564002208,115.75553564002209,707.02685546875,63.77177047729492,63.77177047729492,1.07919656928846,21.94875313368074,0.9998226165849686,3.338308811187744,51.056392669677734,-5.999999999999894,32.16275424957274,58.82605522982679,-1.4251761672610848,32.1416155977249,0.050286730158792134,-55.0,1.0,1.0,0.9566666666666667,5,0.0368692016311143
432,2026-05-15 15:46:09,121828,bad_angle,603,603,6.233396225137831,6.233396225137831,56.23339622513783,706.7501220703125,341.5064697265625,341.5064697265625,4.352036883460276,110.64717259180647,0.9971166254676864,23.447084426879883,52.169593811035156,-3.014999999999958,18.26218261718749,23.667088810408956,-0.9472972052509945,18.266422002792364,0.0,-50.0,1.0,1.0,0.9618573797678275,0,0.0
433,2026-05-15 15:46:23,123028,timeout,1200,1200,57.813572809037005,57.813572809037005,112.813572809037,707.380859375,41.73019027709961,62.35197830200195,0.5685510830099438,99.51534394289803,0.999950766562651,-21.326303482055664,67.35997009277344,-5.999999999999894,32.2514440536499,56.18264760761441,-1.9277852833144837,32.20051111305136,0.10675531803584391,-55.0,0.93,0.9316666666666666,0.905,65,1.1707682745862305
434,2026-05-15 15:46:38,124219,bad_angle,1191,1191,68.1143403559341,68.1143403559341,118.1143403559341,707.2999267578125,23.098751068115234,30.366863250732422,1.5760704198486735,110.1510618014426,0.9996216893296344,-22.27633285522461,85.11434173583984,-5.954999999999895,33.846653175353964,57.915036453444145,-1.7154582293490996,33.82141121300869,0.2016977434764062,-50.0,0.9689336691855583,0.9689336691855583,0.9588581024349286,25,0.3783123318811889
435,2026-05-15 15:46:52,125419,timeout,1200,1200,56.142874136923716,56.142874136923716,111.14287413692372,706.543701171875,54.439666748046875,54.439666748046875,2.5201814287233253,28.350964357847783,0.9990327954468129,-0.5595753788948059,81.33245849609375,-5.999999999999894,32.605201721191435,53.39139390053263,-1.473570484889143,32.570760771363936,0.04908822872464763,-55.0,0.9983333333333333,0.9991666666666666,0.9525,3,0.1710430883374205
436,2026-05-15 15:47:07,126619,timeout,1200,1200,59.66181063163434,59.66181063163434,114.66181063163434,706.56298828125,46.05931091308594,48.89390182495117,2.3937556944034473,77.89436646484432,0.999127387928691,-8.835102081298828,91.88114166259766,-5.999999999999894,32.88345432281491,56.46584961502435,-1.659076611746041,32.864293639332075,0.10728966620904645,-55.0,0.975,0.9716666666666667,0.9508333333333333,24,0.4716437008287515
437,2026-05-15 15:47:21,127819,timeout,1200,1200,62.19023950955235,62.19023950955235,117.19023950955236,706.8882446289062,22.788183212280273,38.755489349365234,2.6323982351354616,83.982728789102,0.9989447593183449,-22.152597427368164,83.87905883789062,-5.999999999999894,33.40663776397707,58.024753918956975,-1.7408788777480195,33.3558614878729,0.14386521649341236,-55.0,0.9541666666666667,0.9541666666666667,0.95,52,1.3358322090545778
438,2026-05-15 15:47:35,128974,bad_angle,1155,1155,68.39186432727786,68.39186432727786,118.39186432727786,706.865234375,37.30358123779297,41.03936004638672,3.136438661682311,114.1364157104425,0.9985020756399968,-14.76590347290039,74.08122253417969,-5.774999999999899,33.29129371643069,59.15850569396951,-1.753390201237717,33.27521293270591,0.19524218540954213,-50.0,0.9800865800865801,0.9809523809523809,0.9411255411255411,3,0.013784541494173921
439,2026-05-15 15:47:50,130174,timeout,1200,1200,56.59958852103026,56.59958852103026,111.59958852103026,707.34765625,68.44615936279297,78.10721588134766,1.3789916079285967,60.37809362134734,0.9997103810187736,-11.866666793823242,39.75190353393555,-5.999999999999894,31.462022018432613,56.41789739792488,-1.710564471853122,31.417590805362902,0.012642771162914878,-55.0,0.955,0.9525,0.9358333333333333,30,0.7007403489594712
440,2026-05-15 15:48:05,131374,timeout,1200,1200,65.51876953871384,65.51876953871384,120.51876953871384,706.6065063476562,25.368465423583984,41.79541015625,0.7088640860163389,86.20324377884064,0.9999234676326618,-23.156030654907227,81.9551773071289,-5.999999999999894,33.24055480957032,61.502061294099136,-1.79307446216664,33.1985032626688,0.3707246345422718,-55.0,0.9508333333333333,0.9508333333333333,0.94,33,1.1434678836361232
441,2026-05-15 15:48:19,132574,timeout,1200,1200,56.25411517340341,56.25411517340341,111.25411517340342,707.0162963867188,43.561737060546875,55.50410461425781,5.596431182779015,62.380670935049224,0.9952334762569037,-16.720739364624023,74.01829528808594,-5.999999999999894,32.575609588623,53.63501503171646,-1.6352339086939225,32.52127949219936,0.1574449695583319,-55.0,0.9458333333333333,0.945,0.9016666666666666,48,0.9800073961159474
442,2026-05-15 15:48:34,133774,timeout,1200,1200,60.405650313803434,60.405650313803434,115.40565031380343,707.3411865234375,29.980846405029297,39.291046142578125,1.0177950896407495,85.80847250519226,0.999842226513865,-21.381059646606445,77.7297134399414,-5.999999999999894,33.40250701904296,56.015913738388456,-1.8001524688358106,33.362988252162936,0.42439377304493814,-55.0,0.9583333333333334,0.9558333333333333,0.9233333333333333,34,1.1651606050068741
443,2026-05-15 15:48:49,134974,timeout,1200,1200,63.75808904317065,63.75808904317065,118.75808904317066,706.579833984375,46.59093475341797,53.16820526123047,0.45370305294176616,47.693643445784524,0.9999686479550299,-11.758637428283691,68.38154602050781,-5.999999999999894,32.67058143615725,61.041981889795515,-1.6006037621811462,32.62300040416794,0.0231290752311315,-55.0,0.9641666666666666,0.9633333333333334,0.9608333333333333,45,2.3833693705229178
444,2026-05-15 15:49:03,136174,timeout,1200,1200,64.70863894620877,64.70863894620877,119.70863894620877,706.464111328125,28.70244598388672,43.00040054321289,0.6510198542657356,82.23858534302587,0.9999354481736613,-20.461042404174805,78.31201171875,-5.999999999999894,33.173185539245594,60.663523942437514,-1.7062305920904215,33.136471077024936,0.4416889795910421,-55.0,0.9583333333333334,0.9566666666666667,0.9141666666666667,19,0.232250176542729
445,2026-05-15 15:49:18,137374,timeout,1200,1200,63.70100868838272,63.70100868838272,118.70100868838273,706.4169921875,25.603496551513672,42.39023208618164,1.7635851526617343,69.22437704942944,0.9995263218865273,-19.397300720214844,80.00940704345703,-5.999999999999894,33.2013380050659,59.68168298413435,-1.6079770505146274,33.153677935369316,0.2722868143278548,-55.0,0.9525,0.9533333333333334,0.9275,46,0.9710070727361204
446,2026-05-15 15:49:33,138574,timeout,1200,1200,63.911470767388195,63.911470767388195,118.9114707673882,707.1401977539062,39.45026779174805,46.09206008911133,0.7947543551594839,47.81306588832761,0.9999037981089656,-9.581478118896484,77.54752349853516,-5.999999999999894,33.052406883239776,60.187685724850795,-1.6170423178349742,33.006389213923406,0.2820312632091679,-55.0,0.9558333333333333,0.955,0.9516666666666667,58,3.1532096826725917
447,2026-05-15 15:49:47,139774,timeout,1200,1200,56.77224544363092,56.77224544363092,111.77224544363092,706.9934692382812,53.521636962890625,61.42628479003906,1.2745679406377395,72.92023339045835,0.9997525811347334,-13.795584678649902,92.82496643066406,-5.999999999999894,32.27835922241206,54.91651486396236,-1.6729407965409377,32.24346983678635,0.006842317011034253,-55.0,0.96,0.9591666666666666,0.9341666666666667,44,1.067950447380244
448,2026-05-15 15:50:02,140974,timeout,1200,1200,58.799952100932366,58.799952100932366,113.79995210093236,706.4200439453125,27.19594955444336,41.12725067138672,0.4652018364920413,73.593464646379,0.9999670386345216,-19.023107528686523,93.74150085449219,-5.999999999999894,33.26463966369635,54.841963133302755,-1.6471676904105483,33.21967862766978,0.12083836667412409,-55.0,0.9525,0.9516666666666667,0.9275,47,0.8050795634051932
449,2026-05-15 15:50:17,142174,timeout,1200,1200,62.746932886214,62.746932886214,117.746932886214,707.2276000976562,27.99620819091797,29.86704444885254,1.4090327008890169,28.022182956865464,0.9996976256161422,-7.243221282958984,80.3720703125,-5.999999999999894,33.8680277824402,57.27857365967355,-1.4874883975728865,33.83617696562687,0.251642876046184,-55.0,0.98,0.9791666666666666,0.9491666666666667,31,1.997765281093891
450,2026-05-15 15:50:31,143374,timeout,1200,1200,59.15833393279651,59.15833393279651,114.15833393279651,707.3446044921875,38.882484436035156,49.60986328125,3.0730696606668135,60.45297298521819,0.9985619783168509,-14.556746482849121,67.53831481933594,-5.999999999999894,32.88673706054686,56.014807292799595,-1.6697465129671554,32.83055566282476,0.09598042959250459,-55.0,0.9558333333333333,0.95,0.925,59,2.0160627321828377
451,2026-05-15 15:50:45,144490,bad_angle,1116,1116,59.50816799085814,59.50816799085814,109.50816799085814,706.6900634765625,39.81135177612305,39.81135177612305,3.0028311968935757,116.05276871606215,0.9986269474217538,5.586666107177734,81.45585632324219,-5.579999999999903,33.34393558502194,50.11963004060323,-1.7101818119656267,33.332523652553554,0.002260524645083916,-50.0,1.0,1.0,0.9838709677419355,0,0.0
452,2026-05-15 15:51:00,145690,timeout,1200,1200,65.36414024300406,65.36414024300406,120.36414024300406,707.3829956054688,28.08238410949707,53.42884063720703,0.47271237653641074,95.34672239808833,0.9999659657470515,-26.04308319091797,81.81107330322266,-5.999999999999894,32.69770774841303,62.46603134888729,-1.8828354501151923,32.64846676618886,0.43476982963008826,-55.0,0.9316666666666666,0.9316666666666666,0.9233333333333333,51,1.9653690734474842
453,2026-05-15 15:51:14,146890,timeout,1200,1200,57.04469630023793,57.04469630023793,112.04469630023793,706.9605102539062,19.077617645263672,21.47520637512207,3.077652931043304,69.38246860795854,0.9985576867310296,-12.102477073669434,89.66783905029297,-5.999999999999894,34.274265193939215,50.63452393774382,-1.5569757638459205,34.23564658826583,0.45723634413491904,-55.0,0.9866666666666667,0.9858333333333333,0.9391666666666667,17,0.45823475771908373
454,2026-05-15 15:51:29,148090,timeout,1200,1200,61.99834053117482,61.99834053117482,116.99834053117482,706.6837768554688,45.26948165893555,51.522987365722656,1.7401259074619735,54.89355758575923,0.9995388388615297,-15.05019474029541,61.05892562866211,-5.999999999999894,32.75803947448728,58.96608098720912,-1.6027113918597078,32.72385766172413,0.15307379961395615,-55.0,0.9658333333333333,0.9658333333333333,0.9241666666666667,41,2.2918363106927417
455,2026-05-15 15:51:44,149290,timeout,1200,1200,64.74296467243822,64.74296467243822,119.74296467243822,706.5952758789062,35.329105377197266,49.501739501953125,1.8990886352753824,72.11142970970212,0.999450743192037,-17.521770477294922,76.07780456542969,-5.999999999999894,32.85467681884765,61.45054555057015,-1.665485197817881,32.81248048812151,0.290747012716483,-55.0,0.9525,0.9516666666666667,0.9408333333333333,56,1.4787868828336013
456,2026-05-15 15:51:46,149454,low_agl,164,164,-48.92911490005976,-48.92911490005976,11.070885099940242,706.9547729492188,614.572265625,614.572265625,2.616811316562669,15.962652401676502,0.99895721670715,33.75090789794922,0.5843899846076965,-0.8200000000000006,4.619125366210936,2.5990579238715497,0.06588678834285479,4.606815021514895,0.0,-60.0,1.0,1.0,0.5548780487804879,0,0.0
457,2026-05-15 15:52:00,150654,timeout,1200,1200,58.691720637242,58.691720637242,113.691720637242,706.77880859375,43.82273864746094,46.907135009765625,1.8798230195043037,70.88672898019465,0.9994618297224418,-8.910783767700195,99.74767303466797,-5.999999999999894,32.99358367919921,55.35955149787033,-1.6609938955383585,32.95709913819381,0.042480217517032216,-55.0,0.9733333333333334,0.9725,0.97,33,1.058346693242954
458,2026-05-15 15:52:14,151806,bad_angle,1152,1152,51.86133706139387,51.86133706139387,101.86133706139387,707.2737426757812,55.146541595458984,56.71949768066406,2.6513654570171754,110.32079883250658,0.9989295006038835,-8.671487808227539,87.2045669555664,-5.759999999999899,32.52771224975586,44.265414513744695,-1.6672850921494504,32.49549539004266,0.0,-50.0,0.9835069444444444,0.9817708333333334,0.9001736111111112,0,0.0
459,2026-05-15 15:52:29,152993,bad_angle,1187,1187,65.21642805878207,65.21642805878207,115.21642805878207,706.94189453125,43.69307327270508,55.337066650390625,0.36045200098788943,110.07238485239321,0.9999802112578916,-20.560245513916016,77.49089050292969,-5.934999999999896,32.58024139404298,57.85019107501446,-1.8257879886644235,32.54507998478409,0.0017035936048896492,-50.0,0.9561920808761584,0.9545071609098568,0.9106992417860151,31,0.3564812133230638
460,2026-05-15 15:52:43,154193,timeout,1200,1200,58.47825759961009,58.47825759961009,113.47825759961009,707.3948974609375,20.879331588745117,37.558128356933594,1.7300876638161702,63.183341105930786,0.9995441437015702,-18.26043128967285,100.94096374511719,-5.999999999999894,33.49183845520018,54.03627744572443,-1.7214437951185424,33.43884952238197,0.23273597142186941,-55.0,0.9516666666666667,0.95,0.9425,18,0.3316795282732982
461,2026-05-15 15:52:58,155393,timeout,1200,1200,64.71271351962083,64.71271351962083,119.71271351962083,706.8629150390625,38.396968841552734,45.01732635498047,0.34661513162692786,56.565553743632506,0.9999817013752478,-13.357419967651367,80.48934173583984,-5.999999999999894,33.09227943420411,60.89271278995933,-1.6090524958293004,33.058292147189455,0.2784816440972736,-55.0,0.965,0.9641666666666666,0.9375,43,2.326087488945149
462,2026-05-15 15:53:12,156593,timeout,1200,1200,70.1756589388329,70.1756589388329,125.1756589388329,707.3688354492188,43.48296356201172,46.631317138671875,1.1902543779758095,17.702544054994284,0.9997842311751997,-8.990954399108887,72.72354888916016,-5.999999999999894,33.036875915527375,66.33540640589507,-1.4511058237685088,33.00126279196141,0.2532196492175228,-55.0,0.9758333333333333,0.9758333333333333,0.97,29,1.968860120896736
463,2026-05-15 15:53:25,157669,bad_angle,1076,1076,47.16860772463604,47.16860772463604,97.16860772463605,707.16748046875,55.924312591552734,55.924312591552734,3.3394715842896407,111.26303708888818,0.9983019233303808,14.493409156799316,119.81220245361328,-5.3799999999999075,32.56215839385986,39.04004765799061,-1.609299968297184,32.55570164108275,0.0,-50.0,1.0,1.0,0.9340148698884758,0,0.0
464,2026-05-15 15:53:40,158869,timeout,1200,1200,65.23415682896425,65.23415682896425,120.23415682896425,707.1344604492188,10.845425605773926,37.519554138183594,1.1324603054269236,80.80830274969018,0.9998046755646971,-20.233333587646484,103.03641510009766,-5.999999999999894,33.480745315551744,60.44185079958125,-1.6923389392995776,33.42934332680703,0.5745563263237076,-55.0,0.94,0.94,0.9358333333333333,65,1.0808502505470279
465,2026-05-15 15:53:55,160069,timeout,1200,1200,62.2551765374499,62.2551765374499,117.2551765374499,706.7111206054688,32.980281829833984,44.16050720214844,3.4610790470368977,40.79007072332915,0.9981760383238748,-15.238088607788086,76.53170776367188,-5.999999999999894,33.12753067016598,58.31535141405702,-1.5640386718483255,33.07996727055315,0.29636585452222,-55.0,0.9441666666666667,0.945,0.9091666666666667,67,3.995879681480175
466,2026-05-15 15:54:09,161269,timeout,1200,1200,53.54924551083116,53.54924551083116,108.54924551083116,707.295166015625,49.50246047973633,51.43096923828125,1.2639299210054447,73.2279402427566,0.9997566938326107,-7.116995811462402,99.2477035522461,-5.999999999999894,32.79320983886715,50.635192525710366,-1.6491026967828526,32.76113462655621,0.008811216480216372,-55.0,0.9791666666666666,0.98,0.9358333333333333,27,1.3176342492607354
467,2026-05-15 15:54:23,162414,bad_angle,1145,1145,66.4568129617081,66.4568129617081,116.4568129617081,707.2022094726562,9.365498542785645,9.966233253479004,4.194419596191653,112.49109144127813,0.9973216056323639,-10.752037048339844,96.61434173583984,-5.7249999999999,34.86179881095883,53.9188723576009,-1.807580690499817,34.837307698130594,0.37141478551755597,-50.0,0.9965065502183406,0.9965065502183406,0.9720524017467249,0,0.0
468,2026-05-15 15:54:37,163518,bad_angle,1104,1104,52.8925229745118,52.8925229745118,102.89252297451179,706.6212158203125,26.667768478393555,26.667768478393555,3.1454139571385307,110.31142781296532,0.9984934925494879,19.666513442993164,109.0118637084961,-5.5199999999999045,33.99767236709594,42.00802711436765,-1.5913775865462623,33.99633542633055,0.0018656532638466237,-50.0,1.0,1.0,0.9003623188405797,0,0.0
469,2026-05-15 15:54:51,164664,bad_angle,1146,1146,47.62197732089463,47.62197732089463,97.62197732089463,706.4156494140625,46.85036849975586,46.85036849975586,5.21654075689796,111.74122546286995,0.9958581923365069,3.167180061340332,120.10838317871094,-5.7299999999999,32.97826404571533,39.07733819374955,-1.6649055732906832,32.959040658712446,0.0022399960080062434,-50.0,1.0,1.0,0.9013961605584643,0,0.0
470,2026-05-15 15:55:06,165864,timeout,1200,1200,56.69445814604735,56.69445814604735,111.69445814604735,707.0208129882812,22.62066078186035,38.2253303527832,3.2536549531234846,81.51076038506932,0.9983880520382955,-21.522687911987305,102.4941177368164,-5.999999999999894,33.43977413177494,52.50850226964574,-1.7084751153384994,33.38489007923006,0.06976678073508019,-55.0,0.9566666666666667,0.955,0.9508333333333333,23,0.2648630355178382
471,2026-05-15 15:55:20,167064,timeout,1200,1200,52.105691645415675,52.105691645415675,107.10569164541567,706.4773559570312,32.67366409301758,39.664344787597656,1.7209009526607975,43.55227777085776,0.9995489716506224,-10.756205558776855,93.9127426147461,-5.999999999999894,33.340650558471715,47.785389512330774,-1.4871505784909405,33.29118037293853,0.17562178016574512,-55.0,0.9616666666666667,0.9625,0.9091666666666667,40,1.5780592107087865
472,2026-05-15 15:55:33,168176,bad_angle,1112,1112,68.80767979357397,68.80767979357397,118.80767979357397,707.3941650390625,31.314245223999023,31.441423416137695,1.3545080477967455,110.89057321306905,0.9997205734347481,-2.0334436893463135,79.16507720947266,-5.559999999999904,33.79763708114625,58.38599048570971,-1.7250715597896202,33.78219122147561,0.12693256503211783,-50.0,0.9973021582733813,0.9982014388489209,0.9910071942446043,0,0.0
473,2026-05-15 15:55:47,169255,bad_angle,1079,1079,55.39739172384538,55.39739172384538,105.39739172384537,706.9254760742188,67.21849060058594,67.21849060058594,3.281395979880903,116.2949672240308,0.998360455106053,6.027787208557129,83.17617797851562,-5.394999999999907,31.985349273681656,48.4602425651015,-1.622892189713606,31.969692074775672,0.0,-50.0,1.0,1.0,0.9851714550509731,0,0.0
474,2026-05-15 15:56:01,170411,bad_angle,1156,1156,43.62334999642088,43.62334999642088,93.62334999642087,706.8490600585938,40.550567626953125,40.5841178894043,2.1822953855773797,114.80119119217068,0.9992747306833809,0.046704985201358795,121.37569427490234,-5.779999999999899,33.313247108459464,34.53740556421352,-1.7272899461082158,33.27998726985598,0.0,-50.0,0.9982698961937716,1.0,0.8806228373702422,1,0.004729996245185941
475,2026-05-15 15:56:16,171611,timeout,1200,1200,58.95033215324563,58.95033215324563,113.95033215324563,706.6827392578125,7.888539791107178,25.011661529541016,3.9747338186141863,82.12661805196186,0.9975947143389425,-21.762372970581055,101.37357330322266,-5.999999999999894,34.083553886413625,53.34297840653896,-1.7248362964583017,34.04038077706102,0.208255379690304,-55.0,0.9625,0.9625,0.9591666666666666,23,0.23346037986960697
476,2026-05-15 15:56:29,172741,success,1130,1130,236.29405997225587,236.29405997225587,116.29405997225587,706.4156494140625,9.690476417541504,9.690476417541504,3.794056958933955,22.881453030886412,0.9978083372267099,23.146697998046875,93.69834899902344,-5.649999999999902,34.83625864982609,53.37274592038435,-1.320889295132327,34.82100614166251,0.23493855551524265,120.0,1.0,1.0,0.9752212389380531,0,0.0
477,2026-05-15 15:56:44,173941,timeout,1200,1200,54.17490929386248,54.17490929386248,109.17490929386247,707.36669921875,53.1072883605957,62.29664993286133,3.477614294687264,77.00722734449722,0.9981585741633634,-14.793213844299316,104.92630767822266,-5.999999999999894,32.253502464294456,52.36041530564507,-1.679289673379197,32.21301682366427,0.02726437363806342,-55.0,0.9483333333333334,0.9491666666666667,0.9316666666666666,46,0.4504104572634313
478,2026-05-15 15:56:59,175141,timeout,1200,1200,58.61786009561114,58.61786009561114,113.61786009561115,707.224853515625,17.060195922851562,26.934741973876953,2.375534243801734,67.16345625983729,0.9991406202495031,-18.261701583862305,99.88563537597656,-5.999999999999894,34.01450557708733,52.908888194382236,-1.6646298385672271,33.9655390964746,0.39355706623419534,-55.0,0.9683333333333334,0.9683333333333334,0.9475,32,0.501539030791882
479,2026-05-15 15:57:13,176341,timeout,1200,1200,63.178510644663476,63.178510644663476,118.17851064466348,707.2279052734375,30.497854232788086,41.979251861572266,1.868021733278991,78.08962791283665,0.9994685650426215,-19.315828323364258,82.92869567871094,-5.999999999999894,33.26243267059323,59.05754890954678,-1.7070379523967918,33.21028079158066,0.35528622533970916,-55.0,0.9583333333333334,0.9566666666666667,0.9508333333333333,52,1.9734360660364139
480,2026-05-15 15:57:27,177491,bad_angle,1150,1150,54.21651550336464,54.21651550336464,104.21651550336463,706.4776000976562,9.676198959350586,9.676198959350586,2.9555208243904247,111.66079315520388,0.9986698626611763,7.289799690246582,108.09843444824219,-5.7499999999999,34.840070056915245,42.045768618786745,-1.7367636782743368,34.812173471450784,0.005267034486117993,-50.0,1.0,1.0,0.9521739130434783,0,0.0
481,2026-05-15 15:57:41,178613,bad_angle,1122,1122,60.25573887487534,60.25573887487534,110.25573887487533,706.7765502929688,29.628761291503906,29.640348434448242,4.196660325126241,113.37570339163234,0.9973187444619065,-0.46161317825317383,111.56851196289062,-5.609999999999903,33.85681009292601,49.932779895316095,-1.7683071979146467,33.84137160539625,0.003084479151725201,-50.0,0.9991087344028521,0.9991087344028521,0.9447415329768271,0,0.0
482,2026-05-15 15:57:55,179813,timeout,1200,1200,59.00025640631592,59.00025640631592,114.00025640631591,707.3855590820312,31.27364730834961,50.131629943847656,1.0321138341837408,47.661046367970634,0.9998377561684442,-17.224294662475586,91.61741638183594,-5.999999999999894,32.86269645690923,55.733113935223855,-1.5518109283480825,32.797154203861986,0.1591027386688763,-55.0,0.9391666666666667,0.9375,0.9175,74,1.7957778566111602
483,2026-05-15 15:58:10,181013,timeout,1200,1200,56.43060509485492,56.43060509485492,111.43060509485491,706.4801025390625,18.0738525390625,30.67301368713379,0.9489448618163169,99.41184608640482,0.9998628496976998,-20.40214729309082,110.9901123046875,-5.999999999999894,33.79035444259631,51.71793683608106,-1.8558348713357444,33.76304205599432,0.015106631519145047,-55.0,0.9625,0.9616666666666667,0.9283333333333333,32,0.7338322477919301
484,2026-05-15 15:58:26,182213,timeout,1200,1200,60.3132512306408,60.3132512306408,115.3132512306408,706.9847412109375,15.729944229125977,37.6275520324707,2.0611805502240097,106.83654175196466,0.999352991519164,-27.750877380371094,101.09989166259766,-5.999999999999894,33.467859458923286,56.141805107372775,-1.7492619659611424,33.42972802379722,0.023120606508494238,-55.0,0.9508333333333333,0.9491666666666667,0.9241666666666667,9,0.10822379302207474
485,2026-05-15 15:58:41,183413,timeout,1200,1200,58.98920007047258,58.98920007047258,113.98920007047258,706.4808959960938,20.218978881835938,36.65739440917969,2.534663564197868,57.98277360018054,0.9990216493109662,-16.363994598388672,103.55572509765625,-5.999999999999894,33.49117507934569,54.542036121160756,-1.6425297680352915,33.42935116803652,0.16916746996502358,-55.0,0.9475,0.9466666666666667,0.9341666666666667,50,1.2385954070479126
486,2026-05-15 15:58:57,184613,timeout,1200,1200,61.00564443434273,61.00564443434273,116.00564443434273,707.0543823242188,25.03608512878418,49.496707916259766,1.3129861538934744,68.45962125863062,0.9997374415339063,-20.312692642211914,97.20003509521484,-5.999999999999894,32.877883720397904,57.88035790851176,-1.7199468261333288,32.81534897084535,0.15200066072104332,-55.0,0.9316666666666666,0.9325,0.9175,71,1.5042152122345498
487,2026-05-15 15:59:13,185726,success,1113,1113,237.69471307940387,237.69471307940387,117.69471307940387,706.4247436523438,8.235860824584961,8.235860824584961,0.8749159098579865,21.60327362772503,0.9998834133217971,30.482046127319336,96.17703247070312,-5.564999999999904,34.90944414138788,54.44953972392197,-1.4344678510702076,34.894321071624724,0.44087599353928325,120.0,1.0,1.0,0.9757412398921833,0,0.0
488,2026-05-15 15:59:26,186857,bad_angle,1131,1131,49.34950135947657,49.34950135947657,99.34950135947656,706.4393310546875,65.23890686035156,65.23890686035156,2.94124594246851,110.83125985031666,0.9986826776881881,3.7103562355041504,110.64521026611328,-5.654999999999902,32.0600212097168,42.63956611207758,-1.738707590319524,32.043601490259164,2.013774246261582e-05,-50.0,1.0,1.0,0.9584438549955792,0,0.0
489,2026-05-15 15:59:41,188021,bad_angle,1164,1164,51.985223976200096,51.985223976200096,101.9852239762001,707.3826904296875,20.813282012939453,23.097410202026367,4.730729891802463,114.29391304251384,0.9965932967559811,-14.363729476928711,113.2606201171875,-5.819999999999898,34.21426401138308,41.2426587403153,-1.8311855047465937,34.17174431458112,0.0077424146671579794,-50.0,0.9871134020618557,0.9862542955326461,0.9269759450171822,0,0.0
490,2026-05-15 15:59:55,189221,timeout,1200,1200,56.370076076190664,56.370076076190664,111.37007607619066,706.9390869140625,48.30124282836914,51.40644454956055,2.789725879694593,56.38385363623724,0.9988148808885103,-8.6016845703125,98.14071655273438,-5.999999999999894,32.77663211822514,53.405546379244456,-1.591368796893216,32.742950233537684,0.036316142076590986,-55.0,0.9708333333333333,0.9725,0.9508333333333333,37,1.8692928322474485
491,2026-05-15 16:00:09,190356,bad_angle,1135,1135,44.77495902406254,44.77495902406254,94.77495902406254,706.52294921875,59.169288635253906,59.169288635253906,6.910974086194723,112.0273625777693,0.9927343134381511,2.0700509548187256,122.45266723632812,-5.674999999999901,32.36768302917482,37.39066261647263,-1.6579461775922222,32.3495595560074,0.0,-50.0,1.0,1.0,0.9400881057268723,0,0.0
492,2026-05-15 16:00:23,191495,bad_angle,1139,1139,45.45681602830559,45.45681602830559,95.45681602830558,706.5968017578125,28.09304428100586,28.09304428100586,2.1636511035773607,110.50427137399147,0.9992870688508118,11.999419212341309,123.0028076171875,-5.694999999999901,33.92518787384038,34.986444867532704,-1.6629458302410383,33.902461479186975,0.0006676379865809599,-50.0,1.0,1.0,0.9122036874451273,0,0.0
493,2026-05-15 16:00:38,192695,timeout,1200,1200,64.05292392808607,64.05292392808607,119.05292392808607,706.5443725585938,27.686111450195312,40.14686584472656,0.8079403555173109,60.92164007549695,0.9999005794536823,-17.605419158935547,84.84710693359375,-5.999999999999894,33.319875335693325,59.81240700140097,-1.6382362787029707,33.26361866730445,0.2952592023904164,-55.0,0.9466666666666667,0.9466666666666667,0.9416666666666667,65,2.9539326089117144
494,2026-05-15 16:00:52,193895,timeout,1200,1200,49.782089278912466,49.782089278912466,104.78208927891247,707.3900146484375,25.3840389251709,31.022409439086914,3.7730968159184783,54.19640359227062,0.9978324771481087,-8.875938415527344,113.92415618896484,-5.999999999999894,33.81838026046756,44.79804188235332,-1.6066281703025813,33.77188709647949,0.0004082099147348581,-55.0,0.9583333333333334,0.9558333333333333,0.9058333333333334,30,1.4474297895926496
495,2026-05-15 16:01:07,195095,timeout,1200,1200,66.07650375022698,66.07650375022698,121.07650375022698,706.845458984375,26.45917320251465,42.23522186279297,0.4630939760811519,67.56563828873516,0.9999673366564551,-20.86300277709961,87.75443267822266,-5.999999999999894,33.23051185607914,61.881710002318485,-1.7226728311038526,33.19320031732323,0.49375440560992123,-55.0,0.9458333333333333,0.945,0.925,63,2.943887112760973
496,2026-05-15 16:01:22,196295,timeout,1200,1200,59.6289651311038,59.6289651311038,114.6289651311038,707.0420532226562,36.74794387817383,44.671749114990234,1.2078796811290273,78.81559505933896,0.9997777938849871,-17.453502655029297,95.74580383300781,-5.999999999999894,33.11851520538332,55.96586460574496,-1.666918440237675,33.07205151422158,0.1394522459915297,-55.0,0.9583333333333334,0.9575,0.9516666666666667,46,1.658073960673746
497,2026-05-15 16:01:36,197495,timeout,1200,1200,61.51741416198638,61.51741416198638,116.51741416198638,707.1582641601562,19.443241119384766,28.03009796142578,0.6801253713924227,64.8175185063697,0.9999295473080196,-15.716604232788086,99.36604309082031,-5.999999999999894,33.95640830993646,55.936822541784636,-1.6168300531346373,33.92379228690268,0.31722107649707787,-55.0,0.9633333333333334,0.9625,0.9275,45,1.8933150961324887
498,2026-05-15 16:01:51,198695,timeout,1200,1200,58.546054053233426,58.546054053233426,113.54605405323343,706.7404174804688,45.15386199951172,49.122314453125,0.9534706091933908,46.48935473661163,0.9998615384025136,-8.533859252929688,95.87842559814453,-5.999999999999894,32.88090515136717,55.319805875119286,-1.54274220629604,32.84003938497605,0.04804584806711017,-55.0,0.9633333333333334,0.9608333333333333,0.9558333333333333,48,3.004613692114161
499,2026-05-15 16:02:06,199895,timeout,1200,1200,63.27682238887055,63.27682238887055,118.27682238887056,707.1189575195312,46.04621124267578,57.22727966308594,1.1501203998562262,69.60533768057606,0.9997985363166466,-14.564549446105957,81.57369232177734,-5.999999999999894,32.494583892822305,60.973950963740876,-1.7531397533553374,32.4404421014943,0.12098518416833345,-55.0,0.9416666666666667,0.94,0.9358333333333333,72,3.231725022829685
500,2026-05-15 16:02:20,201050,bad_angle,1155,1155,62.32491159065034,62.32491159065034,112.32491159065034,707.3341064453125,13.370857238769531,14.70733642578125,1.1805145282193714,113.29600874439663,0.9997877478745164,-13.557843208312988,106.51866912841797,-5.774999999999899,34.63133850097655,50.563263912972765,-1.7665566196966596,34.596631782636045,0.07523401376157378,-50.0,0.9913419913419913,0.9913419913419913,0.9549783549783549,0,0.0
501,2026-05-15 16:02:34,202200,bad_angle,1150,1150,58.68106876295447,58.68106876295447,108.68106876295447,707.3552856445312,17.195600509643555,18.46613883972168,1.5275186604638726,112.14063443496478,0.9996446371170115,-11.262136459350586,100.1048583984375,-5.7499999999999,34.44445734024041,47.20556437869999,-1.6910296206504414,34.41317633058139,0.05890033408314838,-50.0,0.9904347826086957,0.991304347826087,0.9504347826086956,0,0.0
502,2026-05-15 16:02:48,203400,timeout,1200,1200,64.21774840899917,64.21774840899917,119.21774840899917,707.2615966796875,24.777938842773438,35.62936782836914,2.1678984140240507,44.980316647051104,0.999284267428382,-14.31730842590332,91.7252197265625,-5.999999999999894,33.58161144256594,59.221441297468964,-1.5557402445369934,33.535383334275394,0.4350525792257834,-55.0,0.9541666666666667,0.9533333333333334,0.9233333333333333,56,3.4551674802461294
503,2026-05-15 16:03:03,204600,timeout,1200,1200,62.728444759120066,62.728444759120066,117.72844475912007,707.0634765625,28.247455596923828,50.28761672973633,1.1490991798536034,19.654854591499465,0.9997988939148771,-15.450251579284668,84.99335479736328,-5.999999999999894,32.83879299163819,59.26859319501173,-1.4634456248597187,32.765569976055815,0.31893422127417326,-55.0,0.9375,0.9366666666666666,0.935,72,1.9732168990407548
504,2026-05-15 16:03:16,205670,bad_angle,1070,1070,38.95812515208472,38.95812515208472,88.95812515208472,706.45947265625,67.06648254394531,67.06648254394531,1.5257240282594517,111.48199929330045,0.9996454715858707,18.20026206970215,138.57479858398438,-5.349999999999908,31.96964950561526,31.913162175143956,-1.5333138899720364,31.958627361297612,0.0,-50.0,1.0,1.0,0.891588785046729,0,0.0
505,2026-05-15 16:03:30,206813,bad_angle,1143,1143,66.45676913672384,66.45676913672384,116.45676913672384,706.4155883789062,5.759535789489746,8.598776817321777,1.6309887693135727,110.87909166507426,0.9995948672480957,-22.11264991760254,98.73806762695312,-5.7149999999999,34.890840578079164,54.02512545663109,-1.7275560781193071,34.85336315196757,0.12999602816519745,-50.0,0.9903762029746281,0.989501312335958,0.979002624671916,0,0.0
506,2026-05-15 16:03:45,208013,timeout,1200,1200,50.03238726420173,50.03238726420173,105.03238726420173,707.3938598632812,46.483062744140625,53.13477325439453,2.8330341882309398,64.86916156668416,0.9987778067372534,-12.301942825317383,96.08210754394531,-5.999999999999894,32.71295433044441,47.229965711358226,-1.6283781857021276,32.66549663565304,0.05234877244807229,-55.0,0.955,0.9508333333333333,0.9233333333333333,59,2.5904176227863425
507,2026-05-15 16:03:59,209213,timeout,1200,1200,58.19704241236911,58.19704241236911,113.19704241236911,707.1725463867188,13.339774131774902,25.260799407958984,2.312914856047646,75.43233598605403,0.9991853237535386,-23.062118530273438,94.30747985839844,-5.999999999999894,34.095587348938004,52.284466527418104,-1.5835658701241968,34.04901893232761,0.3515354738094836,-55.0,0.97,0.9691666666666666,0.93,26,0.4508968566173146
508,2026-05-15 16:04:13,210324,bad_angle,1111,1111,49.33364213532868,49.33364213532868,99.33364213532869,706.41552734375,31.529695510864258,31.529695510864258,1.796131430943668,113.46933162477487,0.9995086789188696,5.171908378601074,118.65718841552734,-5.554999999999904,33.744291591644284,39.06550997786767,-1.650821543556121,33.72401461648938,0.005647492883613903,-50.0,1.0,1.0,0.900990099009901,0,0.0
509,2026-05-15 16:04:27,211524,timeout,1200,1200,48.71095311206196,48.71095311206196,103.71095311206196,706.5465698242188,38.15303039550781,56.008323669433594,3.043110743419845,98.10722531341904,0.9985898732236975,-23.38072967529297,110.50594329833984,-5.999999999999894,32.52691230773929,46.379297914890635,-1.6880153822505626,32.47508292370847,0.01767534797419278,-55.0,0.94,0.94,0.8983333333333333,25,0.2117633554360763
510,2026-05-15 16:04:42,212724,timeout,1200,1200,42.453682788888756,42.453682788888756,97.45368278888876,706.9163818359375,47.50324630737305,53.510433197021484,4.224706789405606,99.32724736334505,0.997282803105817,-15.07602310180664,128.7444610595703,-5.999999999999894,32.67029743194578,39.95341500038425,-1.8221377576318667,32.63461199878151,0.017496115409076956,-55.0,0.9666666666666667,0.9625,0.885,12,0.19147921773666882
511,2026-05-15 16:04:56,213924,timeout,1200,1200,43.93451794510512,43.93451794510512,98.93451794510511,706.5682373046875,53.76816177368164,61.54465103149414,3.0472891116446004,89.15555889663281,0.9985859991063486,-12.661834716796875,127.8837890625,-5.999999999999894,32.25117931365971,42.14293582230324,-1.6922982284239345,32.21865425348289,0.014046784083276854,-55.0,0.955,0.9575,0.9091666666666667,2,0.005139457534554326
512,2026-05-15 16:05:09,215008,bad_angle,1084,1084,48.46452138385835,48.46452138385835,98.46452138385834,706.4148559570312,62.419342041015625,62.419342041015625,1.9020747086031475,110.53293084774884,0.9994490147210586,10.472195625305176,111.83395385742188,-5.419999999999907,32.1997756958008,41.07873449338635,-1.5837312875141767,32.18974248218536,0.0,-50.0,1.0,1.0,0.955719557195572,0,0.0
513,2026-05-15 16:05:24,216193,bad_angle,1185,1185,62.85550938422907,62.85550938422907,112.85550938422907,707.310546875,11.169278144836426,27.87019920349121,1.2204508577398474,111.93579023156693,0.9997731447092458,-30.407718658447266,101.3876724243164,-5.924999999999896,33.972017383575384,51.879691614708555,-1.730228655996111,33.920898672267796,0.7381303696735866,-50.0,0.9645569620253165,0.9637130801687763,0.9578059071729957,20,0.3894887785294603
514,2026-05-15 16:05:38,217393,timeout,1200,1200,52.64086223043336,52.64086223043336,107.64086223043336,707.3577270507812,22.221996307373047,41.98021697998047,2.04277255008059,82.14070190203043,0.9993644953077649,-18.651742935180664,118.79373931884766,-5.999999999999894,33.26887550353996,48.8582469250077,-1.7039497935542474,33.21739359447366,0.00029600096640218314,-55.0,0.9366666666666666,0.9366666666666666,0.91,38,0.5578926605086149
515,2026-05-15 16:05:51,218483,bad_angle,1090,1090,45.13243091705613,45.13243091705613,95.13243091705613,707.3749389648438,45.415950775146484,45.415950775146484,5.071225067211354,110.13885625339579,0.9960855840525079,18.495912551879883,122.45706939697266,-5.449999999999906,33.097949409484876,35.95600097702485,-1.560249571992563,33.08873010253911,0.0,-50.0,1.0,1.0,0.9155963302752294,0,0.0
516,2026-05-15 16:06:06,219649,bad_angle,1166,1166,50.894257372530966,50.894257372530966,100.89425737253097,707.3736572265625,30.945960998535156,31.470556259155273,1.8889624529440154,113.97832415191338,0.9994565844610781,-6.387222766876221,116.84408569335938,-5.829999999999898,33.795155048370304,40.9410945792931,-1.8058524673709226,33.767866400390886,0.025993811847586343,-50.0,0.9931389365351629,0.9939965694682675,0.9382504288164666,0,0.0
517,2026-05-15 16:06:20,220849,timeout,1200,1200,66.18121498023967,66.18121498023967,121.18121498023967,707.0162353515625,19.781169891357422,40.52149200439453,0.9280950690446182,72.99664271670328,0.9998688101685753,-21.48086929321289,103.21760559082031,-5.999999999999894,33.324737167358386,61.52137843668469,-1.635084308741397,33.26430225145822,0.705881433479903,-55.0,0.9466666666666667,0.9458333333333333,0.9441666666666667,38,1.123163634580618
518,2026-05-15 16:06:34,221978,bad_angle,1129,1129,63.690467366965606,63.690467366965606,113.6904673669656,706.7667846679688,1.7558356523513794,1.7558356523513794,2.4151642820266175,118.23445408036929,0.9991117120165005,8.663432121276855,100.63522338867188,-5.644999999999902,35.2505474507809,50.46157133357034,-1.7669355662090718,35.23599010372158,0.15429404510179626,-50.0,1.0,1.0,0.983170947741364,0,0.0
519,2026-05-15 16:06:48,223107,bad_angle,1129,1129,57.97670903039785,57.97670903039785,107.97670903039784,707.3613891601562,12.187295913696289,12.187295913696289,1.556957095951745,112.14759439772902,0.9996308088302581,3.9318807125091553,108.55149841308594,-5.644999999999902,34.75870466232292,45.724025281023444,-1.760202172565658,34.733325614690784,0.165855644926174,-50.0,1.0,1.0,0.9610274579273693,0,0.0
520,2026-05-15 16:07:01,224209,bad_angle,1102,1102,53.442551084010006,53.442551084010006,103.44255108401,706.8910522460938,34.454986572265625,34.454986572265625,1.0044416429265515,113.38630384522419,0.9998463392189572,8.491077423095703,117.05265045166016,-5.509999999999905,33.62180328369138,43.43849908487981,-1.7131588801958981,33.60540759563447,0.0,-50.0,1.0,1.0,0.8974591651542649,0,0.0
521,2026-05-15 16:07:16,225409,timeout,1200,1200,46.50894901963495,46.50894901963495,101.50894901963494,707.071533203125,28.135984420776367,44.01546096801758,1.1891029574921335,100.29489392343909,0.9997846484163687,-19.00678825378418,123.06614685058594,-5.999999999999894,33.15280361175533,43.08768020730277,-1.8403984157405597,33.10886361631747,0.0,-55.0,0.945,0.9458333333333333,0.8908333333333334,6,0.06499400492231217
522,2026-05-15 16:07:30,226542,bad_angle,1133,1133,55.64388914448417,55.64388914448417,105.64388914448418,707.14501953125,29.11813735961914,29.174388885498047,1.5889313458906902,111.3143523001225,0.9996154904141212,-1.8166956901550293,113.34058380126953,-5.6649999999999014,33.898531532287606,45.16362469665023,-1.6305451317916813,33.87727804733815,0.0,-50.0,0.999117387466902,0.9982347749338041,0.8684907325684025,0,0.0
523,2026-05-15 16:07:44,227702,bad_angle,1160,1160,60.31518638507262,60.31518638507262,110.31518638507262,707.1138305664062,25.079654693603516,36.85468292236328,1.413746812076795,112.37865286716138,0.9996955990648747,-24.03855323791504,109.07035064697266,-5.799999999999899,33.51295738220217,50.859017891630714,-1.7474491617115955,33.4778975340276,0.01276273892354705,-50.0,0.9612068965517241,0.9612068965517241,0.9431034482758621,0,0.0
524,2026-05-15 16:07:58,228828,bad_angle,1126,1126,50.39139362311155,50.39139362311155,100.39139362311155,706.5626831054688,32.839515686035156,32.839515686035156,1.1658362382496024,110.35880200504853,0.9997929930834382,3.4110774993896484,128.85777282714844,-5.629999999999902,33.68615837097165,40.45073764051346,-1.774240158454223,33.65873777008059,0.0,-50.0,1.0,1.0,0.9325044404973357,4,0.03823385421484705
525,2026-05-15 16:08:13,230028,timeout,1200,1200,59.64120105879351,59.64120105879351,114.64120105879351,706.8807983398438,40.62930679321289,58.375606536865234,1.4498292073580914,74.06155800076748,0.9996798634539995,-19.150970458984375,97.41059112548828,-5.999999999999894,32.42525959014892,57.424266844831244,-1.6646532326921744,32.37318866425745,0.08313919224790092,-55.0,0.9383333333333334,0.9358333333333333,0.9333333333333333,47,1.027558752799352
526,2026-05-15 16:08:27,231228,timeout,1200,1200,64.15025333207379,64.15025333207379,119.15025333207379,706.5864868164062,23.80303382873535,36.51723098754883,0.8483450332436089,13.401754080876616,0.9998903870544473,-13.50534439086914,90.99224853515625,-5.999999999999894,33.50346279144286,59.20254432895043,-1.382791276908458,33.45009883349571,0.37693865509309493,-55.0,0.9508333333333333,0.9516666666666667,0.9325,59,3.6522440943218997
527,2026-05-15 16:08:42,232428,timeout,1200,1200,56.28998994617861,56.28998994617861,111.28998994617861,706.9599609375,18.539955139160156,33.75766372680664,3.047096585687371,67.80377966433682,0.9985861777301036,-18.875097274780273,104.51730346679688,-5.999999999999894,33.660114860534684,51.61793215606836,-1.6552704648186687,33.618753895483884,0.0484594989103118,-55.0,0.9516666666666667,0.95,0.9075,48,1.0881245543553832
528,2026-05-15 16:08:56,233628,timeout,1200,1200,56.10378266682127,56.10378266682127,111.10378266682127,706.4443969726562,4.231598377227783,30.77659797668457,3.534740929688193,99.20983641151253,0.9980975985489875,-22.57661247253418,110.22091674804688,-5.999999999999894,33.783389949798575,50.7042698274277,-1.7200591403166297,33.729337654232914,0.6068443756785996,-55.0,0.9475,0.9466666666666667,0.9191666666666667,16,0.23682089891448338
529,2026-05-15 16:09:10,234740,bad_angle,1112,1112,62.28678397867285,62.28678397867285,112.28678397867284,706.4310913085938,18.79413604736328,19.1901912689209,2.6135928033597122,110.10296360930737,0.9989597798007748,-5.813243389129639,107.96630096435547,-5.559999999999904,34.362045001983596,50.9236870161134,-1.7932165858034335,34.34031221902365,0.013956327355474862,-50.0,0.9946043165467626,0.9946043165467626,0.9532374100719424,0,0.0
530,2026-05-15 16:09:24,235846,bad_angle,1106,1106,56.583235906757956,56.583235906757956,106.58323590675795,707.0048828125,18.736129760742188,18.736129760742188,2.4426432002746368,111.30784996003264,0.9990913868281096,16.28179168701172,110.77995300292969,-5.529999999999904,34.4134376525879,44.86402248860803,-1.7165555745581085,34.40321321678157,0.1491181233383285,-50.0,1.0,1.0,0.9710669077757685,0,0.0
531,2026-05-15 16:09:37,236951,bad_angle,1105,1105,49.95877315340783,49.95877315340783,99.95877315340783,707.0651245117188,32.612369537353516,32.612369537353516,1.6594179376298697,112.7070483624556,0.9995806217122395,16.85565948486328,119.7027587890625,-5.524999999999904,33.72263774871824,39.66933539403671,-1.6444935023833471,33.71617164421079,0.02012186882528441,-50.0,1.0,1.0,0.9366515837104072,0,0.0
532,2026-05-15 16:09:51,238151,timeout,1200,1200,49.668213706877374,49.668213706877374,104.66821370687737,706.9525756835938,41.47054672241211,56.163143157958984,4.08873394472993,81.36241550648582,0.9974548221738856,-14.361706733703613,126.93634033203125,-5.999999999999894,32.53947162628175,47.324201984011886,-1.7088652796362116,32.49062316245216,0.0227822137676498,-55.0,0.9458333333333333,0.9475,0.925,8,0.1620698386159091
533,2026-05-15 16:10:06,239351,timeout,1200,1200,58.99490938789197,58.99490938789197,113.99490938789197,707.379150390625,15.634438514709473,46.03156661987305,2.5858099416936278,73.47418905290307,0.9989817738981792,-20.57967758178711,106.47894287109375,-5.999999999999894,33.06737918853756,55.35334525684485,-1.7285046724536806,33.00592311674357,0.29676649821962275,-55.0,0.9325,0.9308333333333333,0.9266666666666666,31,0.17365322097591016
534,2026-05-15 16:10:19,240471,bad_angle,1120,1120,59.967298382963115,59.967298382963115,109.96729838296312,706.4276123046875,6.876183032989502,6.876183032989502,3.58599488266338,114.88544840577195,0.9980420468390977,14.184064865112305,104.64498901367188,-5.599999999999903,34.97757146358491,47.3199154408497,-1.8426075707583396,34.963337148666426,0.14908190062049742,-50.0,1.0,1.0,0.95,0,0.0
535,2026-05-15 16:10:33,241603,bad_angle,1132,1132,55.513993952196884,55.513993952196884,105.51399395219688,706.5174560546875,26.617727279663086,26.917957305908203,2.9787441078987027,111.19095810257704,0.9986488819039551,-3.909672260284424,118.22881317138672,-5.6599999999999016,33.97997493743899,45.01561985626497,-1.7900449286987028,33.95490771359209,0.013536373599526776,-50.0,0.9946996466431095,0.9938162544169611,0.9478798586572438,0,0.0
536,2026-05-15 16:10:47,242803,timeout,1200,1200,50.99923360111735,50.99923360111735,105.99923360111735,707.2918701171875,45.73087692260742,53.884483337402344,2.4149211699808473,84.81138099958628,0.9991118908123467,-14.538086891174316,120.86016845703125,-5.999999999999894,32.6703693389893,48.35516908998377,-1.6631671041176375,32.6352929694056,0.0015693068563658354,-55.0,0.9608333333333333,0.9616666666666667,0.9033333333333333,29,0.4390547898047968
537,2026-05-15 16:11:02,244003,timeout,1200,1200,50.13352212328579,50.13352212328579,105.13352212328579,707.310546875,26.09929847717285,37.45359802246094,2.0604206916788455,85.55285950569369,0.9993534684219064,-15.920913696289062,117.02362823486328,-5.999999999999894,33.4928474426269,45.89261425503705,-1.710739626324764,33.454751800775476,0.004048251171133497,-55.0,0.95,0.95,0.8958333333333334,27,0.5257083907857625
538,2026-05-15 16:11:15,245095,bad_angle,1092,1092,57.25668260251925,57.25668260251925,107.25668260251925,707.1700439453125,27.55391502380371,27.55391502380371,4.301246743018415,110.87694698567488,0.997183501769143,11.719902992248535,120.42882537841797,-5.459999999999906,33.980806446075434,46.52608964037417,-1.754973908235947,33.963350066185036,0.0014103581207122403,-50.0,1.0,1.0,0.9386446886446886,0,0.0
539,2026-05-15 16:11:29,246295,timeout,1200,1200,60.903719863944275,60.903719863944275,115.90371986394427,707.3648681640625,28.222858428955078,42.25644302368164,0.094872788324825,82.72882900089272,0.9999986290930765,-17.687763214111328,101.44963073730469,-5.999999999999894,33.25542125701908,56.95927621897063,-1.657829293871042,33.217354180306145,0.12949750151943537,-55.0,0.945,0.945,0.9116666666666666,62,1.3903777030973867
540,2026-05-15 16:11:44,247495,timeout,1200,1200,63.540713940858346,63.540713940858346,118.54071394085835,707.268798828125,34.314449310302734,50.2539176940918,1.6628344195970512,53.43123115993243,0.9995788931873071,-14.657999038696289,95.6025390625,-5.999999999999894,32.850744056701664,60.39986784585187,-1.6073063467955546,32.798459613144395,0.09894877195608022,-55.0,0.93,0.9291666666666667,0.9283333333333333,85,4.322925158691816
541,2026-05-15 16:11:59,248695,timeout,1200,1200,67.37394668685637,67.37394668685637,122.37394668685637,706.429931640625,26.341276168823242,39.395599365234375,3.0904117244128875,48.09962305986091,0.9985457062701126,-15.365559577941895,86.52584838867188,-5.999999999999894,33.351716613769554,62.854126848565194,-1.6141249832008446,33.31412729299072,0.46810091473170284,-55.0,0.945,0.9433333333333334,0.9291666666666667,68,4.45353703718837
542,2026-05-15 16:12:13,249895,timeout,1200,1200,64.08285682662522,64.08285682662522,119.08285682662522,707.0868530273438,35.74287414550781,55.614906311035156,0.6151669640127222,69.88525249314152,0.9999423623086569,-18.13357925415039,90.51522064208984,-5.999999999999894,32.57359733581548,61.49398303589546,-1.7140314891626716,32.52858567389846,0.20072227017864763,-55.0,0.9316666666666666,0.9316666666666666,0.9133333333333333,83,2.929007641055736
543,2026-05-15 16:12:27,251095,timeout,1200,1200,67.76052705628987,67.76052705628987,122.76052705628987,706.4754638671875,22.223800659179688,40.846595764160156,0.7625885931195138,80.96575227043732,0.9999114274928956,-20.158205032348633,102.41069793701172,-5.999999999999894,33.28144340515133,63.40159240447963,-1.6939135430430239,33.24219907331466,0.5292057163871833,-55.0,0.94,0.9391666666666667,0.9258333333333333,71,2.3887871708997794
544,2026-05-15 16:12:42,252295,timeout,1200,1200,51.79699618360795,51.79699618360795,106.79699618360794,707.0196533203125,22.639867782592773,41.80669021606445,3.7139909201621264,95.97184180149542,0.9978998305297735,-20.204381942749023,119.98313903808594,-5.999999999999894,33.26064815521239,48.07815635432481,-1.841962345599213,33.22817204049233,0.07198197917767431,-55.0,0.9425,0.9425,0.9025,13,0.20459247352325613
545,2026-05-15 16:12:57,253495,timeout,1200,1200,58.67461617768063,58.67461617768063,113.67461617768063,707.1837158203125,6.320064544677734,39.73463821411133,2.191245494711035,84.63880944001674,0.999268770209106,-21.806385040283203,110.75640869140625,-5.999999999999894,33.372453880310104,54.445855577138836,-1.7403801960851228,33.31513361974061,0.28155329657619393,-55.0,0.9325,0.9316666666666666,0.9166666666666666,27,0.3310145714819456
546,2026-05-15 16:13:10,254609,success,1114,1114,235.1580631005613,235.1580631005613,115.1580631005613,707.3148803710938,9.919281005859375,9.919281005859375,1.3370590489014786,23.103690311005703,0.9997277259786024,31.466848373413086,100.57423400878906,-5.5699999999999035,34.86977996826172,51.97436803649878,-1.3432857854155116,34.84698373603818,0.38021714517804495,120.0,1.0,1.0,0.9982046678635548,0,0.0
547,2026-05-15 16:13:24,255717,bad_angle,1108,1108,51.3841098375543,51.3841098375543,101.38410983755429,706.8046264648438,27.60007667541504,27.60007667541504,2.4064773486194193,114.80216107903281,0.9991180896271517,9.438302993774414,123.009521484375,-5.539999999999904,33.96022748947142,40.787443436297124,-1.7645343510009408,33.9409732627869,0.0,-50.0,1.0,1.0,0.9386281588447654,0,0.0
548,2026-05-15 16:13:37,256852,bad_angle,1135,1135,66.91434024572071,66.91434024572071,116.91434024572071,707.3939208984375,11.783629417419434,16.242401123046875,0.9373260697078905,111.80465742969186,0.999866187573548,-20.246463775634766,105.44232940673828,-5.674999999999901,34.55757598876955,55.169602343884726,-1.8302688912655656,34.523067606568354,0.16936319776384334,-50.0,0.9832599118942731,0.9832599118942731,0.9797356828193833,2,0.03950261616789824
549,2026-05-15 16:13:51,257977,bad_angle,1125,1125,50.773879659147525,50.773879659147525,100.77387965914752,707.3703002929688,24.63676643371582,24.63676643371582,1.66189260054353,114.90864372819331,0.9995793700433294,6.793485641479492,117.15862274169922,-5.624999999999902,34.13667669296269,39.860341763116345,-1.7129301282226537,34.11479133129122,0.0,-50.0,1.0,1.0,0.8791111111111111,0,0.0
550,2026-05-15 16:14:04,259105,bad_angle,1128,1128,56.06223678218133,56.06223678218133,106.06223678218133,706.8811645507812,27.34255599975586,27.364612579345703,1.1237873525631825,112.50330381951412,0.999807655799159,-1.3347699642181396,110.94889831542969,-5.639999999999902,33.97582759857182,45.5000939237208,-1.7385860585424764,33.959982777737125,0.004918540694137718,-50.0,0.999113475177305,0.99822695035461,0.9468085106382979,0,0.0
551,2026-05-15 16:14:18,260183,bad_angle,1078,1078,56.21431091783237,56.21431091783237,106.21431091783236,706.693603515625,23.832733154296875,23.832733154296875,3.3292551153951826,110.25937494130066,0.99831229439423,21.448049545288086,111.8976058959961,-5.389999999999907,34.14304351806643,45.01802255357749,-1.6939491555292936,34.133780260085985,0.0034137416318182692,-50.0,1.0,1.0,0.9730983302411874,0,0.0
552,2026-05-15 16:14:31,261307,bad_angle,1124,1124,65.854080919371,65.854080919371,115.854080919371,707.2891845703125,9.629059791564941,11.737069129943848,1.7255571139623362,112.94327045490049,0.9995465278809073,-18.923757553100586,104.22235107421875,-5.619999999999902,34.77760577201841,53.73206710625135,-1.7917522934103751,34.735597896635475,0.020562437876068904,-50.0,0.9911032028469751,0.9902135231316725,0.9830960854092526,1,0.007111086999500366
553,2026-05-15 16:14:45,262438,bad_angle,1131,1131,50.90915113188391,50.90915113188391,100.9091511318839,706.5084228515625,33.701332092285156,33.74577713012695,2.3915469819805946,115.55661011437408,0.9991289972660509,0.6379830837249756,127.40399169921875,-5.654999999999902,33.638132286071766,41.110214565224766,-1.8010790462755109,33.61589204764367,0.00099127921901026,-50.0,0.9982316534040672,1.0,0.9213085764809903,0,0.0
554,2026-05-15 16:14:59,263638,timeout,1200,1200,58.004798991623744,58.004798991623744,113.00479899162374,706.9307250976562,22.79467010498047,51.69045639038086,1.4235406630163587,79.7070098781065,0.9996913671473592,-19.17218017578125,111.68211364746094,-5.999999999999894,32.76201343536375,55.22055856225672,-1.8259792653757188,32.72277436248207,0.1254318968968538,-55.0,0.9183333333333333,0.9175,0.8966666666666666,68,1.2499063614266626
555,2026-05-15 16:15:14,264838,timeout,1200,1200,52.51443610881678,52.51443610881678,107.51443610881678,706.4658813476562,17.721418380737305,43.91469192504883,1.1535183122466017,89.08024923084425,0.9997973441909972,-20.381961822509766,113.2925033569336,-5.999999999999894,33.12755947113035,48.859192422871054,-1.7012559139515961,33.076119824767126,0.15282030399977542,-55.0,0.9375,0.9375,0.9158333333333334,5,0.030482059229403363
556,2026-05-15 16:15:28,265959,bad_angle,1121,1121,64.71613500856562,64.71613500856562,114.71613500856562,707.1730346679688,7.0338215827941895,7.286540985107422,1.8689645128278645,113.56648423552913,0.999468028530658,-7.138105869293213,103.39571380615234,-5.604999999999903,34.994324684143116,52.105269191270395,-1.7925970622192684,34.95267576628923,0.061462429082226454,-50.0,0.9982158786797503,0.9973238180196253,0.9866190900981266,0,0.0
557,2026-05-15 16:15:48,267159,timeout,1200,1200,65.8832531275335,65.8832531275335,120.8832531275335,707.1295166015625,28.582176208496094,44.272377014160156,0.6142119648285369,69.2339939557808,0.9999425411241621,-16.52277946472168,93.42744445800781,-5.999999999999894,33.142856979370066,61.763609075562265,-1.6264266658934243,33.09706533658505,0.5061484019095629,-55.0,0.9316666666666666,0.9316666666666666,0.9116666666666666,82,3.5945200950987064
558,2026-05-15 16:16:19,268359,timeout,1200,1200,63.004696950545075,63.004696950545075,118.00469695054508,707.3755493164062,16.332605361938477,50.546775817871094,1.35912333468497,70.7005380234201,0.9997186660702144,-18.881961822509766,104.95426940917969,-5.999999999999894,32.841438674926735,59.73600397901157,-1.6270731961256104,32.786196385826905,0.268131106905535,-55.0,0.925,0.9241666666666667,0.9166666666666666,47,0.7641701398936227
559,2026-05-15 16:16:49,269559,timeout,1200,1200,70.91229178465812,70.91229178465812,125.91229178465812,707.3936157226562,28.828428268432617,57.872623443603516,0.7129926685653472,63.720221295450465,0.9999225735649454,-16.968219757080078,92.32262420654297,-5.999999999999894,32.476049613952625,68.33372011759917,-1.7392667108522937,32.4243829817325,0.41740578222600627,-55.0,0.9216666666666666,0.9225,0.9183333333333333,94,4.1031079331990155
560,2026-05-15 16:17:20,270759,timeout,1200,1200,67.32847163901835,67.32847163901835,122.32847163901835,707.3899536132812,25.56893539428711,54.83063507080078,0.35881974585881504,74.52200154328555,0.9999803900724733,-20.737712860107422,100.85751342773438,-5.999999999999894,32.62796592712396,64.36410536128876,-1.7418171919956853,32.57691008897318,0.5013074536281197,-55.0,0.9175,0.9166666666666666,0.905,100,2.7725063197052466
561,2026-05-15 16:17:51,271959,timeout,1200,1200,65.47763705785977,65.47763705785977,120.47763705785977,707.3880004882812,19.312328338623047,49.82713317871094,0.6265133489671414,65.17054366381097,0.9999402165367772,-20.404682159423828,99.82438659667969,-5.999999999999894,32.878043365478476,62.110590946875796,-1.7000944523661365,32.82049080006781,0.368606397803604,-55.0,0.9183333333333333,0.9141666666666667,0.9091666666666667,103,4.528785914483178
562,2026-05-15 16:18:23,273159,timeout,1200,1200,64.49532314772873,64.49532314772873,119.49532314772873,707.0486450195312,16.70745849609375,53.761898040771484,0.8566084415614136,77.06357640514983,0.9998882412978275,-21.27146339416504,101.11541748046875,-5.999999999999894,32.664337348938005,61.5290923200903,-1.6995829506916316,32.61268014177678,0.3887962876152591,-55.0,0.9133333333333333,0.9116666666666666,0.895,89,2.259254075659017
563,2026-05-15 16:18:55,274359,timeout,1200,1200,61.22481010759746,61.22481010759746,116.22481010759746,707.0536499023438,12.905001640319824,42.926761627197266,1.489114854638418,88.60665757417391,0.9996622800744087,-20.81885528564453,114.7459716796875,-5.999999999999894,33.20634441375729,57.23252521026506,-1.759062679239786,33.15929371359943,0.38570944921551414,-55.0,0.9308333333333333,0.93,0.9266666666666666,30,0.48737578287755134
564,2026-05-15 16:19:25,275559,timeout,1200,1200,54.48502310135312,54.48502310135312,109.48502310135312,707.247802734375,7.7151360511779785,40.908607482910156,0.2887140705679959,95.47646184137272,0.9999873042102886,-22.64299201965332,115.46188354492188,-5.999999999999894,33.316959762573205,50.55111865627825,-1.8542335689531266,33.2734062617123,0.1977719897424225,-55.0,0.9283333333333333,0.9275,0.9083333333333333,28,0.40127208615521104
565,2026-05-15 16:19:52,276759,timeout,1200,1200,66.44033699606675,66.44033699606675,121.44033699606675,707.347900390625,9.159259796142578,51.878047943115234,1.1470537516405963,88.11864738816567,0.9997996092025309,-22.576019287109375,112.2616195678711,-5.999999999999894,32.77349262237551,63.307694469447135,-1.8367185485989048,32.717554647564874,0.4783138052781503,-55.0,0.9091666666666667,0.9083333333333333,0.9066666666666666,83,1.540187297898416
566,2026-05-15 16:20:18,277959,timeout,1200,1200,63.215472061874095,63.215472061874095,118.2154720618741,707.0731811523438,18.660146713256836,40.593570709228516,2.5322685156767206,73.96167331434522,0.9990234970584059,-20.282669067382812,103.5157241821289,-5.999999999999894,33.3239805221558,58.93698174898802,-1.6642393747550455,33.28135822084546,0.33739094464004965,-55.0,0.9391666666666667,0.9391666666666667,0.9241666666666667,70,2.2114133560819744
567,2026-05-15 16:20:43,279119,bad_angle,1160,1160,54.692094771140404,54.692094771140404,104.6920947711404,706.4385986328125,36.873077392578125,42.96321487426758,2.3889265372168365,110.54544375430831,0.9991309046788299,-14.045061111450195,121.6559829711914,-5.799999999999899,33.17376918792724,45.97255912545621,-1.8191102415443452,33.144422634191784,0.0204540651095717,-50.0,0.9637931034482758,0.9577586206896552,0.9043103448275862,10,0.12150814719622012
568,2026-05-15 16:21:12,280235,bad_angle,1116,1116,66.66933685667358,66.66933685667358,116.66933685667358,706.4213256835938,3.4982380867004395,8.653542518615723,3.3615595622918155,110.95326068927142,0.9982793926251452,-26.783302307128906,103.40065002441406,-5.579999999999903,34.88838915824888,54.0271689282728,-1.7738936581551537,34.85075263154508,0.25691979676203053,-50.0,0.9883512544802867,0.9874551971326165,0.9731182795698925,0,0.0
569,2026-05-15 16:21:34,281332,bad_angle,1097,1097,63.5369765092608,63.5369765092608,113.5369765092608,706.8861694335938,14.033723831176758,14.464746475219727,0.667639465424522,113.89138950415747,0.9999321103097958,-7.141316890716553,110.62749481201172,-5.484999999999905,34.62107114791865,51.56631818977321,-1.7794765258228842,34.58573061382767,0.02833308356409736,-50.0,0.9954421148587056,0.9945305378304466,0.9772105742935278,1,0.004438589019629577
570,2026-05-15 16:21:49,282532,timeout,1200,1200,62.35274017630999,62.35274017630999,117.35274017631,706.8936157226562,28.312788009643555,54.25312423706055,2.997676538504332,73.91257108440199,0.9986316562639445,-19.357643127441406,105.24394989013672,-5.999999999999894,32.632024574279825,59.719654787022954,-1.7186573180410039,32.5757119249646,0.14400620808365858,-55.0,0.9266666666666666,0.925,0.9216666666666666,80,2.3808775660403865
571,2026-05-15 16:22:03,283732,timeout,1200,1200,68.19392656701598,68.19392656701598,123.19392656701598,707.0156860351562,25.611780166625977,52.80291748046875,2.060135744724409,61.72252756700514,0.9993536472151197,-18.711843490600586,91.9996337890625,-5.999999999999894,32.710638427734374,64.95879203891843,-1.6285998781946207,32.672822850942616,0.48027312761521807,-55.0,0.9166666666666666,0.9166666666666666,0.8933333333333333,100,5.679279672411714
572,2026-05-15 16:22:18,284932,timeout,1200,1200,63.97793181240772,63.97793181240772,118.97793181240772,706.523681640625,12.696571350097656,45.60243606567383,1.6015667689683906,82.84544765078151,0.9996093511416697,-21.423385620117188,100.69170379638672,-5.999999999999894,33.04606227874751,60.10763001443967,-1.7787538224462542,33.00070219202336,0.6022911496432753,-55.0,0.9233333333333333,0.9225,0.9141666666666667,76,2.6099601117418993
573,2026-05-15 16:22:33,286132,timeout,1200,1200,65.8182608287611,65.8182608287611,120.8182608287611,706.4158935546875,11.12722396850586,41.59203338623047,3.236158356347439,35.40598286476984,0.9984053373946525,-17.529542922973633,101.47083282470703,-5.999999999999894,33.241193008422826,61.4496954375276,-1.5794427768194663,33.17971543717384,0.527099722456118,-55.0,0.9283333333333333,0.9283333333333333,0.9183333333333333,86,2.684758469743965
574,2026-05-15 16:22:46,287224,success,1092,1092,237.54906417701739,237.54906417701739,117.54906417701739,706.8917236328125,9.850581169128418,9.850581169128418,1.9855409009211726,25.56995721462871,0.9993996023939992,29.68180274963379,97.21194458007812,-5.459999999999906,34.852057123184196,54.49122440918872,-1.366088196162271,34.83864465332034,0.19322618748635492,120.0,1.0,1.0,0.9798534798534798,0,0.0
575,2026-05-15 16:23:01,288424,timeout,1200,1200,59.576412127349954,59.576412127349954,114.57641212734995,706.4192504882812,40.82747268676758,52.50513458251953,0.5671727721797764,25.72852347130514,0.9999510049798306,-13.109797477722168,90.73187255859375,-5.999999999999894,32.69570579528806,56.69292956674813,-1.4704958765249254,32.64270727097985,0.015565370858929698,-55.0,0.9375,0.9358333333333333,0.9225,77,4.232680240086797
576,2026-05-15 16:23:15,289624,timeout,1200,1200,61.664727913454755,61.664727913454755,116.66472791345475,707.2177734375,43.76143264770508,55.91997146606445,2.257154045437308,60.46525366534587,0.9992241264062451,-15.858757972717285,96.40011596679688,-5.999999999999894,32.5648900985718,59.190076132989766,-1.6854603506753933,32.52285932873938,0.07236270382921267,-55.0,0.9458333333333333,0.945,0.9141666666666667,68,2.412171611297945
577,2026-05-15 16:23:31,290824,timeout,1200,1200,65.43736868996402,65.43736868996402,120.43736868996402,706.9556274414062,27.41288185119629,44.955387115478516,1.0691774288279918,31.934593860624222,0.999825894816698,-17.077503204345703,99.48161315917969,-5.999999999999894,33.10001201629639,61.541942262089265,-1.5713060523624354,33.03966741633409,0.3270530476066985,-55.0,0.9341666666666667,0.9341666666666667,0.9325,79,3.682148278483029
578,2026-05-15 16:23:46,292024,timeout,1200,1200,62.34426885697849,62.34426885697849,117.34426885697849,706.5957641601562,35.02004623413086,46.64767074584961,1.1710280357924583,19.275584432172412,0.999791145322105,-14.422894477844238,93.31448364257812,-5.999999999999894,32.99740467071537,58.69052387634662,-1.512725208942342,32.94420873576407,0.2248567830948795,-55.0,0.945,0.945,0.9366666666666666,68,3.393540831042606
579,2026-05-15 16:24:00,293224,timeout,1200,1200,57.709721069665605,57.709721069665605,112.7097210696656,707.3050537109375,52.053062438964844,64.38156127929688,1.8003757531825964,58.37546849632126,0.9995063543483895,-14.659139633178711,79.4642562866211,-5.999999999999894,32.146174621582,56.106750562341986,-1.669232212169073,32.094762648552596,0.03126544935796337,-55.0,0.9391666666666667,0.9383333333333334,0.9333333333333333,74,4.67277120338404
580,2026-05-15 16:24:15,294424,timeout,1200,1200,55.36053497356439,55.36053497356439,110.3605349735644,707.379150390625,8.805692672729492,44.930076599121094,2.808119365686026,63.522623922761994,0.9987992048281465,-21.087488174438477,106.5268783569336,-5.999999999999894,33.122453689575224,51.47751606033553,-1.7134532690997912,33.03922151428469,0.4347969784687064,-55.0,0.9225,0.9216666666666666,0.9133333333333333,72,1.9942432978705322
581,2026-05-15 16:24:30,295624,timeout,1200,1200,59.6890437956851,59.6890437956851,114.68904379568511,706.6702880859375,23.313526153564453,46.833919525146484,0.5442860889315331,66.55352036695515,0.9999548792881465,-17.9710693359375,105.19804382324219,-5.999999999999894,32.99181842803953,56.367445429556454,-1.7479627931744863,32.9347143448591,0.1430283864045019,-55.0,0.9266666666666666,0.9266666666666666,0.9208333333333333,80,3.393921320360015
582,2026-05-15 16:24:44,296824,timeout,1200,1200,66.54959820327022,66.54959820327022,121.54959820327022,706.8930053710938,38.46833419799805,60.14826202392578,1.28466114596202,39.66070235916213,0.9997486472022116,-14.693138122558594,87.3204116821289,-5.999999999999894,32.337237167358374,64.38557940603532,-1.70592648604515,32.27938737980283,0.25332073611902167,-55.0,0.9225,0.92,0.9183333333333333,96,5.220116131182792
583,2026-05-15 16:24:58,297950,bad_angle,1126,1126,61.887979106949714,61.887979106949714,111.88797910694971,707.2679443359375,9.811605453491211,10.58702564239502,2.089752939069465,117.70264189121376,0.9993349313389245,-10.903103828430176,107.93883514404297,-5.629999999999902,34.83404593467705,49.58546963017191,-1.78531841703568,34.788910267651055,0.09487169148540268,-50.0,0.9946714031971581,0.9955595026642984,0.9849023090586145,1,0.018704775089973404
584,2026-05-15 16:25:12,299150,timeout,1200,1200,59.05579499940135,59.05579499940135,114.05579499940134,706.7942504882812,39.56187057495117,53.466915130615234,1.1134664031187642,16.75665335495402,0.9998111724726257,-12.972829818725586,86.60585021972656,-5.999999999999894,32.66636676788335,56.1935390268481,-1.5679789007652132,32.60305202486372,0.16081608057142138,-55.0,0.9333333333333333,0.9333333333333333,0.9241666666666667,81,4.985531710034535
585,2026-05-15 16:25:27,300350,timeout,1200,1200,59.84165530262731,59.84165530262731,114.84165530262732,707.3619995117188,36.000457763671875,58.5635871887207,2.527161668611667,81.12652809331026,0.9990274310922204,-19.428375244140625,97.72898864746094,-5.999999999999894,32.439920616149884,57.623632041438015,-1.7768152888748827,32.39070634246618,0.16421159144806427,-55.0,0.9275,0.925,0.915,89,3.4509243774008533
586,2026-05-15 16:25:42,301550,timeout,1200,1200,64.44726487565102,64.44726487565102,119.44726487565102,707.3942260742188,15.883218765258789,41.97020721435547,1.5629785480353457,26.20416418472649,0.9996279478296348,-16.734106063842773,100.92695617675781,-5.999999999999894,33.27120094299318,60.19781038496043,-1.5921079234196778,33.22120477910709,0.3491566920099231,-55.0,0.9233333333333333,0.9241666666666667,0.9225,92,4.732969442094372
587,2026-05-15 16:25:56,302750,timeout,1200,1200,65.35931905589152,65.35931905589152,120.35931905589152,706.5804443359375,12.387749671936035,48.18600845336914,1.751783119384481,64.66221366502195,0.9995326399543113,-19.994054794311523,104.19566345214844,-5.999999999999894,32.91972179412847,61.42527870537964,-1.68474417166355,32.8642313603163,0.8348313677307975,-55.0,0.915,0.915,0.9083333333333333,101,3.175684564984843
588,2026-05-15 16:26:10,303950,timeout,1200,1200,65.47987831679485,65.47987831679485,120.47987831679485,706.7188720703125,30.217618942260742,49.32542037963867,2.153859600515324,18.8505690808792,0.9992935061659146,-16.097509384155273,85.55668640136719,-5.999999999999894,32.869672584533696,61.919179016653004,-1.4834162562453932,32.82539205038541,0.34905092146800226,-55.0,0.9308333333333333,0.9308333333333333,0.8891666666666667,83,5.5568282933011135
589,2026-05-15 16:26:25,305150,timeout,1200,1200,63.064539470858186,63.064539470858186,118.0645394708582,706.8607177734375,10.508934020996094,43.27463912963867,1.3484266181144955,15.374810463212063,0.99972307680856,-17.5362606048584,99.88301086425781,-5.999999999999894,33.179303932189946,58.70448436513539,-1.5354475114552353,33.11476635779445,0.6014323271938875,-55.0,0.9183333333333333,0.9175,0.8991666666666667,99,5.477362579193278
590,2026-05-15 16:26:40,306350,timeout,1200,1200,63.271315274242916,63.271315274242916,118.27131527424291,706.865966796875,15.43557357788086,44.98762512207031,0.9479131830865276,62.67600148457141,0.9998631477443284,-19.438852310180664,104.92806243896484,-5.999999999999894,33.093917083740244,59.48385225459705,-1.6330354619586787,33.04766569247838,0.2789157053859717,-55.0,0.93,0.93,0.91,64,1.1411823631586897
591,2026-05-15 16:26:53,307427,bad_angle,1077,1077,61.92438599058932,61.92438599058932,111.92438599058931,706.4259033203125,16.665729522705078,16.665729522705078,1.4505039019820418,110.55060054713167,0.9996795654421725,11.75141716003418,109.84661102294922,-5.384999999999907,34.48800868988033,50.04270769534063,-1.7036435882963599,34.47463844966885,0.007674743995760052,-50.0,1.0,1.0,0.9489322191272052,0,0.0
592,2026-05-15 16:27:07,308627,timeout,1200,1200,56.174926533184944,56.174926533184944,111.17492653318494,706.6627197265625,15.974042892456055,51.12945556640625,1.8142361279992563,61.20140462390067,0.9994987249663446,-19.883909225463867,102.17891693115234,-5.999999999999894,32.776663208007776,53.149815924415236,-1.6718805793197866,32.71536817184469,0.2049598082371766,-55.0,0.9108333333333334,0.9108333333333334,0.8891666666666667,100,3.8339355148800864
593,2026-05-15 16:27:21,309747,bad_angle,1120,1120,60.589170311887,60.589170311887,110.589170311887,707.0301513671875,9.621641159057617,9.674891471862793,2.7586086050530727,117.13337294464988,0.9988411665687225,-1.5093575716018677,107.56187438964844,-5.599999999999903,34.867762994766224,48.25074719427576,-1.7729967771306583,34.83497768366333,0.008679216312205976,-50.0,0.9991071428571429,0.9991071428571429,0.9741071428571428,1,0.00239591983760778
594,2026-05-15 16:27:36,310947,timeout,1200,1200,64.72400386127342,64.72400386127342,119.72400386127342,706.43896484375,11.338789939880371,43.806114196777344,0.2502292096070004,43.36947458791155,0.9999904632574783,-19.6663818359375,100.71376037597656,-5.999999999999894,33.131642532348636,60.4709608887228,-1.63545855657058,33.08104614211616,0.6758128546564692,-55.0,0.9175,0.9158333333333334,0.9108333333333334,101,5.6250510501952435
595,2026-05-15 16:27:50,312147,timeout,1200,1200,66.74380546355059,66.74380546355059,121.74380546355059,706.45166015625,20.196056365966797,46.93746566772461,1.7758598563738934,22.040339140261437,0.9995197057894623,-17.636199951171875,98.41926574707031,-5.999999999999894,32.975709724426274,62.78104500877029,-1.5007260128498452,32.9090396414846,0.5787371017193337,-55.0,0.9233333333333333,0.9216666666666666,0.9166666666666666,94,3.7666133062548526
596,2026-05-15 16:28:05,313347,timeout,1200,1200,67.50413313378007,67.50413313378007,122.50413313378007,707.3756103515625,27.9323787689209,50.17514419555664,1.0139426495054507,43.76839861657531,0.9998434185942208,-15.905770301818848,91.66512298583984,-5.999999999999894,32.86002330780026,64.15916278537128,-1.6440083101973206,32.80758764770623,0.32136770309961615,-55.0,0.9283333333333333,0.9283333333333333,0.9241666666666667,87,4.368527238027523
597,2026-05-15 16:28:19,314547,timeout,1200,1200,59.36423842564062,59.36423842564062,114.36423842564062,707.3939819335938,24.597740173339844,50.36357116699219,3.039956903570592,36.35255146108523,0.9985927938973267,-17.202030181884766,95.2691650390625,-5.999999999999894,32.85152053833002,56.09823020434712,-1.5676091014502394,32.783337676726326,0.19875910768740415,-55.0,0.92,0.9208333333333333,0.9166666666666666,97,5.497050291286369
598,2026-05-15 16:28:34,315747,timeout,1200,1200,65.34093360055445,65.34093360055445,120.34093360055445,707.3826293945312,42.20714569091797,59.50285339355469,2.7581829988904163,32.20847420105798,0.9988415240484748,-16.508031845092773,86.12568664550781,-5.999999999999894,32.39398880004882,63.104187430383504,-1.5531123876839694,32.3370853020437,0.05878445576240684,-55.0,0.9266666666666666,0.9258333333333333,0.92,89,4.903637162143225
599,2026-05-15 16:28:48,316947,timeout,1200,1200,60.85169067479524,60.85169067479524,115.85169067479524,707.1306762695312,17.886608123779297,51.36282730102539,2.113777702588162,58.25378867625748,0.9993195533100637,-19.58414649963379,97.3365707397461,-5.999999999999894,32.7883924484253,57.78232772229326,-1.7259055733117403,32.71049710160498,0.29637897578338673,-55.0,0.915,0.9141666666666667,0.9041666666666667,103,3.9140728511234912
600,2026-05-15 16:29:02,318147,timeout,1200,1200,69.92316729959711,69.92316729959711,124.92316729959711,707.3948364257812,24.22991371154785,42.12247848510742,0.9573620027512998,23.944619786523088,0.9998604059176324,-17.240007400512695,91.29560089111328,-5.999999999999894,33.2636178970337,65.41119334488188,-1.4700038947073106,33.207299831569195,0.5110601208196925,-55.0,0.9408333333333333,0.94,0.9391666666666667,72,4.097375572465209
601,2026-05-15 16:29:17,319347,timeout,1200,1200,65.6734370636704,65.6734370636704,120.6734370636704,706.8071899414062,27.2581844329834,44.89006042480469,1.31253898994625,62.66345442706609,0.9997376203348076,-15.839515686035156,82.31307983398438,-5.999999999999894,33.09585647583001,61.91489175459468,-1.6699105453028305,33.046250668808824,0.28634870973953414,-55.0,0.9383333333333334,0.9358333333333333,0.9333333333333333,78,3.816355841188602
602,2026-05-15 16:29:32,320547,timeout,1200,1200,67.74304971706846,67.74304971706846,122.74304971706846,706.68896484375,19.588825225830078,40.62150955200195,0.9510046974596046,58.23761478830289,0.9998622536521067,-19.566041946411133,95.72083282470703,-5.999999999999894,33.30337276458738,63.21127778260639,-1.6308184866477768,33.25999921700355,0.5992184395186976,-55.0,0.9358333333333333,0.9358333333333333,0.93,79,4.2851136998437465
603,2026-05-15 16:29:46,321747,timeout,1200,1200,63.81456284851386,63.81456284851386,118.81456284851386,706.7144775390625,43.59955596923828,59.45865249633789,1.0717366153326309,34.97660302259699,0.9998250603660779,-13.835047721862793,78.4066162109375,-5.999999999999894,32.36279125213622,61.567256726695334,-1.6413590835833582,32.31273470103001,0.21313925223567762,-55.0,0.92,0.9175,0.9116666666666666,100,6.281227182813944
604,2026-05-15 16:29:59,322843,success,1096,1096,238.76731000883854,238.76731000883854,118.76731000883854,707.041015625,9.345253944396973,9.345253944396973,0.8913126860951013,14.69598869745576,0.9998790025669098,20.124380111694336,97.88958740234375,-5.479999999999905,34.88478808403019,55.53689881351089,-1.3722949347361892,34.8545982875824,0.34331975845131507,120.0,1.0,1.0,0.9972627737226277,0,0.0
605,2026-05-15 16:30:14,324043,timeout,1200,1200,59.41581224789528,59.41581224789528,114.41581224789527,707.23681640625,55.85733413696289,64.91898345947266,1.6103404671223893,60.82499972893044,0.9996050595978202,-14.27357292175293,76.95978546142578,-5.999999999999894,32.115891647338856,57.831072288056184,-1.669457549021054,32.07111401467766,0.06719184684350449,-55.0,0.9483333333333334,0.9508333333333333,0.9325,62,3.5559192808013846
606,2026-05-15 16:30:27,325124,success,1081,1081,241.31507134285516,241.31507134285516,121.31507134285516,706.8051147460938,5.940060138702393,5.940060138702393,0.5595313379632659,21.247270507805627,0.9999523162811521,29.6254825592041,95.2828598022461,-5.404999999999907,35.04325273036961,57.73924229469423,-1.3653487011657766,35.02668734169009,0.27623767726699994,120.0,1.0,1.0,0.9990749306197965,0,0.0
607,2026-05-15 16:30:42,326324,timeout,1200,1200,60.13336485100116,60.13336485100116,115.13336485100116,707.232421875,14.525864601135254,50.40738296508789,2.251771642927926,16.056167936697733,0.9992278218101857,-15.766785621643066,89.14662170410156,-5.999999999999894,32.8412519454956,56.44555477434634,-1.491764165956059,32.77368462422486,0.5646376728905003,-55.0,0.9025,0.9025,0.8958333333333334,117,6.447494108860988
608,2026-05-15 16:30:56,327524,timeout,1200,1200,61.90159915924015,61.90159915924015,116.90159915924015,707.12646484375,16.887407302856445,45.372188568115234,0.6949250039416651,18.88789777224061,0.9999264478635661,-18.021251678466797,92.68414306640625,-5.999999999999894,33.087713813781725,57.91557231710663,-1.4604148248986173,33.02554379487037,0.3331840583800402,-55.0,0.9225,0.9216666666666666,0.9066666666666666,94,4.661951918735134
609,2026-05-15 16:31:11,328724,timeout,1200,1200,63.24428977644825,63.24428977644825,118.24428977644826,706.7728271484375,18.46198081970215,45.45241928100586,1.3170041193944402,8.173345870295758,0.9997358321970505,-16.484039306640625,93.32305145263672,-5.999999999999894,33.06602039337152,59.563064909233475,-1.5148959487684222,33.01563230222465,0.11446812038716592,-55.0,0.9158333333333334,0.9141666666666667,0.8991666666666667,103,6.0999832122342905
610,2026-05-15 16:31:24,329796,success,1072,1072,244.611051472032,244.611051472032,124.61105147203199,707.3944091796875,9.566582679748535,9.566582679748535,2.3205183506977507,12.777202436944295,0.9991799593363707,26.498695373535156,90.93230438232422,-5.359999999999908,34.891391324996945,60.9925478384766,-1.3797344087433192,34.876137907028216,0.5907088102735666,120.0,1.0,1.0,0.9972014925373134,0,0.0
611,2026-05-15 16:31:38,330996,timeout,1200,1200,58.77380699114465,58.77380699114465,113.77380699114465,706.5469970703125,13.111330032348633,47.64603042602539,0.2690691658545699,19.48168880547213,0.9999889731413857,-16.363807678222656,104.65282440185547,-5.999999999999894,32.94504833221433,55.40614368456695,-1.644041358291068,32.87169530478115,0.19496102787326802,-55.0,0.9141666666666667,0.9125,0.9033333333333333,70,3.8200421420097697
612,2026-05-15 16:31:53,332196,timeout,1200,1200,64.75123481406493,64.75123481406493,119.75123481406493,707.3937377929688,19.203880310058594,51.32453918457031,2.7752339258231187,46.028556024256716,0.9988271593228627,-20.195892333984375,94.64012145996094,-5.999999999999894,32.8034599304199,61.61509302757585,-1.7106349556634286,32.74977102835476,0.29354578337780296,-55.0,0.9108333333333334,0.9108333333333334,0.9075,108,6.806162852466763
613,2026-05-15 16:32:07,333396,timeout,1200,1200,59.76555097578713,59.76555097578713,114.76555097578714,706.9746704101562,36.948238372802734,63.40428924560547,0.9551110285329574,68.62741168578114,0.9998610615651459,-18.116992950439453,82.67938232421875,-5.999999999999894,32.178519058227515,58.068642867608055,-1.824451306988476,32.124775309879325,0.21806504706066987,-55.0,0.9041666666666667,0.9041666666666667,0.8866666666666667,116,5.723207481970511
614,2026-05-15 16:32:22,334596,timeout,1200,1200,59.29382627350415,59.29382627350415,114.29382627350415,706.9976196289062,3.0436205863952637,42.806983947753906,2.280617666227006,70.51466808553654,0.99920791394688,-15.57815170288086,100.84603118896484,-5.999999999999894,33.20953178405761,55.38912067103211,-1.7535938024400675,33.14933026921754,0.2994373516368265,-55.0,0.9066666666666666,0.9058333333333334,0.89,104,3.970240598247555
615,2026-05-15 16:32:37,335796,timeout,1200,1200,59.52486986681582,59.52486986681582,114.52486986681582,707.3928833007812,47.557464599609375,69.7965316772461,0.9516217623624329,47.63940149849087,0.9998620748431938,-15.852411270141602,83.61820983886719,-5.999999999999894,31.879817581176724,58.333956367203314,-1.6129509711928072,31.820412039287394,0.10363485034111593,-55.0,0.9158333333333334,0.9166666666666666,0.9075,102,5.352400843840471
616,2026-05-15 16:32:51,336996,timeout,1200,1200,61.437211672757364,61.437211672757364,116.43721167275737,706.49169921875,33.429874420166016,55.35093688964844,1.2130528023733715,44.063169090585546,0.9997758865465225,-18.739585876464844,86.28114318847656,-5.999999999999894,32.55703811645505,58.85072499378093,-1.6152815310421653,32.49802460729888,0.14670548626454685,-55.0,0.9216666666666666,0.9208333333333333,0.9191666666666667,95,5.176980165905379
617,2026-05-15 16:33:06,338196,timeout,1200,1200,67.47814615805514,67.47814615805514,122.47814615805514,707.1486206054688,27.155004501342773,47.98052978515625,1.880967929963927,10.773438377874118,0.9994611740340574,-16.401596069335938,86.35363006591797,-5.999999999999894,32.95840454101558,63.566485303913346,-1.503988411272202,32.90618583045994,0.5510588939383155,-55.0,0.9241666666666667,0.9233333333333333,0.9191666666666667,92,6.500327899283114
618,2026-05-15 16:33:20,339396,timeout,1200,1200,64.24687269881127,64.24687269881127,119.24687269881127,707.2122192382812,10.524898529052734,46.514739990234375,0.4106929515317992,41.92429876709064,0.9999743103978302,-17.479211807250977,94.08656311035156,-5.999999999999894,33.03487396240231,60.28943830558246,-1.6465598660949963,32.97566875293853,0.5934515439829311,-55.0,0.9125,0.9116666666666666,0.91,106,5.756382460634368
619,2026-05-15 16:33:35,340596,timeout,1200,1200,59.03276847095545,59.03276847095545,114.03276847095546,706.8690185546875,9.46418285369873,39.10993576049805,2.1911560619215904,29.92496096150971,0.9992688298889687,-15.181053161621094,98.86811065673828,-5.999999999999894,33.387954139709436,54.71214983137212,-1.5959165964698407,33.315493330001836,0.21308776634181903,-55.0,0.92,0.9191666666666667,0.9,97,6.002383844485513
620,2026-05-15 16:33:49,341796,timeout,1200,1200,58.99502014453875,58.99502014453875,113.99502014453876,706.7779541015625,21.27450942993164,39.220176696777344,0.21397886104123046,24.223310287679826,0.9999930262563683,-17.689241409301758,103.44792175292969,-5.999999999999894,33.377888870239275,54.711333105565025,-1.5548439799554157,33.3193393292576,0.14130281943213138,-55.0,0.9358333333333333,0.935,0.9191666666666667,78,4.463114915806374
621,2026-05-15 16:34:03,342996,timeout,1200,1200,57.10331262699529,57.10331262699529,112.10331262699529,707.1732177734375,31.525419235229492,49.07368469238281,0.9618481563755288,51.50630285180983,0.9998590946205014,-13.329427719116211,110.10536193847656,-5.999999999999894,32.90497665405271,54.00103175316946,-1.7027637803768996,32.8652493547201,0.03481864542994228,-55.0,0.925,0.925,0.9075,93,4.105645748168066
622,2026-05-15 16:34:18,344196,timeout,1200,1200,57.00202279564864,57.00202279564864,112.00202279564864,706.650146484375,13.636746406555176,35.888885498046875,3.2154022652334167,33.70048121392308,0.9984257221559374,-16.29619598388672,102.73975372314453,-5.999999999999894,33.538063049316364,52.44901089084088,-1.6172989056738896,33.477768122017395,0.15447963914783128,-55.0,0.9316666666666666,0.9283333333333333,0.9058333333333334,81,4.115699063854098
623,2026-05-15 16:34:32,345396,timeout,1200,1200,58.43162356543951,58.43162356543951,113.43162356543951,707.3268432617188,12.456888198852539,47.99443817138672,1.1917331139311174,35.75734828624281,0.9997836947322117,-18.94993782043457,100.69912719726562,-5.999999999999894,32.96662025451665,54.87794053769786,-1.6130428513777735,32.88775438100106,0.3123512436016945,-55.0,0.9141666666666667,0.9141666666666667,0.8958333333333334,103,3.9694364713907406
624,2026-05-15 16:34:47,346596,timeout,1200,1200,62.781996258616196,62.781996258616196,117.7819962586162,706.528564453125,10.55036735534668,44.84815979003906,1.0930692171012848,24.904447487564763,0.9998180270249849,-18.149553298950195,94.095703125,-5.999999999999894,33.08402023315429,59.16780604500473,-1.5480063277181715,33.01555007314681,0.0626262350286308,-55.0,0.905,0.9041666666666667,0.9016666666666666,115,6.127608152495485
625,2026-05-15 16:35:01,347796,timeout,1200,1200,55.018010054305556,55.018010054305556,110.01801005430556,707.3927612304688,5.6054768562316895,39.04100036621094,1.3961969611695646,4.043267082972449,0.9997031092782251,-16.45245361328125,102.37217712402344,-5.999999999999894,33.417588043212895,50.62795416824359,-1.4202181134658607,33.31618329526483,0.076502661050131,-55.0,0.9258333333333333,0.925,0.9175,77,3.155722877614798
626,2026-05-15 16:35:15,348996,timeout,1200,1200,65.56112043546122,65.56112043546122,120.56112043546122,706.8023681640625,30.2357234954834,52.40199279785156,0.5252593163379932,27.269434638627526,0.9999579787249512,-17.68427085876465,90.2470703125,-5.999999999999894,32.72001876831058,62.47943827457005,-1.5919915409882823,32.6629446189031,0.2907103146656112,-55.0,0.9241666666666667,0.9233333333333333,0.9225,92,6.052897126925399
627,2026-05-15 16:35:29,350085,success,1089,1089,241.95970401320733,241.95970401320733,121.95970401320733,707.3577270507812,8.220081329345703,8.220081329345703,0.4306930527624923,22.816096658265856,0.9999717473995633,18.896717071533203,91.63795471191406,-5.444999999999906,34.95688228607176,58.27299350936458,-1.4107308703517984,34.93529674911502,0.6502623390078115,120.0,1.0,1.0,1.0,0,0.0
628,2026-05-15 16:35:43,351285,timeout,1200,1200,63.34916471943353,63.34916471943353,118.34916471943353,706.9825439453125,46.010581970214844,64.88075256347656,0.9841711355738345,27.855608303387193,0.9998524785037912,-11.533280372619629,80.99149322509766,-5.999999999999894,32.10508956909183,61.666107279960556,-1.5659499696735242,32.045838356703456,0.09807948335131442,-55.0,0.9133333333333333,0.9141666666666667,0.9125,104,6.963082038884374
629,2026-05-15 16:35:58,352485,timeout,1200,1200,57.852399897613196,57.852399897613196,112.8523998976132,706.9852905273438,16.053483963012695,44.366939544677734,0.9007034491519283,49.526319803882345,0.999876439559653,-17.568988800048828,108.94612884521484,-5.999999999999894,33.13091754913334,54.02059653036314,-1.677291046676259,33.08546938024648,0.2927074845465985,-55.0,0.9266666666666666,0.9233333333333333,0.885,80,2.8208503932156592
630,2026-05-15 16:36:12,353685,timeout,1200,1200,61.69281979342581,61.69281979342581,116.69281979342581,707.3644409179688,11.574883460998535,37.84184646606445,0.6489124741025222,37.0787337585464,0.9999358654070517,-16.964004516601562,98.44054412841797,-5.999999999999894,33.47612972259511,56.57193671920593,-1.5940416807678304,33.41988047313694,0.8189145592557436,-55.0,0.9308333333333333,0.9308333333333333,0.9225,83,4.267590703077366
631,2026-05-15 16:36:27,354885,timeout,1200,1200,62.24139753204428,62.24139753204428,117.24139753204429,707.19677734375,15.171629905700684,38.52869415283203,0.6861405802562354,38.94008666587452,0.9999282956075737,-16.604307174682617,94.48795318603516,-5.999999999999894,33.433404159545915,57.925317066908924,-1.6279272036491426,33.37605921834714,0.13454429089162595,-55.0,0.925,0.9233333333333333,0.9216666666666666,93,6.692342492380285
632,2026-05-15 16:36:41,356085,timeout,1200,1200,64.5929607561032,64.5929607561032,119.5929607561032,707.1231079101562,28.213714599609375,44.81116485595703,1.2567877842894326,21.940481774595852,0.9997594356724654,-13.882925033569336,91.30384826660156,-5.999999999999894,33.115597152709945,60.52843812237764,-1.4928609182793022,33.06989052452143,0.37189587477342045,-55.0,0.9325,0.9316666666666666,0.8925,82,5.530676011515886
633,2026-05-15 16:36:44,356310,low_agl,225,225,-35.25297196699418,-35.25297196699418,24.74702803300582,706.6459350585938,566.4796752929688,566.4796752929688,2.894282415509148,25.832186959885718,0.9987244009150865,32.23362731933594,0.523010790348053,-1.124999999999998,7.008312988281253,11.961158939969819,-0.09325472440785487,6.995810829162594,0.0,-60.0,1.0,1.0,0.92,0,0.0
634,2026-05-15 16:36:58,357510,timeout,1200,1200,60.33349710656641,60.33349710656641,115.33349710656641,706.7217407226562,29.893747329711914,48.32231140136719,1.7490998155360182,22.917577901406613,0.9995340705095125,-14.959378242492676,100.05343627929688,-5.999999999999894,32.91997146606444,56.89613400465264,-1.5212119612977208,32.863255368530794,0.17534822861621696,-55.0,0.9258333333333333,0.9266666666666666,0.925,89,5.465321897303722
635,2026-05-15 16:37:13,358710,timeout,1200,1200,56.988327453656495,56.988327453656495,111.9883274536565,706.44775390625,25.066112518310547,45.880069732666016,0.7636142420729264,48.12774977886302,0.9999111890837579,-18.31892204284668,105.47024536132812,-5.999999999999894,33.0283842086792,53.25244230107429,-1.6699552119685732,32.97996723234656,0.3974889235251538,-55.0,0.9291666666666667,0.9291666666666667,0.9233333333333333,79,3.753372835973691
636,2026-05-15 16:37:27,359910,timeout,1200,1200,57.59013874670901,57.59013874670901,112.59013874670902,706.4151611328125,19.13473892211914,46.09576416015625,1.258343893481432,34.783114008694284,0.999758839611524,-14.835731506347656,104.43467712402344,-5.999999999999894,33.015969848632835,53.86786174559998,-1.6527489636159747,32.95277107846732,0.4062850376246206,-55.0,0.9133333333333333,0.9125,0.8925,105,5.7056222798613705
637,2026-05-15 16:37:42,361110,timeout,1200,1200,67.80805491214753,67.80805491214753,122.80805491214753,707.392333984375,19.642959594726562,54.15562438964844,1.217400537945202,68.97081993687105,0.9997742772258574,-18.19651985168457,82.5261459350586,-5.999999999999894,32.66183547973635,64.73130940586272,-1.7476834140615316,32.622376538976994,0.5402169016330417,-55.0,0.8983333333333333,0.8975,0.895,123,7.637043579703612
638,2026-05-15 16:37:57,362310,timeout,1200,1200,69.11033250773681,69.11033250773681,124.11033250773681,707.3218994140625,16.057783126831055,51.23834228515625,0.8050288273010343,85.55649316633215,0.9999012947030319,-21.739561080932617,73.4858169555664,-5.999999999999894,32.804177856445314,65.70728026442126,-1.8717694595706817,32.78628913605216,0.6843547103887718,-55.0,0.9116666666666666,0.9116666666666666,0.9091666666666667,89,4.14253444488186
639,2026-05-15 16:38:11,363510,timeout,1200,1200,61.731147127951104,61.731147127951104,116.7311471279511,706.4198608398438,29.49026107788086,49.21162414550781,2.360739840616075,33.18038279919411,0.9991512895354816,-15.576912879943848,100.64363098144531,-5.999999999999894,32.86041183471684,58.5467127140656,-1.6391890909226121,32.8089090950713,0.15430257501998912,-55.0,0.9241666666666667,0.9258333333333333,0.9141666666666667,92,5.279544253203647
640,2026-05-15 16:38:26,364710,timeout,1200,1200,61.172193351510074,61.172193351510074,116.17219335151007,706.6776733398438,16.812318801879883,42.292381286621094,1.3711644245831738,39.540525180715754,0.9997136592976015,-17.507061004638672,106.47783660888672,-5.999999999999894,33.21926460266116,57.18955126870274,-1.6350026565312623,33.16990442317724,0.22847571350017537,-55.0,0.9275,0.9275,0.9091666666666667,84,2.6088031323918606
641,2026-05-15 16:38:41,365910,timeout,1200,1200,62.7655556510878,62.7655556510878,117.7655556510878,707.2548828125,47.370208740234375,57.072967529296875,1.1665075177789677,26.0260687096657,0.9997927546370673,-13.403258323669434,91.26947784423828,-5.999999999999894,32.50909576416021,60.232093716458074,-1.5507138757299743,32.45909387956937,0.11598616663022147,-55.0,0.9516666666666667,0.9466666666666667,0.9391666666666667,65,3.6265637086709943
642,2026-05-15 16:38:55,367110,timeout,1200,1200,61.07932725767853,61.07932725767853,116.07932725767853,707.2217407226562,26.72937774658203,52.52431106567383,1.175864023168239,52.3233437407051,0.9997894168090976,-17.444673538208008,100.71894073486328,-5.999999999999894,32.734871482849144,58.1886622374217,-1.6911202475690637,32.68417152374984,0.1627422612268809,-55.0,0.9208333333333333,0.92,0.8941666666666667,97,5.19421644125948
643,2026-05-15 16:39:10,368310,timeout,1200,1200,60.21059812923512,60.21059812923512,115.21059812923512,707.2220458984375,11.076080322265625,40.4183464050293,1.8916541878072353,30.121205956742518,0.999455034785207,-16.258037567138672,97.26873016357422,-5.999999999999894,33.34018497467037,55.673419751767085,-1.5469528598978588,33.266863964915245,0.4770822977802483,-55.0,0.9183333333333333,0.9175,0.915,99,6.22614972738232
644,2026-05-15 16:39:24,369510,timeout,1200,1200,59.009235631518386,59.009235631518386,114.00923563151838,706.9970092773438,9.720315933227539,37.6033821105957,0.893505390262087,17.223156982813187,0.9998784065189888,-16.21922492980957,100.5249252319336,-5.999999999999894,33.46968135833735,54.437635370308676,-1.6030892107105563,33.40181464815142,0.3031934654313546,-55.0,0.9216666666666666,0.9208333333333333,0.8991666666666667,96,6.4289202133818515
645,2026-05-15 16:39:39,370710,timeout,1200,1200,65.30932439887218,65.30932439887218,120.30932439887218,706.4749145507812,40.950408935546875,59.07612228393555,2.737381444329731,60.134255867977885,0.9988589287405962,-16.569599151611328,92.17823028564453,-5.999999999999894,32.369939613342204,63.12232935234279,-1.706481933723733,32.32720992982386,0.19632743708693445,-55.0,0.93,0.9291666666666667,0.9225,85,4.051099823827515
646,2026-05-15 16:39:53,371910,timeout,1200,1200,67.09615813927155,67.09615813927155,122.09615813927155,706.4560546875,14.132784843444824,43.89535903930664,1.5131020521166798,30.972589036784605,0.9996513128525604,-17.235681533813477,95.12110137939453,-5.999999999999894,33.12803478240973,62.92935190356022,-1.537718711371153,33.076322316825376,0.5001678478473802,-55.0,0.9166666666666666,0.9158333333333334,0.9133333333333333,101,5.8809443075397985
647,2026-05-15 16:40:07,373110,timeout,1200,1200,56.664745619132326,56.664745619132326,111.66474561913233,707.2245483398438,11.252706527709961,35.40581130981445,0.5895030618149282,23.519501982392324,0.9999470710792486,-16.037450790405273,98.74594116210938,-5.999999999999894,33.59093685150145,51.845064070933304,-1.6313875701186862,33.52577078694099,0.3343614798752226,-55.0,0.9241666666666667,0.9216666666666666,0.9016666666666666,94,6.194030753575087
648,2026-05-15 16:40:22,374310,timeout,1200,1200,62.549961819010484,62.549961819010484,117.54996181901049,706.9456787109375,18.101057052612305,49.68172073364258,2.156674705670427,58.27949750829341,0.9992916583953632,-19.454702377319336,100.36031341552734,-5.999999999999894,32.86319789886469,59.24030704998909,-1.745948672530927,32.821595332771544,0.3708102099161464,-55.0,0.9083333333333333,0.9075,0.8933333333333333,112,6.645505924609943
649,2026-05-15 16:40:35,375399,bad_angle,1089,1089,67.92007533651017,67.92007533651017,117.92007533651017,706.7672119140625,17.618785858154297,18.690881729125977,1.9142796163197255,112.10621028154792,0.999441921758916,-10.899526596069336,110.15052032470703,-5.444999999999906,34.40381650924685,56.188727764518646,-1.7362803935120181,34.368325077548604,0.14048637870793573,-50.0,0.98989898989899,0.9889807162534435,0.9761248852157943,0,0.0
650,2026-05-15 16:40:50,376599,timeout,1200,1200,58.34354534410678,58.34354534410678,113.34354534410679,706.979736328125,18.399023056030273,51.352298736572266,2.8867651519973143,15.352123989883864,0.9987310170875746,-14.87093734741211,106.58242797851562,-5.999999999999894,32.78137187957763,55.22310614184281,-1.4945146989162978,32.72026519880444,0.11331682279797972,-55.0,0.9075,0.9075,0.8991666666666667,106,4.343706200367919
651,2026-05-15 16:41:04,377799,timeout,1200,1200,63.42121010779399,63.42121010779399,118.421210107794,707.30517578125,71.61177062988281,87.05474090576172,0.5439264901439025,36.9886503935831,0.9999549388886835,-13.704500198364258,63.230140686035156,-5.999999999999894,31.01252174377444,64.10277039388208,-1.659984535675649,30.95689663650658,0.009005869306461018,-55.0,0.9208333333333333,0.9208333333333333,0.915,98,6.730775129112279
652,2026-05-15 16:41:18,378999,timeout,1200,1200,62.80435940323583,62.80435940323583,117.80435940323582,706.5125122070312,14.516484260559082,42.754852294921875,0.5616256447175211,23.250464246080107,0.9999519586589031,-18.077075958251953,90.3166732788086,-5.999999999999894,33.187882995605456,58.67190894353392,-1.5826304850821933,33.137343302121394,0.3898546470574437,-55.0,0.9133333333333333,0.9125,0.9083333333333333,105,6.829737914221106
653,2026-05-15 16:41:33,380199,timeout,1200,1200,63.708415675345556,63.708415675345556,118.70841567534555,707.3845825195312,25.176998138427734,51.22029113769531,2.166905048386637,56.2175897563662,0.9992849231201045,-16.774662017822266,93.60044860839844,-5.999999999999894,32.8082145690918,60.39788296867978,-1.6715401524329292,32.756008340924986,0.41784994908188045,-55.0,0.9133333333333333,0.9125,0.9058333333333334,105,6.2794636743208425
654,2026-05-15 16:41:47,381399,timeout,1200,1200,66.75361262405093,66.75361262405093,121.75361262405093,707.1961059570312,17.397565841674805,39.46652603149414,1.3071606428616882,52.20921810986335,0.9997397661248907,-19.71567726135254,100.1319808959961,-5.999999999999894,33.38647899627682,62.24641988155221,-1.6200824898995094,33.339555561602126,0.40124067451925155,-55.0,0.9333333333333333,0.9316666666666666,0.93,82,4.245705790698483
655,2026-05-15 16:42:02,382599,timeout,1200,1200,59.14641438371582,59.14641438371582,114.14641438371582,706.5860595703125,28.798547744750977,55.76992416381836,2.503505735308151,28.536555965522663,0.9990455507886932,-16.98912811279297,99.87353515625,-5.999999999999894,32.540806770324764,56.612243298480486,-1.5483524188862463,32.47854628371445,0.0631704500823847,-55.0,0.9058333333333334,0.905,0.8975,113,6.722999760992327
656,2026-05-15 16:42:16,383799,timeout,1200,1200,55.673605414523195,55.673605414523195,110.6736054145232,707.1932983398438,17.48824691772461,43.31901931762695,2.5512124722265743,56.74768073785089,0.9990088343507814,-16.14073371887207,113.86884307861328,-5.999999999999894,33.19371395111085,51.72650737629138,-1.7170553180486108,33.15141658449168,0.3190228206777397,-55.0,0.9158333333333334,0.915,0.8875,95,2.9088082565242823
657,2026-05-15 16:42:29,384882,success,1083,1083,242.75265925920326,242.75265925920326,122.75265925920326,706.56982421875,9.643438339233398,9.643438339233398,1.6828389764589609,24.421909990628993,0.999568700809524,3.6895103454589844,92.97029113769531,-5.414999999999907,34.84631929397581,59.07408138878959,-1.3744097456583007,34.80709146165848,0.8145768604376312,120.0,1.0,1.0,0.9916897506925207,0,0.0
658,2026-05-15 16:42:44,386082,timeout,1200,1200,61.440163110816215,61.440163110816215,116.44016311081621,707.0015258789062,25.996551513671875,46.292091369628906,1.7343807578746406,9.419932233451249,0.9995418787152293,-15.2378568649292,91.3558578491211,-5.999999999999894,33.03547172546384,57.71848995246811,-1.5139402765838212,32.96983785135944,0.23030385810830015,-55.0,0.9216666666666666,0.92,0.9158333333333334,97,6.330321676610851
659,2026-05-15 16:42:58,387282,timeout,1200,1200,56.421758017098504,56.421758017098504,111.42175801709851,707.3818969726562,42.37544631958008,54.69108581542969,1.676197364543064,24.475684069964505,0.9995720982412648,-10.06882095336914,94.79692077636719,-5.999999999999894,32.63454055786135,53.65260467691844,-1.5000992922740068,32.58204317831435,0.052668896278563006,-55.0,0.9241666666666667,0.9216666666666666,0.9008333333333334,97,5.684541956377935
660,2026-05-15 16:43:13,388482,timeout,1200,1200,64.09414145273811,64.09414145273811,119.09414145273811,707.0617065429688,38.46493911743164,58.820735931396484,1.3618562641266214,36.21509731913331,0.9997175335717222,-14.996785163879395,86.5285415649414,-5.999999999999894,32.41204853057855,61.81028656509948,-1.70255748136322,32.3671998090893,0.20716402933376057,-55.0,0.9141666666666667,0.915,0.9016666666666666,104,6.351823738963561
661,2026-05-15 16:43:27,389682,timeout,1200,1200,64.82878700569978,64.82878700569978,119.82878700569978,706.9439086914062,40.67118835449219,57.710296630859375,1.1685187950461249,45.37161135441197,0.999792039386175,-14.757477760314941,92.48243713378906,-5.999999999999894,32.46168060302729,62.42962461934499,-1.6958539628471716,32.41498541331294,0.21835033286195374,-55.0,0.9258333333333333,0.9241666666666667,0.9083333333333333,91,5.970798301626468
662,2026-05-15 16:43:42,390882,timeout,1200,1200,57.45826666553642,57.45826666553642,112.45826666553643,706.7022094726562,11.397412300109863,46.66307830810547,1.4725963622958596,58.66560127188506,0.9996697306444465,-19.282251358032227,104.75308990478516,-5.999999999999894,33.00195655822754,54.13583219458007,-1.7698261992024846,32.94617393235868,0.14413017957293753,-55.0,0.905,0.905,0.8775,115,6.287999066871452
663,2026-05-15 16:43:56,392082,timeout,1200,1200,66.39448323008457,66.39448323008457,121.39448323008457,706.4249877929688,28.50749969482422,57.62812423706055,1.1609584159651554,42.19612322058423,0.9997947216214191,-17.34099769592285,92.55604553222656,-5.999999999999894,32.43984317779546,63.81407166672874,-1.6490803691279132,32.388588910460456,0.40105984422778423,-55.0,0.9108333333333334,0.91,0.9075,108,6.59726018665814
664,2026-05-15 16:44:11,393282,timeout,1200,1200,64.10411766119284,64.10411766119284,119.10411766119284,706.5465087890625,30.119176864624023,52.887420654296875,0.9000513795296037,46.55322042044583,0.9998766183958481,-17.200260162353516,97.29398345947266,-5.999999999999894,32.682954406738254,61.25617171158406,-1.6748199130494072,32.62463597026465,0.2151754856551982,-55.0,0.9133333333333333,0.9116666666666666,0.9033333333333333,107,6.252502916475861
665,2026-05-15 16:44:35,394482,timeout,1200,1200,63.07600633662033,63.07600633662033,118.07600633662034,707.26025390625,20.99723243713379,48.83664321899414,2.661386838633465,20.513674040000407,0.9989213944226134,-18.092973709106445,95.18392944335938,-5.999999999999894,32.921180534362776,59.51375358734457,-1.5549833331784386,32.856516001597065,0.33953954649439233,-55.0,0.9125,0.9133333333333333,0.8983333333333333,105,6.65707303259006
666,2026-05-15 16:45:02,395682,timeout,1200,1200,67.11716214974842,67.11716214974842,122.11716214974842,707.1744995117188,18.723426818847656,53.073978424072266,1.293314568753603,31.767407905215236,0.9997452497383227,-16.5240478515625,103.08903503417969,-5.999999999999894,32.70502605438238,64.07724973376753,-1.5816041241015673,32.64934242153168,0.2671480641686275,-55.0,0.9033333333333333,0.9033333333333333,0.8933333333333333,117,5.726581071906771
667,2026-05-15 16:45:28,396882,timeout,1200,1200,64.91816598710966,64.91816598710966,119.91816598710966,706.871337890625,9.654088973999023,43.54219055175781,1.2519516901919463,35.86839691686346,0.9997612834103016,-16.03020668029785,104.62763977050781,-5.999999999999894,33.1664573669434,60.99248236418934,-1.6154698060804207,33.110302231669436,0.2643938303880453,-55.0,0.9141666666666667,0.9141666666666667,0.8991666666666667,102,4.721408882137131
668,2026-05-15 16:45:57,398082,timeout,1200,1200,59.615095736193716,59.615095736193716,114.61509573619372,707.36669921875,26.542007446289062,48.798404693603516,0.7707558985412624,25.922883334327025,0.99990952014325,-16.82536506652832,99.2249984741211,-5.999999999999894,32.92841472625738,56.25653765310878,-1.598450066545187,32.86586384421118,0.1627295791616409,-55.0,0.9241666666666667,0.9241666666666667,0.9158333333333334,94,5.957216623249036
669,2026-05-15 16:46:25,399282,timeout,1200,1200,60.24818490544992,60.24818490544992,115.24818490544992,706.4774780273438,25.67686653137207,54.361328125,0.2719624713395843,24.021565282617868,0.9999887347228162,-13.350472450256348,97.61309814453125,-5.999999999999894,32.605807495117276,57.451325189630396,-1.6141146795319816,32.542131274670375,0.2630356255639309,-55.0,0.9133333333333333,0.9133333333333333,0.9025,104,5.856893615608202
670,2026-05-15 16:46:48,400367,success,1085,1085,237.137443013338,237.137443013338,117.13744301333799,706.4298095703125,9.734469413757324,9.734469413757324,3.480821922276231,19.534325658310834,0.9981551767108441,24.266250610351562,91.91053009033203,-5.424999999999907,34.834767007827814,53.72412466099224,-1.390915068495676,34.820535505294814,0.5739309077190133,120.0,1.0,1.0,0.9806451612903225,0,0.0
671,2026-05-15 16:47:19,401567,timeout,1200,1200,64.15983329788034,64.15983329788034,119.15983329788034,707.3197021484375,9.889495849609375,43.46882247924805,1.6486512116204024,41.10103899095608,0.9995860457493903,-17.613536834716797,97.98301696777344,-5.999999999999894,33.1925439834594,59.767123905759114,-1.6128216182621915,33.133741007357884,0.6792460195660611,-55.0,0.9125,0.9125,0.91,105,6.086978944144217
672,2026-05-15 16:47:45,402767,timeout,1200,1200,63.008981962100414,63.008981962100414,118.00898196210042,706.4161987304688,17.523881912231445,49.28356170654297,1.5996104533797109,48.54989645070483,0.999610304852874,-15.592650413513184,96.9166259765625,-5.999999999999894,32.85663185119632,59.81621057354398,-1.6897235980611711,32.80379918715358,0.2220639482677288,-55.0,0.9033333333333333,0.9025,0.8991666666666667,117,7.254487154186688
673,2026-05-15 16:48:11,403967,timeout,1200,1200,66.69446593496897,66.69446593496897,121.69446593496897,707.3931274414062,9.416097640991211,44.53635787963867,1.7697884585319867,39.730612760411795,0.9995229840222373,-17.853534698486328,95.13536071777344,-5.999999999999894,33.14283847808833,62.26003417727426,-1.6238460706944362,33.091969145953705,0.8234702043470109,-55.0,0.9025,0.9025,0.8983333333333333,117,7.714805074088149
674,2026-05-15 16:48:37,405167,timeout,1200,1200,67.28800490162092,67.28800490162092,122.28800490162092,707.38427734375,43.12890625,66.21099090576172,0.39614184715489525,23.890338565641706,0.9999760985386894,-14.247902870178223,81.96417236328125,-5.999999999999894,32.0586643218994,65.66270118797807,-1.5975532597389714,32.00366676273948,0.16052588874298623,-55.0,0.9108333333333334,0.9108333333333334,0.9066666666666666,107,7.0682978405667
675,2026-05-15 16:49:04,406367,timeout,1200,1200,65.57241530622136,65.57241530622136,120.57241530622136,706.7210083007812,33.41250228881836,49.6102294921875,1.9857379091900451,16.563092624065032,0.9993994832553599,-13.742729187011719,90.5577392578125,-5.999999999999894,32.85553894042964,62.12293139591983,-1.4978791921115389,32.797815566415885,0.29400859556734743,-55.0,0.9308333333333333,0.93,0.9275,85,5.95301335591784
676,2026-05-15 16:49:30,407567,timeout,1200,1200,60.35052049055171,60.35052049055171,115.3505204905517,706.929443359375,17.94247817993164,49.04347229003906,2.0121726622686986,27.714324132858184,0.9993833899607477,-16.234817504882812,103.50788116455078,-5.999999999999894,32.89429855346686,56.96104378082632,-1.6395716462962104,32.84422666728498,0.29052313526989604,-55.0,0.9133333333333333,0.9116666666666666,0.895,105,5.097628005500719
677,2026-05-15 16:49:57,408767,timeout,1200,1200,61.18350765559776,61.18350765559776,116.18350765559777,707.3654174804688,15.49979305267334,42.82161331176758,0.4252062764248565,18.317474523706995,0.9999724626541382,-18.535451889038086,98.10610961914062,-5.999999999999894,33.227190208435104,57.000330157616155,-1.500037412601074,33.17534071750933,0.28068398463815725,-55.0,0.9183333333333333,0.9166666666666666,0.9091666666666667,100,6.540480256439151
678,2026-05-15 16:50:25,409840,success,1073,1073,241.20861318196444,241.20861318196444,121.20861318196444,706.498046875,9.710432052612305,9.710432052612305,1.6305088418026734,23.858646487892845,0.9995951056220564,30.77352523803711,91.70175170898438,-5.364999999999908,34.839380741119406,57.39597621641694,-1.39030656617546,34.823251575469996,0.9053112151336161,120.0,1.0,1.0,0.9934762348555451,0,0.0
679,2026-05-15 16:50:56,411040,timeout,1200,1200,64.26097117983815,64.26097117983815,119.26097117983815,707.2377319335938,27.418319702148438,41.57965087890625,1.1708609096012046,30.68232990272116,0.9997912049302107,-13.2308988571167,102.37918853759766,-5.999999999999894,33.282904052734395,60.143590480811966,-1.5901638124919224,33.23199120557312,0.19264925321047183,-55.0,0.9383333333333334,0.9375,0.9358333333333333,76,4.075667365977614
680,2026-05-15 16:51:22,412240,timeout,1200,1200,62.93174908304471,62.93174908304471,117.9317490830447,707.390625,18.046703338623047,42.783111572265625,1.2169182625567758,56.549048591503166,0.9997744560246685,-17.03238868713379,85.9232177734375,-5.999999999999894,33.23037567138672,58.73231156771647,-1.7789554475094578,33.17861677441006,0.5694005170408586,-55.0,0.9183333333333333,0.9191666666666667,0.9091666666666667,99,5.107093875358949
681,2026-05-15 16:51:53,413440,timeout,1200,1200,61.81822845348121,61.81822845348121,116.81822845348121,707.332763671875,11.393547058105469,44.9808349609375,4.261494188275294,39.79744616144037,0.997235298022234,-17.693967819213867,104.52874755859375,-5.999999999999894,33.117596435546865,58.00714445961018,-1.6882915577213167,33.06037202507259,0.32140709097276265,-55.0,0.9033333333333333,0.9025,0.8891666666666667,117,6.7266494247741555
682,2026-05-15 16:52:19,414640,timeout,1200,1200,57.20259022399915,57.20259022399915,112.20259022399915,706.77880859375,11.87767219543457,40.699951171875,0.8040559522311306,1.0885845575809368,0.9999015331251099,-14.995943069458008,98.61726379394531,-5.999999999999894,33.303942871093724,53.14428953016748,-1.564392505729512,33.22877594608069,0.08997438238673516,-55.0,0.9083333333333333,0.9083333333333333,0.8991666666666667,103,6.5132082615864055
683,2026-05-15 16:52:46,415840,timeout,1200,1200,59.160296204970784,59.160296204970784,114.16029620497079,706.7252197265625,10.58455753326416,44.020198822021484,1.941888735048798,31.095805649411638,0.9994257092101511,-16.998493194580078,98.17691040039062,-5.999999999999894,33.13525104522711,55.57042383810863,-1.7076819094619293,33.05297722780702,0.10932600328985792,-55.0,0.8966666666666666,0.8958333333333334,0.8875,127,7.9153950913413
684,2026-05-15 16:53:10,416921,success,1081,1081,242.9407433531717,242.9407433531717,122.94074335317171,707.3051147460938,4.863666534423828,4.863666534423828,2.8099312868067834,25.52069106014541,0.9987976550280503,27.9743709564209,97.12349700927734,-5.404999999999907,35.12207241058346,59.11217810956186,-1.436253035765638,35.10862035942077,0.43912550937116124,120.0,1.0,1.0,0.9944495837187789,0,0.0
685,2026-05-15 16:53:36,418121,timeout,1200,1200,67.7643766585237,67.7643766585237,122.7643766585237,706.626708984375,42.032203674316406,61.02617645263672,0.7417770067184849,47.14268282129086,0.9999161958727281,-15.989240646362305,89.07012939453125,-5.999999999999894,32.28002662658694,65.69044933957971,-1.650724123754237,32.23604924605788,0.2085755700534977,-55.0,0.9233333333333333,0.9225,0.8958333333333334,93,5.445877353999193
686,2026-05-15 16:54:07,419321,timeout,1200,1200,59.52954287749506,59.52954287749506,114.52954287749506,706.4431762695312,15.508743286132812,39.91408157348633,0.7865874766245585,39.05011759830884,0.999905765056659,-15.433984756469727,103.98538208007812,-5.999999999999894,33.32645473480221,55.307231015171766,-1.639435884030134,33.27854123066362,0.2567517808874824,-55.0,0.9175,0.9175,0.9075,88,4.663575929997922
687,2026-05-15 16:54:34,420521,timeout,1200,1200,59.04781608740578,59.04781608740578,114.04781608740578,707.2179565429688,7.864656925201416,42.4801139831543,1.3650138392355773,42.41708325532872,0.9997162222722361,-15.819086074829102,107.09376525878906,-5.999999999999894,33.23689212799069,54.87496483556252,-1.6107750204793403,33.16865799152852,0.37807615280320783,-55.0,0.9141666666666667,0.9133333333333333,0.9125,98,3.8252536342496826
688,2026-05-15 16:55:00,421721,timeout,1200,1200,64.60652015378723,64.60652015378723,119.60652015378723,707.1319580078125,29.11012077331543,52.83091354370117,1.3053629157277997,24.722358059386806,0.9997404813966941,-16.205854415893555,99.95112609863281,-5.999999999999894,32.715052223205504,61.670037333137365,-1.58817581413029,32.65562705083187,0.15397936074262858,-55.0,0.9158333333333334,0.9141666666666667,0.9125,103,6.131340155066922
689,2026-05-15 16:55:26,422921,timeout,1200,1200,54.067866364965205,54.067866364965205,109.0678663649652,706.835693359375,8.662303924560547,38.19212341308594,0.8550079361398092,55.38027003582517,0.9998886585246051,-16.833744049072266,103.83989715576172,-5.999999999999894,33.43217849731448,49.93522782925673,-1.7062941992142424,33.3613291099071,0.04542512770109257,-55.0,0.9175,0.9183333333333333,0.8791666666666667,93,5.039627112839604
690,2026-05-15 16:55:54,424121,timeout,1200,1200,60.1664578516902,60.1664578516902,115.1664578516902,706.7645874023438,36.690067291259766,56.06346893310547,1.20040425252586,23.714295562426503,0.99978053568993,-14.667068481445312,98.63276672363281,-5.999999999999894,32.53505592346198,57.72051759378606,-1.614865723939801,32.47292865430565,0.05282140407633199,-55.0,0.9216666666666666,0.9208333333333333,0.92,96,6.58869554436415
691,2026-05-15 16:56:20,425321,timeout,1200,1200,65.38415983571267,65.38415983571267,120.38415983571267,706.4723510742188,29.330169677734375,43.79943084716797,0.9769871639491562,19.62377210813403,0.9998546242620693,-16.905963897705078,91.25119018554688,-5.999999999999894,33.133646011352496,61.398759518934895,-1.5505160244129879,33.08892307201026,0.31334725782795264,-55.0,0.9433333333333334,0.9408333333333333,0.9366666666666666,71,4.467784475686544
692,2026-05-15 16:56:50,426521,timeout,1200,1200,60.40231423723144,60.40231423723144,115.40231423723144,707.3809814453125,16.93384552001953,42.12042999267578,2.1506769458055097,24.874408315595048,0.9992955922822396,-18.11736297607422,96.6861572265625,-5.999999999999894,33.26302757263187,56.10944868783635,-1.5772789024140577,33.20385878163576,0.4032580975416328,-55.0,0.9216666666666666,0.9208333333333333,0.905,95,6.023363981214455
693,2026-05-15 16:57:19,427721,timeout,1200,1200,63.62537640059015,63.62537640059015,118.62537640059014,706.4151000976562,20.13837432861328,51.022727966308594,0.5442860889315331,50.910747922225156,0.9999548792881465,-17.213430404663086,104.26736450195312,-5.999999999999894,32.76961860656734,60.56049802408191,-1.7149717859077702,32.71745249557494,0.2927790602735096,-55.0,0.9083333333333333,0.9083333333333333,0.905,110,5.3458403975817035
694,2026-05-15 16:57:47,428815,success,1094,1094,233.6166188358838,233.6166188358838,113.6166188358838,707.3538818359375,8.598180770874023,8.598180770874023,0.3292442263398665,25.70757357357342,0.9999834895131291,23.056293487548828,107.72969818115234,-5.469999999999906,34.93778505325314,50.33642437400818,-1.4009866369362647,34.89364017868045,0.31975586687802304,120.0,1.0,1.0,0.9872029250457038,0,0.0
695,2026-05-15 16:58:14,430015,timeout,1200,1200,60.07543821016261,60.07543821016261,115.07543821016262,707.3866577148438,7.433587074279785,35.751285552978516,1.8126173731659632,7.559435661090318,0.9994996190194593,-13.459417343139648,101.14354705810547,-5.999999999999894,33.58176860809328,55.24059872740153,-1.534563491943753,33.522299700133516,0.2653346664780061,-55.0,0.9141666666666667,0.915,0.89,100,6.346581565099349
696,2026-05-15 16:58:40,431215,timeout,1200,1200,61.17141993666017,61.17141993666017,116.17141993666017,707.290771484375,41.155296325683594,58.665855407714844,0.329837999230408,25.103697766032376,0.9999834299081816,-12.458308219909668,100.47921752929688,-5.999999999999894,32.43124580383298,58.79210648226738,-1.5747455344813823,32.36579081269915,0.1570223723421857,-55.0,0.9233333333333333,0.9258333333333333,0.9208333333333333,89,4.251014767189146
697,2026-05-15 16:59:05,432415,timeout,1200,1200,59.799733690669925,59.799733690669925,114.79973369066992,706.4498291015625,18.780277252197266,49.97559356689453,1.055546932565585,30.43322265840704,0.9998303055837209,-15.00320053100586,105.31614685058594,-5.999999999999894,32.82371177673339,56.58458792511351,-1.6838311712058496,32.76865805204212,0.3066071079867032,-55.0,0.9058333333333334,0.9058333333333334,0.8991666666666667,114,6.06293349112644
698,2026-05-15 16:59:29,433483,bad_angle,1068,1068,72.52790929813234,72.52790929813234,122.52790929813234,706.5065307617188,2.899989128112793,2.899989128112793,0.839067982164292,114.70682529859778,0.9998927712418338,11.037415504455566,101.65754699707031,-5.339999999999908,35.180327081680275,59.19177634236249,-1.7044392929916365,35.15860645198816,0.041638715092864265,-50.0,1.0,1.0,0.9943820224719101,0,0.0
699,2026-05-15 16:59:54,434683,timeout,1200,1200,66.1487521662479,66.1487521662479,121.1487521662479,706.4400024414062,18.821548461914062,44.00559997558594,1.1208232639068085,62.18011609045014,0.999808669078455,-17.095111846923828,97.40415954589844,-5.999999999999894,33.121720123290956,62.14121972899363,-1.6914472110324899,33.08810765568536,0.4891518693103932,-55.0,0.9208333333333333,0.9216666666666666,0.9133333333333333,95,5.537058247211885
700,2026-05-15 17:00:20,435883,timeout,1200,1200,57.87964164627289,57.87964164627289,112.87964164627289,707.0496826171875,13.299288749694824,43.205257415771484,1.3156661493690582,60.399171585126,0.9997363686472199,-19.06679344177246,99.17625427246094,-5.999999999999894,33.19222126007077,53.98052546992866,-1.7462745087329956,33.131541429482425,0.3216279955242277,-55.0,0.9175,0.9158333333333334,0.9025,101,6.259683896330206
701,2026-05-15 17:00:46,437083,timeout,1200,1200,66.61134358827736,66.61134358827736,121.61134358827736,707.3422241210938,11.241095542907715,45.79758834838867,2.3953904574926073,67.1457114283736,0.999126195832726,-19.793460845947266,106.13151550292969,-5.999999999999894,33.07723178863518,62.52002603621126,-1.7587776252301395,33.02098364002262,0.7518797486384228,-55.0,0.91,0.9091666666666667,0.9075,109,4.799939391649481
702,2026-05-15 17:01:12,438283,timeout,1200,1200,66.33083128882899,66.33083128882899,121.33083128882899,706.4143676757812,36.02391815185547,56.42809295654297,1.1770284637000203,36.48544303667158,0.9997889995425009,-15.848916053771973,97.68016815185547,-5.999999999999894,32.499313735962026,63.74009854334579,-1.6664295209694973,32.44626051731776,0.31158801317297236,-55.0,0.9183333333333333,0.9183333333333333,0.9141666666666667,100,5.4317146087401005
703,2026-05-15 17:01:38,439483,timeout,1200,1200,62.94067971853685,62.94067971853685,117.94067971853684,707.0338134765625,28.907615661621094,49.814430236816406,1.3996965793455498,49.50690840626117,0.999701619152393,-17.3310604095459,99.66460418701172,-5.999999999999894,32.86096916198732,59.854056457527996,-1.6634213592835299,32.81250567811728,0.076569780187723,-55.0,0.9241666666666667,0.9233333333333333,0.915,92,4.987625421223199
704,2026-05-15 17:02:01,440554,success,1071,1071,243.72465083902847,243.72465083902847,123.72465083902847,706.4475708007812,2.907238006591797,2.907238006591797,1.5780558704630316,24.168375076185413,0.999620735637794,29.60297966003418,97.82311248779297,-5.354999999999908,35.17701663970947,59.68292573145624,-1.4293948592685122,35.165079956054726,0.4840233710765478,120.0,1.0,1.0,0.9859943977591037,0,0.0
705,2026-05-15 17:02:27,441754,timeout,1200,1200,70.66369194609479,70.66369194609479,125.66369194609479,706.6282958984375,14.163976669311523,42.92070770263672,1.1422670696928867,23.896021283031157,0.999801278128526,-14.8757905960083,98.57791137695312,-5.999999999999894,33.18537940979009,66.36779953022774,-1.6094835416506592,33.13409418115017,0.5859023665773487,-55.0,0.9141666666666667,0.9133333333333333,0.9125,105,6.252718542294136
706,2026-05-15 17:02:51,442864,success,1110,1110,244.62923002529308,244.62923002529308,124.62923002529308,706.6680908203125,9.949019432067871,9.949019432067871,3.260627295605598,14.027993635307574,0.9983811379315435,2.0193450450897217,100.27075958251953,-5.549999999999904,34.83595356941223,61.70370802509274,-1.4791310084334341,34.808713974714244,0.30998546450753023,120.0,1.0,1.0,0.990990990990991,0,0.0
707,2026-05-15 17:03:17,444064,timeout,1200,1200,63.51932594151582,63.51932594151582,118.51932594151582,707.2529907226562,20.569007873535156,41.76875305175781,1.5960586482895984,25.04558993166849,0.9996120333926363,-16.24776268005371,99.44183349609375,-5.999999999999894,33.27421188354497,59.120783834414084,-1.552175328958799,33.2291444656253,0.44736108689026294,-55.0,0.925,0.9266666666666666,0.92,90,4.599036774106274
708,2026-05-15 17:03:43,445264,timeout,1200,1200,65.66010790759445,65.66010790759445,120.66010790759445,706.8817138671875,20.509618759155273,42.58731460571289,0.9387862360863922,61.604508728336484,0.9998657703522078,-16.82308006286621,103.10188293457031,-5.999999999999894,33.21471996307373,61.81078700978918,-1.7955105646070073,33.18258151501421,0.24752998432447865,-55.0,0.9225,0.9216666666666666,0.9075,93,4.92438564788257
709,2026-05-15 17:04:07,446368,success,1104,1104,245.5038231709059,245.5038231709059,125.50382317090589,706.7957153320312,9.908212661743164,9.908212661743164,0.5442860889315331,14.402731110346679,0.9999548792881465,5.936026573181152,90.9990463256836,-5.5199999999999045,34.844375133514454,61.881599755862084,-1.3234749630674523,34.8089537744522,0.812369470144622,120.0,1.0,1.0,0.9963768115942029,0,0.0
710,2026-05-15 17:04:31,447568,timeout,1200,1200,66.43634405152554,66.43634405152554,121.43634405152554,707.3567504882812,18.17289924621582,43.62654113769531,0.5640592197744555,63.45908267291337,0.9999515414252534,-18.358999252319336,102.841064453125,-5.999999999999894,33.1865104675293,62.349654742082855,-1.808210878784043,33.143108865916695,0.5652808547808084,-55.0,0.9241666666666667,0.9233333333333333,0.9208333333333333,92,4.6206582572628685
711,2026-05-15 17:05:01,448768,timeout,1200,1200,63.942806095986946,63.942806095986946,118.94280609598695,707.1093139648438,10.052939414978027,42.992034912109375,4.217422392655787,21.560936700154706,0.9972921609842487,-15.690711975097656,103.93341827392578,-5.999999999999894,33.20586395263666,59.58884507719453,-1.5811127950506052,33.13606294546834,0.5931469157378518,-55.0,0.9133333333333333,0.9125,0.9083333333333333,104,4.856848482807206
712,2026-05-15 17:05:24,449833,bad_angle,1065,1065,65.2865528081075,65.2865528081075,115.2865528081075,707.0195922851562,17.076814651489258,17.076814651489258,0.3426407085819209,110.70901995474094,0.9999821186063428,17.590442657470703,108.1572494506836,-5.324999999999909,34.49713888168336,53.121700219703314,-1.6778347035340133,34.487079769134525,0.18346864112029712,-50.0,1.0,1.0,0.9887323943661972,0,0.0
713,2026-05-15 17:05:48,450916,success,1083,1083,244.98480941781895,244.98480941781895,124.98480941781895,706.9706420898438,9.262290000915527,9.262290000915527,1.880967929963927,23.837875882626836,0.9994611740340574,10.99669075012207,97.36431121826172,-5.414999999999907,34.88541760444643,61.6093385841608,-1.4149708854961125,34.8546772022248,0.46534691248305904,120.0,1.0,1.0,0.9990766389658357,0,0.0
714,2026-05-15 17:06:12,451981,success,1065,1065,245.93399823274592,245.93399823274592,125.93399823274592,707.2002563476562,9.800280570983887,9.800280570983887,2.2615721106132485,24.927907479816465,0.9992210864990786,25.770349502563477,92.27823638916016,-5.324999999999909,34.86999878883363,62.12061770404297,-1.3669782124064234,34.85414033317566,0.7812196191001848,120.0,1.0,1.0,0.9990610328638497,0,0.0
715,2026-05-15 17:06:37,453181,timeout,1200,1200,66.87364307800442,66.87364307800442,121.87364307800442,707.0194091796875,14.58381175994873,40.44572067260742,0.549652216380783,20.690418845152827,0.9999539852172545,-16.73994255065918,100.12542724609375,-5.999999999999894,33.32868442535399,62.36153619373803,-1.5417478058883047,33.282483720600624,0.4426865442002872,-55.0,0.92,0.9191666666666667,0.9,97,5.778956526209041
716,2026-05-15 17:07:04,454381,timeout,1200,1200,67.45348800931146,67.45348800931146,122.45348800931146,706.935791015625,8.386993408203125,37.03215408325195,0.62118115902033,26.606153260780296,0.9999412298180901,-16.10611915588379,98.2172622680664,-5.999999999999894,33.49518184661865,62.57543881943306,-1.6320556039608336,33.43606826318066,0.5788546840399824,-55.0,0.9141666666666667,0.9133333333333333,0.9125,104,6.970410789646311
717,2026-05-15 17:07:30,455581,timeout,1200,1200,64.27732358308268,64.27732358308268,119.27732358308268,707.2531127929688,20.391300201416016,47.32417678833008,1.3242647172038695,19.073839427110453,0.9997329116024961,-17.931150436401367,101.8436279296875,-5.999999999999894,32.99644680023194,60.56110812104247,-1.5266397780617271,32.93983811515573,0.3065703247144787,-55.0,0.915,0.915,0.8941666666666667,103,5.959291745220021
718,2026-05-15 17:07:57,456781,timeout,1200,1200,61.984273757150945,61.984273757150945,116.98427375715094,706.6401977539062,19.927412033081055,47.56980895996094,0.23821109155596631,45.063784973803244,0.999991357327184,-16.503328323364258,97.94425964355469,-5.999999999999894,32.953519439697246,58.59308721149561,-1.673927824121321,32.903560257732835,0.20803467234648448,-55.0,0.91,0.9091666666666667,0.8991666666666667,109,6.255201550861976
719,2026-05-15 17:08:27,457981,timeout,1200,1200,60.854193723460895,60.854193723460895,115.8541937234609,707.39208984375,30.523513793945312,49.73101806640625,2.2499456345420055,39.47458311937387,0.9992290734921944,-16.48366355895996,103.26419830322266,-5.999999999999894,32.883053588867185,57.596443670289815,-1.7028856029639292,32.832823343060895,0.24475872420677977,-55.0,0.9166666666666666,0.9141666666666667,0.9116666666666666,103,6.835109089193396
720,2026-05-15 17:08:51,459067,success,1086,1086,238.07228177509927,238.07228177509927,118.07228177509927,707.1049194335938,8.427374839782715,8.427374839782715,1.0950367384690716,25.146012495487895,0.9998173713537162,11.236824035644531,100.61845397949219,-5.4299999999999065,34.9338772296906,54.51875617259904,-1.4091300340995743,34.9005251541138,0.5582532527954637,120.0,1.0,1.0,0.9760589318600368,0,0.0
721,2026-05-15 17:09:17,460267,timeout,1200,1200,64.11361450844743,64.11361450844743,119.11361450844743,707.2037963867188,16.003454208374023,45.39967346191406,0.2839302967867689,28.805824220719366,0.9999877214432009,-15.0007905960083,101.2534408569336,-5.999999999999894,33.09020614624028,60.11195831107233,-1.6548892538734272,33.042849060624896,0.5234902443835464,-55.0,0.9125,0.9116666666666666,0.9041666666666667,107,6.420511738276416
722,2026-05-15 17:09:43,461467,timeout,1200,1200,64.9137540738758,64.9137540738758,119.9137540738758,706.4515991210938,31.8787841796875,55.023380279541016,1.9737765404060603,32.755377693184656,0.9994066953452064,-14.89079475402832,93.37174224853516,-5.999999999999894,32.57141094207771,62.29912972196032,-1.6624925111727915,32.52549429705735,0.18021162395313203,-55.0,0.9066666666666666,0.9066666666666666,0.9016666666666666,114,7.557358453738433
723,2026-05-15 17:10:10,462667,timeout,1200,1200,62.365985653047275,62.365985653047275,117.36598565304728,707.0158081054688,7.290153503417969,44.02128982543945,1.7140642534667319,32.938471159170604,0.9995525479059085,-17.187803268432617,103.96465301513672,-5.999999999999894,33.14972591400152,58.56331655786913,-1.674386477415562,33.08254627841712,0.2447833801751134,-55.0,0.9016666666666666,0.9008333333333334,0.885,119,7.032323065634836
724,2026-05-15 17:10:39,463867,timeout,1200,1200,55.85422652594556,55.85422652594556,110.85422652594556,706.5895385742188,10.982657432556152,36.64733123779297,1.6621281353481896,55.20707692904116,0.9995792508141244,-17.432981491088867,104.09513854980469,-5.999999999999894,33.49711036682129,51.441524706164614,-1.766872347265446,33.44917856814712,0.233285232077973,-55.0,0.9241666666666667,0.9225,0.9041666666666667,93,5.70837665861717
725,2026-05-15 17:11:03,464936,success,1069,1069,242.9993515899506,242.9993515899506,122.9993515899506,706.5699462890625,9.8346586227417,9.8346586227417,1.4720646747576565,22.74204033218999,0.9996699690787476,21.26447868347168,93.52123260498047,-5.344999999999908,34.83676438331606,59.35343194975365,-1.4075629657423203,34.821897268295295,0.7398209543280634,120.0,1.0,1.0,0.9934518241347053,0,0.0
726,2026-05-15 17:11:29,466136,timeout,1200,1200,59.26964814982669,59.26964814982669,114.2696481498267,706.4778442382812,15.246173858642578,48.208858489990234,0.4233615383795712,31.640448348923037,0.9999727010737796,-14.600495338439941,91.39236450195312,-5.999999999999894,32.91344928741456,55.985622655041716,-1.6470650454038878,32.848620007216915,0.16902124555731882,-55.0,0.9033333333333333,0.9033333333333333,0.8908333333333334,116,7.05322283189783
