episode_id,timestamp,done_reason,episode_len,episode_return,min_distance,final_distance,min_theta_deg,final_theta_deg,reward_distance,reward_alignment,reward_theta_progress,reward_closing,reward_final_approach,reward_terminal
1,2026-05-15 15:17:58,bad_angle,33,-49.618320158057315,690.732421875,690.732421875,82.80383130816863,112.78554772658656,0.7893035888671874,-0.8892628304865938,-0.15169020492057572,0.798329288482666,0.0,-50.0
2,2026-05-15 15:18:00,bad_angle,165,-39.95217063128675,609.0562744140625,609.0562744140625,22.669358581684595,110.87483645722133,4.89006652832031,1.3828886569874603,-0.3019036581625192,4.901777841567992,0.0,-50.0
3,2026-05-15 15:18:02,low_agl,204,-43.496012779172986,578.0877075195312,578.0877075195312,30.545452911754104,86.52002112235667,6.451455688476561,4.876982615397861,-0.25451054464104084,6.450059461593627,0.0,-60.0
4,2026-05-15 15:18:03,low_agl,133,-52.22473534640985,631.2002563476562,631.2002563476562,38.52865997593505,96.56063825889636,3.7621490478515636,1.0926161053189942,-0.17854195961763517,3.7640414600372316,0.0,-60.0
5,2026-05-15 15:18:04,bad_angle,40,-49.642181231742626,689.0162963867188,689.0162963867188,82.01180257201395,113.25150323176483,0.9189056396484374,-1.1169780920154504,-0.16949726623779685,0.9253884868621829,0.0,-50.0
6,2026-05-15 15:18:05,low_agl,162,-53.549222124862666,620.9214477539062,620.9214477539062,46.2896058543346,86.17652407880756,4.312774658203124,-1.1724170577459598,-0.19372889142701738,4.314149166107178,0.0,-60.0
7,2026-05-15 15:18:06,bad_angle,42,-49.16769772829568,686.4244995117188,686.4244995117188,80.068641073902,111.3121393188314,1.0295715332031248,-0.867515441403054,-0.16149734655449047,1.0417435264587402,0.0,-50.0
8,2026-05-15 15:18:08,low_agl,257,-40.21295077250156,549.4637451171875,549.4637451171875,9.015653336478193,88.26670539880404,7.890444946289068,5.642398411451682,-0.34639067069334667,7.885596540451052,0.0,-60.0
9,2026-05-15 15:18:09,low_agl,81,-54.11282943991386,659.9950561523438,659.9950561523438,28.364064660675865,73.9792815420255,2.3257476806640622,1.7063760542213622,-0.061019895761802084,2.3210667209625244,0.0,-60.0
10,2026-05-15 15:18:10,low_agl,109,-54.762931348228996,647.9742431640625,647.9742431640625,46.066173291110566,85.09382298214464,2.9669555664062495,-0.019901922075258552,-0.12770234256608692,2.9627173500061046,0.0,-60.0
11,2026-05-15 15:18:13,bad_angle,258,-32.639067867502334,552.2758178710938,552.2758178710938,25.181239196132235,110.68751851923373,7.749160766601569,3.5387535206086267,-0.39646402536377545,7.759481870651244,0.0,-50.0
12,2026-05-15 15:18:15,low_agl,157,-47.53729559532957,610.0447387695312,610.0447387695312,24.399028856909453,88.67656456032898,4.825982666015628,3.8048716368673,-0.20978397528462792,4.826634077072141,0.0,-60.0
13,2026-05-15 15:18:15,bad_angle,29,-49.553178182696065,692.5093383789062,692.5093383789062,82.00420740165688,113.59891397370835,0.6991577148437499,-0.6671487960024884,-0.14903257959518423,0.7088454780578612,0.0,-50.0
14,2026-05-15 15:18:17,low_agl,169,-42.49830461349546,594.6619262695312,594.6619262695312,3.81166689416154,75.08293765906203,5.636468505859374,7.300410218724652,-0.22151510420802462,5.63133176612854,0.0,-60.0
15,2026-05-15 15:18:19,low_agl,240,-30.66841676380116,534.2822265625,534.2822265625,3.2478132203924197,77.19617769769646,8.618054199218747,13.65533340536137,-0.35235664689995144,8.610552278518677,0.0,-60.0
16,2026-05-15 15:18:20,bad_angle,80,-48.58154758521155,668.5143432617188,668.5143432617188,74.33179443527904,111.43411283702949,1.9278350830078128,-1.8586304532402764,-0.19075048882857726,1.939998273849487,0.0,-50.0
17,2026-05-15 15:18:22,bad_angle,266,-25.363220172329374,535.4159545898438,535.4159545898438,1.7277106512633,112.31584244755395,8.550033569335941,9.307643901034865,-0.44964332637021387,8.558745683670047,0.0,-50.0
18,2026-05-15 15:18:24,low_agl,132,-46.72451707991616,618.6937866210938,618.6937866210938,6.571189250459514,35.375007956883834,4.3862365722656245,5.191561388624041,-0.01311344549942961,4.370798404693604,0.0,-60.0
19,2026-05-15 15:18:25,low_agl,118,-54.40776741858171,641.979736328125,641.979736328125,31.83377685338025,81.56165212457509,3.2631988525390634,-0.21671817943752353,-0.12480562113271391,3.2605575294494624,0.0,-60.0
20,2026-05-15 15:18:25,bad_angle,46,-49.601314403664865,685.1564331054688,685.1564331054688,82.68629741293104,115.16514465228397,1.065130615234375,-1.3305697452795617,-0.1809920968160898,1.0751168231964114,0.0,-50.0
21,2026-05-15 15:18:29,bad_angle,341,-12.2238408269097,467.4053649902344,467.4053649902344,0.2525642271686456,110.93667698996663,11.95636138916016,16.17195881224073,-0.6140076240747809,11.966846595764157,0.0,-50.0
22,2026-05-15 15:18:29,bad_angle,26,-49.86484177864586,694.4312744140625,694.4312744140625,82.27072138307079,115.35638994904433,0.6092010498046876,-0.8028913888219189,-0.16105754085543644,0.6199061012268066,0.0,-50.0
23,2026-05-15 15:18:31,low_agl,155,-51.69976859632735,620.833984375,620.833984375,50.50393844016461,85.46488666918393,4.279214477539063,0.7010801485114185,-0.18070085093313465,4.275637628555297,0.0,-60.0
24,2026-05-15 15:18:32,bad_angle,30,-49.44275460438876,692.2339477539062,692.2339477539062,83.64059095319772,110.04917586959351,0.7323089599609376,-0.6292092430470781,-0.138242876829349,0.7423885555267334,0.0,-50.0
25,2026-05-15 15:18:35,low_agl,159,-45.70229608632269,603.2459716796875,603.2459716796875,8.881904572151004,73.9902371654542,5.188116455078123,4.885826348867075,-0.1683544984832213,5.187115608215332,0.0,-60.0
26,2026-05-15 15:18:37,low_agl,134,-49.27223180314792,625.6236572265625,625.6236572265625,22.067726491285896,65.38789394357912,4.085333251953126,3.3355892782521455,-0.09763364624990985,4.074479312896729,0.0,-60.0
27,2026-05-15 15:18:38,bad_angle,28,-49.560705033296266,693.744140625,693.744140625,80.63369579374798,112.83842022095162,0.6669982910156251,-0.6086297228932354,-0.15046131771199384,0.6713877162933349,0.0,-50.0
28,2026-05-15 15:18:39,bad_angle,65,-47.42313732037558,671.9398193359375,671.9398193359375,63.41513040560434,110.04897779410759,1.727767944335938,-0.39710417359152883,-0.163351887628782,1.7345507965087894,0.0,-50.0
29,2026-05-15 15:18:40,low_agl,157,-46.87886223956456,608.1298217773438,608.1298217773438,22.3495230209677,67.62727391580535,4.9606781005859375,4.1316262522896245,-0.14155519755791401,4.955388605117798,0.0,-60.0
30,2026-05-15 15:18:42,low_agl,166,-49.60567593706496,613.2407836914062,613.2407836914062,19.59694995526339,80.54487601378113,4.7035400390624975,2.0359808509971637,-0.21572281665710433,4.700525989532472,0.0,-60.0
31,2026-05-15 15:18:44,low_agl,255,-45.264215902610374,561.7481079101562,561.7481079101562,42.8618993250258,54.4566577053102,7.2434448242187495,1.703157636871151,-0.1701986775735725,7.234380313873287,0.0,-60.0
32,2026-05-15 15:18:46,low_agl,199,-46.93658825878788,588.4255981445312,588.4255981445312,33.87914871732685,93.40698965493974,5.91545715332031,2.501107308695268,-0.2748794263545997,5.916726705551147,0.0,-60.0
33,2026-05-15 15:18:48,low_agl,180,-41.47589159013844,585.1055908203125,585.1055908203125,19.014464592655532,56.36323329513297,6.099722290039064,7.342826047125842,-0.10435487672046627,6.085914949417113,0.0,-60.0
34,2026-05-15 15:18:50,low_agl,144,-51.745108445874685,626.7835083007812,626.7835083007812,45.391760412463505,79.3050873963971,4.010165405273436,1.117608986170965,-0.15497696878881384,4.002094131469726,0.0,-60.0
35,2026-05-15 15:18:51,low_agl,130,-48.801837837994135,626.9035034179688,626.9035034179688,1.7518947502887285,9.442523937904712,4.016476440429686,3.6967941043430548,0.1371498665159594,3.997741750717163,0.0,-60.0
36,2026-05-15 15:18:52,low_agl,123,-47.334926120118524,626.47802734375,626.47802734375,4.826493412834273,86.22717676169238,4.027163696289064,5.4515998497140306,-0.22461281713785589,4.025923151016235,0.0,-60.0
37,2026-05-15 15:18:54,low_agl,200,-47.01839249812959,589.9318237304688,589.9318237304688,22.791574571598215,80.15528202352361,5.853576660156246,2.4785357001805157,-0.20168954894181867,5.851184690475464,0.0,-60.0
38,2026-05-15 15:18:54,bad_angle,62,-47.5669096968872,674.4337158203125,674.4337158203125,47.10367219584633,115.62784898741732,1.6287048339843746,-0.32098225287104226,-0.19811555246037132,1.633483274459839,0.0,-50.0
39,2026-05-15 15:18:57,bad_angle,256,-32.69458845926444,552.7246704101562,552.7246704101562,6.750929947336631,111.15121323179673,7.7227874755859345,3.547150733641117,-0.41968243593228693,7.735155767440798,0.0,-50.0
40,2026-05-15 15:18:59,low_agl,169,-50.64739710780517,613.8887939453125,613.8887939453125,47.58579475879002,70.23117425384599,4.627496337890625,1.0917912192729538,-0.14132651257921827,4.619641847610473,0.0,-60.0
41,2026-05-15 15:19:00,low_agl,109,-50.6152673739427,639.4925537109375,639.4925537109375,1.8738794742659233,60.43100026665826,3.3949493408203115,3.219244011768913,-0.06864404180902785,3.3841833152770993,0.0,-60.0
42,2026-05-15 15:19:01,bad_angle,124,-42.2355415241623,635.4609985351562,635.4609985351562,42.0606737391537,112.46054000512066,3.5964172363281257,1.4324923725225245,-0.24872259068506639,3.6042714576721195,0.0,-50.0
43,2026-05-15 15:19:02,low_agl,110,-53.22370290554664,643.0682983398438,643.0682983398438,35.3346108030378,69.98905770814739,3.172512817382813,1.0643317405750101,-0.07404636296429826,3.1634988994598396,0.0,-60.0
44,2026-05-15 15:19:06,low_agl,353,-29.632996241975995,484.06121826171875,484.06121826171875,0.5898349129590555,50.88520984491848,11.144400024414068,10.220361394887398,-0.3591460012737482,11.126388339996339,0.0,-60.0
45,2026-05-15 15:19:06,bad_angle,62,-48.692286489744355,677.8284912109375,677.8284912109375,77.76220230440458,114.1500624284042,1.4736328124999998,-1.1568128940916564,-0.17985986617577376,1.4807534580230715,0.0,-50.0
46,2026-05-15 15:19:06,bad_angle,26,-50.71469531893433,695.7168579101562,695.7168579101562,84.49264339177847,145.19394839483996,0.5656585693359374,-1.4355106003622609,-0.2999839586843714,0.5851406707763672,0.0,-50.0
47,2026-05-15 15:19:08,low_agl,120,-51.31846422217205,635.2314453125,635.2314453125,52.891892102311544,63.03060441571096,3.5966888427734385,2.150796052411064,-0.05070470779539223,3.584755590438843,0.0,-60.0
48,2026-05-15 15:19:12,low_agl,341,-26.992472542107684,481.9110107421875,481.9110107421875,4.766414215121195,86.2998977857855,11.231134033203128,12.733883440480344,-0.48293151550122543,11.230441499710079,0.0,-60.0
49,2026-05-15 15:19:12,bad_angle,35,-50.248558930078964,691.0684204101562,691.0684204101562,83.9294055022517,114.17012952418568,0.7789489746093748,-1.4651951848478892,-0.17661865283911019,0.7893059329986573,0.0,-50.0
50,2026-05-15 15:19:14,low_agl,209,-44.3089160903448,578.2933959960938,578.2933959960938,27.619261559989948,75.3613908111451,6.413497924804688,4.143659099168311,-0.22526348678484406,6.404190372467042,0.0,-60.0
51,2026-05-15 15:19:15,bad_angle,136,-43.33863675115982,633.8143310546875,633.8143310546875,34.18898658864614,110.04834258651478,3.674847412109375,0.23505329825080462,-0.2544709370143742,3.6859334754943847,0.0,-50.0
52,2026-05-15 15:19:17,low_agl,137,-48.09647991765184,619.6412353515625,619.6412353515625,38.40610589165751,80.48393706600628,4.370559692382812,4.028730197184617,-0.1788373349902737,4.368067527770996,0.0,-60.0
53,2026-05-15 15:19:17,bad_angle,59,-48.32482208311765,677.0279541015625,677.0279541015625,70.52927102998203,114.77716258667057,1.4730255126953127,-0.8000987786583068,-0.1841913582770974,1.4814425411224363,0.0,-50.0
54,2026-05-15 15:19:18,low_agl,131,-50.38190738419789,628.902587890625,628.902587890625,21.055540267614198,22.73149964275337,3.8870086669921844,2.435326489034642,0.08244672788746271,3.868310731887817,0.0,-60.0
55,2026-05-15 15:19:19,bad_angle,67,-47.296667121539905,671.2293701171875,671.2293701171875,52.314061513623045,111.02508012839411,1.760195922851563,-0.3000871697891545,-0.1904836420888848,1.7687077674865723,0.0,-50.0
56,2026-05-15 15:19:19,bad_angle,35,-49.99389196015456,690.5713500976562,690.5713500976562,81.83259206857115,118.52371259171933,0.7925903320312501,-1.2231372465011856,-0.18924456274395743,0.800899517059326,0.0,-50.0
57,2026-05-15 15:19:21,low_agl,192,-43.47458230375011,583.2300415039062,583.2300415039062,16.34956725023209,77.99956503844086,6.185705566406248,5.373501816663559,-0.251556753775501,6.177767066955565,0.0,-60.0
58,2026-05-15 15:19:23,low_agl,141,-48.55373265754153,621.4295043945312,621.4295043945312,13.526645797397592,76.16918362390416,4.279507446289062,3.7453049833252456,-0.15606576662972374,4.282520679473874,0.0,-60.0
59,2026-05-15 15:19:25,low_agl,220,-38.18698351153016,560.2755126953125,560.2755126953125,4.304387349376151,75.3780633029091,7.307986450195309,8.625413700619646,-0.32084110748976463,7.300457445144652,0.0,-60.0
60,2026-05-15 15:19:28,low_agl,258,-40.84151070679705,547.962646484375,547.962646484375,5.81008035379066,64.5026262950646,7.938919067382813,4.858452509357668,-0.27361394819512797,7.924731664657593,0.0,-60.0
61,2026-05-15 15:19:29,bad_angle,98,-45.396624272448854,654.8724365234375,654.8724365234375,47.17312155932702,112.90464573514407,2.6255065917968756,0.06149492531188441,-0.22716870871655073,2.6335429191589355,0.0,-50.0
62,2026-05-15 15:19:30,bad_angle,60,-47.944034937025485,675.4555053710938,675.4555053710938,66.16977984881633,115.8318667379256,1.5637359619140623,-0.5951338303028372,-0.18989930809288924,1.5772622394561768,0.0,-50.0
63,2026-05-15 15:19:30,bad_angle,29,-49.9598540869998,693.608642578125,693.608642578125,81.54182408541453,111.40464057076089,0.66505126953125,-0.9989447550595325,-0.15570602574214212,0.6747454242706299,0.0,-50.0
64,2026-05-15 15:19:31,bad_angle,95,-45.36808852635922,654.581298828125,654.581298828125,49.57514541116418,113.80037040327788,2.593963623046875,0.12280255183552097,-0.21525526352799051,2.605400562286378,0.0,-50.0
65,2026-05-15 15:19:31,bad_angle,26,-49.9364930786554,694.2140502929688,694.2140502929688,87.71990094442032,119.65912225820722,0.6157501220703125,-0.8723534105578873,-0.17779612409116752,0.6279063339233399,0.0,-50.0
66,2026-05-15 15:19:32,bad_angle,60,-48.67936727458304,678.0468139648438,678.0468139648438,74.75732205076,114.94664690073527,1.4555755615234371,-1.1062887871639822,-0.19019901850121684,1.4615449695587164,0.0,-50.0
67,2026-05-15 15:19:34,low_agl,182,-42.193929546690946,588.5983276367188,588.5983276367188,1.1037582497089433,48.376723834488324,5.891250610351561,7.050061006895926,-0.10480155822554936,5.879560394287109,0.0,-60.0
68,2026-05-15 15:19:35,low_agl,97,-54.99683522106049,653.4409790039062,653.4409790039062,51.41976093993118,88.54030228638723,2.6782196044921887,0.2563550788127711,-0.12865172946920866,2.6822418251037607,0.0,-60.0
69,2026-05-15 15:19:38,low_agl,228,-37.35636169973432,549.4183349609375,549.4183349609375,15.260012058737074,79.66097440310061,7.849862670898434,8.427918171315277,-0.338642223420798,7.844499681472774,0.0,-60.0
70,2026-05-15 15:19:39,low_agl,121,-51.306439171399596,635.1731567382812,635.1731567382812,38.72352185786092,71.95993611391124,3.568963623046874,2.2821525557321545,-0.11457330214395658,3.5620179519653306,0.0,-60.0
71,2026-05-15 15:19:41,bad_angle,172,-36.2885765285895,600.5872802734375,600.5872802734375,1.9762537646406593,110.36088521274539,5.299386596679688,4.2838479646896825,-0.318351195778576,5.306540105819703,0.0,-50.0
72,2026-05-15 15:19:41,bad_angle,26,-50.12594647119606,695.5103149414062,695.5103149414062,82.35648123828946,127.54286810769445,0.5921508789062501,-0.9752665189920058,-0.2180504317877932,0.6052196006774903,0.0,-50.0
73,2026-05-15 15:19:43,low_agl,199,-39.71041279626841,577.5147705078125,577.5147705078125,4.732013540479602,58.77268497769252,6.445199584960935,8.609603550554802,-0.20449242485665614,6.434276493072506,0.0,-60.0
74,2026-05-15 15:19:45,low_agl,132,-49.92429712418879,627.099853515625,627.099853515625,35.83921493363458,89.82001335947,3.9823577880859373,2.965670001131081,-0.18971499671879702,3.9773900833129883,0.0,-60.0
75,2026-05-15 15:19:48,bad_angle,287,-40.09315713048357,559.7346801757812,559.7346801757812,49.23529910372644,110.8504731724519,7.335778808593755,-2.937589378062472,-0.4035483871104241,7.347201826095579,0.0,-50.0
76,2026-05-15 15:19:49,bad_angle,48,-48.058937793978025,682.4561767578125,682.4561767578125,57.20620158211761,110.15817202836858,1.2469085693359379,-0.15852347565868924,-0.159785938497559,1.2524630508422856,0.0,-50.0
77,2026-05-15 15:19:50,low_agl,143,-46.15057494698482,617.1553344726562,617.1553344726562,14.606810332557489,47.26940673605669,4.494323730468751,5.653109474245903,-0.06106324355736949,4.478055091857909,0.0,-60.0
78,2026-05-15 15:19:50,bad_angle,39,-50.53869025202287,689.8430786132812,689.8430786132812,78.69718689988763,112.61153499710214,0.8289459228515625,-1.830524319542068,-0.17879401857088784,0.8366821632385253,0.0,-50.0
79,2026-05-15 15:19:51,bad_angle,65,-47.42067384007802,672.5731811523438,672.5731811523438,60.321847013532285,112.0167689543666,1.692074584960937,-0.3055406730329712,-0.18186572624914552,1.6996579742431641,0.0,-50.0
80,2026-05-15 15:19:52,bad_angle,47,-48.543090554088536,683.592041015625,683.592041015625,67.04636632689576,111.30281611061433,1.182647705078125,-0.5129211386547329,-0.16558156104842398,1.187764440536499,0.0,-50.0
81,2026-05-15 15:19:53,bad_angle,144,-39.73646074225587,617.3844604492188,617.3844604492188,40.86184235112765,114.56527645823844,4.4874114990234375,2.2887278957481905,-0.2936136448705151,4.501013507843021,0.0,-50.0
82,2026-05-15 15:19:54,bad_angle,27,-49.42554901077123,694.3602905273438,694.3602905273438,78.9462155970263,111.51235948416115,0.6506134033203126,-0.4577597827402412,-0.1420852065771288,0.6586825752258301,0.0,-50.0
83,2026-05-15 15:19:55,low_agl,118,-49.304426002142506,632.1605224609375,632.1605224609375,19.5675425757919,60.91658573551114,3.726010131835937,3.9090801573342837,-0.06346480434372534,3.713948513031005,0.0,-60.0
84,2026-05-15 15:20:01,low_agl,610,-1.7193031220487,300.46563720703125,300.46563720703125,0.7813458934059555,71.7520114951977,20.306509399414075,21.488010187118025,-0.7596778435448028,20.295855134963986,0.0,-60.0
85,2026-05-15 15:20:04,bad_angle,260,-28.44115635631495,544.2333984375,544.2333984375,4.314068288750998,111.98257702738151,8.112045288085936,7.09174570559076,-0.4665739349983541,8.121626585006714,0.0,-50.0
86,2026-05-15 15:20:07,low_agl,207,-38.79112413337663,571.2496948242188,571.2496948242188,1.408477000967013,58.05376658641366,6.759881591796879,8.94716307942391,-0.2109599327559895,6.747791128158572,0.0,-60.0
87,2026-05-15 15:20:10,low_agl,272,-32.2528384202589,529.025634765625,529.025634765625,3.7467450923269228,97.88730005233379,8.888238525390625,11.753877915638858,-0.4225737901976743,8.887618928909303,0.0,-60.0
88,2026-05-15 15:20:13,bad_angle,274,-22.303220562576577,529.2505493164062,529.2505493164062,2.032302723856607,115.17913287970416,8.87755432128907,11.83248642811696,-0.5284260954603606,8.885164783477782,0.0,-50.0
89,2026-05-15 15:20:14,bad_angle,113,-42.17993300621569,641.9866333007812,641.9866333007812,41.411061277382956,113.05497819877604,3.258364868164063,2.1445565306610677,-0.2818395982933861,3.263985193252561,0.0,-50.0
90,2026-05-15 15:20:14,bad_angle,29,-50.06904343096888,694.2085571289062,694.2085571289062,81.8667908257454,113.76854855193478,0.6576263427734375,-1.0852791585919679,-0.1624731022566766,0.6660824871063232,0.0,-50.0
91,2026-05-15 15:20:15,bad_angle,99,-43.73797549638905,650.1821899414062,650.1821899414062,22.114364730486038,110.56880300126974,2.8226654052734377,1.3348377578101027,-0.22963292773736152,2.8291542682647686,0.0,-50.0
92,2026-05-15 15:20:18,low_agl,200,-45.90377173216948,589.6869506835938,589.6869506835938,28.31721639315875,40.246855533354285,5.837109374999997,3.5107768849966905,-0.07557338408816963,5.823915391922001,0.0,-60.0
93,2026-05-15 15:20:18,bad_angle,30,-49.788473502715945,693.1349487304688,693.1349487304688,82.78979526942425,113.17451333944044,0.7027954101562498,-0.8961552367831908,-0.15765803148145555,0.712544355392456,0.0,-50.0
94,2026-05-15 15:20:18,bad_angle,32,-49.756587693833154,691.584716796875,691.584716796875,82.90634561742134,114.6981646187302,0.7474761962890624,-0.9366318573668462,-0.16645734327172867,0.7590253105163575,0.0,-50.0
95,2026-05-15 15:20:19,bad_angle,56,-46.89376286926485,676.5721435546875,676.5721435546875,41.6480449359203,114.15517824009252,1.541085815429687,0.49546949915117006,-0.19951625627917594,1.549198072433472,0.0,-50.0
96,2026-05-15 15:20:20,low_agl,102,-55.19168775745358,651.927734375,651.927734375,37.21736269303556,87.00260813816392,2.7258178710937515,-0.009831209887683729,-0.12139369127317085,2.723719272613526,0.0,-60.0
97,2026-05-15 15:20:20,bad_angle,26,-50.22034084963872,695.2417602539062,695.2417602539062,83.76813107556936,117.88346431930067,0.578692626953125,-1.071819249664203,-0.18805276986587097,0.5908385429382323,0.0,-50.0
98,2026-05-15 15:20:23,low_agl,231,-46.286254922506785,577.8324584960938,577.8324584960938,8.93661353362916,59.005375862336514,6.431225585937502,2.2079590206560815,-0.18924629179567345,6.418806762695311,0.0,-60.0
99,2026-05-15 15:20:24,bad_angle,93,-48.31149338739101,661.8978881835938,661.8978881835938,78.2074896571544,115.39556791412353,2.2272155761718753,-2.0809600290979913,-0.22773041792436388,2.234981483459473,0.0,-50.0
100,2026-05-15 15:20:26,bad_angle,180,-35.7776842013368,598.914306640625,598.914306640625,20.082325395799298,110.64956315801598,5.378857421875,4.701107969081087,-0.34243630684671506,5.384786714553838,0.0,-50.0
101,2026-05-15 15:20:30,low_agl,395,-21.067271888234586,453.1187744140625,453.1187744140625,13.891952488740198,42.385001856797174,12.685757446289072,15.967209827680858,-0.4116243245580365,12.666385162353519,0.0,-60.0
102,2026-05-15 15:20:31,bad_angle,27,-50.38732191059862,695.5463256835938,695.5463256835938,83.3615777256027,117.8798579794189,0.5915863037109375,-1.2569446243795408,-0.1873379051918645,0.6003743152618408,0.0,-50.0
103,2026-05-15 15:20:33,low_agl,181,-47.668779783040385,601.01171875,601.01171875,43.8352286025093,80.22209493398468,5.276455688476561,2.9117659399749805,-0.22504237371117355,5.2730409622192385,0.0,-60.0
104,2026-05-15 15:20:35,low_agl,228,-38.974498472334254,565.5604248046875,565.5604248046875,20.296871882913155,58.15709368817761,7.077526855468751,8.222689217188977,-0.19740043709707772,7.062685892105104,0.0,-60.0
105,2026-05-15 15:20:36,bad_angle,44,-48.92252429008131,684.8004760742188,684.8004760742188,77.84163057426265,112.77762470714934,1.080914306640625,-0.7147972625434599,-0.15774831164124437,1.0891069774627686,0.0,-50.0
106,2026-05-15 15:20:38,low_agl,180,-44.7985688687335,598.0390625,598.0390625,15.033389797170635,69.06333484917887,5.435156249999999,5.407170645422258,-0.16612528113878886,5.425229516983032,0.0,-60.0
107,2026-05-15 15:20:38,bad_angle,44,-49.02365074863394,686.108642578125,686.108642578125,71.79652383801869,113.05501234972189,1.0637664794921875,-0.7704331169360868,-0.16742587220688607,1.0704417610168457,0.0,-50.0
108,2026-05-15 15:20:39,bad_angle,47,-49.16202169858284,684.943115234375,684.943115234375,76.70495732277831,110.91370706378788,1.1212310791015623,-1.0205353909013102,-0.1559511838564555,1.128233797073364,0.0,-50.0
109,2026-05-15 15:20:41,bad_angle,195,-44.40640600030967,611.6033935546875,611.6033935546875,58.41750148047352,112.17298904106313,4.789239501953123,-2.7046068874354874,-0.31282191522709596,4.796783300399781,0.0,-50.0
110,2026-05-15 15:20:42,low_agl,99,-51.200627147321846,648.0166015625,648.0166015625,23.518928246502043,68.35998928920763,2.940936279296876,3.507661332827816,-0.08384221397534988,2.9296174545288074,0.0,-60.0
111,2026-05-15 15:20:43,bad_angle,90,-48.87121946561215,665.31640625,665.31640625,81.72661485340923,114.93428425833754,2.0835449218749997,-2.381352036445129,-0.2201482957899455,2.096735944747925,0.0,-50.0
112,2026-05-15 15:20:44,bad_angle,29,-50.13317798407005,693.2994995117188,693.2994995117188,81.42996607737724,118.64161531717208,0.6651885986328124,-1.1429422570200887,-0.1886898228904185,0.6782654972076416,0.0,-50.0
113,2026-05-15 15:20:46,bad_angle,185,-38.325579709816395,602.919677734375,602.919677734375,36.205005714634616,115.27472820732766,5.220629882812498,2.4904137065246257,-0.33926610997506,5.2276428108215365,0.0,-50.0
114,2026-05-15 15:20:48,low_agl,171,-48.373435893379295,609.0878295898438,609.0878295898438,38.53567799530724,93.62400525543855,4.914736938476564,2.900531326529281,-0.24944099958692187,4.915736841201783,0.0,-60.0
115,2026-05-15 15:20:50,low_agl,226,-41.43615522835822,572.7423095703125,572.7423095703125,26.78789434931058,78.96383748508492,6.71890869140625,6.537253088671334,-0.2731771253944309,6.710860116958619,0.0,-60.0
116,2026-05-15 15:20:51,bad_angle,28,-49.62790272766725,694.0641479492188,694.0641479492188,81.66908417003022,114.14653805079246,0.6570495605468749,-0.6536917190214081,-0.1522987581270377,0.6610381889343262,0.0,-50.0
117,2026-05-15 15:20:52,low_agl,119,-47.00921065118087,631.2749633789062,631.2749633789062,3.393499020954676,7.821900194100045,3.7600830078125016,5.960061542668264,0.12317102056737153,3.7424737777709955,0.0,-60.0
118,2026-05-15 15:20:54,bad_angle,167,-39.90929142644206,614.3487548828125,614.3487548828125,30.632421710455876,110.77058044973026,4.607058715820312,2.0296041106551295,-0.32576287337038223,4.614808620452883,0.0,-50.0
119,2026-05-15 15:20:55,low_agl,134,-47.303851770018056,625.2559204101562,625.2559204101562,16.182065398573993,73.70251544666742,4.0832458496093755,5.383851117555076,-0.17432616142261967,4.073377424240114,0.0,-60.0
120,2026-05-15 15:20:56,bad_angle,26,-50.439844466682004,695.7735595703125,695.7735595703125,86.19872902379927,112.74623315772396,0.5647613525390626,-1.2831084800607682,-0.16696631232009193,0.57546897315979,0.0,-50.0
121,2026-05-15 15:20:56,bad_angle,26,-50.438631525763256,694.6245727539062,694.6245727539062,82.6186375590129,114.99742252702514,0.5910400390625001,-1.3264564486647177,-0.1735948521076911,0.6003797359466552,0.0,-50.0
122,2026-05-15 15:20:57,low_agl,132,-48.83340702703305,628.3968505859375,628.3968505859375,6.6576137684618,68.27366935847702,3.9473571777343746,4.082586529572171,-0.14422276841246948,3.9408720340728776,0.0,-60.0
123,2026-05-15 15:21:10,bad_angle,1102,50.894254272574116,77.1138687133789,77.41950988769531,2.433089046286258,114.59007687511475,31.472603607177728,45.14761722406008,-1.6686414407331234,31.452674882069235,0.0,-50.0
124,2026-05-15 15:21:13,low_agl,256,-40.30050422711271,560.5606689453125,560.5606689453125,23.93504215375944,60.29187614345427,7.301309204101566,6.611686336726667,-0.2214665705379689,7.287966802597047,0.0,-60.0
125,2026-05-15 15:21:16,bad_angle,296,-25.516420206196162,530.4848022460938,530.4848022460938,4.38150488086065,115.47392384428191,8.830731201171876,8.809498450148213,-0.512990561480477,8.836340703964236,0.0,-50.0
126,2026-05-15 15:21:16,bad_angle,26,-50.41855489164967,694.7836303710938,694.7836303710938,88.84797498773963,130.98559763808268,0.5816955566406251,-1.2307264665918938,-0.2342716051420073,0.5947476234436033,0.0,-50.0
127,2026-05-15 15:21:19,low_agl,250,-37.14133284595191,558.1087036132812,558.1087036132812,0.3488659190822851,61.385184523898204,7.443597412109376,9.512500456998454,-0.28635572574088264,7.438925010681149,0.0,-60.0
128,2026-05-15 15:21:22,low_agl,300,-24.98064622760593,513.8167114257812,513.8167114257812,0.7391343638399247,49.25046553877846,9.660205078125005,17.56035155438354,-0.3452329447244372,9.644030084609984,0.0,-60.0
129,2026-05-15 15:21:28,low_agl,517,-23.541634880942475,416.0610046386719,416.0610046386719,10.393622657187109,81.47413008055054,14.529286193847652,10.641570297752043,-0.653942241148771,14.526450868606563,0.0,-60.0
130,2026-05-15 15:21:28,bad_angle,26,-49.77385204631484,694.321533203125,694.321533203125,80.99428880078963,110.23926686438413,0.6075927734375,-0.72481664726125,-0.14201864681055384,0.6153904743194579,0.0,-50.0
131,2026-05-15 15:21:30,low_agl,170,-44.20941353921392,603.8428955078125,603.8428955078125,13.143642085915479,63.334117531858816,5.170993041992187,6.489393207818681,-0.1785833965076997,5.158783607482909,0.0,-60.0
132,2026-05-15 15:21:35,bad_angle,374,-12.571960930641282,479.2210998535156,479.2210998535156,0.6333471666751507,112.5991518641369,11.408082580566402,17.180301289913963,-0.7073674089249944,11.417022607803352,0.0,-50.0
133,2026-05-15 15:21:35,low_agl,81,-51.686261621000625,657.8759155273438,657.8759155273438,11.923719927506074,61.68145763952585,2.4552032470703127,3.8749576413138827,-0.05915788955755201,2.447735380172729,0.0,-60.0
134,2026-05-15 15:21:39,bad_angle,304,-24.974381290053532,531.4014282226562,531.4014282226562,4.146426418214912,111.31320482834192,8.779855346679689,9.52625693566517,-0.5447626916610904,8.784269119262696,0.0,-50.0
135,2026-05-15 15:21:41,low_agl,139,-45.11193735130364,621.8837890625,621.8837890625,4.2149140056831,60.485546157369974,4.25068359375,7.223507128874068,-0.12898702358896655,4.237858949661253,0.0,-60.0
136,2026-05-15 15:21:42,low_agl,102,-53.96302615090255,652.0082397460938,652.0082397460938,47.34462760938604,55.30680110601793,2.7692108154296875,1.0158650850006319,0.0032518991676200367,2.758646049499511,0.0,-60.0
137,2026-05-15 15:21:45,low_agl,259,-34.58546157627252,548.3628540039062,548.3628540039062,7.299712595258706,49.42978532524797,7.904669189453121,11.174749478031073,-0.26351164481874906,7.89363140106201,0.0,-60.0
138,2026-05-15 15:21:46,low_agl,141,-47.227304174476174,623.964599609375,623.964599609375,5.158600262168742,33.64807658751615,4.164761352539064,5.14718067865073,0.013920464179615646,4.151833330154418,0.0,-60.0
139,2026-05-15 15:21:46,bad_angle,26,-49.96151886693835,693.958984375,693.958984375,88.75020082977089,110.47287982456609,0.6228576660156251,-0.9397899376516876,-0.143972280269324,0.6293856849670412,0.0,-50.0
140,2026-05-15 15:21:50,low_agl,369,-28.762754864346125,494.53643798828125,494.53643798828125,9.647117985624213,65.93619420939106,10.603903198242183,12.277149801426805,-0.39705015260459303,10.598242288589478,0.0,-60.0
141,2026-05-15 15:21:51,low_agl,81,-53.93409646328053,662.1214599609375,662.1214599609375,38.89154451144324,53.38946113806322,2.263668823242188,1.9313308152796331,0.020908296543591,2.254995601654053,0.0,-60.0
142,2026-05-15 15:21:52,bad_angle,46,-49.77474431451219,685.5345458984375,685.5345458984375,80.3305515078153,113.94025267747973,1.072235107421875,-1.5187062415342316,-0.1814260563001011,1.0831528759002682,0.0,-50.0
143,2026-05-15 15:21:52,bad_angle,26,-51.033245308439646,695.8231811523438,695.8231811523438,81.8974037336054,131.16857840594733,0.5483947753906252,-1.7674066870066394,-0.2486274760320058,0.564394079208374,0.0,-50.0
144,2026-05-15 15:21:55,low_agl,300,-34.521574595320885,531.6453247070312,531.6453247070312,25.455932329077225,70.40473619084518,8.773645019531255,9.774859201628328,-0.3389035978983048,8.768824781417845,0.0,-60.0
145,2026-05-15 15:21:56,bad_angle,65,-48.08009447903283,674.662109375,674.662109375,61.572290726021535,110.37589796854108,1.6353302001953118,-0.8472423594325446,-0.18363277260016908,1.6404504528045651,0.0,-50.0
146,2026-05-15 15:21:57,bad_angle,108,-42.47674913710621,647.1632690429688,647.1632690429688,21.82729870985957,111.71771595174675,2.9861145019531232,2.354853665037406,-0.2696745298962979,2.99195722579956,0.0,-50.0
147,2026-05-15 15:21:58,bad_angle,44,-50.00181803518813,686.88232421875,686.88232421875,84.0834945699272,113.56641593363743,1.0016876220703126,-1.613950485753536,-0.18243723250954932,1.0128820610046387,0.0,-50.0
148,2026-05-15 15:21:58,bad_angle,26,-50.42949431136697,695.6912231445312,695.6912231445312,84.56111603820784,136.19729152199088,0.5762054443359375,-1.2067207278927123,-0.2615528517390308,0.592573823928833,0.0,-50.0
149,2026-05-15 15:21:58,bad_angle,57,-48.3997428526205,679.183349609375,679.183349609375,69.51601246661063,112.20445572256938,1.4042755126953121,-0.7381791492157095,-0.18962897859705038,1.4087897624969485,0.0,-50.0
150,2026-05-15 15:21:59,bad_angle,26,-50.30065086625518,695.1604614257812,695.1604614257812,81.37002433722121,136.70847653985297,0.5966339111328125,-1.12914183384617,-0.251790936629592,0.6136479930877686,0.0,-50.0
151,2026-05-15 15:22:01,low_agl,190,-41.85278341456362,593.774658203125,593.774658203125,4.755263504414326,40.25702910012302,5.6718109130859355,7.881606535135187,-0.11676401891265664,5.660563156127929,0.0,-60.0
152,2026-05-15 15:22:03,low_agl,204,-40.913541445184855,584.6611328125,584.6611328125,13.233183304613409,80.45537321489729,6.089483642578123,8.219305753852513,-0.28873954637318705,6.086408704757693,0.0,-60.0
153,2026-05-15 15:22:05,low_agl,187,-43.58889675622467,597.8904418945312,597.8904418945312,0.1876718538443974,86.32849578784034,5.442587280273434,6.730035134843031,-0.2659878679353794,5.439468696594243,0.0,-60.0
154,2026-05-15 15:22:07,low_agl,136,-51.35498712218353,632.3270263671875,632.3270263671875,18.32187487307978,41.60446149882645,3.7440795898437496,1.840412203470101,0.008217638686568024,3.73230344581604,0.0,-60.0
155,2026-05-15 15:22:07,bad_angle,40,-49.45206088144562,687.6264038085938,687.6264038085938,79.38338185485296,119.79233826777916,0.9541961669921875,-0.9736302385613824,-0.1925978620462217,0.9599710521697997,0.0,-50.0
156,2026-05-15 15:22:08,low_agl,96,-49.84395471895084,649.5414428710938,649.5414428710938,4.244962996049748,38.098030209144085,2.8596618652343757,4.91347742749692,0.02092144356384571,2.8419845447540286,0.0,-60.0
157,2026-05-15 15:22:08,bad_angle,26,-50.00529204239314,694.7180786132812,694.7180786132812,80.84824569595642,112.2298025545793,0.60718994140625,-0.9537022715748616,-0.1466768584495042,0.6178971462249756,0.0,-50.0
158,2026-05-15 15:22:10,low_agl,198,-39.56985947667236,583.0963745117188,583.0963745117188,5.107988560418947,71.02188476349086,6.187203979492184,9.281536215038496,-0.2276180561365144,6.179018384933476,0.0,-60.0
159,2026-05-15 15:22:12,low_agl,146,-46.44720111508276,619.6446533203125,619.6446533203125,14.82960768818872,71.73509994681275,4.378228759765627,5.707929670757109,-0.1724435242584554,4.369083978652951,0.0,-60.0
160,2026-05-15 15:22:15,low_agl,247,-33.82070518372558,554.6546630859375,554.6546630859375,6.560078240227195,71.20767956929355,7.618038940429686,12.498342858350663,-0.31795794464890476,7.61587096214294,0.0,-60.0
161,2026-05-15 15:22:15,bad_angle,26,-50.50219845900538,695.3278198242188,695.3278198242188,81.6893356809193,144.2316430426769,0.5857604980468752,-1.276576532356172,-0.2863864129620683,0.6050039882659912,0.0,-50.0
162,2026-05-15 15:22:16,low_agl,126,-46.50310242727104,630.6394653320312,630.6394653320312,6.50511528108928,23.79630905888543,3.8335388183593753,6.410207606785256,0.06719299290597491,3.8159581546783463,0.0,-60.0
163,2026-05-15 15:22:20,low_agl,358,-39.93817637274018,515.9046630859375,515.9046630859375,16.942617207938667,78.64038021656063,9.550076293945317,3.2005934649822123,-0.4404563363643642,9.541610204696656,0.0,-60.0
164,2026-05-15 15:22:24,low_agl,301,-39.57012939112117,539.6301879882812,539.6301879882812,2.3384149404270653,68.95335514316332,8.378268432617194,5.546733605947037,-0.36427178956394335,8.37414035987855,0.0,-60.0
165,2026-05-15 15:22:25,low_agl,108,-50.00945064863995,643.5316772460938,643.5316772460938,12.790845739811395,12.790845739811395,3.178338623046875,4.053511789286598,0.1405521628272351,3.1581467761993403,0.0,-60.0
166,2026-05-15 15:22:27,low_agl,193,-42.82882460086505,592.0364379882812,592.0364379882812,5.45197481626736,58.58978617209792,5.73541259765625,6.857589204289096,-0.17786414733249378,5.7210377445220955,0.0,-60.0
167,2026-05-15 15:22:28,bad_angle,72,-49.343471497157964,672.377685546875,672.377685546875,81.78269753668421,111.84358267777175,1.7136810302734375,-2.225437882684938,-0.19579794056860872,1.7240832958221435,0.0,-50.0
168,2026-05-15 15:22:28,bad_angle,26,-50.27522249939162,694.6555786132812,694.6555786132812,81.86165452348955,111.89849739869865,0.5963623046875,-1.1881764091935638,-0.15909687144804766,0.6056884765625001,0.0,-50.0
169,2026-05-15 15:22:28,bad_angle,26,-50.54959114181623,695.4328002929688,695.4328002929688,84.80629250865462,114.18523790262975,0.583868408203125,-1.4382739960270408,-0.16124959894470803,0.5960640449523927,0.0,-50.0
170,2026-05-15 15:22:30,low_agl,114,-49.002316786169644,637.494140625,637.494140625,8.182996927592987,70.94204668228258,3.493154907226563,4.704862271018687,-0.11965239436179222,3.4893184299468993,0.0,-60.0
171,2026-05-15 15:22:30,bad_angle,27,-50.0679016575339,693.719970703125,693.719970703125,81.172959719288,114.17570978873759,0.639129638671875,-1.0583348211644357,-0.16331779004378483,0.6496213150024415,0.0,-50.0
172,2026-05-15 15:22:30,bad_angle,26,-50.34845554283484,694.8302001953125,694.8302001953125,82.61899955903891,148.83971212849602,0.5882171630859377,-1.1150914340613138,-0.29973913738376157,0.6081578655242921,0.0,-50.0
173,2026-05-15 15:22:32,bad_angle,160,-41.49877942106433,620.8563842773438,620.8563842773438,45.941088621745536,113.8863693151175,4.296957397460939,1.0121867276912866,-0.3108613399482518,4.302937793731691,0.0,-50.0
174,2026-05-15 15:22:35,low_agl,263,-31.475888344854745,544.9735107421875,544.9735107421875,3.639756155394197,17.807778487083965,8.094390869140625,13.805876043524336,-0.13501407557391337,8.0738588180542,0.0,-60.0
175,2026-05-15 15:22:38,bad_angle,263,-39.20850154242037,570.372314453125,570.372314453125,50.08188739097118,112.9694369096108,6.848583984375002,-1.1671418183064748,-0.4329987030720274,6.858054994583129,0.0,-50.0
176,2026-05-15 15:22:43,low_agl,432,-15.072416649889334,444.3787536621094,444.3787536621094,1.7553543478250457,80.16491259025332,13.147850036621083,21.406629585208396,-0.6096338071954855,13.14273753547668,0.0,-60.0
177,2026-05-15 15:22:45,bad_angle,206,-35.94396673732254,593.6700439453125,593.6700439453125,19.492702485508776,110.88783430721188,5.685348510742188,4.072893518846882,-0.3655627403002748,5.693353973388674,0.0,-50.0
178,2026-05-15 15:22:47,low_agl,176,-40.66322886761843,597.5156860351562,597.5156860351562,0.5028000535214046,61.9057542216799,5.453466796874999,9.515994705572416,-0.19462421940056548,5.441933849334715,0.0,-60.0
179,2026-05-15 15:22:49,low_agl,237,-40.95140786726296,572.5614013671875,572.5614013671875,22.69499740428153,68.19101040914153,6.740795898437503,7.014843686734327,-0.25441376064705834,6.732366308212277,0.0,-60.0
180,2026-05-15 15:22:49,bad_angle,26,-49.99586293530604,694.6170654296875,694.6170654296875,80.96198883620464,111.25322210705087,0.6007995605468752,-0.9345194634436257,-0.14220715747032533,0.6100641250610352,0.0,-50.0
181,2026-05-15 15:22:52,low_agl,227,-41.32585694371702,575.8202514648438,575.8202514648438,23.01737550291696,89.39753883854802,6.540136718749999,7.054381723639788,-0.3238321560500511,6.538456769943236,0.0,-60.0
182,2026-05-15 15:22:53,low_agl,83,-51.84411526106645,657.9866333007812,657.9866333007812,3.9822158639631122,49.41785639986254,2.437405395507813,3.7119085663295808,-0.0002870796543243716,2.421857856750488,0.0,-60.0
183,2026-05-15 15:22:55,low_agl,156,-46.55143781828928,614.9512939453125,614.9512939453125,15.587517921891893,78.34129306299494,4.573358154296873,5.277640016624798,-0.19229450399671222,4.569858514785767,0.0,-60.0
184,2026-05-15 15:22:55,bad_angle,26,-49.84213589080661,694.6588745117188,694.6588745117188,83.51130913258771,110.76272573218475,0.6070526123046874,-0.7904777033299365,-0.14554453047899246,0.6168337306976318,0.0,-50.0
185,2026-05-15 15:22:55,bad_angle,26,-49.93897859757486,694.3129272460938,694.3129272460938,82.5103107587765,111.55716552511645,0.605279541015625,-0.8772819265096381,-0.15005681854142014,0.6130806064605714,0.0,-50.0
186,2026-05-15 15:22:56,bad_angle,40,-49.84484387388793,688.0767822265625,688.0767822265625,85.14105374025529,117.11187150914267,0.9655548095703121,-1.3970926609195353,-0.18807184018092052,0.9747658176422123,0.0,-50.0
187,2026-05-15 15:23:01,low_agl,514,-29.7411654137376,426.8107604980469,426.8107604980469,31.45619375077819,91.26144965172031,14.00049896240233,5.495830459966446,-0.6669028751994253,13.999408039093005,0.0,-60.0
188,2026-05-15 15:23:05,low_agl,370,-28.56079150769957,493.0812072753906,493.0812072753906,4.690016414820486,42.203103673915976,10.672059631347667,12.323586949519362,-0.36220684734039454,10.65576875877381,0.0,-60.0
189,2026-05-15 15:23:06,bad_angle,34,-49.358793638031166,690.2715454101562,690.2715454101562,76.11659799748423,110.49888235473632,0.818487548828125,-0.679079523194417,-0.15104069106966117,0.8228390274047854,0.0,-50.0
190,2026-05-15 15:23:06,bad_angle,46,-48.94623834561705,683.81884765625,683.81884765625,80.8738520751548,110.0139662444221,1.1304138183593748,-0.8303518006535375,-0.15573863007703193,1.1394382667541505,0.0,-50.0
191,2026-05-15 15:23:09,low_agl,302,-26.11913926512471,520.9481811523438,520.9481811523438,3.209856791957601,80.85111437540783,9.298541259765626,17.28289844591407,-0.48372222985285196,9.293143259048454,0.0,-60.0
192,2026-05-15 15:23:10,bad_angle,26,-49.85670800035839,694.1572265625,694.1572265625,81.69767534189589,126.3018090751248,0.620269775390625,-0.7773207524280311,-0.20401153076726794,0.6343545074462892,0.0,-50.0
193,2026-05-15 15:23:10,bad_angle,27,-50.19235857590631,694.5828857421875,694.5828857421875,82.50867834356487,114.123137822696,0.61343994140625,-1.129361860125876,-0.16573464607829141,0.6242979888916016,0.0,-50.0
194,2026-05-15 15:23:10,bad_angle,27,-49.75820376679849,693.85302734375,693.85302734375,82.47641252992572,116.90162462611134,0.65772705078125,-0.7855701017972312,-0.16446681014285444,0.6691060943603516,0.0,-50.0
195,2026-05-15 15:23:12,low_agl,144,-44.62284334015467,621.4003295898438,621.4003295898438,12.825584081930081,57.399441294115604,4.292288208007814,7.620891907015828,-0.09808828023629108,4.282064825057984,0.0,-60.0
196,2026-05-15 15:23:16,low_agl,345,-22.95001231563348,495.08660888671875,495.08660888671875,2.152132416428957,24.1035548734147,10.613943481445318,17.839850727224214,-0.27515456393008836,10.596348039627086,0.0,-60.0
197,2026-05-15 15:23:17,bad_angle,103,-42.98706622959693,649.9877319335938,649.9877319335938,33.863125093534,113.76085775892936,2.870285034179688,2.0287448190039137,-0.24956792840736297,2.87847184562683,0.0,-50.0
198,2026-05-15 15:23:18,bad_angle,126,-44.16715551668645,641.7181396484375,641.7181396484375,58.30252207598552,111.8869612091905,3.2834777832031254,0.1604870228284768,-0.2721749262947081,3.291054603576658,0.0,-50.0
199,2026-05-15 15:23:18,bad_angle,28,-49.85354746512642,693.6168823242188,693.6168823242188,81.87293116580925,114.19221152577234,0.6569366455078125,-0.8733204793805769,-0.1650010030798225,0.667837371826172,0.0,-50.0
200,2026-05-15 15:23:19,bad_angle,45,-49.69332773434785,686.6258544921875,686.6258544921875,81.26813157518295,111.79633142909361,1.0383789062500002,-1.387194179278531,-0.1644076410678483,1.044895179748535,0.0,-50.0
201,2026-05-15 15:23:21,bad_angle,187,-34.86464427038332,599.6534423828125,599.6534423828125,10.106492603537175,116.15900547841254,5.37108154296875,5.7053150946187445,-0.3816967688716942,5.375655860900877,0.0,-50.0
202,2026-05-15 15:23:27,low_agl,522,-9.983272280141108,391.44384765625,391.44384765625,4.750977133823319,71.17241530260877,15.786593627929696,21.76319262249938,-0.7043206498633766,15.781262119293217,0.0,-60.0
203,2026-05-15 15:23:33,low_agl,596,-0.8789938449643202,345.6067199707031,345.6067199707031,3.0780981739998237,29.53498106556408,18.068534851074205,26.669076113066932,-0.6850145075917438,18.04840969848635,0.0,-60.0
204,2026-05-15 15:23:37,bad_angle,357,-14.271858644323103,489.2709045410156,489.2709045410156,1.7144067234205846,112.16779809729393,10.890217590332039,16.352008812253978,-0.6227004090764625,10.893615362167358,0.0,-50.0
205,2026-05-15 15:23:40,low_agl,206,-38.70859849366667,580.6544799804688,580.6544799804688,0.8388347418763066,65.75091166777612,6.318466186523438,9.92280395952052,-0.22799277186700595,6.308124132156371,0.0,-60.0
206,2026-05-15 15:23:42,bad_angle,195,-38.687620310184954,601.93701171875,601.93701171875,27.754031437598055,110.26311105477666,5.247677612304693,2.147648096344765,-0.3592118784382877,5.25126585960388,0.0,-50.0
207,2026-05-15 15:23:42,bad_angle,26,-50.1114594663543,695.362060546875,695.362060546875,82.2207448889138,117.56907071180498,0.5989501953125,-1.0111882470024138,-0.1777761803656779,0.6085547657012939,0.0,-50.0
208,2026-05-15 15:23:43,bad_angle,28,-49.73622886524691,694.6028442382812,694.6028442382812,78.07702621381797,115.29994526574335,0.633233642578125,-0.7034730082439044,-0.16429960967329346,0.638310110092163,0.0,-50.0
209,2026-05-15 15:23:45,low_agl,204,-44.87176605828543,592.4306640625,592.4306640625,32.67500344212653,46.61621184006628,5.746813964843756,4.76169950712633,-0.09598095199318762,5.735701421737666,0.0,-60.0
210,2026-05-15 15:23:47,low_agl,209,-45.509901276935096,588.453369140625,588.453369140625,18.816165418029843,84.64595381788857,5.931265258789065,3.9532077521633426,-0.2802418568572397,5.930867568969727,0.0,-60.0
211,2026-05-15 15:23:50,low_agl,293,-32.15454710285256,532.6544799804688,532.6544799804688,1.0191399965770074,92.7508611927008,8.694824218750002,12.401615792401962,-0.48066722875060314,8.69468011474609,0.0,-60.0
212,2026-05-15 15:23:52,bad_angle,154,-39.26018624212736,620.0421752929688,620.0421752929688,16.9933569757354,110.5381354518964,4.364916992187501,3.0870589314600796,-0.3176432849308359,4.375481119155882,0.0,-50.0
213,2026-05-15 15:23:56,low_agl,356,-35.821358894482714,507.7672424316406,507.7672424316406,2.2611394608180104,22.36125728596178,9.932765197753907,6.32723192135775,-0.21815200549195163,9.916795991897581,0.0,-60.0
214,2026-05-15 15:23:59,low_agl,253,-34.149292282105506,551.907470703125,551.907470703125,1.12064866719615,35.254697589748645,7.772897338867191,11.755368963866209,-0.17327174821474464,7.760713163375856,0.0,-60.0
215,2026-05-15 15:24:01,low_agl,207,-40.70396991508312,582.695556640625,582.695556640625,19.619124164403836,52.005268661246774,6.205151367187503,8.130878346889217,-0.19437296022978123,6.189373331069948,0.0,-60.0
216,2026-05-15 15:24:02,bad_angle,82,-47.255220044731665,665.1571044921875,665.1571044921875,71.84348821875169,110.16117048141422,2.067938232421875,-0.8032304244307054,-0.18705179795904284,2.077123945236207,0.0,-50.0
217,2026-05-15 15:24:07,low_agl,390,-21.297365861214082,469.14837646484375,469.14837646484375,4.99398672675591,69.33900811426976,11.879220581054684,17.46327652048119,-0.5655769939694488,11.87571403121949,0.0,-60.0
218,2026-05-15 15:24:08,low_agl,126,-47.45057741633564,631.18798828125,631.18798828125,8.755465817783021,45.69920771757329,3.801669311523437,5.653557394056394,-0.06099197096026723,3.7851878490447985,0.0,-60.0
219,2026-05-15 15:24:13,low_agl,395,-17.17082274911749,463.8492431640625,463.8492431640625,0.9076288340834981,75.98916715813931,12.17508850097657,21.05568329247577,-0.5959331618020437,12.169338619232171,0.0,-60.0
220,2026-05-15 15:24:14,low_agl,123,-46.84011074334006,632.8994750976562,632.8994750976562,4.913823784675233,55.56693227565245,3.7237121582031247,6.420762178859102,-0.08311496283332478,3.713529882431029,0.0,-60.0
221,2026-05-15 15:24:17,bad_angle,249,-37.579506224388055,574.7763061523438,574.7763061523438,24.506150128757348,110.39011842239304,6.596618652343756,0.8462337594753557,-0.3785381959147894,6.60117955970764,0.0,-50.0
222,2026-05-15 15:24:17,bad_angle,26,-50.390436201012115,695.4644775390625,695.4644775390625,89.23404460038543,116.06140207517305,0.5781738281249998,-1.2584080061801106,-0.1712976059190429,0.5910955829620361,0.0,-50.0
223,2026-05-15 15:24:17,bad_angle,28,-49.362272798403666,693.8135375976562,693.8135375976562,74.69276310272504,110.29807479313796,0.6677947998046875,-0.41832928184013807,-0.14386096270000473,0.6721226463317871,0.0,-50.0
224,2026-05-15 15:24:18,bad_angle,32,-50.03466739202635,692.4834594726562,692.4834594726562,82.28255810090242,119.32388291336466,0.7334594726562501,-1.1634586885028542,-0.1898872160967375,0.7452190399169923,0.0,-50.0
225,2026-05-15 15:24:20,low_agl,195,-40.09668556313888,588.6016845703125,588.6016845703125,3.1080980723818126,25.447230668074628,5.893588256835935,9.15153904889239,-0.04606337622192351,5.879250507354737,0.0,-60.0
226,2026-05-15 15:24:21,bad_angle,68,-49.78352781205091,676.060302734375,676.060302734375,81.5423363496023,115.06323822986738,1.5311401367187496,-2.2998067278866245,-0.21838642458787852,1.5435252037048341,0.0,-50.0
227,2026-05-15 15:24:23,bad_angle,148,-40.06284698390828,624.2114868164062,624.2114868164062,15.300506542778786,113.56996763200584,4.129147338867188,2.723995111624508,-0.3111132823614018,4.135123847961426,0.0,-50.0
228,2026-05-15 15:24:23,bad_angle,32,-49.51352216372887,692.4067993164062,692.4067993164062,76.9240493007848,110.61519364611247,0.7492858886718748,-0.7114141683946852,-0.14735347491793227,0.7559595909118654,0.0,-50.0
229,2026-05-15 15:24:27,low_agl,330,-30.66936608353226,515.0555419921875,515.0555419921875,4.077366802403737,73.08130974165476,9.616894531249999,12.15396152290604,-0.40114031624665436,9.610918178558345,0.0,-60.0
230,2026-05-15 15:24:28,low_agl,141,-51.19806231294687,630.0210571289062,630.0210571289062,25.361863548733226,92.01464876244347,3.8375427246093747,2.0332883745888557,-0.20032471898408227,3.8364313068389895,0.0,-60.0
231,2026-05-15 15:24:31,low_agl,216,-37.96995268938613,575.7505493164062,575.7505493164062,5.280121707221139,42.30859936074141,6.582040405273438,10.112637392985276,-0.15261866399067817,6.567988176345823,0.0,-60.0
232,2026-05-15 15:24:33,bad_angle,153,-42.48168850803401,625.2639770507812,625.2639770507812,44.97647125054839,111.06864990510962,4.067459106445315,0.4289140715445909,-0.29152747009679714,4.0784657840728755,0.0,-50.0
233,2026-05-15 15:24:34,low_agl,128,-50.64591733845251,636.7354125976562,636.7354125976562,6.404748212556881,32.10470655209256,3.530807495117186,2.9006746410840916,0.04566038366835101,3.516940141677855,0.0,-60.0
234,2026-05-15 15:24:34,bad_angle,34,-49.89837573408958,690.95703125,690.95703125,85.45872583855258,111.22624285982933,0.7959655761718752,-1.1720237341776532,-0.15897416368451384,0.8066565876007081,0.0,-50.0
235,2026-05-15 15:24:35,bad_angle,56,-48.135224339322455,679.0692749023438,679.0692749023438,61.57111593348429,114.12438774731412,1.3947540283203126,-0.4637030405771181,-0.18553788695639628,1.399262559890747,0.0,-50.0
236,2026-05-15 15:24:37,low_agl,168,-44.5904326417199,607.837646484375,607.837646484375,26.236103856832763,59.5241014090423,4.934643554687499,6.538132321726364,-0.14587517844260883,4.92266666030884,0.0,-60.0
237,2026-05-15 15:24:43,bad_angle,557,-3.277456014263606,378.3078308105469,378.3078308105469,1.8674979431470158,115.13182698951266,16.42296295166015,17.575823128708716,-0.9180774217808966,16.426835327148442,0.0,-50.0
238,2026-05-15 15:24:44,bad_angle,44,-48.85339728038753,684.9080810546875,684.9080810546875,73.11780344239014,112.7931907082678,1.080050659179688,-0.6368603947963285,-0.162388276429827,1.085800731658936,0.0,-50.0
239,2026-05-15 15:24:46,low_agl,199,-43.65761586184866,592.7489013671875,592.7489013671875,4.5475612937356455,38.469059745237516,5.728396606445311,6.008147994035428,-0.11439777273895033,5.715237310409546,0.0,-60.0
240,2026-05-15 15:24:48,low_agl,119,-49.158692930391126,636.8750610351562,636.8750610351562,26.23260338488313,50.21321143814301,3.490161132812499,4.507203763865769,-0.036341505124206454,3.4752836780548106,0.0,-60.0
241,2026-05-15 15:24:54,low_agl,569,-6.362142875425256,366.66278076171875,366.66278076171875,1.605715788724056,55.74164509952679,16.98960571289063,23.26008569165611,-0.7458160762366649,16.978981796264637,0.0,-60.0
242,2026-05-15 15:24:57,bad_angle,233,-27.7375501639161,571.0640869140625,571.0640869140625,10.211223309175566,110.9749943512104,6.80446472167969,10.257994902540185,-0.44516387520261336,6.810154087066653,0.0,-50.0
243,2026-05-15 15:25:03,low_agl,532,-13.237146138097522,392.35540771484375,392.35540771484375,3.6701850750334266,74.3661980981284,15.750253295898437,18.64703603677823,-0.7147661439920091,15.74033067321778,0.0,-60.0
244,2026-05-15 15:25:03,bad_angle,26,-50.53450100618301,695.78662109375,695.78662109375,82.46738985003213,118.90252854346657,0.5690460205078125,-1.3634538269862937,-0.19123774812066363,0.5811445484161377,0.0,-50.0
245,2026-05-15 15:25:05,low_agl,171,-46.73493313981491,608.9080810546875,608.9080810546875,21.99265758966558,88.90140755761664,4.878927612304688,4.609106149131678,-0.2503067068543139,4.882339805603026,0.0,-60.0
246,2026-05-15 15:25:07,low_agl,141,-44.52876564087969,620.5558471679688,620.5558471679688,2.954593199323772,23.97763521342364,4.294110107421877,7.601719622830086,0.002993959541553945,4.2774106693267795,0.0,-60.0
247,2026-05-15 15:25:09,low_agl,155,-51.90288141747205,624.0949096679688,624.0949096679688,38.448343781484866,46.474898641233295,4.143875122070314,0.6516943930978707,-0.05810582842270157,4.134654895782469,0.0,-60.0
248,2026-05-15 15:25:09,bad_angle,27,-49.84497411060117,693.9039306640625,693.9039306640625,81.39951026386815,114.94212531550473,0.6265655517578125,-0.8111486645628612,-0.1615969780970267,0.6362059803009034,0.0,-50.0
249,2026-05-15 15:25:11,bad_angle,135,-39.31654590610888,628.4943237304688,628.4943237304688,19.56727790596156,115.72938657961873,3.942523193359376,3.76467560415933,-0.3015342372426971,3.9527895336151126,0.0,-50.0
250,2026-05-15 15:25:12,bad_angle,67,-48.408989304116965,675.537109375,675.537109375,61.9378014692656,113.2394616082581,1.573333740234375,-1.0357688961012868,-0.18880802016777926,1.5772538719177243,0.0,-50.0
251,2026-05-15 15:25:12,bad_angle,43,-50.25192271089851,687.2793579101562,687.2793579101562,82.44551275412059,118.2111494749212,0.96981201171875,-1.7850225654331464,-0.2031107167544287,0.9813985595703125,0.0,-50.0
252,2026-05-15 15:25:15,low_agl,216,-37.77767035156178,574.57958984375,574.57958984375,2.621743353473653,52.14128846347299,6.594961547851564,10.342263748069731,-0.22104946942825238,6.5861538219451905,0.0,-60.0
253,2026-05-15 15:25:15,bad_angle,32,-50.7257555857672,693.4551391601562,693.4551391601562,83.73623409214541,114.71821805413336,0.6885528564453126,-1.7630589110682442,-0.1896023677531571,0.6983528366088868,0.0,-50.0
254,2026-05-15 15:25:19,low_agl,330,-26.98737848531764,507.1727294921875,507.1727294921875,5.370566645323625,95.27297684561971,9.971765136718753,15.276650962263151,-0.5576983089699715,9.971903724670405,0.0,-60.0
255,2026-05-15 15:25:20,low_agl,85,-54.71473058025931,661.1197509765625,661.1197509765625,37.48163295730711,52.79357835939838,2.31217041015625,1.0724492708422162,0.022022257281650946,2.303627481460571,0.0,-60.0
256,2026-05-15 15:25:20,bad_angle,27,-49.75463429579235,693.5850219726562,693.5850219726562,81.01518917964988,118.48155666416201,0.6424468994140624,-0.7421884932364129,-0.17259889398660053,0.6527061920166014,0.0,-50.0
257,2026-05-15 15:25:24,bad_angle,311,-24.74369804806485,529.0568237304688,529.0568237304688,6.639443757722274,113.34013176643491,8.904541015624995,9.520439525823027,-0.5293440481920756,8.915665458679202,0.0,-50.0
258,2026-05-15 15:25:31,low_agl,621,-5.007175328074979,339.90802001953125,339.90802001953125,3.2540760769744983,64.70575612098078,18.32605895996092,22.249922533645034,-0.7924564146527582,18.31429959297179,0.0,-60.0
259,2026-05-15 15:25:33,bad_angle,102,-44.446803401653064,651.17236328125,651.17236328125,44.323337826260506,110.80763422597758,2.7642242431640622,0.7645097737697691,-0.24145143340318032,2.775914014816283,0.0,-50.0
260,2026-05-15 15:25:37,low_agl,380,-19.239076157311928,473.5699768066406,473.5699768066406,3.4300535530623497,41.21566664070182,11.686509704589835,19.683225676706332,-0.37925569906952766,11.67044416046142,0.0,-60.0
261,2026-05-15 15:25:40,low_agl,204,-38.88168091102075,582.0578002929688,582.0578002929688,0.9343988000400111,47.37473849834204,6.26586608886719,9.786787748373724,-0.16542220782588904,6.25108745956421,0.0,-60.0
262,2026-05-15 15:25:42,low_agl,242,-45.45116468230199,573.9973754882812,573.9973754882812,27.163522310262724,94.9041534606282,6.6689361572265575,2.7667625119912214,-0.3471099888641352,6.670246637344364,0.0,-60.0
263,2026-05-15 15:25:48,low_agl,500,-8.437541619713222,402.61737060546875,402.61737060546875,2.079613736689993,79.22907422112402,15.238775634765627,24.357678086549868,-0.7678422076362981,15.233846866607664,0.0,-60.0
264,2026-05-15 15:25:49,low_agl,81,-53.50766019155867,660.815185546875,660.815185546875,9.50445923952474,9.50445923952474,2.323190307617187,2.083378805550658,0.17999140793522544,2.3107792873382564,0.0,-60.0
265,2026-05-15 15:25:50,bad_angle,33,-49.360107306821135,690.1688842773438,690.1688842773438,77.50315371975351,112.56414031445142,0.8139434814453125,-0.6808970306846392,-0.15099192095766628,0.8228381633758544,0.0,-50.0
266,2026-05-15 15:25:52,low_agl,209,-41.60385999388451,585.48876953125,585.48876953125,16.249790139289253,80.49348567046596,6.0951782226562505,7.521267670545164,-0.26758362756445714,6.092277740478515,0.0,-60.0
267,2026-05-15 15:25:55,low_agl,225,-36.14244077664175,572.4755249023438,572.4755249023438,6.321023326824042,41.88803387769246,6.739138793945311,11.712321979238869,-0.19163867713001373,6.7227371273040815,0.0,-60.0
268,2026-05-15 15:26:07,bad_angle,1009,34.56901536865201,143.57302856445312,143.57302856445312,2.80923439406803,113.62673333419781,28.1436294555664,34.927270416190176,-1.5916144406579913,28.13472993755336,0.0,-50.0
269,2026-05-15 15:26:07,bad_angle,31,-49.691925350730905,692.6135864257812,692.6135864257812,81.96552121019793,116.06197581106333,0.7381317138671873,-0.8584187018328772,-0.16327502238740998,0.7466366596221924,0.0,-50.0
270,2026-05-15 15:26:08,bad_angle,44,-50.050550073192355,686.8982543945312,686.8982543945312,81.13868583003287,113.34605354044531,1.0224182128906252,-1.7115209148695645,-0.1719471633124135,1.0304997920989993,0.0,-50.0
271,2026-05-15 15:26:09,bad_angle,132,-41.51429759543268,632.8766479492188,632.8766479492188,36.47677552661484,115.50595743148928,3.725540161132812,1.9804215706838433,-0.2940147765443846,3.7337554492950447,0.0,-50.0
272,2026-05-15 15:26:12,bad_angle,203,-35.335130324817634,593.8684692382812,593.8684692382812,17.7123351311695,112.1229100940686,5.672726440429686,4.6940690321208836,-0.36543076791874035,5.67850497055054,0.0,-50.0
273,2026-05-15 15:26:15,low_agl,244,-45.09260045011857,573.5596923828125,573.5596923828125,9.264695693995199,71.40433437587654,6.661920166015625,3.0454559341698375,-0.2398324253192793,6.659855875015256,0.0,-60.0
274,2026-05-15 15:26:25,bad_angle,873,30.06820351518909,190.4783477783203,190.4783477783203,2.219819804547195,111.58163126272342,25.7970054626465,34.16622712000022,-1.3317345041641626,25.80170543670652,0.0,-50.0
275,2026-05-15 15:26:26,bad_angle,26,-50.84117664289707,696.2911376953125,696.2911376953125,83.7295405067588,124.29232644017202,0.552783203125,-1.6119763289948605,-0.2171870501998135,0.5652035331726074,0.0,-50.0
276,2026-05-15 15:26:26,bad_angle,26,-49.78781476806227,694.3299560546875,694.3299560546875,82.00977400583045,119.63997040777451,0.6435852050781249,-0.7831328245697214,-0.17403245122875646,0.6557653026580812,0.0,-50.0
277,2026-05-15 15:26:28,low_agl,157,-47.35852987906594,614.3746337890625,614.3746337890625,16.822057538898772,69.26491422215345,4.615661621093752,4.337660221453283,-0.13790182766156522,4.611050106048584,0.0,-60.0
278,2026-05-15 15:26:28,bad_angle,35,-49.55330766680409,690.1695556640625,690.1695556640625,70.7128801752503,115.92874614111307,0.8444976806640626,-0.9013618414019484,-0.17866424924552585,0.8572207431793215,0.0,-50.0
279,2026-05-15 15:26:29,bad_angle,26,-50.19052294564208,695.2830200195312,695.2830200195312,82.2936093469795,119.71388671497239,0.6035034179687501,-1.0985384210393443,-0.18021804129584923,0.6147300987243651,0.0,-50.0
280,2026-05-15 15:26:31,low_agl,181,-41.719023283685544,598.8699951171875,598.8699951171875,5.965388183346172,32.747464919031195,5.392843627929686,8.4672373341248,-0.05510115011320478,5.380996904373171,0.0,-60.0
281,2026-05-15 15:26:38,bad_angle,585,11.989215905575364,346.8690185546875,346.8690185546875,2.0166417404200025,112.74019527049767,17.989331054687504,29.897755870193645,-0.9666376418490875,17.993766622543355,0.0,-50.0
282,2026-05-15 15:26:38,bad_angle,36,-49.88198148674711,690.2920532226562,690.2920532226562,81.96114988912913,114.36043225484059,0.844342041015625,-1.2362807007239993,-0.1655257562684709,0.8554829292297362,0.0,-50.0
283,2026-05-15 15:26:44,low_agl,532,-9.167215386327122,393.2916259765625,393.2916259765625,0.8970025538388393,71.2974555757442,15.675439453124996,22.892505321699222,-0.7393448916811861,15.664184730529788,0.0,-60.0
284,2026-05-15 15:26:47,low_agl,230,-37.67865042300126,571.7362670898438,571.7362670898438,6.9883938535499945,71.98075453050144,6.782037353515625,10.205142192580306,-0.29314447562793017,6.777314506530767,0.0,-60.0
285,2026-05-15 15:26:51,low_agl,321,-32.550418342684736,518.9271850585938,518.9271850585938,4.624231874716331,32.901294439518225,9.39437561035157,10.546239604395023,-0.261012393490881,9.37497883605957,0.0,-60.0
286,2026-05-15 15:26:51,bad_angle,29,-50.2617945400972,693.3410034179688,693.3410034179688,86.81022219981217,115.86948741987403,0.6538116455078123,-1.2589105023935236,-0.17585161277692088,0.6641559295654297,0.0,-50.0
287,2026-05-15 15:26:54,low_agl,228,-34.273824675114945,564.2604370117188,564.2604370117188,5.523148375626655,58.86037094625714,7.112612915039059,12.90544665391181,-0.25380929098658545,7.101925046920775,0.0,-60.0
288,2026-05-15 15:26:56,low_agl,120,-48.78244404285508,634.841796875,634.841796875,9.67365583187065,75.62012520709435,3.585244750976563,4.794236427848811,-0.13903717350847303,3.577111951828002,0.0,-60.0
289,2026-05-15 15:26:59,low_agl,315,-28.625646614888133,515.3130493164062,515.3130493164062,1.0607249630083952,56.76032341800459,9.604000854492186,14.126719810188664,-0.3743310075200681,9.592963727951041,0.0,-60.0
290,2026-05-15 15:27:00,bad_angle,26,-50.571228339351386,695.5697631835938,695.5697631835938,82.71941700021644,132.86962335836066,0.5841979980468751,-1.3712379154944223,-0.2534667269575492,0.599278305053711,0.0,-50.0
291,2026-05-15 15:27:00,bad_angle,45,-49.08248595120185,685.1311645507812,685.1311645507812,67.92775442796172,110.55060737732083,1.104827880859375,-0.9132923183637757,-0.15817845987969884,1.1091569461822512,0.0,-50.0
292,2026-05-15 15:27:02,low_agl,144,-48.09091830526297,623.8970336914062,623.8970336914062,16.908493582845285,34.47226868447242,4.127780151367189,4.376234050209619,0.010174564083074551,4.11489292907715,0.0,-60.0
293,2026-05-15 15:27:02,bad_angle,31,-49.87287145747266,692.8457641601562,692.8457641601562,85.22705265209491,111.26563939096195,0.7149627685546874,-1.0038338160475864,-0.15298578252310038,0.7239853725433348,0.0,-50.0
294,2026-05-15 15:27:03,bad_angle,78,-49.329189382532036,670.6658935546875,670.6658935546875,84.41391180121573,115.73526054230494,1.8359832763671877,-2.4065045626415476,-0.21527323503635729,1.8466051387786862,0.0,-50.0
295,2026-05-15 15:27:07,bad_angle,274,-25.641350360484275,542.905517578125,542.905517578125,1.156906086074928,118.84576967146377,8.208837890625,9.861599672548978,-0.5566469267252422,8.214859003067014,0.0,-50.0
296,2026-05-15 15:27:07,bad_angle,29,-49.88191669292906,693.1134643554688,693.1134643554688,82.5140195514958,116.30194767736256,0.6837493896484375,-0.9514650261468975,-0.1643406266668067,0.6951395702362062,0.0,-50.0
297,2026-05-15 15:27:09,low_agl,131,-48.62502514345732,630.8671264648438,630.8671264648438,5.216653455019265,5.216653455019265,3.781146240234375,4.3463366856850705,0.13982833160895225,3.7626635990142825,0.0,-60.0
298,2026-05-15 15:27:09,bad_angle,31,-49.55112437552512,692.1888427734375,692.1888427734375,81.73087006126215,115.5325541881173,0.7494659423828127,-0.7448210417752176,-0.16118312882436595,0.7604138526916504,0.0,-50.0
299,2026-05-15 15:27:13,low_agl,344,-25.298310411085588,499.4007568359375,499.4007568359375,3.0449113520397897,33.67327315536433,10.386486816406244,15.96207970282442,-0.3025823212464391,10.375705390930179,0.0,-60.0
300,2026-05-15 15:27:13,bad_angle,26,-50.47158831933841,694.9864501953125,694.9864501953125,82.44347735774792,135.75264620702305,0.5759979248046876,-1.2518870658411752,-0.257845431887737,0.5921462535858154,0.0,-50.0
301,2026-05-15 15:27:14,bad_angle,37,-49.62835201937932,690.0584106445312,690.0584106445312,81.97950260742896,111.62340469968723,0.8660400390625002,-1.025208878767257,-0.1577264021019342,0.8735432224273683,0.0,-50.0
302,2026-05-15 15:27:21,low_agl,555,-1.5813392162705568,366.1910095214844,366.1910095214844,4.416057527211275,4.88743961768512,17.012074279785157,27.700042874795912,-0.512183938524376,16.993727567672725,0.0,-60.0
303,2026-05-15 15:27:24,low_agl,293,-27.846938603822835,524.9114379882812,524.9114379882812,1.6064469391303648,37.75305101454508,9.121560668945307,15.664329389767028,-0.274367881437795,9.10653921890259,0.0,-60.0
304,2026-05-15 15:27:39,timeout,1200,56.14995036456604,61.06950759887695,62.16737747192383,1.4715327737760417,12.975170347395238,32.212477684020996,54.158777166703786,-1.4431428697693531,32.16638907821147,0.055449305399206346,-55.0
305,2026-05-15 15:27:39,bad_angle,40,-50.06032203422426,688.27978515625,688.27978515625,88.45079265731421,118.61340663589993,0.9358673095703123,-1.5539382203351821,-0.19009319880729258,0.9478420753479005,0.0,-50.0
306,2026-05-15 15:27:43,low_agl,295,-27.059727943889634,523.9229125976562,523.9229125976562,2.528710414005967,74.58842513296392,9.148666381835941,16.533611931027494,-0.40790741413221066,9.140901157379151,0.0,-60.0
307,2026-05-15 15:27:46,low_agl,316,-30.91599261098943,519.0730590820312,519.0730590820312,13.69419375283259,13.69419375283259,9.393060302734364,12.090589515680117,-0.19146401601280597,9.371821586608887,0.0,-60.0
308,2026-05-15 15:27:49,low_agl,226,-43.6219315052867,579.5299072265625,579.5299072265625,6.944836456552354,65.74866453553919,6.3903869628906245,4.952352624109038,-0.21374600340392097,6.379074911117557,0.0,-60.0
309,2026-05-15 15:27:54,low_agl,409,-20.167453376260333,459.77142333984375,459.77142333984375,2.0463144300520653,27.33049311471286,12.362677001953124,17.544553653932216,-0.37865355652921034,12.348969524383566,0.0,-60.0
310,2026-05-15 15:27:58,low_agl,322,-30.894818008125746,514.131103515625,514.131103515625,5.359682311994386,83.88320610270574,9.662713623046882,11.824782316655517,-0.43141544166360163,9.659101493835447,0.0,-60.0
311,2026-05-15 15:28:00,low_agl,215,-41.82214866048145,581.626708984375,581.626708984375,11.925636649341909,82.66821790219802,6.240829467773441,7.031832308797688,-0.2599625099590763,6.240152072906495,0.0,-60.0
312,2026-05-15 15:28:02,low_agl,143,-51.562687672142204,629.4805297851562,629.4805297851562,37.51708163909948,54.53865754139078,3.87099304199219,1.4733242160622169,-0.047851932226025816,3.8558470020294204,0.0,-60.0
313,2026-05-15 15:28:04,low_agl,196,-39.596513276135695,586.9352416992188,586.9352416992188,5.22269731866108,12.95609875168527,5.974328613281251,9.4696574119381,-0.01790372220771583,5.9574044208526615,0.0,-60.0
314,2026-05-15 15:28:05,bad_angle,26,-50.47453244840465,695.4464721679688,695.4464721679688,85.50744557790227,113.7052258681396,0.5957916259765625,-1.3817817166395021,-0.1633623250116075,0.6048199672698973,0.0,-50.0
315,2026-05-15 15:28:15,bad_angle,853,28.232059734301863,206.4541015625,206.4541015625,1.4680711485273146,116.10553875758967,25.015075683593736,33.87584145895976,-1.411087070193174,25.017229661941524,0.0,-50.0
316,2026-05-15 15:28:25,bad_angle,783,24.28241263691728,239.14405822753906,239.14405822753906,3.378291391324231,110.94789216058379,23.368083953857425,32.72585164537471,-1.2712055814097059,23.374682619094855,0.0,-50.0
317,2026-05-15 15:28:28,low_agl,242,-38.98202407015235,561.8189086914062,561.8189086914062,0.09278741284332243,41.34093572517444,7.255407714843751,7.93143074224986,-0.2029397290892138,7.24407720184326,0.0,-60.0
318,2026-05-15 15:28:41,bad_angle,1108,63.9825666532945,71.3354721069336,71.58544921875,1.124831624454254,110.68997738733495,31.741519165039104,57.835377015876006,-1.7907863666172081,31.730146823048578,0.006310015947956421,-50.0
319,2026-05-15 15:28:45,low_agl,388,-26.174341460933803,480.2866516113281,480.2866516113281,2.3324645649995146,10.259387241881557,11.353935241699222,13.31796070464115,-0.24408293873782405,11.33784553146363,0.0,-60.0
320,2026-05-15 15:28:51,low_agl,471,-16.208059272601652,423.918212890625,423.918212890625,1.82863373988282,72.05587978118241,14.128009033203112,18.526940954570453,-0.6307458765099092,14.122736616134636,0.0,-60.0
321,2026-05-15 15:28:54,low_agl,218,-41.36517169438143,580.6959838867188,580.6959838867188,10.527455091331632,56.98333592459468,6.286001586914062,7.334782371933728,-0.1722753229527378,6.276319669723511,0.0,-60.0
322,2026-05-15 15:29:01,low_agl,659,-11.843201033343213,334.85546875,334.85546875,17.378781135504635,99.38890348098275,18.602804565429672,15.166661905986006,-0.9255553412153159,18.607887836456314,0.0,-60.0
323,2026-05-15 15:29:10,low_agl,754,23.277644965505367,242.29876708984375,242.29876708984375,1.3022109968692503,68.31529253127907,23.207089233398417,41.77872245839394,-1.132623295958644,23.194456569671623,0.0,-60.0
324,2026-05-15 15:29:12,low_agl,148,-47.306070122309315,619.5062866210938,619.5062866210938,15.076172394584303,92.10242352346731,4.376437377929685,4.915297209415302,-0.2322463619522663,4.374441652297975,0.0,-60.0
325,2026-05-15 15:29:15,low_agl,238,-35.902704629020356,562.1103515625,562.1103515625,3.3258425821311146,64.18349253628492,7.254226684570314,11.074995042557003,-0.28548952181234966,7.243563165664673,0.0,-60.0
326,2026-05-15 15:29:24,low_agl,696,15.423154419701909,281.8241271972656,281.8241271972656,2.362811735812116,101.06294186541786,21.267384338378914,37.51108216862663,-1.147008755928489,21.27169666862492,0.0,-60.0
327,2026-05-15 15:29:29,low_agl,399,-22.970807423783086,471.05682373046875,471.05682373046875,2.367942061652442,78.61103089369709,11.79234924316406,15.927126928370212,-0.48316802715633833,11.787884431838973,0.0,-60.0
328,2026-05-15 15:29:29,bad_angle,55,-48.548600798715825,680.0514526367188,680.0514526367188,73.31969017387738,115.69951133218909,1.3658203125000006,-0.8283471713388114,-0.1834587436489854,1.3723848037719726,0.0,-50.0
329,2026-05-15 15:29:30,bad_angle,27,-49.85564630505223,693.8955688476562,693.8955688476562,86.23153442238284,110.59684775800181,0.6326995849609375,-0.8539656870373108,-0.14068967982827157,0.6413094768524172,0.0,-50.0
330,2026-05-15 15:29:30,bad_angle,26,-50.25137599834585,695.3946533203125,695.3946533203125,86.79353604766983,116.381109569843,0.59232177734375,-1.1358503383055094,-0.1805212197327277,0.6026737823486328,0.0,-50.0
331,2026-05-15 15:29:35,low_agl,387,-19.924480060350405,468.8625183105469,468.8625183105469,4.046607899250231,60.93449449151492,11.917082214355474,18.664975884389502,-0.47677602263602975,11.905237863540657,0.0,-60.0
332,2026-05-15 15:29:37,bad_angle,163,-41.195018562422995,621.2688598632812,621.2688598632812,46.832018497082,115.66193163137568,4.304998779296878,1.3264879566236762,-0.3235045125158958,4.3119992141723635,0.0,-50.0
333,2026-05-15 15:29:42,low_agl,455,-16.627900445925704,433.4690246582031,433.4690246582031,2.5352812694309312,45.38959865759119,13.655216979980482,18.853430664091643,-0.5014802303481517,13.639932140350354,0.0,-60.0
334,2026-05-15 15:29:54,low_agl,947,27.61291454195544,170.21949768066406,170.21949768066406,3.6757290542053616,52.57912066474373,26.850121307373033,39.908353885527966,-1.2377064410457426,26.827145790100094,0.0,-60.0
335,2026-05-15 15:29:59,low_agl,451,-14.651373084489151,433.6712341308594,433.6712341308594,0.5702693024730252,72.79014560752628,13.640919494628898,20.984107125785485,-0.6570414743126258,13.63564176940917,0.0,-60.0
336,2026-05-15 15:30:05,low_agl,410,-15.755710081857387,450.8030090332031,450.8030090332031,3.176689393348019,5.359719024261175,12.784877014160163,21.037817587304097,-0.2982441265284043,12.769839443206777,0.0,-60.0
337,2026-05-15 15:30:05,bad_angle,26,-50.904202853864106,696.1488037109375,696.1488037109375,82.16274975267123,128.489122515308,0.5581634521484375,-1.670257642137344,-0.23360100777778525,0.5714923439025879,0.0,-50.0
338,2026-05-15 15:30:10,low_agl,373,-21.944057221269944,480.12188720703125,480.12188720703125,3.2715967928560503,93.86306870657818,11.314929199218764,17.903980111415535,-0.6164018231945363,11.318435291290273,0.0,-60.0
339,2026-05-15 15:30:10,bad_angle,26,-50.0658528246768,694.6956787109375,694.6956787109375,82.64851280644254,120.7970454343097,0.5981689453125,-0.9591683066251941,-0.18556284446762356,0.6107093811035157,0.0,-50.0
340,2026-05-15 15:30:16,low_agl,410,-23.957493864329862,464.33270263671875,464.33270263671875,1.0241200582555927,33.380316096578724,12.109094238281246,14.295691982254045,-0.4087046072651103,12.096424522399895,0.0,-60.0
341,2026-05-15 15:30:27,bad_angle,945,51.2917139330471,125.20787048339844,125.20787048339844,5.379425827563955,111.6599462117468,29.109140777587893,49.30676975731601,-1.5097134055982837,29.110516803741454,0.0,-50.0
342,2026-05-15 15:30:28,bad_angle,26,-49.75914026671228,694.7158203125,694.7158203125,82.30858112164017,118.41079590436068,0.6219940185546876,-0.7143746549192307,-0.17028681006575414,0.6335271797180176,0.0,-50.0
343,2026-05-15 15:30:30,low_agl,154,-44.63346848579056,614.8222045898438,614.8222045898438,2.9116797610988168,75.9423393811897,4.617971801757813,7.090687018057214,-0.18389711532847872,4.611769809722901,0.0,-60.0
344,2026-05-15 15:30:34,low_agl,372,-24.55189141375388,483.8180236816406,483.8180236816406,3.806371790007488,69.925004194111,11.172001647949225,15.4383536899218,-0.46976607878859655,11.167519327163692,0.0,-60.0
345,2026-05-15 15:30:34,bad_angle,29,-49.75592524158414,693.0820922851562,693.0820922851562,82.63148514484169,116.57078392309425,0.6867187500000002,-0.8333326713448844,-0.16290873044127954,0.6985974102020263,0.0,-50.0
346,2026-05-15 15:30:49,timeout,1200,44.62164429474518,48.95691680908203,48.95691680908203,1.5097357293512155,54.73832446139777,32.881075668334965,41.37923179150169,-1.4952547471180961,32.85171723961834,0.004874342408234497,-55.0
347,2026-05-15 15:30:55,low_agl,487,-8.500727772964183,405.8825378417969,405.8825378417969,1.330603773083876,46.44088088407205,15.057325744628912,24.383788905197836,-0.554091551132655,15.047249128341672,0.0,-60.0
348,2026-05-15 15:30:56,low_agl,127,-46.04510979266162,626.527099609375,626.527099609375,2.8800440324106105,14.828981018332371,3.9955230712890617,6.528796765002948,0.08497258509666468,3.9805977859497066,0.0,-60.0
349,2026-05-15 15:31:07,low_agl,846,27.540411178771876,191.61912536621094,191.61912536621094,0.9310420822280672,82.03585166808156,25.74106216430661,41.55121549055482,-1.2532862491915069,25.73141977310178,0.0,-60.0
350,2026-05-15 15:31:07,bad_angle,49,-49.31900727222935,682.9164428710938,682.9164428710938,84.74988197629949,114.16121612731882,1.1786590576171874,-1.2738199859908006,-0.16775109849440548,1.1889047546386713,0.0,-50.0
351,2026-05-15 15:31:11,low_agl,319,-25.13639435504296,507.4535827636719,507.4535827636719,4.950921957152157,23.759625820400586,9.976060485839842,16.74991174547492,-0.223061950356168,9.955695363998407,0.0,-60.0
352,2026-05-15 15:31:13,low_agl,188,-41.40252306021742,592.9027709960938,592.9027709960938,4.223084192590904,58.630009156120124,5.721026611328125,8.273881822725189,-0.16719794706005509,5.709766452789306,0.0,-60.0
353,2026-05-15 15:31:19,low_agl,440,-13.48564128965024,434.7417297363281,434.7417297363281,1.2948267086028205,46.52884689039264,13.596443176269522,22.054628350628157,-0.517033035587825,13.580320219039908,0.0,-60.0
354,2026-05-15 15:31:21,bad_angle,177,-35.00933680283953,605.0968017578125,605.0968017578125,4.827427014316449,110.62139545787885,5.091989135742186,6.050327511232657,-0.3621277349401055,5.095474285125731,0.0,-50.0
355,2026-05-15 15:31:22,bad_angle,38,-49.63141094179128,689.143310546875,689.143310546875,82.49354947455328,113.26127723246711,0.91163330078125,-1.116168081602357,-0.15586776291414073,0.9189916019439699,0.0,-50.0
356,2026-05-15 15:31:24,low_agl,202,-39.11352062210646,584.5197143554688,584.5197143554688,18.70868385370323,33.03303854332401,6.094882202148433,9.805794966262011,-0.0844108928576023,6.080213102340702,0.0,-60.0
357,2026-05-15 15:31:36,low_agl,980,37.38262528026749,132.23873901367188,132.23873901367188,1.4314915368187824,49.701565382511944,28.720814514160132,46.21715605482414,-1.3544801096549963,28.69913482093812,0.0,-60.0
358,2026-05-15 15:31:42,low_agl,492,-16.906751095156416,416.7518615722656,416.7518615722656,2.7735404657957785,36.489510414322325,14.523542785644521,16.994077632603403,-0.4736628342050867,14.509291320800779,0.0,-60.0
359,2026-05-15 15:31:47,bad_angle,429,-12.745868671132001,454.556640625,454.556640625,2.308679925318826,110.31940547391591,12.594357299804694,14.927991857929863,-0.7271458131041778,12.603927984237675,0.0,-50.0
360,2026-05-15 15:31:50,low_agl,163,-48.14332448994834,616.0800170898438,616.0800170898438,36.17245644814492,50.567937312687626,4.561621093750001,3.623155308308319,-0.0624375619285237,4.549336669921876,0.0,-60.0
361,2026-05-15 15:31:55,bad_angle,467,-8.087764660663694,433.4670715332031,433.4670715332031,7.359701292965282,114.13654548403673,13.671040344238275,17.697490290893843,-0.796411369404134,13.675116073608406,0.0,-50.0
362,2026-05-15 15:31:57,low_agl,179,-47.170284755218184,604.3508911132812,604.3508911132812,15.031520032885345,65.81959605006978,5.151260375976564,3.6292760508571305,-0.19779449824449574,5.141973316192625,0.0,-60.0
363,2026-05-15 15:31:58,bad_angle,26,-50.520163898893564,695.4427490234375,695.4427490234375,82.99408622749932,113.57236502840452,0.5744110107421874,-1.3787133560494773,-0.17214426080063205,0.5862827072143554,0.0,-50.0
364,2026-05-15 15:32:11,bad_angle,1087,43.32120118714967,110.07758331298828,110.07758331298828,2.50123725873006,110.90975238425844,29.862929916381816,40.683932397523726,-1.652461582326086,29.86180045557021,0.0,-50.0
365,2026-05-15 15:32:11,bad_angle,32,-49.17559454237488,691.6775512695312,691.6775512695312,74.22471072947158,110.16499538734942,0.7852020263671876,-0.4432464083602886,-0.14919025323151353,0.7916400928497316,0.0,-50.0
366,2026-05-15 15:32:25,bad_angle,1101,41.487114352039185,106.0539321899414,106.0539321899414,0.555671213865151,111.10093620931627,30.044758224487275,38.668329055119045,-1.7531656718221527,30.032192744255052,0.0,-50.0
367,2026-05-15 15:32:29,low_agl,373,-24.766636047211463,483.0923767089844,483.0923767089844,5.197499897039257,80.5709400156539,11.169154357910164,15.275731819485284,-0.5093353254217002,11.162813100814816,0.0,-60.0
368,2026-05-15 15:32:37,low_agl,615,4.21120827714671,336.21484375,336.21484375,1.320713445722286,65.77300049955196,18.51085815429687,31.110238049213166,-0.8345503809684119,18.49966245460512,0.0,-60.0
369,2026-05-15 15:32:38,low_agl,121,-48.272216817519684,634.0540161132812,634.0540161132812,8.951660440370699,9.568730465840915,3.6641693115234384,4.904590254156668,0.11840782738675357,3.6456157894134527,0.0,-60.0
370,2026-05-15 15:32:51,bad_angle,1072,55.89467733806336,89.48509979248047,89.48509979248047,1.0948579796118878,111.1420880990656,30.884048843383827,51.18457157487642,-1.7006878950697226,30.88674481487273,0.0,-50.0
371,2026-05-15 15:32:54,low_agl,205,-45.69193689545622,592.5158081054688,592.5158081054688,0.7249675910059662,58.061204662419804,5.711932373046876,4.114425737131066,-0.19297056181703104,5.699675556182861,0.0,-60.0
372,2026-05-15 15:32:54,bad_angle,26,-49.87219148056649,694.043212890625,694.043212890625,85.11040668144943,115.45822806956923,0.6207031249999999,-0.831989524981531,-0.16134785249657915,0.6304427719116211,0.0,-50.0
373,2026-05-15 15:33:09,timeout,1200,65.11392388743153,59.879093170166016,71.34203338623047,1.5810293506295143,28.512976444960486,31.802136611938465,64.22582148929278,-1.7028330415766768,31.75109504500027,0.03770378277680442,-55.0
374,2026-05-15 15:33:13,low_agl,379,-26.498140710112615,484.2548828125,484.2548828125,1.4437425483122581,87.73697641734535,11.116091918945315,13.686512855075364,-0.5230516536431786,11.117306169509886,0.0,-60.0
375,2026-05-15 15:33:14,bad_angle,26,-49.77114427299395,694.4073486328125,694.4073486328125,82.04087185712152,120.9591258233141,0.625897216796875,-0.7243118770557718,-0.18143393364264832,0.6387043209075929,0.0,-50.0
376,2026-05-15 15:33:16,low_agl,183,-42.048279013851456,594.1730346679688,594.1730346679688,2.684746512481732,81.00678804697075,5.618032836914059,7.909574617632929,-0.273426257598284,5.612539789199832,0.0,-60.0
377,2026-05-15 15:33:20,low_agl,333,-23.425341509960262,499.6556701660156,499.6556701660156,1.310450019277284,19.13569362023409,10.338124084472652,17.863424097572267,-0.2828612324562686,10.320971540451051,0.0,-60.0
378,2026-05-15 15:33:20,bad_angle,28,-49.6174796599028,693.2299194335938,693.2299194335938,81.02893152025995,110.66613319694243,0.6897918701171875,-0.7270775466169341,-0.13927353700717832,0.699079553604126,0.0,-50.0
379,2026-05-15 15:33:21,bad_angle,31,-49.80357734668655,693.0383911132812,693.0383911132812,84.73713684330824,110.65903663039478,0.7103790283203125,-0.9274824197575505,-0.15117539606047203,0.7197014408111573,0.0,-50.0
380,2026-05-15 15:33:46,bad_angle,1190,62.13976511019265,59.26362609863281,68.2995834350586,1.957147591098018,111.1500794203945,31.92693977355958,56.25434202840932,-2.0229008126370513,31.888986904274677,0.04239721658626902,-50.0
381,2026-05-15 15:33:46,bad_angle,29,-49.78590395070167,692.6361083984375,692.6361083984375,83.61314042292344,115.78533948929947,0.7001556396484374,-0.882352646750591,-0.16966082963162474,0.7109538860321045,0.0,-50.0
382,2026-05-15 15:34:09,bad_angle,1036,57.62780810621919,69.81310272216797,69.81310272216797,1.0957512402892784,112.90890094299698,31.842456436157235,50.70418550357438,-1.5880700014199693,31.849236167907705,0.0,-50.0
383,2026-05-15 15:34:25,bad_angle,1165,60.86857793238728,83.68063354492188,85.65077209472656,2.102171930527841,112.60869363840742,31.0846855163574,56.308953552173186,-1.7627315550129148,31.062670418869715,0.0,-50.0
384,2026-05-15 15:34:28,low_agl,222,-40.44471690204688,576.8472290039062,576.8472290039062,2.6712974431191534,63.60173800391826,6.527041625976565,7.846707315592219,-0.22858233684075047,6.5201164932251015,0.0,-60.0
385,2026-05-15 15:34:41,bad_angle,1062,65.07231592910678,64.30001831054688,64.30001831054688,1.573585191486141,111.90250671974145,32.132176208496084,57.8621442815775,-1.7363119477853666,32.124139547348015,0.0001678394704591259,-50.0
386,2026-05-15 15:34:52,bad_angle,908,42.49757498599774,165.11354064941406,165.11354064941406,1.4583079267173102,116.27543288300457,27.101207733154293,44.30573277832948,-1.4768912785073927,27.10752575302124,0.0,-50.0
387,2026-05-15 15:34:52,bad_angle,27,-49.674153835492184,694.0098876953125,694.0098876953125,80.78411704983917,115.7873612252938,0.6584960937499998,-0.7113520279449539,-0.155753811026236,0.6694559097290039,0.0,-50.0
388,2026-05-15 15:34:53,bad_angle,41,-49.70058108063434,686.7462158203125,686.7462158203125,81.93939573662264,113.7801393829563,0.98348388671875,-1.3072071663057443,-0.16275617560484645,0.9908983745574951,0.0,-50.0
389,2026-05-15 15:35:06,bad_angle,1086,57.759066785894305,65.36043548583984,65.36043548583984,2.3041824591937843,110.1092200625871,32.066096878051766,50.66846326416803,-1.608984030039738,32.0634752779007,1.5395813622270767e-05,-50.0
390,2026-05-15 15:35:09,low_agl,215,-46.73968583932679,589.9102783203125,589.9102783203125,14.97636625533749,45.11767516635465,5.8736572265625,2.7090062542542612,-0.10727728340037829,5.859927963256842,0.0,-60.0
391,2026-05-15 15:35:23,bad_angle,1160,65.38050648529065,72.45804595947266,73.77718353271484,2.834277709546705,114.48382645238604,31.63207283020022,59.85231053287317,-1.9241858588891962,31.615923853337744,0.004385127769014059,-50.0
392,2026-05-15 15:35:27,low_agl,334,-25.298351524974628,502.4378662109375,502.4378662109375,1.4732605981926434,49.66840822918612,10.226846313476562,16.29567782492392,-0.36276850089950824,10.211892837524411,0.0,-60.0
393,2026-05-15 15:35:42,bad_angle,1121,71.31329081191808,62.660118103027344,64.11279296875,1.2190069130606245,118.05107716153279,32.11538391113277,64.64835458177753,-1.9775633790022982,32.10297282512486,0.029142872885043605,-50.0
394,2026-05-15 15:36:04,bad_angle,1140,67.4823863757802,39.44167709350586,40.17633056640625,1.17436533025395,112.24266380078643,33.314834594726506,58.1232042197448,-1.8063331554140496,33.29276805669071,0.2579126600321796,-50.0
395,2026-05-15 15:36:30,bad_angle,945,27.711327969458473,184.63522338867188,184.63522338867188,6.889740735612446,110.62774070361779,26.11900177001955,31.583053060802165,-1.3748277610595423,26.10910089969636,0.0,-50.0
396,2026-05-15 15:36:31,bad_angle,67,-49.559437165972206,675.7871704101562,675.7871704101562,80.53952114547185,117.33594269505411,1.5713623046875003,-2.1708893988523332,-0.20824435182140744,1.583334280014038,0.0,-50.0
397,2026-05-15 15:36:36,low_agl,197,-42.1041588297593,591.9776000976562,591.9776000976562,12.294478817353644,45.06535250221776,5.731771850585937,7.5626222568905,-0.1306110045575113,5.717058067321775,0.0,-60.0
398,2026-05-15 15:36:53,bad_angle,767,21.60031906779028,250.89796447753906,250.89796447753906,1.539895390126759,116.80714944951173,22.809075164794923,30.98527348062582,-1.179717310327035,22.820687732696538,0.0,-50.0
399,2026-05-15 15:37:17,bad_angle,1077,51.989106454097396,93.9638900756836,93.9638900756836,2.473221957188784,110.79171305502229,30.67141609191894,47.72712821324282,-1.6842470632720297,30.6598092122078,0.0,-50.0
400,2026-05-15 15:37:44,timeout,1200,52.010759041003205,51.41623306274414,52.59321212768555,0.8991813841840733,45.93949377257434,32.70965824127196,48.95992138084525,-1.4436770205845995,32.66558034209908,0.11927609737162718,-55.0
401,2026-05-15 15:37:50,bad_angle,278,-26.40699422083942,545.180419921875,545.180419921875,10.831200433911269,111.02628224168804,8.103878784179686,9.261236714290467,-0.491148531946888,8.109038812637332,0.0,-50.0
402,2026-05-15 15:38:19,timeout,1200,51.4984384993725,62.08914566040039,64.79364013671875,2.036535520151311,84.24338246820803,32.08209228515628,50.06357309772315,-1.7167599949829504,32.04415896525976,0.0253741462162432,-55.0
403,2026-05-15 15:38:20,bad_angle,32,-49.93238039239406,692.2626342773438,692.2626342773438,82.61117899243925,111.22344248226962,0.751220703125,-1.1256744101686131,-0.15736384584239296,0.7594371604919435,0.0,-50.0
404,2026-05-15 15:38:50,bad_angle,1152,67.8442353629519,73.48503875732422,75.27456665039062,1.352917894380602,115.13076148000214,31.569572448730465,62.316605230278334,-1.8372073076244417,31.550207352861754,0.005057638705747769,-50.0
405,2026-05-15 15:38:51,bad_angle,33,-49.324606902406074,691.5739135742188,691.5739135742188,78.64887014169895,111.3808578520709,0.7909149169921873,-0.5984233686482666,-0.14969555959093436,0.7975971088409424,0.0,-50.0
406,2026-05-15 15:39:22,timeout,1200,51.22785168502888,77.23857879638672,89.55126953125,1.5036312477805165,78.29965622981454,30.859301757812517,52.421698394489646,-1.8609767402691406,30.807250316858322,0.0005779561375110709,-55.0
407,2026-05-15 15:39:23,bad_angle,68,-46.815636661401385,670.225830078125,670.225830078125,48.616770832868426,112.23836078160932,1.8104888916015625,0.0921170193901873,-0.1973639808556612,1.8191214084625245,0.0,-50.0
408,2026-05-15 15:39:54,bad_angle,1179,64.7713395321412,42.17423629760742,46.011131286621094,1.802765679061866,112.68425602119527,33.03393440246585,56.27508247695298,-1.8579726564862555,33.01144346952438,0.20385183968438447,-50.0
409,2026-05-15 15:40:07,bad_angle,461,-10.77004652142076,438.6451416015625,438.6451416015625,14.036965088782386,112.6689427370761,13.398910522460927,15.446612896507329,-0.7144176080831216,13.403847667694087,0.0,-50.0
410,2026-05-15 15:40:08,bad_angle,37,-49.64913513070017,689.0247192382812,689.0247192382812,85.93894960890701,113.66959277123965,0.8834228515625002,-1.080417493459707,-0.16236650007920567,0.8952260112762449,0.0,-50.0
411,2026-05-15 15:40:40,timeout,1200,63.147567654091155,51.304622650146484,55.17197799682617,2.94676473531788,69.82419743215078,32.58216953277588,60.585694482597084,-1.6604807612218608,32.534710594415635,0.10547380552435323,-55.0
412,2026-05-15 15:41:04,low_agl,964,33.98614985614425,138.5251922607422,138.5251922607422,2.98734075474281,82.35566844577824,28.396634674072274,43.49698732378851,-1.4670413574910544,28.379569215774534,0.0,-60.0
413,2026-05-15 15:41:32,bad_angle,1049,50.28232322835222,98.26053619384766,98.26053619384766,2.8722851509568876,114.94384652317557,30.408713912963908,46.36048302294505,-1.641691479468424,30.399817771911643,0.0,-50.0
414,2026-05-15 15:41:37,low_agl,207,-39.984858508051914,580.121337890625,580.121337890625,5.765514223229973,31.117573462296466,6.321267700195315,8.526002773479384,-0.10015095056816689,6.30302196884155,0.0,-60.0
415,2026-05-15 15:41:58,bad_angle,1150,62.897706768312716,68.1289291381836,70.2236099243164,0.858206012136109,110.16792553850335,31.84983024597168,56.73722198212398,-1.7723259791029453,31.828741161387402,0.004239357932346253,-50.0
416,2026-05-15 15:42:17,bad_angle,1061,59.14001932483868,77.9732666015625,77.9732666015625,0.9280950690446182,113.4319021881232,31.45915222167968,53.22148542225846,-1.689407249992376,31.453788930892962,0.0,-50.0
417,2026-05-15 15:42:25,low_agl,337,-22.597953842412345,496.210693359375,496.210693359375,2.1678984140240507,28.262105304293208,10.520800781250003,18.3678484382792,-0.30341850116582214,10.501815439224242,0.0,-60.0
418,2026-05-15 15:42:38,low_agl,598,0.8878825177775909,340.03314208984375,340.03314208984375,0.7472961730938255,64.27512635418981,18.346173095703133,28.03498100004266,-0.835296339168145,18.332024761199968,0.0,-60.0
419,2026-05-15 15:43:04,bad_angle,1164,61.922415507804075,52.3597526550293,52.787452697753906,1.712350729758705,114.8796290845991,32.682795333862266,54.103817317612965,-1.758649277257807,32.68032360596952,0.03412852761712493,-50.0
420,2026-05-15 15:43:31,timeout,1200,50.182838495358574,63.45712661743164,68.22089385986328,1.1462005116028735,65.26764163305188,31.938775253295894,48.964292465397605,-1.622427120545535,31.898487319309275,0.003710577901219254,-55.0
421,2026-05-15 15:43:48,timeout,1200,55.65281993821687,53.599853515625,62.62849044799805,2.7449510014773977,93.57514891230545,32.193560218811044,54.132526128131765,-1.8480524403369214,32.149980975195774,0.024805056415187435,-55.0
422,2026-05-15 15:44:03,timeout,1200,60.198836199586175,61.77538299560547,70.55708312988281,2.0547136417404768,57.565312438109366,31.839455413818282,59.224416747398955,-1.6859912682831908,31.801203287541885,0.01975201911022279,-55.0
423,2026-05-15 15:44:16,bad_angle,1058,59.1559451263565,85.05756378173828,85.05756378173828,0.4374547799582463,118.47015024824809,31.08133201599115,54.08493359284561,-1.7997340509770146,31.079413568496737,0.0,-50.0
424,2026-05-15 15:44:30,bad_angle,1120,63.740193992172756,66.2046127319336,66.905029296875,1.9047480873329727,118.67558867810374,31.97603454589842,57.25452822795256,-1.8723326304523138,31.96071421614287,0.021249632631238403,-50.0
425,2026-05-15 15:44:45,timeout,1200,62.082342862250556,40.237422943115234,48.575286865234375,0.2719624713395843,65.24280706522971,32.92842254638668,58.67098072289031,-1.696213394040035,32.88179336613415,0.2973596208796068,-55.0
426,2026-05-15 15:44:59,bad_angle,1125,66.01042451886065,31.098031997680664,31.098031997680664,0.9561348098565189,111.27951833535542,33.8121638298035,55.67318962026436,-1.7203766244513212,33.80838559865955,0.06206209458450987,-50.0
427,2026-05-15 15:45:13,bad_angle,1183,56.159648493016974,24.779829025268555,25.74656867980957,1.2530453742327945,111.02906212868022,34.07926092147828,45.56806955329031,-1.754424237276566,34.047025701284426,0.13471655424060164,-50.0
428,2026-05-15 15:45:17,low_agl,333,-24.22816806405408,501.8569641113281,501.8569641113281,1.6556397758017949,58.056498662081665,10.276237487792978,17.32541700062109,-0.43031468465504275,10.265492132186894,0.0,-60.0
429,2026-05-15 15:45:32,timeout,1200,62.93969467690325,67.1607894897461,74.01862335205078,2.0520447453222945,60.35852512937525,31.650988388061574,62.26118504289908,-1.6060189245789724,31.614653156189227,0.018887014332376082,-55.0
430,2026-05-15 15:45:47,timeout,1200,53.427680234950074,107.56000518798828,117.96148681640625,1.9497338476407924,62.341738856780154,29.428518676757818,57.36211367731532,-1.7389317760578455,29.375979656934746,0.0,-55.0
431,2026-05-15 15:46:01,timeout,1200,60.75553564002208,63.77177047729492,63.77177047729492,1.07919656928846,21.94875313368074,32.16275424957274,58.82605522982679,-1.4251761672610848,32.1416155977249,0.050286730158792134,-55.0
432,2026-05-15 15:46:09,bad_angle,603,6.233396225137831,341.5064697265625,341.5064697265625,4.352036883460276,110.64717259180647,18.26218261718749,23.667088810408956,-0.9472972052509945,18.266422002792364,0.0,-50.0
433,2026-05-15 15:46:23,timeout,1200,57.813572809037005,41.73019027709961,62.35197830200195,0.5685510830099438,99.51534394289803,32.2514440536499,56.18264760761441,-1.9277852833144837,32.20051111305136,0.10675531803584391,-55.0
434,2026-05-15 15:46:38,bad_angle,1191,68.1143403559341,23.098751068115234,30.366863250732422,1.5760704198486735,110.1510618014426,33.846653175353964,57.915036453444145,-1.7154582293490996,33.82141121300869,0.2016977434764062,-50.0
435,2026-05-15 15:46:52,timeout,1200,56.142874136923716,54.439666748046875,54.439666748046875,2.5201814287233253,28.350964357847783,32.605201721191435,53.39139390053263,-1.473570484889143,32.570760771363936,0.04908822872464763,-55.0
436,2026-05-15 15:47:07,timeout,1200,59.66181063163434,46.05931091308594,48.89390182495117,2.3937556944034473,77.89436646484432,32.88345432281491,56.46584961502435,-1.659076611746041,32.864293639332075,0.10728966620904645,-55.0
437,2026-05-15 15:47:21,timeout,1200,62.19023950955235,22.788183212280273,38.755489349365234,2.6323982351354616,83.982728789102,33.40663776397707,58.024753918956975,-1.7408788777480195,33.3558614878729,0.14386521649341236,-55.0
438,2026-05-15 15:47:35,bad_angle,1155,68.39186432727786,37.30358123779297,41.03936004638672,3.136438661682311,114.1364157104425,33.29129371643069,59.15850569396951,-1.753390201237717,33.27521293270591,0.19524218540954213,-50.0
439,2026-05-15 15:47:50,timeout,1200,56.59958852103026,68.44615936279297,78.10721588134766,1.3789916079285967,60.37809362134734,31.462022018432613,56.41789739792488,-1.710564471853122,31.417590805362902,0.012642771162914878,-55.0
440,2026-05-15 15:48:05,timeout,1200,65.51876953871384,25.368465423583984,41.79541015625,0.7088640860163389,86.20324377884064,33.24055480957032,61.502061294099136,-1.79307446216664,33.1985032626688,0.3707246345422718,-55.0
441,2026-05-15 15:48:19,timeout,1200,56.25411517340341,43.561737060546875,55.50410461425781,5.596431182779015,62.380670935049224,32.575609588623,53.63501503171646,-1.6352339086939225,32.52127949219936,0.1574449695583319,-55.0
442,2026-05-15 15:48:34,timeout,1200,60.405650313803434,29.980846405029297,39.291046142578125,1.0177950896407495,85.80847250519226,33.40250701904296,56.015913738388456,-1.8001524688358106,33.362988252162936,0.42439377304493814,-55.0
443,2026-05-15 15:48:49,timeout,1200,63.75808904317065,46.59093475341797,53.16820526123047,0.45370305294176616,47.693643445784524,32.67058143615725,61.041981889795515,-1.6006037621811462,32.62300040416794,0.0231290752311315,-55.0
444,2026-05-15 15:49:03,timeout,1200,64.70863894620877,28.70244598388672,43.00040054321289,0.6510198542657356,82.23858534302587,33.173185539245594,60.663523942437514,-1.7062305920904215,33.136471077024936,0.4416889795910421,-55.0
445,2026-05-15 15:49:18,timeout,1200,63.70100868838272,25.603496551513672,42.39023208618164,1.7635851526617343,69.22437704942944,33.2013380050659,59.68168298413435,-1.6079770505146274,33.153677935369316,0.2722868143278548,-55.0
446,2026-05-15 15:49:33,timeout,1200,63.911470767388195,39.45026779174805,46.09206008911133,0.7947543551594839,47.81306588832761,33.052406883239776,60.187685724850795,-1.6170423178349742,33.006389213923406,0.2820312632091679,-55.0
447,2026-05-15 15:49:47,timeout,1200,56.77224544363092,53.521636962890625,61.42628479003906,1.2745679406377395,72.92023339045835,32.27835922241206,54.91651486396236,-1.6729407965409377,32.24346983678635,0.006842317011034253,-55.0
448,2026-05-15 15:50:02,timeout,1200,58.799952100932366,27.19594955444336,41.12725067138672,0.4652018364920413,73.593464646379,33.26463966369635,54.841963133302755,-1.6471676904105483,33.21967862766978,0.12083836667412409,-55.0
449,2026-05-15 15:50:17,timeout,1200,62.746932886214,27.99620819091797,29.86704444885254,1.4090327008890169,28.022182956865464,33.8680277824402,57.27857365967355,-1.4874883975728865,33.83617696562687,0.251642876046184,-55.0
450,2026-05-15 15:50:31,timeout,1200,59.15833393279651,38.882484436035156,49.60986328125,3.0730696606668135,60.45297298521819,32.88673706054686,56.014807292799595,-1.6697465129671554,32.83055566282476,0.09598042959250459,-55.0
451,2026-05-15 15:50:45,bad_angle,1116,59.50816799085814,39.81135177612305,39.81135177612305,3.0028311968935757,116.05276871606215,33.34393558502194,50.11963004060323,-1.7101818119656267,33.332523652553554,0.002260524645083916,-50.0
452,2026-05-15 15:51:00,timeout,1200,65.36414024300406,28.08238410949707,53.42884063720703,0.47271237653641074,95.34672239808833,32.69770774841303,62.46603134888729,-1.8828354501151923,32.64846676618886,0.43476982963008826,-55.0
453,2026-05-15 15:51:14,timeout,1200,57.04469630023793,19.077617645263672,21.47520637512207,3.077652931043304,69.38246860795854,34.274265193939215,50.63452393774382,-1.5569757638459205,34.23564658826583,0.45723634413491904,-55.0
454,2026-05-15 15:51:29,timeout,1200,61.99834053117482,45.26948165893555,51.522987365722656,1.7401259074619735,54.89355758575923,32.75803947448728,58.96608098720912,-1.6027113918597078,32.72385766172413,0.15307379961395615,-55.0
455,2026-05-15 15:51:44,timeout,1200,64.74296467243822,35.329105377197266,49.501739501953125,1.8990886352753824,72.11142970970212,32.85467681884765,61.45054555057015,-1.665485197817881,32.81248048812151,0.290747012716483,-55.0
456,2026-05-15 15:51:46,low_agl,164,-48.92911490005976,614.572265625,614.572265625,2.616811316562669,15.962652401676502,4.619125366210936,2.5990579238715497,0.06588678834285479,4.606815021514895,0.0,-60.0
457,2026-05-15 15:52:00,timeout,1200,58.691720637242,43.82273864746094,46.907135009765625,1.8798230195043037,70.88672898019465,32.99358367919921,55.35955149787033,-1.6609938955383585,32.95709913819381,0.042480217517032216,-55.0
458,2026-05-15 15:52:14,bad_angle,1152,51.86133706139387,55.146541595458984,56.71949768066406,2.6513654570171754,110.32079883250658,32.52771224975586,44.265414513744695,-1.6672850921494504,32.49549539004266,0.0,-50.0
459,2026-05-15 15:52:29,bad_angle,1187,65.21642805878207,43.69307327270508,55.337066650390625,0.36045200098788943,110.07238485239321,32.58024139404298,57.85019107501446,-1.8257879886644235,32.54507998478409,0.0017035936048896492,-50.0
460,2026-05-15 15:52:43,timeout,1200,58.47825759961009,20.879331588745117,37.558128356933594,1.7300876638161702,63.183341105930786,33.49183845520018,54.03627744572443,-1.7214437951185424,33.43884952238197,0.23273597142186941,-55.0
461,2026-05-15 15:52:58,timeout,1200,64.71271351962083,38.396968841552734,45.01732635498047,0.34661513162692786,56.565553743632506,33.09227943420411,60.89271278995933,-1.6090524958293004,33.058292147189455,0.2784816440972736,-55.0
462,2026-05-15 15:53:12,timeout,1200,70.1756589388329,43.48296356201172,46.631317138671875,1.1902543779758095,17.702544054994284,33.036875915527375,66.33540640589507,-1.4511058237685088,33.00126279196141,0.2532196492175228,-55.0
463,2026-05-15 15:53:25,bad_angle,1076,47.16860772463604,55.924312591552734,55.924312591552734,3.3394715842896407,111.26303708888818,32.56215839385986,39.04004765799061,-1.609299968297184,32.55570164108275,0.0,-50.0
464,2026-05-15 15:53:40,timeout,1200,65.23415682896425,10.845425605773926,37.519554138183594,1.1324603054269236,80.80830274969018,33.480745315551744,60.44185079958125,-1.6923389392995776,33.42934332680703,0.5745563263237076,-55.0
465,2026-05-15 15:53:55,timeout,1200,62.2551765374499,32.980281829833984,44.16050720214844,3.4610790470368977,40.79007072332915,33.12753067016598,58.31535141405702,-1.5640386718483255,33.07996727055315,0.29636585452222,-55.0
466,2026-05-15 15:54:09,timeout,1200,53.54924551083116,49.50246047973633,51.43096923828125,1.2639299210054447,73.2279402427566,32.79320983886715,50.635192525710366,-1.6491026967828526,32.76113462655621,0.008811216480216372,-55.0
467,2026-05-15 15:54:23,bad_angle,1145,66.4568129617081,9.365498542785645,9.966233253479004,4.194419596191653,112.49109144127813,34.86179881095883,53.9188723576009,-1.807580690499817,34.837307698130594,0.37141478551755597,-50.0
468,2026-05-15 15:54:37,bad_angle,1104,52.8925229745118,26.667768478393555,26.667768478393555,3.1454139571385307,110.31142781296532,33.99767236709594,42.00802711436765,-1.5913775865462623,33.99633542633055,0.0018656532638466237,-50.0
469,2026-05-15 15:54:51,bad_angle,1146,47.62197732089463,46.85036849975586,46.85036849975586,5.21654075689796,111.74122546286995,32.97826404571533,39.07733819374955,-1.6649055732906832,32.959040658712446,0.0022399960080062434,-50.0
470,2026-05-15 15:55:06,timeout,1200,56.69445814604735,22.62066078186035,38.2253303527832,3.2536549531234846,81.51076038506932,33.43977413177494,52.50850226964574,-1.7084751153384994,33.38489007923006,0.06976678073508019,-55.0
471,2026-05-15 15:55:20,timeout,1200,52.105691645415675,32.67366409301758,39.664344787597656,1.7209009526607975,43.55227777085776,33.340650558471715,47.785389512330774,-1.4871505784909405,33.29118037293853,0.17562178016574512,-55.0
472,2026-05-15 15:55:33,bad_angle,1112,68.80767979357397,31.314245223999023,31.441423416137695,1.3545080477967455,110.89057321306905,33.79763708114625,58.38599048570971,-1.7250715597896202,33.78219122147561,0.12693256503211783,-50.0
473,2026-05-15 15:55:47,bad_angle,1079,55.39739172384538,67.21849060058594,67.21849060058594,3.281395979880903,116.2949672240308,31.985349273681656,48.4602425651015,-1.622892189713606,31.969692074775672,0.0,-50.0
474,2026-05-15 15:56:01,bad_angle,1156,43.62334999642088,40.550567626953125,40.5841178894043,2.1822953855773797,114.80119119217068,33.313247108459464,34.53740556421352,-1.7272899461082158,33.27998726985598,0.0,-50.0
475,2026-05-15 15:56:16,timeout,1200,58.95033215324563,7.888539791107178,25.011661529541016,3.9747338186141863,82.12661805196186,34.083553886413625,53.34297840653896,-1.7248362964583017,34.04038077706102,0.208255379690304,-55.0
476,2026-05-15 15:56:29,success,1130,236.29405997225587,9.690476417541504,9.690476417541504,3.794056958933955,22.881453030886412,34.83625864982609,53.37274592038435,-1.320889295132327,34.82100614166251,0.23493855551524265,120.0
477,2026-05-15 15:56:44,timeout,1200,54.17490929386248,53.1072883605957,62.29664993286133,3.477614294687264,77.00722734449722,32.253502464294456,52.36041530564507,-1.679289673379197,32.21301682366427,0.02726437363806342,-55.0
478,2026-05-15 15:56:59,timeout,1200,58.61786009561114,17.060195922851562,26.934741973876953,2.375534243801734,67.16345625983729,34.01450557708733,52.908888194382236,-1.6646298385672271,33.9655390964746,0.39355706623419534,-55.0
479,2026-05-15 15:57:13,timeout,1200,63.178510644663476,30.497854232788086,41.979251861572266,1.868021733278991,78.08962791283665,33.26243267059323,59.05754890954678,-1.7070379523967918,33.21028079158066,0.35528622533970916,-55.0
480,2026-05-15 15:57:27,bad_angle,1150,54.21651550336464,9.676198959350586,9.676198959350586,2.9555208243904247,111.66079315520388,34.840070056915245,42.045768618786745,-1.7367636782743368,34.812173471450784,0.005267034486117993,-50.0
481,2026-05-15 15:57:41,bad_angle,1122,60.25573887487534,29.628761291503906,29.640348434448242,4.196660325126241,113.37570339163234,33.85681009292601,49.932779895316095,-1.7683071979146467,33.84137160539625,0.003084479151725201,-50.0
482,2026-05-15 15:57:55,timeout,1200,59.00025640631592,31.27364730834961,50.131629943847656,1.0321138341837408,47.661046367970634,32.86269645690923,55.733113935223855,-1.5518109283480825,32.797154203861986,0.1591027386688763,-55.0
483,2026-05-15 15:58:10,timeout,1200,56.43060509485492,18.0738525390625,30.67301368713379,0.9489448618163169,99.41184608640482,33.79035444259631,51.71793683608106,-1.8558348713357444,33.76304205599432,0.015106631519145047,-55.0
484,2026-05-15 15:58:26,timeout,1200,60.3132512306408,15.729944229125977,37.6275520324707,2.0611805502240097,106.83654175196466,33.467859458923286,56.141805107372775,-1.7492619659611424,33.42972802379722,0.023120606508494238,-55.0
485,2026-05-15 15:58:41,timeout,1200,58.98920007047258,20.218978881835938,36.65739440917969,2.534663564197868,57.98277360018054,33.49117507934569,54.542036121160756,-1.6425297680352915,33.42935116803652,0.16916746996502358,-55.0
486,2026-05-15 15:58:57,timeout,1200,61.00564443434273,25.03608512878418,49.496707916259766,1.3129861538934744,68.45962125863062,32.877883720397904,57.88035790851176,-1.7199468261333288,32.81534897084535,0.15200066072104332,-55.0
487,2026-05-15 15:59:13,success,1113,237.69471307940387,8.235860824584961,8.235860824584961,0.8749159098579865,21.60327362772503,34.90944414138788,54.44953972392197,-1.4344678510702076,34.894321071624724,0.44087599353928325,120.0
488,2026-05-15 15:59:26,bad_angle,1131,49.34950135947657,65.23890686035156,65.23890686035156,2.94124594246851,110.83125985031666,32.0600212097168,42.63956611207758,-1.738707590319524,32.043601490259164,2.013774246261582e-05,-50.0
489,2026-05-15 15:59:41,bad_angle,1164,51.985223976200096,20.813282012939453,23.097410202026367,4.730729891802463,114.29391304251384,34.21426401138308,41.2426587403153,-1.8311855047465937,34.17174431458112,0.0077424146671579794,-50.0
490,2026-05-15 15:59:55,timeout,1200,56.370076076190664,48.30124282836914,51.40644454956055,2.789725879694593,56.38385363623724,32.77663211822514,53.405546379244456,-1.591368796893216,32.742950233537684,0.036316142076590986,-55.0
491,2026-05-15 16:00:09,bad_angle,1135,44.77495902406254,59.169288635253906,59.169288635253906,6.910974086194723,112.0273625777693,32.36768302917482,37.39066261647263,-1.6579461775922222,32.3495595560074,0.0,-50.0
492,2026-05-15 16:00:23,bad_angle,1139,45.45681602830559,28.09304428100586,28.09304428100586,2.1636511035773607,110.50427137399147,33.92518787384038,34.986444867532704,-1.6629458302410383,33.902461479186975,0.0006676379865809599,-50.0
493,2026-05-15 16:00:38,timeout,1200,64.05292392808607,27.686111450195312,40.14686584472656,0.8079403555173109,60.92164007549695,33.319875335693325,59.81240700140097,-1.6382362787029707,33.26361866730445,0.2952592023904164,-55.0
494,2026-05-15 16:00:52,timeout,1200,49.782089278912466,25.3840389251709,31.022409439086914,3.7730968159184783,54.19640359227062,33.81838026046756,44.79804188235332,-1.6066281703025813,33.77188709647949,0.0004082099147348581,-55.0
495,2026-05-15 16:01:07,timeout,1200,66.07650375022698,26.45917320251465,42.23522186279297,0.4630939760811519,67.56563828873516,33.23051185607914,61.881710002318485,-1.7226728311038526,33.19320031732323,0.49375440560992123,-55.0
496,2026-05-15 16:01:22,timeout,1200,59.6289651311038,36.74794387817383,44.671749114990234,1.2078796811290273,78.81559505933896,33.11851520538332,55.96586460574496,-1.666918440237675,33.07205151422158,0.1394522459915297,-55.0
497,2026-05-15 16:01:36,timeout,1200,61.51741416198638,19.443241119384766,28.03009796142578,0.6801253713924227,64.8175185063697,33.95640830993646,55.936822541784636,-1.6168300531346373,33.92379228690268,0.31722107649707787,-55.0
498,2026-05-15 16:01:51,timeout,1200,58.546054053233426,45.15386199951172,49.122314453125,0.9534706091933908,46.48935473661163,32.88090515136717,55.319805875119286,-1.54274220629604,32.84003938497605,0.04804584806711017,-55.0
499,2026-05-15 16:02:06,timeout,1200,63.27682238887055,46.04621124267578,57.22727966308594,1.1501203998562262,69.60533768057606,32.494583892822305,60.973950963740876,-1.7531397533553374,32.4404421014943,0.12098518416833345,-55.0
500,2026-05-15 16:02:20,bad_angle,1155,62.32491159065034,13.370857238769531,14.70733642578125,1.1805145282193714,113.29600874439663,34.63133850097655,50.563263912972765,-1.7665566196966596,34.596631782636045,0.07523401376157378,-50.0
501,2026-05-15 16:02:34,bad_angle,1150,58.68106876295447,17.195600509643555,18.46613883972168,1.5275186604638726,112.14063443496478,34.44445734024041,47.20556437869999,-1.6910296206504414,34.41317633058139,0.05890033408314838,-50.0
502,2026-05-15 16:02:48,timeout,1200,64.21774840899917,24.777938842773438,35.62936782836914,2.1678984140240507,44.980316647051104,33.58161144256594,59.221441297468964,-1.5557402445369934,33.535383334275394,0.4350525792257834,-55.0
503,2026-05-15 16:03:03,timeout,1200,62.728444759120066,28.247455596923828,50.28761672973633,1.1490991798536034,19.654854591499465,32.83879299163819,59.26859319501173,-1.4634456248597187,32.765569976055815,0.31893422127417326,-55.0
504,2026-05-15 16:03:16,bad_angle,1070,38.95812515208472,67.06648254394531,67.06648254394531,1.5257240282594517,111.48199929330045,31.96964950561526,31.913162175143956,-1.5333138899720364,31.958627361297612,0.0,-50.0
505,2026-05-15 16:03:30,bad_angle,1143,66.45676913672384,5.759535789489746,8.598776817321777,1.6309887693135727,110.87909166507426,34.890840578079164,54.02512545663109,-1.7275560781193071,34.85336315196757,0.12999602816519745,-50.0
506,2026-05-15 16:03:45,timeout,1200,50.03238726420173,46.483062744140625,53.13477325439453,2.8330341882309398,64.86916156668416,32.71295433044441,47.229965711358226,-1.6283781857021276,32.66549663565304,0.05234877244807229,-55.0
507,2026-05-15 16:03:59,timeout,1200,58.19704241236911,13.339774131774902,25.260799407958984,2.312914856047646,75.43233598605403,34.095587348938004,52.284466527418104,-1.5835658701241968,34.04901893232761,0.3515354738094836,-55.0
508,2026-05-15 16:04:13,bad_angle,1111,49.33364213532868,31.529695510864258,31.529695510864258,1.796131430943668,113.46933162477487,33.744291591644284,39.06550997786767,-1.650821543556121,33.72401461648938,0.005647492883613903,-50.0
509,2026-05-15 16:04:27,timeout,1200,48.71095311206196,38.15303039550781,56.008323669433594,3.043110743419845,98.10722531341904,32.52691230773929,46.379297914890635,-1.6880153822505626,32.47508292370847,0.01767534797419278,-55.0
510,2026-05-15 16:04:42,timeout,1200,42.453682788888756,47.50324630737305,53.510433197021484,4.224706789405606,99.32724736334505,32.67029743194578,39.95341500038425,-1.8221377576318667,32.63461199878151,0.017496115409076956,-55.0
511,2026-05-15 16:04:56,timeout,1200,43.93451794510512,53.76816177368164,61.54465103149414,3.0472891116446004,89.15555889663281,32.25117931365971,42.14293582230324,-1.6922982284239345,32.21865425348289,0.014046784083276854,-55.0
512,2026-05-15 16:05:09,bad_angle,1084,48.46452138385835,62.419342041015625,62.419342041015625,1.9020747086031475,110.53293084774884,32.1997756958008,41.07873449338635,-1.5837312875141767,32.18974248218536,0.0,-50.0
513,2026-05-15 16:05:24,bad_angle,1185,62.85550938422907,11.169278144836426,27.87019920349121,1.2204508577398474,111.93579023156693,33.972017383575384,51.879691614708555,-1.730228655996111,33.920898672267796,0.7381303696735866,-50.0
514,2026-05-15 16:05:38,timeout,1200,52.64086223043336,22.221996307373047,41.98021697998047,2.04277255008059,82.14070190203043,33.26887550353996,48.8582469250077,-1.7039497935542474,33.21739359447366,0.00029600096640218314,-55.0
515,2026-05-15 16:05:51,bad_angle,1090,45.13243091705613,45.415950775146484,45.415950775146484,5.071225067211354,110.13885625339579,33.097949409484876,35.95600097702485,-1.560249571992563,33.08873010253911,0.0,-50.0
516,2026-05-15 16:06:06,bad_angle,1166,50.894257372530966,30.945960998535156,31.470556259155273,1.8889624529440154,113.97832415191338,33.795155048370304,40.9410945792931,-1.8058524673709226,33.767866400390886,0.025993811847586343,-50.0
517,2026-05-15 16:06:20,timeout,1200,66.18121498023967,19.781169891357422,40.52149200439453,0.9280950690446182,72.99664271670328,33.324737167358386,61.52137843668469,-1.635084308741397,33.26430225145822,0.705881433479903,-55.0
518,2026-05-15 16:06:34,bad_angle,1129,63.690467366965606,1.7558356523513794,1.7558356523513794,2.4151642820266175,118.23445408036929,35.2505474507809,50.46157133357034,-1.7669355662090718,35.23599010372158,0.15429404510179626,-50.0
519,2026-05-15 16:06:48,bad_angle,1129,57.97670903039785,12.187295913696289,12.187295913696289,1.556957095951745,112.14759439772902,34.75870466232292,45.724025281023444,-1.760202172565658,34.733325614690784,0.165855644926174,-50.0
520,2026-05-15 16:07:01,bad_angle,1102,53.442551084010006,34.454986572265625,34.454986572265625,1.0044416429265515,113.38630384522419,33.62180328369138,43.43849908487981,-1.7131588801958981,33.60540759563447,0.0,-50.0
521,2026-05-15 16:07:16,timeout,1200,46.50894901963495,28.135984420776367,44.01546096801758,1.1891029574921335,100.29489392343909,33.15280361175533,43.08768020730277,-1.8403984157405597,33.10886361631747,0.0,-55.0
522,2026-05-15 16:07:30,bad_angle,1133,55.64388914448417,29.11813735961914,29.174388885498047,1.5889313458906902,111.3143523001225,33.898531532287606,45.16362469665023,-1.6305451317916813,33.87727804733815,0.0,-50.0
523,2026-05-15 16:07:44,bad_angle,1160,60.31518638507262,25.079654693603516,36.85468292236328,1.413746812076795,112.37865286716138,33.51295738220217,50.859017891630714,-1.7474491617115955,33.4778975340276,0.01276273892354705,-50.0
524,2026-05-15 16:07:58,bad_angle,1126,50.39139362311155,32.839515686035156,32.839515686035156,1.1658362382496024,110.35880200504853,33.68615837097165,40.45073764051346,-1.774240158454223,33.65873777008059,0.0,-50.0
525,2026-05-15 16:08:13,timeout,1200,59.64120105879351,40.62930679321289,58.375606536865234,1.4498292073580914,74.06155800076748,32.42525959014892,57.424266844831244,-1.6646532326921744,32.37318866425745,0.08313919224790092,-55.0
526,2026-05-15 16:08:27,timeout,1200,64.15025333207379,23.80303382873535,36.51723098754883,0.8483450332436089,13.401754080876616,33.50346279144286,59.20254432895043,-1.382791276908458,33.45009883349571,0.37693865509309493,-55.0
527,2026-05-15 16:08:42,timeout,1200,56.28998994617861,18.539955139160156,33.75766372680664,3.047096585687371,67.80377966433682,33.660114860534684,51.61793215606836,-1.6552704648186687,33.618753895483884,0.0484594989103118,-55.0
528,2026-05-15 16:08:56,timeout,1200,56.10378266682127,4.231598377227783,30.77659797668457,3.534740929688193,99.20983641151253,33.783389949798575,50.7042698274277,-1.7200591403166297,33.729337654232914,0.6068443756785996,-55.0
529,2026-05-15 16:09:10,bad_angle,1112,62.28678397867285,18.79413604736328,19.1901912689209,2.6135928033597122,110.10296360930737,34.362045001983596,50.9236870161134,-1.7932165858034335,34.34031221902365,0.013956327355474862,-50.0
530,2026-05-15 16:09:24,bad_angle,1106,56.583235906757956,18.736129760742188,18.736129760742188,2.4426432002746368,111.30784996003264,34.4134376525879,44.86402248860803,-1.7165555745581085,34.40321321678157,0.1491181233383285,-50.0
531,2026-05-15 16:09:37,bad_angle,1105,49.95877315340783,32.612369537353516,32.612369537353516,1.6594179376298697,112.7070483624556,33.72263774871824,39.66933539403671,-1.6444935023833471,33.71617164421079,0.02012186882528441,-50.0
532,2026-05-15 16:09:51,timeout,1200,49.668213706877374,41.47054672241211,56.163143157958984,4.08873394472993,81.36241550648582,32.53947162628175,47.324201984011886,-1.7088652796362116,32.49062316245216,0.0227822137676498,-55.0
533,2026-05-15 16:10:06,timeout,1200,58.99490938789197,15.634438514709473,46.03156661987305,2.5858099416936278,73.47418905290307,33.06737918853756,55.35334525684485,-1.7285046724536806,33.00592311674357,0.29676649821962275,-55.0
534,2026-05-15 16:10:19,bad_angle,1120,59.967298382963115,6.876183032989502,6.876183032989502,3.58599488266338,114.88544840577195,34.97757146358491,47.3199154408497,-1.8426075707583396,34.963337148666426,0.14908190062049742,-50.0
535,2026-05-15 16:10:33,bad_angle,1132,55.513993952196884,26.617727279663086,26.917957305908203,2.9787441078987027,111.19095810257704,33.97997493743899,45.01561985626497,-1.7900449286987028,33.95490771359209,0.013536373599526776,-50.0
536,2026-05-15 16:10:47,timeout,1200,50.99923360111735,45.73087692260742,53.884483337402344,2.4149211699808473,84.81138099958628,32.6703693389893,48.35516908998377,-1.6631671041176375,32.6352929694056,0.0015693068563658354,-55.0
537,2026-05-15 16:11:02,timeout,1200,50.13352212328579,26.09929847717285,37.45359802246094,2.0604206916788455,85.55285950569369,33.4928474426269,45.89261425503705,-1.710739626324764,33.454751800775476,0.004048251171133497,-55.0
538,2026-05-15 16:11:15,bad_angle,1092,57.25668260251925,27.55391502380371,27.55391502380371,4.301246743018415,110.87694698567488,33.980806446075434,46.52608964037417,-1.754973908235947,33.963350066185036,0.0014103581207122403,-50.0
539,2026-05-15 16:11:29,timeout,1200,60.903719863944275,28.222858428955078,42.25644302368164,0.094872788324825,82.72882900089272,33.25542125701908,56.95927621897063,-1.657829293871042,33.217354180306145,0.12949750151943537,-55.0
540,2026-05-15 16:11:44,timeout,1200,63.540713940858346,34.314449310302734,50.2539176940918,1.6628344195970512,53.43123115993243,32.850744056701664,60.39986784585187,-1.6073063467955546,32.798459613144395,0.09894877195608022,-55.0
541,2026-05-15 16:11:59,timeout,1200,67.37394668685637,26.341276168823242,39.395599365234375,3.0904117244128875,48.09962305986091,33.351716613769554,62.854126848565194,-1.6141249832008446,33.31412729299072,0.46810091473170284,-55.0
542,2026-05-15 16:12:13,timeout,1200,64.08285682662522,35.74287414550781,55.614906311035156,0.6151669640127222,69.88525249314152,32.57359733581548,61.49398303589546,-1.7140314891626716,32.52858567389846,0.20072227017864763,-55.0
543,2026-05-15 16:12:27,timeout,1200,67.76052705628987,22.223800659179688,40.846595764160156,0.7625885931195138,80.96575227043732,33.28144340515133,63.40159240447963,-1.6939135430430239,33.24219907331466,0.5292057163871833,-55.0
544,2026-05-15 16:12:42,timeout,1200,51.79699618360795,22.639867782592773,41.80669021606445,3.7139909201621264,95.97184180149542,33.26064815521239,48.07815635432481,-1.841962345599213,33.22817204049233,0.07198197917767431,-55.0
545,2026-05-15 16:12:57,timeout,1200,58.67461617768063,6.320064544677734,39.73463821411133,2.191245494711035,84.63880944001674,33.372453880310104,54.445855577138836,-1.7403801960851228,33.31513361974061,0.28155329657619393,-55.0
546,2026-05-15 16:13:10,success,1114,235.1580631005613,9.919281005859375,9.919281005859375,1.3370590489014786,23.103690311005703,34.86977996826172,51.97436803649878,-1.3432857854155116,34.84698373603818,0.38021714517804495,120.0
547,2026-05-15 16:13:24,bad_angle,1108,51.3841098375543,27.60007667541504,27.60007667541504,2.4064773486194193,114.80216107903281,33.96022748947142,40.787443436297124,-1.7645343510009408,33.9409732627869,0.0,-50.0
548,2026-05-15 16:13:37,bad_angle,1135,66.91434024572071,11.783629417419434,16.242401123046875,0.9373260697078905,111.80465742969186,34.55757598876955,55.169602343884726,-1.8302688912655656,34.523067606568354,0.16936319776384334,-50.0
549,2026-05-15 16:13:51,bad_angle,1125,50.773879659147525,24.63676643371582,24.63676643371582,1.66189260054353,114.90864372819331,34.13667669296269,39.860341763116345,-1.7129301282226537,34.11479133129122,0.0,-50.0
550,2026-05-15 16:14:04,bad_angle,1128,56.06223678218133,27.34255599975586,27.364612579345703,1.1237873525631825,112.50330381951412,33.97582759857182,45.5000939237208,-1.7385860585424764,33.959982777737125,0.004918540694137718,-50.0
551,2026-05-15 16:14:18,bad_angle,1078,56.21431091783237,23.832733154296875,23.832733154296875,3.3292551153951826,110.25937494130066,34.14304351806643,45.01802255357749,-1.6939491555292936,34.133780260085985,0.0034137416318182692,-50.0
552,2026-05-15 16:14:31,bad_angle,1124,65.854080919371,9.629059791564941,11.737069129943848,1.7255571139623362,112.94327045490049,34.77760577201841,53.73206710625135,-1.7917522934103751,34.735597896635475,0.020562437876068904,-50.0
553,2026-05-15 16:14:45,bad_angle,1131,50.90915113188391,33.701332092285156,33.74577713012695,2.3915469819805946,115.55661011437408,33.638132286071766,41.110214565224766,-1.8010790462755109,33.61589204764367,0.00099127921901026,-50.0
554,2026-05-15 16:14:59,timeout,1200,58.004798991623744,22.79467010498047,51.69045639038086,1.4235406630163587,79.7070098781065,32.76201343536375,55.22055856225672,-1.8259792653757188,32.72277436248207,0.1254318968968538,-55.0
555,2026-05-15 16:15:14,timeout,1200,52.51443610881678,17.721418380737305,43.91469192504883,1.1535183122466017,89.08024923084425,33.12755947113035,48.859192422871054,-1.7012559139515961,33.076119824767126,0.15282030399977542,-55.0
556,2026-05-15 16:15:28,bad_angle,1121,64.71613500856562,7.0338215827941895,7.286540985107422,1.8689645128278645,113.56648423552913,34.994324684143116,52.105269191270395,-1.7925970622192684,34.95267576628923,0.061462429082226454,-50.0
557,2026-05-15 16:15:48,timeout,1200,65.8832531275335,28.582176208496094,44.272377014160156,0.6142119648285369,69.2339939557808,33.142856979370066,61.763609075562265,-1.6264266658934243,33.09706533658505,0.5061484019095629,-55.0
558,2026-05-15 16:16:19,timeout,1200,63.004696950545075,16.332605361938477,50.546775817871094,1.35912333468497,70.7005380234201,32.841438674926735,59.73600397901157,-1.6270731961256104,32.786196385826905,0.268131106905535,-55.0
559,2026-05-15 16:16:49,timeout,1200,70.91229178465812,28.828428268432617,57.872623443603516,0.7129926685653472,63.720221295450465,32.476049613952625,68.33372011759917,-1.7392667108522937,32.4243829817325,0.41740578222600627,-55.0
560,2026-05-15 16:17:20,timeout,1200,67.32847163901835,25.56893539428711,54.83063507080078,0.35881974585881504,74.52200154328555,32.62796592712396,64.36410536128876,-1.7418171919956853,32.57691008897318,0.5013074536281197,-55.0
561,2026-05-15 16:17:51,timeout,1200,65.47763705785977,19.312328338623047,49.82713317871094,0.6265133489671414,65.17054366381097,32.878043365478476,62.110590946875796,-1.7000944523661365,32.82049080006781,0.368606397803604,-55.0
562,2026-05-15 16:18:23,timeout,1200,64.49532314772873,16.70745849609375,53.761898040771484,0.8566084415614136,77.06357640514983,32.664337348938005,61.5290923200903,-1.6995829506916316,32.61268014177678,0.3887962876152591,-55.0
563,2026-05-15 16:18:55,timeout,1200,61.22481010759746,12.905001640319824,42.926761627197266,1.489114854638418,88.60665757417391,33.20634441375729,57.23252521026506,-1.759062679239786,33.15929371359943,0.38570944921551414,-55.0
564,2026-05-15 16:19:25,timeout,1200,54.48502310135312,7.7151360511779785,40.908607482910156,0.2887140705679959,95.47646184137272,33.316959762573205,50.55111865627825,-1.8542335689531266,33.2734062617123,0.1977719897424225,-55.0
565,2026-05-15 16:19:52,timeout,1200,66.44033699606675,9.159259796142578,51.878047943115234,1.1470537516405963,88.11864738816567,32.77349262237551,63.307694469447135,-1.8367185485989048,32.717554647564874,0.4783138052781503,-55.0
566,2026-05-15 16:20:18,timeout,1200,63.215472061874095,18.660146713256836,40.593570709228516,2.5322685156767206,73.96167331434522,33.3239805221558,58.93698174898802,-1.6642393747550455,33.28135822084546,0.33739094464004965,-55.0
567,2026-05-15 16:20:43,bad_angle,1160,54.692094771140404,36.873077392578125,42.96321487426758,2.3889265372168365,110.54544375430831,33.17376918792724,45.97255912545621,-1.8191102415443452,33.144422634191784,0.0204540651095717,-50.0
568,2026-05-15 16:21:12,bad_angle,1116,66.66933685667358,3.4982380867004395,8.653542518615723,3.3615595622918155,110.95326068927142,34.88838915824888,54.0271689282728,-1.7738936581551537,34.85075263154508,0.25691979676203053,-50.0
569,2026-05-15 16:21:34,bad_angle,1097,63.5369765092608,14.033723831176758,14.464746475219727,0.667639465424522,113.89138950415747,34.62107114791865,51.56631818977321,-1.7794765258228842,34.58573061382767,0.02833308356409736,-50.0
570,2026-05-15 16:21:49,timeout,1200,62.35274017630999,28.312788009643555,54.25312423706055,2.997676538504332,73.91257108440199,32.632024574279825,59.719654787022954,-1.7186573180410039,32.5757119249646,0.14400620808365858,-55.0
571,2026-05-15 16:22:03,timeout,1200,68.19392656701598,25.611780166625977,52.80291748046875,2.060135744724409,61.72252756700514,32.710638427734374,64.95879203891843,-1.6285998781946207,32.672822850942616,0.48027312761521807,-55.0
572,2026-05-15 16:22:18,timeout,1200,63.97793181240772,12.696571350097656,45.60243606567383,1.6015667689683906,82.84544765078151,33.04606227874751,60.10763001443967,-1.7787538224462542,33.00070219202336,0.6022911496432753,-55.0
573,2026-05-15 16:22:33,timeout,1200,65.8182608287611,11.12722396850586,41.59203338623047,3.236158356347439,35.40598286476984,33.241193008422826,61.4496954375276,-1.5794427768194663,33.17971543717384,0.527099722456118,-55.0
574,2026-05-15 16:22:46,success,1092,237.54906417701739,9.850581169128418,9.850581169128418,1.9855409009211726,25.56995721462871,34.852057123184196,54.49122440918872,-1.366088196162271,34.83864465332034,0.19322618748635492,120.0
575,2026-05-15 16:23:01,timeout,1200,59.576412127349954,40.82747268676758,52.50513458251953,0.5671727721797764,25.72852347130514,32.69570579528806,56.69292956674813,-1.4704958765249254,32.64270727097985,0.015565370858929698,-55.0
576,2026-05-15 16:23:15,timeout,1200,61.664727913454755,43.76143264770508,55.91997146606445,2.257154045437308,60.46525366534587,32.5648900985718,59.190076132989766,-1.6854603506753933,32.52285932873938,0.07236270382921267,-55.0
577,2026-05-15 16:23:31,timeout,1200,65.43736868996402,27.41288185119629,44.955387115478516,1.0691774288279918,31.934593860624222,33.10001201629639,61.541942262089265,-1.5713060523624354,33.03966741633409,0.3270530476066985,-55.0
578,2026-05-15 16:23:46,timeout,1200,62.34426885697849,35.02004623413086,46.64767074584961,1.1710280357924583,19.275584432172412,32.99740467071537,58.69052387634662,-1.512725208942342,32.94420873576407,0.2248567830948795,-55.0
579,2026-05-15 16:24:00,timeout,1200,57.709721069665605,52.053062438964844,64.38156127929688,1.8003757531825964,58.37546849632126,32.146174621582,56.106750562341986,-1.669232212169073,32.094762648552596,0.03126544935796337,-55.0
580,2026-05-15 16:24:15,timeout,1200,55.36053497356439,8.805692672729492,44.930076599121094,2.808119365686026,63.522623922761994,33.122453689575224,51.47751606033553,-1.7134532690997912,33.03922151428469,0.4347969784687064,-55.0
581,2026-05-15 16:24:30,timeout,1200,59.6890437956851,23.313526153564453,46.833919525146484,0.5442860889315331,66.55352036695515,32.99181842803953,56.367445429556454,-1.7479627931744863,32.9347143448591,0.1430283864045019,-55.0
582,2026-05-15 16:24:44,timeout,1200,66.54959820327022,38.46833419799805,60.14826202392578,1.28466114596202,39.66070235916213,32.337237167358374,64.38557940603532,-1.70592648604515,32.27938737980283,0.25332073611902167,-55.0
583,2026-05-15 16:24:58,bad_angle,1126,61.887979106949714,9.811605453491211,10.58702564239502,2.089752939069465,117.70264189121376,34.83404593467705,49.58546963017191,-1.78531841703568,34.788910267651055,0.09487169148540268,-50.0
584,2026-05-15 16:25:12,timeout,1200,59.05579499940135,39.56187057495117,53.466915130615234,1.1134664031187642,16.75665335495402,32.66636676788335,56.1935390268481,-1.5679789007652132,32.60305202486372,0.16081608057142138,-55.0
585,2026-05-15 16:25:27,timeout,1200,59.84165530262731,36.000457763671875,58.5635871887207,2.527161668611667,81.12652809331026,32.439920616149884,57.623632041438015,-1.7768152888748827,32.39070634246618,0.16421159144806427,-55.0
586,2026-05-15 16:25:42,timeout,1200,64.44726487565102,15.883218765258789,41.97020721435547,1.5629785480353457,26.20416418472649,33.27120094299318,60.19781038496043,-1.5921079234196778,33.22120477910709,0.3491566920099231,-55.0
587,2026-05-15 16:25:56,timeout,1200,65.35931905589152,12.387749671936035,48.18600845336914,1.751783119384481,64.66221366502195,32.91972179412847,61.42527870537964,-1.68474417166355,32.8642313603163,0.8348313677307975,-55.0
588,2026-05-15 16:26:10,timeout,1200,65.47987831679485,30.217618942260742,49.32542037963867,2.153859600515324,18.8505690808792,32.869672584533696,61.919179016653004,-1.4834162562453932,32.82539205038541,0.34905092146800226,-55.0
589,2026-05-15 16:26:25,timeout,1200,63.064539470858186,10.508934020996094,43.27463912963867,1.3484266181144955,15.374810463212063,33.179303932189946,58.70448436513539,-1.5354475114552353,33.11476635779445,0.6014323271938875,-55.0
590,2026-05-15 16:26:40,timeout,1200,63.271315274242916,15.43557357788086,44.98762512207031,0.9479131830865276,62.67600148457141,33.093917083740244,59.48385225459705,-1.6330354619586787,33.04766569247838,0.2789157053859717,-55.0
591,2026-05-15 16:26:53,bad_angle,1077,61.92438599058932,16.665729522705078,16.665729522705078,1.4505039019820418,110.55060054713167,34.48800868988033,50.04270769534063,-1.7036435882963599,34.47463844966885,0.007674743995760052,-50.0
592,2026-05-15 16:27:07,timeout,1200,56.174926533184944,15.974042892456055,51.12945556640625,1.8142361279992563,61.20140462390067,32.776663208007776,53.149815924415236,-1.6718805793197866,32.71536817184469,0.2049598082371766,-55.0
593,2026-05-15 16:27:21,bad_angle,1120,60.589170311887,9.621641159057617,9.674891471862793,2.7586086050530727,117.13337294464988,34.867762994766224,48.25074719427576,-1.7729967771306583,34.83497768366333,0.008679216312205976,-50.0
594,2026-05-15 16:27:36,timeout,1200,64.72400386127342,11.338789939880371,43.806114196777344,0.2502292096070004,43.36947458791155,33.131642532348636,60.4709608887228,-1.63545855657058,33.08104614211616,0.6758128546564692,-55.0
595,2026-05-15 16:27:50,timeout,1200,66.74380546355059,20.196056365966797,46.93746566772461,1.7758598563738934,22.040339140261437,32.975709724426274,62.78104500877029,-1.5007260128498452,32.9090396414846,0.5787371017193337,-55.0
596,2026-05-15 16:28:05,timeout,1200,67.50413313378007,27.9323787689209,50.17514419555664,1.0139426495054507,43.76839861657531,32.86002330780026,64.15916278537128,-1.6440083101973206,32.80758764770623,0.32136770309961615,-55.0
597,2026-05-15 16:28:19,timeout,1200,59.36423842564062,24.597740173339844,50.36357116699219,3.039956903570592,36.35255146108523,32.85152053833002,56.09823020434712,-1.5676091014502394,32.783337676726326,0.19875910768740415,-55.0
598,2026-05-15 16:28:34,timeout,1200,65.34093360055445,42.20714569091797,59.50285339355469,2.7581829988904163,32.20847420105798,32.39398880004882,63.104187430383504,-1.5531123876839694,32.3370853020437,0.05878445576240684,-55.0
599,2026-05-15 16:28:48,timeout,1200,60.85169067479524,17.886608123779297,51.36282730102539,2.113777702588162,58.25378867625748,32.7883924484253,57.78232772229326,-1.7259055733117403,32.71049710160498,0.29637897578338673,-55.0
600,2026-05-15 16:29:02,timeout,1200,69.92316729959711,24.22991371154785,42.12247848510742,0.9573620027512998,23.944619786523088,33.2636178970337,65.41119334488188,-1.4700038947073106,33.207299831569195,0.5110601208196925,-55.0
601,2026-05-15 16:29:17,timeout,1200,65.6734370636704,27.2581844329834,44.89006042480469,1.31253898994625,62.66345442706609,33.09585647583001,61.91489175459468,-1.6699105453028305,33.046250668808824,0.28634870973953414,-55.0
602,2026-05-15 16:29:32,timeout,1200,67.74304971706846,19.588825225830078,40.62150955200195,0.9510046974596046,58.23761478830289,33.30337276458738,63.21127778260639,-1.6308184866477768,33.25999921700355,0.5992184395186976,-55.0
603,2026-05-15 16:29:46,timeout,1200,63.81456284851386,43.59955596923828,59.45865249633789,1.0717366153326309,34.97660302259699,32.36279125213622,61.567256726695334,-1.6413590835833582,32.31273470103001,0.21313925223567762,-55.0
604,2026-05-15 16:29:59,success,1096,238.76731000883854,9.345253944396973,9.345253944396973,0.8913126860951013,14.69598869745576,34.88478808403019,55.53689881351089,-1.3722949347361892,34.8545982875824,0.34331975845131507,120.0
605,2026-05-15 16:30:14,timeout,1200,59.41581224789528,55.85733413696289,64.91898345947266,1.6103404671223893,60.82499972893044,32.115891647338856,57.831072288056184,-1.669457549021054,32.07111401467766,0.06719184684350449,-55.0
606,2026-05-15 16:30:27,success,1081,241.31507134285516,5.940060138702393,5.940060138702393,0.5595313379632659,21.247270507805627,35.04325273036961,57.73924229469423,-1.3653487011657766,35.02668734169009,0.27623767726699994,120.0
607,2026-05-15 16:30:42,timeout,1200,60.13336485100116,14.525864601135254,50.40738296508789,2.251771642927926,16.056167936697733,32.8412519454956,56.44555477434634,-1.491764165956059,32.77368462422486,0.5646376728905003,-55.0
608,2026-05-15 16:30:56,timeout,1200,61.90159915924015,16.887407302856445,45.372188568115234,0.6949250039416651,18.88789777224061,33.087713813781725,57.91557231710663,-1.4604148248986173,33.02554379487037,0.3331840583800402,-55.0
609,2026-05-15 16:31:11,timeout,1200,63.24428977644825,18.46198081970215,45.45241928100586,1.3170041193944402,8.173345870295758,33.06602039337152,59.563064909233475,-1.5148959487684222,33.01563230222465,0.11446812038716592,-55.0
610,2026-05-15 16:31:24,success,1072,244.611051472032,9.566582679748535,9.566582679748535,2.3205183506977507,12.777202436944295,34.891391324996945,60.9925478384766,-1.3797344087433192,34.876137907028216,0.5907088102735666,120.0
611,2026-05-15 16:31:38,timeout,1200,58.77380699114465,13.111330032348633,47.64603042602539,0.2690691658545699,19.48168880547213,32.94504833221433,55.40614368456695,-1.644041358291068,32.87169530478115,0.19496102787326802,-55.0
612,2026-05-15 16:31:53,timeout,1200,64.75123481406493,19.203880310058594,51.32453918457031,2.7752339258231187,46.028556024256716,32.8034599304199,61.61509302757585,-1.7106349556634286,32.74977102835476,0.29354578337780296,-55.0
613,2026-05-15 16:32:07,timeout,1200,59.76555097578713,36.948238372802734,63.40428924560547,0.9551110285329574,68.62741168578114,32.178519058227515,58.068642867608055,-1.824451306988476,32.124775309879325,0.21806504706066987,-55.0
614,2026-05-15 16:32:22,timeout,1200,59.29382627350415,3.0436205863952637,42.806983947753906,2.280617666227006,70.51466808553654,33.20953178405761,55.38912067103211,-1.7535938024400675,33.14933026921754,0.2994373516368265,-55.0
615,2026-05-15 16:32:37,timeout,1200,59.52486986681582,47.557464599609375,69.7965316772461,0.9516217623624329,47.63940149849087,31.879817581176724,58.333956367203314,-1.6129509711928072,31.820412039287394,0.10363485034111593,-55.0
616,2026-05-15 16:32:51,timeout,1200,61.437211672757364,33.429874420166016,55.35093688964844,1.2130528023733715,44.063169090585546,32.55703811645505,58.85072499378093,-1.6152815310421653,32.49802460729888,0.14670548626454685,-55.0
617,2026-05-15 16:33:06,timeout,1200,67.47814615805514,27.155004501342773,47.98052978515625,1.880967929963927,10.773438377874118,32.95840454101558,63.566485303913346,-1.503988411272202,32.90618583045994,0.5510588939383155,-55.0
618,2026-05-15 16:33:20,timeout,1200,64.24687269881127,10.524898529052734,46.514739990234375,0.4106929515317992,41.92429876709064,33.03487396240231,60.28943830558246,-1.6465598660949963,32.97566875293853,0.5934515439829311,-55.0
619,2026-05-15 16:33:35,timeout,1200,59.03276847095545,9.46418285369873,39.10993576049805,2.1911560619215904,29.92496096150971,33.387954139709436,54.71214983137212,-1.5959165964698407,33.315493330001836,0.21308776634181903,-55.0
620,2026-05-15 16:33:49,timeout,1200,58.99502014453875,21.27450942993164,39.220176696777344,0.21397886104123046,24.223310287679826,33.377888870239275,54.711333105565025,-1.5548439799554157,33.3193393292576,0.14130281943213138,-55.0
621,2026-05-15 16:34:03,timeout,1200,57.10331262699529,31.525419235229492,49.07368469238281,0.9618481563755288,51.50630285180983,32.90497665405271,54.00103175316946,-1.7027637803768996,32.8652493547201,0.03481864542994228,-55.0
622,2026-05-15 16:34:18,timeout,1200,57.00202279564864,13.636746406555176,35.888885498046875,3.2154022652334167,33.70048121392308,33.538063049316364,52.44901089084088,-1.6172989056738896,33.477768122017395,0.15447963914783128,-55.0
623,2026-05-15 16:34:32,timeout,1200,58.43162356543951,12.456888198852539,47.99443817138672,1.1917331139311174,35.75734828624281,32.96662025451665,54.87794053769786,-1.6130428513777735,32.88775438100106,0.3123512436016945,-55.0
624,2026-05-15 16:34:47,timeout,1200,62.781996258616196,10.55036735534668,44.84815979003906,1.0930692171012848,24.904447487564763,33.08402023315429,59.16780604500473,-1.5480063277181715,33.01555007314681,0.0626262350286308,-55.0
625,2026-05-15 16:35:01,timeout,1200,55.018010054305556,5.6054768562316895,39.04100036621094,1.3961969611695646,4.043267082972449,33.417588043212895,50.62795416824359,-1.4202181134658607,33.31618329526483,0.076502661050131,-55.0
626,2026-05-15 16:35:15,timeout,1200,65.56112043546122,30.2357234954834,52.40199279785156,0.5252593163379932,27.269434638627526,32.72001876831058,62.47943827457005,-1.5919915409882823,32.6629446189031,0.2907103146656112,-55.0
627,2026-05-15 16:35:29,success,1089,241.95970401320733,8.220081329345703,8.220081329345703,0.4306930527624923,22.816096658265856,34.95688228607176,58.27299350936458,-1.4107308703517984,34.93529674911502,0.6502623390078115,120.0
628,2026-05-15 16:35:43,timeout,1200,63.34916471943353,46.010581970214844,64.88075256347656,0.9841711355738345,27.855608303387193,32.10508956909183,61.666107279960556,-1.5659499696735242,32.045838356703456,0.09807948335131442,-55.0
629,2026-05-15 16:35:58,timeout,1200,57.852399897613196,16.053483963012695,44.366939544677734,0.9007034491519283,49.526319803882345,33.13091754913334,54.02059653036314,-1.677291046676259,33.08546938024648,0.2927074845465985,-55.0
630,2026-05-15 16:36:12,timeout,1200,61.69281979342581,11.574883460998535,37.84184646606445,0.6489124741025222,37.0787337585464,33.47612972259511,56.57193671920593,-1.5940416807678304,33.41988047313694,0.8189145592557436,-55.0
631,2026-05-15 16:36:27,timeout,1200,62.24139753204428,15.171629905700684,38.52869415283203,0.6861405802562354,38.94008666587452,33.433404159545915,57.925317066908924,-1.6279272036491426,33.37605921834714,0.13454429089162595,-55.0
632,2026-05-15 16:36:41,timeout,1200,64.5929607561032,28.213714599609375,44.81116485595703,1.2567877842894326,21.940481774595852,33.115597152709945,60.52843812237764,-1.4928609182793022,33.06989052452143,0.37189587477342045,-55.0
633,2026-05-15 16:36:44,low_agl,225,-35.25297196699418,566.4796752929688,566.4796752929688,2.894282415509148,25.832186959885718,7.008312988281253,11.961158939969819,-0.09325472440785487,6.995810829162594,0.0,-60.0
634,2026-05-15 16:36:58,timeout,1200,60.33349710656641,29.893747329711914,48.32231140136719,1.7490998155360182,22.917577901406613,32.91997146606444,56.89613400465264,-1.5212119612977208,32.863255368530794,0.17534822861621696,-55.0
635,2026-05-15 16:37:13,timeout,1200,56.988327453656495,25.066112518310547,45.880069732666016,0.7636142420729264,48.12774977886302,33.0283842086792,53.25244230107429,-1.6699552119685732,32.97996723234656,0.3974889235251538,-55.0
636,2026-05-15 16:37:27,timeout,1200,57.59013874670901,19.13473892211914,46.09576416015625,1.258343893481432,34.783114008694284,33.015969848632835,53.86786174559998,-1.6527489636159747,32.95277107846732,0.4062850376246206,-55.0
637,2026-05-15 16:37:42,timeout,1200,67.80805491214753,19.642959594726562,54.15562438964844,1.217400537945202,68.97081993687105,32.66183547973635,64.73130940586272,-1.7476834140615316,32.622376538976994,0.5402169016330417,-55.0
638,2026-05-15 16:37:57,timeout,1200,69.11033250773681,16.057783126831055,51.23834228515625,0.8050288273010343,85.55649316633215,32.804177856445314,65.70728026442126,-1.8717694595706817,32.78628913605216,0.6843547103887718,-55.0
639,2026-05-15 16:38:11,timeout,1200,61.731147127951104,29.49026107788086,49.21162414550781,2.360739840616075,33.18038279919411,32.86041183471684,58.5467127140656,-1.6391890909226121,32.8089090950713,0.15430257501998912,-55.0
640,2026-05-15 16:38:26,timeout,1200,61.172193351510074,16.812318801879883,42.292381286621094,1.3711644245831738,39.540525180715754,33.21926460266116,57.18955126870274,-1.6350026565312623,33.16990442317724,0.22847571350017537,-55.0
641,2026-05-15 16:38:41,timeout,1200,62.7655556510878,47.370208740234375,57.072967529296875,1.1665075177789677,26.0260687096657,32.50909576416021,60.232093716458074,-1.5507138757299743,32.45909387956937,0.11598616663022147,-55.0
642,2026-05-15 16:38:55,timeout,1200,61.07932725767853,26.72937774658203,52.52431106567383,1.175864023168239,52.3233437407051,32.734871482849144,58.1886622374217,-1.6911202475690637,32.68417152374984,0.1627422612268809,-55.0
643,2026-05-15 16:39:10,timeout,1200,60.21059812923512,11.076080322265625,40.4183464050293,1.8916541878072353,30.121205956742518,33.34018497467037,55.673419751767085,-1.5469528598978588,33.266863964915245,0.4770822977802483,-55.0
644,2026-05-15 16:39:24,timeout,1200,59.009235631518386,9.720315933227539,37.6033821105957,0.893505390262087,17.223156982813187,33.46968135833735,54.437635370308676,-1.6030892107105563,33.40181464815142,0.3031934654313546,-55.0
645,2026-05-15 16:39:39,timeout,1200,65.30932439887218,40.950408935546875,59.07612228393555,2.737381444329731,60.134255867977885,32.369939613342204,63.12232935234279,-1.706481933723733,32.32720992982386,0.19632743708693445,-55.0
646,2026-05-15 16:39:53,timeout,1200,67.09615813927155,14.132784843444824,43.89535903930664,1.5131020521166798,30.972589036784605,33.12803478240973,62.92935190356022,-1.537718711371153,33.076322316825376,0.5001678478473802,-55.0
647,2026-05-15 16:40:07,timeout,1200,56.664745619132326,11.252706527709961,35.40581130981445,0.5895030618149282,23.519501982392324,33.59093685150145,51.845064070933304,-1.6313875701186862,33.52577078694099,0.3343614798752226,-55.0
648,2026-05-15 16:40:22,timeout,1200,62.549961819010484,18.101057052612305,49.68172073364258,2.156674705670427,58.27949750829341,32.86319789886469,59.24030704998909,-1.745948672530927,32.821595332771544,0.3708102099161464,-55.0
649,2026-05-15 16:40:35,bad_angle,1089,67.92007533651017,17.618785858154297,18.690881729125977,1.9142796163197255,112.10621028154792,34.40381650924685,56.188727764518646,-1.7362803935120181,34.368325077548604,0.14048637870793573,-50.0
650,2026-05-15 16:40:50,timeout,1200,58.34354534410678,18.399023056030273,51.352298736572266,2.8867651519973143,15.352123989883864,32.78137187957763,55.22310614184281,-1.4945146989162978,32.72026519880444,0.11331682279797972,-55.0
651,2026-05-15 16:41:04,timeout,1200,63.42121010779399,71.61177062988281,87.05474090576172,0.5439264901439025,36.9886503935831,31.01252174377444,64.10277039388208,-1.659984535675649,30.95689663650658,0.009005869306461018,-55.0
652,2026-05-15 16:41:18,timeout,1200,62.80435940323583,14.516484260559082,42.754852294921875,0.5616256447175211,23.250464246080107,33.187882995605456,58.67190894353392,-1.5826304850821933,33.137343302121394,0.3898546470574437,-55.0
653,2026-05-15 16:41:33,timeout,1200,63.708415675345556,25.176998138427734,51.22029113769531,2.166905048386637,56.2175897563662,32.8082145690918,60.39788296867978,-1.6715401524329292,32.756008340924986,0.41784994908188045,-55.0
654,2026-05-15 16:41:47,timeout,1200,66.75361262405093,17.397565841674805,39.46652603149414,1.3071606428616882,52.20921810986335,33.38647899627682,62.24641988155221,-1.6200824898995094,33.339555561602126,0.40124067451925155,-55.0
655,2026-05-15 16:42:02,timeout,1200,59.14641438371582,28.798547744750977,55.76992416381836,2.503505735308151,28.536555965522663,32.540806770324764,56.612243298480486,-1.5483524188862463,32.47854628371445,0.0631704500823847,-55.0
656,2026-05-15 16:42:16,timeout,1200,55.673605414523195,17.48824691772461,43.31901931762695,2.5512124722265743,56.74768073785089,33.19371395111085,51.72650737629138,-1.7170553180486108,33.15141658449168,0.3190228206777397,-55.0
657,2026-05-15 16:42:29,success,1083,242.75265925920326,9.643438339233398,9.643438339233398,1.6828389764589609,24.421909990628993,34.84631929397581,59.07408138878959,-1.3744097456583007,34.80709146165848,0.8145768604376312,120.0
658,2026-05-15 16:42:44,timeout,1200,61.440163110816215,25.996551513671875,46.292091369628906,1.7343807578746406,9.419932233451249,33.03547172546384,57.71848995246811,-1.5139402765838212,32.96983785135944,0.23030385810830015,-55.0
659,2026-05-15 16:42:58,timeout,1200,56.421758017098504,42.37544631958008,54.69108581542969,1.676197364543064,24.475684069964505,32.63454055786135,53.65260467691844,-1.5000992922740068,32.58204317831435,0.052668896278563006,-55.0
660,2026-05-15 16:43:13,timeout,1200,64.09414145273811,38.46493911743164,58.820735931396484,1.3618562641266214,36.21509731913331,32.41204853057855,61.81028656509948,-1.70255748136322,32.3671998090893,0.20716402933376057,-55.0
661,2026-05-15 16:43:27,timeout,1200,64.82878700569978,40.67118835449219,57.710296630859375,1.1685187950461249,45.37161135441197,32.46168060302729,62.42962461934499,-1.6958539628471716,32.41498541331294,0.21835033286195374,-55.0
662,2026-05-15 16:43:42,timeout,1200,57.45826666553642,11.397412300109863,46.66307830810547,1.4725963622958596,58.66560127188506,33.00195655822754,54.13583219458007,-1.7698261992024846,32.94617393235868,0.14413017957293753,-55.0
663,2026-05-15 16:43:56,timeout,1200,66.39448323008457,28.50749969482422,57.62812423706055,1.1609584159651554,42.19612322058423,32.43984317779546,63.81407166672874,-1.6490803691279132,32.388588910460456,0.40105984422778423,-55.0
664,2026-05-15 16:44:11,timeout,1200,64.10411766119284,30.119176864624023,52.887420654296875,0.9000513795296037,46.55322042044583,32.682954406738254,61.25617171158406,-1.6748199130494072,32.62463597026465,0.2151754856551982,-55.0
665,2026-05-15 16:44:35,timeout,1200,63.07600633662033,20.99723243713379,48.83664321899414,2.661386838633465,20.513674040000407,32.921180534362776,59.51375358734457,-1.5549833331784386,32.856516001597065,0.33953954649439233,-55.0
666,2026-05-15 16:45:02,timeout,1200,67.11716214974842,18.723426818847656,53.073978424072266,1.293314568753603,31.767407905215236,32.70502605438238,64.07724973376753,-1.5816041241015673,32.64934242153168,0.2671480641686275,-55.0
667,2026-05-15 16:45:28,timeout,1200,64.91816598710966,9.654088973999023,43.54219055175781,1.2519516901919463,35.86839691686346,33.1664573669434,60.99248236418934,-1.6154698060804207,33.110302231669436,0.2643938303880453,-55.0
668,2026-05-15 16:45:57,timeout,1200,59.615095736193716,26.542007446289062,48.798404693603516,0.7707558985412624,25.922883334327025,32.92841472625738,56.25653765310878,-1.598450066545187,32.86586384421118,0.1627295791616409,-55.0
669,2026-05-15 16:46:25,timeout,1200,60.24818490544992,25.67686653137207,54.361328125,0.2719624713395843,24.021565282617868,32.605807495117276,57.451325189630396,-1.6141146795319816,32.542131274670375,0.2630356255639309,-55.0
670,2026-05-15 16:46:48,success,1085,237.137443013338,9.734469413757324,9.734469413757324,3.480821922276231,19.534325658310834,34.834767007827814,53.72412466099224,-1.390915068495676,34.820535505294814,0.5739309077190133,120.0
671,2026-05-15 16:47:19,timeout,1200,64.15983329788034,9.889495849609375,43.46882247924805,1.6486512116204024,41.10103899095608,33.1925439834594,59.767123905759114,-1.6128216182621915,33.133741007357884,0.6792460195660611,-55.0
672,2026-05-15 16:47:45,timeout,1200,63.008981962100414,17.523881912231445,49.28356170654297,1.5996104533797109,48.54989645070483,32.85663185119632,59.81621057354398,-1.6897235980611711,32.80379918715358,0.2220639482677288,-55.0
673,2026-05-15 16:48:11,timeout,1200,66.69446593496897,9.416097640991211,44.53635787963867,1.7697884585319867,39.730612760411795,33.14283847808833,62.26003417727426,-1.6238460706944362,33.091969145953705,0.8234702043470109,-55.0
674,2026-05-15 16:48:37,timeout,1200,67.28800490162092,43.12890625,66.21099090576172,0.39614184715489525,23.890338565641706,32.0586643218994,65.66270118797807,-1.5975532597389714,32.00366676273948,0.16052588874298623,-55.0
675,2026-05-15 16:49:04,timeout,1200,65.57241530622136,33.41250228881836,49.6102294921875,1.9857379091900451,16.563092624065032,32.85553894042964,62.12293139591983,-1.4978791921115389,32.797815566415885,0.29400859556734743,-55.0
676,2026-05-15 16:49:30,timeout,1200,60.35052049055171,17.94247817993164,49.04347229003906,2.0121726622686986,27.714324132858184,32.89429855346686,56.96104378082632,-1.6395716462962104,32.84422666728498,0.29052313526989604,-55.0
677,2026-05-15 16:49:57,timeout,1200,61.18350765559776,15.49979305267334,42.82161331176758,0.4252062764248565,18.317474523706995,33.227190208435104,57.000330157616155,-1.500037412601074,33.17534071750933,0.28068398463815725,-55.0
678,2026-05-15 16:50:25,success,1073,241.20861318196444,9.710432052612305,9.710432052612305,1.6305088418026734,23.858646487892845,34.839380741119406,57.39597621641694,-1.39030656617546,34.823251575469996,0.9053112151336161,120.0
679,2026-05-15 16:50:56,timeout,1200,64.26097117983815,27.418319702148438,41.57965087890625,1.1708609096012046,30.68232990272116,33.282904052734395,60.143590480811966,-1.5901638124919224,33.23199120557312,0.19264925321047183,-55.0
680,2026-05-15 16:51:22,timeout,1200,62.93174908304471,18.046703338623047,42.783111572265625,1.2169182625567758,56.549048591503166,33.23037567138672,58.73231156771647,-1.7789554475094578,33.17861677441006,0.5694005170408586,-55.0
681,2026-05-15 16:51:53,timeout,1200,61.81822845348121,11.393547058105469,44.9808349609375,4.261494188275294,39.79744616144037,33.117596435546865,58.00714445961018,-1.6882915577213167,33.06037202507259,0.32140709097276265,-55.0
682,2026-05-15 16:52:19,timeout,1200,57.20259022399915,11.87767219543457,40.699951171875,0.8040559522311306,1.0885845575809368,33.303942871093724,53.14428953016748,-1.564392505729512,33.22877594608069,0.08997438238673516,-55.0
683,2026-05-15 16:52:46,timeout,1200,59.160296204970784,10.58455753326416,44.020198822021484,1.941888735048798,31.095805649411638,33.13525104522711,55.57042383810863,-1.7076819094619293,33.05297722780702,0.10932600328985792,-55.0
684,2026-05-15 16:53:10,success,1081,242.9407433531717,4.863666534423828,4.863666534423828,2.8099312868067834,25.52069106014541,35.12207241058346,59.11217810956186,-1.436253035765638,35.10862035942077,0.43912550937116124,120.0
685,2026-05-15 16:53:36,timeout,1200,67.7643766585237,42.032203674316406,61.02617645263672,0.7417770067184849,47.14268282129086,32.28002662658694,65.69044933957971,-1.650724123754237,32.23604924605788,0.2085755700534977,-55.0
686,2026-05-15 16:54:07,timeout,1200,59.52954287749506,15.508743286132812,39.91408157348633,0.7865874766245585,39.05011759830884,33.32645473480221,55.307231015171766,-1.639435884030134,33.27854123066362,0.2567517808874824,-55.0
687,2026-05-15 16:54:34,timeout,1200,59.04781608740578,7.864656925201416,42.4801139831543,1.3650138392355773,42.41708325532872,33.23689212799069,54.87496483556252,-1.6107750204793403,33.16865799152852,0.37807615280320783,-55.0
688,2026-05-15 16:55:00,timeout,1200,64.60652015378723,29.11012077331543,52.83091354370117,1.3053629157277997,24.722358059386806,32.715052223205504,61.670037333137365,-1.58817581413029,32.65562705083187,0.15397936074262858,-55.0
689,2026-05-15 16:55:26,timeout,1200,54.067866364965205,8.662303924560547,38.19212341308594,0.8550079361398092,55.38027003582517,33.43217849731448,49.93522782925673,-1.7062941992142424,33.3613291099071,0.04542512770109257,-55.0
690,2026-05-15 16:55:54,timeout,1200,60.1664578516902,36.690067291259766,56.06346893310547,1.20040425252586,23.714295562426503,32.53505592346198,57.72051759378606,-1.614865723939801,32.47292865430565,0.05282140407633199,-55.0
691,2026-05-15 16:56:20,timeout,1200,65.38415983571267,29.330169677734375,43.79943084716797,0.9769871639491562,19.62377210813403,33.133646011352496,61.398759518934895,-1.5505160244129879,33.08892307201026,0.31334725782795264,-55.0
692,2026-05-15 16:56:50,timeout,1200,60.40231423723144,16.93384552001953,42.12042999267578,2.1506769458055097,24.874408315595048,33.26302757263187,56.10944868783635,-1.5772789024140577,33.20385878163576,0.4032580975416328,-55.0
693,2026-05-15 16:57:19,timeout,1200,63.62537640059015,20.13837432861328,51.022727966308594,0.5442860889315331,50.910747922225156,32.76961860656734,60.56049802408191,-1.7149717859077702,32.71745249557494,0.2927790602735096,-55.0
694,2026-05-15 16:57:47,success,1094,233.6166188358838,8.598180770874023,8.598180770874023,0.3292442263398665,25.70757357357342,34.93778505325314,50.33642437400818,-1.4009866369362647,34.89364017868045,0.31975586687802304,120.0
695,2026-05-15 16:58:14,timeout,1200,60.07543821016261,7.433587074279785,35.751285552978516,1.8126173731659632,7.559435661090318,33.58176860809328,55.24059872740153,-1.534563491943753,33.522299700133516,0.2653346664780061,-55.0
696,2026-05-15 16:58:40,timeout,1200,61.17141993666017,41.155296325683594,58.665855407714844,0.329837999230408,25.103697766032376,32.43124580383298,58.79210648226738,-1.5747455344813823,32.36579081269915,0.1570223723421857,-55.0
697,2026-05-15 16:59:05,timeout,1200,59.799733690669925,18.780277252197266,49.97559356689453,1.055546932565585,30.43322265840704,32.82371177673339,56.58458792511351,-1.6838311712058496,32.76865805204212,0.3066071079867032,-55.0
698,2026-05-15 16:59:29,bad_angle,1068,72.52790929813234,2.899989128112793,2.899989128112793,0.839067982164292,114.70682529859778,35.180327081680275,59.19177634236249,-1.7044392929916365,35.15860645198816,0.041638715092864265,-50.0
699,2026-05-15 16:59:54,timeout,1200,66.1487521662479,18.821548461914062,44.00559997558594,1.1208232639068085,62.18011609045014,33.121720123290956,62.14121972899363,-1.6914472110324899,33.08810765568536,0.4891518693103932,-55.0
700,2026-05-15 17:00:20,timeout,1200,57.87964164627289,13.299288749694824,43.205257415771484,1.3156661493690582,60.399171585126,33.19222126007077,53.98052546992866,-1.7462745087329956,33.131541429482425,0.3216279955242277,-55.0
701,2026-05-15 17:00:46,timeout,1200,66.61134358827736,11.241095542907715,45.79758834838867,2.3953904574926073,67.1457114283736,33.07723178863518,62.52002603621126,-1.7587776252301395,33.02098364002262,0.7518797486384228,-55.0
702,2026-05-15 17:01:12,timeout,1200,66.33083128882899,36.02391815185547,56.42809295654297,1.1770284637000203,36.48544303667158,32.499313735962026,63.74009854334579,-1.6664295209694973,32.44626051731776,0.31158801317297236,-55.0
703,2026-05-15 17:01:38,timeout,1200,62.94067971853685,28.907615661621094,49.814430236816406,1.3996965793455498,49.50690840626117,32.86096916198732,59.854056457527996,-1.6634213592835299,32.81250567811728,0.076569780187723,-55.0
704,2026-05-15 17:02:01,success,1071,243.72465083902847,2.907238006591797,2.907238006591797,1.5780558704630316,24.168375076185413,35.17701663970947,59.68292573145624,-1.4293948592685122,35.165079956054726,0.4840233710765478,120.0
705,2026-05-15 17:02:27,timeout,1200,70.66369194609479,14.163976669311523,42.92070770263672,1.1422670696928867,23.896021283031157,33.18537940979009,66.36779953022774,-1.6094835416506592,33.13409418115017,0.5859023665773487,-55.0
706,2026-05-15 17:02:51,success,1110,244.62923002529308,9.949019432067871,9.949019432067871,3.260627295605598,14.027993635307574,34.83595356941223,61.70370802509274,-1.4791310084334341,34.808713974714244,0.30998546450753023,120.0
707,2026-05-15 17:03:17,timeout,1200,63.51932594151582,20.569007873535156,41.76875305175781,1.5960586482895984,25.04558993166849,33.27421188354497,59.120783834414084,-1.552175328958799,33.2291444656253,0.44736108689026294,-55.0
708,2026-05-15 17:03:43,timeout,1200,65.66010790759445,20.509618759155273,42.58731460571289,0.9387862360863922,61.604508728336484,33.21471996307373,61.81078700978918,-1.7955105646070073,33.18258151501421,0.24752998432447865,-55.0
709,2026-05-15 17:04:07,success,1104,245.5038231709059,9.908212661743164,9.908212661743164,0.5442860889315331,14.402731110346679,34.844375133514454,61.881599755862084,-1.3234749630674523,34.8089537744522,0.812369470144622,120.0
710,2026-05-15 17:04:31,timeout,1200,66.43634405152554,18.17289924621582,43.62654113769531,0.5640592197744555,63.45908267291337,33.1865104675293,62.349654742082855,-1.808210878784043,33.143108865916695,0.5652808547808084,-55.0
711,2026-05-15 17:05:01,timeout,1200,63.942806095986946,10.052939414978027,42.992034912109375,4.217422392655787,21.560936700154706,33.20586395263666,59.58884507719453,-1.5811127950506052,33.13606294546834,0.5931469157378518,-55.0
712,2026-05-15 17:05:24,bad_angle,1065,65.2865528081075,17.076814651489258,17.076814651489258,0.3426407085819209,110.70901995474094,34.49713888168336,53.121700219703314,-1.6778347035340133,34.487079769134525,0.18346864112029712,-50.0
713,2026-05-15 17:05:48,success,1083,244.98480941781895,9.262290000915527,9.262290000915527,1.880967929963927,23.837875882626836,34.88541760444643,61.6093385841608,-1.4149708854961125,34.8546772022248,0.46534691248305904,120.0
714,2026-05-15 17:06:12,success,1065,245.93399823274592,9.800280570983887,9.800280570983887,2.2615721106132485,24.927907479816465,34.86999878883363,62.12061770404297,-1.3669782124064234,34.85414033317566,0.7812196191001848,120.0
715,2026-05-15 17:06:37,timeout,1200,66.87364307800442,14.58381175994873,40.44572067260742,0.549652216380783,20.690418845152827,33.32868442535399,62.36153619373803,-1.5417478058883047,33.282483720600624,0.4426865442002872,-55.0
716,2026-05-15 17:07:04,timeout,1200,67.45348800931146,8.386993408203125,37.03215408325195,0.62118115902033,26.606153260780296,33.49518184661865,62.57543881943306,-1.6320556039608336,33.43606826318066,0.5788546840399824,-55.0
717,2026-05-15 17:07:30,timeout,1200,64.27732358308268,20.391300201416016,47.32417678833008,1.3242647172038695,19.073839427110453,32.99644680023194,60.56110812104247,-1.5266397780617271,32.93983811515573,0.3065703247144787,-55.0
718,2026-05-15 17:07:57,timeout,1200,61.984273757150945,19.927412033081055,47.56980895996094,0.23821109155596631,45.063784973803244,32.953519439697246,58.59308721149561,-1.673927824121321,32.903560257732835,0.20803467234648448,-55.0
719,2026-05-15 17:08:27,timeout,1200,60.854193723460895,30.523513793945312,49.73101806640625,2.2499456345420055,39.47458311937387,32.883053588867185,57.596443670289815,-1.7028856029639292,32.832823343060895,0.24475872420677977,-55.0
720,2026-05-15 17:08:51,success,1086,238.07228177509927,8.427374839782715,8.427374839782715,1.0950367384690716,25.146012495487895,34.9338772296906,54.51875617259904,-1.4091300340995743,34.9005251541138,0.5582532527954637,120.0
721,2026-05-15 17:09:17,timeout,1200,64.11361450844743,16.003454208374023,45.39967346191406,0.2839302967867689,28.805824220719366,33.09020614624028,60.11195831107233,-1.6548892538734272,33.042849060624896,0.5234902443835464,-55.0
722,2026-05-15 17:09:43,timeout,1200,64.9137540738758,31.8787841796875,55.023380279541016,1.9737765404060603,32.755377693184656,32.57141094207771,62.29912972196032,-1.6624925111727915,32.52549429705735,0.18021162395313203,-55.0
723,2026-05-15 17:10:10,timeout,1200,62.365985653047275,7.290153503417969,44.02128982543945,1.7140642534667319,32.938471159170604,33.14972591400152,58.56331655786913,-1.674386477415562,33.08254627841712,0.2447833801751134,-55.0
724,2026-05-15 17:10:39,timeout,1200,55.85422652594556,10.982657432556152,36.64733123779297,1.6621281353481896,55.20707692904116,33.49711036682129,51.441524706164614,-1.766872347265446,33.44917856814712,0.233285232077973,-55.0
725,2026-05-15 17:11:03,success,1069,242.9993515899506,9.8346586227417,9.8346586227417,1.4720646747576565,22.74204033218999,34.83676438331606,59.35343194975365,-1.4075629657423203,34.821897268295295,0.7398209543280634,120.0
726,2026-05-15 17:11:29,timeout,1200,59.26964814982669,15.246173858642578,48.208858489990234,0.4233615383795712,31.640448348923037,32.91344928741456,55.985622655041716,-1.6470650454038878,32.848620007216915,0.16902124555731882,-55.0
