timestamp,update_id,episode_id,phase_id,phase_name,max_step,episode_return,episode_len,done_reason,start_distance,final_distance,start_agl,final_agl,start_alt_error,final_alt_error,final_closing_speed,final_theta_deg,final_alpha_deg,final_beta_deg,final_alignment,final_forward_up_dot,final_grounded_flag,final_ang_vel_mag,step_count,mean_theta,bad_theta_frac,near_bad_steps,mean_a0,high_a0_frac,high_a0_bad_theta_frac,mean_reward,sum_reward,sum_thrust_gate,mean_thrust_gate,min_distance,theta_at_min_distance,alignment_at_min_distance,agl_at_min_distance,closing_at_min_distance
2026-04-11 17:02:28,2102,1,1,v8_7_phase_2_1_thrust_guard,500,159.46134762754727,183,success,111.3058853149414,14.440215110778809,0.4062908589839935,37.03718185424805,48.5619010925293,12.364891052246094,29.294679641723636,22.884571012242525,17.062746575060853,1.2390653643839535,0.921290158044201,0.9896396398544312,0.0,1.153222558966253,183,50.03702910653344,0.0,0.0,-0.22810581474580238,0.37158469945355194,0.2786885245901639,0.8713734843035371,159.4613476275473,4.694732774918392,0.02565427745857045,14.440215110778809,22.884571012242525,0.921290158044201,37.03718185424805,29.294679641723636
2026-04-11 17:02:32,2102,2,1,v8_7_phase_2_1_thrust_guard,500,-140.0326742071236,211,near_miss,114.3486557006836,4.506032466888428,0.4062908589839935,48.819427490234375,48.5619010925293,0.5808067321777344,11.850982666015623,79.96463095322105,-79.22346663581546,14.84733032153761,0.1742560725920286,0.9958611130714417,0.0,0.911551546461402,211,57.9069932501947,0.004739336492890996,1.0,-0.09936102929909083,0.41232227488151657,0.41232227488151657,-0.6636619630669365,-140.0326742071236,8.618866202830912,0.04084770712242138,4.506032466888428,79.96463095322105,0.1742560725920286,48.819427490234375,11.850982666015623
2026-04-11 17:02:34,2102,3,1,v8_7_phase_2_1_thrust_guard,500,163.46076904586045,179,success,107.08489227294922,14.680599212646484,0.4062908589839935,35.23676300048828,48.5619010925293,14.167648315429688,24.442068099975582,23.73515154505714,23.0543797602928,-44.822095314927765,0.9154158219695268,0.9888996481895448,0.0,2.570009377660258,179,46.102839854776036,0.0,0.0,-0.21123054955029788,0.37988826815642457,0.24022346368715083,0.9131886538874887,163.46076904586047,3.7737645090342538,0.021082483290694155,14.680599212646484,23.73515154505714,0.9154158219695268,35.23676300048828,24.442068099975582
2026-04-11 17:02:37,2102,4,1,v8_7_phase_2_1_thrust_guard,500,156.2395433417276,180,success,111.1496810913086,14.706547737121582,0.4062908589839935,37.339454650878906,48.5619010925293,12.062217712402344,31.6041259765625,36.08831876285412,33.93406685334834,-23.48580695166936,0.8081099901303341,0.991505801677704,0.0,3.4302115760224154,180,51.26198455668677,0.0,0.0,-0.22531790514476596,0.36666666666666664,0.2833333333333333,0.8679974630095978,156.2395433417276,5.462451309486624,0.03034695171937013,14.706547737121582,36.08831876285412,0.8081099901303341,37.339454650878906,31.6041259765625
2026-04-11 17:02:40,2102,5,1,v8_7_phase_2_1_thrust_guard,500,149.64799311254382,180,success,107.14816284179688,14.465187072753906,0.4062908589839935,35.903751373291016,48.5619010925293,13.078380584716797,26.8870792388916,40.50530989154757,-40.155044130530975,36.37023140575181,0.7603457746780704,0.955646276473999,0.0,0.9971818492203314,180,52.05815155267757,0.0,0.0,-0.24306821713431015,0.3277777777777778,0.28888888888888886,0.8313777395141323,149.64799311254382,4.1516160309593095,0.0230645335053295,14.465187072753906,40.50530989154757,0.7603457746780704,35.903751373291016,26.8870792388916
2026-04-11 17:02:42,2102,6,1,v8_7_phase_2_1_thrust_guard,500,151.75129699922164,181,success,107.90229034423828,14.81658172607422,0.4062908589839935,36.58842086791992,48.5619010925293,12.819324493408203,29.763504028320312,30.171903035856936,-23.96121714620622,-20.03745617559419,0.8645213712268952,0.9790048599243164,0.0,3.069895000998275,181,51.6588563156014,0.0,0.0,-0.17665171569717522,0.3867403314917127,0.281767955801105,0.8384049557968046,151.75129699922164,4.870852919153445,0.02691078960858257,14.81658172607422,30.171903035856936,0.8645213712268952,36.58842086791992,29.763504028320312
2026-04-11 17:02:46,2103,7,1,v8_7_phase_2_1_thrust_guard,500,145.79439414356926,188,success,112.58699798583984,14.506826400756836,0.4062908589839935,38.22648239135742,48.5619010925293,11.17645263671875,29.09178924560547,35.42061654506659,-28.948493212102598,-13.535848623530535,0.8149193021937086,0.9902587532997132,0.0,1.770941603703408,188,55.32274151412837,0.0,0.0,-0.31890558186693096,0.2978723404255319,0.2872340425531915,0.7755020965083471,145.79439414356926,4.884649175710973,0.02598217646654773,14.506826400756836,35.42061654506659,0.8149193021937086,38.22648239135742,29.09178924560547
2026-04-11 17:02:48,2103,8,1,v8_7_phase_2_1_thrust_guard,500,161.1285980743894,181,success,111.06688690185548,14.706308364868164,0.4062908589839935,37.62451171875,48.5619010925293,11.775394439697266,31.160871505737305,33.81934016585964,16.859565522725898,-13.272786448968434,0.8307966445898372,0.9956315159797668,0.0,0.1436505473519577,181,52.652756424751644,0.0,0.0,-0.20313191727750537,0.36464088397790057,0.3149171270718232,0.8902132490297757,161.1285980743894,5.314177905911348,0.029360098927687005,14.706308364868164,33.81934016585964,0.8307966445898372,37.62451171875,31.160871505737305
2026-04-11 17:02:51,2103,9,1,v8_7_phase_2_1_thrust_guard,500,-135.15956343407663,207,near_miss,108.54734802246094,5.165279865264893,0.4062908589839935,47.04460906982422,48.5619010925293,2.371570587158203,-0.1221361383795738,79.62600383455015,-37.61462698573101,38.14055496691658,0.1800727302725358,0.9453880786895752,0.0,0.40061642695027,207,55.026656954177945,0.004830917874396135,1.0,-0.031765819973467536,0.47342995169082125,0.47342995169082125,-0.6529447508892591,-135.15956343407663,6.567490060046792,0.03172700512099899,5.165279865264893,79.62600383455015,0.1800727302725358,47.04460906982422,-0.1221361383795738
2026-04-11 17:02:54,2103,10,1,v8_7_phase_2_1_thrust_guard,500,155.70683994670915,186,success,111.97322082519533,14.481242179870604,0.4062908589839935,37.758888244628906,48.5619010925293,11.641448974609377,31.63840675354004,30.91206331545454,10.655730312812702,-0.7106039699856939,0.8579567633820244,0.9952411651611328,0.0,0.2405931704024072,186,52.53053523408699,0.0,0.0,-0.21623527757342784,0.3655913978494624,0.2903225806451613,0.837133548100587,155.70683994670918,4.769742683522204,0.025643777868398946,14.481242179870604,30.91206331545454,0.8579567633820244,37.758888244628906,31.63840675354004
2026-04-11 17:02:57,2103,11,1,v8_7_phase_2_1_thrust_guard,500,151.60207758801144,185,success,112.85421752929688,14.593914031982422,0.4062908589839935,37.1790657043457,48.5619010925293,12.23358917236328,29.62493133544922,17.67780681736779,11.744688716528993,2.4462911616216583,0.9527791751990584,0.9623308181762696,0.0,2.065608790398899,185,51.985019384014144,0.0,0.0,-0.2717365583442655,0.31891891891891894,0.25405405405405407,0.8194706896649268,151.60207758801144,4.240493498808979,0.022921586480048533,14.593914031982422,17.67780681736779,0.9527791751990584,37.1790657043457,29.62493133544922
2026-04-11 17:03:00,2103,12,1,v8_7_phase_2_1_thrust_guard,500,156.89851655871513,180,success,107.15310668945312,14.844242095947266,0.4062908589839935,36.297096252441406,48.5619010925293,13.106983184814451,28.346864700317383,22.672601213993055,-22.713729198080287,-11.470068154343936,0.922722523862738,0.9881031513214112,0.0,4.776354649526431,180,50.81639310873691,0.0,0.0,-0.2368847148214829,0.3,0.2611111111111111,0.8716584253261952,156.89851655871513,4.0890305137280825,0.022716836187378235,14.844242095947266,22.672601213993055,0.922722523862738,36.297096252441406,28.346864700317383
2026-04-11 17:03:03,2104,13,1,v8_7_phase_2_1_thrust_guard,500,147.20447804615404,192,success,112.1254425048828,12.918392181396484,0.4062908589839935,38.49007797241211,48.5619010925293,10.913997650146484,29.06316566467285,40.258425873808285,-27.86219943593625,-33.171551364597285,0.7631374430282846,0.9827328324317932,0.0,2.997074159340768,192,53.55548637041317,0.0,0.0,-0.27331070222862763,0.34375,0.203125,0.7666899898237188,147.204478046154,4.218066819477585,0.02196909801811242,12.918392181396484,40.258425873808285,0.7631374430282846,38.49007797241211,29.06316566467285
2026-04-11 17:03:06,2104,14,1,v8_7_phase_2_1_thrust_guard,500,165.10832107072682,181,success,110.93082427978516,14.43657398223877,0.4062908589839935,36.8670539855957,48.5619010925293,12.539337158203123,29.241539001464844,27.19345902939489,-9.332856713043697,16.811011415463568,0.8894685504681842,0.9753924608230592,0.0,0.712477159369066,181,51.93810966585518,0.0,0.0,-0.2424712686012216,0.3812154696132597,0.36464088397790057,0.912200668899043,165.1083210707268,4.765672983065877,0.026329684989314237,14.43657398223877,27.19345902939489,0.8894685504681842,36.8670539855957,29.241539001464844
2026-04-11 17:03:09,2104,15,1,v8_7_phase_2_1_thrust_guard,500,159.972304737821,181,success,113.07613372802734,14.767400741577148,0.4062908589839935,39.014251708984375,48.5619010925293,10.386917114257812,33.228084564208984,38.22788918073895,37.352982929195335,1.537757540916545,0.7855557848374267,0.9922860264778136,0.0,3.2558747829279557,181,54.10651703864222,0.0,0.0,-0.12681558894929965,0.43646408839779005,0.39226519337016574,0.8838248880542597,159.97230473782102,6.79822296608054,0.03755924290652232,14.767400741577148,38.22788918073895,0.7855557848374267,39.014251708984375,33.228084564208984
2026-04-11 17:03:11,2104,16,1,v8_7_phase_2_1_thrust_guard,500,149.36248557071434,190,success,112.85688018798828,14.597448348999023,0.4062908589839935,36.98721694946289,48.5619010925293,12.419418334960938,27.31399726867676,22.37589438135312,10.78642085993902,8.226549628835572,0.9247062766303598,0.9775059819221495,0.0,1.4535439980247449,190,52.00648421024176,0.0,0.0,-0.3619422543499815,0.2736842105263158,0.21578947368421053,0.786118345109023,149.36248557071437,3.71538427449418,0.01955465407628516,14.597448348999023,22.37589438135312,0.9247062766303598,36.98721694946289,27.31399726867676
2026-04-11 17:03:14,2104,17,1,v8_7_phase_2_1_thrust_guard,500,157.3122335349212,185,success,110.4099349975586,14.653026580810549,0.4062908589839935,35.823974609375,48.5619010925293,13.578117370605469,28.334373474121094,28.32591293151947,17.534347231588136,-35.86424757694268,0.8802628495025085,0.991744577884674,0.0,3.726530067800512,185,49.06335583849067,0.0,0.0,-0.24047126849307804,0.34594594594594597,0.1891891891891892,0.8503363974860604,157.31223353492118,3.268394108329936,0.017666995180161817,14.653026580810549,28.32591293151947,0.8802628495025085,35.823974609375,28.334373474121094
2026-04-11 17:03:18,2104,18,1,v8_7_phase_2_1_thrust_guard,500,-136.41204388132996,214,near_miss,115.26911163330078,3.1207847595214844,0.4062908589839935,49.423866271972656,48.5619010925293,-0.0181617736816406,-2.3883419036865234,80.99876940488517,-86.03316523831816,5.348157221543636,0.1564556785116213,0.98471200466156,0.0,2.102753195114977,214,56.074457652623835,0.004672897196261682,1.0,-0.2593367606331812,0.3364485981308411,0.32710280373831774,-0.6374394573893923,-136.41204388132996,6.524790817067868,0.03048967671527041,3.1207847595214844,80.99876940488517,0.1564556785116213,49.423866271972656,-2.3883419036865234
2026-04-11 17:03:20,2104,19,1,v8_7_phase_2_1_thrust_guard,500,149.18906120115574,184,success,110.05390167236328,14.875478744506836,0.4062908589839935,37.8695182800293,48.5619010925293,11.536911010742188,29.17860221862793,29.37459456347384,-19.066973379447298,-6.182939099921186,0.87143139637244,0.9812976717948914,0.0,3.787335864565797,184,53.59615066183566,0.0,0.0,-0.21650309647109522,0.375,0.34782608695652173,0.8108101152236725,149.18906120115574,5.586243118539041,0.030360016948581748,14.875478744506836,29.37459456347384,0.87143139637244,37.8695182800293,29.17860221862793
2026-04-11 17:03:23,2105,20,1,v8_7_phase_2_1_thrust_guard,500,165.44791512902157,185,success,113.02519989013672,14.542622566223145,0.4062908589839935,37.21788024902344,48.5619010925293,12.196521759033203,31.74995422363281,16.01805548112906,15.895120613805291,3.424781714240157,0.9611747872738364,0.951012372970581,0.0,0.4956698869068517,185,49.8532446025385,0.0,0.0,-0.24735062131406488,0.3567567567567568,0.2918918918918919,0.8943130547514679,165.44791512902157,4.5739121946363825,0.024723849700737204,14.542622566223145,16.01805548112906,0.9611747872738364,37.21788024902344,31.74995422363281
2026-04-11 17:03:26,2105,21,1,v8_7_phase_2_1_thrust_guard,500,149.31657333400503,181,success,110.04729461669922,14.499334335327148,0.4062908589839935,38.40958404541016,48.5619010925293,10.993766784667969,31.319114685058597,32.43582046267644,-29.929335697673103,-4.599886092306644,0.8439927696364569,0.988214075565338,0.0,4.392131390775146,181,53.54078113006804,0.0,0.0,-0.177360422902828,0.39779005524861877,0.3701657458563536,0.8249534438342819,149.31657333400503,6.172977644735676,0.03410484886594296,14.499334335327148,32.43582046267644,0.8439927696364569,38.40958404541016,31.319114685058597
2026-04-11 17:03:29,2105,22,1,v8_7_phase_2_1_thrust_guard,500,166.7865020122875,182,success,110.42739868164062,14.897090911865234,0.4062908589839935,36.97357940673828,48.5619010925293,12.433032989501951,26.81686782836914,34.13621654711862,-21.313477238977853,20.77557422862996,0.8277057904391301,0.9736785292625428,0.0,2.363333147422726,182,51.559710014884274,0.0,0.0,-0.18357832131109067,0.4065934065934066,0.32967032967032966,0.9164093517158655,166.7865020122875,4.705155592482357,0.025852503255397567,14.897090911865234,34.13621654711862,0.8277057904391301,36.97357940673828,26.81686782836914
2026-04-11 17:03:32,2105,23,1,v8_7_phase_2_1_thrust_guard,500,160.191725145444,177,success,107.47332000732422,14.575444221496582,0.4062908589839935,36.581302642822266,48.5619010925293,12.82070541381836,28.448657989501957,31.423490805032166,-23.08018079988252,-25.97697501745894,0.8533371158186247,0.9891914129257202,0.0,0.8206427807516607,177,51.77623349064863,0.0,0.0,-0.1944408495344832,0.3615819209039548,0.3389830508474576,0.9050379951720003,160.19172514544405,5.0592782556332505,0.02858349296967938,14.575444221496582,31.423490805032166,0.8533371158186247,36.581302642822266,28.448657989501957
2026-04-11 17:03:35,2105,24,1,v8_7_phase_2_1_thrust_guard,500,165.0220621440878,184,success,114.0736312866211,14.345257759094238,0.4062908589839935,38.80918884277344,48.5619010925293,10.600914001464844,32.78628158569336,27.354634418334268,20.491393962927823,2.683581538341421,0.8881794832248056,0.9641267657279968,0.0,2.8680064059313244,184,52.660726298683606,0.0,0.0,-0.21013113783967285,0.358695652173913,0.30434782608695654,0.8968590333917817,165.02206214408784,5.535775268298418,0.030085735153795753,14.345257759094238,27.354634418334268,0.8881794832248056,38.80918884277344,32.78628158569336
2026-04-11 17:03:37,2105,25,1,v8_7_phase_2_1_thrust_guard,500,165.2159845518362,177,success,107.13390350341795,14.610408782958984,0.4062908589839935,35.798221588134766,48.5619010925293,13.664802551269531,25.8311767578125,15.399457200832051,-15.513862869429769,13.394960603973391,0.9640979199719536,0.8213472366333008,0.0,1.3604267017102198,177,49.313383900457396,0.0,0.0,-0.11701797893912778,0.4124293785310734,0.3502824858757062,0.9334236415357978,165.21598455183621,5.161474221183142,0.029160871306119447,14.610408782958984,15.399457200832051,0.9640979199719536,35.798221588134766,25.8311767578125
2026-04-11 17:03:41,2106,26,1,v8_7_phase_2_1_thrust_guard,500,160.29729213495847,182,success,111.30750274658205,14.451324462890623,0.4062908589839935,37.52351379394531,48.5619010925293,11.882278442382812,31.72544860839844,33.155213552102616,28.509907982475852,-18.476795516286717,0.8371920720592835,0.9803247451782228,0.0,1.2078254163483944,182,50.97045137509473,0.0,0.0,-0.18785128184942182,0.3956043956043956,0.3076923076923077,0.8807543523898816,160.29729213495847,5.638509619104247,0.03098082208299037,14.451324462890623,33.155213552102616,0.8371920720592835,37.52351379394531,31.72544860839844
2026-04-11 17:03:44,2106,27,1,v8_7_phase_2_1_thrust_guard,500,157.3665014329273,184,success,108.25084686279295,14.524497032165527,0.4062908589839935,36.63466262817383,48.5619010925293,12.773143768310549,28.85578346252441,19.966294142179123,-20.03714198689237,9.041367291155998,0.9398936611669886,0.978376805782318,0.0,4.714802736738565,184,51.31634910113284,0.0,0.0,-0.23249170487574505,0.31521739130434784,0.266304347826087,0.8552527251789527,157.3665014329273,4.190256643804076,0.022773133933717802,14.524497032165527,19.966294142179123,0.9398936611669886,36.63466262817383,28.85578346252441
2026-04-11 17:03:49,2106,28,1,v8_7_phase_2_1_thrust_guard,500,140.96082609845436,190,success,110.27716064453124,10.417177200317385,0.4062908589839935,40.90359115600586,48.5619010925293,8.498836517333984,31.17058563232422,39.78696865125357,-18.32807668484615,30.421454242467107,0.7684290902336961,0.9911893606185912,0.0,3.737539072479059,190,54.42303757300374,0.0,0.0,-0.06107137590450676,0.45789473684210524,0.42105263157894735,0.7418990847287071,140.96082609845436,6.8881493997873,0.036253417893617364,10.417177200317385,39.78696865125357,0.7684290902336961,40.90359115600586,31.17058563232422
2026-04-11 17:03:55,2106,29,1,v8_7_phase_2_1_thrust_guard,500,-134.86364952106894,210,near_miss,113.83023071289062,2.947488784790039,0.4062908589839935,48.72956085205078,48.5619010925293,0.6715736389160156,3.33197283744812,81.25501078178736,62.67290740887739,43.65855892943775,0.1520369488079103,0.9969929456710817,0.0,2.9741178000903745,210,55.76290014409086,0.004761904761904762,1.0,-0.24200909575003954,0.3380952380952381,0.3380952380952381,-0.6422078548622332,-134.86364952106896,6.090991170838425,0.029004719861135356,2.947488784790039,81.25501078178736,0.1520369488079103,48.72956085205078,3.33197283744812
2026-04-11 17:04:00,2106,30,1,v8_7_phase_2_1_thrust_guard,500,147.4047386747609,188,success,111.56058502197266,14.575093269348145,0.4062908589839935,37.05677032470703,48.5619010925293,12.344097137451172,28.58848571777344,38.49869935114079,-14.019171592220856,42.55354701985099,0.7826222881096434,0.9936543107032776,0.0,1.0737539917452228,188,53.297314329354705,0.0,0.0,-0.33181698026756035,0.2925531914893617,0.2074468085106383,0.7840677589083028,147.40473867476092,4.209064737391989,0.022388642220170153,14.575093269348145,38.49869935114079,0.7826222881096434,37.05677032470703,28.58848571777344
2026-04-11 17:04:04,2106,31,1,v8_7_phase_2_1_thrust_guard,500,153.980324487558,178,success,107.48394775390624,14.52531909942627,0.4062908589839935,37.10992050170898,48.5619010925293,12.291229248046877,27.920822143554688,26.105795800299965,24.328305663148555,2.636826545595157,0.8979830687683519,0.9941104054450988,0.0,3.814756656399784,178,50.74140671597231,0.0,0.0,-0.1757422899539593,0.4157303370786517,0.3707865168539326,0.8650580027390898,153.980324487558,5.195980662460082,0.02919090259809035,14.52531909942627,26.105795800299965,0.8979830687683519,37.10992050170898,27.920822143554688
2026-04-11 17:04:08,2106,32,1,v8_7_phase_2_1_thrust_guard,500,145.46875814771155,179,success,107.40847778320312,14.849844932556152,0.4062908589839935,36.64319610595703,48.5619010925293,12.757083892822266,28.753049850463867,35.41805522412784,-34.54927906736431,34.00454074520453,0.8149452103758721,0.9943090677261353,0.0,0.0584939810517886,179,52.530393503763904,0.0,0.0,-0.18067084969308841,0.37988826815642457,0.3687150837988827,0.8126746265235284,145.46875814771158,5.183997981194824,0.028960882576507394,14.849844932556152,35.41805522412784,0.8149452103758721,36.64319610595703,28.753049850463867
2026-04-11 17:04:12,2107,33,1,v8_7_phase_2_1_thrust_guard,500,-128.7876699034279,202,near_miss,112.80429077148438,8.722634315490723,0.4062908589839935,44.95283508300781,48.5619010925293,4.477588653564453,13.192526817321776,78.05038164586576,-61.95131158344388,-52.08087544026423,0.2070515003197702,0.910283386707306,0.0,1.6462960634170047,202,53.59245375156527,0.0049504950495049506,1.0,-0.09437804426744321,0.4306930693069307,0.3415841584158416,-0.6375627222941977,-128.78766990342794,7.091662191792996,0.035107238573232655,8.722634315490723,78.05038164586576,0.2070515003197702,44.95283508300781,13.192526817321776
2026-04-11 17:04:16,2107,34,1,v8_7_phase_2_1_thrust_guard,500,-126.32703153741372,200,near_miss,111.233642578125,11.197214126586914,0.4062908589839935,42.01739883422852,48.5619010925293,7.422889709472656,-0.8909955024719238,75.55354452306507,-65.41073409616364,95.56174358334953,0.2494751335575006,0.8775802850723267,0.0,0.6563446084527561,200,50.54837013552696,0.005,1.0,-0.12305908307433128,0.42,0.27,-0.6316351576870687,-126.32703153741373,5.121197833489213,0.025605989167446067,11.197214126586914,75.55354452306507,0.2494751335575006,42.01739883422852,-0.8909955024719238
2026-04-11 17:04:19,2107,35,1,v8_7_phase_2_1_thrust_guard,500,-122.60474977867705,206,near_miss,114.33838653564452,5.839747905731201,0.4062908589839935,47.523738861083984,48.5619010925293,1.8773307800292969,1.8114925622940063,76.01116719745592,-75.70853517571099,-38.09850832238598,0.2417327761345825,0.9956326484680176,0.0,1.9554176171190756,206,54.17206814217986,0.0048543689320388345,1.0,-0.10940916029435754,0.4368932038834951,0.4368932038834951,-0.5951686882460051,-122.60474977867705,6.525267031607389,0.03167605355149218,5.839747905731201,76.01116719745592,0.2417327761345825,47.523738861083984,1.8114925622940063
2026-04-11 17:04:23,2107,36,1,v8_7_phase_2_1_thrust_guard,500,150.84524502662043,185,success,109.22573852539062,14.68073558807373,0.4062908589839935,36.34210968017578,48.5619010925293,13.05950927734375,26.36922264099121,33.117449436181616,-9.677882011419596,43.20453917983408,0.8375523623590064,0.9945664405822754,0.0,2.7512976612634312,185,50.68636413516938,0.0,0.0,-0.2938050761617519,0.2702702702702703,0.1837837837837838,0.8153797028465971,150.84524502662046,3.311549860324914,0.017900269515269806,14.68073558807373,33.117449436181616,0.8375523623590064,36.34210968017578,26.36922264099121
2026-04-11 17:04:26,2107,37,1,v8_7_phase_2_1_thrust_guard,500,144.63909972320826,185,success,112.6818618774414,14.656326293945312,0.4062908589839935,37.94351577758789,48.5619010925293,11.460201263427734,31.201234817504883,32.253010449541044,32.00822329987696,6.82338245961801,0.8456997832258465,0.9919734001159668,0.0,6.853847963279267,185,53.173827358673385,0.0,0.0,-0.23635511611261079,0.3567567567567568,0.2918918918918919,0.7818329714768014,144.63909972320826,5.348399083982304,0.028910265318823267,14.656326293945312,32.253010449541044,0.8456997832258465,37.94351577758789,31.201234817504883
2026-04-11 17:04:29,2107,38,1,v8_7_phase_2_1_thrust_guard,500,158.22182669798926,182,success,109.71404266357422,14.624086380004885,0.4062908589839935,36.58815002441406,48.5619010925293,12.81655502319336,29.808853149414062,23.76173634885412,13.279054855079211,-13.370853451297831,0.9152289621193094,0.9812018275260924,0.0,1.0453363210441906,182,50.030215677637855,0.0,0.0,-0.2672221437685069,0.31868131868131866,0.23626373626373626,0.8693506961427979,158.22182669798923,4.547981041839907,0.02498890682329619,14.624086380004885,23.76173634885412,0.9152289621193094,36.58815002441406,29.808853149414062
2026-04-11 17:04:32,2108,39,1,v8_7_phase_2_1_thrust_guard,500,152.99871816928157,194,success,114.3807373046875,10.9306640625,0.4062908589839935,40.958683013916016,48.5619010925293,8.441246032714844,29.673057556152344,40.15923786668136,1.977639866155349,25.086424217621413,0.7642550354839177,0.9982868432998656,0.0,1.4397109432635835,194,53.95685077920127,0.0,0.0,-0.2351504412201262,0.33505154639175255,0.28865979381443296,0.7886531864395956,152.99871816928155,4.907734340901738,0.025297599695369787,10.9306640625,40.15923786668136,0.7642550354839177,40.958683013916016,29.673057556152344
2026-04-11 17:04:35,2108,40,1,v8_7_phase_2_1_thrust_guard,500,168.24445873607124,197,success,114.42505645751952,14.504889488220217,0.4062908589839935,38.60024642944336,48.5619010925293,10.8148193359375,27.21912002563477,34.28810629388136,-2.0694248019956265,-13.715304160009806,0.8262152558745707,0.9541600942611694,0.0,0.875273766493947,197,53.63657729555675,0.0,0.0,-0.3675213181449167,0.26903553299492383,0.18274111675126903,0.8540327854622906,168.24445873607124,3.511461807552989,0.017824679226157304,14.504889488220217,34.28810629388136,0.8262152558745707,38.60024642944336,27.21912002563477
2026-04-11 17:04:38,2108,41,1,v8_7_phase_2_1_thrust_guard,500,145.95735161948207,196,success,108.80606079101562,9.048835754394531,0.4062908589839935,40.93369674682617,48.5619010925293,8.486270904541016,25.10411834716797,40.38310073182311,-39.19245532551732,-44.11267771678439,0.761729435994123,0.9375147819519044,0.0,1.208884251202961,196,52.91758908606013,0.0,0.0,-0.18234871867144295,0.3622448979591837,0.28061224489795916,0.7446803654055208,145.9573516194821,4.977312025923769,0.025394449111855965,9.048835754394531,40.38310073182311,0.761729435994123,40.93369674682617,25.10411834716797
2026-04-11 17:04:41,2108,42,1,v8_7_phase_2_1_thrust_guard,500,165.54186722192375,183,success,109.8730010986328,14.511185646057127,0.4062908589839935,36.83607482910156,48.5619010925293,12.56473159790039,29.05146026611328,32.33563524793069,22.707076593828692,-28.33468630950835,0.8449293280297322,0.9960767030715942,0.0,4.5757129809155135,183,51.46765144579518,0.0,0.0,-0.28903591924199395,0.3442622950819672,0.2786885245901639,0.9046003673329167,165.54186722192375,4.147675269963746,0.02266489218559424,14.511185646057127,32.33563524793069,0.8449293280297322,36.83607482910156,29.05146026611328
2026-04-11 17:04:44,2108,43,1,v8_7_phase_2_1_thrust_guard,500,159.07195740384378,185,success,111.69945526123048,14.552203178405762,0.4062908589839935,37.969459533691406,48.5619010925293,11.431381225585938,30.215576171875,37.60150960743,-22.082600935750893,19.985423794497034,0.7922735672072263,0.9954296946525574,0.0,0.941255044524378,185,54.31825097348871,0.0,0.0,-0.23849510759920686,0.34594594594594597,0.34054054054054056,0.8598484183991556,159.07195740384378,5.167439801614034,0.027932107035751535,14.552203178405762,37.60150960743,0.7922735672072263,37.969459533691406,30.215576171875
2026-04-11 17:04:47,2108,44,1,v8_7_phase_2_1_thrust_guard,500,148.7303267826672,182,success,108.93122863769533,14.503808975219728,0.4062908589839935,37.40557861328125,48.5619010925293,11.995075225830078,27.09920310974121,31.294045059882087,-19.41595335735264,9.149984374432126,0.8545128208595708,0.9979020953178406,0.0,2.842710689537677,182,52.07665220670347,0.0,0.0,-0.22065583518885362,0.35714285714285715,0.3241758241758242,0.8171995977069626,148.7303267826672,5.067172920541172,0.027841609453522924,14.503808975219728,31.294045059882087,0.8545128208595708,37.40557861328125,27.09920310974121
2026-04-11 17:04:51,2109,45,1,v8_7_phase_2_1_thrust_guard,500,158.94022036511905,187,success,112.69434356689452,14.864459037780762,0.4062908589839935,36.78482818603516,48.5619010925293,12.61867904663086,31.04338264465332,27.83384049050236,22.29236287535116,-14.37552817442981,0.8843053599426971,0.9860901832580566,0.0,3.702782415965257,187,51.15482985485743,0.0,0.0,-0.26080731515658095,0.3315508021390374,0.23529411764705882,0.8499477024872676,158.94022036511905,3.7447792322038755,0.020025557391464575,14.864459037780762,27.83384049050236,0.8843053599426971,36.78482818603516,31.04338264465332
2026-04-11 17:04:54,2109,46,1,v8_7_phase_2_1_thrust_guard,500,152.169975463858,192,success,114.92711639404295,14.975683212280272,0.4062908589839935,37.40001678466797,48.5619010925293,11.99959945678711,28.52130889892578,38.21521234963941,10.276860573325742,27.837696132288837,0.7856926745938007,0.9979509115219116,0.0,3.402662830027215,192,52.732213325213195,0.0,0.0,-0.3508410547510721,0.2760416666666667,0.18229166666666666,0.7925519555409272,152.169975463858,3.480509307141476,0.018127652641361854,14.975683212280272,38.21521234963941,0.7856926745938007,37.40001678466797,28.52130889892578
2026-04-11 17:04:57,2109,47,1,v8_7_phase_2_1_thrust_guard,500,152.04220035555198,186,success,113.3543472290039,14.72064971923828,0.4062908589839935,37.621055603027344,48.5619010925293,11.348751068115234,31.768644332885746,39.59333961847288,35.72077603833198,-21.74372110008071,0.7705873352955475,0.9953349828720092,0.0,2.441702948611492,186,53.63766632002808,0.0,0.0,-0.24930310452617305,0.3333333333333333,0.3010752688172043,0.8174311847072687,152.04220035555198,4.868534164321992,0.026174914861946192,14.72064971923828,39.59333961847288,0.7705873352955475,37.621055603027344,31.768644332885746
2026-04-11 17:05:00,2109,48,1,v8_7_phase_2_1_thrust_guard,500,145.9096466418904,180,success,108.67833709716795,14.531917572021484,0.4062908589839935,37.32210159301758,48.5619010925293,12.08148956298828,30.106136322021484,26.35447615779096,-20.025636533235485,4.923831292469771,0.8960647583238189,0.9902804493904114,0.0,4.536150330531212,180,52.64905929744197,0.0,0.0,-0.16524485113202697,0.4222222222222222,0.36666666666666664,0.8106091480105023,145.90964664189042,5.673582472065209,0.03151990262258449,14.531917572021484,26.35447615779096,0.8960647583238189,37.32210159301758,30.106136322021484
2026-04-11 17:05:03,2109,49,1,v8_7_phase_2_1_thrust_guard,500,-132.93185632259934,203,near_miss,114.78018951416016,6.114959716796875,0.4062908589839935,47.851322174072266,48.5619010925293,1.5479011535644531,25.46695327758789,77.94820201588237,-69.23245033302838,43.20875682164656,0.2087958955427986,0.9989454746246338,0.0,1.6234511585316962,203,58.46265390959385,0.0049261083743842365,1.0,0.07194534750664468,0.5467980295566502,0.5467980295566502,-0.6548367306531987,-132.93185632259934,10.111981940474841,0.049812718918595275,6.114959716796875,77.94820201588237,0.2087958955427986,47.851322174072266,25.46695327758789
2026-04-11 17:05:06,2109,50,1,v8_7_phase_2_1_thrust_guard,500,162.50276377744706,182,success,110.2917022705078,14.5414400100708,0.4062908589839935,36.707889556884766,48.5619010925293,12.691783905029297,29.969703674316406,24.45458220052375,23.67301048398836,1.4331623718444968,0.9102897081960906,0.9965106248855592,0.0,1.7560982672995626,182,50.10715289869576,0.0,0.0,-0.23244666996422214,0.35714285714285715,0.24175824175824176,0.8928723284475113,162.50276377744706,3.8027620328327147,0.020894296883696234,14.5414400100708,24.45458220052375,0.9102897081960906,36.707889556884766,29.969703674316406
2026-04-11 17:05:09,2109,51,1,v8_7_phase_2_1_thrust_guard,500,158.3058212209922,184,success,112.2585678100586,14.411120414733888,0.4062908589839935,37.28586196899414,48.5619010925293,12.113365173339844,30.18839836120605,33.5709432612192,18.1460316528978,27.057543387553515,0.8332017782347454,0.9992185831069946,0.0,2.337196349725823,184,52.53509044418875,0.0,0.0,-0.29120639323904784,0.33152173913043476,0.29347826086956524,0.8603577240271314,158.3058212209922,4.546476210042,0.024709109837184783,14.411120414733888,33.5709432612192,0.8332017782347454,37.28586196899414,30.18839836120605
2026-04-11 17:05:13,2110,52,1,v8_7_phase_2_1_thrust_guard,500,149.7051450964333,195,success,115.22447967529295,11.82508659362793,0.4062908589839935,39.917236328125,48.5619010925293,9.48257064819336,30.748348236083984,40.12809561916069,4.639034175308218,34.94622234116878,0.7646054558212046,0.9970628023147584,0.0,0.8632567446247021,195,54.34832496806321,0.0,0.0,-0.3710727433856123,0.26666666666666666,0.26666666666666666,0.7677186928022222,149.7051450964333,3.886086335293175,0.019928647873298334,11.82508659362793,40.12809561916069,0.7646054558212046,39.917236328125,30.748348236083984
2026-04-11 17:05:16,2110,53,1,v8_7_phase_2_1_thrust_guard,500,144.42803220005212,206,success,113.6805191040039,3.7173006534576416,0.4062908589839935,46.16392135620117,48.5619010925293,3.2396812438964844,29.80259323120117,38.66217309873587,-26.9342328598254,-43.537855826425286,0.7808430249112575,0.986756145954132,0.0,1.826799146886223,206,54.09889949202417,0.0,0.0,-0.17181796996483525,0.39805825242718446,0.33495145631067963,0.7011069524274375,144.42803220005212,6.754976709025639,0.03279114907293999,3.7173006534576416,38.66217309873587,0.7808430249112575,46.16392135620117,29.80259323120117
2026-04-11 17:05:19,2110,54,1,v8_7_phase_2_1_thrust_guard,500,165.98164886394662,180,success,110.51543426513672,14.957963943481444,0.4062908589839935,36.79642868041992,48.5619010925293,12.603019714355469,29.797191619873047,29.99215977765888,11.54002209804956,-11.37123104818562,0.8660938145232256,0.9977267980575562,0.0,0.2913396314606289,180,50.74711548656835,0.0,0.0,-0.1731163661306103,0.39444444444444443,0.3,0.9221202714663701,165.98164886394662,4.966162634303987,0.027589792412799928,14.957963943481444,29.99215977765888,0.8660938145232256,36.79642868041992,29.797191619873047
2026-04-11 17:05:22,2110,55,1,v8_7_phase_2_1_thrust_guard,500,142.65601726193876,192,success,113.31107330322266,11.556222915649414,0.4062908589839935,40.26244354248047,48.5619010925293,9.138713836669922,30.71333885192871,40.31232972673803,19.077517483978504,-29.36219435503568,0.7625291265461087,0.99602472782135,0.0,5.286228056969584,192,53.81270359280609,0.0,0.0,-0.3213729102280922,0.2916666666666667,0.24479166666666666,0.7430000899059311,142.65601726193879,4.583691385766497,0.023873392634200505,11.556222915649414,40.31232972673803,0.7625291265461087,40.26244354248047,30.71333885192871
2026-04-11 17:05:25,2110,56,1,v8_7_phase_2_1_thrust_guard,500,158.21191052945235,185,success,109.5838623046875,14.836849212646484,0.4062908589839935,35.793426513671875,48.5619010925293,13.623977661132812,28.09501075744629,7.384187521139777,4.6577023629703325,-4.25781570452042,0.9917066696028248,0.9449495673179626,0.0,1.3124305378701382,185,48.90128743000727,0.0,0.0,-0.29345246247846535,0.33513513513513515,0.22702702702702704,0.8551995163754181,158.21191052945235,3.3836958677397173,0.0182902479337282,14.836849212646484,7.384187521139777,0.9917066696028248,35.793426513671875,28.09501075744629
2026-04-11 17:05:28,2110,57,1,v8_7_phase_2_1_thrust_guard,500,157.04615928096416,190,success,112.5253677368164,14.47797393798828,0.4062908589839935,37.49337005615234,48.5619010925293,11.907379150390623,28.817546844482425,31.172730654938903,-19.28002234758563,11.598061630521745,0.855610712973518,0.9955947995185852,0.0,1.9334546917202016,190,53.24523716424453,0.0,0.0,-0.38243802605000765,0.25263157894736843,0.22105263157894736,0.826558733057706,157.04615928096413,4.046465030998609,0.021297184373676892,14.47797393798828,31.172730654938903,0.855610712973518,37.49337005615234,28.817546844482425
2026-04-11 17:05:32,2111,58,1,v8_7_phase_2_1_thrust_guard,500,153.04752014720617,189,success,114.33173370361328,14.509307861328123,0.4062908589839935,37.49778366088867,48.5619010925293,11.904136657714844,30.93659400939941,32.61175589041221,16.055044370579264,17.161886770863585,0.8423418348271957,0.9887740015983582,0.0,0.2910295739670269,189,52.19977170527125,0.0,0.0,-0.3329876433693306,0.2962962962962963,0.2275132275132275,0.8097752388741067,153.04752014720617,4.080494600900865,0.021589918523285,14.509307861328123,32.61175589041221,0.8423418348271957,37.49778366088867,30.93659400939941
2026-04-11 17:05:35,2111,59,1,v8_7_phase_2_1_thrust_guard,500,151.15209707144504,183,success,109.37078094482422,14.516560554504396,0.4062908589839935,36.16836166381836,48.5619010925293,13.234642028808594,26.09572982788086,32.94246340474047,-12.067970107682156,-37.7881684321627,0.839217073153837,0.9860977530479432,0.0,2.8923698649813825,183,51.28463701218938,0.0,0.0,-0.238006070459801,0.3825136612021858,0.25136612021857924,0.825967743559809,151.15209707144504,3.819573529486643,0.02087198649992701,14.516560554504396,32.94246340474047,0.839217073153837,36.16836166381836,26.09572982788086
2026-04-11 17:05:38,2111,60,1,v8_7_phase_2_1_thrust_guard,500,149.56759027228497,188,success,112.66443634033205,14.417552947998049,0.4062908589839935,37.5417366027832,48.5619010925293,11.862133026123049,30.301448822021484,27.72856678482496,-16.61420463717153,6.823857584652149,0.8851617526989991,0.9902263879776,0.0,2.5782325225578475,188,53.23849023339781,0.0,0.0,-0.31225668045474175,0.30851063829787234,0.2712765957446808,0.7955722886823666,149.56759027228492,4.085736400183822,0.02173264042650969,14.417552947998049,27.72856678482496,0.8851617526989991,37.5417366027832,30.301448822021484
2026-04-11 17:05:41,2111,61,1,v8_7_phase_2_1_thrust_guard,500,154.27702849389365,184,success,111.5499038696289,14.433743476867676,0.4062908589839935,38.30950546264648,48.5619010925293,11.094615936279297,31.811124801635746,34.15707935993843,8.414052835704409,12.629930751834127,0.8275014024768059,0.9848743677139282,0.0,1.7108343066264622,184,53.207656647559546,0.0,0.0,-0.20992670521018622,0.3858695652173913,0.32065217391304346,0.8384621113798568,154.27702849389365,5.08698903989137,0.027646679564627012,14.433743476867676,34.15707935993843,0.8275014024768059,38.30950546264648,31.811124801635746
2026-04-11 17:05:44,2111,62,1,v8_7_phase_2_1_thrust_guard,500,156.0407207992386,186,success,109.40174102783205,14.93544578552246,0.4062908589839935,35.69571685791016,48.5619010925293,13.720565795898438,27.126371383666992,14.971646594621012,-1.1046443600320466,-10.208041294795986,0.966053787277267,0.9523178339004515,0.0,4.352395813181949,186,49.41645475599534,0.0,0.0,-0.3263800590529397,0.2903225806451613,0.20430107526881722,0.8389286064475195,156.04072079923864,3.19623294222445,0.017184048076475538,14.93544578552246,14.971646594621012,0.966053787277267,35.69571685791016,27.126371383666992
2026-04-11 17:05:47,2111,63,1,v8_7_phase_2_1_thrust_guard,500,-137.89221264851878,213,near_miss,113.14820098876952,6.275138378143311,0.4062908589839935,49.24832534790039,48.5619010925293,0.1640357971191406,-17.671382904052734,76.88713212832089,-92.74184534299638,-11.435353717887343,0.2268700437951139,0.9572321176528932,0.0,2.7473631106329988,213,53.856365125637566,0.004694835680751174,1.0,-0.06743454882009349,0.43661971830985913,0.38497652582159625,-0.6473812800399942,-137.89221264851875,6.182277100796975,0.02902477512111256,5.332998275756836,56.91880088222181,0.5458270448634874,46.82891082763672,0.000747337588109
2026-04-11 17:05:51,2112,64,1,v8_7_phase_2_1_thrust_guard,500,159.45710016783215,182,success,109.32835388183594,14.76766586303711,0.4062908589839935,36.162391662597656,48.5619010925293,13.244075775146484,28.696229934692383,18.773767018756992,1.5071411112402568,-10.699552806527503,0.9467967108476308,0.9744967222213744,0.0,0.2997858039809558,182,49.83108265700576,0.0,0.0,-0.2565078302094672,0.31868131868131866,0.25274725274725274,0.8761379130100667,159.45710016783215,4.432185959441785,0.024352670106822995,14.76766586303711,18.773767018756992,0.9467967108476308,36.162391662597656,28.696229934692383
2026-04-11 17:05:54,2112,65,1,v8_7_phase_2_1_thrust_guard,500,-141.54371355716765,209,near_miss,113.18540954589844,4.309279441833496,0.4062908589839935,48.29863357543945,48.5619010925293,1.1043624877929688,-0.5701788663864136,80.4475799690543,-50.11552607263349,-30.22295186971361,0.1659498914601646,0.9847245216369628,0.0,1.8633879244594664,209,55.6759185976479,0.004784688995215311,1.0,-0.16863734146321646,0.39712918660287083,0.39712918660287083,-0.6772426485988883,-141.54371355716765,6.3772611326293545,0.030513211160906002,4.309279441833496,80.4475799690543,0.1659498914601646,48.29863357543945,-0.5701788663864136
2026-04-11 17:05:58,2112,66,1,v8_7_phase_2_1_thrust_guard,500,-135.61354722966098,210,near_miss,114.2801742553711,3.9059979915618896,0.4062908589839935,48.69179916381836,48.5619010925293,0.7125434875488281,19.397624969482425,79.40566193192554,-83.081854158334,22.131844892119396,0.1838542166783624,0.9809118509292604,0.0,0.1850732055853375,210,58.95727446651732,0.004761904761904762,1.0,-0.027054851379666827,0.47619047619047616,0.47619047619047616,-0.645778796331719,-135.61354722966098,9.116696751907455,0.04341284167574978,3.9059979915618896,79.40566193192554,0.1838542166783624,48.69179916381836,19.397624969482425
2026-04-11 17:06:01,2112,67,1,v8_7_phase_2_1_thrust_guard,500,162.25153856580326,182,success,107.17003631591795,14.56787395477295,0.4062908589839935,35.683502197265625,48.5619010925293,13.717025756835938,26.596574783325195,17.810090506118012,-1.380126379826171,14.175336183630382,0.9520755411957758,0.9976345300674438,0.0,2.057570109212961,182,49.03919748617344,0.0,0.0,-0.2579057287107539,0.31868131868131866,0.24175824175824176,0.8914919701417758,162.2515385658032,3.7561393850216205,0.020638128489129784,14.56787395477295,17.810090506118012,0.9520755411957758,35.683502197265625,26.596574783325195
2026-04-11 17:06:04,2112,68,1,v8_7_phase_2_1_thrust_guard,500,162.7637412886511,190,success,113.48291015625,14.70384120941162,0.4062908589839935,37.74337768554688,48.5619010925293,11.6572265625,30.482913970947266,38.63017707756895,11.501908788707242,-25.30788285617532,0.7811917732895802,0.9969815015792848,0.0,3.942500580852669,190,54.02867488846117,0.0,0.0,-0.3441456430493609,0.2578947368421053,0.23157894736842105,0.8566512699402689,162.7637412886511,3.162708668788175,0.01664583509888513,14.70384120941162,38.63017707756895,0.7811917732895802,37.74337768554688,30.482913970947266
2026-04-11 17:06:07,2112,69,1,v8_7_phase_2_1_thrust_guard,500,-138.7029807318264,211,near_miss,114.9809799194336,2.680931329727173,0.4062908589839935,48.17337417602539,48.5619010925293,1.239643096923828,23.035926818847656,79.77709444918,-69.1586023277222,-43.998439387821335,0.1774781852000484,0.9544679522514344,0.0,0.2135931997942,211,58.26726140243344,0.004739336492890996,1.0,-0.04244963693216231,0.4597156398104265,0.4597156398104265,-0.6573600982551014,-138.70298073182641,8.446598127453694,0.04003127074622603,2.680931329727173,79.77709444918,0.1774781852000484,48.17337417602539,23.035926818847656
2026-04-11 17:06:11,2113,70,1,v8_7_phase_2_1_thrust_guard,500,151.37909925124424,179,success,107.70574951171876,14.961347579956056,0.4062908589839935,37.15590286254883,48.5619010925293,12.24822998046875,29.79266357421875,25.96108116726032,-25.372368379676704,-0.3654816348988104,0.8990916076881491,0.9874356985092164,0.0,3.783496970055472,179,52.95846955249428,0.0,0.0,-0.15829197257755886,0.41899441340782123,0.3687150837988827,0.8456932919063922,151.3790992512442,5.999572800977288,0.033517166485906635,14.961347579956056,25.96108116726032,0.8990916076881491,37.15590286254883,29.79266357421875
2026-04-11 17:06:14,2113,71,1,v8_7_phase_2_1_thrust_guard,500,-128.22958776774524,207,near_miss,114.18782806396484,5.101302146911621,0.4062908589839935,47.51924133300781,48.5619010925293,1.882362365722656,1.3612710237503052,76.40701081080401,-75.79416525733545,-44.64490996257388,0.2350231805113285,0.990114152431488,0.0,0.608390070507432,207,54.50078625419237,0.004830917874396135,1.0,-0.16823463366200456,0.3961352657004831,0.3671497584541063,-0.6194666075736486,-128.22958776774524,5.492356697400092,0.02653312414202943,5.101302146911621,76.40701081080401,0.2350231805113285,47.51924133300781,1.3612710237503052
2026-04-11 17:06:17,2113,72,1,v8_7_phase_2_1_thrust_guard,500,153.23828168772246,177,success,106.54436492919922,14.638557434082031,0.4062908589839935,36.141361236572266,48.5619010925293,13.26156234741211,27.03592109680176,29.066539371527924,-23.24773900060127,-27.28284742261014,0.8740560929735882,0.9882375597953796,0.0,1.6040787388607758,177,50.37999232860445,0.0,0.0,-0.18559244067124012,0.3954802259887006,0.3389830508474576,0.8657530038854376,153.23828168772246,4.608920449865662,0.02603909858681165,14.638557434082031,29.066539371527924,0.8740560929735882,36.141361236572266,27.03592109680176
2026-04-11 17:06:21,2113,73,1,v8_7_phase_2_1_thrust_guard,500,161.5705007035961,181,success,107.70487213134766,14.629315376281738,0.4062908589839935,35.07094955444336,48.5619010925293,14.332000732421877,24.139055252075195,18.61263431849993,14.358867635496855,-37.79807220645922,0.9476980531046816,0.991159975528717,0.0,1.768166422541782,181,46.382238502499945,0.0,0.0,-0.2183770190574517,0.3370165745856354,0.14917127071823205,0.8926547000198681,161.57050070359614,2.5476278422275707,0.014075291946008678,14.629315376281738,18.61263431849993,0.9476980531046816,35.07094955444336,24.139055252075195
2026-04-11 17:06:24,2113,74,1,v8_7_phase_2_1_thrust_guard,500,165.3036158561789,184,success,113.71985626220705,14.95509910583496,0.4062908589839935,37.35531997680664,48.5619010925293,12.045021057128906,30.98381233215332,33.19734557399784,33.151822363179704,12.72909656084625,0.8367896803292502,0.9956298470497132,0.0,1.284371330352479,184,53.283667502795545,0.0,0.0,-0.2781752531376222,0.33695652173913043,0.31521739130434784,0.898389216609668,165.3036158561789,4.700635708837725,0.025546933200205024,14.95509910583496,33.19734557399784,0.8367896803292502,37.35531997680664,30.98381233215332
2026-04-11 17:06:27,2113,75,1,v8_7_phase_2_1_thrust_guard,500,158.91626843589242,188,success,113.63119506835938,14.75135612487793,0.4062908589839935,36.3546257019043,48.5619010925293,13.048046112060549,28.795822143554688,34.39554858462025,33.445575139003616,40.530110308423886,0.8251573891224174,0.99283766746521,0.0,2.262762638198288,188,50.76552127931331,0.0,0.0,-0.3198865503877738,0.30851063829787234,0.14893617021276595,0.8452993001909171,158.91626843589242,3.029189481873153,0.01611271000996358,14.75135612487793,34.39554858462025,0.8251573891224174,36.3546257019043,28.795822143554688
2026-04-11 17:06:30,2113,76,1,v8_7_phase_2_1_thrust_guard,500,150.48044526222137,188,success,112.7768783569336,14.885784149169922,0.4062908589839935,37.167510986328125,48.5619010925293,12.231834411621094,29.803367614746094,32.52590724273432,-8.875708736800156,-8.677693015025024,0.8431484106202859,0.99885892868042,0.0,2.996238067079857,188,53.40719205483302,0.0,0.0,-0.31699306365508745,0.31382978723404253,0.28191489361702127,0.8004279003309649,150.4804452622214,3.930900324269297,0.020909044278028175,14.885784149169922,32.52590724273432,0.8431484106202859,37.167510986328125,29.803367614746094
2026-04-11 17:06:34,2114,77,1,v8_7_phase_2_1_thrust_guard,500,155.47408307770627,190,success,111.77591705322266,14.511953353881836,0.4062908589839935,37.76225662231445,48.5619010925293,11.642719268798828,28.85297966003418,27.264373468452547,-25.85857198064948,5.725187932596572,0.8889022492708821,0.9833277463912964,0.0,3.4129763108195275,190,53.397871635291175,0.0,0.0,-0.32032553693769794,0.3,0.24210526315789474,0.8182846477774014,155.47408307770627,4.293200378387963,0.022595791465199806,14.511953353881836,27.264373468452547,0.8889022492708821,37.76225662231445,28.85297966003418
2026-04-11 17:06:37,2114,78,1,v8_7_phase_2_1_thrust_guard,500,171.31345313875025,188,success,111.00960540771484,14.72177028656006,0.4062908589839935,37.86306381225586,48.5619010925293,11.55364990234375,14.909860610961914,35.46434000103843,3.4071450985861267,17.29109516694001,0.8144767811108308,0.9507639408111572,0.0,3.183330028875558,188,46.847263551971054,0.0,0.0,-0.13871837129935305,0.3882978723404255,0.11170212765957446,0.911241772014629,171.31345313875025,2.517272325614349,0.013389746412842282,14.72177028656006,35.46434000103843,0.8144767811108308,37.86306381225586,14.909860610961914
2026-04-11 17:06:40,2114,79,1,v8_7_phase_2_1_thrust_guard,500,-134.3687561992741,205,near_miss,113.49697875976562,3.1786134243011475,0.4062908589839935,48.69109344482422,48.5619010925293,0.7151374816894531,28.55866241455078,80.08814126398238,-74.47207286045276,26.17941328672165,0.1721329886018576,0.9806251525878906,0.0,1.4897932498358286,205,56.3942286436095,0.004878048780487805,1.0,-0.07448823876542653,0.4585365853658537,0.43902439024390244,-0.655457347313532,-134.36875619927406,9.337526701346013,0.04554891073827323,3.1786134243011475,80.08814126398238,0.1721329886018576,48.69109344482422,28.55866241455078
2026-04-11 17:06:43,2114,80,1,v8_7_phase_2_1_thrust_guard,500,145.16979093521658,200,success,112.6746597290039,8.108885765075684,0.4062908589839935,42.58073425292969,48.5619010925293,6.826282501220703,28.06137466430664,39.61870694105031,-39.550217219148,28.452254355691775,0.7703050842351439,0.9738467931747437,0.0,3.023423299953365,200,54.261964341226616,0.0,0.0,-0.09881698661542032,0.425,0.405,0.7258489546760829,145.16979093521658,5.581861698358748,0.02790930849179374,8.108885765075684,39.61870694105031,0.7703050842351439,42.58073425292969,28.06137466430664
2026-04-11 17:06:47,2114,81,1,v8_7_phase_2_1_thrust_guard,500,-147.37208029671737,212,near_miss,111.04486083984376,7.539429664611816,0.4062908589839935,49.10425567626953,48.5619010925293,0.3201179504394531,-10.842259407043455,75.05408010981871,-96.3121354863238,-17.126706173996144,0.257907215764517,0.923801064491272,0.0,2.9998161558541128,212,56.50659076636274,0.0047169811320754715,1.0,-0.14253638226831034,0.41037735849056606,0.38207547169811323,-0.6951513221543271,-147.37208029671734,7.087628994320853,0.033432212237362514,7.082140922546387,67.48603926414782,0.3829085342349049,47.26468276977539,-0.6293280124664307
2026-04-11 17:06:50,2114,82,1,v8_7_phase_2_1_thrust_guard,500,-138.2693199323296,187,near_miss,115.1603546142578,17.513132095336914,0.4062908589839935,42.01349258422852,48.5619010925293,7.405296325683594,24.87234878540039,85.39486356981296,-83.08315872446546,47.15036336901254,0.0802882828591593,0.9371216297149658,0.0,0.6919229282618081,187,61.81821795113834,0.053475935828877004,1.0,0.14965376091553248,0.5989304812834224,0.5989304812834224,-0.7394081279803723,-138.2693199323296,13.227373109647589,0.07073461555961277,17.513132095336914,85.39486356981296,0.0802882828591593,42.01349258422852,24.87234878540039
2026-04-11 17:06:54,2115,83,1,v8_7_phase_2_1_thrust_guard,500,-138.9956132459469,206,near_miss,112.19328308105467,1.7369238138198853,0.4062908589839935,49.14645004272461,48.5619010925293,0.2567214965820312,4.506911754608154,82.13253982597226,74.36005092787538,-23.38347364242964,0.136881986733414,0.9884963631629944,0.0,4.235882502389583,206,55.20870513340801,0.0048543689320388345,1.0,-0.07822017515421782,0.46601941747572817,0.441747572815534,-0.6747359866308102,-138.9956132459469,7.772137992017472,0.03772882520396831,1.7369238138198853,82.13253982597226,0.136881986733414,49.14645004272461,4.506911754608154
2026-04-11 17:06:59,2115,84,1,v8_7_phase_2_1_thrust_guard,500,-275.32544830055497,329,wrong_way,112.75061798095705,122.12091827392578,0.4062908589839935,38.60004806518555,48.5619010925293,11.365074157714844,-34.52215576171875,128.44795013499115,92.62714597626436,132.15502164663727,-0.6218034261220644,-0.5114820003509521,0.0,3.649120272365036,329,72.64992034987374,0.3768996960486322,0.0,-0.05091272534676587,0.45288753799392095,0.45288753799392095,-0.836855465959134,-275.3254483005551,18.732716749685796,0.0569383487832395,27.919776916503903,93.30224187382842,-0.0576030901136803,31.541454315185547,0.2224085479974746
2026-04-11 17:07:02,2115,85,1,v8_7_phase_2_1_thrust_guard,500,161.63301623288672,181,success,109.43301391601562,14.570789337158203,0.4062908589839935,35.865196228027344,48.5619010925293,13.538322448730469,27.18299674987793,26.516168933559964,11.756310283401769,-28.5857452803778,0.8948084084427448,0.9881863594055176,0.0,1.0803910398800542,181,50.22857636377533,0.0,0.0,-0.26061945757185473,0.35911602209944754,0.22099447513812154,0.893000089684457,161.63301623288672,3.9839519921816207,0.022010784487191275,14.570789337158203,26.516168933559964,0.8948084084427448,35.865196228027344,27.18299674987793
2026-04-11 17:07:05,2115,86,1,v8_7_phase_2_1_thrust_guard,500,168.09625542396265,182,success,109.06333923339844,14.78848361968994,0.4062908589839935,35.39487075805664,48.5619010925293,14.016826629638672,26.553691864013672,28.66963024866931,28.98956313958188,-29.016627764168057,0.8774005839733396,0.9646523594856262,0.0,0.9704538736374608,182,48.46620950160648,0.0,0.0,-0.264970650064892,0.3626373626373626,0.1813186813186813,0.9236057990327616,168.09625542396262,3.439901237996833,0.01890055625272985,14.78848361968994,28.66963024866931,0.8774005839733396,35.39487075805664,26.553691864013672
2026-04-11 17:07:11,2115,87,1,v8_7_phase_2_1_thrust_guard,500,-369.0170426396602,347,low_agl,110.08527374267578,106.1373519897461,0.4062908589839935,0.3464371562004089,48.5619010925293,49.71009063720703,-25.11895751953125,80.48198363190366,97.95156530223444,-28.320182402805827,0.1653577302152706,-0.7483934760093689,0.0,3.0041446933462983,347,97.04158465145485,0.5734870317002881,0.0,0.10035753919292102,0.5706051873198847,0.5706051873198847,-1.0634496906042077,-369.0170426396601,33.57682419972889,0.09676318213178355,30.228450775146484,157.16881363262476,-0.9216520884489288,42.00681686401367,0.4302234649658203
2026-04-11 17:07:15,2116,88,1,v8_7_phase_2_1_thrust_guard,500,161.19685085872771,192,success,115.82350158691406,14.535521507263184,0.4062908589839935,38.28886795043945,48.5619010925293,11.111507415771484,30.942115783691406,36.09209927255972,-34.45821215516053,10.704473104050852,0.808071122685887,0.994942843914032,0.0,0.7569790969584818,192,54.88107329840387,0.0,0.0,-0.31662841100387595,0.2552083333333333,0.2552083333333333,0.8395669315558735,161.19685085872771,4.286262096489147,0.02232428175254764,14.535521507263184,36.09209927255972,0.808071122685887,38.28886795043945,30.942115783691406
2026-04-11 17:07:18,2116,89,1,v8_7_phase_2_1_thrust_guard,500,162.07275095035266,186,success,108.53136444091795,14.933034896850586,0.4062908589839935,35.981746673583984,48.5619010925293,13.419330596923828,24.520492553710938,21.401503009453684,-21.43838432342446,9.3052951921954,0.9310462439251962,0.9941766858100892,0.0,1.349990781521194,186,50.181192089676784,0.0,0.0,-0.3898637873491132,0.25806451612903225,0.20430107526881722,0.8713588760771648,162.07275095035266,2.956939794616995,0.015897525777510725,14.933034896850586,21.401503009453684,0.9310462439251962,35.981746673583984,24.520492553710938
2026-04-11 17:07:21,2116,90,1,v8_7_phase_2_1_thrust_guard,500,-187.1022023897224,184,near_miss,109.1757583618164,17.88072967529297,0.4062908589839935,44.88053512573242,48.5619010925293,4.616050720214844,17.478010177612305,118.34502118265344,-118.41339137624529,170.58271776626117,-0.474779913432557,0.7206097841262817,0.0,1.339574852454084,184,69.86736248303738,0.22282608695652173,1.0,0.23123410992190221,0.6413043478260869,0.6413043478260869,-1.0168597955963175,-187.1022023897224,17.60434106892203,0.09567576667892407,17.88072967529297,118.34502118265344,-0.474779913432557,44.88053512573242,17.478010177612305
2026-04-11 17:07:24,2116,91,1,v8_7_phase_2_1_thrust_guard,500,-125.52966918745314,182,near_miss,112.96894073486328,16.935388565063477,0.4062908589839935,38.69979476928711,48.5619010925293,10.748870849609377,26.16659545898437,76.33553288113983,-72.12735088065742,-109.23981211332534,0.2362355790528605,0.853066086769104,0.0,1.2875608403123275,182,58.13354385266836,0.005494505494505495,1.0,0.07664495265459294,0.532967032967033,0.532967032967033,-0.6897234570739182,-125.52966918745312,9.678399844123001,0.05317802112155495,16.935388565063477,76.33553288113983,0.2362355790528605,38.69979476928711,26.16659545898437
2026-04-11 17:07:27,2116,92,1,v8_7_phase_2_1_thrust_guard,500,155.64468131369674,188,success,113.18122863769533,9.908552169799805,0.4062908589839935,41.04536056518555,48.5619010925293,8.356006622314453,30.72264862060547,40.06573940713306,-21.612622449151484,39.52981885919176,0.7653064244059988,0.9901785850524902,0.0,1.9230435150075145,188,52.880082832394365,0.0,0.0,0.0704412241416805,0.5531914893617021,0.5159574468085106,0.8278972410303018,155.64468131369674,7.015443874013195,0.03731619081921912,9.908552169799805,40.06573940713306,0.7653064244059988,41.04536056518555,30.72264862060547
2026-04-11 17:07:31,2116,93,1,v8_7_phase_2_1_thrust_guard,500,161.43712216759263,185,success,109.02642059326172,14.846917152404783,0.4062908589839935,35.41680908203125,48.5619010925293,13.984210968017578,26.23773956298828,13.476180944714953,13.473982477575854,-1.5363704789065034,0.9724668844964716,0.9941449165344238,0.0,3.878271739086808,185,49.04689399806767,0.0,0.0,-0.3512683264860833,0.2918918918918919,0.23243243243243245,0.8726330927977979,161.4371221675926,3.251570145951543,0.017576054842981314,14.846917152404783,13.476180944714953,0.9724668844964716,35.41680908203125,26.23773956298828
2026-04-11 17:07:34,2117,94,1,v8_7_phase_2_1_thrust_guard,500,150.41373927512925,186,success,112.18167877197266,14.632494926452637,0.4062908589839935,37.31083297729492,48.5619010925293,12.092567443847656,29.535663604736328,35.797537119319166,5.498575489427065,23.41959851294984,0.8110889628661678,0.9881575107574464,0.0,2.1211641586334355,186,52.823526517261335,0.0,0.0,-0.28008588918945404,0.3602150537634409,0.3010752688172043,0.8086760176082216,150.41373927512922,3.989220443493647,0.021447421739213157,14.632494926452637,35.797537119319166,0.8110889628661678,37.31083297729492,29.535663604736328
2026-04-11 17:07:37,2117,95,1,v8_7_phase_2_1_thrust_guard,500,184.30301684440613,177,success,106.76422119140624,14.68484878540039,0.4062908589839935,35.15331268310547,48.5619010925293,14.246307373046877,15.941486358642578,14.900494806489696,-12.365964430980643,-24.685227443511327,0.9663738586858728,0.9983218908309937,0.0,0.2723020166978824,177,42.70466298239334,0.0,0.0,-0.139919077943337,0.423728813559322,0.11864406779661017,1.041259982171786,184.30301684440613,2.76640795754041,0.01562942348892887,14.68484878540039,14.900494806489696,0.9663738586858728,35.15331268310547,15.941486358642578
2026-04-11 17:07:40,2117,96,1,v8_7_phase_2_1_thrust_guard,500,-136.22342297650152,182,near_miss,115.1688232421875,17.432220458984375,0.4062908589839935,42.123809814453125,48.5619010925293,7.281761169433594,29.8725528717041,76.33171480539379,-76.03958761459235,37.84213375679497,0.2363003303868817,0.9765664339065552,0.0,0.3202980570065651,182,61.40540942707234,0.01098901098901099,1.0,0.13003099283234185,0.554945054945055,0.554945054945055,-0.7484803460247335,-136.2234229765015,12.598615045925126,0.0692231595929952,17.432220458984375,76.33171480539379,0.2363003303868817,42.123809814453125,29.8725528717041
2026-04-11 17:07:43,2117,97,1,v8_7_phase_2_1_thrust_guard,500,171.03273718088582,182,success,107.3933563232422,14.776878356933594,0.4062908589839935,35.762699127197266,48.5619010925293,13.6505126953125,24.94606590270996,12.797415528019302,5.152976028274059,-8.741496373383052,0.9751593468224306,0.9563157558441162,0.0,1.0793569554181173,182,47.564641601946654,0.0,0.0,-0.3136504908184429,0.3241758241758242,0.26373626373626374,0.9397403141806915,171.03273718088585,3.9353814551881636,0.021622975028506394,14.776878356933594,12.797415528019302,0.9751593468224306,35.762699127197266,24.94606590270996
2026-04-11 17:07:46,2117,98,1,v8_7_phase_2_1_thrust_guard,500,162.8820927828326,185,success,107.78913879394533,14.817838668823242,0.4062908589839935,36.26115798950195,48.5619010925293,13.140239715576172,21.520654678344727,28.6437813977554,-22.147344298893444,-23.32501063822892,0.8776169365489659,0.9931634664535522,0.0,0.7679586176922185,185,49.18161593974678,0.0,0.0,-0.13162812480035968,0.41081081081081083,0.11891891891891893,0.880443744772068,162.8820927828326,3.0965061765894903,0.016737871224808056,14.817838668823242,28.6437813977554,0.8776169365489659,36.26115798950195,21.520654678344727
2026-04-11 17:07:49,2117,99,1,v8_7_phase_2_1_thrust_guard,500,150.02453936850077,186,success,113.09091186523438,14.841468811035156,0.4062908589839935,37.29690933227539,48.5619010925293,11.671314239501951,30.665773391723636,40.26511262900573,-40.09064569194151,34.49370864827709,0.7630620182561061,0.9988079071044922,0.0,3.3745531911476,186,54.17854655842516,0.0,0.0,-0.27357432746668897,0.3010752688172043,0.2956989247311828,0.8065835449919396,150.02453936850077,4.458859451256723,0.023972362641165177,14.841468811035156,40.26511262900573,0.7630620182561061,37.29690933227539,30.665773391723636
2026-04-11 17:07:53,2117,100,1,v8_7_phase_2_1_thrust_guard,500,143.6650370071822,189,success,114.59272003173828,14.459223747253418,0.4062908589839935,37.95313262939453,48.5619010925293,11.020336151123049,31.66130256652832,35.81063400705266,24.933926584022537,-13.785509113167429,0.8109552377912247,0.9875027537345886,0.0,5.450829564939519,189,54.09705549129171,0.0,0.0,-0.2777403123804895,0.328042328042328,0.2962962962962963,0.7601324709374719,143.6650370071822,4.7284257894666695,0.02501812587019402,14.459223747253418,35.81063400705266,0.8109552377912247,37.95313262939453,31.66130256652832
2026-04-11 17:07:56,2118,101,1,v8_7_phase_2_1_thrust_guard,500,-124.36267282413142,205,near_miss,114.60578155517578,6.557365417480469,0.4062908589839935,48.854286193847656,48.5619010925293,0.5507431030273438,10.369275093078612,75.1438697766477,74.44484772642109,-8.065902725783227,0.2563927907059514,0.9783916473388672,0.0,1.902929155210797,205,55.38824183280846,0.004878048780487805,1.0,-0.004120223842016079,0.4878048780487805,0.4634146341463415,-0.6066471845079582,-124.36267282413144,9.127436170649608,0.0445240788812176,6.557365417480469,75.1438697766477,0.2563927907059514,48.854286193847656,10.369275093078612
2026-04-11 17:08:00,2118,102,1,v8_7_phase_2_1_thrust_guard,500,-115.41617244749968,200,near_miss,109.73919677734376,9.913081169128418,0.4062908589839935,44.02758026123047,48.5619010925293,5.394535064697266,-4.516001224517822,75.18678385520289,-76.12992369655494,42.03939086969994,0.255668763688194,0.927788496017456,0.0,1.0030266767050469,200,50.81381799271331,0.005,1.0,-0.03363501930638449,0.46,0.215,-0.5770808622374984,-115.41617244749969,4.511649033631292,0.02255824516815646,9.83228588104248,68.5471569630335,0.3657353278282537,43.09556579589844,0.7177860140800476
2026-04-11 17:08:03,2118,103,1,v8_7_phase_2_1_thrust_guard,500,-127.9340302337911,203,near_miss,115.83180236816406,5.209245681762695,0.4062908589839935,47.72140884399414,48.5619010925293,1.6965713500976562,13.455665588378906,76.35845499599439,-62.1598304286152,-26.565180663496683,0.2358468173362635,0.9404256343841552,0.0,1.4192003267506146,203,54.68584049712847,0.0049261083743842365,1.0,0.034424844231190424,0.5172413793103449,0.4187192118226601,-0.6302168977034044,-127.93403023379109,7.1535042151207024,0.035238937020299024,5.209245681762695,76.35845499599439,0.2358468173362635,47.72140884399414,13.455665588378906
2026-04-11 17:08:07,2118,104,1,v8_7_phase_2_1_thrust_guard,500,-102.4321388759506,190,near_miss,115.2083740234375,17.31140899658203,0.4062908589839935,36.50503921508789,48.5619010925293,12.956066131591797,-7.298428535461426,75.68036747557386,-73.81691428507597,-158.2694576362373,0.247331033580276,0.8183565139770508,0.0,1.1654077175350332,190,44.38186600484526,0.005263157894736842,1.0,-0.10515699145310607,0.4052631578947368,0.12631578947368421,-0.5391165203997401,-102.43213887595061,2.5364750390057997,0.013349868626346314,17.078702926635742,66.92221397835245,0.3919804658345824,35.388458251953125,-0.2668458223342895
2026-04-11 17:08:10,2118,105,1,v8_7_phase_2_1_thrust_guard,500,160.96749640075564,186,success,113.339599609375,14.64306354522705,0.4062908589839935,38.29402542114258,48.5619010925293,11.10686492919922,32.02089309692383,37.75649001479218,22.300139045721213,-14.731251256593245,0.7906202215182238,0.994055151939392,0.0,3.564241990605147,186,53.70805791912121,0.0,0.0,-0.21720035900662263,0.34408602150537637,0.27956989247311825,0.8654166473158906,160.96749640075566,4.828787674253532,0.025961224055126516,14.64306354522705,37.75649001479218,0.7906202215182238,38.29402542114258,32.02089309692383
2026-04-11 17:08:13,2118,106,1,v8_7_phase_2_1_thrust_guard,500,-142.0344853900566,207,near_miss,111.33240509033205,0.9664249420166016,0.4062908589839935,49.59350204467773,48.5619010925293,-0.1870040893554687,15.25781536102295,93.97349237488976,-112.3887137358088,-14.199031817408448,-0.0692949479409526,0.975006103515625,0.0,0.708649248634208,207,56.629902919070126,0.004830917874396135,1.0,0.0747732518731216,0.5265700483091788,0.5265700483091788,-0.6861569342514812,-142.0344853900566,9.141292131979018,0.044160831555454194,0.9664249420166016,93.97349237488976,-0.0692949479409526,49.59350204467773,15.25781536102295
2026-04-11 17:08:17,2119,107,1,v8_7_phase_2_1_thrust_guard,500,-139.67488180504034,199,near_miss,111.11615753173828,8.050168991088867,0.4062908589839935,45.37532424926758,48.5619010925293,4.049781799316406,10.262672424316406,76.68972600092918,-78.79886109587244,-44.0268529747686,0.2302242391663941,0.919436812400818,0.0,0.4483305572848972,199,55.797117184483504,0.005025125628140704,1.0,-0.042522026389724944,0.4723618090452261,0.4723618090452261,-0.7018838281660319,-139.67488180504034,7.196367986323794,0.036162653197607,8.050168991088867,76.68972600092918,0.2302242391663941,45.37532424926758,10.262672424316406
2026-04-11 17:08:20,2119,108,1,v8_7_phase_2_1_thrust_guard,500,161.79143014061194,184,success,110.80323791503906,14.99379825592041,0.4062908589839935,36.22261047363281,48.5619010925293,13.177818298339844,28.603784561157227,29.462365909403086,29.50109991218623,-25.40094930625862,0.8706789510610636,0.997838258743286,0.0,2.0668130041636394,184,51.291024717801726,0.0,0.0,-0.33718338965263683,0.27717391304347827,0.21195652173913043,0.8793012507641953,161.79143014061194,3.5699980345134548,0.019402163231051383,14.99379825592041,29.462365909403086,0.8706789510610636,36.22261047363281,28.603784561157227
2026-04-11 17:08:23,2119,109,1,v8_7_phase_2_1_thrust_guard,500,168.3193868539318,184,success,109.70675659179688,14.99248504638672,0.4062908589839935,36.38689041137695,48.5619010925293,13.020305633544922,28.57162475585937,27.31622143444212,16.345819183925048,16.92075718750004,0.8884873453549997,0.9734081029891968,0.0,2.424666100646271,184,50.957981102454504,0.0,0.0,-0.3455109465512973,0.2717391304347826,0.20108695652173914,0.9147792763800642,168.3193868539318,3.8622537054407773,0.020990509268699876,14.99248504638672,27.31622143444212,0.8884873453549997,36.38689041137695,28.57162475585937
2026-04-11 17:08:27,2119,110,1,v8_7_phase_2_1_thrust_guard,500,157.0191397710894,182,success,106.7762451171875,14.74747085571289,0.4062908589839935,35.14163589477539,48.5619010925293,14.259357452392578,24.437671661376957,19.49794294814947,11.078941640391388,35.053476801705486,0.9426534749278948,0.9950574636459352,0.0,4.271604034117412,182,47.98522550680391,0.0,0.0,-0.27881365247418755,0.31868131868131866,0.16483516483516483,0.8627425262147769,157.01913977108939,2.649610453786539,0.014558299196629335,14.74747085571289,19.49794294814947,0.9426534749278948,35.14163589477539,24.437671661376957
2026-04-11 17:08:30,2119,111,1,v8_7_phase_2_1_thrust_guard,500,170.96505263505466,175,success,107.5951919555664,14.988198280334473,0.4062908589839935,35.420562744140625,48.5619010925293,13.980091094970703,25.28832054138184,26.1329150663995,14.053711005079965,-39.94228373788508,0.8977746929709585,0.9957839846611024,0.0,0.8158114699488229,175,47.08353009483034,0.0,0.0,-0.15698906563621545,0.42857142857142855,0.17714285714285713,0.9769431579145982,170.9650526350547,4.0389881614696135,0.023079932351254936,14.988198280334473,26.1329150663995,0.8977746929709585,35.420562744140625,25.28832054138184
2026-04-11 17:08:34,2119,112,1,v8_7_phase_2_1_thrust_guard,500,-132.1728367604115,196,near_miss,115.76244354248048,7.277907371520996,0.4062908589839935,46.32271194458008,48.5619010925293,3.088905334472656,26.7801456451416,75.49533765095822,-69.37804264537638,-32.019195998778585,0.250458784634108,0.9597302079200744,0.0,1.7172178093747277,196,57.0811725822791,0.00510204081632653,1.0,0.09244630527587569,0.5459183673469388,0.5459183673469388,-0.6743512079612831,-132.17283676041149,9.801891225928516,0.05000964911188018,7.277907371520996,75.49533765095822,0.250458784634108,46.32271194458008,26.7801456451416
2026-04-11 17:08:37,2120,113,1,v8_7_phase_2_1_thrust_guard,500,167.58385052025096,184,success,107.0481185913086,14.651618957519531,0.4062908589839935,36.918548583984375,48.5619010925293,12.501873016357422,23.629056930541992,23.71609702482009,-1.5282871634672048,13.435072597421584,0.9155496315507252,0.936811864376068,0.0,1.0541779673511116,184,48.20810612851503,0.0,0.0,-0.16726222557633225,0.41304347826086957,0.30978260869565216,0.9107817963057115,167.58385052025093,4.791504171667175,0.026040783541669433,14.651618957519531,23.71609702482009,0.9155496315507252,36.918548583984375,23.629056930541992
2026-04-11 17:08:40,2120,114,1,v8_7_phase_2_1_thrust_guard,500,-133.38393783189255,194,near_miss,112.24317932128906,3.491413116455078,0.4062908589839935,48.596561431884766,48.5619010925293,0.8028450012207031,29.775543212890625,79.20706735161825,-61.22391692740504,39.95617975775146,0.1872601494474366,0.998920202255249,0.0,2.160382219847875,194,56.37990409695327,0.005154639175257732,1.0,0.19223269205732443,0.6082474226804123,0.6082474226804123,-0.6875460712984153,-133.38393783189255,11.597332061770048,0.05978006217407241,3.491413116455078,79.20706735161825,0.1872601494474366,48.596561431884766,29.775543212890625
2026-04-11 17:08:44,2120,115,1,v8_7_phase_2_1_thrust_guard,500,-121.36978501007492,182,near_miss,109.6683120727539,16.229461669921875,0.4062908589839935,36.53783416748047,48.5619010925293,12.955291748046877,14.048072814941406,76.92736194253226,-75.23503914168903,-150.03498157286992,0.2261861535552186,0.7300620675086975,0.0,1.2046501609978495,182,53.16267664073974,0.005494505494505495,1.0,0.024183172630248485,0.5054945054945055,0.5054945054945055,-0.6668669506048074,-121.36978501007493,6.192826182760621,0.03402651748769572,16.229461669921875,76.92736194253226,0.2261861535552186,36.53783416748047,14.048072814941406
2026-04-11 17:08:47,2120,116,1,v8_7_phase_2_1_thrust_guard,500,150.9472462741922,182,success,110.1014175415039,13.287701606750488,0.4062908589839935,38.97025680541992,48.5619010925293,10.429710388183594,30.20579719543457,40.36693367405769,26.494512111249147,-36.18934750596236,0.7619122212286278,0.9990334510803224,0.0,4.355809752539827,182,52.39091720398879,0.0,0.0,-0.06003959006425198,0.46153846153846156,0.2802197802197802,0.829380474034023,150.9472462741922,5.476805785631767,0.030092339481493226,13.287701606750488,40.36693367405769,0.7619122212286278,38.97025680541992,30.20579719543457
2026-04-11 17:08:50,2120,117,1,v8_7_phase_2_1_thrust_guard,500,-137.30290794630608,199,near_miss,113.49149322509766,2.694322347640991,0.4062908589839935,48.53081512451172,48.5619010925293,0.9006767272949219,31.50197410583496,77.0408728563487,-18.74504095065521,-43.87289368068733,0.2242559147693277,0.90144944190979,0.0,0.7229394048862324,199,55.4183136403412,0.005025125628140704,1.0,0.13834685409656872,0.592964824120603,0.592964824120603,-0.6899643615392266,-137.30290794630608,9.291440232829421,0.04669065443632875,2.694322347640991,77.0408728563487,0.2242559147693277,48.53081512451172,31.50197410583496
2026-04-11 17:08:53,2120,118,1,v8_7_phase_2_1_thrust_guard,500,166.16208008870112,177,success,107.37168884277344,14.58498477935791,0.4062908589839935,36.60386657714844,48.5619010925293,12.818622589111328,29.9636344909668,11.287373400650788,8.301156638913268,-5.963095801105986,0.980657816509226,0.9311404824256896,0.0,3.272086970433977,177,48.74081919467578,0.0,0.0,-0.19821038611935674,0.4011299435028249,0.3333333333333333,0.9387688140604583,166.16208008870112,5.46190800826563,0.03085823733483407,14.58498477935791,11.287373400650788,0.980657816509226,36.60386657714844,29.9636344909668
2026-04-11 17:08:56,2120,119,1,v8_7_phase_2_1_thrust_guard,500,-132.04124253541727,176,near_miss,112.23392486572266,17.685253143310547,0.4062908589839935,41.19795989990234,48.5619010925293,8.215435028076172,28.77761459350586,79.35923713613697,-76.36885054391115,-41.378662275055,0.184650609605892,0.9535412788391112,0.0,1.2668026302505353,176,60.234238408502385,0.022727272727272728,1.0,0.27287911295636813,0.6534090909090909,0.6534090909090909,-0.7502343325875983,-132.0412425354173,13.987135901651389,0.07947236307756471,17.685253143310547,79.35923713613697,0.184650609605892,41.19795989990234,28.77761459350586
2026-04-11 17:09:00,2121,120,1,v8_7_phase_2_1_thrust_guard,500,-140.4069459794011,194,near_miss,112.30004119873048,5.044824600219727,0.4062908589839935,47.01511001586914,48.5619010925293,2.402271270751953,32.80991744995117,76.76228310048222,-63.653654271799525,-35.39352459972374,0.228991712080432,0.9414922595024108,0.0,0.4630503244758606,194,56.64295137008461,0.005154639175257732,1.0,0.16039681584891124,0.5927835051546392,0.5927835051546392,-0.7237471442237168,-140.40694597940106,10.253060506350291,0.052850827352321085,5.044824600219727,76.76228310048222,0.228991712080432,47.01511001586914,32.80991744995117
2026-04-11 17:09:03,2121,121,1,v8_7_phase_2_1_thrust_guard,500,158.44877618007447,182,success,107.5571517944336,14.872121810913086,0.4062908589839935,35.53858184814453,48.5619010925293,13.862262725830078,26.47962188720703,17.992577792815123,-16.66972553738727,-7.39425436620273,0.9510965389801512,0.9977561235427856,0.0,3.3750791162741,182,49.796450764511135,0.0,0.0,-0.32086596649221993,0.3131868131868132,0.2802197802197802,0.8705976713190905,158.44877618007447,3.871298094419369,0.021270868650655875,14.872121810913086,17.992577792815123,0.9510965389801512,35.53858184814453,26.47962188720703
2026-04-11 17:09:07,2121,122,1,v8_7_phase_2_1_thrust_guard,500,174.694563892209,188,success,107.16515350341795,14.569167137145996,0.4062908589839935,35.479122161865234,48.5619010925293,13.926044464111328,21.707664489746094,18.09601759270038,-14.76545172131479,-19.377142514941333,0.950537323244802,0.9818106293678284,0.0,1.3955895547412407,188,48.27961800871334,0.0,0.0,-0.41751231320519394,0.24468085106382978,0.14361702127659576,0.9292264036819627,174.694563892209,2.623226068630609,0.013953330152290474,14.569167137145996,18.09601759270038,0.950537323244802,35.479122161865234,21.707664489746094
2026-04-11 17:09:10,2121,123,1,v8_7_phase_2_1_thrust_guard,500,-141.27630640369955,187,near_miss,112.21038818359376,13.70440673828125,0.4062908589839935,42.94372177124024,48.5619010925293,6.466381072998047,25.961082458496094,75.44055270362554,-74.36281032430007,-37.0665487010671,0.2513843717095363,0.9627097249031068,0.0,0.4721029660170068,187,60.054270608976765,0.0053475935828877,1.0,0.11839040346632906,0.5721925133689839,0.5721925133689839,-0.7554882695385,-141.2763064036995,11.524255331803623,0.061627033859912424,13.70440673828125,75.44055270362554,0.2513843717095363,42.94372177124024,25.961082458496094
2026-04-11 17:09:13,2121,124,1,v8_7_phase_2_1_thrust_guard,500,153.43654535452976,180,success,108.54381561279295,14.635512351989746,0.4062908589839935,36.49782180786133,48.5619010925293,12.90290069580078,28.802173614501957,26.36279020555816,18.15186463444899,-13.892712347285364,0.8960003322779172,0.9982089996337892,0.0,3.710195383120013,180,50.148483499844346,0.0,0.0,-0.13170544772874565,0.4222222222222222,0.28888888888888886,0.8524252519696097,153.43654535452976,4.816021580572248,0.0267556754476236,14.635512351989746,26.36279020555816,0.8960003322779172,36.49782180786133,28.802173614501957
2026-04-11 17:09:16,2121,125,1,v8_7_phase_2_1_thrust_guard,500,156.26519482505765,182,success,112.14724731445312,14.73915195465088,0.4062908589839935,37.89730453491211,48.5619010925293,11.502132415771484,32.747711181640625,40.04140685821488,39.61238218587888,-43.7797435607867,0.7655797095043436,0.9997259378433228,0.0,0.9488572612700896,182,53.30047253608548,0.0,0.0,-0.06129172485280823,0.43956043956043955,0.32967032967032966,0.8585999715662508,156.26519482505765,5.775491593059516,0.0317334702915358,14.73915195465088,40.04140685821488,0.7655797095043436,37.89730453491211,32.747711181640625
2026-04-11 17:09:20,2122,126,1,v8_7_phase_2_1_thrust_guard,500,168.4313028051361,184,success,106.84424591064452,14.931902885437012,0.4062908589839935,34.88886642456055,48.5619010925293,14.514835357666016,22.14605140686035,13.92623406195814,-10.239464433846276,17.598537349407916,0.9706063864330576,0.9841113090515136,0.0,0.8250514521759909,184,47.19400219003162,0.0,0.0,-0.3526897417816698,0.2826086956521739,0.18478260869565216,0.9153875152453049,168.4313028051361,2.499489357135395,0.01358418128877932,14.931902885437012,13.92623406195814,0.9706063864330576,34.88886642456055,22.14605140686035
2026-04-11 17:09:26,2122,127,1,v8_7_phase_2_1_thrust_guard,500,-356.3206418374888,377,low_agl,108.56866455078124,121.92264556884766,0.4062908589839935,0.3554940819740295,48.5619010925293,49.725677490234375,-25.574275970458984,87.71002449088049,86.26565804747622,47.73869195845534,0.0399569724964415,-0.8017024993896484,0.0,3.047878599331166,377,83.34192261523692,0.506631299734748,0.0,-0.00735819357168176,0.4827586206896552,0.4827586206896552,-0.9451475910808718,-356.32064183748867,27.092689337020353,0.07186389744567732,20.850786209106445,117.48650738511787,-0.4615397177607838,40.07173538208008,0.5901761651039124
2026-04-11 17:09:29,2122,128,1,v8_7_phase_2_1_thrust_guard,500,-144.2377403208962,197,near_miss,114.9753646850586,7.525920391082764,0.4062908589839935,46.96667098999024,48.5619010925293,2.43338394165039,28.07944107055664,76.83701220019134,-72.82194696830187,44.587867637720514,0.2277219053786653,0.995048761367798,0.0,2.002097863468922,197,58.78616997272332,0.005076142131979695,1.0,0.04324524027063762,0.5177664974619289,0.5177664974619289,-0.732171270664448,-144.23774032089625,10.351604311484431,0.052546214779108785,7.525920391082764,76.83701220019134,0.2277219053786653,46.96667098999024,28.07944107055664
2026-04-11 17:09:32,2122,129,1,v8_7_phase_2_1_thrust_guard,500,-132.34659189906185,176,near_miss,113.21401977539062,17.334070205688477,0.4062908589839935,46.35927963256836,48.5619010925293,3.055728912353516,25.65188980102539,76.37285303476477,-71.63773560019423,-19.363570929060515,0.2356026056291073,0.9482038617134094,0.0,0.8488744964520548,176,60.662354762698506,0.005681818181818182,1.0,0.4981111732671376,0.7897727272727273,0.7897727272727273,-0.7519692721537603,-132.34659189906182,19.685524374534356,0.1118495703098543,17.334070205688477,76.37285303476477,0.2356026056291073,46.35927963256836,25.65188980102539
2026-04-11 17:09:36,2122,130,1,v8_7_phase_2_1_thrust_guard,500,155.667128935222,181,success,114.28846740722656,14.733057975769045,0.4062908589839935,39.715579986572266,48.5619010925293,9.689029693603516,35.5067138671875,37.63513804380857,34.270702971876176,3.1924393826872453,0.7919153078811318,0.9795832633972168,0.0,1.5394183769563825,181,53.85170602033336,0.0,0.0,0.015727101070407614,0.5303867403314917,0.425414364640884,0.8600393863824422,155.66712893522202,7.118359452006514,0.03932795277351665,14.733057975769045,37.63513804380857,0.7919153078811318,39.715579986572266,35.5067138671875
2026-04-11 17:09:39,2123,131,1,v8_7_phase_2_1_thrust_guard,500,-132.38090916009284,198,near_miss,108.9868621826172,1.88248348236084,0.4062908589839935,49.186073303222656,48.5619010925293,0.213409423828125,19.68836784362793,83.19185435491704,61.54735370536182,20.85690641371918,0.1185451353539017,0.9989123344421388,0.0,0.5542408086504307,198,54.838733727045835,0.005050505050505051,1.0,0.07492549819965856,0.5505050505050505,0.5,-0.6685904503034992,-132.38090916009284,9.147942988134204,0.04620173226330406,1.88248348236084,83.19185435491704,0.1185451353539017,49.186073303222656,19.68836784362793
2026-04-11 17:09:42,2123,132,1,v8_7_phase_2_1_thrust_guard,500,-148.1523715895089,178,near_miss,113.19758605957033,16.468246459960938,0.4062908589839935,43.057918548583984,48.5619010925293,6.344650268554688,30.33455467224121,75.37671092545344,-73.35443534618523,37.23422643009633,0.2524626831528244,0.9868566393852234,0.0,2.573499725843171,178,60.63660553731452,0.0056179775280898875,1.0,0.22623567960716867,0.6123595505617978,0.6123595505617978,-0.8323166943230835,-148.15237158950887,14.231505782394464,0.07995227967637339,16.468246459960938,75.37671092545344,0.2524626831528244,43.057918548583984,30.33455467224121
2026-04-11 17:09:46,2123,133,1,v8_7_phase_2_1_thrust_guard,500,-117.18192866109727,191,near_miss,107.5701904296875,13.707232475280762,0.4062908589839935,42.363807678222656,48.5619010925293,7.062202453613281,-6.238373279571533,76.26115895126756,-78.52607700080047,-46.05057313904626,0.2374967088098864,0.9164490699768066,0.0,0.8838682944628502,191,49.87227187131624,0.005235602094240838,1.0,0.07338300208726907,0.5392670157068062,0.25654450261780104,-0.6135179511052214,-117.18192866109729,5.658977159252994,0.029628152666246042,13.502840995788574,69.27645724185078,0.3538591866129674,40.98003005981445,-0.3197452127933502
2026-04-11 17:09:49,2123,134,1,v8_7_phase_2_1_thrust_guard,500,156.16332108934856,179,success,107.03724670410156,14.948692321777344,0.4062908589839935,35.68149948120117,48.5619010925293,13.290420532226562,27.85455703735352,18.299873126215875,17.728995670102453,3.8926605580000206,0.9494261729335648,0.9864175319671632,0.0,1.2603346796027766,179,49.91915089361353,0.0,0.0,-0.2104284490859292,0.3743016759776536,0.2681564245810056,0.8724207882086514,156.1633210893486,4.384605412748148,0.024495002305855575,14.948692321777344,18.299873126215875,0.9494261729335648,35.68149948120117,27.85455703735352
2026-04-11 17:09:52,2123,135,1,v8_7_phase_2_1_thrust_guard,500,155.02097974084026,182,success,109.0631103515625,14.89411163330078,0.4062908589839935,35.64229202270508,48.5619010925293,13.7598876953125,27.422590255737305,20.75648043480519,12.52740875861859,16.940510094579718,0.9350951316435968,0.9893206357955932,0.0,3.2369296893587403,182,49.43232488903194,0.0,0.0,-0.31167494878172874,0.2857142857142857,0.2087912087912088,0.8517636249496716,155.02097974084023,3.7540692374256897,0.020626754051789504,14.89411163330078,20.75648043480519,0.9350951316435968,35.64229202270508,27.422590255737305
2026-04-11 17:09:55,2123,136,1,v8_7_phase_2_1_thrust_guard,500,-136.04625814333934,187,near_miss,112.05088806152344,7.282660484313965,0.4062908589839935,46.88534164428711,48.5619010925293,2.517807006835937,30.329689025878903,76.93049016917213,-62.94839625886068,38.130067211446026,0.2261329703163275,0.9902086853981018,0.0,1.473104575606566,187,57.42444519218907,0.0053475935828877,1.0,0.22391994809980859,0.6363636363636364,0.6363636363636364,-0.7275200970232049,-136.04625814333932,12.568864492451695,0.06721317910401976,7.282660484313965,76.93049016917213,0.2261329703163275,46.88534164428711,30.329689025878903
2026-04-11 17:09:58,2123,137,1,v8_7_phase_2_1_thrust_guard,500,171.52579037715336,181,success,107.15756225585938,14.571598052978516,0.4062908589839935,36.15672302246094,48.5619010925293,13.247520446777344,23.18893241882324,16.255732403867164,-7.9206510691200895,7.932373381283123,0.96002185287799,0.981630265712738,0.0,0.4532161859527349,181,47.39418068841827,0.0,0.0,-0.2572848701268146,0.3259668508287293,0.20441988950276244,0.9476563004262618,171.52579037715338,3.649610390286117,0.020163593316497884,14.571598052978516,16.255732403867164,0.96002185287799,36.15672302246094,23.18893241882324
2026-04-11 17:10:02,2124,138,1,v8_7_phase_2_1_thrust_guard,500,-180.8294948659178,182,near_miss,115.37175750732422,17.863643646240234,0.4062908589839935,53.36178207397461,48.5619010925293,-3.917438507080078,14.114651679992676,129.24567524891364,-132.0063011076494,108.799886459074,-0.6326468747161191,0.8644256591796875,0.0,0.9427975781899663,182,69.75504094117714,0.18681318681318682,1.0,0.4522923111536919,0.7967032967032966,0.7967032967032966,-0.9935686531094383,-180.82949486591778,22.702132973220973,0.124736994358357,17.863643646240234,129.24567524891364,-0.6326468747161191,53.36178207397461,14.114651679992676
2026-04-11 17:10:05,2124,139,1,v8_7_phase_2_1_thrust_guard,500,-146.45189226542732,173,near_miss,112.0712890625,17.85759162902832,0.4062908589839935,44.052494049072266,48.5619010925293,5.347469329833984,28.245769500732425,77.31609532895436,-74.27080767618,37.4476527661863,0.2195721519474222,0.9954556226730348,0.0,2.16203575747304,173,61.5688165088453,0.017341040462427744,1.0,0.3903343309406083,0.7456647398843931,0.7456647398843931,-0.8465427298579614,-146.45189226542732,17.014149410940835,0.0983476844563054,17.85759162902832,77.31609532895436,0.2195721519474222,44.052494049072266,28.245769500732425
2026-04-11 17:10:08,2124,140,1,v8_7_phase_2_1_thrust_guard,500,-166.96611669631736,177,near_miss,114.46669006347656,17.843488693237305,0.4062908589839935,52.78808975219727,48.5619010925293,-3.3740768432617188,16.030668258666992,115.6611529898103,-120.47643635466927,-36.7623149999618,-0.4330480473204115,0.951659381389618,0.0,1.2383886700887587,177,67.37744979104318,0.14689265536723164,1.0,0.5757223815357281,0.8135593220338984,0.8135593220338984,-0.9433113937645048,-166.96611669631736,24.74335766790793,0.13979298117462108,17.843488693237305,115.6611529898103,-0.4330480473204115,52.78808975219727,16.030668258666992
2026-04-11 17:10:11,2124,141,1,v8_7_phase_2_1_thrust_guard,500,-128.03368914864075,193,near_miss,110.1479034423828,6.777264595031738,0.4062908589839935,46.28538131713867,48.5619010925293,3.1221580505371094,8.736784934997559,76.15085139617186,-75.95442198583146,-42.36833278012776,0.2393664135181686,0.9711676836013794,0.0,1.3788532235476838,193,53.44310121474955,0.0051813471502590676,1.0,0.17482597996611052,0.5958549222797928,0.5958549222797928,-0.663386990407465,-128.03368914864075,8.674601578234066,0.044946122167015885,6.777264595031738,76.15085139617186,0.2393664135181686,46.28538131713867,8.736784934997559
2026-04-11 17:10:14,2124,142,1,v8_7_phase_2_1_thrust_guard,500,165.72058339896645,175,success,110.13011932373048,14.880864143371582,0.4062908589839935,39.570438385009766,48.5619010925293,9.849384307861328,34.14797592163086,38.00102444745698,14.328512567278027,-13.835726371492656,0.7879997454651954,0.934169054031372,0.0,1.1348076577113475,175,52.73514173924268,0.0,0.0,0.20502987108060292,0.6057142857142858,0.4057142857142857,0.9469747622798083,165.72058339896645,8.105938330744136,0.04631964760425221,14.880864143371582,38.00102444745698,0.7879997454651954,39.570438385009766,34.14797592163086
2026-04-11 17:10:18,2124,143,1,v8_7_phase_2_1_thrust_guard,500,-142.76564097072645,195,near_miss,109.24143981933594,3.2196762561798096,0.4062908589839935,46.96928024291992,48.5619010925293,2.505809783935547,18.409957885742188,76.80366721666333,-74.51086150474926,-163.62535047390278,0.2282885557202613,0.7788414359092712,0.0,1.9944156763812455,195,55.35097206197354,0.005128205128205128,1.0,0.07675714293638101,0.5487179487179488,0.5487179487179488,-0.7321314921575716,-142.76564097072645,8.934564906037489,0.04581828156942302,3.2196762561798096,76.80366721666333,0.2282885557202613,46.96928024291992,18.409957885742188
2026-04-11 17:10:22,2124,144,1,v8_7_phase_2_1_thrust_guard,500,-154.0404683107324,182,near_miss,112.59075927734376,17.7760009765625,0.4062908589839935,48.70943069458008,48.5619010925293,0.8248214721679688,12.860758781433104,89.30621237915578,-132.73617512235697,-91.20425364761064,0.0121085823848999,0.6170124411582947,0.0,1.699240781337904,182,63.357207023876555,0.04945054945054945,1.0,0.4075124359761293,0.7307692307692307,0.7307692307692307,-0.8463761995095186,-154.0404683107324,20.821961226345074,0.11440638036453338,17.7760009765625,89.30621237915578,0.0121085823848999,48.70943069458008,12.860758781433104
2026-04-11 17:10:26,2125,145,1,v8_7_phase_2_1_thrust_guard,500,-145.38017625404206,169,near_miss,107.59561157226562,14.097238540649414,0.4062908589839935,43.64080047607422,48.5619010925293,5.764942169189453,31.487611770629883,75.89579164199607,-68.59953085358916,-40.9357654885147,0.243686247940558,0.9834964275360109,0.0,4.569508482727267,169,58.49357705700149,0.005917159763313609,1.0,0.4241000065833507,0.757396449704142,0.757396449704142,-0.8602377293138583,-145.38017625404206,15.138918749608662,0.08957940088525836,14.097238540649414,75.89579164199607,0.243686247940558,43.64080047607422,31.487611770629883
2026-04-11 17:10:29,2125,146,1,v8_7_phase_2_1_thrust_guard,500,152.42581782002532,175,success,109.63221740722656,14.480562210083008,0.4062908589839935,38.97816848754883,48.5619010925293,10.42595672607422,33.559078216552734,35.39917999635651,26.51999383949517,-0.3440020773412955,0.8151360861801878,0.9888876676559448,0.0,2.891888335285452,175,53.39823592111958,0.0,0.0,0.04709517401643097,0.5142857142857142,0.4742857142857143,0.8710046732572875,152.42581782002532,8.161059395645768,0.04663462511797582,14.480562210083008,35.39917999635651,0.8151360861801878,38.97816848754883,33.559078216552734
2026-04-11 17:10:33,2125,147,1,v8_7_phase_2_1_thrust_guard,500,-149.41164231213546,176,near_miss,115.48749542236328,15.618508338928224,0.4062908589839935,45.874393463134766,48.5619010925293,3.529682159423828,31.499521255493164,76.29940801061963,70.85367769480095,21.239130629862263,0.236848184257648,0.9869033694267272,0.0,4.729966580447679,176,59.52993006351342,0.005681818181818182,1.0,0.4233371813262982,0.75,0.75,-0.8489297858644058,-149.41164231213543,17.27070238722646,0.09812899083651398,15.618508338928224,76.29940801061963,0.236848184257648,45.874393463134766,31.499521255493164
2026-04-11 17:10:36,2125,148,1,v8_7_phase_2_1_thrust_guard,500,-130.89509014564612,183,near_miss,114.75656127929688,8.524590492248535,0.4062908589839935,51.82343673706055,48.5619010925293,-2.377105712890625,21.619314193725582,75.60958622520502,77.00798549549509,5.2737645086511495,0.2485278288809345,0.8589174151420593,0.0,0.9949254398359816,183,56.856044059071465,0.00546448087431694,1.0,0.5079560029661395,0.7978142076502732,0.7978142076502732,-0.715273716642875,-130.89509014564612,16.935730230636707,0.0925449739379055,8.524590492248535,75.60958622520502,0.2485278288809345,51.82343673706055,21.619314193725582
2026-04-11 17:10:39,2125,149,1,v8_7_phase_2_1_thrust_guard,500,-156.06222907989286,175,near_miss,113.73418426513672,17.762767791748047,0.4062908589839935,47.11935043334961,48.5619010925293,2.284461975097656,26.10967254638672,83.70064880656963,-86.04824629600554,-24.403412130809308,0.1097230556581594,0.9908719062805176,0.0,5.70219568810328,175,62.76194514993807,0.05714285714285714,1.0,0.4727332461319332,0.7828571428571428,0.7828571428571428,-0.8917841661708164,-156.06222907989286,19.67169829231021,0.11240970452748691,17.762767791748047,83.70064880656963,0.1097230556581594,47.11935043334961,26.10967254638672
2026-04-11 17:10:42,2125,150,1,v8_7_phase_2_1_thrust_guard,500,-130.7832088648026,189,near_miss,112.2107925415039,4.766556262969971,0.4062908589839935,48.7728385925293,48.5619010925293,0.627105712890625,27.08601951599121,78.14632531313693,77.2620412118629,-4.627560311276244,0.2054129649556928,0.996874749660492,0.0,2.3088101720690144,189,56.142826144325575,0.005291005291005291,1.0,0.3197969328119326,0.7037037037037037,0.7037037037037037,-0.6919746500783206,-130.7832088648026,12.369645551145519,0.065447860058971,4.766556262969971,78.14632531313693,0.2054129649556928,48.7728385925293,27.08601951599121
2026-04-11 17:10:46,2126,151,1,v8_7_phase_2_1_thrust_guard,500,-125.38168690993383,184,near_miss,113.73394012451172,8.794697761535645,0.4062908589839935,49.88906097412109,48.5619010925293,-0.4725494384765625,22.358495712280277,75.225797895742,76.22948736408621,-5.631379126327854,0.2550104118781602,0.9437541365623474,0.0,0.7440283735877791,184,56.907130743052676,0.005434782608695652,1.0,0.4547173428936335,0.7445652173913043,0.7445652173913043,-0.6814222114670317,-125.38168690993385,15.815117645428973,0.08595172633385312,8.794697761535645,75.225797895742,0.2550104118781602,49.88906097412109,22.358495712280277
2026-04-11 17:10:48,2126,152,1,v8_7_phase_2_1_thrust_guard,500,-143.4875655231114,170,near_miss,110.32571411132812,17.025394439697266,0.4062908589839935,45.14032745361328,48.5619010925293,4.260898590087891,28.127197265625,75.67759441877084,-76.84388337049637,22.57340466912967,0.2473779285564112,0.991094708442688,0.0,2.501540984025035,170,61.593912292502964,0.0058823529411764705,1.0,0.47042707557077795,0.8,0.8,-0.8440445030771258,-143.48756552311139,18.11839859827209,0.10657881528395348,17.025394439697266,75.67759441877084,0.2473779285564112,45.14032745361328,28.127197265625
2026-04-11 17:10:51,2126,153,1,v8_7_phase_2_1_thrust_guard,500,-173.14435084291907,177,near_miss,112.51315307617188,17.950855255126953,0.4062908589839935,47.25535202026367,48.5619010925293,2.193153381347656,20.522851943969727,106.91334039899228,-110.94868446252752,109.90368601008308,-0.2909249643414225,0.8527527451515198,0.0,2.017998582772524,177,68.42587676691913,0.24293785310734464,1.0,0.3285028217689234,0.6836158192090396,0.6836158192090396,-0.9782166714289211,-173.14435084291904,18.643174300666615,0.10532866836534811,17.950855255126953,106.91334039899228,-0.2909249643414225,47.25535202026367,20.522851943969727
2026-04-11 17:10:58,2126,154,1,v8_7_phase_2_1_thrust_guard,500,-381.7986000383524,373,low_agl,107.14119720458984,168.80120849609375,0.4062908589839935,0.3075448870658874,48.5619010925293,49.70005035400391,-35.318382263183594,75.35587201829573,117.2359077444701,54.69934115670992,0.2528145922768093,-0.617171049118042,0.0,4.769095833928578,373,84.0738283873317,0.4450402144772118,0.0,0.3096074594219712,0.6890080428954424,0.6890080428954424,-1.0235887400492014,-381.7986000383521,43.35683420711183,0.11623816141316845,22.403623580932617,132.03655884567254,-0.6696046501873583,49.13511276245117,-0.17205511033535
2026-04-11 17:11:01,2126,155,1,v8_7_phase_2_1_thrust_guard,500,-157.44528200906294,168,near_miss,111.60939025878906,17.822891235351562,0.4062908589839935,45.512115478515625,48.5619010925293,3.895545959472656,28.216575622558597,89.79677705591361,-82.05109665030903,-41.08715321637344,0.0035469020528865,0.9748231768608092,0.0,3.8824366380367774,168,62.42253755530813,0.10119047619047619,1.0,0.5430222603747443,0.8333333333333334,0.8333333333333334,-0.9371742976729937,-157.44528200906294,19.582269424229235,0.11656112752517402,17.822891235351562,89.79677705591361,0.0035469020528865,45.512115478515625,28.216575622558597
2026-04-11 17:11:04,2126,156,1,v8_7_phase_2_1_thrust_guard,500,-137.1843642348963,170,near_miss,114.1294937133789,17.56966781616211,0.4062908589839935,45.60270690917969,48.5619010925293,3.808094024658203,31.325252532958984,75.17986487357366,59.92394068305485,19.900410137445174,0.2557855073407685,0.9640151858329772,0.0,3.397188275682954,170,59.84148995404508,0.0058823529411764705,1.0,0.5324277393629446,0.8352941176470589,0.8352941176470589,-0.8069668484405664,-137.1843642348963,18.127253537130546,0.10663090315959145,17.56966781616211,75.17986487357366,0.2557855073407685,45.60270690917969,31.325252532958984
2026-04-11 17:11:07,2127,157,1,v8_7_phase_2_1_thrust_guard,500,-138.28682325648396,175,near_miss,114.87738037109376,14.447644233703612,0.4062908589839935,49.66363906860352,48.5619010925293,-0.2477684020996093,28.126638412475582,75.85373133708713,74.09111222930613,-9.176579423512864,0.2443981432078208,0.946000337600708,0.0,2.298312509627743,175,59.41188360615436,0.005714285714285714,1.0,0.5872919508249366,0.8285714285714286,0.8285714285714286,-0.7902104186084797,-138.28682325648396,20.068418424764882,0.11467667671294218,14.447644233703612,75.85373133708713,0.2443981432078208,49.66363906860352,28.126638412475582
2026-04-11 17:11:10,2127,158,1,v8_7_phase_2_1_thrust_guard,500,-144.97653149714395,165,near_miss,110.642578125,17.894983291625977,0.4062908589839935,44.87552261352539,48.5619010925293,4.529445648193359,28.999282836914062,84.0685501160232,-70.72124715698358,-34.09425869504724,0.1033385176541195,0.978529930114746,0.0,2.121161432147523,165,60.71888365395294,0.04242424242424243,1.0,0.5803988776197939,0.8303030303030303,0.8303030303030303,-0.8786456454372359,-144.97653149714392,19.270968144509936,0.11679374633036325,17.894983291625977,84.0685501160232,0.1033385176541195,44.87552261352539,28.999282836914062
2026-04-11 17:11:13,2127,159,1,v8_7_phase_2_1_thrust_guard,500,-182.14020539322357,182,near_miss,115.53831481933594,17.839447021484375,0.4062908589839935,52.87835693359375,48.5619010925293,-3.42889404296875,12.785048484802246,130.5227020576526,-132.66768198536008,-128.94526986883815,-0.6497492896926044,0.8501347899436951,0.0,1.0506683633250269,182,70.43589513855366,0.22527472527472528,1.0,0.48429836430023987,0.7967032967032966,0.7967032967032966,-1.0007703593034263,-182.1402053932236,23.235880324049624,0.12766967211016278,17.839447021484375,130.5227020576526,-0.6497492896926044,52.87835693359375,12.785048484802246
2026-04-11 17:11:16,2127,160,1,v8_7_phase_2_1_thrust_guard,500,-173.838107130134,176,near_miss,113.63631439208984,17.98464584350586,0.4062908589839935,52.41732025146485,48.5619010925293,-2.98501205444336,15.71360969543457,124.92355886288624,-125.55742773862012,76.14176041438657,-0.5724830548931165,0.8988244533538818,0.0,1.3848653298532445,176,69.37053130006824,0.19318181818181818,1.0,0.5407034694217145,0.8238636363636364,0.8238636363636364,-0.9877165177848525,-173.83810713013403,23.676410621050863,0.13452506034687992,17.98464584350586,124.92355886288624,-0.5724830548931165,52.41732025146485,15.71360969543457
2026-04-11 17:11:19,2127,161,1,v8_7_phase_2_1_thrust_guard,500,-149.3484423896645,170,near_miss,111.52635955810548,17.707420349121094,0.4062908589839935,47.48360443115234,48.5619010925293,1.919452667236328,25.39959144592285,85.24985865373358,-89.15529251925518,24.50378346820994,0.0828106659969265,0.9849518537521362,0.0,0.2856208432808702,170,63.84222356070944,0.058823529411764705,1.0,0.5411682611564175,0.8294117647058824,0.8294117647058824,-0.8785202493509677,-149.3484423896645,21.398910729809113,0.12587594546946537,17.707420349121094,85.24985865373358,0.0828106659969265,47.48360443115234,25.39959144592285
2026-04-11 17:11:26,2127,162,1,v8_7_phase_2_1_thrust_guard,500,-387.4491750649868,393,low_agl,112.86699676513672,130.57296752929688,0.4062908589839935,0.2284972071647644,48.5619010925293,49.67257308959961,-24.777406692504883,113.11704412776396,85.30183639331739,107.51801704621352,-0.39261072419568,-0.3452985286712646,0.0,4.182319695304507,393,89.6420092360169,0.5089058524173028,0.0,0.23373199817748225,0.6157760814249363,0.6030534351145038,-0.9858757635241394,-387.4491750649868,45.60450942537378,0.1160420087159638,28.39302635192871,151.06012466539713,-0.8751279717936307,54.222774505615234,-0.0056983954273164
2026-04-11 17:11:29,2128,163,1,v8_7_phase_2_1_thrust_guard,500,-167.47351787998485,169,near_miss,110.43608856201172,17.567514419555664,0.4062908589839935,47.13201522827149,48.5619010925293,2.3089828491210938,23.43067169189453,111.42659962894248,-111.37907517269753,-111.0359469593636,-0.365308988692509,0.8741285800933838,0.0,1.228044730721263,169,65.70993655463882,0.14792899408284024,1.0,0.549979212159324,0.8165680473372781,0.8165680473372781,-0.9909675614200287,-167.47351787998485,20.71104066201329,0.1225505364616171,17.567514419555664,111.42659962894248,-0.365308988692509,47.13201522827149,23.43067169189453
2026-04-11 17:11:32,2128,164,1,v8_7_phase_2_1_thrust_guard,500,-146.22093995233627,162,near_miss,109.75414276123048,17.962371826171875,0.4062908589839935,44.73616409301758,48.5619010925293,4.671134948730469,30.479393005371094,83.82384492862916,-58.25159618553391,32.60764753162645,0.1075856080587948,0.9726850986480712,0.0,0.8533275760413328,162,60.58349741539802,0.043209876543209874,1.0,0.6385099191540553,0.8765432098765432,0.8765432098765432,-0.9025983947675078,-146.22093995233627,20.273446509580708,0.12514473154062167,17.962371826171875,83.82384492862916,0.1075856080587948,44.73616409301758,30.479393005371094
2026-04-11 17:11:38,2128,165,1,v8_7_phase_2_1_thrust_guard,500,-371.5567562684312,368,low_agl,111.64411926269533,127.28019714355467,0.4062908589839935,0.3149156868457794,48.5619010925293,49.70930862426758,-24.90227699279785,79.67022930942598,124.15792197768452,50.950294717519526,0.1793134142488582,-0.658474326133728,0.0,3.187424124408257,368,86.98271121246233,0.5163043478260869,0.0,0.20447153699427398,0.6059782608695652,0.6059782608695652,-1.00966509855552,-371.55675626843134,38.90790542755556,0.10572800387922707,25.343900680541992,144.88869358045378,-0.8180362332672236,53.06234359741211,0.0485579147934913
2026-04-11 17:11:41,2128,166,1,v8_7_phase_2_1_thrust_guard,500,-130.59348392892102,164,near_miss,109.37982177734376,15.335675239562988,0.4062908589839935,47.89421844482422,48.5619010925293,1.523883819580078,27.787843704223636,75.09769769785842,57.65557338799108,15.817171079902524,0.2571716245981509,0.9403269290924072,0.0,0.9825466836770204,164,58.46797006060696,0.006097560975609756,1.0,0.7722720780478018,0.9390243902439024,0.9390243902439024,-0.7963017312739088,-130.59348392892105,21.68335426592067,0.1322155747921992,15.335675239562988,75.09769769785842,0.2571716245981509,47.89421844482422,27.787843704223636
2026-04-11 17:11:44,2128,167,1,v8_7_phase_2_1_thrust_guard,500,-130.47687061583417,175,near_miss,107.02912139892578,7.677977085113525,0.4062908589839935,49.50312805175781,48.5619010925293,-0.096893310546875,18.68052291870117,78.18789384442563,82.41566482744763,3.324458615050541,0.2047028743924832,0.974818229675293,0.0,2.332087752668196,175,54.89980834070971,0.005714285714285714,1.0,0.6290748381614685,0.8685714285714285,0.8685714285714285,-0.7455821178047667,-130.47687061583417,16.3145306093312,0.09322588919617829,7.677977085113525,78.18789384442563,0.2047028743924832,49.50312805175781,18.68052291870117
2026-04-11 17:11:47,2128,168,1,v8_7_phase_2_1_thrust_guard,500,-125.10479178488514,175,near_miss,108.12688446044922,4.925272464752197,0.4062908589839935,50.03139114379883,48.5619010925293,-0.6018486022949219,25.94297981262207,80.89568818993133,75.38167647298003,-20.16181342981261,0.158232374911452,0.9064892530441284,0.0,2.178599210191805,175,53.860545939674736,0.005714285714285714,1.0,0.6655000801464277,0.88,0.7314285714285714,-0.7148845244850578,-125.10479178488512,16.15380344019198,0.09230744822966845,4.925272464752197,80.89568818993133,0.158232374911452,50.03139114379883,25.94297981262207
2026-04-11 17:11:50,2129,169,1,v8_7_phase_2_1_thrust_guard,500,-134.3085782383349,172,near_miss,112.46856689453124,12.266127586364746,0.4062908589839935,50.60585784912109,48.5619010925293,-1.1235084533691406,25.383527755737305,75.76424219858163,58.59572160648666,60.86900663775283,0.2459123605417794,0.7592911124229431,0.0,1.5440272525995793,172,58.03341671285844,0.005813953488372093,1.0,0.6759047594441231,0.9011627906976745,0.9011627906976745,-0.7808638269670634,-134.3085782383349,20.989703355743824,0.12203315904502224,12.266127586364746,75.76424219858163,0.2459123605417794,50.60585784912109,25.383527755737305
2026-04-11 17:11:53,2129,170,1,v8_7_phase_2_1_thrust_guard,500,-154.576808819829,167,near_miss,110.67749786376952,17.70062255859375,0.4062908589839935,48.278907775878906,48.5619010925293,1.1229324340820312,25.21916007995605,94.4271330489945,-93.65571782375493,-43.77528686235327,-0.0771911848459991,0.990038514137268,0.0,0.4969076032052323,167,63.53891130637495,0.08982035928143713,1.0,0.6185739211470425,0.8622754491017964,0.8622754491017964,-0.9256096336516707,-154.576808819829,22.64459833422817,0.13559639721094713,17.70062255859375,94.4271330489945,-0.0771911848459991,48.278907775878906,25.21916007995605
2026-04-11 17:11:56,2129,171,1,v8_7_phase_2_1_thrust_guard,500,-138.03227668122827,174,near_miss,111.05503845214844,10.447057723999023,0.4062908589839935,50.85316467285156,48.5619010925293,-1.2678909301757812,20.797332763671875,77.86645831189566,78.71612701445608,72.0664938951526,0.2101909338665532,0.4788911044597626,0.0,1.1346996851805,174,57.27908266423568,0.005747126436781609,1.0,0.6961881609141142,0.8793103448275862,0.8793103448275862,-0.7932889464438403,-138.0322766812282,21.11234103151259,0.12133529328455511,10.447057723999023,77.86645831189566,0.2101909338665532,50.85316467285156,20.797332763671875
2026-04-11 17:11:59,2129,172,1,v8_7_phase_2_1_thrust_guard,500,-134.96883004148478,170,near_miss,114.04723358154295,16.10778045654297,0.4062908589839935,50.72213363647461,48.5619010925293,-1.2973594665527344,24.56656646728516,75.14520166353586,74.29114797952829,-10.59417835555984,0.2563703218705027,0.9199286699295044,0.0,0.8788407978904923,170,59.60906846009747,0.0058823529411764705,1.0,0.7130912911475581,0.8941176470588236,0.8941176470588236,-0.793934294361675,-134.96883004148475,22.873516488010164,0.1345500969882951,16.10778045654297,75.14520166353586,0.2563703218705027,50.72213363647461,24.56656646728516
2026-04-11 17:12:06,2129,173,1,v8_7_phase_2_1_thrust_guard,500,-440.3514130503054,361,low_agl,111.69158172607422,85.62447357177734,0.4062908589839935,0.3140759766101837,48.5619010925293,49.71554183959961,-14.186549186706545,128.11067539377595,113.75307817346471,112.1634062856576,-0.6171824867690647,-0.6705002784729004,0.0,2.8114029335964297,361,90.50716119204522,0.5650969529085873,0.0,0.21774262715362586,0.6232686980609419,0.6232686980609419,-1.2198100084495984,-440.35141305030504,36.41601438873515,0.10087538611837991,22.390655517578125,170.2009648331708,-0.9854107645892844,52.08964157104492,0.4196083545684814
2026-04-11 17:12:10,2129,174,1,v8_7_phase_2_1_thrust_guard,500,-126.63335624876164,164,near_miss,108.20945739746094,17.78577423095703,0.4062908589839935,47.1396484375,48.5619010925293,2.3278350830078125,16.53010368347168,77.01183772218698,-93.63601272799944,-78.35712544149104,0.2247497376458773,0.8000056147575378,0.0,1.0622922212713248,164,57.35322269507447,0.006097560975609756,1.0,0.7701123029464947,0.9329268292682927,0.9329268292682927,-0.7721546112729367,-126.63335624876161,21.4956176070332,0.1310708390672756,17.78577423095703,77.01183772218698,0.2247497376458773,47.1396484375,16.53010368347168
2026-04-11 17:12:14,2130,175,1,v8_7_phase_2_1_thrust_guard,500,-137.9844741047914,164,near_miss,107.89606475830078,12.574118614196776,0.4062908589839935,47.565555572509766,48.5619010925293,1.8378829956054688,30.30128669738769,76.67633883015596,69.08017809567212,15.298385769041497,0.2304516066836018,0.9833094477653505,0.0,1.5724013496471307,164,57.83085730313977,0.006097560975609756,1.0,0.6716317402499887,0.8841463414634146,0.8841463414634146,-0.8413687445414109,-137.9844741047914,19.54337061354763,0.11916689398504653,12.574118614196776,76.67633883015596,0.2304516066836018,47.565555572509766,30.30128669738769
2026-04-11 17:12:17,2130,176,1,v8_7_phase_2_1_thrust_guard,500,-192.34922083507985,177,near_miss,112.4741439819336,17.85829734802246,0.4062908589839935,53.59762191772461,48.5619010925293,-4.109867095947266,10.720245361328123,143.29290184315033,-145.69136375133533,166.2559978327332,-0.8017016005780258,0.7453905344009399,0.0,1.5230266205288845,177,71.79855672612979,0.23163841807909605,1.0,0.5145600233042855,0.7966101694915254,0.7966101694915254,-1.0867187617801122,-192.34922083507985,23.33843720693358,0.1318555774403027,17.85829734802246,143.29290184315033,-0.8017016005780258,53.59762191772461,10.720245361328123
2026-04-11 17:12:20,2130,177,1,v8_7_phase_2_1_thrust_guard,500,-150.49536136244816,171,near_miss,115.2278289794922,17.822561264038086,0.4062908589839935,49.92181015014648,48.5619010925293,-0.3488845825195312,21.14388084411621,98.68335860009876,-155.68593858267997,-99.45454159890656,-0.1509737085692825,0.5135678052902222,0.0,1.5076785486997617,171,64.32408219440609,0.10526315789473684,1.0,0.6297220076782879,0.8596491228070176,0.8596491228070176,-0.8800898325289367,-150.49536136244816,23.710702398513508,0.13865907835388017,17.822561264038086,98.68335860009876,-0.1509737085692825,49.92181015014648,21.14388084411621
2026-04-11 17:12:23,2130,178,1,v8_7_phase_2_1_thrust_guard,500,-132.8529763973482,158,near_miss,107.9570083618164,17.486604690551758,0.4062908589839935,43.76204681396485,48.5619010925293,5.676349639892578,29.599348068237305,84.50472599642022,-68.1341627446795,66.16206856524339,0.095763647737182,0.8818302750587463,0.0,1.340662406576562,158,60.06597323481748,0.04430379746835443,1.0,0.7020206177442134,0.9050632911392406,0.9050632911392406,-0.8408416227680265,-132.8529763973482,20.116665505320086,0.1273206677551904,17.486604690551758,84.50472599642022,0.095763647737182,43.76204681396485,29.599348068237305
2026-04-11 17:12:26,2130,179,1,v8_7_phase_2_1_thrust_guard,500,-140.33688631571263,163,near_miss,110.01683807373048,17.606210708618164,0.4062908589839935,46.24920654296875,48.5619010925293,3.199546813964844,20.24010467529297,97.17536894457584,-96.49065614066042,-96.86056552572995,-0.1249067188155854,0.8526846170425415,0.0,1.3798172483513684,163,61.086444159569155,0.08588957055214724,1.0,0.7076357545936766,0.901840490797546,0.901840490797546,-0.8609624927344331,-140.3368863157126,21.04646591281214,0.12911942277798857,17.606210708618164,97.17536894457584,-0.1249067188155854,46.24920654296875,20.24010467529297
2026-04-11 17:12:29,2130,180,1,v8_7_phase_2_1_thrust_guard,500,-140.20903113488882,158,near_miss,108.46295928955078,17.66757583618164,0.4062908589839935,44.994873046875,48.5619010925293,4.426975250244141,30.74987030029297,82.03730649837478,30.460669773586737,-30.027393308492396,0.1385282869418047,0.930516004562378,0.0,0.7868511659335726,158,58.7759711632642,0.03164556962025317,1.0,0.7702209436146047,0.9240506329113924,0.9240506329113924,-0.8873989312334736,-140.20903113488882,21.17237707612314,0.1340023865577414,17.66757583618164,82.03730649837478,0.1385282869418047,44.994873046875,30.74987030029297
2026-04-11 17:12:32,2130,181,1,v8_7_phase_2_1_thrust_guard,500,-149.54574065248335,161,near_miss,106.42499542236328,17.889480590820312,0.4062908589839935,43.47271728515625,48.5619010925293,5.954647064208984,27.72474479675293,92.90905520406749,-91.69690836225448,57.21808952636801,-0.0507507801728344,0.913117527961731,0.0,1.2734655688554255,161,62.840609934462954,0.09937888198757763,1.0,0.5971475827004413,0.84472049689441,0.84472049689441,-0.9288555320030022,-149.54574065248335,20.180420384312395,0.12534422598951797,17.889480590820312,92.90905520406749,-0.0507507801728344,43.47271728515625,27.72474479675293
2026-04-11 17:12:40,2131,182,1,v8_7_phase_2_1_thrust_guard,500,-384.4685782264955,406,low_agl,114.85197448730467,180.9422607421875,0.4062908589839935,0.3442547023296356,48.5619010925293,49.699684143066406,-36.012916564941406,95.23941329603826,140.91279948345434,80.94176464607223,-0.0913176193968551,-0.7167748212814331,0.0,4.373552190241837,406,80.81570017261228,0.43842364532019706,0.0,0.1810201385501185,0.5985221674876847,0.5738916256157636,-0.94696694144457,-384.4685782264954,40.22895496574998,0.09908609597475364,18.267314910888672,127.68911611820276,-0.6113767286690888,56.40551376342773,0.3184859752655029
2026-04-11 17:12:47,2131,183,1,v8_7_phase_2_1_thrust_guard,500,-347.60424195486263,345,wrong_way,114.51287078857422,120.55683135986328,0.4062908589839935,17.303356170654297,48.5619010925293,32.80408477783203,-47.667518615722656,132.9160823050951,129.47144032173924,-93.1987713380919,-0.6809264590025138,-0.8849204182624817,0.0,3.758565313776235,345,89.696244699278,0.6376811594202898,0.0,0.12756569251870278,0.5768115942028985,0.5768115942028985,-1.0075485274053986,-347.6042419548625,37.39858643419514,0.10840169980926127,30.98661231994629,127.25239382267216,-0.6053272445477783,50.205604553222656,0.392716497182846
